t,gt_x,gt_y,gt_z,est_x,est_y,est_z,err_norm,P_xx,P_yy,P_zz,nees_pos,nees_full,nis_dvl,nis_depth,nis_acoustic
0.01,-99.97679901123047,-699.9769897460938,-4.976943492889404,-101.052165972728,-700.18115882283,-5.465291735897075,1.1985754545394456,1.0001000000190625,1.0001000000190625,1.0001000000190625,1.436439476249432,1.4732727142759718,nan,nan,nan
0.02,-99.9749526977539,-699.9751586914062,-4.975301265716553,-101.0519526229329,-700.1828604435044,-5.0241570357934116,1.097932485597366,1.0004000001826252,1.0004000001826252,0.0008991910516330248,3.857069608545216,4.003498375124019,nan,0.19408691904799147,nan
0.03,-99.9730224609375,-699.9732666015625,-4.973775386810303,-101.05165974337554,-700.1844815561226,-5.023495293864374,1.1002464329651802,1.0009000006351882,1.0009000006351882,0.0009995107999378019,3.6802629436044922,3.996063912159471,nan,nan,nan
0.04,-99.97101593017578,-699.9712524414062,-4.97236442565918,-101.05128821588575,-700.1860230478787,-5.007028496804522,1.1019601728311073,1.0016000015212516,1.0016000015212516,0.0005317765199244777,3.4707684733227273,4.28348385060899,nan,0.33009230439862214,nan
0.05,-99.96892547607422,-699.9691772460938,-4.971066951751709,-101.05775587491374,-700.1917439757003,-5.011314764270865,1.1120735016074108,1.000136159857599,1.000136159857599,0.00047135043475060633,4.67161174619445,9.99375476164753,0.19581835920136242,nan,nan
0.06,-99.96676635742188,-699.967041015625,-4.969882488250732,-101.05861322351556,-700.1939804859991,-4.981633977814532,1.1152440090488027,1.0001960690185168,1.0001960690185168,0.0003207125249314022,1.6739832394658898,6.798751579648413,nan,5.237545030803299,nan
0.07,-99.96453094482422,-699.96484375,-4.968809604644775,-101.05939457187097,-700.1961398452735,-4.9815730178631785,1.1191010455877988,1.000266870913067,1.000266870913067,0.0003466969814233004,1.7217665162855518,6.771307642818352,nan,nan,nan
0.08,-99.96221923828125,-699.9625244140625,-4.967846870422363,-101.06010072345357,-700.1982227800148,-4.979306571633661,1.1229553864462425,1.0003485656857503,1.0003485656857503,0.00026870186355409443,1.7491959011723262,6.836011237029168,nan,0.04695324548537219,nan
0.09,-99.95983123779297,-699.9601440429688,-4.9669928550720215,-101.06073234720628,-700.2002299197464,-4.979342293438872,1.1268438177332114,1.0004411534810664,1.0004411534810664,0.00030271740266169536,1.7728633089960637,6.811192407880513,nan,nan,nan
0.1,-99.9573745727539,-699.9577026367188,-4.96624755859375,-101.04810399444403,-700.1599243504427,-4.975002719994829,1.1093515879526572,1.0002799430390896,1.0002799430390896,0.0002198198410369,1.578947504656654,2.7299162622748954,7.4610026844402135,0.5713709894112801,nan
0.11,-99.95484161376953,-699.9551391601562,-4.965608596801758,-101.04727029072178,-700.1575589072609,-4.97534486025231,1.1110665880457045,1.0003387291688073,1.0003387291688073,0.00024222993303413308,1.6252985195947698,2.7369455196563437,nan,nan,nan
0.12,-99.95223236083984,-699.9525756835938,-4.965075492858887,-101.04636436011755,-700.1551204478052,-4.963561243338105,1.1127225648401808,1.0004031143902965,1.0004031143902965,0.00020746689984599585,1.2487024309409145,2.318925998437995,nan,2.4077774058651413,nan
0.13,-99.9495620727539,-699.9498901367188,-4.96464729309082,-101.04538688678538,-700.1526098048478,-4.963439126704904,1.1144185688328556,1.0004730988480575,1.0004730988480575,0.000232756991578682,1.2476112119561664,2.3136078051399394,nan,nan,nan
0.14,-99.94681549072266,-699.9471435546875,-4.964322090148926,-101.04433867854402,-700.1500275301637,-4.970262945697308,1.1161336609363806,1.0005486826865908,1.0005486826865908,0.00020331264016074373,1.418629483923872,2.4938094059717995,nan,0.7886975690876801,nan
0.15,-99.94400024414062,-699.9443359375,-4.964099884033203,-101.07104671344774,-700.1359244992113,-4.969632165232579,1.1432281168216294,1.000423869832177,1.000423869832177,0.0002033478705987416,1.4568973992351626,8.244356676247092,4.443147718615041,nan,nan
0.16,-99.94111633300781,-699.9414672851562,-4.9639787673950195,-101.07171492124976,-700.1324382823094,-4.955381115883643,1.146645982463584,1.0004822670248124,1.0004822670248124,0.000180793006185342,1.7229525722224581,8.49427790809824,nan,4.753327052932213,nan
0.17,-99.93817138671875,-699.9385375976562,-4.963957786560059,-101.07231485732541,-700.1288831213734,-4.955136611506729,1.1500394095196034,1.00054443243672,1.00054443243672,0.00020170039831695133,1.7075789030582988,8.481595731130493,nan,nan,nan
0.18,-99.93515014648438,-699.9354858398438,-4.964036464691162,-101.0728472775182,-700.1252598650186,-4.956200778058883,1.1534428206801948,1.0006103662124004,1.0006103662124004,0.00018025314004452552,1.6701783157302752,8.462944313514395,nan,0.03232554993751193,nan
0.19,-99.93206787109375,-699.9324340820312,-4.964212894439697,-101.0733128510363,-700.1215693543232,-4.956223841927118,1.156838830792388,1.0006800684963535,1.0006800684963535,0.00020157169349108254,1.6539393204030601,8.496690174632331,nan,nan,nan
0.2,-99.92891693115234,-699.9292602539062,-4.964486598968506,-101.03413402599483,-700.1094725740868,-4.967833893807506,1.1198180706970493,1.0005678340570063,1.0005678340570063,0.00016562430288462397,1.3209190459497357,4.313942839383828,10.020830567749364,1.0548111068127615,nan
0.21,-99.92569732666016,-699.926025390625,-4.964856147766113,-101.0324882956554,-700.1052324171205,-4.968892965172614,1.1212126039648187,1.0006260336518868,1.0006260336518868,0.00018336416277337354,1.3451866660207967,4.333823218893256,nan,nan,nan
0.22,-99.92241668701172,-699.9227905273438,-4.965321063995361,-101.03077782951594,-700.1009272262565,-4.966565665861067,1.1225857004018074,1.0006870731532063,1.0006870731532063,0.00016562046358189022,1.2686847657098612,4.328995767795222,nan,0.32476128959247896,nan
0.23,-99.91907501220703,-699.91943359375,-4.965879917144775,-101.02900352021561,-700.096557713374,-4.967640296624952,1.1239739078726987,1.0007509527054648,1.0007509527054648,0.00018322045245407794,1.2792799700828559,4.242387249467921,nan,nan,nan
0.24,-99.9156723022461,-699.916015625,-4.966531753540039,-101.02716594757648,-700.0921245387372,-4.965810522991536,1.1253590508282278,1.0008176724531628,1.0008176724531628,0.00016530434522311815,1.268544554626773,4.226866886743565,nan,0.24179204803335924,nan
0.25,-99.91220092773438,-699.9125366210938,-4.967275619506836,-101.01746329841374,-700.0652126802297,-4.964982358234873,1.1157598962681565,1.0007118135101392,1.0007118135101392,0.0001701416150091115,1.2749391934931567,6.318783221435755,3.5171667219014893,nan,nan
0.26,-99.9086685180664,-699.9089965820312,-4.96811056137085,-101.01518900473206,-700.0597573241776,-4.978464992546122,1.1167916560524052,1.0007698933505491,1.0007698933505491,0.00015459730526529573,1.9396635382463256,6.9987037886007855,nan,4.825311271984407,nan
0.27,-99.90508270263672,-699.9053955078125,-4.969015598297119,-101.01285365754781,-700.0542407066235,-4.980163225604579,1.1177815758672676,1.0008302519759107,1.0008302519759107,0.00016941993433804899,1.9817754283701734,6.985783913303289,nan,nan,nan
0.28,-99.90142822265625,-699.9017944335938,-4.96994686126709,-101.01045788809803,-700.0486635669752,-4.98163642501035,1.1187734297303564,1.000892889530724,1.000892889530724,0.00015375146915452432,2.139146203378363,7.330368739294192,nan,0.0023713755452060854,nan
0.29,-99.89772033691406,-699.8980712890625,-4.970881462097168,-101.00800232612964,-700.0430266070294,-4.983386947500555,1.119774319650427,1.0009578061594893,1.0009578061594893,0.00016804784254403524,2.1831494172770376,7.10248874997423,nan,nan,nan
0.3,-99.89395141601562,-699.894287109375,-4.971808910369873,-100.99359455148617,-700.0667630958919,-4.986238905444393,1.1131806753938585,1.0008558006496362,1.0008558006496362,0.00014536977428052428,2.6702835965123715,4.745008353913224,6.008220669018869,0.005087458504873735,nan
0.31,-99.89012145996094,-699.8904418945312,-4.972723484039307,-100.9906250994532,-700.0619902238576,-4.988043445513426,1.1138993630709833,1.0009138000273874,1.0009138000273874,0.00015800380722330657,2.724819485628095,4.747485143639608,nan,nan,nan
0.32,-99.88623809814453,-699.8865356445312,-4.9736223220825195,-100.98759785170489,-700.0571597966455,-4.978198559809499,1.1145074472604317,1.0009737024100318,1.0009737024100318,0.0001440576086840928,1.3862697058034954,3.3494316710522183,nan,4.932249202748861,nan
0.33,-99.8823013305664,-699.8826293945312,-4.974504470825195,-100.98451346050979,-700.0522723951206,-4.979501973139129,1.11520191089894,1.0010355079420696,1.0010355079420696,0.00015615947696313384,1.402296694111525,3.4646657965825547,nan,nan,nan
0.34,-99.87830352783203,-699.8786010742188,-4.975369930267334,-100.98137280059882,-700.0473285438784,-4.979833057113136,1.1159080154928716,1.001099216768001,1.001099216768001,0.00014231320052167967,1.3838329598004766,3.3059064584938276,nan,0.034247207119838745,nan
0.35000000000000003,-99.8742446899414,-699.8745727539062,-4.9762187004089355,-100.95895006927658,-700.0497910098295,-4.980795511450729,1.0987757479880815,1.0009997922080285,1.0009997922080285,0.00014806836890546993,1.3475511446474397,2.4937913212266585,2.5900360839202023,nan,nan
0.36,-99.8701400756836,-699.8704833984375,-4.977050304412842,-100.95514871197244,-700.0449495075511,-4.982239808290005,1.0989581861932316,1.0010577337130937,1.0010577337130937,0.00013555602334560014,1.4050763682913998,2.525500992940094,nan,0.0024309085324830952,nan
0.37,-99.86598205566406,-699.8662719726562,-4.977865219116211,-100.95129296086124,-700.0400533972822,-4.983435707940465,1.0991500238050724,1.0011173090006462,1.0011173090006462,0.00014592245031665502,1.419400996330231,2.403775397125998,nan,nan,nan
0.38,-99.86176300048828,-699.862060546875,-4.978664398193359,-100.9473832935103,-700.0351032736419,-4.9778360336388845,1.0993251985176924,1.0011785182151862,1.0011785182151862,0.00013359509905498424,1.2122289501716936,2.286484568731693,nan,1.9740671991312424,nan
0.39,-99.85749816894531,-699.8577880859375,-4.979447364807129,-100.94342048570685,-700.0300999332909,-4.978758235849508,1.099508583721751,1.0012413615012141,1.0012413615012141,0.00014344814323119187,1.2107304014167481,2.2701067957623207,nan,nan,nan
0.4,-99.85317993164062,-699.8534545898438,-4.980214595794678,-100.93142805438399,-700.0632349504982,-4.975866780713677,1.0984742679789439,1.0011437865398718,1.0011437865398718,0.00012792940450190527,1.3530133259715398,1.5715052993693515,10.573775637629314,0.09795716480387372,nan
0.41000000000000003,-99.84880828857422,-699.84912109375,-4.980966567993164,-100.9271612729483,-700.0590831926543,-4.976592110420121,1.0986120233111532,1.0012016843516187,1.0012016843516187,0.00013689469498271757,1.3452660300116903,1.5477896107171203,nan,nan,nan
0.42,-99.8443832397461,-699.8446655273438,-4.981703758239746,-100.92284320962828,-700.0548801587703,-4.983499689242988,1.098758082232962,1.0012610136076117,1.0012610136076117,0.00012585916837681575,1.231372439683829,1.479534094173678,nan,1.8763993266842598,nan
0.43,-99.83991241455078,-699.8402099609375,-4.982426166534424,-100.9184743717638,-700.0506265545296,-4.9844014574889615,1.0988971472255442,1.0013217744523508,1.0013217744523508,0.00013437434051055236,1.2350136116292485,1.4535768219858283,nan,nan,nan
0.44,-99.83538818359375,-699.835693359375,-4.983133792877197,-100.91405540747489,-700.0463227364899,-4.984743665365623,1.0990406298534499,1.0013839670303364,1.0013839670303364,0.00012362220206642706,1.227182943194201,1.4523057213725592,nan,0.015144796609409377,nan
0.45,-99.830810546875,-699.8311157226562,-4.983827590942383,-100.91754389356264,-700.0736098452443,-4.986138416711074,1.1134622158871774,1.0012877827263515,1.0012877827263515,0.0001288269387664247,1.2796485396664417,2.8357855552622824,6.761223925307692,nan,nan
0.46,-99.8261947631836,-699.8264770507812,-4.9845075607299805,-100.9132036524391,-700.0699119608255,-4.978372002509752,1.1139508632894897,1.0013456463278285,1.0013456463278285,0.0001189081517056733,1.5557709008843812,3.138223984357029,nan,4.119720440142574,nan
0.47000000000000003,-99.82152557373047,-699.82177734375,-4.98517370223999,-100.90881514779852,-700.0661657535518,-4.97896489369129,1.1144338751250007,1.0014047837665132,1.0014047837665132,0.00012633440687705345,1.5453191383289084,3.1819480854734894,nan,nan,nan
0.48,-99.81681060791016,-699.8170776367188,-4.98582649230957,-100.90437896738594,-700.0623717065575,-4.972774499063937,1.1149638880962043,1.0014651951869058,1.0014651951869058,0.00011670448431741121,2.7008640815130507,4.214925116411415,nan,2.6365540214972847,nan
0.49,-99.81204223632812,-699.8123168945312,-4.986466407775879,-100.89989561538361,-700.0585305374768,-4.973142868928639,1.1154477347605265,1.0015268807335065,1.0015268807335065,0.00012375181162976257,2.676606800619678,4.261240714685568,nan,nan,nan
0.5,-99.80723571777344,-699.8074951171875,-4.987093448638916,-100.88848467152266,-699.9783874417365,-4.974245966970391,1.0947458811791717,1.0014317802140504,1.0014317802140504,0.00011261512936082361,2.66227060904923,3.618278586081747,37.09860729615965,0.05042312206666527,nan
0.51,-99.80237579345703,-699.8026123046875,-4.98770809173584,-100.8837708909636,-699.9729255956665,-4.974610269214315,1.09480296261481,1.001489616259765,1.001489616259765,0.00011914323673518338,2.6365277589453786,3.589108107893328,nan,nan,nan
0.52,-99.79747772216797,-699.7977294921875,-4.98831033706665,-100.8790116214733,-699.9674183920877,-4.9750746922908435,1.094844774563292,1.001548599924324,1.001548599924324,0.00011047991921922999,2.7823050241919063,3.860805906383355,nan,0.0008042896884526743,nan
0.53,-99.79253387451172,-699.7927856445312,-4.988900661468506,-100.874207397917,-699.9618663136783,-4.975419609406577,1.0948916031644091,1.0016087313522277,1.0016087313522277,0.00011668240912895697,2.7542314176265603,3.8272676164954516,nan,nan,nan
0.54,-99.78754425048828,-699.7877807617188,-4.989479064941406,-100.8693588078937,-699.9562698805142,-4.9829319997352055,1.0948763326648294,1.0016700106879763,1.0016700106879763,0.000108311857888154,1.5924595195410574,2.662143833200565,nan,3.4772303115358154,nan
0.55,-99.78250885009766,-699.7827758789062,-4.99004602432251,-100.86885705010206,-699.9414372851976,-4.983301331707462,1.0978940497049965,1.001575778649722,1.001575778649722,0.00011266899507343557,1.6071863643236382,3.3729752125574293,0.6762968141175196,nan,nan
0.56,-99.77743530273438,-699.7776489257812,-4.990601539611816,-100.8640010180597,-699.9355860758548,-4.980046540189719,1.0980348833741889,1.0016335919888517,1.0016335919888517,0.00010484427823642546,2.2662076052875966,3.805082498095172,nan,1.0193364937645586,nan
0.5700000000000001,-99.7723159790039,-699.7725830078125,-4.991146087646484,-100.85910215051352,-699.9296919808731,-4.980438722796051,1.0981357200559219,1.0016924496011623,1.0016924496011623,0.0001103430824490797,2.2427609950949794,4.132491058049578,nan,nan,nan
0.58,-99.76715087890625,-699.7673950195312,-4.991679668426514,-100.85416103022112,-699.9237555150701,-4.9786292682023205,1.098275915502446,1.0017523516311537,1.0017523516311537,0.00010279042950036771,2.860824938961146,4.5303946736437855,nan,0.3624685671628617,nan
0.59,-99.76194763183594,-699.76220703125,-4.9922027587890625,-100.84917824704198,-699.9177772675032,-4.978947121932425,1.09838436849659,1.0018132982233263,1.0018132982233263,0.0001080226611934212,2.8307099447490582,4.659820421284941,nan,nan,nan
0.6,-99.75670623779297,-699.7569580078125,-4.992715358734131,-100.82169581635914,-699.8749884022931,-4.983203081165268,1.0715523598501073,1.0017197777972857,1.0017197777972857,9.971819191857399e-05,2.053554178705496,6.845594944057067,12.013018329538998,1.062811436908666,nan
0.61,-99.75141906738281,-699.7516479492188,-4.993217468261719,-100.8162557419104,-699.8683136222321,-4.983600464213679,1.071251842213344,1.001777572072588,1.001777572072588,0.00010462502815119482,2.029435096263832,6.728779583443067,nan,nan,nan
0.62,-99.74609375,-699.746337890625,-4.993709564208984,-100.81077536130925,-699.8615987934586,-4.982728551915073,1.0709587255413182,1.0018363244572275,1.0018363244572275,9.778191914098727e-05,2.3779091359218096,7.3387255850081505,nan,0.13322085770341485,nan
0.63,-99.74073028564453,-699.740966796875,-4.994192123413086,-100.8052552359212,-699.8548444667762,-4.983078062229096,1.0706563481433498,1.001896035095704,1.001896035095704,0.00010245898584604836,2.3495909598009046,7.214305139038812,nan,nan,nan
0.64,-99.7353286743164,-699.7355346679688,-4.994664669036865,-100.79969588551512,-699.8480510519041,-4.981317401443937,1.0703810753563507,1.001956704132518,1.001956704132518,9.586359887147201e-05,3.001665347086578,7.773485194482975,nan,0.386396359784322,nan
0.65,-99.72988891601562,-699.7301025390625,-4.995128154754639,-100.82146798891935,-699.8465796840559,-4.981901366048575,1.0978555212989751,1.0018637774929615,1.0018637774929615,9.944293731340681e-05,2.9621496012599184,7.8650797189123605,5.13509530773866,nan,nan
0.66,-99.72441101074219,-699.724609375,-4.995582103729248,-100.81625421423439,-699.8397920730919,-4.9886207054315665,1.0979239937345842,1.00192155551035,1.00192155551035,9.321888383694099e-05,1.7229400453381603,6.52887134035696,nan,3.843458715079246,nan
0.67,-99.7188949584961,-699.7191162109375,-4.996026992797852,-100.81100276962256,-699.8329666312073,-4.98904058597584,1.0980483592261985,1.0019802187074855,1.0019802187074855,9.742452860677251e-05,1.704280599574341,6.764671309068704,nan,nan,nan
0.68,-99.71334075927734,-699.7135620117188,-4.996463298797607,-100.80571398403443,-699.8261038072924,-4.986213085433068,1.0982030708348725,1.0020397672288688,1.0020397672288688,9.142481031286975e-05,2.352706288413917,7.286462191912683,nan,1.0150568882963082,nan
0.6900000000000001,-99.70774841308594,-699.7079467773438,-4.996890544891357,-100.80038805546768,-699.8192041923984,-4.986546912027893,1.0983381042509417,1.0021002012189995,1.0021002012189995,9.544232880540403e-05,2.324710413825691,7.154752560315534,nan,nan,nan
0.7000000000000001,-99.70211791992188,-699.7023315429688,-4.997309684753418,-100.77111397322328,-699.7679039746467,-4.991717310160949,1.0710198786314502,1.0020077776195548,1.0020077776195548,8.90465967620817e-05,1.4959706138532305,11.881213146763226,16.84696917574051,2.918145303457824,nan
0.71,-99.69645690917969,-699.6966552734375,-4.997720241546631,-100.76537232329417,-699.7602958711366,-4.992133723542498,1.0708228132564455,1.0020655415862234,1.0020655415862234,9.284882093131929e-05,1.4803957800319618,11.655671460787083,nan,nan,nan
0.72,-99.69075775146484,-699.6909790039062,-4.998122215270996,-100.75959511120297,-699.7526522473604,-4.9894348940496265,1.0706504378554778,1.0021241282129905,1.0021241282129905,8.737029063449604e-05,2.007576957933451,12.550280859789861,nan,1.028420141117624,nan
0.73,-99.68502807617188,-699.6852416992188,-4.99851655960083,-100.75378282579865,-699.7449734143322,-4.989773381502133,1.0704583297837686,1.0021835376443564,1.0021835376443564,9.100895636639887e-05,1.9832602280091693,12.30442622935871,nan,nan,nan
0.74,-99.67926025390625,-699.679443359375,-4.998902797698975,-100.74793594168021,-699.7372598972703,-4.98957455794779,1.070279166269344,1.0022437700248215,1.0022437700248215,8.572743423223478e-05,2.157877818424791,12.257769497752156,nan,0.031163685797379756,nan
0.75,-99.67345428466797,-699.6736450195312,-4.999281883239746,-100.77437254763186,-699.747163892967,-4.989867761492816,1.103410473109148,1.0021517780909859,1.0021517780909859,8.867429611905479e-05,2.214263878843813,11.25793857141923,8.860925962542385,nan,nan
0.76,-99.66761779785156,-699.6677856445312,-4.999652862548828,-100.76889038692671,-699.7396187662606,-4.983910333144607,1.1037251197910256,1.002209529774464,1.002209529774464,8.365406677392739e-05,4.177800740003604,13.00818521401511,nan,4.5774669386751,nan
0.77,-99.66175079345703,-699.6619262695312,-5.000016689300537,-100.76337474491274,-699.7320404442717,-4.984088089433319,1.103967865571342,1.0022680499342875,1.0022680499342875,8.696585699550045e-05,4.133204154117381,13.299309665141424,nan,nan,nan
0.78,-99.65584564208984,-699.656005859375,-5.000372886657715,-100.75782613317067,-699.7244293968845,-4.9852159834049,1.1042067355908767,1.0023273387149567,1.0023273387149567,8.212294122376727e-05,4.013624427536174,12.988363737246868,nan,0.11098325756886654,nan
0.79,-99.64991760253906,-699.6500854492188,-5.000722408294678,-100.75224501084101,-699.7167858528975,-4.985399207640185,1.104449844684171,1.0023873962609717,1.0023873962609717,8.529968422192548e-05,3.9693235321760403,13.26473481848172,nan,nan,nan
0.8,-99.64395141601562,-699.6441040039062,-5.001064777374268,-100.75809278548681,-699.7108938642024,-4.981368361641369,1.116315289422404,1.0022957788426037,1.0022957788426037,8.023773275440083e-05,6.077910370403773,15.836008629295499,1.171774732962755,2.6673314039196603,nan
0.81,-99.63795471191406,-699.6381225585938,-5.001399993896484,-100.75259188436945,-699.7032090099475,-4.981463980507916,1.1167138026365562,1.0023535196802833,1.0023535196802833,8.326576399505458e-05,6.016930967033223,16.151289747154703,nan,nan,nan
0.8200000000000001,-99.63191986083984,-699.632080078125,-5.0017290115356445,-100.74705966799394,-699.69549281117,-4.987764927983378,1.1170286298217056,1.0024119815890553,1.0024119815890553,7.88100875181774e-05,3.7188032045996158,13.643529754416674,nan,5.100451639810259,nan
0.8300000000000001,-99.62586212158203,-699.6260375976562,-5.00205135345459,-100.74149642386477,-699.6877457860311,-4.987962314314559,1.11742843080275,1.0024711647134195,1.0024711647134195,8.171960527850744e-05,3.674420486051953,13.923106880417086,nan,nan,nan
0.84,-99.6197738647461,-699.6199340820312,-5.00236701965332,-100.73590262103922,-699.679968234485,-4.9904856862922164,1.1178052899175754,1.0025310691978764,1.0025310691978764,7.741789363321114e-05,3.0696229453360067,13.091471090395203,nan,0.746015949147351,nan
0.85,-99.61365509033203,-699.6138305664062,-5.002676486968994,-100.71988203519693,-699.6671577732137,-4.990316950259142,1.1075805174698137,1.0024397798249027,1.0024397798249027,7.986914510632584e-05,3.136201806397601,14.299287832823012,1.3316617520706786,nan,nan
0.86,-99.60750579833984,-699.607666015625,-5.002979755401611,-100.71410532579374,-699.6592610673235,-4.992362582475257,1.1078525569234865,1.0024975110014611,1.0024975110014611,7.575685275598937e-05,2.7121429576817366,13.598904136591502,nan,0.48219285474251006,nan
0.87,-99.60132598876953,-699.6015014648438,-5.00327730178833,-100.70829913975687,-699.6513349878322,-4.992602753857307,1.1081456957430385,1.00255592143017,1.00255592143017,7.843278486377899e-05,2.6775275933956424,13.906073901341092,nan,nan,nan
0.88,-99.5951156616211,-699.5952758789062,-5.003568649291992,-100.70246393953644,-699.6433799164927,-4.992655323550965,1.1084463485947058,1.0026150112555297,1.0026150112555297,7.445919423055685e-05,2.8248728991721563,13.77261042519234,nan,0.004965711442554242,nan
0.89,-99.58888244628906,-699.5890502929688,-5.003854274749756,-100.69660010106786,-699.6353962405965,-4.992882555666472,1.1087410555173787,1.0026747806220402,1.0026747806220402,7.703625757185409e-05,2.7885302090421034,14.06544808036737,nan,nan,nan
0.9,-99.5826187133789,-699.582763671875,-5.004134178161621,-100.67952168905356,-699.5614965303497,-4.995432554791739,1.0971436312542835,1.0025837809993299,1.0025837809993299,7.29359992361043e-05,2.2386929382180365,23.31957241079178,30.021129865645186,0.5751065557589661,nan
0.91,-99.57632446289062,-699.5764770507812,-5.004408359527588,-100.6734767027749,-699.5527198187613,-4.995692214494634,1.0974440371793823,1.0026415035027145,1.0026415035027145,7.540675694658942e-05,2.208619744479131,23.767673171869376,nan,nan,nan
0.92,-99.57000732421875,-699.5701293945312,-5.004676818847656,-100.66740420066317,-699.5439156195044,-4.994715974999838,1.0977551115077024,1.0026998680975152,1.0026998680975152,7.172536821756544e-05,2.585032449231913,23.664729727642502,nan,0.24418274564809264,nan
0.93,-99.56365966796875,-699.5637817382812,-5.004940509796143,-100.66130447123315,-699.5350842659525,-4.9949465861815385,1.0980653612424995,1.0027588749282326,1.0027588749282326,7.410861712573726e-05,2.55006196456615,24.0689267081486,nan,nan,nan
0.9400000000000001,-99.55728912353516,-699.5574340820312,-5.0051984786987305,-100.65517781467469,-699.5262260708182,-4.992808873483037,1.0984020304120643,1.0028185241393663,1.0028185241393663,7.054751288120639e-05,3.3788144194793075,25.371582758318628,nan,0.9313409194347718,nan
0.9500000000000001,-99.55088806152344,-699.551025390625,-5.005451679229736,-100.61328206589573,-699.5236186774779,-4.992708622477073,1.0628238489736328,1.0027277823354113,1.0027277823354113,7.26139059890271e-05,3.3626461530859446,24.769248890902105,9.06497534078736,nan,nan
0.96,-99.54446411132812,-699.5446166992188,-5.005699634552002,-100.60672365295463,-699.5147739182031,-4.993911895422822,1.062744031340131,1.0027854969981358,1.0027854969981358,6.919371684205292e-05,3.1342908216467884,25.0274168127657,nan,0.18402136356318213,nan
0.97,-99.53800964355469,-699.5381469726562,-5.005942344665527,-100.60013917531215,-699.50590306867,-4.994097653330689,1.06268485840743,1.0028438205164443,1.0028438205164443,7.140575335164864e-05,3.0907384275333794,24.472652202463824,nan,nan,nan
0.98,-99.53153228759766,-699.5316772460938,-5.006180763244629,-100.59352905111426,-699.4970066784408,-4.9964211653651365,1.0626073704486936,1.0029027530348373,1.0029027530348373,6.809431039648929e-05,2.5245629580649425,24.341326970725028,nan,0.8229498476549134,nan
0.99,-99.52503204345703,-699.525146484375,-5.00641393661499,-100.5868937803858,-699.4880850722759,-4.9966324991748134,1.0625533271975305,1.0029622946978147,1.0029622946978147,7.023261798811375e-05,2.4878699610655994,23.802865284640216,nan,nan,nan
1.0,-99.51850891113281,-699.5186157226562,-5.006642818450928,-100.62905447038358,-699.4605646225821,-4.997083895437105,1.1121028470427567,1.0028717838087382,1.0028717838087382,6.684466596802987e-05,2.6000854655886076,28.76952733426976,18.66041234206269,0.06373045214204243,nan
1.01,-99.51195526123047,-699.5120849609375,-5.006866931915283,-100.62286207715506,-699.4514062505214,-4.997289585586201,1.1126039659861868,1.002929491338885,1.002929491338885,6.890487312388126e-05,2.565371567506541,29.24516124794693,nan,nan,nan
1.02,-99.50537872314453,-699.5054931640625,-5.007086753845215,-100.61664538440928,-699.4422235889048,-4.997491770034233,1.113107674617994,1.0029877778266192,1.0029877778266192,7.101055191138152e-05,2.5317054026556933,28.56623543066326,nan,nan,nan
1.03,-99.49878692626953,-699.4989013671875,-5.007302284240723,-100.6104045775405,-699.43301696746,-4.9976904223167375,1.1136098709307012,1.0030466434164407,1.0030466434164407,7.316184683073063e-05,2.499055916627948,28.9763158851375,nan,nan,nan
1.04,-99.4921646118164,-699.4923095703125,-5.007513046264648,-100.60413994539286,-699.4237865799156,-5.000560967692068,1.1141063118445549,1.0031060882528502,1.0031060882528502,6.953646701565029e-05,1.9323923312918807,28.909286817057666,nan,1.2292532604865816,nan
1.05,-99.48551177978516,-699.4856567382812,-5.007719993591309,-100.5973529820787,-699.4511961692199,-5.0015718794743895,1.1123921022934262,1.0030157853995267,1.0030157853995267,7.141742120636061e-05,1.7629308642019943,23.23782617432928,12.156104108568577,nan,nan
1.06,-99.47884368896484,-699.4789428710938,-5.007922649383545,-100.59103701742241,-699.4422714640102,-5.003316574889343,1.1128072644826006,1.0030734864043878,1.0030734864043878,6.797049105879419e-05,1.546658806513772,22.407827321010878,nan,0.4055187614915134,nan
1.07,-99.47215270996094,-699.4722900390625,-5.008121013641357,-100.58469826078962,-699.4333241480117,-5.00357913437477,1.1132369792642338,1.003131739331123,1.003131739331123,6.99579024818825e-05,1.5302795518207437,23.78606003472301,nan,nan,nan
1.08,-99.46544647216797,-699.465576171875,-5.0083160400390625,-100.5783369752909,-699.4243545416024,-5.005748123053556,1.1136566297298183,1.0031905443242328,1.0031905443242328,6.665521046413048e-05,1.3352100534170892,22.913353508690523,nan,0.6840314299043728,nan
1.09,-99.45870971679688,-699.4588012695312,-5.008506774902344,-100.57195331553473,-699.4153629101689,-5.006031535893512,1.1140935005658392,1.0032499015282175,1.0032499015282175,6.85725485480231e-05,1.3265253223752436,22.31101410641622,nan,nan,nan
1.1,-99.45195007324219,-699.4520874023438,-5.008693695068359,-100.5513075063014,-699.4263214243884,-5.007837662310464,1.0996596673674148,1.0031597870915698,1.0031597870915698,6.525855786224134e-05,1.2166707693356997,21.211760651072147,4.020962324791135,0.43132696413916327,nan
1.11,-99.44517517089844,-699.4453125,-5.008876800537109,-100.54474969974405,-699.4174697773301,-5.008137117899032,1.0999272288756736,1.003217482095928,1.003217482095928,6.710427745002284e-05,1.2141126451325917,20.57792169785391,nan,nan,nan
1.12,-99.43836975097656,-699.4384765625,-5.009056568145752,-100.53817070763213,-699.4085967761091,-5.00703054450779,1.100208639607532,1.003275704459417,1.003275704459417,6.407599300395775e-05,1.2705637929552407,20.025881426698117,nan,0.4010451955481527,nan
1.1300000000000001,-99.43154907226562,-699.431640625,-5.009232521057129,-100.53157064117079,-699.3997025730823,-5.007305528969335,1.100486803426274,1.0033344543265368,1.0033344543265368,6.586070900864662e-05,1.2634237517431925,20.35412670242004,nan,nan,nan
1.1400000000000001,-99.42471313476562,-699.4248046875,-5.009405136108398,-100.52494984416258,-699.3907876560035,-5.007186554723769,1.1007646874967563,1.0033937318417878,1.0033937318417878,6.294768554280307e-05,1.2857733289808648,20.697834726285695,nan,0.03235781327510794,nan
1.1500000000000001,-99.4178466796875,-699.41796875,-5.009573936462402,-100.55294664938215,-699.3813675951345,-5.00754998887141,1.1356917196590515,1.003303788871462,1.003303788871462,6.454339712175651e-05,1.3490112334955249,22.811170787803007,8.087860960610978,nan,nan
1.16,-99.41096496582031,-699.4110717773438,-5.009739875793457,-100.54658962430841,-699.3724078875526,-5.009562768445457,1.1362826640880344,1.003361478331909,1.003361478331909,6.175112072064965e-05,1.2873206270359587,22.03602913987343,nan,0.6722050638135778,nan
1.17,-99.40406799316406,-699.4041748046875,-5.009902000427246,-100.54021262755703,-699.3634284591712,-5.009848022736482,1.1368750581512643,1.0034196727399347,1.0034196727399347,6.341992970299506e-05,1.2881260238415888,22.371367684463756,nan,nan,nan
1.18,-99.39714813232422,-699.397216796875,-5.010061264038086,-100.53381593989342,-699.3544294400068,-5.010254795878978,1.137472856874617,1.0034783722400396,1.0034783722400396,6.072774986981419e-05,1.2899763521483156,21.68281087555283,nan,0.0034879857435081763,nan
1.19,-99.39020538330078,-699.3903198242188,-5.010217189788818,-100.52739971182304,-699.3454110787454,-5.010537152192669,1.138080769813422,1.0035375769767236,1.0035375769767236,6.23462328033057e-05,1.2923039752940324,23.03540632511462,nan,nan,nan
1.2,-99.38324737548828,-699.3833618164062,-5.010370254516602,-100.55621518986781,-699.3696354792808,-5.010097412503086,1.1730481577258218,1.0034477907280157,1.0034477907280157,5.964330459377851e-05,1.372562035335675,20.211113003396214,15.713940237459767,0.11819597930128344,nan
1.21,-99.37626647949219,-699.3763427734375,-5.010519981384277,-100.55005797029864,-699.3608595308451,-5.010365930051029,1.1738936146102077,1.0035054750442935,1.0035054750442935,6.121019880392111e-05,1.37360014289314,19.625469753412876,nan,nan,nan
1.22,-99.36927032470703,-699.369384765625,-5.010666847229004,-100.54388207584024,-699.3520649846189,-5.011969903893699,1.1747401579374923,1.0035636437795126,1.0035636437795126,5.871054979044333e-05,1.4040331404838287,20.828364435905797,nan,0.43653136405324783,nan
1.23,-99.36225128173828,-699.3623657226562,-5.010810852050781,-100.53768783675976,-699.3432522916974,-5.012251894042018,1.1755928269285243,1.003622297078173,1.003622297078173,6.023300298847239e-05,1.411504561707054,20.20986098724018,nan,nan,nan
1.24,-99.355224609375,-699.3552856445312,-5.010951995849609,-100.53147532921177,-699.334421660311,-5.010575410874582,1.176435805120837,1.0036814350847751,1.0036814350847751,5.781597802597529e-05,1.381377530361348,19.4702349148508,nan,0.9645667935459505,nan
1.25,-99.3481674194336,-699.3482666015625,-5.01108980178833,-100.52560638508763,-699.2917898303672,-5.011004640460958,1.1787926665777748,1.0035917926518205,1.0035917926518205,5.9199727807167676e-05,1.384701530958257,26.178075924275554,7.966313882249205,nan,nan
1.26,-99.34110260009766,-699.3411865234375,-5.01122522354126,-100.51936112962984,-699.2826498412818,-5.01184730787527,1.1797118684501173,1.0036494721759006,1.0036494721759006,5.686924475724481e-05,1.3934640210157843,25.3181027627883,nan,0.09001058053314073,nan
1.27,-99.33401489257812,-699.3341064453125,-5.011358261108398,-100.51309840339651,-699.2734923464382,-5.0121080281442065,1.180640739859831,1.0037076172477457,1.0037076172477457,5.830664934453629e-05,1.3984042707106186,25.648801331815278,nan,nan,nan
1.28,-99.32691192626953,-699.3270263671875,-5.011488437652588,-100.50681838141593,-699.2643175833101,-5.011981763035622,1.1815717827713406,1.003766228011856,1.003766228011856,5.604927564839029e-05,1.3952153595167016,25.930862028783757,nan,0.03985422709812126,nan
1.29,-99.31979370117188,-699.3198852539062,-5.011615753173828,-100.50052121866986,-699.255125866152,-5.012234227150612,1.182502275426701,1.0038253046127317,1.0038253046127317,5.744939568066244e-05,1.3996408744546651,25.145326545190017,nan,nan,nan
1.3,-99.31265258789062,-699.312744140625,-5.011740684509277,-100.47554603320485,-699.2366559679112,-5.013503747955694,1.1653813468450671,1.003735794634901,1.003735794634901,5.5182057535590144e-05,1.4093856083859233,26.81461415596677,3.025476685744178,0.23352959873790577,nan
1.31,-99.30550384521484,-699.3056030273438,-5.0118632316589355,-100.46906963630595,-699.2273586401138,-5.013766368825867,1.1661951621669178,1.0037934696783202,1.0037934696783202,5.654382999420759e-05,1.4189231678716956,27.075660498100213,nan,nan,nan
1.32,-99.29833221435547,-699.2984008789062,-5.011983394622803,-100.46257691687028,-699.2180450993092,-5.015591337938796,1.1670200494864769,1.0038515928649445,1.0038515928649445,5.442807628349423e-05,1.5958616734252002,26.418148904559434,nan,0.6979429831288475,nan
1.33,-99.29114532470703,-699.2911987304688,-5.012100696563721,-100.45606809570026,-699.2087154811336,-5.015870237797755,1.1678453485973834,1.0039101643392743,1.0039101643392743,5.5756612119830524e-05,1.613384089855286,26.750591705962503,nan,nan,nan
1.34,-99.28394317626953,-699.2839965820312,-5.012216091156006,-100.44954333136215,-699.1993699998687,-5.014934151080637,1.1686713686106118,1.0039691842458098,1.0039691842458098,5.370258537986251e-05,1.497955480473331,26.884647104734903,nan,0.4322630851229521,nan
1.35,-99.27672576904297,-699.2767944335938,-5.0123291015625,-100.42541036786865,-699.1625324248773,-5.015107241895096,1.1543568912078002,1.0038797966704522,1.0038797966704522,5.492537526182637e-05,1.4679012306360735,31.634031982947846,7.256559536092768,nan,nan
1.36,-99.26949310302734,-699.2695922851562,-5.012439727783203,-100.41872223766119,-699.1529494062694,-5.017296965048191,1.1551436091846388,1.0039374675102937,1.0039374675102937,5.293595088078802e-05,1.7747847751142918,32.27366647831044,nan,1.1271867149612735,nan
1.37,-99.26224517822266,-699.2623291015625,-5.012548446655273,-100.41201887098212,-699.1433511658154,-5.01757738074262,1.1559241255093018,1.0039955703927643,1.0039955703927643,5.420051765832099e-05,1.797421911801514,31.249885162752314,nan,nan,nan
1.3800000000000001,-99.2549819946289,-699.2550659179688,-5.012654781341553,-100.40530049848803,-699.1337378491547,-5.018369911429342,1.1567133712872681,1.0040541054623642,1.0040541054623642,5.2266441272404065e-05,1.9574778890269409,31.721853482401713,nan,0.08175133160371638,nan
1.3900000000000001,-99.2477035522461,-699.247802734375,-5.012759208679199,-100.39856718732801,-699.1241095254921,-5.0186539390118305,1.1575067448284697,1.0041130728635934,1.0041130728635934,5.35028129017492e-05,1.9837573432009319,32.0246246905562,nan,nan,nan
1.4000000000000001,-99.24040985107422,-699.240478515625,-5.012861251831055,-100.42696133179227,-699.1143443813332,-5.020087722504221,1.1932587557215422,1.0040237987526313,1.0040237987526313,5.155918111771079e-05,2.430961192851294,33.95984667949101,8.678351100173137,0.5495267874181798,nan
1.41,-99.23310089111328,-699.233154296875,-5.012961387634277,-100.42045344579178,-699.1046857740108,-5.020381878721101,1.194305368888723,1.00408146563644,1.00408146563644,5.2766426593276196e-05,2.4640488988611855,34.27724985281085,nan,nan,nan
1.42,-99.22578430175781,-699.225830078125,-5.013059616088867,-100.41393122464845,-699.0950129462487,-5.019307693565451,1.1953431602845166,1.004139549626837,1.004139549626837,5.094008905923404e-05,2.1892765015924733,34.2256500344409,nan,0.6117185651240912,nan
1.43,-99.21844482421875,-699.218505859375,-5.013155460357666,-100.40739489062132,-699.0853261474895,-5.019584158860006,1.1964031194463765,1.0041980508683226,1.0041980508683226,5.212204634546279e-05,2.218266775813887,34.62727911333609,nan,nan,nan
1.44,-99.21109771728516,-699.211181640625,-5.01324987411499,-100.40084465853819,-699.0756256468756,-5.023900447358703,1.19749181474145,1.004256969505397,1.004256969505397,5.034320114793304e-05,3.68102313100138,36.2866302873143,nan,5.473825849507092,nan
1.45,-99.2037353515625,-699.2037963867188,-5.013342380523682,-100.39251797580083,-699.0756458324155,-5.024252041958533,1.1957197468352785,1.0041678008763908,1.0041678008763908,5.144195844345405e-05,3.7373823971266207,34.662124282146124,0.6751030760849775,nan,nan
1.46,-99.19635772705078,-699.1964111328125,-5.01343297958374,-100.38592748745153,-699.0659864336388,-5.022567794873614,1.1967331623485675,1.0042254640262422,1.0042254640262422,4.9712786590628706e-05,3.104600033058569,34.32132968169755,nan,1.383129917680915,nan
1.47,-99.18897247314453,-699.1890258789062,-5.013521671295166,-100.37932338479712,-699.0563136029176,-5.02286532525962,1.197762557830072,1.004283530390924,1.004283530390924,5.0845827925404434e-05,3.14546025208544,34.57927590236464,nan,nan,nan
1.48,-99.18156433105469,-699.181640625,-5.013608455657959,-100.372705881971,-699.0466275109064,-5.022369561306861,1.1988008559676433,1.0043420001149361,1.0043420001149361,4.915965040926134e-05,2.992215624780853,34.7683029015479,nan,0.2211681693465018,nan
1.49,-99.17414855957031,-699.1741943359375,-5.013693809509277,-100.36607536333598,-699.0369283304663,-5.022656930723441,1.1998382388201223,1.004400873342779,1.004400873342779,5.027108957263574e-05,3.031310371488316,33.62815701160353,nan,nan,nan
1.5,-99.16671752929688,-699.1668090820312,-5.013777256011963,-100.33867570526644,-699.031722716079,-5.025217664307745,1.1797733576539466,1.004311803037348,1.004311803037348,4.8575352433515634e-05,4.080190306547095,35.710147834722704,3.041157944449094,1.86193301517544,nan
1.51,-99.1592788696289,-699.1593627929688,-5.013859272003174,-100.33187875272013,-699.0220284734817,-5.025529165408079,1.1806724302475315,1.004369462653241,1.004369462653241,4.9664342939238114e-05,4.129923908094615,34.523787027450666,nan,nan,nan
1.52,-99.15182495117188,-699.15185546875,-5.013939380645752,-100.32506928012431,-699.0123215461763,-5.025876178114032,1.181572874647035,1.0044275125322382,1.0044275125322382,4.8062161542877235e-05,4.354461178619647,33.617028494459014,nan,0.00048404723397300366,nan
1.53,-99.14435577392578,-699.1444091796875,-5.0140180587768555,-100.31824737380215,-699.0026022098991,-5.026186705875356,1.1824883851070476,1.00448595281884,1.00448595281884,4.91317064590314e-05,4.4057444743552,35.30347676375136,nan,nan,nan
1.54,-99.13687896728516,-699.136962890625,-5.014094829559326,-100.31141302724967,-698.9928705883532,-5.027037513465428,1.1834104793593014,1.004544783657546,1.004544783657546,4.756685070760355e-05,4.915592201790261,36.0311571081843,nan,0.11024634582187187,nan
1.55,-99.12938690185547,-699.1294555664062,-5.0141706466674805,-100.30644557977125,-698.9606475449614,-5.027252094329951,1.189173832386975,1.0044558052316765,1.0044558052316765,4.856913670731075e-05,4.931003927974392,39.45366564500382,3.64129544047785,nan,nan
1.56,-99.12188720703125,-699.1219482421875,-5.014244556427002,-100.2995995063345,-698.9507441070302,-5.028154078181974,1.1901725045641713,1.0045134614943791,1.0045134614943791,4.7043319280599047e-05,5.522647739085842,40.274985724129735,nan,0.13373826282513507,nan
1.57,-99.11437225341797,-699.1144409179688,-5.014317035675049,-100.29274164586059,-698.9408291804285,-5.028472920938178,1.1911741474465043,1.0045714959176673,1.0045714959176673,4.807506321708653e-05,5.58049368473559,40.57948157149127,nan,nan,nan
1.58,-99.10684967041016,-699.1068725585938,-5.014388084411621,-100.28587213078542,-698.9309027927037,-5.026957454255807,1.1921481911385934,1.004629908646041,1.004629908646041,4.658327175561097e-05,4.806050885291228,38.4601040802871,nan,1.3225167426177467,nan
1.59,-99.09931182861328,-699.099365234375,-5.014457702636719,-100.27899110177597,-698.9209649767836,-5.027255546757478,1.1931611895517213,1.0046886998240012,1.0046886998240012,4.7598341872497326e-05,4.857804069046535,40.323383549363086,nan,nan,nan
1.6,-99.09176635742188,-699.091796875,-5.014525890350342,-100.28698314976502,-698.9143940956494,-5.02704684347787,1.2083756456862138,1.0045998074560205,1.0045998074560205,4.6096659163451646e-05,4.854319680326213,40.208573063726575,1.8424301522087854,0.154031694548032,nan
1.61,-99.0842056274414,-699.084228515625,-5.014593124389648,-100.28017458546219,-698.904455327836,-5.02733966099712,1.2094720425841312,1.0046574605294718,1.0046574605294718,4.7094261237210005e-05,4.905858089738138,40.5041606406209,nan,nan,nan
1.62,-99.0766372680664,-699.07666015625,-5.014658451080322,-100.27335512648604,-698.8945056203504,-5.02612164666066,1.2105557865964631,1.0047154804307055,1.0047154804307055,4.5669140465330786e-05,4.335759342143178,40.15332045890388,nan,0.9344692706186375,nan
1.6300000000000001,-99.06905364990234,-699.069091796875,-5.01472282409668,-100.26652470552729,-698.8845450710384,-5.026397535479487,1.2116644428068422,1.0047738673042212,1.0047738673042212,4.665170855687155e-05,4.382646592162157,40.4484784783954,nan,nan,nan
1.6400000000000001,-99.06146240234375,-699.0615234375,-5.0147857666015625,-100.25968334005232,-698.8745738372396,-5.025032079055139,1.2127607165140286,1.0048326212945198,1.0048326212945198,4.525637598272476e-05,3.7834365204495812,40.064336207135554,nan,1.1240150102555366,nan
1.6500000000000001,-99.05386352539062,-699.0538940429688,-5.014847755432129,-100.26529707439848,-698.8989206941503,-5.02540725354964,1.2213514995717851,1.0047438097074235,1.0047438097074235,4.6183246533656664e-05,3.898905957371143,35.177100735195566,9.34722081416521,nan,nan
1.6600000000000001,-99.04624938964844,-699.0462646484375,-5.014908313751221,-100.25851170703785,-698.8891410991515,-5.0251987722784985,1.2224457572584913,1.0048014597407737,1.0048014597407737,4.481909445355249e-05,3.8498153552420726,35.3843722649182,nan,0.09350914000455403,nan
1.67,-99.03862762451172,-699.0386962890625,-5.014967441558838,-100.2517159411228,-698.8793511709096,-5.025453704729214,1.2235538779689072,1.0048594659689427,1.0048594659689427,4.577227908643822e-05,3.8920996845329086,37.11794950026931,nan,nan,nan
1.68,-99.03099060058594,-699.0310668945312,-5.015025615692139,-100.24490984343957,-698.8695510483303,-5.020685832975855,1.2246302849448247,1.004917828536431,1.004917828536431,4.44354164157109e-05,2.2133509852473807,34.16787299347386,nan,10.930545987023633,nan
1.69,-99.02334594726562,-699.0233764648438,-5.015082359313965,-100.23809374612946,-698.8597409385235,-5.020887771393459,1.2257334551720724,1.004976547587739,1.004976547587739,4.5375695895633055e-05,2.2376993636362634,32.92653880705912,nan,nan,nan
1.7,-99.01569366455078,-699.0157470703125,-5.015138149261475,-100.24182873488294,-698.8513275742184,-5.019751802139523,1.2371185340084287,1.0048878119832696,1.0048878119832696,4.402837695349606e-05,2.0064530832853213,35.673890044549545,0.9337765749798121,0.6963806824936716,nan
1.71,-99.0080337524414,-699.008056640625,-5.015192985534668,-100.23505668624172,-698.8415063255493,-5.0199388546518735,1.2382838167388865,1.0049454591126181,1.0049454591126181,4.495498738318802e-05,2.026796963444801,34.35584096404438,nan,nan,nan
1.72,-99.0003662109375,-699.0004272460938,-5.015246868133545,-100.22827501949253,-698.8316757187147,-5.021649584698116,1.2394668672050921,1.0050034524419944,1.0050034524419944,4.367173484480293e-05,2.4672916897128,36.50907794605436,nan,1.0425287319617524,nan
1.73,-98.99268341064453,-698.9927368164062,-5.015299320220947,-100.22148394584293,-698.8218358877078,-5.021852234529811,1.2406453253931202,1.0050617921158986,1.0050617921158986,4.4586710255727255e-05,2.4944888474775024,35.27438378024288,nan,nan,nan
1.74,-98.98499298095703,-698.9850463867188,-5.015350818634033,-100.21468351756955,-698.8119869376668,-5.020967786053495,1.2418212186396036,1.0051204782788312,1.0051204782788312,4.332748696317298e-05,2.2624150055171075,35.213793972826366,nan,0.5392495314933843,nan
1.75,-98.977294921875,-698.9773559570312,-5.015401363372803,-100.23459919988215,-698.8070858700587,-5.02113666956435,1.2687942479968306,1.005031814281234,1.005031814281234,4.419531378507209e-05,2.3460273682699033,37.41365797918542,5.0162835887622865,nan,nan
1.76,-98.9695816040039,-698.9696044921875,-5.015450477600098,-100.2279369621411,-698.7972476496151,-5.021934385323875,1.2701209114070553,1.0050894586311219,1.0050894586311219,4.296129018587146e-05,2.583576525590556,36.40997875613111,nan,0.17096333222429452,nan
1.77,-98.96186828613281,-698.9619140625,-5.015499114990234,-100.22126590937003,-698.7874002965783,-5.022131446996993,1.2714485501740038,1.0051474397697855,1.0051474397697855,4.385337861618096e-05,2.611324892319858,38.0425561760163,nan,nan,nan
1.78,-98.95413970947266,-698.9541625976562,-5.015546798706055,-100.21458585880399,-698.7775439080705,-5.021747415988909,1.2727753550921164,1.0052057578417246,1.0052057578417246,4.264144217653929e-05,2.5131793862382334,36.66694603044782,nan,0.15919610743107412,nan
1.79,-98.94640350341797,-698.9464721679688,-5.0155930519104,-100.20789683110377,-698.7676785924488,-5.021938502516797,1.2741164872908635,1.0052644129914396,1.0052644129914396,4.3523556153005725e-05,2.539956729398511,38.44501426980314,nan,nan,nan
1.8,-98.93865966796875,-698.938720703125,-5.015638828277588,-100.18705375076068,-698.7540993602055,-5.020544460927336,1.261981335615947,1.0051758165992442,1.0051758165992442,4.230044123436715e-05,2.1532844778108724,37.23422653252098,1.4621599830765617,1.237838988100191,nan
1.81,-98.930908203125,-698.9309692382812,-5.015683650970459,-100.18026648799622,-698.7441955875129,-5.020719499112914,1.2632521048326888,1.0052334582839386,1.0052334582839386,4.317183208406556e-05,2.174887196462909,37.43685233413512,nan,nan,nan
1.82,-98.92314910888672,-698.9231567382812,-5.015727519989014,-100.17347069963297,-698.734283406988,-5.021695712521838,1.264520792585939,1.0052914278811222,1.0052914278811222,4.200339503400327e-05,2.43857142701092,36.29940225983928,nan,0.3120996744942253,nan
1.83,-98.9153823852539,-698.9154052734375,-5.015770435333252,-100.16666667000035,-698.7243630158334,-5.021879235652484,1.2657988872191452,1.0053497255352952,1.0053497255352952,4.2865808363212994e-05,2.464248008944825,38.10823753740041,nan,nan,nan
1.84,-98.90760040283203,-698.9076538085938,-5.015812397003174,-100.15985436052483,-698.7144344273617,-5.021616560484795,1.2670861818182375,1.005408351390958,1.005408351390958,4.171689064444562e-05,2.404383578836128,38.31931633922395,nan,0.098292861980533,nan
1.85,-98.89981842041016,-698.8998413085938,-5.0158538818359375,-100.10769885872189,-698.7357003131339,-5.021721839918008,1.2189962479756697,1.0053198189354455,1.0053198189354455,4.2538567379838253e-05,2.287506522530385,30.659518336809544,20.70741410836222,nan,nan
1.86,-98.89202880859375,-698.89208984375,-5.015894412994385,-100.10061855480446,-698.7259292796421,-5.022277576884052,1.2199751032261146,1.0053774580600507,1.0053774580600507,4.14101846589344e-05,2.4642694586017377,32.53315659519504,nan,0.07132681974232317,nan
1.87,-98.88422393798828,-698.88427734375,-5.015933990478516,-100.09353049216121,-698.7161505095744,-5.022459904685313,1.2209551842273914,1.0054354167124944,1.0054354167124944,4.2254793519348055e-05,2.490505408147709,31.26615867236868,nan,nan,nan
1.8800000000000001,-98.87641906738281,-698.87646484375,-5.01597261428833,-100.08643456583061,-698.7063639753982,-5.026178529843767,1.2219557981409364,1.0054936950372766,1.0054936950372766,4.1144388109581004e-05,4.016503923556369,32.88869758473622,nan,6.344034693553621,nan
1.8900000000000001,-98.86859893798828,-698.86865234375,-5.016010761260986,-100.07933091161775,-698.696569769726,-5.0263966536104645,1.2229440670003326,1.0055522931788974,1.0055522931788974,4.1981328632488e-05,4.056625235419086,33.12153037051244,nan,nan,nan
1.9000000000000001,-98.86077880859375,-698.86083984375,-5.016047954559326,-100.05418510360383,-698.6908697854079,-5.024219949219507,1.205477161624896,1.0054638212881726,1.0054638212881726,4.0858922467317946e-05,3.0796529919324396,31.64998671671844,2.5500715890217105,2.7444293109692106,nan
1.9100000000000001,-98.85295104980469,-698.8529663085938,-5.016084671020508,-100.04696875536033,-698.6810828843206,-5.024414010526346,1.2063546620363375,1.0055214579495955,1.0055214579495955,4.168745068344882e-05,3.111470734181033,30.299490296533996,nan,nan,nan
1.92,-98.84510803222656,-698.8451538085938,-5.016120433807373,-100.03974506244697,-698.6712887513586,-5.026668321571616,1.207268797756947,1.0055794062070642,1.0055794062070642,4.0612544349424725e-05,4.188797280811686,33.13211679839854,nan,2.210719344952071,nan
1.93,-98.83726501464844,-698.8372802734375,-5.01615571975708,-100.03251404649578,-698.6614874164586,-5.0268837872348655,1.2081549851441287,1.0056376662050794,1.0056376662050794,4.143419361671919e-05,4.22903328809437,31.709885127089247,nan,nan,nan
1.94,-98.82941436767578,-698.8294677734375,-5.016190052032471,-100.02527587172649,-698.6516790623681,-5.026590748846201,1.2090499316191878,1.005696238088141,1.005696238088141,4.037520254176847e-05,4.132645565503384,33.31025310116367,nan,0.1365583695988056,nan
1.95,-98.8215560913086,-698.8215942382812,-5.016223907470703,-100.01803494395813,-698.6416377815556,-5.026689368028077,1.2099816101988838,1.0056078236559243,1.0056078236559243,4.1160970992184375e-05,4.116697676259667,32.5921713711318,0.43105022772856966,nan,nan
1.96,-98.81368255615234,-698.813720703125,-5.016256809234619,-100.01078296939811,-698.6318145149418,-5.026258722016937,1.2108836851456202,1.0056654579437154,1.0056654579437154,4.011880281361929e-05,3.9514301668961815,32.62915362623644,nan,0.21869312890933623,nan
1.97,-98.80581665039062,-698.8058471679688,-5.016289234161377,-100.00352406368962,-698.6219845709235,-5.026461860765109,1.211780501904381,1.0057233963138128,1.0057233963138128,4.092665970361618e-05,3.988434850548674,32.689543814979665,nan,nan,nan
1.98,-98.79793548583984,-698.7979736328125,-5.016321182250977,-99.99625828930579,-698.6121478476678,-5.024256038450919,1.2126713180718214,1.0057816389107164,1.0057816389107164,3.989916085094181e-05,3.0400824303864704,31.941533482400956,nan,3.1365392664535885,nan
1.99,-98.79004669189453,-698.7901000976562,-5.01635217666626,-99.98898575498856,-698.6023044577294,-5.024436115475095,1.2135845374159178,1.0058401858789268,1.0058401858789268,4.070117750654658e-05,3.0697773395379615,32.131731232820954,nan,nan,nan
2.0,-98.78215789794922,-698.7821655273438,-5.016382694244385,-99.95966559671756,-698.6175409869959,-5.0230223982440805,1.1889784294143666,1.005751826037344,1.005751826037344,3.966079787802578e-05,2.517109076241262,26.78534796346963,7.6829954467854185,1.4899068728066813,nan
2.0100000000000002,-98.77425384521484,-698.7742919921875,-5.016412734985352,-99.95226582171048,-698.6078143894613,-5.023187632063265,1.1897364868772615,1.005809458034435,1.005809458034435,4.045622768126598e-05,2.541792180038968,28.49393638358505,nan,nan,nan
2.02,-98.76634979248047,-698.766357421875,-5.016441822052002,-99.9448597572103,-698.5980816895509,-5.023804267650587,1.1904858943565453,1.0058673869868135,1.0058673869868135,3.9457783185407984e-05,2.782697740032754,27.32098180483046,nan,0.11244998562853609,nan
2.0300000000000002,-98.75843811035156,-698.7584838867188,-5.016470909118652,-99.9374474943501,-698.5883426240925,-5.023974577121937,1.191246188593333,1.0059256130389802,1.0059256130389802,4.024800074947759e-05,2.8096045048201557,28.981042774679615,nan,nan,nan
2.04,-98.75051879882812,-698.7505493164062,-5.016499042510986,-99.93002907142677,-698.5785971938546,-5.02098986546522,1.1919866539129307,1.0059841363354347,1.0059841363354347,3.926254351800276e-05,1.926017526456541,26.72021623640407,nan,5.5588175489988725,nan
2.05,-98.74259185791016,-698.7426147460938,-5.016526222229004,-99.92194919804317,-698.5740506418534,-5.021131161234038,1.1913516686634502,1.0058958284312023,1.0058958284312023,4.002057740969892e-05,1.9408427048882118,26.83112275329598,0.18716637437204162,nan,nan
2.06,-98.73466491699219,-698.7346801757812,-5.0165534019470215,-99.91451513441626,-698.5643193358593,-5.021976475206683,1.192098469530991,1.0059534582145524,1.0059534582145524,3.904894045070706e-05,2.165809504701375,27.1368584103031,nan,0.28089433482657405,nan
2.07,-98.72673034667969,-698.7267456054688,-5.016580104827881,-99.90707508489419,-698.5545820019136,-5.022123946140097,1.1928473253506766,1.0060113781846136,1.0060113781846136,3.982854790473484e-05,2.186013792837791,27.29454561097714,nan,nan,nan
2.08,-98.71878814697266,-698.7188110351562,-5.016605854034424,-99.89962907389213,-698.544839008676,-5.021687535578425,1.1935985020822482,1.0060695884858861,1.0060695884858861,3.886887743156673e-05,2.080431084318498,27.32898123184853,nan,0.19463119070796223,nan
2.09,-98.7108383178711,-698.7108764648438,-5.016631603240967,-99.89217715497136,-698.5350904157026,-5.021830225610339,1.1943572366710948,1.0061280892628703,1.0061280892628703,3.964409870650234e-05,2.0994813147824063,27.471692640895522,nan,nan,nan
2.1,-98.702880859375,-698.702880859375,-5.016656398773193,-99.91289348220914,-698.519549687852,-5.021466827945929,1.2238316902657798,1.0060398308363816,1.0060398308363816,3.8670641748453614e-05,2.087141750018188,28.427433221779467,5.6267253156002,0.1446832731216991,nan
2.11,-98.6949234008789,-698.6949462890625,-5.016680717468262,-99.90556892027436,-698.5097612297614,-5.021605150305335,1.2247368410640016,1.0060974584775475,1.0060974584775475,3.944072251013743e-05,2.1057133203676095,30.089433121021678,nan,nan,nan
2.12,-98.68695831298828,-698.6869506835938,-5.016704559326172,-99.89823860290316,-698.4999671851218,-5.022494723101544,1.2256411772756448,1.0061553698697001,1.0061553698697001,3.85048401229042e-05,2.3636686120307386,28.91191363028355,nan,0.32754194736556397,nan
2.13,-98.67898559570312,-698.6790161132812,-5.016728401184082,-99.89090260317344,-698.4901675969952,-5.022641351459308,1.2265567895862837,1.0062135651573394,1.0062135651573394,3.927103477417667e-05,2.3854160483054936,30.629700040945036,nan,nan,nan
2.14,-98.67101287841797,-698.6710205078125,-5.016751289367676,-99.88356101850789,-698.480362503359,-5.02084487983913,1.22745273806395,1.0062720444849655,1.0062720444849655,3.834572990376709e-05,1.9342431610562012,28.680135379339397,nan,2.213421869211417,nan
2.15,-98.66303253173828,-698.6630249023438,-5.016773700714111,-99.91718465121353,-698.4690689742727,-5.020993154794433,1.2690682584522068,1.0061838332518631,1.0061838332518631,3.908255966534919e-05,2.05616164314989,31.756904935491516,11.451368696751219,nan,nan
2.16,-98.65504455566406,-698.6550903320312,-5.016796112060547,-99.91003029668386,-698.4592459967864,-5.0229973988586085,1.2701900132533097,1.0062414588175028,1.0062414588175028,3.816861511924363e-05,2.610865300474096,34.095681397608814,nan,2.079587063157433,nan
2.17,-98.64705657958984,-698.6470947265625,-5.016817569732666,-99.90287073756451,-698.4494177115505,-5.023145648932474,1.2712928247339563,1.0062993620080434,1.0062993620080434,3.892672599410524e-05,2.63474548750007,32.53704197877069,nan,nan,nan
2.18,-98.63905334472656,-698.6390991210938,-5.016839027404785,-99.8957059536041,-698.4395843293223,-5.022274005123068,1.272403815821495,1.0063575429679845,1.0063575429679845,3.8022513870358906e-05,2.3856355810007823,32.494974442558984,nan,0.6206839834073067,nan
2.19,-98.63105773925781,-698.631103515625,-5.016859531402588,-99.88853608787998,-698.4297458864777,-5.022413335929777,1.2735099280390774,1.006416001841827,1.006416001841827,3.877739464448743e-05,2.4068886527615003,32.51240426924646,nan,nan,nan
2.2,-98.623046875,-698.623046875,-5.016880035400391,-99.8438712335865,-698.4043232632864,-5.0237899734450595,1.2402821776043347,1.0063278356767156,1.0063278356767156,3.785848982873525e-05,2.789782607586797,32.25901071007125,11.85513682633376,1.1218479465369362,nan
2.21,-98.61503601074219,-698.6150512695312,-5.016900062561035,-99.83651437741743,-698.3944012070344,-5.0239413748569,1.2412676707359758,1.006385459229035,1.006385459229035,3.8609375105257e-05,2.815066331598051,34.060434277526,nan,nan,nan
2.22,-98.60701751708984,-698.6070556640625,-5.0169196128845215,-99.82915256968134,-698.3844743987815,-5.022102752921598,1.2422493193266537,1.006443354568702,1.006443354568702,3.772460096428392e-05,2.2454102544584935,33.62171926895168,nan,2.400986352597967,nan
2.23,-98.5989990234375,-698.5989990234375,-5.01693868637085,-99.821785809858,-698.3745429550008,-5.022235983343542,1.2432281017809381,1.0065015218402158,1.0065015218402158,3.8472653309087615e-05,2.2649887406105247,32.001188421535744,nan,nan,nan
2.24,-98.59097290039062,-698.5910034179688,-5.016957759857178,-99.81441425401638,-698.3646069266982,-5.023184843571709,1.2442278302597238,1.0065599611880773,1.0065599611880773,3.7596454455977005e-05,2.5693641141225303,34.142520126206776,nan,0.4051546379239129,nan
2.25,-98.58293914794922,-698.5829467773438,-5.0169758796691895,-99.79825265813506,-698.3432710363371,-5.023438752277286,1.238738534796447,1.0064718381100861,1.0064718381100861,3.8317285456750034e-05,2.6146398464776612,34.48764565908108,1.9151835480586477,nan,nan
2.2600000000000002,-98.57490539550781,-698.574951171875,-5.016993999481201,-99.79083092267432,-698.333273069376,-5.025283641866726,1.23973864625313,1.0065294597072363,1.0065294597072363,3.745041272470103e-05,3.361824183804443,37.09930745521261,nan,1.7767015973248215,nan
2.27,-98.56686401367188,-698.56689453125,-5.017012119293213,-99.78340450226204,-698.3232705000642,-5.025446005053215,1.240723401640939,1.0065873475234794,1.0065873475234794,3.8192381328497834e-05,3.3916742900997754,35.42386439721543,nan,nan,nan
2.2800000000000002,-98.55882263183594,-698.558837890625,-5.017029285430908,-99.77597358293441,-698.3132634090728,-5.027708197540662,1.2417235211243365,1.0066455017033156,1.0066455017033156,3.73333793009871e-05,4.586201811409568,36.70407867256314,nan,2.727353731887268,nan
2.29,-98.55077362060547,-698.55078125,-5.0170464515686035,-99.76853832057245,-698.3032518245584,-5.0278925396085645,1.2427144960009444,1.0067039223912453,1.0067039223912453,3.807303330652629e-05,4.623726916983105,36.84961506113171,nan,nan,nan
2.3000000000000003,-98.54271697998047,-698.542724609375,-5.017063140869141,-99.75019336469921,-698.3241818671631,-5.026529649099085,1.2271307039614818,1.006615840551191,1.006615840551191,3.7198452392900585e-05,3.904963388350608,32.510280438742186,7.335245016948459,1.4937085480819472,nan
2.31,-98.53466033935547,-698.53466796875,-5.0170793533325195,-99.74269969232273,-698.3143017658928,-5.02670020680072,1.228011768062804,1.0066734602476213,1.0066734602476213,3.7935013336896605e-05,3.937907896630607,32.60158933059349,nan,nan,nan
2.32,-98.52659606933594,-698.526611328125,-5.01709508895874,-99.73520168129211,-698.3044174954262,-5.027706149003931,1.2289061067211942,1.0067313408466267,1.0067313408466267,3.7091829293325276e-05,4.535563897037887,33.30815926281757,nan,0.4369734050261208,nan
2.33,-98.5185317993164,-698.5185546875,-5.017110824584961,-99.72769961585857,-698.2945290748548,-5.027886147203836,1.2297928245277427,1.0067894824927075,1.0067894824927075,3.782638920249475e-05,4.571562109378767,33.378957417755885,nan,nan,nan
2.34,-98.51045989990234,-698.510498046875,-5.017126560211182,-99.72019362615114,-698.284636429872,-5.02771777551902,1.2306832786305044,1.0068478853303637,1.0068478853303637,3.699010656511949e-05,4.536705104671573,33.44425555233327,nan,0.076809461181831,nan
2.35,-98.50238800048828,-698.5023803710938,-5.017141342163086,-99.7094801672557,-698.2926475967187,-5.0280119602968965,1.2252254919225913,1.0067598429993085,1.0067598429993085,3.769906458003639e-05,4.625550057259819,30.277151277455644,2.8255355435409717,nan,nan
2.36,-98.49430847167969,-698.4943237304688,-5.01715612411499,-99.70195159196676,-698.282826193175,-5.026381343164087,1.2260579998207823,1.0068174608460834,1.0068174608460834,3.6870415987994984e-05,3.8011650504034185,31.203734143246503,nan,2.083703094617101,nan
2.37,-98.4862289428711,-698.4862670898438,-5.0171709060668945,-99.69441906160286,-698.2730008306354,-5.026545232839069,1.2269041275993127,1.0068753345145813,1.0068753345145813,3.7600465537441115e-05,3.832079710801689,31.269985240742844,nan,nan,nan
2.38,-98.47814178466797,-698.4781494140625,-5.017184734344482,-99.68688267800785,-698.2631715365934,-5.026737258798345,1.227746425674556,1.0069334641493026,1.0069334641493026,3.677812878516126e-05,3.9780052078533528,29.876379259145658,nan,0.0004806919774849144,nan
2.39,-98.47005462646484,-698.4700927734375,-5.0171990394592285,-99.67934251517231,-698.2533384442504,-5.026902844521015,1.2285983073521562,1.0069918498947474,1.0069918498947474,3.75065833082639e-05,4.009474486029411,31.592430692220578,nan,nan,nan
2.4,-98.46195983886719,-698.4619750976562,-5.017212390899658,-99.70246909852419,-698.2309227680074,-5.027653069632057,1.2618864489736432,1.0069038454537738,1.0069038454537738,3.6667818520691655e-05,4.554176994063076,33.93498512672537,7.564557199780854,0.18877041611690396,nan
2.41,-98.45386505126953,-698.453857421875,-5.017225742340088,-99.6950554496042,-698.2210275223351,-5.027826507490901,1.2628838993588025,1.0069614614988562,1.0069614614988562,3.7393885552303314e-05,4.58894136103436,33.997874018120726,nan,nan,nan
2.42,-98.44576263427734,-698.44580078125,-5.017239093780518,-99.68763811623333,-698.2111285391311,-5.028335550297218,1.263902253044813,1.007019328505742,1.007019328505742,3.65843422609448e-05,4.951876096108771,36.23667019775062,nan,0.07226124681583804,nan
2.43,-98.43765258789062,-698.4376831054688,-5.017251968383789,-99.68021714671521,-698.2012258783242,-5.028513917659798,1.26491325181505,1.0070774466189314,1.0070774466189314,3.73090595381472e-05,4.988117896462183,34.61122377210364,nan,nan,nan
2.44,-98.42955017089844,-698.4295654296875,-5.017264366149902,-99.67279260949792,-698.191319635154,-5.030923854238103,1.2659381506860987,1.0071358159829245,1.0071358159829245,3.6505014371745964e-05,6.702182210844173,36.28371692633486,nan,3.2247266843753892,nan
2.45,-98.42143249511719,-698.4214477539062,-5.017276763916016,-99.65520798565134,-698.1945928200159,-5.031027653786031,1.25453346270452,1.0070478479139706,1.0070478479139706,3.72053403432093e-05,6.644905317849863,34.948240048598386,2.304012204904066,nan,nan
2.46,-98.41332244873047,-698.413330078125,-5.017288684844971,-99.64773272247238,-698.1847356959674,-5.030941835200422,1.255472231468387,1.0071054622024767,1.0071054622024767,3.6407518199589195e-05,6.68496026674599,34.95405097628596,nan,0.05342442652656648,nan
2.47,-98.40520477294922,-698.4052124023438,-5.017300605773926,-99.64025394535429,-698.1748748367987,-5.031140298182964,1.256420864776463,1.0071633228002659,1.0071633228002659,3.712895070405747e-05,6.725874804765152,35.08314989927853,nan,nan,nan
2.48,-98.39707946777344,-698.3970947265625,-5.017312049865723,-99.63277169843917,-698.1650105108342,-5.034098724542753,1.25741010198128,1.007221429851839,1.007221429851839,3.633613323442083e-05,9.324622383678996,37.779947148012226,nan,4.980478862067737,nan
2.49,-98.38895416259766,-698.3889770507812,-5.0173234939575195,-99.6252860948883,-698.1551428521657,-5.034325521861969,1.2583656655346864,1.0072797835016956,1.0072797835016956,3.7056530081370195e-05,9.372509151509494,37.82725528724054,nan,nan,nan
2.5,-98.38082122802734,-698.380859375,-5.017334938049316,-99.61004429368329,-698.1887228570355,-5.03277742230017,1.2442444522665002,1.0071918503793293,1.0071918503793293,3.6246486535689244e-05,8.115982221748416,31.938803526892446,13.294663997033748,2.0773568461718486,nan
2.5100000000000002,-98.37268829345703,-698.3726806640625,-5.017345905303955,-99.60251956004265,-698.1790312305635,-5.032988497249286,1.245082221400996,1.0072494629537565,1.0072494629537565,3.69650411715596e-05,8.158345395882701,30.439207641314027,nan,nan,nan
2.52,-98.36455535888672,-698.3645629882812,-5.0173563957214355,-99.59499147182152,-698.1693362941463,-5.033093553154053,1.245927023641836,1.0073073173798952,1.0073073173798952,3.618248845867191e-05,8.385522901522492,32.247888353232035,nan,0.007528964924773544,nan
2.5300000000000002,-98.35641479492188,-698.3564453125,-5.017366886138916,-99.58746008491262,-698.1596380237945,-5.0333051881178745,1.2467797096383855,1.007365413802246,1.007365413802246,3.6900196892321954e-05,8.427072691343165,32.376125553601675,nan,nan,nan
2.54,-98.34827423095703,-698.3482666015625,-5.0173773765563965,-99.57992554357952,-698.1499363926524,-5.0348068584792385,1.2476392164769086,1.007423752365309,1.007423752365309,3.61219664713757e-05,9.95486189183671,32.345719315963876,nan,1.1003103178706137,nan
2.5500000000000003,-98.34013366699219,-698.3401489257812,-5.017387390136719,-99.59146215061814,-698.1234908413717,-5.035072357258399,1.2700694695707597,1.0073358528493204,1.0073358528493204,3.681617507630806e-05,10.09614529484938,37.27697534467109,4.4655602052557315,nan,nan
2.56,-98.33198547363281,-698.3319702148438,-5.017396926879883,-99.5840004500753,-698.1137136760927,-5.034288947220136,1.2710085594892793,1.0073934637497548,1.0073934637497548,3.6042991952051035e-05,9.5199899225387,35.12017063186806,nan,0.6797572500423542,nan
2.57,-98.3238296508789,-698.3238525390625,-5.017406940460205,-99.57653565812171,-698.1039334168521,-5.034507449906646,1.2719784543455666,1.007451312227801,1.007451312227801,3.675835746173315e-05,9.561072023931883,36.91786713838891,nan,nan,nan
2.58,-98.31568145751953,-698.315673828125,-5.017416477203369,-99.56906776141938,-698.0941503344372,-5.0349128218473975,1.2729320512640279,1.0075093984279593,1.0075093984279593,3.5989084869640663e-05,10.11394495136116,35.705915547733,nan,0.023087460707499896,nan
2.59,-98.3075180053711,-698.3075561523438,-5.017425537109375,-99.56159688975292,-698.0843643695229,-5.035134928443677,1.2739081767194076,1.00756772249473,1.00756772249473,3.670384319406506e-05,10.15502034454388,37.62356988657668,nan,nan,nan
2.6,-98.29936218261719,-698.2993774414062,-5.017434597015381,-99.5561782815921,-698.0807636926362,-5.034719606349256,1.2758046282019344,1.007479855323451,1.007479855323451,3.591660878608135e-05,9.933775263569888,35.543140238981174,1.444323608468773,0.15027332685421282,nan
2.61,-98.29119873046875,-698.2911987304688,-5.017443656921387,-99.54871020244573,-698.0709968637524,-5.034935549461051,1.2767654172022789,1.007537464587754,1.007537464587754,3.6629939855429774e-05,9.970533310949751,35.670940104930395,nan,nan,nan
2.62,-98.28303527832031,-698.2830200195312,-5.017452239990234,-99.54123936683862,-698.0612272806699,-5.034419539795518,1.2777157104139056,1.0075953073284458,1.0075953073284458,3.586882322393621e-05,9.646135127480227,35.353923612775006,nan,0.36066490076258106,nan
2.63,-98.27486419677734,-698.27490234375,-5.017460823059082,-99.53376587292676,-698.0514550273111,-5.034629842955776,1.2786934381155493,1.0076533836900268,1.0076533836900268,3.658169112234338e-05,9.680345074670427,37.17855738501969,nan,nan,nan
2.64,-98.26669311523438,-698.2667236328125,-5.01746940612793,-99.52628980856059,-698.0416800603837,-5.03608210949941,1.279677643805917,1.0077116938169974,1.0077116938169974,3.5823915133376385e-05,11.295131019509757,37.09339954343833,nan,1.037543922824278,nan
2.65,-98.2585220336914,-698.258544921875,-5.017477512359619,-99.49643194172309,-698.0341458424698,-5.036225880030427,1.258223902384321,1.007623857801262,1.007623857801262,3.651392666489655e-05,11.197299651901961,36.33196446499961,3.742302050925428,nan,nan
2.66,-98.2503433227539,-698.2503662109375,-5.017485618591309,-99.48886139451766,-698.024374070081,-5.035916258587213,1.2591025177899433,1.0076814654652388,1.0076814654652388,3.576022215952508e-05,11.071977006267948,36.29922292191376,nan,0.1919475381697764,nan
2.67,-98.2421646118164,-698.2421875,-5.017493724822998,-99.48128802863893,-698.0145995080221,-5.0361353626462995,1.2599883518791686,1.0077393026674621,1.0077393026674621,3.647145837425806e-05,11.10332426021849,36.34177965828014,nan,nan,nan
2.68,-98.2339859008789,-698.2340087890625,-5.017501354217529,-99.47371201147138,-698.0048222615119,-5.0357170960651265,1.2608644284563273,1.0077973695524323,1.0077973695524323,3.572075302848133e-05,10.866238591688482,36.12488261417814,nan,0.27598532416049076,nan
2.69,-98.22579956054688,-698.225830078125,-5.0175089836120605,-99.46613350218549,-697.9950423729756,-5.0359318414009095,1.2617569707824103,1.0078556662646494,1.0078556662646494,3.6431704135138994e-05,10.895392882384305,36.24502619795753,nan,nan,nan
2.7,-98.21761322021484,-698.2175903320312,-5.017516613006592,-99.43633821732158,-697.9818230380636,-5.036400530092748,1.2414642313825104,1.0077678602823248,1.0077678602823248,3.566237177033527e-05,11.528399897619508,35.24264490549198,3.549241689288438,0.061303036659114546,nan
2.71,-98.20942687988281,-698.2094116210938,-5.017523765563965,-99.4286675253117,-697.9720245536544,-5.036619031313118,1.2422821742371342,1.0078254663798791,1.0078254663798791,3.637220524092297e-05,11.555860174282035,37.01325728821838,nan,nan,nan
2.72,-98.20123291015625,-698.2012329101562,-5.017530918121338,-99.4209943394484,-697.9622236467696,-5.035193477158465,1.243082997375949,1.0078832982315458,1.0078832982315458,3.562790705416342e-05,10.289084982393081,35.8241078436398,nan,1.8423263363421987,nan
2.73,-98.19303894042969,-698.1930541992188,-5.017538070678711,-99.41331860915736,-697.9524202386874,-5.035397450176137,1.2439076052131623,1.007941355981825,1.007941355981825,3.633756274254773e-05,10.312422051866987,35.87056998801305,nan,nan,nan
2.74,-98.18484497070312,-698.1848754882812,-5.017544746398926,-99.40564033632624,-697.942614380934,-5.037051705379944,1.244753907528999,1.007999639775217,1.007999639775217,3.559579108997909e-05,12.226807016907575,37.80430956546739,nan,1.432983761079427,nan
2.75,-98.17664337158203,-698.1766357421875,-5.017551422119141,-99.36929372201963,-697.9372712329251,-5.037153786318753,1.216591336224111,1.007911862766239,1.007911862766239,3.6283042830580253e-05,12.058515406238978,35.11016093081243,6.378050682058535,nan,nan
2.7600000000000002,-98.16844177246094,-698.16845703125,-5.0175580978393555,-99.36149975580561,-697.9274778181561,-5.0368204923697,1.2173041413750436,1.007969467329511,1.007969467329511,3.5544538351989666e-05,11.908475364532396,36.72308379074049,nan,0.20819282105638298,nan
2.77,-98.16024017333984,-698.1602172851562,-5.01756477355957,-99.35370331199974,-697.9176821593583,-5.037034042318741,1.21801338375725,1.0080272940083566,1.0080272940083566,3.6253087689369776e-05,11.927094513944507,35.01159592040008,nan,nan,nan
2.7800000000000002,-98.15203094482422,-698.1520385742188,-5.017570972442627,-99.34590455907119,-697.9078843137568,-5.034349808664178,1.2186989123823018,1.0080853429472754,1.0080853429472754,3.551682912397601e-05,9.399681890856735,34.30697088433499,nan,5.7574455530828805,nan
2.79,-98.1438217163086,-698.1438598632812,-5.017577171325684,-99.33810351748333,-697.8980843229959,-5.034536418564751,1.2194270182699045,1.0081436142907678,1.0081436142907678,3.62253297684915e-05,9.41434492134119,34.34638198893965,nan,nan,nan
2.8000000000000003,-98.13561248779297,-698.1356201171875,-5.01758337020874,-99.32572792488928,-697.8783516577945,-5.032211070391385,1.2176928116015235,1.0080558652526277,1.0080558652526277,3.546985470240163e-05,7.503149495368248,32.133339329340025,0.8283954338531074,4.28432754151089,nan
2.81,-98.12740325927734,-698.1273803710938,-5.017589092254639,-99.31790492423868,-697.8685094114678,-5.032374593439035,1.218411670601784,1.0081134683121227,1.0081134683121227,3.617746305355742e-05,7.515103588118553,32.18003990335805,nan,nan,nan
2.82,-98.11918640136719,-698.1192016601562,-5.017595291137695,-99.31007976312878,-697.8586647347462,-5.033136726969065,1.2191587365136936,1.0081712899864335,1.0081712899864335,3.5446173603998865e-05,8.288230796841109,34.86973398680899,nan,0.2458440363525111,nan
2.83,-98.11096954345703,-698.1109619140625,-5.017601013183594,-99.30225250771518,-697.8488177478262,-5.033307810584558,1.2198858013388079,1.0082293304200607,1.0082293304200607,3.61538113336739e-05,8.299450367509058,33.075729374654046,nan,nan,nan
2.84,-98.10275268554688,-698.102783203125,-5.017606258392334,-99.29442306522704,-697.838968728664,-5.032075213355642,1.220608750337278,1.008287589757504,1.008287589757504,3.54243795947562e-05,7.387222399803154,34.02085873106885,nan,1.3590047508541399,nan
2.85,-98.09453582763672,-698.0945434570312,-5.017611980438232,-99.27767129401269,-697.8575289454113,-5.032327901263146,1.2067319374413041,1.0081998677411392,1.0081998677411392,3.610992065710421e-05,7.441341119235546,29.467559263877245,6.462393196518189,nan,nan
2.86,-98.08631134033203,-698.0863037109375,-5.017617225646973,-99.26980413337942,-697.8477823981611,-5.02982881017772,1.2073511215219979,1.0082574693258421,1.0082574693258421,3.538309954590571e-05,5.660130976992165,27.75236003534601,nan,4.889258321025004,nan
2.87,-98.07808685302734,-698.0780639648438,-5.017622470855713,-99.26193492267261,-697.8380339089939,-5.029964992167059,1.2079995933552377,1.0083152861551197,1.0083152861551197,3.6090008223908955e-05,5.668130670559676,27.78758842261688,nan,nan,nan
2.88,-98.06985473632812,-698.0698852539062,-5.017627716064453,-99.25406367362581,-697.8282833307944,-5.030145389648997,1.208668270692588,1.008373318373472,1.008373318373472,3.5364816973074385e-05,5.879328323284425,29.82573623767802,nan,0.0012989870206265256,nan
2.89,-98.06163024902344,-698.0616455078125,-5.017632961273193,-99.24619039629107,-697.818530690021,-5.030283786431371,1.209316997524504,1.0084315661253993,1.0084315661253993,3.6071845339258636e-05,5.886856107212086,28.061215339614833,nan,nan,nan
2.9,-98.05339813232422,-698.0534057617188,-5.017637729644775,-99.25894544236188,-697.8349525869965,-5.031475301338124,1.2252581706218713,1.0083438702314418,1.0083438702314418,3.5326925972509864e-05,6.908827670708301,27.437611361408347,8.011830252075029,0.6317645866508764,nan
2.91,-98.045166015625,-698.045166015625,-5.017642974853516,-99.25114411842063,-697.8252926195942,-5.031626789633892,1.2259376174098264,1.0084014703689237,1.0084014703689237,3.603322092497258e-05,6.9170628561353364,27.450047965707288,nan,nan,nan
2.92,-98.03693389892578,-698.0369262695312,-5.017647743225098,-99.24334088468007,-697.8156308886012,-5.031653498186294,1.2266155151757068,1.0084592825044894,1.0084592825044894,3.531182939000564e-05,7.046882292973407,27.604252416247387,nan,0.01094362685699583,nan
2.93,-98.02869415283203,-698.0286865234375,-5.01765251159668,-99.23553584839578,-697.8059671573199,-5.031805560472188,1.22730236819926,1.008517306782639,1.008517306782639,3.601829915987875e-05,7.0546577183340915,27.691793930027753,nan,nan,nan
2.94,-98.02045440673828,-698.0204467773438,-5.0176568031311035,-99.2277290517412,-697.7963014648242,-5.031880303376237,1.227988394713345,1.008575543347873,1.008575543347873,3.529822245117896e-05,7.226325591855818,27.88635070247783,nan,0.0042553940178257236,nan
2.95,-98.01221466064453,-698.01220703125,-5.0176615715026855,-99.22341364585512,-697.7893353951404,-5.032039113186508,1.2316174169206149,1.0084878727232236,1.0084878727232236,3.598279465334898e-05,7.2487026984978575,28.143168348859042,0.13489035625776954,nan,nan
2.96,-98.00397491455078,-698.0039672851562,-5.017665863037109,-99.21561575655416,-697.7796758312948,-5.030586262675376,1.2322934403025796,1.0085454714397386,1.0085454714397386,3.526479921202742e-05,6.23932109921229,27.147825523455175,nan,1.7960655458128145,nan
2.97,-97.99573516845703,-697.9957275390625,-5.017670154571533,-99.20781608264264,-697.7700145669393,-5.03072562532814,1.2329869965390527,1.0086032790252895,1.0086032790252895,3.597080128496333e-05,6.245555670094339,27.17081140025177,nan,nan,nan
2.98,-97.98748779296875,-697.9874877929688,-5.017674446105957,-99.20001459104184,-697.7603516031933,-5.031347633851308,1.2336932523176944,1.0086612956243761,1.0086612956243761,3.5253938396052984e-05,6.811870000917434,27.809371861331456,nan,0.1614331585668273,nan
2.99,-97.97924041748047,-697.979248046875,-5.017678737640381,-99.19221137194049,-697.7506870664894,-5.031493581391226,1.2343943891748481,1.008719521381499,1.008719521381499,3.5960175458980984e-05,6.817626378948813,27.82566655026132,nan,nan,nan
3.0,-97.97099304199219,-697.9710083007812,-5.0176825523376465,-99.15884611201237,-697.7535745813577,-5.030214267655068,1.2076544961981126,1.00863187521619,1.00863187521619,3.522314998354946e-05,5.90433430275932,25.459645737510026,5.768443198983796,1.5612838631071468,nan
3.0100000000000002,-97.9627456665039,-697.9627685546875,-5.01768684387207,-99.15094786017953,-697.7439515444081,-5.03034840320159,1.208249002535416,1.008689472536764,1.008689472536764,3.592876106707586e-05,5.909157054404863,25.47328007627306,nan,nan,nan
3.02,-97.9544906616211,-697.9544677734375,-5.017690658569336,-99.14304773975076,-697.7343268885015,-5.029682475461448,1.2088315601707653,1.008747275708881,1.008747275708881,3.521475988827292e-05,5.532079138131807,23.554578210500974,nan,0.44741942074879204,nan
3.0300000000000002,-97.94623565673828,-697.9462280273438,-5.017694473266602,-99.13514590710854,-697.7247004889308,-5.029810459524434,1.2094332684500466,1.0088052848770408,1.0088052848770408,3.592064347335633e-05,5.536522374892508,25.189487190262422,nan,nan,nan
3.04,-97.93798065185547,-697.93798828125,-5.017698287963867,-99.12724251435242,-697.7150723308825,-5.031390889768065,1.2100507368958144,1.008863500185744,1.008863500185744,3.520752283048042e-05,6.776379746620989,26.453596462441173,nan,1.4701014664546048,nan
3.0500000000000003,-97.92972564697266,-697.9297485351562,-5.017701625823975,-99.11517704760368,-697.7299529669252,-5.031565050671975,1.202250176498773,1.0087758777100626,1.0087758777100626,3.589162932093621e-05,6.78749778083997,24.459281713930174,4.273048146031817,nan,nan
3.06,-97.92147064208984,-697.9214477539062,-5.01770544052124,-99.10725584878713,-697.7204080529887,-5.031176591819898,1.202782187133015,1.0088334736585753,1.0088334736585753,3.518016943246897e-05,6.592196002132088,22.742314221353627,nan,0.1992494133153478,nan
3.0700000000000003,-97.9132080078125,-697.9132080078125,-5.017708778381348,-99.09933331752961,-697.7108615309994,-5.0313177028285665,1.2033380862645369,1.0088912725471906,1.0088912725471906,3.588575774398168e-05,6.595978167048948,24.350722011477856,nan,nan,nan
3.08,-97.90494537353516,-697.9049682617188,-5.017712593078613,-99.09140943003844,-697.7013135177989,-5.030111097227806,1.2038795350866403,1.0089492745204085,1.0089492745204085,3.517503515234253e-05,5.806545683463616,23.57366499437237,nan,1.2710884078327807,nan
3.09,-97.89668273925781,-697.8966674804688,-5.017715930938721,-99.0834841472666,-697.6917640448426,-5.030240391200804,1.2044251168453441,1.0090074797227295,1.0090074797227295,3.588093325899075e-05,5.809274261849147,22.050975950244858,nan,nan,nan
3.1,-97.88842010498047,-697.888427734375,-5.017719268798828,-99.08576324603041,-697.6816655306967,-5.0299151609068025,1.2151254857312286,1.0089198802045791,1.0089198802045791,3.514968750620872e-05,5.69493892277811,24.09013753739859,0.7386435516466789,0.16018344379311947,nan
3.11,-97.88015747070312,-697.8801879882812,-5.0177226066589355,-99.07787051900932,-697.6721112077196,-5.030041686989846,1.2157155310482934,1.0089774748038383,1.0089774748038383,3.585502816797238e-05,5.697256483927018,24.10102822070311,nan,nan,nan
3.12,-97.87188720703125,-697.8718872070312,-5.017725467681885,-99.0699762562888,-697.6625556017962,-5.027955451999996,1.2162819342078144,1.0090352695326645,1.0090352695326645,3.514642698514532e-05,4.4436079128759385,21.334462184583792,nan,3.430614212012333,nan
3.13,-97.8636245727539,-697.8636474609375,-5.017728805541992,-99.0620805513979,-697.6529984944879,-5.028061705600642,1.2168715990758643,1.0090932645355577,1.0090932645355577,3.585210177315605e-05,4.445362198957031,22.879341529183208,nan,nan,nan
3.14,-97.85535430908203,-697.8553466796875,-5.017731666564941,-99.05418347869595,-697.643439836376,-5.027330926753084,1.2174514503484626,1.0091514599570184,1.0091514599570184,3.514403958530116e-05,4.090602175866959,21.013558864515208,nan,0.4918253965536375,nan
3.15,-97.84712982177734,-697.8471069335938,-5.017735004425049,-99.05471009348895,-697.6432980805234,-5.027402173258749,1.2246965401152126,1.0090638826994907,1.0090638826994907,3.5828002466647475e-05,4.094727294742144,22.304009190243086,1.128257175474872,nan,nan
3.16,-97.8390121459961,-697.8388061523438,-5.017737865447998,-99.04694065553416,-697.6337689895385,-5.028520122023895,1.225254169282016,1.0091214759713016,1.0091214759713016,3.512127275865641e-05,4.797723455755661,21.452819723054738,nan,0.7263479986781355,nan
3.17,-97.83102416992188,-697.83056640625,-5.017740726470947,-99.03928945068193,-697.6242383544833,-5.028631291564427,1.2258037600056912,1.0091792666582269,1.0091792666582269,3.582675823674938e-05,4.79930797316095,23.05966303041236,nan,nan,nan
3.18,-97.82318115234375,-697.822265625,-5.0177435874938965,-99.03177609323537,-697.6147061386324,-5.027894109993089,1.2263301776589326,1.0092372549047668,1.0092372549047668,3.51204573134684e-05,4.423725289962421,21.138124885120018,nan,0.5056457115924611,nan
3.19,-97.81549072265625,-697.81396484375,-5.017746448516846,-99.0244088766682,-697.6051721560522,-5.027998731276424,1.226858834111545,1.0092954408554216,1.0092954408554216,3.582629733969415e-05,4.425074892943356,21.14291509402332,nan,nan,nan
3.2,-97.80794525146484,-697.8057250976562,-5.017749309539795,-99.0132960277733,-697.5675786043643,-5.026120186429874,1.2286799085988849,1.0092078851945612,1.0092078851945612,3.5099181276202196e-05,3.4921988649616473,24.67268286612502,5.9734016871386135,2.4808294423989117,nan
3.21,-97.80055236816406,-697.7974243164062,-5.017751693725586,-99.00621324578289,-697.5579459895644,-5.026206037932169,1.229243465218974,1.00926547715979,1.00926547715979,3.580450382426124e-05,3.4933800869091947,22.9661913979123,nan,nan,nan
3.22,-97.79329681396484,-697.7891235351562,-5.017754554748535,-98.99927772563855,-697.5483114421196,-5.025189414388741,1.229811245928376,1.009323263917243,1.009323263917243,3.509975093514973e-05,3.0732687560734275,22.648166928344907,nan,0.8550000520160657,nan
3.23,-97.78619384765625,-697.7808837890625,-5.017756938934326,-98.99248723496156,-697.5386749753814,-5.0252664973871,1.2303923110737884,1.0093812456114197,1.0093812456114197,3.580544281824552e-05,3.0747365093188535,24.338960722422467,nan,nan,nan
3.24,-97.77922821044922,-697.7725830078125,-5.017759323120117,-98.98583903482908,-697.5290365039273,-5.025888965452076,1.2309714343354279,1.009439422386821,1.009439422386821,3.510096556904516e-05,3.3839405666595948,22.997652374400875,nan,0.20803775434761307,nan
3.25,-97.77239990234375,-697.7642822265625,-5.017761707305908,-98.9389877374342,-697.5718547204484,-5.026144369802733,1.1823814067892193,1.0093518876895662,1.0093518876895662,3.578497355550458e-05,3.3486494177036685,17.998665339414686,31.341678375050318,nan,nan
3.2600000000000002,-97.76570892333984,-697.7559814453125,-5.017764568328857,-98.93248170722832,-697.5623870657561,-5.0239538000427775,1.1827408082956772,1.009409478368199,1.009409478368199,3.5081577638464884e-05,2.4777267986033387,17.164338654712434,nan,3.651275034470855,nan
3.27,-97.7591552734375,-697.7476806640625,-5.01776647567749,-98.92611023924064,-697.5529171782856,-5.024020790517224,1.183112768952602,1.0094672613034843,1.0094672613034843,3.578713810138331e-05,2.479620579822165,17.190196537847694,nan,nan,nan
3.2800000000000002,-97.75273132324219,-697.7393798828125,-5.017768859863281,-98.91987078499112,-697.5434449195845,-5.025080590482188,1.1834941885752412,1.009525236639922,1.009525236639922,3.508393513705207e-05,2.9112041902472385,17.67711495404462,nan,0.6913521804160163,nan
3.29,-97.74642944335938,-697.7310791015625,-5.017771244049072,-98.91376074199194,-697.5339700044951,-5.025159473855889,1.1838787703365465,1.0095834045220131,1.0095834045220131,3.5789873364040375e-05,2.91338891432558,17.762529427909627,nan,nan,nan
3.3000000000000003,-97.7402572631836,-697.7227783203125,-5.017773628234863,-98.9268849328979,-697.5244839707833,-5.02421736253673,1.2030990804163126,1.009495890184293,1.009495890184293,3.506562507967634e-05,2.6179051603324224,18.08593046518556,2.5738067131740423,0.6779836492286626,nan
3.31,-97.73420715332031,-697.7144775390625,-5.017775535583496,-98.92108858387157,-697.5150034618827,-5.024287829728736,1.2035447011345997,1.0095534795954897,1.0095534795954897,3.577106557873656e-05,2.6203647880821013,18.152827743201566,nan,nan,nan
3.3200000000000003,-97.72827911376953,-697.7061767578125,-5.017777919769287,-98.91541390733846,-697.5055201764993,-5.023765286957491,1.2039883430881242,1.0096112588111,1.0096112588111,3.506897610845681e-05,2.457982873493876,18.03485352396283,nan,0.24809212491269778,nan
3.33,-97.72246551513672,-697.6978759765625,-5.01777982711792,-98.90985861580343,-697.4960341108334,-5.023831607726886,1.2044414217056967,1.0096692279756239,1.0096692279756239,3.577480253226188e-05,2.460488912289766,18.12030851347178,nan,nan,nan
3.34,-97.71676635742188,-697.6895751953125,-5.017782211303711,-98.904420214073,-697.4865451476055,-5.025290710316344,1.204906328744112,1.009727387233562,1.009727387233562,3.5072790203661374e-05,3.0452015825199523,18.771553248588503,nan,1.3621942567069933,nan
3.35,-97.711181640625,-697.6812744140625,-5.017784118652344,-98.90132768749326,-697.4907166219843,-5.0252936292316495,1.205328286296724,1.009639892678539,1.009639892678539,3.575693728242244e-05,3.0160026657637116,17.99819972344181,1.5978827884510463,nan,nan
3.36,-97.7057113647461,-697.6729125976562,-5.017786026000977,-98.89612346546012,-697.4812663436667,-5.022561875826641,1.2057495863305026,1.0096974808406836,1.0096974808406836,3.505581858442031e-05,2.0904870511650797,15.646307197613154,nan,5.569961643081691,nan
3.37,-97.70034790039062,-697.6646118164062,-5.017787933349609,-98.89102937219327,-697.4718130394656,-5.022616235862968,1.2061994230595106,1.0097552564345864,1.0097552564345864,3.5761538136402686e-05,2.0927256445139,17.194049567888896,nan,nan,nan
3.38,-97.6950912475586,-697.6563110351562,-5.017789840698242,-98.88604326329045,-697.4623564370712,-5.023967547370205,1.2066578860446808,1.0098132196047478,1.0098132196047478,3.506043641866535e-05,2.5303581318854613,17.705562266451537,nan,1.181800969267063,nan
3.39,-97.68994140625,-697.64794921875,-5.017791748046875,-98.88116308549681,-697.4528965134525,-5.024036807363724,1.207101341113216,1.0098713704956679,1.0098713704956679,3.576654220369792e-05,2.5332380671016885,16.28997586932781,nan,nan,nan
3.4,-97.68489837646484,-697.6396484375,-5.017793655395508,-98.90299214523637,-697.4545804222179,-5.022676759562089,1.2320821581805261,1.0097838951721105,1.0097838951721105,3.504421906955208e-05,2.183712205621072,17.428715825075056,5.98952003414119,1.2829906080368552,nan
3.41,-97.67994689941406,-697.6312866210938,-5.017795085906982,-98.89840275899185,-697.445149791566,-5.022732837018977,1.2326013071679476,1.0098414821028576,1.0098414821028576,3.574983325776206e-05,2.1864753273211655,16.11563500930543,nan,nan,nan
3.42,-97.67509460449219,-697.6229248046875,-5.017796993255615,-98.89391291145506,-697.4357160522115,-5.0221188678189685,1.2331195647589044,1.0098992541687626,1.0098992541687626,3.504952392554704e-05,2.0385804812834927,16.01993238004346,nan,0.31713869477167417,nan
3.43,-97.67034149169922,-697.6146240234375,-5.017798900604248,-98.88952075130275,-697.4262791635756,-5.022170434725082,1.2336494492336116,1.0099572115143256,1.0099572115143256,3.575552816466299e-05,2.0413391476902834,17.534111632909433,nan,nan,nan
3.44,-97.66568756103516,-697.6062622070312,-5.017800331115723,-98.88522425707919,-697.4168390096705,-5.0212185452952705,1.2341647316645086,1.0100153542840469,1.0100153542840469,3.505515027790718e-05,1.8413560189030789,15.898844414587234,nan,0.7101761348420393,nan
3.45,-97.66112518310547,-697.597900390625,-5.0178022384643555,-98.84656807824942,-697.3681279460674,-5.021375828753557,1.2075110784058307,1.0099278976648234,1.0099278976648234,3.573946635215252e-05,1.8010603589921688,18.525081110436716,19.30373667312997,nan,nan
3.46,-97.65664672851562,-697.5895385742188,-5.01780366897583,-98.8423477112771,-697.3585566224774,-5.021899312906541,1.2079967950499593,1.0099854833811415,1.0099854833811415,3.503984560401351e-05,1.9235330270676358,18.759002261286955,nan,0.15993183475636544,nan
3.47,-97.65225982666016,-697.5812377929688,-5.017805099487305,-98.83821743010924,-697.348982111918,-5.0219519504154855,1.208493001606413,1.0100432520087472,1.0100432520087472,3.57457456912364e-05,1.92699110005,20.4918981476944,nan,nan,nan
3.48,-97.64796447753906,-697.5728759765625,-5.0178070068359375,-98.83417539295934,-697.339404332315,-5.02274840362035,1.208978809546316,1.0101012036921408,1.0101012036921408,3.504601428832448e-05,2.1437130971370646,19.087223625055124,nan,0.38863599805616506,nan
3.49,-97.64375305175781,-697.5645141601562,-5.017808437347412,-98.83021992595016,-697.3298232336676,-5.022810390947663,1.209466202120449,1.0101593385758223,1.0101593385758223,3.575229960416548e-05,2.1478742737642165,19.185446236421996,nan,nan,nan
3.5,-97.6396255493164,-697.55615234375,-5.017809867858887,-98.831009460789,-697.3331368756085,-5.022416205987418,1.2120861115849322,1.0100719001565017,1.0100719001565017,3.5031216678753957e-05,2.060180498029164,18.449712847446285,3.1652059054485115,0.04396946136693592,nan
3.5100000000000002,-97.63558197021484,-697.5477905273438,-5.017811298370361,-98.82723664656551,-697.3235895877852,-5.0224737988270425,1.212571098071298,1.0101294846747133,1.0101294846747133,3.573700798050525e-05,2.063865305547723,18.52512176795738,nan,nan,nan
3.52,-97.6316146850586,-697.5393676757812,-5.017812728881836,-98.82354527535973,-697.3140388918742,-5.024677996892096,1.213061715189086,1.0101872499499371,1.0101872499499371,3.503783866206873e-05,2.8018040951611685,17.79262119041856,nan,3.2435354014375215,nan
3.5300000000000002,-97.62773132324219,-697.531005859375,-5.0178141593933105,-98.819933804824,-697.304484754628,-5.0247588983034905,1.2135513163373752,1.0102451961266736,1.0102451961266736,3.5744016401633126e-05,2.807023822385044,19.421011756257247,nan,nan,nan
3.54,-97.62391662597656,-697.5226440429688,-5.017815589904785,-98.8164007315325,-697.2949270565258,-5.027131652585876,1.214067608060634,1.010303323349423,1.010303323349423,3.5044674916920886e-05,3.9353677372660583,20.684260297267638,nan,3.696493192198254,nan
3.5500000000000003,-97.62018585205078,-697.5142822265625,-5.01781702041626,-98.79618941250976,-697.2578793057868,-5.027219602759132,1.2036674127636875,1.010215902646977,1.010215902646977,3.572914943518437e-05,3.9084861684394356,23.027710979670076,7.124743923267748,nan,nan
3.56,-97.61653137207031,-697.505859375,-5.017817974090576,-98.79275627559443,-697.2482292143322,-5.02646103180699,1.2041399527474783,1.010273485982795,1.010273485982795,3.503046904600524e-05,3.5676336742537034,21.0287958740737,nan,0.5270659848659854,nan
3.5700000000000003,-97.61294555664062,-697.4974975585938,-5.017819404602051,-98.7893967123459,-697.2385758450185,-5.026559543930118,1.204638603713364,1.010331247987987,1.010331247987987,3.573653225730072e-05,3.573829109691026,22.86025885971499,nan,nan,nan
3.58,-97.60942840576172,-697.4890747070312,-5.017820835113525,-98.78610931119209,-697.228919174211,-5.027094560147595,1.2051327132052465,1.0103891888070524,1.0103891888070524,3.5037651751684784e-05,3.8918849888816984,21.537266120432356,nan,0.13367763650582623,nan
3.59,-97.60598754882812,-697.480712890625,-5.017821788787842,-98.782892772862,-697.2192591948764,-5.027199198637608,1.2056333925345337,1.0104473085844918,1.0104473085844918,3.5744093682635903e-05,3.8985856910562044,23.3278632571565,nan,nan,nan
3.6,-97.60260772705078,-697.4722900390625,-5.017823219299316,-98.82488276759655,-697.2043723824855,-5.025817769055185,1.2513193270595047,1.0103599051360888,1.0103599051360888,3.5023769534953426e-05,3.374523024508946,22.868606535668548,14.85386603025435,1.8333794272101593,nan
3.61,-97.59930419921875,-697.4639282226562,-5.017824649810791,-98.8219422797201,-697.1946897850985,-5.025911017452264,1.251957907236587,1.010417487304652,1.010417487304652,3.5729710257168925e-05,3.3812850421076837,24.67044920511932,nan,nan,nan
3.62,-97.59606170654297,-697.4555053710938,-5.017825603485107,-98.81906843578507,-697.1850038038126,-5.027464721835326,1.2526010818594988,1.010475246118792,1.010475246118792,3.503123257568964e-05,4.204931146177007,23.8270994631105,nan,1.5013711445961961,nan
3.63,-97.59288024902344,-697.4470825195312,-5.017826557159424,-98.81625997373162,-697.1753144057755,-5.027574371955557,1.2532401519161236,1.0105331817230088,1.0105331817230088,3.573755188826257e-05,4.2129706720477245,23.945006926292173,nan,nan,nan
3.64,-97.58976745605469,-697.438720703125,-5.017827987670898,-98.81351558845944,-697.1656215898671,-5.0288415561901445,1.253899483977043,1.0105912942618023,1.0105912942618023,3.503883117791949e-05,5.01750222418048,26.58465846738592,nan,0.942394576629299,nan
3.65,-97.58671569824219,-697.4302978515625,-5.017828941345215,-98.77853637667917,-697.1575171235559,-5.028933905217446,1.222689320859729,1.0105039076236828,1.0105039076236828,3.572343076766964e-05,4.931389634946958,24.23855552943536,7.22146147799766,nan,nan
3.66,-97.58372497558594,-697.421875,-5.017829895019531,-98.77581822880917,-697.1478226248402,-5.027720754097797,1.2232288656684038,1.0105614886395882,1.0105614886395882,3.502530628563361e-05,4.273651612193802,23.65314110612926,nan,1.2603654690980126,nan
3.67,-97.58079528808594,-697.4134521484375,-5.017831325531006,-98.77316030031943,-697.1381251538965,-5.027832151394184,1.223780737239941,1.0106192443384725,1.0106192443384725,3.5731493984460854e-05,4.2809174424862535,23.71060728595942,nan,nan,nan
3.68,-97.57792663574219,-697.405029296875,-5.017832279205322,-98.77056120693976,-697.1284245424301,-5.026580847228058,1.2243218318888087,1.0106771748648362,1.0106771748648362,3.503310932239059e-05,3.6677699682879292,23.16637056014223,nan,1.3104261753210735,nan
3.69,-97.57510375976562,-697.3966064453125,-5.017833232879639,-98.76801995001817,-697.1187206812112,-5.026680615333902,1.224886856421066,1.0107352803631795,1.0107352803631795,3.573966660180883e-05,3.674511239542268,23.3184661137197,nan,nan,nan
3.7,-97.57234954833984,-697.38818359375,-5.017834186553955,-98.78576743613768,-697.1265171616643,-5.026482547579914,1.2413408420964167,1.010647910109611,1.010647910109611,3.5019776617279876e-05,3.6603871550514264,22.498221818477937,5.683780472370577,0.13154161269347953,nan
3.71,-97.56964111328125,-697.3797607421875,-5.0178351402282715,-98.78339914442901,-697.1168596279797,-5.026582725041685,1.2419348107962294,1.0107054899869428,1.0107054899869428,3.5725823408066476e-05,3.667863870702967,22.654001014057602,nan,nan,nan
3.72,-97.5669937133789,-697.3712768554688,-5.017836093902588,-98.78108538766524,-697.1071988888184,-5.025921529537574,1.2425059920624086,1.0107632426433564,1.0107632426433564,3.5027736452608113e-05,3.3936741203551937,20.68477625220746,nan,0.40969136642770276,nan
3.73,-97.56439208984375,-697.3628540039062,-5.017837047576904,-98.77882507302799,-697.0975349301592,-5.026015830836028,1.2431044099492825,1.010821168223352,1.010821168223352,3.573415224492739e-05,3.40064794983442,22.53503199716523,nan,nan,nan
3.74,-97.56185150146484,-697.3544311523438,-5.017838001251221,-98.77661696651931,-697.0878676841891,-5.024177036809537,1.2436846067293208,1.0108792668714304,1.0108792668714304,3.50357761986737e-05,2.6769892076648176,21.818047625122514,nan,2.6359622077955915,nan
3.75,-97.55935668945312,-697.345947265625,-5.017838954925537,-98.79992376941239,-697.1127128591006,-5.024275395890606,1.2623178664812331,1.0107919125937317,1.0107919125937317,3.5720457305563667e-05,2.73616988581486,18.46649904161,12.653983777772886,nan,nan
3.7600000000000002,-97.5569076538086,-697.3375244140625,-5.0178399085998535,-98.7978924968203,-697.1031419275049,-5.024137581475431,1.2629402960050595,1.01084949134609,1.01084949134609,3.502263598342592e-05,2.7102895564404754,20.146763432268557,nan,0.0329044107014242,nan
3.77,-97.55451202392578,-697.3291015625,-5.017840385437012,-98.79591019594527,-697.0935679003323,-5.0242144064164,1.2635609030240196,1.0109072410299669,1.0109072410299669,3.572890083002965e-05,2.7164421884108014,20.174199721689057,nan,nan,nan
3.7800000000000002,-97.55216217041016,-697.3206176757812,-5.017841339111328,-98.79397612978481,-697.083990877253,-5.024322818353951,1.2641741023500945,1.0109651617898627,1.0109651617898627,3.503078126177721e-05,2.7799797016394394,18.710433030750483,nan,0.0006665276110235507,nan
3.79,-97.54986572265625,-697.3121948242188,-5.0178422927856445,-98.7920895334921,-697.074410744799,-5.024401809420339,1.2647941697728986,1.011023253770278,1.011023253770278,3.5737405901473376e-05,2.7862038716721598,20.339819576483972,nan,nan,nan
3.8000000000000003,-97.547607421875,-697.3037109375,-5.017843246459961,-98.79675700913556,-697.0470741973443,-5.025612164944396,1.2752636840455414,1.0109359150759083,1.0109359150759083,3.5017742937561806e-05,3.332231185462545,21.226255520373503,2.5390887767625667,0.9724018272959581,nan
3.81,-97.54539489746094,-697.2952270507812,-5.017843723297119,-98.79498142331964,-697.0374356638247,-5.02570408595759,1.2759250252651089,1.0109934927164352,1.0109934927164352,3.5723847545167224e-05,3.3397463169980135,21.291525185237436,nan,nan,nan
3.8200000000000003,-97.54322814941406,-697.2868041992188,-5.0178446769714355,-98.79325033568357,-697.0277941379478,-5.025216634399448,1.276595481647138,1.0110512394950093,1.0110512394950093,3.5025960602046615e-05,3.163414005426528,22.884790796081248,nan,0.23749835179050216,nan
3.83,-97.54110717773438,-697.2783203125,-5.017845630645752,-98.79156300769898,-697.0181497485042,-5.025304802891719,1.277256491200159,1.0111091555561311,1.0111091555561311,3.5732424558380554e-05,3.1705131192933576,21.203123602410443,nan,nan,nan
3.84,-97.53902435302734,-697.2698364257812,-5.01784610748291,-98.78991853212953,-697.0085026177522,-5.025393804519594,1.2779235400685132,1.0111672410443007,1.0111672410443007,3.645323242402905e-05,3.177758664555798,21.314528428956276,nan,nan,nan
3.85,-97.5369873046875,-697.2613525390625,-5.017847061157227,-98.78935284667438,-697.0435741482968,-5.025560395007603,1.2711830606799612,1.0110799175560097,1.0110799175560097,3.7164624802150974e-05,3.1990038696637555,18.251002401889277,13.991663380413616,nan,nan
3.86,-97.53498840332031,-697.2528686523438,-5.017847537994385,-98.78779421454077,-697.0340515487215,-5.025191222585889,1.2717929293594652,1.0111374940974138,1.0111374940974138,3.638100810704908e-05,3.081946610579735,18.214938726649425,nan,0.13906720815505633,nan
3.87,-97.53302764892578,-697.244384765625,-5.017848491668701,-98.7862756585363,-697.0245261319811,-5.025280163776099,1.2724085908743228,1.0111952380353597,1.0111952380353597,3.711401860071092e-05,3.0891545381416465,18.294734685188818,nan,nan,nan
3.88,-97.5311050415039,-697.2359008789062,-5.017848968505859,-98.78479663577441,-697.0149978945634,-5.0257754305921445,1.2730292890728412,1.0112531495143477,1.0112531495143477,3.633314738198442e-05,3.3317493965323135,18.60596501816135,nan,0.10751863889662151,nan
3.89,-97.52922058105469,-697.2274169921875,-5.017849922180176,-98.78335643471722,-697.0054668861109,-5.025870312097433,1.2736494477224503,1.011311228678878,1.011311228678878,3.706486931200183e-05,3.3394911327978263,18.669265860727478,nan,nan,nan
3.9,-97.52738189697266,-697.2189331054688,-5.017850399017334,-98.77495187694483,-697.0365402315016,-5.0246137106773645,1.2608504105508989,1.01122392003391,1.01122392003391,3.6264007421165926e-05,2.8334248908171644,15.377902801750528,11.711328174515856,1.1424466358746668,nan
3.91,-97.52557373046875,-697.21044921875,-5.017850875854492,-98.77356686520073,-697.027120628993,-5.024696647306585,1.261405208783934,1.0112814954884892,1.0112814954884892,3.6993589855475576e-05,2.8401764623643615,15.49393322857159,nan,nan,nan
3.92,-97.5238037109375,-697.2019653320312,-5.017851829528809,-98.77221834598318,-697.017698372011,-5.024780403386183,1.2619593569870025,1.0113392366480536,1.0113392366480536,3.7737723947541734e-05,2.8467111116880486,15.525661165492652,nan,nan,nan
3.93,-97.52206420898438,-697.1934814453125,-5.017852306365967,-98.77090560692277,-697.0082733913566,-5.024865152627936,1.26251971884305,1.0113971436571032,1.0113971436571032,3.84965541975644e-05,2.8534628489107234,15.63805806823844,nan,nan,nan
3.94,-97.5203628540039,-697.1849975585938,-5.017852783203125,-98.76962801080263,-696.998845760448,-5.025605172060904,1.2630819543787473,1.011455216660138,1.011455216660138,3.7628364713882263e-05,3.174435152215995,15.971247136974016,nan,0.260772095940926,nan
3.95,-97.51869201660156,-697.1764526367188,-5.017853736877441,-98.7749643084739,-696.9881717042746,-5.025649260443092,1.2703269465125422,1.011367922509488,1.011367922509488,3.835894953615264e-05,3.179782467750727,15.1362065482254,0.4028899379304305,nan,nan
3.96,-97.51705932617188,-697.16796875,-5.0178542137146,-98.77377349915614,-696.9787353631356,-5.025153664680465,1.270902462531291,1.0114254968891512,1.0114254968891512,3.749831478884485e-05,3.0178112463768425,16.35370729900079,nan,0.2125223330353966,nan
3.97,-97.51545715332031,-697.1594848632812,-5.017854690551758,-98.77261575221148,-696.9692964224223,-5.025241846515777,1.271484941269693,1.011483235330276,1.011483235330276,3.8250357121817085e-05,3.024921381188048,16.432603797637707,nan,nan,nan
3.98,-97.5138931274414,-697.1509399414062,-5.017855167388916,-98.77149041240457,-696.9598550448067,-5.023757756071386,1.2720452859109863,1.0115411379773624,1.0115411379773624,3.739594894498796e-05,2.5312696361064995,14.532947513540584,nan,1.5267700177818895,nan
3.99,-97.5123519897461,-697.1424560546875,-5.017855644226074,-98.77039661562304,-696.9504111752331,-5.023832322889765,1.272632404549873,1.0115992049749107,1.0115992049749107,3.8145312958044436e-05,2.537424478197937,16.060264954791705,nan,nan,nan
4.0,-97.5108413696289,-697.1339111328125,-5.017856597900391,-98.78001141337445,-696.9671392929345,-5.025004092869323,1.2801002043596859,1.0115119249826263,1.0115119249826263,3.7273246124336685e-05,2.9905559081432815,14.103798060932746,5.660026186070356,0.8386651761026499,nan
4.01,-97.50936889648438,-697.1254272460938,-5.017857074737549,-98.77900914840785,-696.9577642707758,-5.025090843348339,1.2806832434310589,1.011569498298913,1.011569498298913,3.80191285114712e-05,2.9976833960784752,15.36715787409462,nan,nan,nan
4.0200000000000005,-97.50791931152344,-697.1168823242188,-5.017857551574707,-98.77803673945104,-696.9483868145124,-5.025793452498828,1.2812696812303377,1.0116272340793515,1.0116272340793515,3.7177752572761345e-05,3.3167054045581956,14.498615883938696,nan,0.23600558006353514,nan
4.03,-97.50650024414062,-697.1083374023438,-5.017858028411865,-98.77709353854638,-696.939007003885,-5.025888334921668,1.2818520154267905,1.0116851324684417,1.0116851324684417,3.7921253072947166e-05,3.3246215512987574,14.526483198208073,nan,nan,nan
4.04,-97.5051040649414,-697.099853515625,-5.017858505249023,-98.77617876755374,-696.9296246388393,-5.02301228146827,1.282433363384657,1.0117431936106842,1.0117431936106842,3.708557423143449e-05,2.341739417300893,14.957147514029229,nan,5.541913092380607,nan
4.05,-97.50374603271484,-697.09130859375,-5.017858982086182,-98.74244307965614,-696.8702301527675,-5.022940960282475,1.2582813189707385,1.0116559274532129,1.0116559274532129,3.78025335111652e-05,2.248199485942662,15.85741636505063,25.400731652898774,nan,nan
4.0600000000000005,-97.50241088867188,-697.082763671875,-5.01785945892334,-98.74149160680057,-696.8607031166193,-5.023317790798999,1.258833471760912,1.011713499717312,1.011713499717312,3.6973449028448084e-05,2.3720901472389473,16.0641914473645,nan,0.06102264401024821,nan
4.07,-97.5010986328125,-697.07421875,-5.017859935760498,-98.74056691255058,-696.8511737870193,-5.023387695876704,1.2593892282054115,1.0117712328927366,1.0117712328927366,3.771165093140435e-05,2.377835415260815,16.146961956278755,nan,nan,nan
4.08,-97.49981689453125,-697.0657348632812,-5.017860412597656,-98.73966845998156,-696.8416421978851,-5.0233403470030735,1.25995216445507,1.0118291271239872,1.0118291271239872,3.688791658120115e-05,2.3829698952330225,17.700467045710777,nan,0.00883829292923162,nan
4.09,-97.4985580444336,-697.0571899414062,-5.0178608894348145,-98.73879594038618,-696.8321084132488,-5.023410858883184,1.2605088397292157,1.0118871825555635,1.0118871825555635,3.762413246765876e-05,2.3888675974018696,16.229539280046367,nan,nan,nan
4.1,-97.49732208251953,-697.0486450195312,-5.017861366271973,-98.74750214409599,-696.8102851189283,-5.023205591857216,1.2727113534992456,1.0117999299211387,1.0117999299211387,3.6782654892926145e-05,2.377348647803319,17.587455721311322,1.9879924007471153,0.022350909438441487,nan
4.11,-97.4961166381836,-697.0401000976562,-5.017861843109131,-98.74670629254462,-696.8007126138489,-5.023274589352243,1.2733067771830715,1.0118575011439068,1.0118575011439068,3.75160824615365e-05,2.3832221247933942,17.58072151064866,nan,nan,nan
4.12,-97.49493408203125,-697.0315551757812,-5.017862319946289,-98.7459347116194,-696.7911378314683,-5.021890030860374,1.273899249207584,1.0119152317680118,1.0119152317680118,3.6703570832857136e-05,2.0456804288307744,17.302161715090246,nan,1.3559916013595266,nan
4.13,-97.4937744140625,-697.0230102539062,-5.017862319946289,-98.74518704443454,-696.7815608719303,-5.021946796066378,1.2744991402336914,1.0119731219379542,1.0119731219379542,3.743525983035633e-05,2.0507610665005873,17.362446393903028,nan,nan,nan
4.14,-97.49263763427734,-697.0144653320312,-5.017862796783447,-98.74446267022856,-696.7719818994698,-5.02324975359175,1.2751051544891132,1.0120311717982338,1.0120311717982338,3.662758581552362e-05,2.3988156285753814,17.74218053765227,nan,0.9980761649637089,nan
4.15,-97.49152374267578,-697.0059204101562,-5.0178632736206055,-98.78625101219079,-696.7574797025746,-5.02334337458837,1.3183594043795697,1.0119439323862989,1.0119439323862989,3.7334078402948046e-05,2.5219267580399602,19.794026604112343,12.601439739752223,nan,nan
4.16,-97.49042510986328,-696.9973754882812,-5.017863750457764,-98.78568852010814,-696.7478832143626,-5.023111127289659,1.3190834816750119,1.012001502578276,1.012001502578276,3.653208535386878e-05,2.4730392885215084,19.87613404885552,nan,0.05987845109125498,nan
4.17,-97.48925018310547,-696.9888305664062,-5.017864227294922,-98.78509377680602,-696.738284531243,-5.023180941862077,1.3198530988426544,1.0120592307028724,1.0120592307028724,3.725971409631372e-05,2.4798872341071814,19.792299304684175,nan,nan,nan
4.18,-97.48798370361328,-696.9802856445312,-5.01786470413208,-98.78441287564554,-696.7286836889706,-5.020759488371459,1.320621263615726,1.0121171169045884,1.0121171169045884,3.646222970778945e-05,1.9529732193143372,19.382573366930053,nan,4.034209199458291,nan
4.19,-97.48663330078125,-696.9716796875,-5.01786470413208,-98.7836469964917,-696.7190809263334,-5.020806708180571,1.321385377696908,1.0121751613279242,1.0121751613279242,3.71884464169092e-05,1.9577919255311977,17.831924812121837,nan,nan,nan
4.2,-97.48519897460938,-696.963134765625,-5.017865180969238,-98.80441403344399,-696.7059382590861,-5.01929984635902,1.3440537462083155,1.0120879348485918,1.0120879348485918,3.637297487616127e-05,1.8414903769753552,20.639510463162036,4.692803598853047,1.227108076768854,nan
4.21,-97.48368835449219,-696.95458984375,-5.0178656578063965,-98.80353963186946,-696.6963217649248,-5.01933152838527,1.344883617162093,1.0121455040200178,1.0121455040200178,3.709697335272307e-05,1.8449289408227691,20.59245172838816,nan,nan,nan
4.22,-97.48208618164062,-696.9459838867188,-5.017866134643555,-98.80258298663186,-696.6867031912276,-5.018183407160375,1.345711110048621,1.012203229695124,1.012203229695124,3.630900462159805e-05,1.791877792577759,19.09338136124327,nan,0.9133711925052428,nan
4.23,-97.48040771484375,-696.9374389648438,-5.017866134643555,-98.80154498442478,-696.6770825716143,-5.0182054165064605,1.346547159101255,1.0122611120184104,1.0122611120184104,3.7031794091634386e-05,1.7943351742483846,20.709493259485416,nan,nan,nan
4.24,-97.47865295410156,-696.9288940429688,-5.017866611480713,-98.80042649201302,-696.6674601030455,-5.018345764002993,1.3473801319797918,1.0123191511343774,1.0123191511343774,3.6247853739403615e-05,1.7996743704496054,20.691244224633316,nan,0.009052329299054812,nan
4.25,-97.47681427001953,-696.9202880859375,-5.017867088317871,-98.79661418732535,-696.7150985090881,-5.01839483257002,1.3356552184909383,1.0122319373079198,1.0122319373079198,3.694649125324488e-05,1.7699551192658092,15.54848211462767,22.62205269172567,nan,nan
4.26,-97.47489929199219,-696.9117431640625,-5.017867088317871,-98.79533051171182,-696.7056269466042,-5.016955791167397,1.3364218389311473,1.0122895054687484,1.0122895054687484,3.6167387347980494e-05,1.787301278589047,16.991658668998745,nan,1.4183133232483758,nan
4.2700000000000005,-97.47290802001953,-696.9031982421875,-5.017867565155029,-98.79396925892758,-696.6961537814185,-5.0169687626590616,1.337187725611594,1.012347228742674,1.012347228742674,3.688712809903765e-05,1.7881622507491857,17.00814608446572,nan,nan,nan
4.28,-97.47084045410156,-696.8945922851562,-5.0178680419921875,-98.79253131165183,-696.6866790123136,-5.017541069253004,1.3379442286086842,1.0124051072741969,1.0124051072741969,3.611174935804298e-05,1.7711209968665702,15.604322747082703,nan,0.20651989964470796,nan
4.29,-97.46869659423828,-696.8860473632812,-5.0178680419921875,-98.79101733916426,-696.6772026151434,-5.017561605339055,1.3387114607673165,1.0124631412078173,1.0124631412078173,3.6830545374407816e-05,1.7726370388403412,17.075545332538162,nan,nan,nan
4.3,-97.46647644042969,-696.87744140625,-5.017868518829346,-98.79304166767177,-696.6777404853792,-5.017458926142486,1.3415125521927302,1.012375939764188,1.012375939764188,3.6036838319944576e-05,1.7823110088297844,15.447953583406365,0.804705648732532,0.0066586272685902415,nan
4.3100000000000005,-97.46417999267578,-696.868896484375,-5.017868995666504,-98.79138778102374,-696.668287973605,-5.0174802206452185,1.3422832931951756,1.0124335069241004,1.0124335069241004,3.675387651910953e-05,1.7837100313671324,16.90453332585837,nan,nan,nan
4.32,-97.4618148803711,-696.8602905273438,-5.017868995666504,-98.78966044229045,-696.6588341307249,-5.017724656873999,1.3430407800514736,1.012491227843527,1.012491227843527,3.5986445129550546e-05,1.7820842586123857,15.473966843729176,nan,0.03295597486858383,nan
4.33,-97.45938110351562,-696.8516845703125,-5.017869472503662,-98.7878606309759,-696.64937884902,-5.017750023709145,1.343795175618956,1.0125491026669675,1.0125491026669675,3.670270221991743e-05,1.7837940688645224,15.448455909625114,nan,nan,nan
4.34,-97.45687103271484,-696.8431396484375,-5.017869472503662,-98.78598917590949,-696.6399222351288,-5.018370451518987,1.3445640953933922,1.0126071315389222,1.0126071315389222,3.593855702680557e-05,1.792327870560416,16.962935004498107,nan,0.23609509432549244,nan
4.3500000000000005,-97.45429229736328,-696.8345336914062,-5.01786994934082,-98.7793491612606,-696.6148867422183,-5.018369885050651,1.3431383863119462,1.0125199422173043,1.0125199422173043,3.663145842566106e-05,1.7885365046318393,16.488429456795238,1.8711683171869586,nan,nan
4.36,-97.4516372680664,-696.825927734375,-5.01786994934082,-98.77732436237213,-696.605386317482,-5.018621319634295,1.3439067501620847,1.0125775083857234,1.0125775083857234,3.5871386198985006e-05,1.7993892790923198,16.630071856823655,nan,0.031897535224222257,nan
4.37,-97.44892120361328,-696.8173828125,-5.0178704261779785,-98.77523024129398,-696.5958846093162,-5.018658015813614,1.3446775590246953,1.0126352269957786,1.0126352269957786,3.658540546043102e-05,1.8025504885032595,18.023324811832843,nan,nan,nan
4.38,-97.44613647460938,-696.8087768554688,-5.017870903015137,-98.77306771497207,-696.5863816212553,-5.019616316106403,1.3454401522617747,1.0126930981919706,1.0126930981919706,3.582834630236105e-05,1.8725465412984472,16.639786279052824,nan,0.5705686971246681,nan
4.39,-97.44328308105469,-696.8001708984375,-5.017870903015137,-98.77083747198907,-696.5768775193803,-5.019664133759849,1.3462034800491445,1.0127511221187993,1.0127511221187993,3.6541793958614024e-05,1.8774431480948603,16.68668125119152,nan,nan,nan
4.4,-97.44036102294922,-696.7916259765625,-5.017871379852295,-98.72202700145301,-696.5846862023271,-5.017112356315469,1.2982651218959114,1.01266394466718,1.01266394466718,3.576601429849977e-05,1.6805216452014227,15.510150051650005,17.3686854881104,4.2266134074474975,nan
4.41,-97.4373779296875,-696.7830200195312,-5.017871379852295,-98.71954137527696,-696.5752254263776,-5.017135600905471,1.298892695922327,1.012721509853281,1.012721509853281,3.6478068797063084e-05,1.6807695575831916,14.046549375200406,nan,nan,nan
4.42,-97.434326171875,-696.7744140625,-5.017871856689453,-98.71699042807566,-696.5657637080161,-5.018739401592622,1.2995242657200399,1.012779226197611,1.012779226197611,3.5727547216599716e-05,1.6885197295426113,14.112640352451443,nan,1.6893479374826212,nan
4.43,-97.43121337890625,-696.7658081054688,-5.017871856689453,-98.7143749834661,-696.5563010187694,-5.018780257350791,1.3001529709944166,1.01283709384467,1.01283709384467,3.6439159462910346e-05,1.6916179112551504,14.108616033723509,nan,nan,nan
4.44,-97.42803192138672,-696.7572021484375,-5.017871856689453,-98.71169573710003,-696.5468373409036,-5.018998615442984,1.300787228414285,1.0128951129389583,1.0128951129389583,3.569125812208711e-05,1.7060761195073417,14.200558457198511,nan,0.021148046633519445,nan
4.45,-97.42478942871094,-696.7486572265625,-5.017872333526611,-98.71406184254579,-696.5640020342,-5.019083853698678,1.3024294088061328,1.012807947113729,1.012807947113729,3.6380108415602085e-05,1.7152149653807307,14.351918368167725,5.133216744022003,nan,nan
4.46,-97.4214859008789,-696.7400512695312,-5.017872333526611,-98.71127041725846,-696.554605927924,-5.019236417897541,1.3030487075096095,1.0128655113264526,1.0128655113264526,3.5635603190691345e-05,1.7285821269297184,13.03536093564738,nan,0.0077027850142889496,nan
4.47,-97.41812133789062,-696.7314453125,-5.0178728103637695,-98.70841737086846,-696.5452090445986,-5.019284542661675,1.303667823177469,1.0129232254472873,1.0129232254472873,3.63456143544516e-05,1.732698728957675,13.036388020323349,nan,nan,nan
4.48,-97.41470336914062,-696.7228393554688,-5.0178728103637695,-98.70550333331639,-696.5358113875066,-5.019487040064759,1.304280113339823,1.0129810896207336,1.0129810896207336,3.5603488336783985e-05,1.7525319925159957,12.990129219251715,nan,0.01608455393148501,nan
4.49,-97.41121673583984,-696.7142333984375,-5.017873287200928,-98.70252910159384,-696.5264129254479,-5.019538382202538,1.304901118309199,1.0130391039912916,1.0130391039912916,3.6313219500601475e-05,1.7571981568866233,13.106558048133843,nan,nan,nan
4.5,-97.40766906738281,-696.7056274414062,-5.017873287200928,-98.65681082541185,-696.5680313992505,-5.020131249840194,1.2566992085873612,1.0129519495568677,1.0129519495568677,3.5551963876903164e-05,1.7025013429295106,9.517620872250822,30.53815440322895,0.16755985721761904,nan
4.51,-97.40406799316406,-696.6970825195312,-5.017873287200928,-98.65360788868243,-696.5587633757522,-5.020190426380906,1.2571744131829168,1.0130095128049297,1.0130095128049297,3.6260584445806206e-05,1.7082556971130602,10.63540249329574,nan,nan,nan
4.5200000000000005,-97.40040588378906,-696.6884765625,-5.017873764038086,-98.65034679314405,-696.5494946812829,-5.02152163619697,1.2576492146688236,1.0130672247431471,1.0130672247431471,3.552375315784389e-05,1.9358604357118412,9.751491132119195,nan,1.1065368523341421,nan
4.53,-97.39669036865234,-696.6798706054688,-5.017873764038086,-98.64702838697083,-696.5402253407523,-5.021595411052483,1.2581175663135926,1.0131250855160208,1.0131250855160208,3.623219382849477e-05,1.9446149635008254,9.744539846701175,nan,nan,nan
4.54,-97.3929214477539,-696.6712646484375,-5.017874240875244,-98.64365326601846,-696.5309553144739,-5.019545860709536,1.2585783983246903,1.0131830952680507,1.0131830952680507,3.549739689459399e-05,1.6421250676008314,9.416303944768806,nan,3.096096348509606,nan
4.55,-97.38909149169922,-696.6626586914062,-5.017874240875244,-98.66494509704998,-696.5191781489315,-5.019597998894813,1.2838972153942472,1.0130959519965161,1.0130959519965161,3.6183506474765524e-05,1.7091995926049448,10.391327158128343,4.250192849932195,nan,nan
4.5600000000000005,-97.38520812988281,-696.654052734375,-5.017874240875244,-98.66152161966684,-696.5099007666324,-5.017687539815674,1.2844282575784571,1.0131535142884176,1.0131535142884176,3.545151647152207e-05,1.629320790953714,10.30168942203523,nan,2.6592681898387487,nan
4.57,-97.38126373291016,-696.6454467773438,-5.017874717712402,-98.65804342680231,-696.500622972533,-5.017724948803093,1.2849670593466243,1.0132112240836033,1.0132112240836033,3.615884446129864e-05,1.6302315015116586,10.381182568826459,nan,nan,nan
4.58,-97.37727355957031,-696.6368408203125,-5.017874717712402,-98.6545111625829,-696.4913447561072,-5.019690062841772,1.2854992394888958,1.0132690815265732,1.0132690815265732,3.5428680218613336e-05,1.7238821565079527,10.407614228970873,nan,2.5568280073422023,nan
4.59,-97.37322998046875,-696.6282348632812,-5.017874717712402,-98.65092521615544,-696.4820661066492,-5.019748522681889,1.2860302997429325,1.0133270867618276,1.0133270867618276,3.613595057621493e-05,1.72928390222989,10.419620045296979,nan,nan,nan
4.6000000000000005,-97.36912536621094,-696.61962890625,-5.0178751945495605,-98.62747177226045,-696.4835262920005,-5.017521073998095,1.2656854761845957,1.0132399544325947,1.0132399544325947,3.538625539942489e-05,1.584570662806183,9.466075264516444,3.498263204305758,3.5897084752469097,nan
4.61,-97.36497497558594,-696.6110229492188,-5.0178751945495605,-98.62373027617981,-696.4742743665543,-5.017559106028711,1.2661615937730382,1.0132975157766335,1.0132975157766335,3.609262863396991e-05,1.584894935903964,9.429859518350066,nan,nan,nan
4.62,-97.36077880859375,-696.6024169921875,-5.0178751945495605,-98.61993697999718,-696.4650221825156,-5.018373497052725,1.2666321023257696,1.0133552234671366,1.0133552234671366,3.536668354018054e-05,1.5902333619567492,9.383842285197716,nan,0.4156569783833071,nan
4.63,-97.35652160644531,-696.5938110351562,-5.017875671386719,-98.61609266307904,-696.4557697490827,-5.018420965446825,1.2671128366155326,1.013413077648604,1.013413077648604,3.6073074762764805e-05,1.5925668512778788,9.483892567352466,nan,nan,nan
4.64,-97.35221862792969,-696.585205078125,-5.017875671386719,-98.61219800450112,-696.4465171622738,-5.018842144732269,1.2675895634862309,1.0134710784655365,1.0134710784655365,3.534865823153808e-05,1.6118494861022241,9.481638096823374,nan,0.09607480858866897,nan
4.65,-97.34786987304688,-696.5765991210938,-5.017875671386719,-98.58348074366796,-696.4421374789632,-5.01898692523723,1.2429060268928467,1.0133839568650287,1.0133839568650287,3.603302047139315e-05,1.5586824289983872,8.759682592373368,4.7673303006764804,nan,nan
4.66,-97.34346771240234,-696.5679931640625,-5.017876148223877,-98.57942417744525,-696.4328969501978,-5.018539542771183,1.2433180649271738,1.013441517269306,1.013441517269306,3.5310907140381135e-05,1.53779988683707,8.763873180923587,nan,0.17575598790899583,nan
4.67,-97.3390121459961,-696.5593872070312,-5.017876148223877,-98.57531891515758,-696.4236562738238,-5.018591536146782,1.2437354322699687,1.0134992228922928,1.0134992228922928,3.601655013623862e-05,1.540483378709726,8.826138180837066,nan,nan,nan
4.68,-97.33451843261719,-696.55078125,-5.017876148223877,-98.57116564770028,-696.4144154887755,-5.018700251007936,1.244143333604499,1.013557073878489,1.013557073878489,3.5295788343276455e-05,1.5464293002814427,8.759786482657601,nan,0.0021579449592791637,nan
4.69,-97.32997131347656,-696.5421752929688,-5.017876625061035,-98.56696472452644,-696.4051747238602,-5.018754861082319,1.2445572008611683,1.0136150703723947,1.0136150703723947,3.600153843353377e-05,1.5495404850663665,8.805608643364645,nan,nan,nan
4.7,-97.32537841796875,-696.5335693359375,-5.017876625061035,-98.56591086199417,-696.376795907534,-5.019349438851147,1.2504002646007157,1.0135279592937425,1.0135279592937425,3.526086934595471e-05,1.6041480816908227,9.88894152298155,2.5930778842694275,0.20597175267427034,nan
4.71,-97.32073974609375,-696.5249633789062,-5.017876625061035,-98.56162434385975,-696.367507414137,-5.019411562942996,1.2508354495490626,1.0135855187661742,1.0135855187661742,3.596587877709509e-05,1.609123625807652,9.897105185125529,nan,nan,nan
4.72,-97.3160629272461,-696.516357421875,-5.017876625061035,-98.55729185247355,-696.3582189076113,-5.01766436710596,1.2512621945732543,1.0136432223576792,1.0136432223576792,3.524842232927112e-05,1.5458621014391747,9.768642585554108,nan,2.28102125661841,nan
4.73,-97.31133270263672,-696.5077514648438,-5.017877101898193,-98.5529139559707,-696.348930435906,-5.017710570306457,1.2516981088089791,1.0137010702127573,1.0137010702127573,3.59535944101023e-05,1.5463434845699018,9.83279385168478,nan,nan,nan
4.74,-97.30655670166016,-696.4991455078125,-5.017877101898193,-98.54849126795713,-696.3396419321022,-5.016441053541609,1.252136142702752,1.0137590624759092,1.0137590624759092,3.523723805320544e-05,1.6050878979682137,9.924220566563646,nan,1.207671405032955,nan
4.75,-97.30174255371094,-696.4905395507812,-5.017877101898193,-98.5206818028884,-696.34073461977,-5.016511184291293,1.2281108566703198,1.0136719617186658,1.0136719617186658,3.5920583546843505e-05,1.5398521780579855,9.017831084645929,4.548833487042411,nan,nan
4.76,-97.29688262939453,-696.48193359375,-5.017877101898193,-98.51611339857938,-696.3314722852737,-5.014950607203124,1.228483145283925,1.0137295202669887,1.0137295202669887,3.520610755715904e-05,1.7319866149671916,9.235761880051996,nan,1.780706589117117,nan
4.7700000000000005,-97.29197692871094,-696.4733276367188,-5.017877578735352,-98.51150194393203,-696.3222101115088,-5.014972822197995,1.2288556492876397,1.013787221861962,1.013787221861962,3.591079443129723e-05,1.7245014213870877,9.247043710761968,nan,nan,nan
4.78,-97.28703308105469,-696.4647827148438,-5.017877578735352,-98.5068476773679,-696.3129481551666,-5.015770804647324,1.2292297675325687,1.0138450666480856,1.0138450666480856,3.519727131786155e-05,1.6164705922447444,10.303569389299483,nan,0.4190582299795465,nan
4.79,-97.28204345703125,-696.4561767578125,-5.017877578735352,-98.50215122112523,-696.3036865978687,-5.015802618310897,1.229601769006072,1.01390305476986,1.01390305476986,3.590218304593514e-05,1.6111061662454815,9.153047484241183,nan,nan,nan
4.8,-97.27701568603516,-696.4475708007812,-5.017877578735352,-98.47012802960246,-696.3029562073909,-5.016755453016275,1.2018451248643678,1.0138159641397286,1.0138159641397286,3.516841239300087e-05,1.4605500971186034,8.290174781705987,5.9577179729106335,0.708896549873151,nan
4.8100000000000005,-97.27194213867188,-696.43896484375,-5.01787805557251,-98.46528149422991,-696.2937163139676,-5.016797594316473,1.2021468796799124,1.013873521771509,1.013873521771509,3.58726938942388e-05,1.4579236615915274,8.303294757492388,nan,nan,nan
4.82,-97.26683044433594,-696.4303588867188,-5.01787805557251,-98.4603941814602,-696.2844767404224,-5.015769770722092,1.2024476870330285,1.0139312214038616,1.0139312214038616,3.516171436630371e-05,1.5524220025740896,8.403094131941785,nan,0.8023310388273489,nan
4.83,-97.26168060302734,-696.4217529296875,-5.01787805557251,-98.45546652710759,-696.2752376178674,-5.015803280207491,1.2027451408435073,1.013989063181287,1.013989063181287,3.586626020574322e-05,1.5466549684362452,8.390759884056639,nan,nan,nan
4.84,-97.2564926147461,-696.4131469726562,-5.01787805557251,-98.45049904001992,-696.2659989644242,-5.016422668346339,1.203040314400905,1.014047047248285,1.014047047248285,3.5156024799370795e-05,1.4875052014744243,8.332881714184822,nan,0.23935596013579732,nan
4.8500000000000005,-97.25125885009766,-696.404541015625,-5.01787805557251,-98.44445771673038,-696.2123424455207,-5.016486819405575,1.208580059914048,1.0139599665568628,1.0139599665568628,3.583887111593525e-05,1.4945604132274397,10.554007885542374,13.61834550022124,nan,nan
4.86,-97.2459945678711,-696.3959350585938,-5.017878532409668,-98.43940939753148,-696.2029958696176,-5.017702990140323,1.2089104669541098,1.0140175232795037,1.0140175232795037,3.513016790813742e-05,1.4421387375362198,10.443571623925552,nan,0.9648599941473239,nan
4.87,-97.24068450927734,-696.3873291015625,-5.017878532409668,-98.4343227535548,-696.1936498176468,-5.017758473190589,1.209249328151174,1.0140752209821515,1.0140752209821515,3.583441042975875e-05,1.442389873794684,10.49466430390841,nan,nan,nan
4.88,-97.23534393310547,-696.3787231445312,-5.017878532409668,-98.4291982846866,-696.1843042111896,-5.018142405587874,1.2095813342061768,1.0141330598093066,1.0141330598093066,3.5126331544137205e-05,1.4446794551791697,10.462810011429672,nan,0.0751007133805059,nan
4.89,-97.22996520996094,-696.3701171875,-5.017878532409668,-98.42403647760779,-696.1749590208807,-5.018203364214328,1.2099144629822645,1.0141910399054688,1.0141910399054688,3.583087930784383e-05,1.4463542474148516,10.467007057592486,nan,nan,nan
4.9,-97.22454071044922,-696.3615112304688,-5.017878532409668,-98.4040723901096,-696.1962021043765,-5.018214390925163,1.1910592778248963,1.0141039689700033,1.0141039689700033,3.5102255038467074e-05,1.4021056544994015,8.910655203346154,8.02506599542199,4.936802100628596e-05,nan
4.91,-97.2190933227539,-696.3529052734375,-5.017879009246826,-98.39880099932365,-696.1869320345854,-5.018276542294907,1.191325931978804,1.0141615247907516,1.0141615247907516,3.5806246728244635e-05,1.4038526724962082,8.845465800946174,nan,nan,nan
4.92,-97.2136001586914,-696.3443603515625,-5.017879009246826,-98.39349340823337,-696.1776623453208,-5.018135853690739,1.191610830585528,1.0142192205956548,1.0142192205956548,3.510008897850566e-05,1.4019084404998055,10.096126264240082,nan,0.029125373652594298,nan
4.93,-97.20807647705078,-696.3357543945312,-5.017879009246826,-98.38815022042967,-696.1683931542667,-5.018197633954138,1.1918825135376563,1.0142770565292136,1.0142770565292136,3.580441285173272e-05,1.4034230091136668,8.857434839510711,nan,nan,nan
4.94,-97.2025146484375,-696.3271484375,-5.017879009246826,-98.38277195473817,-696.1591244743524,-5.016581730576606,1.1921581456333241,1.0143350327359282,1.0143350327359282,3.509870949967599e-05,1.4491023180667009,8.913674748712443,nan,1.9784574565942012,nan
4.95,-97.1969223022461,-696.3185424804688,-5.017879009246826,-98.40678389108555,-696.1626936758838,-5.016690727929732,1.2198587320063672,1.0142479713790855,1.0142479713790855,3.5781405710028434e-05,1.506612188821399,8.818722463958256,7.273116359222061,nan,nan
4.96,-97.19129180908203,-696.3099365234375,-5.017879009246826,-98.40140752272487,-696.153457102892,-5.01674002758946,1.220191438561493,1.0143055263050382,1.0143055263050382,3.649949953047054e-05,1.5034096197641196,8.832225769702605,nan,nan,nan
4.97,-97.18562316894531,-696.3013305664062,-5.017879486083984,-98.3959972155316,-696.1442211372946,-5.016790254226345,1.2205285296917379,1.0143632202432418,1.0143632202432418,3.723204736715333e-05,1.5004606737750523,8.838692070859915,nan,nan,nan
4.98,-97.179931640625,-696.292724609375,-5.017879486083984,-98.39055355918642,-696.1349859105735,-5.016337433639909,1.2208559721468584,1.0144210533381963,1.0144210533381963,3.644139931577483e-05,1.5345515151817988,8.824931710899827,nan,0.16523472901842318,nan
4.99,-97.17420196533203,-696.2841796875,-5.017879486083984,-98.3850768160049,-696.1257512775989,-5.0163845921455055,1.2211960120159782,1.014479025734402,1.014479025734402,3.717258696704983e-05,1.530149915521735,10.005667318776554,nan,nan,nan
5.0,-97.16844177246094,-696.2755737304688,-5.017879486083984,-98.36965945204159,-696.137430391086,-5.016107983883674,1.2091363174485263,1.0143919737840479,1.0143919737840479,3.636274856146832e-05,1.5275680083261247,7.8820404727670175,3.7747345865100437,0.0507275023269135,nan
5.01,-97.16264343261719,-696.2669677734375,-5.017879486083984,-98.3640939207574,-696.1282474021589,-5.01615306094708,1.2094335853629097,1.0144495278221588,1.0144495278221588,3.709173761684418e-05,1.5222479611858561,7.901785042296637,nan,nan,nan
5.0200000000000005,-97.15682220458984,-696.2583618164062,-5.017879486083984,-98.35849649878438,-696.1190651044251,-5.017777296169088,1.20972091564107,1.0145072199238276,1.0145072199238276,3.6308882962452806e-05,1.4427856563640973,7.785468712955122,nan,1.6316707552460008,nan
5.03,-97.15096282958984,-696.249755859375,-5.017879486083984,-98.35286751855102,-696.109883497904,-5.017840342208558,1.2100161818680735,1.0145650502335544,1.0145650502335544,3.703667898405952e-05,1.4431614138924962,7.82938237140328,nan,nan,nan
5.04,-97.14507293701172,-696.2412109375,-5.017879962921143,-98.34720734963447,-696.1007027501578,-5.017735369649444,1.2103180233431485,1.0146230188958392,1.0146230188958392,3.625706470503381e-05,1.444334240383584,8.861935850900018,nan,0.018777326420898986,nan
5.05,-97.13915252685547,-696.2326049804688,-5.017879962921143,-98.3536318865485,-696.0800184985754,-5.0177269439595635,1.2240272762450073,1.0145359761848298,1.0145359761848298,3.6960388124044966e-05,1.4774098742602488,8.503537349224436,2.142954522564337,nan,nan
5.0600000000000005,-97.13320922851562,-696.2239990234375,-5.017879962921143,-98.34793904888771,-696.0708119539321,-5.0170373156355375,1.224351062734582,1.0145935293419155,1.0145935293419155,3.618488604487622e-05,1.4970962219018424,8.468857121178027,nan,0.373494223530658,nan
5.07,-97.12722778320312,-696.2154541015625,-5.017879962921143,-98.34221621499275,-696.061606206303,-5.017093724614748,1.2246904435117627,1.0146512196363704,1.0146512196363704,3.690960597439673e-05,1.4949567395853354,9.64594220039355,nan,nan,nan
5.08,-97.1212158203125,-696.2068481445312,-5.017879962921143,-98.33646374793038,-696.0524011364231,-5.019547512919768,1.2250241567479847,1.0147090472126943,1.0147090472126943,3.61371390585255e-05,1.5558769591823431,8.582069537139255,nan,3.7986255853264397,nan
5.09,-97.11518096923828,-696.1982421875,-5.017879962921143,-98.33068178701905,-696.0431967192916,-5.019629746243079,1.2253507240701933,1.0147670122153878,1.0147670122153878,3.686088627434198e-05,1.5626936716445896,8.539363057823829,nan,nan,nan
5.1000000000000005,-97.10911560058594,-696.1896362304688,-5.017879962921143,-98.34522172635899,-696.0200572438466,-5.020914468040543,1.2476876993457788,1.0146799785813723,1.0146799785813723,3.6069146081546704e-05,1.7894870366702358,9.710975679372043,4.7393165402928785,1.1506129881216949,nan
5.11,-97.10301971435547,-696.1810913085938,-5.017880439758301,-98.33943012996778,-696.0108214669689,-5.021009439200105,1.2480834609268228,1.0147375308641173,1.0147375308641173,3.679108326081784e-05,1.8011936693641868,10.876044111204545,nan,nan,nan
5.12,-97.09689331054688,-696.1724853515625,-5.017880439758301,-98.33361013238802,-696.0015865663037,-5.021105270055101,1.2484731842367467,1.0147952193798682,1.0147952193798682,3.75274901313801e-05,1.8130678375933158,9.711614612310436,nan,nan,nan
5.13,-97.09074401855469,-696.1638793945312,-5.017880439758301,-98.32776212599858,-695.9923525281054,-5.021202137750537,1.2488579974230436,1.0148530442731245,1.0148530442731245,3.8278511193433485e-05,1.8250562737054183,9.667037017245416,nan,nan,nan
5.14,-97.08456420898438,-696.1553344726562,-5.017880439758301,-98.32188651754451,-695.9831193839078,-5.022485454157634,1.2492580751033142,1.014911005688387,1.014911005688387,3.742087800461038e-05,2.1043891529150547,11.126027983337602,nan,0.8655752371593677,nan
5.15,-97.07836151123047,-696.146728515625,-5.017880439758301,-98.34086107442312,-695.939385004336,-5.022702667187958,1.2794216398875897,1.0148239809736184,1.0148239809736184,3.814449634286672e-05,2.2226116279241626,12.19850602941591,12.926446189647404,nan,nan
5.16,-97.07212829589844,-696.13818359375,-5.017880439758301,-97.35669186026578,-695.5726175244246,-5.024735091865107,0.6331574742456797,0.1282915655742471,0.8965166580627709,3.729440091380282e-05,2.194067888266904,13.499064130920784,nan,2.2883904726303217,1.0794923656458864
5.17,-97.06587219238281,-696.1295776367188,-5.017880439758301,-97.35076630481723,-695.5632955343,-5.024868524826152,0.6339470862402702,0.12829891620272182,0.8965676246630181,3.8039339437058755e-05,2.219876529920489,12.121090064960239,nan,nan,nan
5.18,-97.05958557128906,-696.1209716796875,-5.017880439758301,-97.34479154685287,-695.5539660249095,-5.025512258171272,0.634740975280304,0.12830639761054932,0.8966187261281052,3.7195467126235614e-05,2.5040089572434656,12.39764105422422,nan,0.16180517118321167,nan
5.19,-97.05327606201172,-696.1124267578125,-5.017880439758301,-97.33881393986424,-695.5446460286087,-5.02565264830255,0.635584174889063,0.12831401651421417,0.8966699634799302,3.793806231387708e-05,2.532059038000156,13.680389443399559,nan,nan,nan
5.2,-97.04693603515625,-696.1038208007812,-5.017880916595459,-97.32900499891149,-695.5453487053694,-5.025297684012237,0.6257067924408068,0.12830462962288042,0.8965933114580203,3.707690368542939e-05,2.409902411144369,11.750325554100217,1.3675649997865666,0.18587763090358253,nan
5.21,-97.04057312011719,-696.0952758789062,-5.017880916595459,-97.32294963087224,-695.5360475620845,-5.025435686380966,0.6265220496582787,0.1283124255367787,0.8966442194802557,3.781635685684112e-05,2.436919262048625,13.05043778032378,nan,nan,nan
5.22,-97.03418731689453,-696.086669921875,-5.017880916595459,-97.31684151897457,-695.5267371255181,-5.026214344855243,0.6272858841198953,0.12832035154879273,0.8966952614036947,3.698538249196226e-05,2.8069244075087934,12.058645164582963,nan,0.25800686379017496,nan
5.23,-97.02777862548828,-696.078125,-5.017880916595459,-97.31073652552712,-695.5174378879327,-5.026360721438478,0.6280980161749572,0.12832841378948118,0.8967464381720108,3.7722773086713064e-05,2.836790901683019,13.315349261169768,nan,nan,nan
5.24,-97.0213394165039,-696.0695190429688,-5.017880916595459,-97.30460312584265,-695.5081382929138,-5.026597604171694,0.6288582162959087,0.12833660655448653,0.896797749148848,3.689740853434488e-05,2.9914849634355143,12.188307826683012,nan,0.005074177141280608,nan
5.25,-97.01488494873047,-696.0609741210938,-5.017880916595459,-97.29008932342784,-695.5226502674394,-5.026667520711866,0.604654631734281,0.12832772972283077,0.8967211726893042,3.760894567239779e-05,2.9606424352690404,12.098787072049538,5.408733665331916,nan,nan
5.26,-97.0083999633789,-696.0523681640625,-5.017880916595459,-97.28389391750581,-695.5134095709527,-5.027299023942133,0.6053610365668943,0.1283360919612737,0.8967721555782587,3.6790035584023085e-05,3.3206872959398583,11.282221598740987,nan,0.1486868782554342,nan
5.2700000000000005,-97.00189208984375,-696.0438232421875,-5.017880916595459,-97.27769516807487,-695.5041771504011,-5.027453307555923,0.6061162207124773,0.12834458920031727,0.8968232722927262,3.752275206738264e-05,3.3532998805463583,12.44628322380015,nan,nan,nan
5.28,-96.995361328125,-696.0352783203125,-5.017880916595459,-97.27143263337778,-695.4949307775532,-5.02860410785165,0.6068820473375923,0.12835321627183616,0.8968745222679406,3.670906379782532e-05,4.045279872296507,13.099279593428363,nan,0.6349293880070007,nan
5.29,-96.98881530761719,-696.0266723632812,-5.017880916595459,-97.26518776296571,-695.4857001924576,-5.028770264221188,0.6075781444166533,0.12836197850524292,0.896925906340618,3.744008865100664e-05,4.081764808866143,11.834500762923179,nan,nan,nan
5.3,-96.98223876953125,-696.0181274414062,-5.017880916595459,-97.26268576236123,-695.4616385183247,-5.027721049734358,0.6232393324558996,0.12835356580506338,0.8968493991861397,3.6608817886845536e-05,3.5557956070692813,13.421584061912572,12.072928033064688,0.9455714983707936,nan
5.3100000000000005,-96.97563934326172,-696.009521484375,-5.017881393432617,-97.25632435182266,-695.4523466257368,-5.027877477638734,0.6239613920979261,0.12836248992189367,0.8969004563536056,3.7337348694077144e-05,3.5876269942114862,12.088312557857375,nan,nan,nan
5.32,-96.9690170288086,-696.0009765625,-5.017881393432617,-97.24991224865897,-695.4430454095608,-5.028771267112358,0.6247462567343827,0.1283715431790299,0.8969516458507749,3.6534548124143234e-05,4.15775307713304,13.930563588116328,nan,0.35072652130887305,nan
5.33,-96.9623794555664,-695.992431640625,-5.017881393432617,-97.24350698521839,-695.4337558010395,-5.028936804754708,0.6255186678143693,0.12838073041666154,0.8970029684490495,3.726161711041071e-05,4.192174416267093,13.860227916658351,nan,nan,nan
5.34,-96.95571899414062,-695.9838256835938,-5.017881393432617,-97.23706871305725,-695.4244630542738,-5.02940115011775,0.626240305480462,0.12839004719798847,0.8970544236812994,3.64634786338895e-05,4.5519708138802155,12.886542204401824,nan,0.05761452869093437,nan
5.3500000000000005,-96.94903564453125,-695.9752807617188,-5.017881393432617,-97.22311290892189,-695.4367557308743,-5.029583082337308,0.6043711485710325,0.12838206510501274,0.8969779812339936,3.716589751353904e-05,4.574923629726527,13.093410029100308,3.9245826775862276,nan,nan
5.36,-96.94232940673828,-695.9667358398438,-5.017881393432617,-97.2166731749756,-695.4275358270667,-5.028861244776112,0.6050799237166823,0.1283915366373888,0.8970291107543847,3.637322811316973e-05,4.205539177474268,12.678929419696885,nan,0.5212951599684098,nan
5.37,-96.93560028076172,-695.9581909179688,-5.017881393432617,-97.21017918557244,-695.4183046910596,-5.029025141116922,0.6058010367156311,0.12840114100464683,0.8970803724005895,3.7096771008640354e-05,4.239108206265222,12.678976344875968,nan,nan,nan
5.38,-96.9288558959961,-695.9495849609375,-5.017881393432617,-97.20362638733796,-695.4090603603519,-5.030239734276295,0.6064803338434909,0.1284108742150403,0.8971317657648952,3.630841207532443e-05,5.098616663314648,12.268173268324716,nan,0.7218138948675038,nan
5.39,-96.92208862304688,-695.9410400390625,-5.017881393432617,-97.19709153551382,-695.3998309094927,-5.0304159355531155,0.607199340036821,0.12842074044336632,0.8971832915298699,3.703079315199027e-05,5.135428651174347,13.458248687843408,nan,nan,nan
5.4,-96.9153060913086,-695.9324951171875,-5.017881393432617,-97.19502983974672,-695.3793872672758,-5.030397862403158,0.6199438128328573,0.12841314788670782,0.8971069081876103,3.6224461724652806e-05,5.237643264089276,14.136220075171405,1.4710945735822285,0.009542618946902398,nan
5.41,-96.90850067138672,-695.9239501953125,-5.017881393432617,-97.18847666581999,-695.3701385127632,-5.030573127251425,0.6206891470730678,0.12842316171053902,0.8971581093820284,3.694487161332071e-05,5.273529342143728,14.131665296271237,nan,nan,nan
5.42,-96.90167236328125,-695.9153442382812,-5.017881393432617,-97.18196231244465,-695.360912235516,-5.029053940706406,0.621355073291324,0.12843330367777644,0.8972094413946061,3.616558397384445e-05,4.365933924686943,11.947090697028408,nan,1.898035734059383,nan
5.43,-96.89482879638672,-695.9067993164062,-5.017881393432617,-97.17536986980032,-695.3516656635345,-5.029214287429713,0.6220973403810156,0.1284435775597438,0.8972609048540455,3.688501719354668e-05,4.3970592354534626,13.144553786852097,nan,nan,nan
5.44,-96.88796997070312,-695.8982543945312,-5.017881393432617,-97.16875821387293,-695.3424201550944,-5.0293757202030545,0.6228369439754391,0.12845398168757816,0.8973124996627523,3.761886880707233e-05,4.427642817749399,13.104755749795126,nan,nan,nan
5.45,-96.88108825683594,-695.8897094726562,-5.017881393432617,-97.16037355153364,-695.3429232456641,-5.029527917510871,0.6140937187317476,0.12844674748039617,0.8972361711461511,3.834252513257407e-05,4.467326384124765,12.733925870095266,4.372969885034517,nan,nan
5.46,-96.87418365478516,-695.8811645507812,-5.017881870269775,-97.15372434492646,-695.3337032978353,-5.0309367578290525,0.6148392074445123,0.12845729059039043,0.8972874422834259,3.7476340609516555e-05,5.4787635003115716,13.723806324100178,nan,0.9527457195929753,nan
5.47,-96.86727142333984,-695.8726196289062,-5.017881870269775,-97.14709768916003,-695.3244993554812,-5.031113377295088,0.6155596201511325,0.1284679646811968,0.8973388439517277,3.822112079992747e-05,5.512845372343784,13.63724101998675,nan,nan,nan
5.48,-96.8603286743164,-695.8640747070312,-5.017881870269775,-97.14057630885364,-695.3153414852868,-5.027446256373634,0.6162291479565802,0.12847876646793957,0.8973903758377152,3.736233567332921e-05,3.382115213837386,11.558676661084696,nan,9.134687712610324,nan
5.49,-96.85337829589844,-695.8555297851562,-5.017881870269775,-97.133913627471,-695.3061395989081,-5.027586982896868,0.6169471924058189,0.12848969942578087,0.897442038530551,3.810459466000774e-05,3.4068460012730126,11.455926963973099,nan,nan,nan
5.5,-96.84640502929688,-695.8469848632812,-5.017881870269775,-97.12282057883573,-695.3072079375895,-5.027944609950652,0.6065195332930158,0.12848278667459134,0.8973657598013964,3.722966395555169e-05,3.6337369975522193,11.235613080341782,1.2309487085849637,0.02975055811830334,nan
5.51,-96.83941650390625,-695.8384399414062,-5.017881870269775,-97.11609858710688,-695.2980261355984,-5.028089266787246,0.6072102169888044,0.12849385371576014,0.8974171001716348,3.796862532338213e-05,3.6590356409472022,11.202145868563875,nan,nan,nan
5.5200000000000005,-96.83240509033203,-695.8298950195312,-5.017881870269775,-97.10941667580957,-695.2888663963081,-5.0263531082689425,0.6078808695038538,0.12850504777000699,0.8974685698921804,3.712489891626268e-05,2.8489735055228738,10.39691084412729,nan,2.2170814121895956,nan
5.53,-96.82538604736328,-695.8213500976562,-5.017881870269775,-97.10266045985848,-695.2796869206232,-5.0264813507096235,0.6085672093054962,0.1285163719420011,0.8975201695027331,3.786165906156753e-05,2.870130262532369,10.30945634843027,nan,nan,nan
5.54,-96.81834411621094,-695.8128051757812,-5.017881870269775,-97.09595376361811,-695.270532906793,-5.024369624434791,0.6092359321324143,0.1285278235016018,0.8975718987640119,3.702452247175221e-05,2.054813770490803,9.504764947621533,nan,3.1616761575626775,nan
5.55,-96.81128692626953,-695.8042602539062,-5.017881870269775,-97.09748650422145,-695.2458925332345,-5.024445106022921,0.6274773190893658,0.1285212034531791,0.8974956658737974,3.773535690541839e-05,2.1197034643462818,10.496540338587408,7.084874784246557,nan,nan
5.5600000000000005,-96.80421447753906,-695.7957153320312,-5.017881870269775,-97.09071868143059,-695.2366888153414,-5.025627693271338,0.6282159684247896,0.1285327826952952,0.897547073915895,3.69055998032183e-05,2.6058665216796237,10.933901596477813,nan,0.7312006896005034,nan
5.57,-96.79712677001953,-695.7871704101562,-5.017881870269775,-97.08396551411732,-695.2274974644315,-5.025747524072936,0.6289452597814537,0.12854449103500512,0.897598610950111,3.763746177216676e-05,2.625922220779672,10.9077824877739,nan,nan,nan
5.58,-96.7900161743164,-695.7786254882812,-5.017881870269775,-97.07717091838158,-695.2182979137579,-5.026770396227678,0.6296855117470278,0.12855632607026315,0.8976502767809668,3.681378998610154e-05,3.1302779677926518,11.443728657649938,nan,0.5182141913952256,nan
5.59,-96.78289794921875,-695.7700805664062,-5.017881870269775,-97.07038589301074,-695.2091085144544,-5.026901126456257,0.6304128075149837,0.12856829041457454,0.897702071882589,3.754387014129249e-05,3.1528366689823413,11.357760968891371,nan,nan,nan
5.6000000000000005,-96.77576446533203,-695.7615356445312,-5.017881870269775,-97.05924595228694,-695.1994975266971,-5.025733717196144,0.6295317711163526,0.12856192988827803,0.8976258802945508,3.6703489520554305e-05,2.6024995994434104,10.72688728708469,12.28570287171339,0.8852877018170205,nan
5.61,-96.76860809326172,-695.7529907226562,-5.017881870269775,-97.05234396798575,-695.1902815066346,-5.025852481249798,0.6302469667047067,0.12857401552208944,0.8976773552378116,3.743100158562295e-05,2.6207235225039716,10.754926905850244,nan,nan,nan
5.62,-96.76144409179688,-695.7444458007812,-5.017881870269775,-97.04545490722084,-695.1810769255809,-5.024908320717346,0.6309484953846798,0.12858622715972065,0.8977289581377871,3.6619789311054935e-05,2.2722146026648993,10.321010429628357,nan,0.7287321763294466,nan
5.63,-96.75425720214844,-695.7359008789062,-5.017881870269775,-97.03852266361926,-695.1718631215297,-5.025018718432342,0.6316616015979756,0.12859856712500864,0.8977806894299316,3.7345775773559957e-05,2.288544028019672,10.36134886176024,nan,nan,nan
5.64,-96.74706268310547,-695.7274169921875,-5.017881870269775,-97.03158344994478,-695.1626531822474,-5.024825860283747,0.6324226804742499,0.12861103344988262,0.897832548976705,3.6539937082732005e-05,2.244635191754629,11.56306629739233,nan,0.05989532277673397,nan
5.65,-96.73985290527344,-695.7188720703125,-5.017881870269775,-97.02709118302616,-695.1521670284108,-5.024729064629689,0.6353796635034883,0.12860490569052033,0.8977563950146408,3.7241293822442686e-05,2.21491013837663,10.318684910284029,3.7582177229431157,nan,nan
5.66,-96.73262023925781,-695.7103271484375,-5.017882347106934,-97.02015412491427,-695.1429657493509,-5.024698236662989,0.6360983799104272,0.12861748722489222,0.8978079354632361,3.6441590601625235e-05,2.2320317366730933,10.35289434714737,nan,0.012264454286989322,nan
5.67,-96.72537994384766,-695.7017822265625,-5.017882347106934,-97.01319922960116,-695.1337643546549,-5.024804478257567,0.6368140701631645,0.12863019613466767,0.8978596034430218,3.716395979619652e-05,2.2476575814277955,10.299507859275387,nan,nan,nan
5.68,-96.71813201904297,-695.6932983398438,-5.017882347106934,-97.00619987246338,-695.1245530877701,-5.026165696088703,0.6375914552445978,0.12864303070690208,0.8979113988505186,3.6369189982680484e-05,2.8457348762439367,12.11410428255384,nan,1.0265999721247039,nan
5.69,-96.71086120605469,-695.6847534179688,-5.017882347106934,-96.99921702813646,-695.1153542516863,-5.026286251690436,0.6383064438839986,0.12865599288329094,0.8979633220701626,3.709036568780582e-05,2.8644540477531164,10.856319343749444,nan,nan,nan
5.7,-96.70357513427734,-695.6762084960938,-5.017882347106934,-97.00646072054765,-695.0773381201419,-5.026163219951813,0.6711586834855602,0.12865006812158825,0.8978872016581034,3.627828139985378e-05,2.945945948567817,12.674580420310665,13.404530935717906,0.006939372559971065,nan
5.71,-96.69628143310547,-695.6676635742188,-5.017882347106934,-96.99953256413342,-695.0680963938926,-5.026281823988605,0.6719468754342838,0.12866313945971466,0.897938806802802,3.699746555988279e-05,2.9648627711770317,12.595500780997906,nan,nan,nan
5.72,-96.68897247314453,-695.6591796875,-5.017882347106934,-96.99260118378805,-695.0588592637394,-5.025955396298861,0.6727853886897881,0.12867633576551274,0.8979905385619589,3.62128921282792e-05,2.8596520098464664,13.870962335510523,nan,0.13102332491063415,nan
5.73,-96.68164825439453,-695.650634765625,-5.017882347106934,-96.98564642498809,-695.0496194868412,-5.026071596839038,0.6735735422854966,0.12868965875682603,0.8980423972901248,3.6931085038218366e-05,2.8780619787619166,12.472302496974734,nan,nan,nan
5.74,-96.67431640625,-695.64208984375,-5.017882347106934,-96.97868282147242,-695.0403824246804,-5.02599180005667,0.6743563569107236,0.1287031070562771,0.8980943829286204,3.615082507260773e-05,2.8834344984440854,12.377225674789456,nan,0.025634628954948734,nan
5.75,-96.6669692993164,-695.6336059570312,-5.017882347106934,-96.96477980650324,-695.0599023239868,-5.026172762092268,0.6464485190175282,0.12869736045197971,0.8980182926511869,3.6845359233440375e-05,2.94785862324225,12.491444721317132,10.596990568725435,nan,nan
5.76,-96.65960693359375,-695.6250610351562,-5.017882347106934,-96.95782878899159,-695.0507500659969,-5.02568564610604,0.6471709633543078,0.1287109121330764,0.8980699612335785,3.607016017943416e-05,2.773647102475292,11.062056037895267,nan,0.24357279695019993,nan
5.7700000000000005,-96.65223693847656,-695.6165771484375,-5.017882347106934,-96.95085210576526,-695.0415941621161,-5.025799390980628,0.6479499458118927,0.12872458960675662,0.8981217559582633,3.678574209602099e-05,2.792104402239657,12.23344968512197,nan,nan,nan
5.78,-96.64484405517578,-695.6080322265625,-5.017882347106934,-96.9438412962362,-695.0324314325621,-5.0269600953369,0.6486894709554955,0.1287383916914385,0.8981736767927017,3.6014476224573554e-05,3.3794369065379883,11.661362772166196,nan,0.7286936970531197,nan
5.79,-96.637451171875,-695.5995483398438,-5.017882347106934,-96.93683978748946,-695.0232776208175,-5.027086161158465,0.6494660845338457,0.12875231981153387,0.8982257240522695,3.672932533527088e-05,3.4003014279867667,12.744377362754191,nan,nan,nan
5.8,-96.63003540039062,-695.5910034179688,-5.017882347106934,-96.93839506448533,-694.9859980136875,-5.027837267173217,0.6791290908830127,0.12874672459084427,0.8981496602383929,3.5940133887741034e-05,3.8668732955726335,13.51743854945429,7.179818284860824,0.3436568807080872,nan
5.8100000000000005,-96.62261962890625,-695.5824584960938,-5.017882347106934,-96.93136863161246,-694.9767779093061,-5.027970896894464,0.6799093312496653,0.12876075036330462,0.8982013914284448,3.6653439649574264e-05,3.8888925494430406,13.359450924189476,nan,nan,nan
5.82,-96.61518096923828,-695.573974609375,-5.017882347106934,-96.92434192206177,-694.9675630816333,-5.027499277310925,0.6807407150121573,0.12877490005355355,0.8982532479408384,3.589041768044836e-05,3.691498364460979,14.61689027350112,nan,0.24653257345953292,nan
5.83,-96.60773468017578,-695.5654296875,-5.017882347106934,-96.91729162751697,-694.9583450475197,-5.027628911311575,0.6815220167103571,0.12878917491554315,0.8983052300681923,3.6603147590988125e-05,3.7126063815394694,13.174164572377073,nan,nan,nan
5.84,-96.60028076171875,-695.5569458007812,-5.017882347106934,-96.91025737586087,-694.9491383732965,-5.026267894466033,0.6823383967102968,0.12880357402337206,0.8983573378121018,3.5843524222848475e-05,3.08149089946753,13.81531281404446,nan,1.4965634592356682,nan
5.8500000000000005,-96.59281158447266,-695.5484619140625,-5.017882347106934,-96.91212714824239,-694.9117019004455,-5.026319935696594,0.7123881927070217,0.12879810717218024,0.8982812972950176,3.653330809240891e-05,3.0907906251688306,15.60861869696879,6.722189614053355,nan,nan
5.86,-96.5853271484375,-695.5399169921875,-5.017882347106934,-96.90504359400711,-694.902419292486,-5.026614582234705,0.7132308003884118,0.12881259843281986,0.8983330899486843,3.577782608942221e-05,3.275923461639236,14.300454784776285,nan,0.02133531957926182,nan
5.87,-96.57783508300781,-695.5314331054688,-5.017882347106934,-96.89795194979882,-694.8931386872691,-5.026734178759296,0.714123888154211,0.12882721402429068,0.8983850074224835,3.648872130102901e-05,3.294302980155375,15.73193616371227,nan,nan,nan
5.88,-96.5703353881836,-695.5228881835938,-5.017882347106934,-96.89083714969317,-694.8838547062251,-5.027550535920458,0.7149675784282724,0.12884195316850675,0.8984370497377447,3.573631298329433e-05,3.765050736489325,14.620151093566507,nan,0.32768366168105917,nan
5.89,-96.56282043457031,-695.514404296875,-5.017882347106934,-96.88372347674266,-694.8745762417573,-5.02767884573051,0.7158593953958338,0.12885681689777584,0.8984892171574955,3.644682923961809e-05,3.784858781794121,16.134077400024836,nan,nan,nan
5.9,-96.5552978515625,-695.5059204101562,-5.017882347106934,-96.8921785799987,-694.8267615081617,-5.027297922778074,0.7581781402911925,0.1288514542795648,0.8984131966228751,3.5675905525678556e-05,3.7215538218371624,18.754396706959774,12.813547267820242,0.11772948458793722,nan
5.91,-96.54776763916016,-695.4973754882812,-5.017882347106934,-96.885091443337,-694.8174074423235,-5.027422166890041,0.7591013769908321,0.12886640472667069,0.8984650499033097,3.638521996484325e-05,3.7407807789094116,17.026076819318053,nan,nan,nan
5.92,-96.54022216796875,-695.4888916015625,-5.017882347106934,-96.87798860955809,-694.8080524211505,-5.027860519616091,0.7600840233649565,0.128881478038602,0.898517027262779,3.563938853424989e-05,4.035947531332656,18.99201589766493,nan,0.06669740622716099,nan
5.93,-96.53266906738281,-695.4804077148438,-5.017882347106934,-96.87088022974062,-694.7987001713484,-5.027990046395803,0.7610611872818096,0.12889667512021266,0.8985691289472951,3.6348443404307545e-05,4.05573412859332,18.921751484379545,nan,nan,nan
5.94,-96.52510070800781,-695.4718627929688,-5.017882347106934,-96.86376757302119,-694.789351275062,-5.027721307457138,0.7619803295847708,0.12891199538470796,0.898621355003726,3.56052298639748e-05,3.966889503178968,17.19805749228734,nan,0.10876963337017763,nan
5.95,-96.51752471923828,-695.46337890625,-5.017882347106934,-96.86898252843969,-694.7433409336146,-5.027779097086992,0.8012959623919934,0.12890671571931855,0.8985453515207877,3.629184821124998e-05,3.9930817687059674,21.5514496711101,10.772767700418209,nan,nan
5.96,-96.50994110107422,-695.4548950195312,-5.017882347106934,-96.86186162829445,-694.7339101438997,-5.027809610213403,0.8023501722572021,0.1289221174646951,0.8985972643792788,3.555199763120468e-05,4.068957436222258,21.531241195074355,nan,0.006387620757913792,nan
5.97,-96.5023422241211,-695.4463500976562,-5.017882347106934,-96.85472940675258,-694.7244797362749,-5.027936848289875,0.8033521258562737,0.12893764218459794,0.8986493007977333,3.6259803636164525e-05,4.087990536318569,19.765902703631365,nan,nan,nan
5.98,-96.49474334716797,-695.4378662109375,-5.017882347106934,-96.8475925735679,-694.7150520450556,-5.027716318337287,0.8044001503982656,0.1289532894015883,0.898701460837619,3.55222968390597e-05,4.025028984161453,21.32645711558734,nan,0.08336600467869439,nan
5.99,-96.48712921142578,-695.4293823242188,-5.017882347106934,-96.84044109573875,-694.7056234775795,-5.027842177537441,0.8054535082222906,0.1289690598564559,0.8987537447230444,3.6229989403108957e-05,4.043324014898325,21.36593001461758,nan,nan,nan
6.0,-96.47949981689453,-695.4208984375,-5.017882347106934,-96.833984978773,-694.7078789174689,-5.028124602565087,0.7963425580328559,0.12896384133586394,0.8986777552926649,3.5473417538408705e-05,4.326524835243865,21.275480849158917,5.864698118594982,0.039128999851663564,nan
6.01,-96.47187042236328,-695.412353515625,-5.017882347106934,-96.82685882552151,-694.6984927146427,-5.028253155828347,0.7973214930186076,0.12897968810905322,0.8987297268964216,3.618016226460021e-05,4.345831344916386,19.363508260879573,nan,nan,nan
6.0200000000000005,-96.46422576904297,-695.4038696289062,-5.017882347106934,-96.81974021153337,-694.6891136199586,-5.027115727678292,0.7983432385026289,0.12899565669969099,0.898781821383303,3.544782598899494e-05,3.781863788012328,20.568539793128082,nan,1.1044258202024646,nan
6.03,-96.45657348632812,-695.3953857421875,-5.017882823944092,-96.81259584268741,-694.6797294536397,-5.027233702225636,0.799376807575963,0.12901174775538818,0.8988340389649776,3.615454593350966e-05,3.7988886306259744,20.501932933232126,nan,nan,nan
6.04,-96.44891357421875,-695.3869018554688,-5.017882823944092,-96.80545548699828,-694.6703508920406,-5.0263168306601145,0.8003989950191229,0.12902796093864588,0.8988863797215959,3.542416975537836e-05,3.392048347031074,20.036612683289146,nan,0.7393317822809323,nan
6.05,-96.44124603271484,-695.37841796875,-5.017882823944092,-96.78213573289179,-694.6952313718757,-5.026467838180329,0.7635597005505473,0.12902278392266164,0.8988104016361312,3.610880506167706e-05,3.314111282535827,17.44765376873103,12.216729085444708,nan,nan
6.0600000000000005,-96.4335708618164,-695.3699340820312,-5.017882823944092,-96.77488298898132,-694.6859054089714,-5.02803923643013,0.7645209914923536,0.1290390684332732,0.8988624310161405,3.5381141147544863e-05,4.1911623402075575,18.266042781025153,nan,1.4720066771777318,nan
6.07,-96.4258804321289,-695.3614501953125,-5.017882823944092,-96.76763937673987,-694.6765868012277,-5.028166174016039,0.7654690013760526,0.12905547465414216,0.8989145827536615,3.608704252895065e-05,4.208832518497276,18.324114330118892,nan,nan,nan
6.08,-96.4181900024414,-695.3529663085938,-5.017882823944092,-96.76039017660575,-694.6672702786943,-5.0280460157094415,0.7664093521642286,0.12907200232667607,0.8989668569393794,3.536111080908872e-05,4.202176721004475,18.151686003873618,nan,0.04255311862596309,nan
6.09,-96.41048431396484,-695.3444213867188,-5.017882823944092,-96.7531296074867,-694.6579536945014,-5.028172394576978,0.7673001791311278,0.12908865198003858,0.899019253769149,3.606709231720752e-05,4.219697069162217,16.606995447206423,nan,nan,nan
6.1000000000000005,-96.40277099609375,-695.3359375,-5.017882823944092,-96.75410418070436,-694.6214236466739,-5.031138004788705,0.7963295505146241,0.12908349672285302,0.8989432843088465,3.532159851192833e-05,6.279466986578647,22.186756706849888,6.221818895020553,5.310333996543068,nan
6.11,-96.39505004882812,-695.3274536132812,-5.017882823944092,-96.74683161507207,-694.6120467777235,-5.031295089662226,0.7973312358006672,0.1291002127935505,0.8989953706446409,3.602681540218644e-05,6.300972524744308,22.139694976438015,nan,nan,nan
6.12,-96.3873291015625,-695.3189697265625,-5.017882823944092,-96.73955542482426,-694.6026727482409,-5.031007862638054,0.798321370496758,0.12911704964693677,0.8990475787135833,3.530488386735211e-05,6.189646111584032,21.85839417014491,nan,0.137668574029917,nan
6.13,-96.37959289550781,-695.3104858398438,-5.017882823944092,-96.7322665669007,-694.5932979395201,-5.031162834954759,0.7993206875571615,0.12913400774592879,0.8990999087026847,3.601024484450488e-05,6.2102852431440105,21.92980768498496,nan,nan,nan
6.140000000000001,-96.3718490600586,-695.302001953125,-5.017882823944092,-96.72498741490111,-694.583930287498,-5.029569695366074,0.8002938195443325,0.12915108693149663,0.8991523607159222,3.528972713266859e-05,5.1857327839091765,20.846173481216155,nan,2.1242082924116357,nan
6.15,-96.36409759521484,-695.2935180664062,-5.017882823944092,-96.70680439675796,-694.5780300893795,-5.029605647934186,0.7934156676648711,0.1291459353383257,0.8990763973833779,3.5973235313672915e-05,4.988752101276711,20.228575191410783,14.420772254584103,nan,nan
6.16,-96.35633087158203,-695.2850341796875,-5.017882823944092,-96.69937825442331,-694.5686318308815,-5.032025620486124,0.7944267435975785,0.1291630761808567,0.8991285397728777,3.525489371809912e-05,6.843325094037198,22.108552741881002,nan,3.62143315264576,nan
6.17,-96.34856414794922,-695.2765502929688,-5.017882823944092,-96.69196638979209,-694.5592425357594,-5.032187695140208,0.795399363587487,0.12918033754987368,0.8991808033712914,3.595974159348632e-05,6.861484714179648,21.99215083507172,nan,nan,nan
6.18,-96.34078979492188,-695.26806640625,-5.017882823944092,-96.64349945172785,-694.6162782539952,-5.033074056437588,0.7188127052911243,0.0965736642198443,0.8137692997005871,3.5242562504716524e-05,8.345617503682497,23.41823324834852,nan,0.3660489342081225,0.05162950967948924
6.19,-96.3330078125,-695.2596435546875,-5.017882823944092,-96.63606319080398,-694.6068899624252,-5.033245271951796,0.7198373561709278,0.09657655305928235,0.813824494894833,3.594762464754246e-05,8.363807187373144,25.26589713888238,nan,nan,nan
6.2,-96.3252182006836,-695.2511596679688,-5.017882823944092,-96.6387380092933,-694.5685993385442,-5.033747729232178,0.7512888718160129,0.0965675685629037,0.8137446980666537,3.5210514761890804e-05,9.010413090650346,26.61642075221198,9.205514959486539,0.08170150529443429,nan
6.21,-96.31742095947266,-695.24267578125,-5.017882823944092,-96.63131953288199,-694.5591438269922,-5.033924197364935,0.7523334184662357,0.09657066007527676,0.813799557434959,3.591493946577668e-05,9.029045464472166,26.57709250434897,nan,nan,nan
6.22,-96.30962371826172,-695.2341918945312,-5.017882823944092,-96.62403853068582,-694.5495031922056,-5.031119329126827,0.7535452862525736,0.0965738648663868,0.8138545318287307,3.5200869933482525e-05,6.843302467710938,24.254006232394982,nan,6.207762355415974,nan
6.23,-96.30181121826172,-695.2257080078125,-5.017882823944092,-96.61660550427659,-694.5400494585061,-5.031268325449425,0.75458747696677,0.09657718983321752,0.813909632539431,3.5905555384093894e-05,6.858143562027477,24.298470178965044,nan,nan,nan
6.24,-96.29399108886719,-695.2172241210938,-5.017882823944092,-96.60921136404909,-694.5305369382028,-5.030452227230184,0.7556858467190376,0.09658062849482413,0.8139648486782597,3.51924532973465e-05,6.359423270569769,23.75401075188873,nan,0.6517583939182222,nan
6.25,-96.28616333007812,-695.208740234375,-5.017882823944092,-96.60041370622112,-694.52962381128,-5.030711477156234,0.7484096400813063,0.09657227740127014,0.8138850238381563,3.587542869527055e-05,6.490977639909721,23.816835337988806,1.8028393334810937,nan,nan
6.26,-96.27833557128906,-695.2002563476562,-5.017882823944092,-96.59306701133153,-694.5200758033355,-5.029027750382572,0.7495503062563142,0.0965759125208244,0.8139399054880786,3.5164068090930413e-05,5.4384595192793235,22.633644634155026,nan,2.338694878624692,nan
6.2700000000000005,-96.27050018310547,-695.1918334960938,-5.017882823944092,-96.58562807602526,-694.510640481146,-5.029155437050092,0.7506374519806157,0.09657966695747333,0.8139949125339665,3.586844789388904e-05,5.4509716202851894,24.59542940496362,nan,nan,nan
6.28,-96.26264953613281,-695.183349609375,-5.017882823944092,-96.57826802719153,-694.5010933462253,-5.0274162840818395,0.7517842292622294,0.09658353473641315,0.8140500345669271,3.515790520736268e-05,4.49619461282676,21.683130321681332,nan,2.4406124466145274,nan
6.29,-96.25479888916016,-695.1748657226562,-5.017882823944092,-96.57081594811746,-694.49165974699,-5.027527326469292,0.7528148531791186,0.09658752199954805,0.8141052821663752,3.586259225577681e-05,4.507401902167546,21.577844366649057,nan,nan,nan
6.3,-96.24694061279297,-695.1663818359375,-5.017882823944092,-96.55889910247473,-694.5051817469458,-5.029141612348255,0.731184256725659,0.09657976098420754,0.8140254184019075,3.513167607611174e-05,5.587589147088487,21.973507864253765,6.257180707549516,1.3397497996915546,nan
6.3100000000000005,-96.23907470703125,-695.1578979492188,-5.017882823944092,-96.5514730694595,-694.495792705728,-5.029271126097693,0.7321924499280874,0.09658393836872112,0.8140803325777834,3.583580927402389e-05,5.602725199922492,21.95695695741356,nan,nan,nan
6.32,-96.23120880126953,-695.1494750976562,-5.017882823944092,-96.54403412000606,-694.4864129342799,-5.029547831827952,0.733244287364647,0.09658822874118343,0.8141353613178208,3.51275358090002e-05,5.860704469836692,24.00505489979959,nan,0.01500852948688798,nan
6.33,-96.22332763671875,-695.1409912109375,-5.017882823944092,-96.53659545767697,-694.4770253685782,-5.029680492818807,0.7342523765427437,0.09659263776451939,0.8141905147027029,3.583200583408345e-05,5.875632728065202,22.160497252621152,nan,nan,nan
6.34,-96.21544647216797,-695.1325073242188,-5.017882823944092,-96.52912385434519,-694.467675208625,-5.0304386065029245,0.7352230203755074,0.09659716017869957,0.8142457830641127,3.5124341768167204e-05,6.483540070499199,22.631007758005715,nan,0.2733385668249294,nan
6.3500000000000005,-96.20755767822266,-695.1240844726562,-5.017882823944092,-96.5278812720583,-694.4408676988018,-5.030603829975601,0.754688140120394,0.09658995940913186,0.8141658904463789,3.5807179950016434e-05,6.55992396785775,26.39972201598321,3.3804902959969056,nan,nan
6.36,-96.19966125488281,-695.1156005859375,-5.017882823944092,-96.52046173105289,-694.4314175387811,-5.030325497868694,0.7557606814736358,0.09659466598237099,0.8142208266805329,3.510091160391369e-05,6.455705771797454,24.243382496815325,nan,0.12427416587029859,nan
6.37,-96.19176483154297,-695.1071166992188,-5.017882823944092,-96.51301836203376,-694.4219923849004,-5.030464869681486,0.7568074159242734,0.09659949039355849,0.8142758866442422,3.5805208006152586e-05,6.470523033618137,24.12483298703445,nan,nan,nan
6.38,-96.18385314941406,-695.0986938476562,-5.017882823944092,-96.50554999923982,-694.4125941729233,-5.03106629917116,0.7578887984893214,0.09660442783310795,0.8143310611785896,3.5099431678961515e-05,7.004817737171846,26.73456838867185,nan,0.14921497914800982,nan
6.390000000000001,-96.17594146728516,-695.0902099609375,-5.017882823944092,-96.4980948034566,-694.4031705787345,-5.031212164341644,0.7589358049398626,0.09660948329140308,0.8143863596064682,3.580409203241803e-05,7.019605039711907,24.611436980119983,nan,nan,nan
6.4,-96.16802215576172,-695.0817260742188,-5.017882823944092,-96.48046252137115,-694.4195776294033,-5.029883116444956,0.7322592109722982,0.09660280328390797,0.8143064284790164,3.5077630115683145e-05,6.074795007182333,21.333710909519688,9.71974553452485,1.4672440544346124,nan
6.41,-96.16010284423828,-695.0733032226562,-5.017882823944092,-96.47295210148313,-694.4102187813729,-5.030016172633158,0.7332822459197358,0.09660803683808089,0.814361395792053,3.5781787390282805e-05,6.086410078672883,23.112938850933315,nan,nan,nan
6.42,-96.15216827392578,-695.0648193359375,-5.017882823944092,-96.46540161810141,-694.4009089992555,-5.031023626329767,0.7342102857791818,0.09661338305504633,0.8144164772815569,3.50776710126858e-05,6.898367563295649,22.105370528371605,nan,0.536196084020198,nan
6.43,-96.14423370361328,-695.0563354492188,-5.017882823944092,-96.45787992802761,-694.3915517047202,-5.031167261641791,0.7351787927598428,0.09661884650406338,0.8144716817571136,3.5782210695854946e-05,6.91079147649819,22.007745292437185,nan,nan,nan
6.44,-96.13629150390625,-695.0479125976562,-5.017882823944092,-96.45040478703675,-694.3821215860887,-5.0299594457299,0.7362680697387997,0.0966244230045114,0.8145270008237657,3.507842236632337e-05,6.139298665117652,23.084553943144368,nan,1.2854630494133834,nan
6.45,-96.12834930419922,-695.0394287109375,-5.017882823944092,-96.44165692318458,-694.3586163706989,-5.030196513402962,0.7495456848541984,0.09661823534776269,0.8144470400196732,3.576136386398449e-05,6.069784773380031,20.953305673217073,10.573817024439178,nan,nan
6.46,-96.12039947509766,-695.031005859375,-5.017882823944092,-96.43404506718272,-694.3492433398703,-5.030331993605041,0.7505522448577439,0.09662398421772514,0.8145020292221725,3.505870189235308e-05,6.250930440893307,23.028252549297974,nan,2.6900954658360856e-09,nan
6.47,-96.11244201660156,-695.0225219726562,-5.017882823944092,-96.42642802344764,-694.3398712297329,-5.030468408426288,0.7515035903079088,0.09662984955352553,0.8145571405144362,3.5763143967262736e-05,6.260368452473368,21.089482678091343,nan,nan,nan
6.48,-96.10447692871094,-695.0140991210938,-5.017882823944092,-96.4188058324732,-694.3304999153648,-5.030605736682517,0.7525107350211893,0.09663582948629168,0.8146123699641528,3.648192298317145e-05,6.2689624913354915,22.992455241410816,nan,nan,nan
6.49,-96.09651184082031,-695.005615234375,-5.017882823944092,-96.41117846411468,-694.3211294151663,-5.03074401432725,0.7534595747160979,0.09664192416052376,0.8146677177158224,3.721518344027924e-05,6.277512409247718,20.98813074192851,nan,nan,nan
6.5,-96.08853912353516,-694.9971313476562,-5.017882823944092,-96.40409803489904,-694.329462528008,-5.03141644783871,0.7386083117914339,0.09663619271372408,0.8145877185594359,3.6403789313143644e-05,7.031135725844017,21.89348102323878,10.73447449475047,0.15262715308652228,nan
6.51,-96.08056640625,-694.9887084960938,-5.017882823944092,-96.3965341940413,-694.3201197745102,-5.031562330291846,0.7396172323873772,0.09664245395299367,0.8146427374154153,3.713480810446939e-05,7.041549456129052,23.669910471300973,nan,nan,nan
6.5200000000000005,-96.07257843017578,-694.980224609375,-5.017882823944092,-96.38891680965948,-694.3108486773281,-5.033098848219298,0.7405171410121539,0.09664882735412911,0.8146978698131997,3.635045252173945e-05,8.375074185470398,23.210301836206884,nan,1.2625198861916451,nan
6.53,-96.0645980834961,-694.9718017578125,-5.017882823944092,-96.38134312234557,-694.3015073612953,-5.033260244081943,0.7415244181334821,0.0966553168125293,0.8147531238678876,3.708023851136026e-05,8.38531457294173,24.88912554399203,nan,nan,nan
6.54,-96.05660247802734,-694.96337890625,-5.017882823944092,-96.37386541750386,-694.2920186948934,-5.030470733446974,0.7426565569788856,0.09666191881828878,0.8148084918973105,3.629905148512327e-05,6.376215428552385,22.953983888038813,nan,5.711981055075249,nan
6.55,-96.0486068725586,-694.9548950195312,-5.017882823944092,-96.3692979651211,-694.2652585824648,-5.030736285114755,0.7606618194985049,0.0966566168405761,0.8147284625985465,3.700419808459917e-05,6.4230367147963205,21.945425945270486,3.515015191731783,nan,nan
6.5600000000000005,-96.04061126708984,-694.9464721679688,-5.017882823944092,-96.36174680166111,-694.2557987576213,-5.029104847142336,0.7617635624851348,0.09666337991689984,0.8147835029547231,3.622706627696779e-05,5.436182760586995,22.808876741616718,nan,2.0602772112677266,nan
6.57,-96.03260040283203,-694.93798828125,-5.017882823944092,-96.35413212555753,-694.2464268683245,-5.029226107896429,0.76273750835862,0.09667025830837317,0.8148386640580263,3.695368697536032e-05,5.4442742525585945,20.9464081838902,nan,nan,nan
6.58,-96.02458953857422,-694.9295654296875,-5.017882823944092,-96.34650385544872,-694.237069121178,-5.029626589830022,0.763752499665441,0.09667724887965445,0.814893938798982,3.617953267890543e-05,5.776068209136834,23.1232525101978,nan,0.05109485339936582,nan
6.59,-96.0165786743164,-694.9210815429688,-5.017882823944092,-96.33888015698778,-694.2276986408117,-5.029752510662395,0.7647215076082918,0.0966843549660817,0.8149493344378258,3.690513643394591e-05,5.783776397130941,21.09599983591983,nan,nan,nan
6.6000000000000005,-96.00856018066406,-694.9126586914062,-5.017882823944092,-96.30973281723944,-694.2813273146858,-5.027109950182245,0.6995494293558929,0.09667944938081907,0.8148692673886879,3.61115464096026e-05,4.20696293808337,16.800326709351047,38.784597929537846,5.1728160138225165,nan
6.61,-96.00053405761719,-694.9042358398438,-5.017882823944092,-96.30204663293576,-694.2721004724457,-5.027210814561759,0.7004227060851782,0.09668671096723161,0.814924336265233,3.683529048436974e-05,4.212645341987708,16.798364199117003,nan,nan,nan
6.62,-95.99250793457031,-694.895751953125,-5.017882823944092,-96.29436702445369,-694.2628577693189,-5.026957258604302,0.70125338031644,0.09669408435922187,0.8149795184396732,3.6067765684435566e-05,4.135108533368227,14.996861663849291,nan,0.08391733091333888,nan
6.63,-95.9844741821289,-694.8873291015625,-5.017882823944092,-96.28667221779402,-694.2536324309275,-5.027056597856384,0.7021248331041541,0.09670157255429156,0.815034820629787,3.679063128220828e-05,4.140658149978263,16.641762074732434,nan,nan,nan
6.640000000000001,-95.9764404296875,-694.8788452148438,-5.017882823944092,-96.27899719699332,-694.24437128132,-5.026361181911863,0.7029720138934822,0.09670917292251666,0.8150902365361308,3.6025795860099396e-05,3.8499878129646086,14.64339296170056,nan,0.42163104912092725,nan
6.65,-95.96839904785156,-694.8704223632812,-5.017882823944092,-96.26524116798808,-694.2330640776712,-5.026461091812848,0.7031460838279274,0.09670463822043762,0.8150101385359647,3.6724784877468834e-05,3.669837238241478,15.429621449770337,10.34249375205072,nan,nan
6.66,-95.96035766601562,-694.8619995117188,-5.017882823944092,-96.25747465353186,-694.223823204926,-5.026006082326283,0.7039982174331646,0.09671238879874061,0.815065228844954,3.5963494174855457e-05,3.500086669429545,15.210485431070182,nan,0.2021144434436767,nan
6.67,-95.95230865478516,-694.853515625,-5.017882823944092,-96.24968805871661,-694.2146076889243,-5.026096661126203,0.7047732456502775,0.09672025348971094,0.815120438309406,3.668388066502417e-05,3.5040902726673924,13.565716987444773,nan,nan,nan
6.68,-95.94425964355469,-694.8450927734375,-5.017882823944092,-96.24189552527636,-694.205395587606,-5.026250676765716,0.7055987731068479,0.09672822996694218,0.8151757611408369,3.592509611273537e-05,3.6131317041313054,15.254824184633486,nan,0.0026215403500091552,nan
6.69,-95.93620300292969,-694.836669921875,-5.017882823944092,-96.23410058884738,-694.1961813317791,-5.026343621238521,0.7064277675951207,0.09673632077384706,0.8152312032936141,3.664478450166793e-05,3.6167298908590757,15.245808156004358,nan,nan,nan
6.7,-95.92813873291016,-694.8281860351562,-5.017882823944092,-96.214084483227,-694.2134316691537,-5.027180610080935,0.6780666276041865,0.09673212681022549,0.8151510681063505,3.586644224887035e-05,3.9424459326699726,12.168269374824376,12.77288393936205,0.3169908653767277,nan
6.71,-95.92007446289062,-694.8197631835938,-5.017882823944092,-96.20622542336113,-694.2042829277631,-5.027283472675173,0.6788127059006431,0.09674036249083603,0.8152061855481273,3.658458957034204e-05,3.9459834512861773,13.628687149347401,nan,nan,nan
6.72,-95.9120101928711,-694.8113403320312,-5.017882823944092,-96.19836024552782,-694.195138458667,-5.027473474334669,0.6795535902113007,0.09674870956564666,0.8152614160038071,3.583147480461693e-05,4.095633355273332,13.740736242721997,nan,0.005013025991984609,nan
6.73,-95.90393829345703,-694.8029174804688,-5.017882823944092,-96.19049352556765,-694.1859909319894,-5.027578921507624,0.68029867086197,0.09675717030663429,0.8153167649489527,3.65490393693536e-05,4.099148382593612,13.72821488016788,nan,nan,nan
6.74,-95.89585876464844,-694.79443359375,-5.017882823944092,-96.18261486422743,-694.1768574322301,-5.028005961060411,0.6809786001251877,0.0967657427937228,0.8153722273107091,3.579815763186112e-05,4.388338612386963,12.512915038955827,nan,0.06932375073490812,nan
6.75,-95.88777923583984,-694.7860107421875,-5.017882823944092,-96.16777316128406,-694.1954236922375,-5.028087086448455,0.6536771288852139,0.09676186530635995,0.81529206048174,3.649244814961323e-05,4.396949789673325,12.692730022490117,5.72922473392606,nan,nan
6.76,-95.87969970703125,-694.777587890625,-5.017882823944092,-96.15991692232262,-694.1863065267104,-5.027482462991061,0.6543909321867277,0.09677057757148454,0.8153471992411104,3.574463347561172e-05,4.120163210506412,12.372346215667763,nan,0.346339586527689,nan
6.7700000000000005,-95.87161254882812,-694.7691650390625,-5.017882823944092,-96.15203916050548,-694.1772191675885,-5.027587218808139,0.6550825708043185,0.09677940285873193,0.815402455680025,3.646028692631929e-05,4.123632639654549,12.36724916320532,nan,nan,nan
6.78,-95.863525390625,-694.7606811523438,-5.017882823944092,-96.14417848076249,-694.1680989709198,-5.026852594084465,0.655744047263306,0.09678833948976287,0.8154578251720054,3.571453467031936e-05,3.792415434996006,10.623477786734366,nan,0.4784302456791041,nan
6.79,-95.85543060302734,-694.7522583007812,-5.017882823944092,-96.13629365212967,-694.1590128326604,-5.026951002473325,0.6564346651866991,0.09679738937469887,0.81551331252518,3.642975291639247e-05,3.795527518561209,11.992504088113469,nan,nan,nan
6.8,-95.84733581542969,-694.7438354492188,-5.017882823944092,-96.13070900601757,-694.154675276278,-5.02714583909797,0.6538316893308799,0.09679380082916303,0.815433109031688,3.5664263593106736e-05,4.042231860017947,12.359188543897872,2.8453282016776384,0.00013446522163868268,nan
6.8100000000000005,-95.8392333984375,-694.7354125976562,-5.017882823944092,-96.12285257957339,-694.1455953038736,-5.02724832978892,0.6545318881865023,0.09680298537530972,0.8154882736465361,3.637820134441532e-05,4.046923675431271,12.361484718805423,nan,nan,nan
6.82,-95.83113098144531,-694.7269897460938,-5.017882823944092,-96.11499298396488,-694.1365159835271,-5.02735174979353,0.6552301590362911,0.09681228163510572,0.8155435530713965,3.7106531926593626e-05,4.051418817995561,12.323658057733123,nan,nan,nan
6.83,-95.8230209350586,-694.718505859375,-5.017882823944092,-96.10713004856284,-694.1274373668289,-5.02745613234735,0.6558746827639433,0.09682168975305123,0.8155989474507693,3.7849399839841666e-05,4.056420076088948,10.956132630872476,nan,nan,nan
6.84,-95.81491088867188,-694.7100830078125,-5.017882823944092,-96.0992981473885,-694.1183024132587,-5.026027853908345,0.6566176410392511,0.09683120908657414,0.8156544547348694,3.701896160188253e-05,3.4264649033526777,11.654369810412812,nan,1.4810718114332526,nan
6.8500000000000005,-95.80680084228516,-694.70166015625,-5.017882823944092,-96.0946858402767,-694.1015029988012,-5.026113243077538,0.6656832020599457,0.09682788647233963,0.8155742190251998,3.773546050697842e-05,3.4601454402378806,12.22485758690427,0.8203690016562516,nan,nan
6.86,-95.7986831665039,-694.6932373046875,-5.017882823944092,-96.08687230290846,-694.0923296843102,-5.024043739347299,0.6664689816095459,0.09683753556171938,0.8156294046394045,3.691134431724704e-05,2.6929105540220073,11.459797470304698,nan,2.9603887808075884,nan
6.87,-95.79056549072266,-694.684814453125,-5.017882823944092,-96.07900899485276,-694.0832353782416,-5.024115704052224,0.6671850471996739,0.09684729673691914,0.8156847067256026,3.7649185642478784e-05,2.6959184267939844,11.427768993307117,nan,nan,nan
6.88,-95.78244018554688,-694.6763916015625,-5.017882823944092,-96.07113596889958,-694.0741526555395,-5.024500407913381,0.6678928026638287,0.09685716872441945,0.8157401213653797,3.683015969586743e-05,2.8526751340670096,11.58549190948473,nan,0.06175942704470927,nan
6.890000000000001,-95.7743148803711,-694.66796875,-5.017882823944092,-96.0632662393869,-694.0650594776098,-5.024577756189906,0.6686084808981628,0.09686715303709298,0.8157956526615043,3.756613842305095e-05,2.856273010297414,11.549420152601492,nan,nan,nan
6.9,-95.76618194580078,-694.6595458984375,-5.017882823944092,-96.05563897226497,-694.0471140684172,-5.024149770415661,0.6774196566454456,0.09686407109939725,0.8157153806378835,3.6729123032055864e-05,2.672951726862898,11.713550048798384,2.238946400690683,0.07231434295546098,nan
6.91,-95.75804901123047,-694.6510620117188,-5.017882823944092,-96.04774473780937,-694.0380064470437,-5.0242224607534265,0.6780862263547281,0.096874180251329,0.815770591093033,3.746242668502292e-05,2.6759921341245327,10.232983418885434,nan,nan,nan
6.92,-95.74991607666016,-694.6426391601562,-5.017882823944092,-96.03986212516828,-694.0288741272861,-5.023550571394913,0.6788286602528548,0.09688439980816178,0.8158259137422286,3.665411395609594e-05,2.478522810032115,11.446934761216664,nan,0.3573190262806074,nan
6.93,-95.74178314208984,-694.6342163085938,-5.017882823944092,-96.03196219662736,-694.0197673407696,-5.023618077095046,0.6795471366146492,0.09689473109942517,0.8158813522912689,3.7385785948941246e-05,2.4808549423663018,11.424628669193488,nan,nan,nan
6.94,-95.733642578125,-694.6257934570312,-5.017882823944092,-96.02408469720204,-694.0106166689256,-5.0223492755786765,0.6803080584177211,0.09690517312643382,0.8159369034160735,3.658206753113395e-05,2.1453669179198456,11.094241415616064,nan,1.1537231912184194,nan
6.95,-95.72549438476562,-694.6173706054688,-5.017882823944092,-96.0123632552102,-694.0115154701554,-5.02235830181857,0.670353804880647,0.09690231019270987,0.815856598847039,3.7288636133682405e-05,2.1097580379602308,10.557503833402734,1.208047836033265,nan,nan
6.96,-95.71734619140625,-694.6089477539062,-5.017882823944092,-96.00442118888054,-694.0024715667889,-5.023643227209158,0.6710131160871652,0.0969128723274161,0.8159118301422809,3.6490357645314065e-05,2.4808837078155657,10.898409221117792,nan,0.9787794633797648,nan
6.97,-95.70919799804688,-694.6005249023438,-5.017882823944092,-95.9964986731654,-693.9933886791691,-5.023712830305194,0.67170682621846,0.09692354562267522,0.8159671766047483,3.721815823400524e-05,2.4836345282459478,10.864954420489608,nan,nan,nan
6.98,-95.7010498046875,-694.5921020507812,-5.017882823944092,-95.98859964506185,-693.9842594762667,-5.022288306149871,0.6724410118108543,0.0969343292383126,0.8160226352683566,3.642415779211056e-05,2.1020189384467782,10.451721999849438,nan,1.4551500519606932,nan
6.99,-95.6928939819336,-694.5836791992188,-5.017882823944092,-95.9806716615003,-693.9751776738618,-5.022345340572069,0.6731344689385312,0.09694522426633498,0.8160782093029143,3.7150630982133074e-05,2.1041214878771513,10.460275705723179,nan,nan,nan
7.0,-95.68473815917969,-694.5752563476562,-5.017882823944092,-95.9795644293271,-693.9506909234326,-5.021461245267768,0.6906643930331632,0.09694255712653121,0.8159978689005472,3.6338399331341984e-05,1.9883807421777573,11.379819867674206,3.6383488579192163,0.48955816785313366,nan
7.01,-95.67657470703125,-694.5668334960938,-5.017882823944092,-95.9716567283045,-693.9415749380412,-5.021510407605966,0.6914006241390734,0.09695356754084898,0.8160531239192862,3.7062729810760685e-05,1.990391423649267,11.390165694213458,nan,nan,nan
7.0200000000000005,-95.66841125488281,-694.5584106445312,-5.017882823944092,-95.96379133075725,-693.9323776553724,-5.018816748730272,0.692219304089558,0.09696468785803931,0.8161084907580398,3.627780097956963e-05,1.6586434440188953,11.029110492400116,nan,4.941171706210825,nan
7.03,-95.66024780273438,-694.5499877929688,-5.017882823944092,-95.9558786390683,-693.9232625319265,-5.018841133608387,0.6929524244689204,0.09697591903379522,0.8161639722649324,3.700099375645331e-05,1.6586206618381338,11.000511476961682,nan,nan,nan
7.04,-95.6520767211914,-694.5415649414062,-5.017882823944092,-95.94795861234121,-693.9141567418561,-5.019173088416181,0.6936777401326432,0.09698726043239987,0.8162195659557865,3.6219882728932586e-05,1.6790923101916793,11.030977243170152,nan,0.06188679720181454,nan
7.05,-95.64391326904297,-694.5331420898438,-5.017882823944092,-95.93441244342499,-693.9419045306161,-5.019038878609112,0.65875105936958,0.09698476861174465,0.8161391926088135,3.6918958169292953e-05,1.7966558087992917,9.645864339460545,11.883114949266488,nan,nan
7.0600000000000005,-95.63573455810547,-694.5247192382812,-5.017882823944092,-95.92650947499577,-693.9328838656293,-5.019836775985354,0.6594110846378415,0.09699622083140219,0.8161944682426171,3.6142478571173556e-05,1.866457988200553,9.775600371479808,nan,0.39286504085272916,nan
7.07,-95.6275634765625,-694.5162963867188,-5.017882823944092,-95.91861578485965,-693.9238421453596,-5.019872495332514,0.6600889584456132,0.09700778337025656,0.8162498578630705,3.686274446170429e-05,1.868283938647381,9.694680781697965,nan,nan,nan
7.08,-95.619384765625,-694.5078735351562,-5.017882823944092,-95.91071968151684,-693.9148014074202,-5.019920513753282,0.6607682907758301,0.09701945570929255,0.8163053592741317,3.6089793445101125e-05,1.8761524562196012,9.713267957524737,nan,8.75191944192648e-05,nan
7.09,-95.6112060546875,-694.4994506835938,-5.017882823944092,-95.90282133311585,-693.9057610102104,-5.019957927981549,0.6614462978591757,0.09703123862923788,0.8163609748922985,3.680916814027192e-05,1.8782143174671453,9.679377530880249,nan,nan,nan
7.1000000000000005,-95.60301971435547,-694.4910278320312,-5.017882823944092,-95.89873977913682,-693.8915740031747,-5.021639532028766,0.6684380019872458,0.09702890079827903,0.8162805661346303,3.601766136262571e-05,2.2230717587398647,10.570390120146998,1.1313454900904663,1.7840653339712325,nan
7.11,-95.59483337402344,-694.4826049804688,-5.017882823944092,-95.89085742201155,-693.8825212573471,-5.021694844650786,0.6691376863132769,0.09704079000040279,0.8163358644929315,3.673532388452133e-05,2.22742786982032,10.535996726328229,nan,nan,nan
7.12,-95.5866470336914,-694.4741821289062,-5.017882823944092,-95.88298729766383,-693.8734411058398,-5.02067603830392,0.6698620237725421,0.097052788579501,0.8163912742437144,3.5969947575975714e-05,2.049297469908011,10.327158088610231,nan,0.7717081536882406,nan
7.13,-95.57846069335938,-694.4657592773438,-5.017882823944092,-95.87510057643452,-693.864389193521,-5.02072257423025,0.6705589177167908,0.09706489721703906,0.816446797546434,3.668687206753254e-05,2.0526666836510348,10.300809748415427,nan,nan,nan
7.140000000000001,-95.57026672363281,-694.4573974609375,-5.017882823944092,-95.86722571245761,-693.8553099896545,-5.019672075281262,0.6713398286561855,0.09707711554297954,0.816502432590337,3.592460634793654e-05,1.9220801564966694,11.677636712575849,nan,0.8072525694878593,nan
7.15,-95.56207275390625,-694.448974609375,-5.017882823944092,-95.85572675438503,-693.8560535061446,-5.019734561782872,0.6616581712532528,0.09707491241460554,0.8164219906037026,3.661816835734265e-05,1.9046556102234842,9.683240974964363,1.012633560060786,nan,nan
7.16,-95.55387878417969,-694.4405517578125,-5.017882823944092,-95.84780969695252,-693.8470522233679,-5.02092368084344,0.6623038016500684,0.0970872326165614,0.8164773092979228,3.585980737242123e-05,2.069243714681978,9.821495870811626,nan,0.8885880919732416,nan
7.17,-95.5456771850586,-694.43212890625,-5.017882823944092,-95.8399047508855,-693.8380234103516,-5.02097521966146,0.6629787052842151,0.09709966236691256,0.8165327409078662,3.657456338813999e-05,2.0733588640951837,9.840242106877556,nan,nan,nan
7.18,-95.53748321533203,-694.4237060546875,-5.017882823944092,-95.80161763988922,-693.9607018519175,-5.020692777968765,0.5330551396060641,0.0872613757049932,0.6314710757454771,3.581893550499313e-05,2.719194595881356,10.412694810089985,nan,0.07707895473454904,0.09371779994725378
7.19,-95.52928161621094,-694.415283203125,-5.017882823944092,-95.79372422610261,-693.9516833386352,-5.020742940033046,0.5337254992459056,0.08728403707182178,0.6315001390749523,3.653314639745721e-05,2.7219205047600594,10.439963543952093,nan,nan,nan
7.2,-95.52107238769531,-694.4068603515625,-5.017882823944092,-95.79141743386973,-693.9377565905207,-5.020641183904892,0.5414354912307173,0.08728210017845281,0.6314364796856864,3.575872073267258e-05,2.893795171127539,10.427255569192805,3.5111635198559905,0.0109985717131729,nan
7.21,-95.51287078857422,-694.3984375,-5.017882823944092,-95.78355235811196,-693.9287623555019,-5.020691467066696,0.5420988304016974,0.08730476257368264,0.6314654744871446,3.647156130988398e-05,2.8979204128137614,10.33606034666505,nan,nan,nan
7.22,-95.5046615600586,-694.3900756835938,-5.017882823944092,-95.77569600423753,-693.91970743919,-5.0213291377397855,0.5428792060427662,0.08732752847695571,0.6314945630121364,3.5722294186154774e-05,3.013998482363745,11.878101218344788,nan,0.232897395234173,nan
7.23,-95.49644470214844,-694.3816528320312,-5.017882823944092,-95.76782668376849,-693.9107140853698,-5.02138743865761,0.5435473901872374,0.08735039903513708,0.6315237775215825,3.6434714039438833e-05,3.0196456403290224,10.522275012064501,nan,nan,nan
7.24,-95.48823547363281,-694.3732299804688,-5.017882823944092,-95.7599782455032,-693.9015926433777,-5.022695700727999,0.5443427923515117,0.08737337339188267,0.6315530864935168,3.568792568395729e-05,3.332134652784256,10.743650853638107,nan,1.0584779999375298,nan
7.25,-95.48001861572266,-694.3648071289062,-5.017882823944092,-95.75688037164338,-693.8953795658052,-5.022747481661035,0.5450122326931487,0.08737116793158924,0.6314900242787899,3.6377549241236606e-05,3.6083193047426017,10.19821249762802,10.642859297870094,nan,nan
7.26,-95.4718017578125,-694.3563842773438,-5.017882823944092,-95.74904198794037,-693.8864542405371,-5.022755524036144,0.5456373593336978,0.08739414055000341,0.6315192631776947,3.563402368701004e-05,3.6272044154419136,10.182856815978623,nan,0.0029130977602480498,nan
7.2700000000000005,-95.46358489990234,-694.3479614257812,-5.017882823944092,-95.74120278224613,-693.8775226914101,-5.022829270550629,0.5462680282862661,0.08741721745577472,0.6315486266762503,3.63448723195019e-05,3.637053285471449,10.15579395510874,nan,nan,nan
7.28,-95.45536804199219,-694.339599609375,-5.017882823944092,-95.73335207720777,-693.8686438150546,-5.02238338327732,0.5468955467664719,0.08744039780088647,0.6315780850784117,3.5603597671935446e-05,3.5345781979490756,11.275577770419478,nan,0.1848107874885929,nan
7.29,-95.4471435546875,-694.3311767578125,-5.017882823944092,-95.72550929527763,-693.8597133421279,-5.022453915879476,0.5475272894977938,0.08746368271949648,0.6316076679227056,3.631417756205443e-05,3.544112955927616,10.066243520032025,nan,nan,nan
7.3,-95.43891906738281,-694.32275390625,-5.017882823944092,-95.70231895679277,-693.8773652045098,-5.021224086690935,0.5174570140752894,0.08746120212853432,0.6315451522279321,3.5553599746862914e-05,2.979159603510624,8.680659080631878,9.611237563448656,1.3654750693863598,nan
7.3100000000000005,-95.43069458007812,-694.3143310546875,-5.017882823944092,-95.69440954135182,-693.8684564677949,-5.021284939016138,0.5180360049486984,0.08748448257911197,0.6315746625555296,3.626307488245416e-05,2.984792585715887,8.66091969832837,nan,nan,nan
7.32,-95.42247009277344,-694.305908203125,-5.017882823944092,-95.68651498573641,-693.8594587033365,-5.022268056441796,0.5187061707993267,0.08750786611621653,0.6316042682219741,3.5526859294750574e-05,3.2072294544029654,8.864934751961059,nan,0.5810976111316125,nan
7.33,-95.41423797607422,-694.2975463867188,-5.017882823944092,-95.67860167846808,-693.8505508709128,-5.0223402912448645,0.519339029256187,0.08753135385947362,0.6316339969673257,3.6236159991261894e-05,3.213872016575813,10.117158044098547,nan,nan,nan
7.34,-95.406005859375,-694.2891235351562,-5.017882823944092,-95.67073021689994,-693.8414135903495,-5.0248137583964105,0.5201646066374183,0.08755494498283153,0.6316638217776612,3.550186922066456e-05,4.01907263877779,9.683775037097709,nan,3.951519908136403,nan
7.3500000000000005,-95.39777374267578,-694.2807006835938,-5.017882823944092,-95.66916423476843,-693.8177884559269,-5.024861680318462,0.5366462840251998,0.08755218490186209,0.6316018617308276,3.61887874394837e-05,4.083407770997574,10.503944893007844,2.653265430366125,nan,nan
7.36,-95.38954162597656,-694.2722778320312,-5.017882823944092,-95.66129314158329,-693.8087090797484,-5.0264629854613805,0.5374183598457618,0.08757576887437608,0.6316316125209519,3.545720229378175e-05,4.814459357981104,11.203979132013199,nan,1.5539818614113168,nan
7.37,-95.38130187988281,-694.263916015625,-5.017882823944092,-95.65339307819637,-693.7997717456423,-5.026576772950702,0.53808838335988,0.08759945668739756,0.6316614850495389,3.6165391232825254e-05,4.828051583578901,12.5317812767889,nan,nan,nan
7.38,-95.37306213378906,-694.2554931640625,-5.017882823944092,-95.64548927009581,-693.7908449017432,-5.026582520005749,0.5386930823615786,0.0876232475347704,0.6316914540583292,3.54355341871898e-05,4.874625999673313,11.257887784557276,nan,0.00819621775749712,nan
7.390000000000001,-95.36482238769531,-694.2470703125,-5.017882823944092,-95.63758571943507,-693.7819083388069,-5.026697421466382,0.5393080696978962,0.08764714250606277,0.6317215446668514,3.614366363428394e-05,4.889040928284073,11.242161627677794,nan,nan,nan
7.4,-95.35658264160156,-694.2386474609375,-5.017882823944092,-95.63209037256073,-693.7734447889185,-5.0256556190631905,0.5407203086771051,0.08764409685535068,0.6316600951126905,3.539413225040973e-05,4.569494654934482,10.654936773113175,1.6884895773132493,0.8145658675277507,nan
7.41,-95.34834289550781,-694.2302856445312,-5.017882823944092,-95.62419932316435,-693.7645296964776,-5.02576064664626,0.5413754999234363,0.08766798202239898,0.6316901093359714,3.610135843260581e-05,4.581920601185796,11.884590136409908,nan,nan,nan
7.42,-95.34009552001953,-694.2218627929688,-5.017882823944092,-95.61627812486243,-693.7557581263792,-5.024272064890068,0.5418221237954752,0.08769196988365789,0.631720220437865,3.5375544584608656e-05,4.018362017997273,10.097052530799719,nan,1.7569641760745365,nan
7.43,-95.33184814453125,-694.2134399414062,-5.017882823944092,-95.60838377463666,-693.746844108558,-5.024363360698687,0.5424256845926426,0.08771606150420647,0.6317504518369992,3.608278289452164e-05,4.029711400124672,10.076959340257723,nan,nan,nan
7.44,-95.32360076904297,-694.2050170898438,-5.017882823944092,-95.60044261192282,-693.7381561463302,-5.021896306674909,0.5427860117865093,0.08774025611478432,0.6317807808144181,3.5358416579946905e-05,3.322647791734192,9.338489520184776,nan,4.5297626257043655,nan
7.45,-95.31535339355469,-694.1966552734375,-5.017882823944092,-95.59426991430615,-693.7304957638547,-5.021920667534206,0.5432452651458819,0.08773692091952104,0.6317198475195023,3.604356575025881e-05,3.425226877383372,10.403159163192147,1.1926372582751383,nan,nan
7.46,-95.3071060180664,-694.188232421875,-5.017882823944092,-95.58635450377841,-693.7217438631818,-5.020355099543559,0.543688701658157,0.08776110312255647,0.6317500986344324,3.532142942639287e-05,3.147792133699345,8.893020886583477,nan,1.849148417460664,nan
7.47,-95.2988510131836,-694.1798095703125,-5.017882823944092,-95.57846620389995,-693.7128509928847,-5.020407838599902,0.5442805743472454,0.08778538872243209,0.6317804687758909,3.602790054364799e-05,3.1538258231732366,8.937336993971599,nan,nan,nan
7.48,-95.29060363769531,-694.1714477539062,-5.017882823944092,-95.57057157886075,-693.7039938700198,-5.020045645969224,0.5448851800518091,0.08780977697815856,0.6318109368602856,3.5307045053332294e-05,3.11012482721457,10.059339350543283,nan,0.12005949752046137,nan
7.49,-95.28244018554688,-694.1630249023438,-5.017882823944092,-95.56272767623081,-693.695101616341,-5.020096267095971,0.5454522695415684,0.08783426891220622,0.6318415238631507,3.601361252007027e-05,3.1134420008043713,8.845137224485084,nan,nan,nan
7.5,-95.27439880371094,-694.1546020507812,-5.017882823944092,-95.55788691303206,-693.6786270238155,-5.021394546463364,0.554012695356883,0.08783063857314867,0.6317810668790894,3.527273554255107e-05,3.349410156959903,9.54070662932214,0.8561465693424338,0.9960802761660948,nan
7.51,-95.26649475097656,-694.146240234375,-5.017882823944092,-95.55028432433623,-693.6697169322883,-5.021459877052921,0.5546384179699262,0.08785511551984045,0.6318115737424501,3.597854833973986e-05,3.353031778415646,10.815171660113242,nan,nan,nan
7.5200000000000005,-95.25873565673828,-694.1378173828125,-5.017882823944092,-95.54278404149659,-693.6610022515624,-5.019138067300396,0.5550114682677428,0.08787969479305481,0.6318421788890729,3.5260873994716875e-05,3.040525472485841,9.262442056802012,nan,3.96665683773572,nan
7.53,-95.25112915039062,-694.12939453125,-5.017882823944092,-95.53547284613566,-693.652091980403,-5.019181743787195,0.5555814517671706,0.08790437738392592,0.6318729017326322,3.5966836156395236e-05,3.040947690677207,9.2397861477252,nan,nan,nan
7.54,-95.24366760253906,-694.1209716796875,-5.017882823944092,-95.52831923514366,-693.6431405007216,-5.019736523381759,0.556194771404736,0.08792916259862042,0.631903723523279,3.525020542859011e-05,3.0898564225070633,9.318558741395258,nan,0.18118624413486556,nan
7.55,-95.23635864257812,-694.1126098632812,-5.017882823944092,-95.53427027164871,-693.6059247634817,-5.01985373388656,0.5877797321960139,0.08792523347711093,0.6318437454950286,3.593427823151548e-05,3.2753728331892735,12.384411700291473,9.277254487572508,nan,nan
7.5600000000000005,-95.22919464111328,-694.1041870117188,-5.017882823944092,-95.52744339894863,-693.5969579020384,-5.019916136290719,0.5884197699062621,0.08795000117652041,0.6318744856842945,3.521947849295894e-05,3.2836739241953046,11.013767660636455,nan,6.386122912656758e-05,nan
7.57,-95.22216796875,-694.0957641601562,-5.017882823944092,-95.52076003046753,-693.5879912007058,-5.019970075532621,0.5890627761868723,0.08797487183553802,0.631905342386511,3.592492392793065e-05,3.2868170735627937,11.07760639834969,nan,nan,nan
7.58,-95.21528625488281,-694.08740234375,-5.017882823944092,-95.51422852601436,-693.5789731707191,-5.0206808970897905,0.589808896738167,0.08799984479400118,0.6319362983334679,3.521102926347017e-05,3.385938432249986,12.522422500098486,nan,0.3000729583575898,nan
7.59,-95.20853424072266,-694.0789794921875,-5.017882823944092,-95.50782419948912,-693.5700050210688,-5.020743262907121,0.5904554799305621,0.08802492099235447,0.6319673707238068,3.591668333329086e-05,3.3907495185123184,11.214901101969025,nan,nan,nan
7.6000000000000005,-95.20191955566406,-694.070556640625,-5.017882823944092,-95.48825920101567,-693.5878005075527,-5.021486288153305,0.5612992619568176,0.08802068796039823,0.6319078365162895,3.518245383115849e-05,3.325278369943962,9.86690357857994,9.507142750510484,0.5279637542429324,nan
7.61,-95.19544219970703,-694.0621337890625,-5.017882823944092,-95.48207906293094,-693.5788761370882,-5.0215555327336014,0.5618826731092814,0.0880457441346767,0.6319388251216682,3.588745906980013e-05,3.329983956026304,9.844407514701821,nan,nan,nan
7.62,-95.1890869140625,-694.0537719726562,-5.017882823944092,-95.47602204582742,-693.5699835918093,-5.02118111984164,0.5624889741490722,0.0880709022881912,0.6319699132405961,3.517602712859756e-05,3.260699767129727,11.151341706268541,nan,0.13822409194434218,nan
7.63,-95.182861328125,-694.0453491210938,-5.017882823944092,-95.47010004612066,-693.5610570164109,-5.021247931660295,0.5630774793257599,0.0880961633260077,0.6320011166747888,3.588127909584349e-05,3.2651331044289025,9.844024143806436,nan,nan,nan
7.640000000000001,-95.1767578125,-694.0369262695312,-5.017882823944092,-95.46429734543639,-693.5521561734819,-5.020945444829555,0.5636403185291894,0.08812152664116892,0.6320324202448756,3.517055523605914e-05,3.214425920688148,9.824675825965407,nan,0.09580013672024155,nan
7.65,-95.1707763671875,-694.0285034179688,-5.017882823944092,-95.45465180189966,-693.5617027961744,-5.020892292763354,0.5463489176736978,0.08811698635721257,0.6319733297091255,3.585404667031196e-05,3.303565834308705,8.755609084649805,8.68990339118822,nan,nan
7.66,-95.1649169921875,-694.0200805664062,-5.017882823944092,-95.44910292562324,-693.5528069226726,-5.021364525724594,0.5469172013551257,0.0881423271918832,0.6320045480406293,3.514482516170094e-05,3.394599677212147,8.850729776114918,nan,0.11678505621290823,nan
7.67,-95.15917205810547,-694.0116577148438,-5.017882823944092,-95.44366535038297,-693.5439383314591,-5.02143348472991,0.547458183002693,0.0881677705582469,0.632035880599811,3.584973550053588e-05,3.4001483780868513,8.902889069981718,nan,nan,nan
7.68,-95.1535415649414,-694.0032348632812,-5.017882823944092,-95.43833890981307,-693.5350868006658,-5.02123057883672,0.5479811526315247,0.08819331588581235,0.6320673135162552,3.5141109303542144e-05,3.36618672909146,8.891700303423429,nan,0.052080645753979034,nan
7.69,-95.14802551269531,-693.9948120117188,-5.017882823944092,-95.43312987799425,-693.5262147018713,-5.021298556605157,0.5485249357489872,0.08821896402478607,0.6320988606335965,3.58463058522556e-05,3.371387377502503,8.906966349563092,nan,nan,nan
7.7,-95.14261627197266,-693.9863891601562,-5.017882823944092,-95.41622075151118,-693.529514949616,-5.021988210621508,0.5325507578438926,0.08821411181768724,0.6320401829917297,3.5117070714128315e-05,3.176746498838887,8.720006298828654,6.155381364984307,0.3246722725281925,nan
7.71,-95.13731384277344,-693.9779663085938,-5.017882823944092,-95.41118138464721,-693.5206273964733,-5.022063910057014,0.533085164408646,0.08823973503593976,0.6320716427823384,3.582169050906128e-05,3.1819157731524035,8.756280484841968,nan,nan,nan
7.72,-95.13211822509766,-693.9695434570312,-5.017882823944092,-95.40622543223466,-693.5118387821691,-5.02061931448233,0.5335127166015714,0.08826545990283204,0.6321032031207371,3.5114939613705516e-05,2.9041967648017253,8.500228859614806,nan,1.6229477629582374,nan
7.73,-95.12702941894531,-693.9611206054688,-5.017882823944092,-95.40139737638367,-693.5029475776043,-5.020681481364224,0.5340488105170614,0.08829128723153551,0.6321348766311727,3.5819872041374614e-05,2.90650139005442,8.521285853288457,nan,nan,nan
7.74,-95.12203979492188,-693.9526977539062,-5.017882823944092,-95.39667623550874,-693.4940355028872,-5.021038879580265,0.5346084508266525,0.08831721650723225,0.6321666512677891,3.511355590265919e-05,2.9684942378027817,8.627008715328424,nan,0.06077323160276741,nan
7.75,-95.11714172363281,-693.9442749023438,-5.017882823944092,-95.39479983622493,-693.4684487776366,-5.021165578966005,0.5509222312836858,0.08831204930175367,0.6321083839560468,3.57968043305979e-05,2.8710389012175663,9.880333655233985,7.568516191691753,nan,nan
7.76,-95.11235046386719,-693.9358520507812,-5.017882823944092,-95.39029086007356,-693.459406141914,-5.022590408872061,0.5516101243410749,0.08833795126826553,0.632140069816605,3.509172509756447e-05,3.1978813324629645,10.195361637551247,nan,1.2911498387158682,nan
7.7700000000000005,-95.10765075683594,-693.9274291992188,-5.017882823944092,-95.38585834344481,-693.4504472719001,-5.022673755037115,0.5522084509097046,0.08836395535024856,0.6321718678615534,3.5796432118980525e-05,3.2040910624878265,10.251914094124187,nan,nan,nan
7.78,-95.1030502319336,-693.9190063476562,-5.017882823944092,-95.381529327123,-693.4414496492753,-5.023358656529726,0.5528480725918224,0.08839006106999103,0.6322037671744147,3.5091697922431145e-05,3.4136442058658276,10.471554134768324,nan,0.2533583180936086,nan
7.79,-95.0985336303711,-693.9105224609375,-5.017882823944092,-95.37728432825425,-693.4324870552542,-5.02344991877205,0.5533993071932234,0.08841626918486914,0.6322357786890588,3.579674177718146e-05,3.4224198929056495,9.289893227589094,nan,nan,nan
7.8,-95.0941162109375,-693.902099609375,-5.017882823944092,-95.39640922552984,-693.3901406866157,-5.024435345968048,0.5945804746281502,0.08841078274805468,0.6321778948009977,3.50711658011508e-05,4.324633703033016,12.599953769624138,17.140515332455323,0.5002168489120522,nan
7.8100000000000005,-95.08978271484375,-693.8936767578125,-5.017882823944092,-95.39243025590275,-693.3811508517284,-5.0245378831709235,0.5952500552958221,0.08843696117967792,0.6322098155460185,3.5775679024775984e-05,4.337164595467372,12.682475497881217,nan,nan,nan
7.82,-95.08553314208984,-693.8851928710938,-5.017882823944092,-95.38851918527223,-693.3722382125604,-5.023285953290611,0.595778665177838,0.08846324094292117,0.63224183766987,3.50723495190916e-05,3.9313512359682425,10.997134168195858,nan,1.291920775082427,nan
7.83,-95.08136749267578,-693.8767700195312,-5.017882823944092,-95.38471287775295,-693.3632440331972,-5.02337697275037,0.5964541448921528,0.08848962275838759,0.632273971066353,3.577721712930895e-05,3.9415441586522446,12.389050837767728,nan,nan,nan
7.84,-95.07728576660156,-693.8682861328125,-5.017882823944092,-95.38096451157512,-693.3543527877877,-5.021627133748732,0.5969608723635454,0.0885161062036283,0.6323062063761707,3.5074104358323175e-05,3.4972599846955017,10.622773310635367,nan,2.384684575610927,nan
7.8500000000000005,-95.07328796386719,-693.85986328125,-5.017882823944092,-95.37438801834982,-693.345150566837,-5.02153718561225,0.5963252263212184,0.08851029770276828,0.6322487013333528,3.575732732003575e-05,3.3400393895292946,12.148561914705493,2.291265607448086,nan,nan
7.86,-95.06936645507812,-693.8513793945312,-5.017882823944092,-95.37080386585494,-693.3361714810572,-5.020929554142464,0.5969195836014801,0.08853674914096961,0.6322808444270865,3.5055241536762544e-05,3.2304546334143165,10.711718339107167,nan,0.3251495224258257,nan
7.87,-95.0655288696289,-693.8429565429688,-5.017882823944092,-95.36730812892458,-693.3271523339931,-5.020995945324388,0.5976072245737505,0.08856330229192802,0.6323130979043967,3.5759955272462154e-05,3.234593423455838,12.131606499507539,nan,nan,nan
7.88,-95.06175994873047,-693.83447265625,-5.017882823944092,-95.3638740123042,-693.3181935176774,-5.019904624948856,0.5981815309867041,0.08858995676925888,0.6323454533584738,3.5058016652439344e-05,3.079299485677595,10.668389988098085,nan,0.9446881343109199,nan
7.890000000000001,-95.05807495117188,-693.8260498046875,-5.017882823944092,-95.36053135945829,-693.3091696693198,-5.019961202644506,0.5988733362818078,0.08861671323935744,0.6323779192567845,3.576309753785794e-05,3.081305296518223,12.069926057400194,nan,nan,nan
7.9,-95.05445861816406,-693.8175659179688,-5.017882823944092,-95.36241052471705,-693.2815670905879,-5.020125190064759,0.618169999198473,0.08861057885776746,0.6323207695356744,3.504012496108966e-05,3.0696149289175207,12.097393008220342,5.956808709561631,0.008089578812131883,nan
7.91,-95.05091094970703,-693.80908203125,-5.017882823944092,-95.35922368491923,-693.2724849041144,-5.020184674253763,0.618868740573489,0.08863730101056683,0.6323531413158513,3.5744701999946016e-05,3.0731833558648125,12.184778147133839,nan,nan,nan
7.92,-95.04743957519531,-693.8005981445312,-5.017882823944092,-95.35613591232942,-693.2632922907576,-5.022355213983528,0.6196862200598956,0.08866412418904294,0.6323856151069699,3.504379931586384e-05,3.4942915200303446,12.613218593661308,nan,3.1356838140453243,nan
7.930000000000001,-95.04403686523438,-693.7921752929688,-5.017882823944092,-95.35309043909835,-693.2542054638416,-5.022437849382073,0.6204404861273662,0.08869104902453004,0.6324181985091811,3.5748754543634765e-05,3.5015917683639963,14.2508933841126,nan,nan,nan
7.94,-95.04070281982422,-693.78369140625,-5.017882823944092,-95.35012258920915,-693.2450812705971,-5.023224837002857,0.6211843599268916,0.08871807518332112,0.6324508844149481,3.5047898622937874e-05,3.73391560759191,12.949146318836327,nan,0.3483359479970719,nan
7.95,-95.03742980957031,-693.7752075195312,-5.017882823944092,-95.36441662664957,-693.2228423169071,-5.023303971888842,0.641916727043865,0.0887116123127247,0.6323940838192921,3.573122332852972e-05,4.33674154030822,13.695645381764587,13.079564235281325,nan,nan
7.96,-95.03422546386719,-693.7667236328125,-5.017882823944092,-95.36165988899101,-693.2137111538052,-5.024729435738859,0.6427153186186173,0.08873860189211147,0.6324266741638004,3.503123220825007e-05,4.853468989733106,14.220669644403788,nan,1.2523046172868064,nan
7.97,-95.03108215332031,-693.7582397460938,-5.017882823944092,-95.35895085428356,-693.204642137051,-5.0248362274499705,0.6434411765107194,0.08876569279630397,0.6324593733239186,3.573607231112477e-05,4.869495351486797,14.305845508547618,nan,nan,nan
7.98,-95.02800750732422,-693.749755859375,-5.017882823944092,-95.35631811072675,-693.1955219193961,-5.025984201024756,0.6442272462738895,0.0887928847253914,0.6324921749775385,3.5036075596670506e-05,5.390650120061955,14.804175528777542,nan,0.7623967504883218,nan
7.99,-95.02499389648438,-693.7412719726562,-5.017882823944092,-95.35373469545569,-693.1864483633691,-5.026103212236109,0.6449552892366976,0.0888201782599251,0.632525085548089,3.574129840808975e-05,5.408853454319525,14.857402526751967,nan,nan,nan
8.0,-95.02203369140625,-693.7327880859375,-5.017882823944092,-95.35505831116984,-693.1682325536029,-5.025585252914753,0.655505662729391,0.08881338347578814,0.6324686134666881,3.502011372134552e-05,5.262277972510755,15.487152302343203,1.2726539089988211,0.2219273049381983,nan
8.01,-95.01913452148438,-693.7243041992188,-5.017882823944092,-95.35260589310045,-693.1591343198149,-5.025698852699833,0.6562630864053931,0.08884063818215855,0.6325014266607482,3.572484560290152e-05,5.27937700050402,15.532721664520915,nan,nan,nan
8.02,-95.01629638671875,-693.7158203125,-5.017882823944092,-95.35020866574685,-693.1500464148202,-5.025529274845698,0.6570053132151665,0.0888679936174229,0.6325343423116253,3.502560290301604e-05,5.239626891470017,15.48743287575767,nan,0.056940456050511366,nan
8.03,-95.01351165771484,-693.7073364257812,-5.017882823944092,-95.34787209716988,-693.1409437830318,-5.025641866705602,0.6577672323685626,0.08889545032979641,0.6325673661356277,3.5730723947836566e-05,5.256309028941495,15.573410782293001,nan,nan,nan
8.040000000000001,-95.01078796386719,-693.6988525390625,-5.017882823944092,-95.34556148677346,-693.1319492927191,-5.0231887737674725,0.6583925542237402,0.08892300806794257,0.6326004928705231,3.503139883813199e-05,4.375821540768427,14.661862252331854,nan,4.642582473913172,nan
8.05,-95.00811004638672,-693.6903076171875,-5.017882823944092,-95.35032043807952,-693.1249340597778,-5.0231861225487595,0.6608958591008741,0.08891587897276877,0.6325443418647854,3.5714887473397746e-05,4.745851188823345,13.231386333375502,6.436958444709431,nan,nan
8.06,-95.0054931640625,-693.6818237304688,-5.017882823944092,-95.34817385049192,-693.1158937318527,-5.022565228050421,0.6616107171846126,0.08894339567957804,0.6325773697852031,3.50163050912161e-05,4.586920290671627,14.411917382182732,nan,0.3544881984809797,nan
8.07,-95.00292205810547,-693.67333984375,-5.017882823944092,-95.34608831542785,-693.1068215224918,-5.022647057081757,0.6623660516687264,0.088971013338741,0.6326105051692816,3.572132671879972e-05,4.598892409592923,14.553024613966146,nan,nan,nan
8.08,-95.00041198730469,-693.664794921875,-5.017882823944092,-95.34404297089503,-693.0977885327131,-5.0216958336841655,0.6630181274120017,0.08899873172963567,0.6326437433878892,3.5022623935335924e-05,4.3817435108360545,12.84927744607614,nan,0.7540633434169177,nan
8.09,-94.99794006347656,-693.6563110351562,-5.017882823944092,-95.34205991143543,-693.0887114116451,-5.021769302279136,0.6637792608111824,0.08902655135433726,0.6326770892083972,3.57280335855825e-05,4.392047454469558,14.459693966286064,nan,nan,nan
8.1,-94.99552154541016,-693.6478271484375,-5.017882823944092,-95.32846023942693,-693.10009983234,-5.021764469481367,0.6409902136109814,0.0890190848903912,0.6326212411417659,3.500802322123966e-05,4.165935303773893,13.184296916121058,4.851655117297378,0.0011863176048756085,nan
8.11,-94.99315643310547,-693.6392822265625,-5.017882823944092,-95.32653903180784,-693.0910492964649,-5.02183833233744,0.6416532933037733,0.08904686129423003,0.6326544864136115,3.571294539275259e-05,4.1757732613321945,11.814320336302412,nan,nan,nan
8.120000000000001,-94.99083709716797,-693.6307983398438,-5.017882823944092,-95.32465457251655,-693.0820349177568,-5.020898645768063,0.642327405183645,0.08907473813794828,0.6326878344202798,3.501478703394586e-05,3.9985797679092947,13.069507476574552,nan,0.726387572752224,nan
8.13,-94.98855590820312,-693.6222534179688,-5.017882823944092,-95.32282784287328,-693.0729799340614,-5.020964616397796,0.6429996764202409,0.08910271589463832,0.6327212893657892,3.572010063487735e-05,4.007182797499121,11.831037715763447,nan,nan,nan
8.14,-94.986328125,-693.6137084960938,-5.017882823944092,-95.32104626257292,-693.0639256713539,-5.020951005247293,0.643666683723589,0.08913079438720818,0.6327548474658564,3.502176452340601e-05,4.0121204232191925,11.792019542683612,nan,0.004574119822129465,nan
8.15,-94.98414611816406,-693.605224609375,-5.017882823944092,-95.32517829532362,-693.048531805574,-5.020975039391514,0.6528547966112636,0.08912298835742664,0.6326992939989793,3.570543468633536e-05,4.207087602056563,13.69551110974964,1.0902374466792344,nan,nan
8.16,-94.98200225830078,-693.5966796875,-5.017882823944092,-95.3522576131872,-692.930139955828,-5.022581961461205,0.7624869334046237,0.07963029304617596,0.4950374533374021,3.5007570275785455e-05,4.656172643342635,12.837109982265329,nan,1.6652234339975125,0.08672130298218213
8.17,-94.97990417480469,-693.588134765625,-5.017882823944092,-95.35061604658539,-692.9210670189555,-5.02266525897819,0.7631707162953709,0.07966776241697225,0.4950490297799799,3.5712781913537166e-05,4.668419060880254,12.856815405696835,nan,nan,nan
8.18,-94.97784423828125,-693.5796508789062,-5.017882823944092,-95.3490067976865,-692.9120315558743,-5.023126403287031,0.7638747941346712,0.0797053267955204,0.4950606933894416,3.501490669582038e-05,4.81474096736593,14.49213734085719,nan,0.10018408437633324,nan
8.19,-94.975830078125,-693.5711059570312,-5.017882823944092,-95.34744910253018,-692.9029540003968,-5.023215323711736,0.7645627325524609,0.07974298833247753,0.49507247581676483,3.572050520020391e-05,4.827912668001709,13.080725011323896,nan,nan,nan
8.2,-94.9738540649414,-693.5625610351562,-5.017882823944092,-95.37239520058694,-692.8458821714801,-5.021854886656329,0.8200484179144537,0.07971921608354121,0.49489142146939585,3.500123237291697e-05,5.080951082851097,14.663253594424354,12.4892160904984,1.256343236227364,nan
8.21,-94.97191619873047,-693.5540161132812,-5.017882823944092,-95.3709861940051,-692.8367799154945,-5.021930157817425,0.8207929126494481,0.07975675587931073,0.49490327388766286,3.5706341025910724e-05,5.09432560897333,14.7246907452413,nan,nan,nan
8.22,-94.97001647949219,-693.5454711914062,-5.017882823944092,-95.36958648893093,-692.8277938454565,-5.023174886054858,0.8214286160426141,0.07979439055444054,0.4949152143641996,3.5008858536754534e-05,5.44080909012801,15.108835645045385,nan,0.9635976340575813,nan
8.23,-94.96815490722656,-693.5369873046875,-5.017882823944092,-95.3682544861416,-692.8186875236604,-5.0232637160789695,0.8222306260847572,0.07983212206603807,0.4949272720805726,3.5714355579966144e-05,5.455434254012141,16.628220195555837,nan,nan,nan
8.24,-94.9663314819336,-693.5284423828125,-5.017882823944092,-95.36696993901808,-692.8095385346393,-5.022942065636879,0.8230185369357214,0.07986994879307584,0.4949394187432668,3.501662692573945e-05,5.380672673013394,15.084299097018718,nan,0.11952801931394713,nan
8.25,-94.96454620361328,-693.5198974609375,-5.017882823944092,-95.35788123383001,-692.8125109734964,-5.023135918755414,0.8094045240885243,0.07984580163708459,0.49476133445413023,3.5700465552541966e-05,5.217135338568803,15.106306100633738,1.8677512282120428,nan,nan
8.26,-94.96279907226562,-693.5113525390625,-5.017882823944092,-95.35667617062155,-692.8032403770139,-5.0217137340971325,0.8102941925763628,0.07988350539037395,0.4947735488901567,3.5003327281858485e-05,4.866948722115806,14.746453438217475,nan,1.6143707564937395,nan
8.27,-94.9610824584961,-693.5028076171875,-5.017882823944092,-95.35546995497903,-692.794114618206,-5.0217896243522615,0.8110502618684772,0.07992130566616408,0.4947858790456898,3.570871675173964e-05,4.878776829894392,14.850038053378231,nan,nan,nan
8.28,-94.95939636230469,-693.4942626953125,-5.017882823944092,-95.3543065675608,-692.7849529486978,-5.021508903946183,0.8118420630358253,0.07995920102054382,0.4947982989603853,3.501131533333676e-05,4.830677092282612,14.886035591879535,nan,0.09032943963312304,nan
8.290000000000001,-94.95774841308594,-693.4856567382812,-5.017882823944092,-95.35316871274588,-692.7758232551478,-5.021583432174814,0.8125481411349403,0.07999719314262141,0.4948108343126691,3.571708629938259e-05,4.843194268297948,13.472072440139256,nan,nan,nan
8.3,-94.95613098144531,-693.4771118164062,-5.017882823944092,-95.34998667646133,-692.7813008980895,-5.0217708203854245,0.7995562888638036,0.07997267048211978,0.49463563298172275,3.499822282131443e-05,5.081248672042973,13.000504472084309,20.501357659417824,0.0007933467844922702,nan
8.31,-94.95455169677734,-693.4685668945312,-5.017882823944092,-95.34890592706553,-692.7722633311279,-5.021849222062479,0.8002309939439116,0.08001053832482152,0.4946482327531673,3.570349788206835e-05,5.094225258731415,12.97144196228487,nan,nan,nan
8.32,-94.9530029296875,-693.4600219726562,-5.017882823944092,-95.34789310312493,-692.7630754781469,-5.020294017833792,0.8010483625489081,0.08004850110431203,0.494660923042487,3.500638512661599e-05,4.823886902768597,12.743291808745987,nan,1.8863562448091424,nan
8.33,-94.95147705078125,-693.4514770507812,-5.017882823944092,-95.34687520400304,-692.7540341160878,-5.0203584392392155,0.8017309245601374,0.08008656034858636,0.4946737273382663,3.5712042229709644e-05,4.834017288888168,12.886341405248233,nan,nan,nan
8.34,-94.94998931884766,-693.44287109375,-5.017882823944092,-95.34584277470634,-692.7451772804558,-5.022528473719798,0.8021833940478544,0.08012471485756122,0.49468662296817745,3.5014636949794104e-05,5.284065384955048,12.07028973194159,nan,3.125059071840198,nan
8.35,-94.94852447509766,-693.434326171875,-5.017882823944092,-95.35427002394643,-692.7282129450838,-5.022556408275382,0.8143998906253589,0.08009981926726074,0.4945142703654281,3.5698619464603964e-05,5.705711763397685,12.800382200784343,11.17400328604184,nan,nan
8.36,-94.94709777832031,-693.42578125,-5.017882823944092,-95.35333638095865,-692.7193426160878,-5.023943676094495,0.814936856256995,0.08013784828277658,0.49452722817684014,3.500176242357705e-05,6.149271651765941,13.1472442864971,nan,1.1934547170068015,nan
8.370000000000001,-94.94569396972656,-693.417236328125,-5.017882823944092,-95.35245876449319,-692.7103576819347,-5.024044744550705,0.8155813803458722,0.08017597346767762,0.4945402986261024,3.5707298049455513e-05,6.1693012442980395,13.259965845015472,nan,nan,nan
8.38,-94.94432067871094,-693.4086303710938,-5.017882823944092,-95.3516030740915,-692.701397495912,-5.024461492122193,0.816149844207376,0.08021419376761284,0.4945534610827094,3.501013866785176e-05,6.349371416573765,12.353168187259012,nan,0.06982745129415686,nan
8.39,-94.9429702758789,-693.4000854492188,-5.017882823944092,-95.35078154122117,-692.6924089005365,-5.024567951575665,0.8167991286885034,0.08025251049006266,0.49456673596887224,3.571604847696814e-05,6.3705495098926885,13.528356079770768,nan,nan,nan
8.4,-94.941650390625,-693.3914794921875,-5.017882823944092,-95.34340452462823,-692.6863897549949,-5.023466257922037,0.8115350247635342,0.08022724182664327,0.494397152653069,3.4997383138745926e-05,5.686161547793703,12.808443985779267,9.830286268420323,1.0498323299905146,nan
8.41,-94.94035339355469,-693.3829345703125,-5.017882823944092,-95.34262290772072,-692.6773343766233,-5.023562818546234,0.81223436131468,0.08026543178335453,0.4944104864917018,3.57027894508017e-05,5.703234917854718,14.140568957398902,nan,nan,nan
8.42,-94.9390869140625,-693.3743286132812,-5.017882823944092,-95.34188302645506,-692.6682117910852,-5.022848630984002,0.8129393175301041,0.0803037167009579,0.49442391295428706,3.5005850574738593e-05,5.509139934452894,12.659116109275264,nan,0.46510309208019956,nan
8.43,-94.9378433227539,-693.3657836914062,-5.017882823944092,-95.34115320750998,-692.6591526169873,-5.022938931086424,0.813641138768124,0.08034209775590653,0.4944374505710577,3.5711631266317374e-05,5.524438442577614,13.984079693651823,nan,nan,nan
8.44,-94.9366226196289,-693.357177734375,-5.017882823944092,-95.34046791821388,-692.6500089871203,-5.021978090282858,0.8143681191509204,0.0803805740921688,0.4944510815531478,3.501437000961269e-05,5.292733299703701,12.536056736791362,nan,0.7808121134304561,nan
8.45,-94.93543243408203,-693.3486328125,-5.017882823944092,-95.33755340430419,-692.639403473152,-5.0220979252212326,0.8153068732466104,0.08035493461039558,0.4942842303334876,3.569846123755045e-05,5.161659346900882,14.613168883347171,3.891262121495375,nan,nan
8.46,-94.93425750732422,-693.3400268554688,-5.017882823944092,-95.33690593394073,-692.6302427379876,-5.021454464858988,0.8160465706711036,0.08039328298518028,0.4942979180069909,3.500172163580042e-05,5.032772597634767,13.228102807807268,nan,0.3729721277216225,nan
8.47,-94.93311309814453,-693.3314208984375,-5.017882823944092,-95.33626906699872,-692.6211361465975,-5.021531495676408,0.8167328062008126,0.08043172721901402,0.4943117156224923,3.570736521500721e-05,5.044993945258294,13.176005130428328,nan,nan,nan
8.48,-94.93199157714844,-693.3228759765625,-5.017882823944092,-95.33565610219831,-692.6120252209383,-5.021574008781297,0.8174762812465514,0.08047026657301633,0.49432560713357443,3.5010298772171105e-05,5.063863759985,14.610609125021568,nan,0.0008850949504376691,nan
8.49,-94.9308853149414,-693.3142700195312,-5.017882823944092,-95.33506526233475,-692.6029152225015,-5.021652634051244,0.8181694742536153,0.08050890204637,0.4943396084531445,3.571630868572423e-05,5.076694281142528,13.351270312466092,nan,nan,nan
8.5,-94.9298095703125,-693.3056640625,-5.017882823944092,-95.3326246867282,-692.5977584577473,-5.021654507750567,0.8144965247636029,0.08048289197822796,0.49417541672912496,3.499770858049039e-05,5.0704153425444405,13.16679364252248,0.6392788435135799,0.02346797989710283,nan
8.51,-94.92874908447266,-693.297119140625,-5.017882823944092,-95.33207308776225,-692.5886526966341,-5.021735752678606,0.8152360387952146,0.08052139824969318,0.4941894716366748,3.570320716457137e-05,5.082297563080877,14.666678884368027,nan,nan,nan
8.52,-94.9277114868164,-693.2885131835938,-5.017882823944092,-95.33154401485533,-692.5795394395481,-5.02173444862571,0.815928498988214,0.08055999947631577,0.49420362091451503,3.5006319863634755e-05,5.093876238263934,13.288833672302331,nan,0.004933928407582146,nan
8.53,-94.92669677734375,-693.2799072265625,-5.017882823944092,-95.33103444806575,-692.5704304528712,-5.021816905968905,0.8166160183181183,0.08059869655318737,0.4942178788804815,3.5712185049429e-05,5.106845066122109,13.302962838921237,nan,nan,nan
8.540000000000001,-94.92569732666016,-693.2713012695312,-5.017882823944092,-95.33056669345335,-692.5612270618362,-5.0205517032135,0.8173932392170733,0.08063748889899726,0.49423223188456916,3.501495772856891e-05,4.880466881820127,13.164576051129286,nan,1.2834406544858834,nan
8.55,-94.92472076416016,-693.2626953125,-5.017882823944092,-95.33356749045068,-692.5539817342396,-5.020601362437221,0.8181918919548241,0.08061111024766002,0.4940706601723733,3.569912106691607e-05,5.142561322419581,12.39694030583563,7.03070318734848,nan,nan
8.56,-94.92376708984375,-693.2540893554688,-5.017882823944092,-95.3331326485004,-692.5448882826734,-5.020157331934694,0.818872087480704,0.08064977221423611,0.49408506448082584,3.5002400190013636e-05,5.087575909136384,12.320234072757263,nan,0.18768533316716088,nan
8.57,-94.9228286743164,-693.2454833984375,-5.017882823944092,-95.33270902947058,-692.535827857945,-5.020224789063354,0.8195232617159685,0.08068852976809038,0.4940995764177878,3.5708113005586237e-05,5.097733154199426,12.398614582808499,nan,nan,nan
8.58,-94.92191314697266,-693.2369384765625,-5.017882823944092,-95.33232893704276,-692.5266567012425,-5.018612829557392,0.8203303322435618,0.08072738241987547,0.49411418378491784,3.501105150351268e-05,4.962104341361893,13.523868494891472,nan,1.9925360361121283,nan
8.59,-94.92101287841797,-693.2283325195312,-5.017882823944092,-95.33194278253247,-692.5175933250703,-5.018665262946665,0.8209836787959862,0.08076633092552311,0.4941288987190642,3.5717123193664604e-05,4.968133676186811,12.300280950171485,nan,nan,nan
8.6,-94.92012786865234,-693.2197265625,-5.017882823944092,-95.34494178625825,-692.483771629927,-5.019726528722692,0.8497646301285592,0.08073958422742328,0.4939698804442986,3.499851261908529e-05,5.357766400116387,13.761356875202045,4.251666048828585,0.7257614624781196,nan
8.61,-94.91926574707031,-693.2111206054688,-5.017882823944092,-95.34462513679549,-692.4746775189401,-5.019790964912263,0.8504602701626773,0.08077840114371032,0.49398464370137585,3.5704065738136264e-05,5.367576388225627,13.71978501782571,nan,nan,nan
8.620000000000001,-94.91841125488281,-693.2025146484375,-5.017882823944092,-95.34433487384028,-692.4655414713799,-5.019196423547702,0.8512003985150323,0.08081731298372573,0.49399950272869286,3.5007161270485415e-05,5.32033563579931,13.819579284666439,nan,0.30736064875818947,nan
8.63,-94.9175796508789,-693.1939086914062,-5.017882823944092,-95.34405250953735,-692.45644432021,-5.019256156890016,0.8519006303551528,0.08085632042269345,0.49401446834989743,3.571307386164488e-05,5.328822212614562,13.777121777134697,nan,nan,nan
8.64,-94.9167709350586,-693.1852416992188,-5.017882823944092,-95.34375778453698,-692.4474772182514,-5.021525243768118,0.8524244636486588,0.08089542309345646,0.49402953034017244,3.501582042798906e-05,5.660668685274471,12.824790489796458,nan,3.440220532480658,nan
8.65,-94.91596984863281,-693.1766357421875,-5.017882823944092,-95.3239443970923,-692.4600595527539,-5.021713483349369,0.8245843446278481,0.08086831016023555,0.49387302437603786,3.570002179822392e-05,4.999708947484687,14.552191200932773,15.239485597348626,nan,nan
8.66,-94.91519165039062,-693.1680297851562,-5.017882823944092,-95.3236741511432,-692.4508587233712,-5.0211258676169646,0.8253501091144511,0.08090728008283087,0.4938881323868654,3.50032675670909e-05,4.890873975812925,14.40446982497705,nan,0.32147387147378786,nan
8.67,-94.91442108154297,-693.159423828125,-5.017882823944092,-95.32341109059544,-692.4416954900298,-5.0212074700857094,0.826085859993733,0.08094634535482517,0.493903346074619,3.570901420160771e-05,4.902050044976177,14.520442709841284,nan,nan,nan
8.68,-94.9136734008789,-693.1508178710938,-5.017882823944092,-95.3231635845488,-692.4325311514928,-5.021290248488293,0.8268189841913306,0.08098550589143036,0.49391866084809105,3.642908176193557e-05,4.912846464758872,14.475912423390016,nan,nan,nan
8.69,-94.91293334960938,-693.1422119140625,-5.017882823944092,-95.32293145915737,-692.4233656310502,-5.021374076415183,0.8275570175386147,0.0810247618371466,0.49393407685178176,3.7163614748274485e-05,4.924080963235513,14.584026068141283,nan,nan,nan
8.700000000000001,-94.91221618652344,-693.1336059570312,-5.017882823944092,-95.30486078914531,-692.4488938144008,-5.022003247523168,0.7893145634816151,0.08099728343221192,0.49378002153534756,3.635738707967277e-05,4.747010705413023,12.821663495171617,10.256109517122681,0.2510640227497176,nan
8.71,-94.91150665283203,-693.1249389648438,-5.017882823944092,-95.30461339880549,-692.4397768499363,-5.022093637428845,0.7899352937959785,0.0810364054483326,0.4937954806936657,3.708963380594479e-05,4.760039768873938,11.609440110711663,nan,nan,nan
8.72,-94.91081237792969,-693.1163330078125,-5.017882823944092,-95.30437155018349,-692.4306993251932,-5.022957027986346,0.7905745482582911,0.08107562232080874,0.4938110363907746,3.63099668544478e-05,4.991779998228251,13.14773706759908,nan,0.39055182912211145,nan
8.73,-94.9101333618164,-693.1077270507812,-5.017882823944092,-95.3041523888571,-692.4215797697649,-5.023057085530965,0.7912495547545114,0.08111493458662541,0.4938266972433198,3.704093165827002e-05,5.006019873276344,13.176279953012658,nan,nan,nan
8.74,-94.90946960449219,-693.09912109375,-5.017882823944092,-95.30394751041106,-692.4124561976677,-5.023104257469526,0.7919272448514224,0.0811543420135067,0.49384245519892994,3.6263919021440785e-05,5.0354257085783996,13.213236406198902,nan,0.0019263648088137459,nan
8.75,-94.9088134765625,-693.0904541015625,-5.017882823944092,-95.3232469242517,-692.3791550423015,-5.02326680404576,0.8232438408581707,0.08112649983983483,0.4936908090439654,3.6970119661276405e-05,5.706731551875591,12.442944556084184,9.023354907562217,nan,nan
8.76,-94.90817260742188,-693.0818481445312,-5.017882823944092,-95.32313186036593,-692.3699830172303,-5.021675176682853,0.8239887881581692,0.0811657721982672,0.49370660786412945,3.619669401222336e-05,5.322672943059,13.273062676277043,nan,1.8960308221565678,nan
8.77,-94.90754699707031,-693.0732421875,-5.017882823944092,-95.3230119890923,-692.360893405875,-5.0217634408878835,0.8246617521543641,0.08120513970932784,0.49372251099841674,3.692438282399966e-05,5.33564805777473,13.281032978072329,nan,nan,nan
8.78,-94.90693664550781,-693.0645751953125,-5.017882823944092,-95.32290917779841,-692.3517820929455,-5.021425280546234,0.8252997657826776,0.08124460219828891,0.49373851143456665,3.615350217957216e-05,5.278356754378449,11.96328215908054,nan,0.12064218865249128,nan
8.790000000000001,-94.90633392333984,-693.0559692382812,-5.017882823944092,-95.32281439848849,-692.3426900255388,-5.021511075540879,0.8259760200636578,0.08128416011506424,0.4937546162260518,3.688011405669172e-05,5.290618274377136,13.283467865100304,nan,nan,nan
8.8,-94.90574645996094,-693.0473022460938,-5.017882823944092,-95.31853097759232,-692.3374000082201,-5.021204497008757,0.8211962486799939,0.08125595511576165,0.4936053218885269,3.608934261838708e-05,5.091590943035561,12.086186683654601,1.3233202097686352,0.05585658688900494,nan
8.81,-94.90516662597656,-693.0386962890625,-5.017882823944092,-95.31845054354856,-692.328289785221,-5.021287348856956,0.8218835611044806,0.08129537680849915,0.4936214647607013,3.681403258546336e-05,5.102547757772969,13.442965309951862,nan,nan,nan
8.82,-94.90460205078125,-693.0300903320312,-5.017882823944092,-95.31840338411135,-692.3190735836614,-5.019026211654701,0.8226649787511618,0.08133489329366057,0.49363770508471494,3.604902901972512e-05,4.82551938689687,13.14944923054316,nan,3.6553698173170317,nan
8.83,-94.90404510498047,-693.0214233398438,-5.017882823944092,-95.31834599236521,-692.3099608505912,-5.019087494919497,0.8233016155294262,0.08137450497244128,0.4936540490047749,3.677277640957631e-05,4.831582156544895,11.91208861732494,nan,nan,nan
8.84,-94.90349578857422,-693.0128173828125,-5.017882823944092,-95.31831166659626,-692.3007888765702,-5.017801881992878,0.8240490355023926,0.08141421174389857,0.49367049087605785,3.601013379179609e-05,4.7941071708150265,13.222895896274354,nan,1.2101384625211002,nan
8.85,-94.90296936035156,-693.004150390625,-5.017882823944092,-95.31555355877124,-692.284683842952,-5.017744349020904,0.8293719631031012,0.08138564551162389,0.4935235061143035,3.670988817698938e-05,4.529407777501958,13.083456941807244,11.941999649352447,nan,nan
8.86,-94.9024429321289,-692.9955444335938,-5.017882823944092,-95.31553570295338,-692.2754418203234,-5.016458057228942,0.8301779573720396,0.08142521493856572,0.49353998376038066,3.595049588238711e-05,4.586056035436896,14.762885284381442,nan,1.1908524078097922,nan
8.870000000000001,-94.90182495117188,-692.9868774414062,-5.017882823944092,-95.31546527176596,-692.2662541790021,-5.016494118471812,0.8309019976158925,0.0814648793291814,0.4935565642938248,3.667163289745954e-05,4.586629040034544,13.286991549279055,nan,nan,nan
8.88,-94.901123046875,-692.9782104492188,-5.017882823944092,-95.31531063294007,-692.2570231737034,-5.015480743347014,0.8316659262028803,0.08150463862351842,0.4935732428609461,3.591447680376337e-05,4.698599868304771,13.352512904870174,nan,0.7390839293883585,nan
8.89,-94.90032196044922,-692.9696044921875,-5.017882823944092,-95.31505584012432,-692.2478332924439,-5.015508349230637,0.832444288742362,0.08154449316074572,0.4935900244166418,3.6634849022789805e-05,4.6949585698921625,14.948602218346744,nan,nan,nan
8.9,-94.89942932128906,-692.9609375,-5.017882823944092,-95.33082736952973,-692.2184391773061,-5.014272086237001,0.8587322473599717,0.08151556679531236,0.4934452959953509,3.5857852733443244e-05,5.433166853929311,14.17366147272538,5.472428996867786,0.8933286349866166,nan
8.91,-94.89845275878906,-692.9523315429688,-5.017882823944092,-95.33043036785239,-692.2092679280468,-5.014288070316562,0.8595121365092232,0.08155528285855689,0.49346211064965667,3.657661783925105e-05,5.427392494066384,15.590881788515208,nan,nan,nan
8.92,-94.89738464355469,-692.9436645507812,-5.017882823944092,-95.32993556782931,-692.2001428375756,-5.015568198897519,0.8601919539196707,0.08159509363500805,0.49347902338063027,3.582467227698868e-05,5.229439632617061,14.010435880855542,nan,1.074373448329144,nan
8.93,-94.89623260498047,-692.9349975585938,-5.017882823944092,-95.32936265547129,-692.1909696673068,-5.015598768529835,0.8609206470750788,0.08163499942965229,0.49349603845906015,3.654278818638999e-05,5.228162977747053,14.00731305865803,nan,nan,nan
8.94,-94.8949966430664,-692.9263916015625,-5.017882823944092,-95.32870362132442,-692.1817941527439,-5.01559190060284,0.8617031693724899,0.08167500023432184,0.49351315206046525,3.579287931435279e-05,5.236137922764314,15.486871229687683,nan,0.001003095948301979,nan
8.950000000000001,-94.8936767578125,-692.917724609375,-5.017882823944092,-95.33250906161807,-692.1610150432786,-5.015644329989983,0.8747503467506363,0.08164571525637748,0.4933706375342741,3.648762552654054e-05,5.280964410446586,15.011266622476006,2.4116182872856613,nan,nan
8.96,-94.89226531982422,-692.9091186523438,-5.017882823944092,-95.33168931692096,-692.1518199050422,-5.016015942457839,0.8755560102788693,0.08168557648526102,0.4933877819229743,3.574061165228853e-05,5.245576313034088,16.639018540527566,nan,0.07722709731582815,nan
8.97,-94.89077758789062,-692.9004516601562,-5.017882823944092,-95.33078831366458,-692.1426121747353,-5.016054017961879,0.8763181322958866,0.08172553251111069,0.4934050280594846,3.6456686531198737e-05,5.24491408649192,15.035581316095854,nan,nan,nan
8.98,-94.88920593261719,-692.8917846679688,-5.017882823944092,-95.32981465683089,-692.133352273158,-5.014541720733964,0.8771356270966301,0.08176558335404378,0.4934223727077085,3.571157947913228e-05,5.470878916227065,15.299551520678769,nan,1.6308699984979116,nan
8.99,-94.8875503540039,-692.8831176757812,-5.017882823944092,-95.3287496384235,-692.1241430326761,-5.014566106127771,0.8779010867210634,0.08180572927624068,0.49343981925367003,3.6427155234517605e-05,5.465452830154952,15.344354444942711,nan,nan,nan
9.0,-94.88581848144531,-692.87451171875,-5.017882823944092,-95.30377209159093,-692.1467779269163,-5.0133008022038865,0.8392274345691841,0.08177608690288411,0.49329946886430037,3.566215481124151e-05,5.064734953327341,16.397804121745086,8.65806835186917,1.1336280823527098,nan
9.01,-94.88400268554688,-692.8658447265625,-5.017882823944092,-95.30249062566824,-692.1375553030396,-5.013314287384042,0.8399753043802526,0.08181609214438192,0.4933169436163401,3.6376388675740144e-05,5.0526581176911805,14.856644688510988,nan,nan,nan
9.02,-94.88211059570312,-692.857177734375,-5.017882823944092,-95.30113039401255,-692.1283316670705,-5.013318574961857,0.8407229112908124,0.08185619200907511,0.49333451683761714,3.5635804769680726e-05,5.066166768958313,14.877304363595599,nan,6.924796486582815e-05,nan
9.03,-94.88014221191406,-692.8485107421875,-5.017882823944092,-95.29969220842506,-692.1191076560377,-5.013333720145314,0.8414699970899503,0.08189638673600186,0.49335219141173897,3.6349636655583464e-05,5.053431129796643,14.88442511403444,nan,nan,nan
9.040000000000001,-94.87809753417969,-692.8399047851562,-5.017882823944092,-95.29817419192199,-692.1098982139578,-5.0138701986518734,0.8422529866581945,0.08193667638035071,0.49336996485877704,3.561075791085412e-05,4.9376441456916424,16.405128617590794,nan,0.184529740514075,nan
9.05,-94.8759765625,-692.8312377929688,-5.017882823944092,-95.30420953902572,-692.0816010819676,-5.013890406396877,0.863339226528334,0.08190667808966136,0.49323173639992396,3.630171315310537e-05,5.003027891313488,16.420343432472208,6.099432642560696,nan,nan
9.06,-94.873779296875,-692.8225708007812,-5.017882823944092,-95.30257063136428,-692.0722790388049,-5.012228066596366,0.8641942564627916,0.0819468259703403,0.4932495357453389,3.556537663644719e-05,5.465638692013292,16.91630554427586,nan,1.941860104947276,nan
9.07,-94.87150573730469,-692.8139038085938,-5.017882823944092,-95.300848664698,-692.0630036822454,-5.012235488331685,0.8649960933161325,0.08198706849905024,0.49326743593217565,3.62776425459814e-05,5.448316446091508,16.944288096359443,nan,nan,nan
9.08,-94.8691635131836,-692.8052368164062,-5.017882823944092,-95.29905999416236,-692.0536879016764,-5.0107578841229,0.8658449747829926,0.08202740574971902,0.49328543490678073,3.554288366798342e-05,5.999788847027344,17.4950999118179,nan,1.5111230308754535,nan
9.09,-94.86675262451172,-692.796630859375,-5.017882823944092,-95.2971913038765,-692.0444114254194,-5.010752730248866,0.8666962396075496,0.08206783793302146,0.4933035349115724,3.625487102664401e-05,5.9747669922067175,19.210110427469072,nan,nan,nan
9.1,-94.86426544189453,-692.7879638671875,-5.017882823944092,-95.27045892671093,-692.0793800100861,-5.013382556092972,0.8167646430047901,0.08203748502892355,0.49316738158144846,3.550009696857795e-05,4.661278209855477,14.38611482909175,15.09918693305618,4.822317874767399,nan
9.11,-94.86170196533203,-692.779296875,-5.017882823944092,-95.26838741946165,-692.0701585479794,-5.01340516544045,0.8174902292234674,0.0820777743668282,0.4931855049871142,3.621096056125265e-05,4.645658188375351,14.442356562859244,nan,nan,nan
9.120000000000001,-94.85907745361328,-692.7706298828125,-5.017882823944092,-95.26624253171711,-692.0609547927647,-5.014172678989854,0.8181906253662322,0.08211815823077227,0.4932037270713056,3.548005325246289e-05,4.480639684952843,14.231342576437628,nan,0.3802148646807352,nan
9.13,-94.85638427734375,-692.761962890625,-5.017882823944092,-95.26403150023992,-692.05173258953,-5.01420430042227,0.8189120041028158,0.08215863681648608,0.4932220497179075,3.619071812161678e-05,4.467195923609009,14.233977034832405,nan,nan,nan
9.14,-94.8536148071289,-692.7533569335938,-5.017882823944092,-95.26174967861812,-692.0425238722376,-5.014826954978615,0.819674967763242,0.08219921022055562,0.4932404714131302,3.5461194099672314e-05,4.356625953984157,15.819095600009096,nan,0.23933656012763277,nan
9.15,-94.85078430175781,-692.7446899414062,-5.017882823944092,-95.25637375470711,-692.0266899315233,-5.0149281857238135,0.8246426792391309,0.08216850416020456,0.4931063515881693,3.6149363411176046e-05,4.1012423622495895,15.560356561732956,8.868354061267658,nan,nan
9.16,-94.84788513183594,-692.7360229492188,-5.017882823944092,-95.14212657351376,-692.2107333615638,-5.016472614181239,0.6020873405004474,0.0667622619660338,0.44697020717308517,3.542181178864425e-05,3.2721330664654693,14.750278354670847,nan,1.5844074990858312,0.8095010596809319
9.17,-94.84491729736328,-692.7273559570312,-5.017882823944092,-95.1395681899639,-692.2014308484386,-5.016530264448819,0.6028417684398971,0.06678285730115932,0.4469978447807695,3.6131293030418205e-05,3.2668823862502028,14.775587067523363,nan,nan,nan
9.18,-94.84188842773438,-692.7186889648438,-5.017882823944092,-95.1368731666071,-692.1922697794045,-5.017853898425682,0.6034344668670059,0.06680352986647449,0.44702556284629347,3.540525336375139e-05,3.2162431038597505,14.710131877831506,nan,1.1036169009453451,nan
9.19,-94.83879089355469,-692.7100219726562,-5.017882823944092,-95.13418433685943,-692.182966844566,-5.0179262224198045,0.6041890401829058,0.0668242889229336,0.44705339791116383,3.611463501277107e-05,3.2164149739925416,14.743431378414327,nan,nan,nan
9.200000000000001,-94.83563232421875,-692.7013549804688,-5.017882823944092,-95.14237091685293,-692.1664869784172,-5.0168815065932115,0.616581986816232,0.06682489304918855,0.4470273364633615,3.5368416906989465e-05,3.7250126093474933,15.245182525405175,8.836045229780025,0.7375475724579548,nan
9.21,-94.83241271972656,-692.6927490234375,-5.017882823944092,-95.13960107990745,-692.1571990317141,-5.016943867780206,0.6173972496733887,0.06684566456913799,0.44705511717685065,3.607685013594713e-05,3.7216628182011986,16.965174390623343,nan,nan,nan
9.22,-94.82913208007812,-692.68408203125,-5.017882823944092,-95.13676589325456,-692.1479168379497,-5.017061132513302,0.6181523701265593,0.06686651373781666,0.447082980013334,3.535403042401486e-05,3.7179337175693457,15.206620528635222,nan,0.0020165742457000386,nan
9.23,-94.8257827758789,-692.6754150390625,-5.017882823944092,-95.13387170062245,-692.1386288585691,-5.017125850486057,0.6189174113944292,0.06688744896135586,0.44711095764097775,3.6062428196271126e-05,3.716676331468996,15.264489214472825,nan,nan,nan
9.24,-94.82238006591797,-692.666748046875,-5.017882823944092,-95.13091174551157,-692.129350007256,-5.01728046856849,0.6196683089614936,0.0669084623202609,0.44713901857882404,3.534069059905166e-05,3.712511063861186,15.19631771421952,nan,0.0054805057029772425,nan
9.25,-94.81891632080078,-692.6580810546875,-5.017882823944092,-95.14086984509999,-692.1128416214984,-5.017370281390897,0.6331985265403595,0.06690887469067554,0.44711288499789675,3.6026880090972874e-05,4.353309664618711,15.877505307169626,12.669789657231824,nan,nan
9.26,-94.81539154052734,-692.6494140625,-5.017882823944092,-95.13786591471599,-692.1035421669283,-5.017107315743028,0.634008241110798,0.06692989897997284,0.44714089075278984,3.530704060437012e-05,4.3672182869262475,15.895374981066212,nan,0.07634826322159162,nan
9.27,-94.81180572509766,-692.6407470703125,-5.017882823944092,-95.13478604743568,-692.0942761274185,-5.017173736127177,0.6347812874136433,0.06695100891444931,0.4471690092490417,3.601456699914864e-05,4.368372547901982,15.912667768696428,nan,nan,nan
9.28,-94.80816650390625,-692.632080078125,-5.017882823944092,-95.1314829409315,-692.0853340414407,-5.0205669992107955,0.635194420534061,0.06697219735928622,0.44719721249322386,3.529570049655215e-05,4.562403907927869,16.055416128462145,nan,7.677662036294971,nan
9.290000000000001,-94.8044662475586,-692.6234741210938,-5.017882823944092,-95.12828728686709,-692.0760682061691,-5.020668304247835,0.6360197010265006,0.06699347155420689,0.44722552794310017,3.6003268338072364e-05,4.576515215704976,17.75766177596894,nan,nan,nan
9.3,-94.80071258544922,-692.6148071289062,-5.017882823944092,-95.12021468936555,-692.0664486237202,-5.01991509004253,0.6346516955955336,0.0669936798841482,0.44719928804449205,3.526404093919226e-05,4.187551176204104,16.06303863198129,3.1169877496972522,0.517415183066785,nan
9.31,-94.7968978881836,-692.6061401367188,-5.017882823944092,-95.11688389173409,-692.0571627002734,-5.020010035221032,0.6354303999827173,0.06701496307535025,0.44722754573123685,3.597079726744865e-05,4.199039346513226,16.10942029736625,nan,nan,nan
9.32,-94.79302978515625,-692.5974731445312,-5.017882823944092,-95.11353047123293,-692.0478126335842,-5.019404901238498,0.6362779925390581,0.06703632512277148,0.44725588946068945,3.525457735336756e-05,4.141578826028685,16.00860404011698,nan,0.3419607610595725,nan
9.33,-94.78910827636719,-692.5888061523438,-5.017882823944092,-95.11008891327633,-692.0385270529065,-5.019494965647377,0.6370543583941272,0.06705777254952616,0.4472843435671227,3.596142552537391e-05,4.150605764942685,15.999682012917201,nan,nan,nan
9.34,-94.7851333618164,-692.5801391601562,-5.017882823944092,-95.10660139247825,-692.0292253357844,-5.019402532251244,0.6378479804271107,0.067079299286634,0.44731288472672126,3.52460155855387e-05,4.146219309647324,15.974741250363742,nan,0.023485974665917116,nan
9.35,-94.7811050415039,-692.571533203125,-5.017882823944092,-95.09701249296756,-692.0285814559091,-5.019499731879281,0.6281693498462667,0.06707930581280067,0.44728656019200735,3.5930865149820575e-05,3.977944324086827,17.07255005731982,1.7479067681763216,nan,nan
9.36,-94.77702331542969,-692.5628662109375,-5.017882823944092,-95.093375256528,-692.0193353184009,-5.019888412535797,0.6288945890719259,0.06710083998245772,0.44731504260907906,3.5217078049530284e-05,4.02103965347334,15.390006289702972,nan,0.061435502841918045,nan
9.370000000000001,-94.77288818359375,-692.55419921875,-5.017882823944092,-95.08969877532532,-692.0100638090028,-5.019984386636642,0.6296480856318508,0.06712245918543845,0.4473436337141889,3.592329232788484e-05,4.0314158564293345,15.396356927746307,nan,nan,nan
9.38,-94.76870727539062,-692.5455322265625,-5.017882823944092,-95.08586776035794,-692.0009902798154,-5.022447124253515,0.6301884938882761,0.06714415800395777,0.44737231296721824,3.521021883285547e-05,4.501402816872019,15.804954846168158,nan,3.9036722458862805,nan
9.39,-94.76446533203125,-692.536865234375,-5.017882823944092,-95.08208840491878,-691.9917193995876,-5.0225687930163065,0.6309440196425414,0.06716594199224173,0.4474011005404149,3.591658288832049e-05,4.522894354587922,15.878009970195711,nan,nan,nan
9.4,-94.76017761230469,-692.5281982421875,-5.017882823944092,-95.06672502016245,-692.0063368232383,-5.024013581704209,0.6052670815786568,0.06716573638593085,0.44737466517396246,3.518296213208957e-05,4.788399041450212,14.447088973812987,10.256436664026678,1.2698324594703536,nan
9.41,-94.75584411621094,-692.5195922851562,-5.017882823944092,-95.06280963965791,-691.9971228958839,-5.0241501630197725,0.6060044346791637,0.06718752591186479,0.4474033916353869,3.5888618789224754e-05,4.813983075418374,16.005735549514256,nan,nan,nan
9.42,-94.75145721435547,-692.5109252929688,-5.017882823944092,-95.05883827441315,-691.9879218923487,-5.024448155711296,0.6066784788695931,0.06720939533170667,0.44743220721552296,3.517768460255327e-05,4.945554437856835,14.542709530334982,nan,0.01796187614570838,nan
9.43,-94.74702453613281,-692.5022583007812,-5.017882823944092,-95.05482471261413,-691.9787087043037,-5.024588596464484,0.6073632323402816,0.06723134961105139,0.4474611296198358,3.5883529717591346e-05,4.973933684706962,14.524673139708758,nan,nan,nan
9.44,-94.74254608154297,-692.4935913085938,-5.017882823944092,-95.05070140581836,-691.9696130725144,-5.026275064987429,0.6079336521971591,0.06725338420845307,0.4474901419990908,3.5173165778684925e-05,5.723534350220109,15.219283431930705,nan,1.6684590883843327,nan
9.450000000000001,-94.7380142211914,-692.4849853515625,-5.017882823944092,-95.05252947334596,-691.9324854824662,-5.026553564442936,0.6358074637263174,0.06725296725463539,0.4474636106883795,3.585715998296395e-05,5.643508755339722,19.53848877379204,21.049446209122713,nan,nan
9.46,-94.73343658447266,-692.476318359375,-5.017882823944092,-95.04834930517643,-691.9232426347298,-5.027548113164826,0.6365188109306367,0.06727500579930522,0.447492560852308,3.514817919748523e-05,6.204660284339031,18.23182691115332,nan,0.485645720870963,nan
9.47,-94.72881317138672,-692.4676513671875,-5.017882823944092,-95.04415469405109,-691.913939282329,-5.027719278757633,0.6372865169434515,0.06729712891551161,0.44752161646491884,3.5853568600025886e-05,6.245421121552872,18.213024761881854,nan,nan,nan
9.48,-94.7241439819336,-692.458984375,-5.017882823944092,-95.03990506496099,-691.9046532713203,-5.028130666868629,0.6380384411193508,0.06731933259119274,0.4475507628515701,3.514507524495307e-05,6.534829072416452,18.448933657983606,nan,0.04006444264859825,nan
9.49,-94.71942901611328,-692.4503784179688,-5.017882823944092,-95.03561916416024,-691.8953509766944,-5.028306353900692,0.6388586074134326,0.06734162100360606,0.44758001446404544,3.585069506143187e-05,6.576165196031203,20.246270161156325,nan,nan,nan
9.5,-94.71467590332031,-692.4417114257812,-5.017882823944092,-95.03007065738765,-691.8977021869066,-5.028613852191493,0.6289157796091794,0.06734098401213974,0.44755336736350787,3.512147538105851e-05,6.97350469508603,17.629318560979083,5.800541981271179,0.06545022409537389,nan
9.51,-94.70986938476562,-692.4330444335938,-5.017882823944092,-95.02569727707343,-691.8884433630968,-5.0287911974107775,0.6296479779667977,0.06736327451373254,0.4475825545766164,3.5826464442185407e-05,7.016584260645552,17.683076880339364,nan,nan,nan
9.52,-94.70502471923828,-692.4244384765625,-5.017882823944092,-95.02126098903884,-691.8792208540915,-5.0295115815889035,0.6303989706484786,0.06738564579215053,0.44761183325791126,3.511967267469363e-05,7.54476399961635,19.83330337640967,nan,0.2059004852274183,nan
9.53,-94.70013427734375,-692.415771484375,-5.017882823944092,-95.01680046294109,-691.8699634213204,-5.029696562693533,0.6311287342685094,0.06740810155120551,0.44764121595408063,3.5824921106500184e-05,7.590266202806244,18.112067207073558,nan,nan,nan
9.540000000000001,-94.69520568847656,-692.4071044921875,-5.017882823944092,-95.01231818206313,-691.8606675174818,-5.029264492142109,0.6318886320271507,0.06743063848434547,0.44767069084326316,3.511849362790069e-05,7.383230938277705,17.806913750209805,nan,0.2677952596841675,nan
9.55,-94.69023132324219,-692.3984985351562,-5.017882823944092,-95.00294582278906,-691.838423165351,-5.029412594843739,0.6415666089397082,0.06742978108971459,0.44764393755976,3.5801990363416945e-05,6.944018546598921,20.933402559757493,15.296259472948476,nan,nan
9.56,-94.68521118164062,-692.3898315429688,-5.017882823944092,-94.99830448141012,-691.8291488834773,-5.030379562404176,0.6422994842650297,0.06745231849940629,0.4476733468452127,3.509674226267976e-05,7.6796309671880625,19.731563916082404,nan,0.43360153749578295,nan
9.57,-94.68016052246094,-692.3811645507812,-5.017882823944092,-94.99364788110746,-691.8198272316262,-5.0305693358128085,0.6430667597464435,0.06747494015315628,0.44770285903616636,3.580166401701773e-05,7.723999192318601,19.645534334332716,nan,nan,nan
9.58,-94.67505645751953,-692.37255859375,-5.017882823944092,-94.98892063795475,-691.8105612041154,-5.031688201209763,0.6438496549333709,0.06749764316559433,0.4477324639703472,3.5096710890350205e-05,8.656974581078483,22.442693150264603,nan,0.6049150980929645,nan
9.59,-94.669921875,-692.3638916015625,-5.017882823944092,-94.98418281828724,-691.8012411831675,-5.031889074916867,0.6446174127823475,0.06752043061279968,0.44776217170957894,3.5801920875743286e-05,8.704664390592598,20.496743213707948,nan,nan,nan
9.6,-94.66474151611328,-692.3552856445312,-5.017882823944092,-94.97656842131562,-691.8111557059237,-5.031909503771937,0.627303879028398,0.06751934547682084,0.44773529734281103,3.507607709865425e-05,9.01147855388919,20.768731658303476,10.678512423672048,0.010358039246367835,nan
9.61,-94.65953063964844,-692.3466186523438,-5.017882823944092,-94.97175041870963,-691.8019026225526,-5.032109770003107,0.6280120616219467,0.06754213157641592,0.44776493745418583,3.5780710564273056e-05,9.058054539397634,18.985891409720328,nan,nan,nan
9.620000000000001,-94.6542739868164,-692.3379516601562,-5.017882823944092,-94.96695512733805,-691.7925379998906,-5.030253230096534,0.6288072704658534,0.06756499919818952,0.44779467077223595,3.507709021032536e-05,7.763031034550624,17.66360337692207,nan,2.976907874191046,nan
9.63,-94.64897918701172,-692.329345703125,-5.017882823944092,-94.96205947043343,-691.7832867579966,-5.0304351516330135,0.6295690560633903,0.06758795104579214,0.4478245059231515,3.578203301153195e-05,7.8019841637228335,19.335836356175527,nan,nan,nan
9.64,-94.64364624023438,-692.3206787109375,-5.017882823944092,-94.9570973684633,-691.7740877995111,-5.031594649690563,0.630239040687911,0.06761098478933966,0.4478544348961942,3.507860418442378e-05,8.757626343238854,18.524578008724234,nan,0.670371640781405,nan
9.65,-94.6382827758789,-692.3120727539062,-5.017882823944092,-94.94483831947134,-691.7675963009199,-5.031810754045621,0.624999917120627,0.06760967066353243,0.44782744505271194,3.576185763605628e-05,8.51456405805308,20.178708419908098,3.3609170621013345,nan,nan
9.66,-94.63287353515625,-692.3034057617188,-5.017882823944092,-94.93982975592883,-691.7582849850556,-5.031003429974701,0.6257403078940873,0.06763270142915107,0.44785730511479205,3.505943892918183e-05,7.9988848851889855,17.888808796381795,nan,0.7071057154610934,nan
9.67,-94.62743377685547,-692.2947998046875,-5.017882823944092,-94.93475661802474,-691.749024876298,-5.031189673044258,0.6264939531997854,0.06765581622826844,0.44788726612130114,3.5764144455854544e-05,8.037023693045786,19.591498703923858,nan,nan,nan
9.68,-94.62195587158203,-692.2861328125,-5.017882823944092,-94.92962000340663,-691.7398146177021,-5.032387166970298,0.627161194546689,0.06767901305845925,0.44791732129556583,3.506186080634387e-05,9.08435391981926,18.83758175030307,nan,0.7178448446130363,nan
9.69,-94.61643981933594,-692.2775268554688,-5.017882823944092,-94.92447493879176,-691.7305566911092,-5.032585665847494,0.6279157340580922,0.06770229413492654,0.4479474774147512,3.5766894092743455e-05,9.125659059378684,20.547035592308518,nan,nan,nan
9.700000000000001,-94.61089324951172,-692.2689208984375,-5.017882823944092,-94.90567526586501,-691.7418646731363,-5.032230655749837,0.6040617204156947,0.06770074478084295,0.4479203609627119,3.5043574605770805e-05,8.641718081199514,18.834422132846534,8.670429457104118,0.1803719373200533,nan
9.71,-94.60530853271484,-692.26025390625,-5.017882823944092,-94.90041604702552,-691.7326453556276,-5.032424745176921,0.6047071151934948,0.06772402108604587,0.4479504462828273,3.5748067834319634e-05,8.68042484760125,17.151433110460278,nan,nan,nan
9.72,-94.59969329833984,-692.2516479492188,-5.017882823944092,-94.89508583332399,-691.7234912163904,-5.03406675524964,0.6053661733106869,0.06774737953931992,0.4479806260463328,3.504681342067402e-05,10.234928597172972,20.290721405270492,nan,1.47444349322673,nan
9.73,-94.59403991699219,-692.2429809570312,-5.017882823944092,-94.88975763206841,-691.7142739315391,-5.034277064993337,0.6060106079552219,0.06777082206987106,0.4480109059781389,3.575164935432932e-05,10.27685357441379,18.61685743555203,nan,nan,nan
9.74,-94.5883560180664,-692.234375,-5.017882823944092,-94.8843928795179,-691.7050623759732,-5.034600054861881,0.6067035051009508,0.06779434710223715,0.4480412808798705,3.505044495656489e-05,10.728990918162195,20.643818429689986,nan,0.00879873120322407,nan
9.75,-94.5826416015625,-692.2257690429688,-5.017882823944092,-94.88258009220257,-691.6774625695249,-5.034718090441913,0.6252091755452241,0.06779256061999296,0.44801404048371857,3.573362676405793e-05,10.59110699825149,22.123294692081885,8.594286567534082,nan,nan
9.76,-94.57688903808594,-692.2171020507812,-5.017882823944092,-94.87715731845441,-691.6681887682544,-5.034893868772539,0.6259043118369062,0.06781607923757854,0.448044343244651,3.503329516286754e-05,10.916989005585423,20.58789313461841,nan,0.0009248880461567103,nan
9.77,-94.57110595703125,-692.20849609375,-5.017882823944092,-94.87170139577877,-691.6589175469459,-5.035106511646251,0.626650502530089,0.06783968177717384,0.4480747454647791,3.5737952177769675e-05,10.954443973973685,22.34045567363745,nan,nan,nan
9.78,-94.56529235839844,-692.1998901367188,-5.017882823944092,-94.86623148789747,-691.6496165669186,-5.03452188687528,0.627409132623612,0.06786336691154868,0.44810524283638054,3.503762589794952e-05,10.55192571441229,21.869638637431628,nan,0.4490858209079407,nan
9.790000000000001,-94.5594482421875,-692.1912231445312,-5.017882823944092,-94.86071212076348,-691.6403475189296,-5.034728751374573,0.6280984514290955,0.06788713619933573,0.44813583974894405,3.574263597407241e-05,10.587232798548529,20.056148900508695,nan,nan,nan
9.8,-94.5535659790039,-692.1826171875,-5.017882823944092,-94.84801659215567,-691.6436572381734,-5.0349963016054495,0.614387387306424,0.0678851078852219,0.4481084690105953,3.643908153422626e-05,10.557559075644646,21.015026737241698,2.975938657835568,nan,nan
9.81,-94.54766082763672,-692.1740112304688,-5.017882823944092,-94.84241331710594,-691.6344166497877,-5.035206518773864,0.6150946690967455,0.06790886899341009,0.448138992008061,3.7171950840555164e-05,10.590168277969537,20.979410271436603,nan,nan,nan
9.82,-94.5417251586914,-692.1654052734375,-5.017882823944092,-94.83684726122777,-691.6250618424799,-5.03213183702698,0.6158499112270328,0.06793271272436434,0.4481696101377291,3.638635391971214e-05,8.092901483848765,18.409308305398977,nan,7.042964291145691,nan
9.83,-94.53575134277344,-692.1567993164062,-5.017882823944092,-94.83118328157958,-691.6158238078896,-5.032311314104118,0.6165571446426826,0.06795664052227718,0.4482003273341238,3.7117876113177697e-05,8.118289166822214,18.36827821035452,nan,nan,nan
9.84,-94.52975463867188,-692.1481323242188,-5.017882823944092,-94.82545470937379,-691.6066458451963,-5.034249873743679,0.6171823224107645,0.06798065128482977,0.4482311401339676,3.633530625045711e-05,9.879297118927436,18.360402258154867,nan,2.0222162256333833,nan
9.85,-94.52372741699219,-692.1395263671875,-5.017882823944092,-94.81358463319309,-691.612153227326,-5.03439322877295,0.602006833764174,0.06797837747924255,0.4482036357719971,3.704197291339712e-05,9.808848308957291,18.96866509875322,3.9164902135882174,nan,nan
9.86,-94.51766967773438,-692.1309204101562,-5.017882823944092,-94.8078374764988,-691.602918886586,-5.033444308421477,0.602681607593415,0.06800237841334208,0.44823437328832666,3.6263347023777276e-05,9.124053226921767,18.220820591042965,nan,0.8653571983718635,nan
9.870000000000001,-94.51158905029297,-692.122314453125,-5.017882823944092,-94.80203961528491,-691.5937222719327,-5.033632746420099,0.603340107053838,0.06802646328008508,0.4482652092754671,3.699147928807739e-05,9.148330614422218,18.194765927230254,nan,nan,nan
9.88,-94.5054702758789,-692.1137084960938,-5.017882823944092,-94.79617799674403,-691.5845853250703,-5.035759479869028,0.6039883143832956,0.06805063117758772,0.4482961409454842,3.621573064220908e-05,11.26327884231636,20.244702431282665,nan,2.4717739802261764,nan
9.89,-94.49933624267578,-692.1051025390625,-5.017882823944092,-94.79032354446403,-691.5753908715706,-5.035969118508054,0.6046446679911677,0.0680748832505666,0.44832717121960425,3.694273776115536e-05,11.289834758664547,20.22744952530021,nan,nan,nan
9.9,-94.4931640625,-692.0964965820312,-5.017882823944092,-94.78127400905696,-691.563130855214,-5.036450573014056,0.6064908087958614,0.06807235991884969,0.44829952877800966,3.614739032165574e-05,11.81660730291266,21.216858072662927,1.9072111703966603,0.07257885132357925,nan
9.91,-94.48696899414062,-692.087890625,-5.017882823944092,-94.77535048944911,-691.5539189338082,-5.036664022251142,0.6071592766650793,0.06809660041810801,0.4483304820756982,3.68724310645086e-05,11.841510850216077,21.188898536029658,nan,nan,nan
9.92,-94.48074340820312,-692.0792846679688,-5.017882823944092,-94.7694124350041,-691.5446875708825,-5.036122873254118,0.6078293861324058,0.0681209240001172,0.4483615310886086,3.610317244390509e-05,11.486825155070374,20.765464004875582,nan,0.3781593798625139,nan
9.93,-94.47449493408203,-692.0706787109375,-5.017882823944092,-94.7634350319072,-691.5354778679296,-5.036330299351527,0.6084953835786613,0.06814533164095395,0.44839267818690093,3.68272318069124e-05,11.508555721076313,20.731329922473243,nan,nan,nan
9.94,-94.46822357177734,-692.0620727539062,-5.017882823944092,-94.7574264804781,-691.5262770774667,-5.036835918440225,0.6091588865667614,0.06816982269102057,0.44842392141082155,3.606061266511929e-05,12.225581195923931,21.394613155740437,nan,0.05871559006597942,nan
9.950000000000001,-94.46192169189453,-692.053466796875,-5.017882823944092,-94.7441762779659,-691.5282471975784,-5.036961660477975,0.5965628892640958,0.06816704724833961,0.4483961402373148,3.6760626504008164e-05,12.03158809783703,20.598341081400324,2.6951614796034953,nan,nan
9.96,-94.4555892944336,-692.0448608398438,-5.017882823944092,-94.73812103627242,-691.519026181259,-5.035687372153707,0.5971961781963407,0.06819152506994,0.4484273050846083,3.599752298882335e-05,10.932226433070447,19.429769088415753,nan,1.4718121283047774,nan
9.97,-94.4492416381836,-692.0362548828125,-5.017882823944092,-94.73201813016829,-691.509842328393,-5.035885029225675,0.5978267318083268,0.06821608684349692,0.44845856754348984,3.671890559790549e-05,10.948018084487007,19.422584465313044,nan,nan,nan
9.98,-94.44286346435547,-692.0276489257812,-5.017882823944092,-94.72592160951443,-691.5006100001796,-5.0339061175692175,0.5984552519435424,0.06824073206029078,0.44848992609931837,3.595828506789756e-05,9.258445252792246,17.66286976645103,nan,3.168765687906202,nan
9.99,-94.43646240234375,-692.01904296875,-5.017882823944092,-94.71976900644819,-691.491428700116,-5.034084374836836,0.5990842500406113,0.06826546148573234,0.44852138245388773,3.667887566152439e-05,9.271027560061698,17.62545760122272,nan,nan,nan
10.0,-94.4300308227539,-692.0104370117188,-5.017882823944092,-94.72625160841747,-691.4777921718328,-5.034936637687377,0.6097114988906402,0.06826242977794016,0.44849345754433584,3.589863541583337e-05,10.638888385050368,18.70339779243359,8.670317465084382,0.20290008162339643,nan
10.01,-94.423583984375,-692.0018310546875,-5.017882823944092,-94.72009566410405,-691.4686303437869,-5.035124755100999,0.6103437216115638,0.06828714425350058,0.4485248339131428,3.6617594112311903e-05,10.652684802971187,18.665826187033815,nan,nan,nan
10.02,-94.41710662841797,-691.9932250976562,-5.017882823944092,-94.7139216967832,-691.459460901696,-5.034858620516016,0.6109759237211817,0.0683119421951702,0.4485563063162568,3.5862636758025685e-05,10.566622829878975,18.518362929854575,nan,0.13934689505928838,nan
10.03,-94.41061401367188,-691.9846801757812,-5.017882823944092,-94.70771814064784,-691.4503019921342,-5.035044524712144,0.6116579349581951,0.0683368242518414,0.448587876101265,3.6580925337252994e-05,10.57821874043101,20.187705049862103,nan,nan,nan
10.040000000000001,-94.40409088134766,-691.97607421875,-5.017882823944092,-94.70150861607621,-691.4411179740741,-5.033827508610571,0.6122823904195561,0.0683617900892857,0.4486195422864296,3.582820959355301e-05,9.619764119363474,17.473234927731653,nan,1.327109197771685,nan
10.05,-94.39754486083984,-691.9674682617188,-5.017882823944092,-94.67980516692154,-691.4446564855581,-5.033982416063193,0.5943586716352373,0.06835849933904188,0.4485914720072499,3.6523100318752514e-05,9.199076143906682,16.784019452482056,8.67971869463528,nan,nan
10.06,-94.39098358154297,-691.9588623046875,-5.017882823944092,-94.6734950930471,-691.4354864958065,-5.032943891949772,0.5949469112649484,0.06838344856933744,0.44862305679022174,3.577347369748963e-05,8.43940498970029,15.998350833555278,nan,0.9942934859216829,nan
10.07,-94.38439178466797,-691.9503173828125,-5.017882823944092,-94.6671482373223,-691.4263390675269,-5.033107749919372,0.5955974183776739,0.06840848182807117,0.4486547385711223,3.648968669573321e-05,8.446829372979614,17.610475799130413,nan,nan,nan
10.08,-94.37777709960938,-691.9417114257812,-5.017882823944092,-94.66077606913707,-691.4171976618422,-5.033566744180477,0.5961955137949205,0.06843359887648602,0.4486865166459373,3.574214724178532e-05,8.973205347281862,16.41061899094843,nan,0.05852083002265493,nan
10.09,-94.37114715576172,-691.93310546875,-5.017882823944092,-94.65438532176852,-691.4080527832235,-5.033735570449672,0.5967876429964243,0.0684588002205812,0.44871839194488483,3.645784779177784e-05,8.980528241443736,16.39305412985872,nan,nan,nan
10.1,-94.36449432373047,-691.9244995117188,-5.017882823944092,-94.64403105834629,-691.4153949809111,-5.033544641796247,0.5810107587876718,0.06845524672855804,0.44869017233510605,3.5690577346464994e-05,9.00186781459539,15.320544719640973,6.42263621901191,0.029889674517005537,nan
10.11,-94.35781860351562,-691.9159545898438,-5.017882823944092,-94.63758970662737,-691.4062997623893,-5.033710152831477,0.5816101938787945,0.06848042976490001,0.44872196468991965,3.640492409835217e-05,9.00598024889482,16.82785009106248,nan,nan,nan
10.120000000000001,-94.35111999511719,-691.9073486328125,-5.017882823944092,-94.6311439677193,-691.397181875367,-5.0321505128005715,0.582140114216196,0.06850569659114869,0.44875385320871214,3.5662236504780575e-05,7.829675723051061,14.049660962168403,nan,2.024964556252567,nan
10.13,-94.34440612792969,-691.8988037109375,-5.017882823944092,-94.62466041360331,-691.3880895032711,-5.032300840688257,0.5827343698097753,0.06853104763610644,0.4487858386087115,3.637617197598336e-05,7.831924241244099,15.571149527227867,nan,nan,nan
10.14,-94.3376693725586,-691.8901977539062,-5.017882823944092,-94.61815672102087,-691.378997926108,-5.032401143072894,0.5832745478577556,0.06855648277675641,0.44881792050677755,3.563533766818302e-05,8.028679486243481,14.170737795166989,nan,0.0017552258826417327,nan
10.15,-94.3309097290039,-691.881591796875,-5.017882823944092,-94.61291251210643,-691.3753873266523,-5.032693769488815,0.5796446320452725,0.06855266368428527,0.4487895493676516,3.632638266566347e-05,8.259848940807457,13.952361267658256,2.312097900832174,nan,nan
10.16,-94.32412719726562,-691.873046875,-5.017882823944092,-94.60638517737166,-691.3663067521435,-5.0316638776701055,0.5802112002434753,0.06857807886091817,0.448821546900594,3.558823013055921e-05,7.553812632094624,14.675522836455817,nan,0.9582399843480885,nan
10.17,-94.31732940673828,-691.8644409179688,-5.017882823944092,-94.59982762680812,-691.3572412977111,-5.031808276333676,0.580732827861834,0.06860357818418816,0.4488536409953122,3.63005854033162e-05,7.5559845367002865,13.183650795563512,nan,nan,nan
10.18,-94.31051635742188,-691.8558959960938,-5.017882823944092,-94.52811875656599,-691.4774424917296,-5.032661065540949,0.4368023071178807,0.04754256373792974,0.36582176500542524,3.556402457009084e-05,8.677411672756719,15.756883016588004,nan,0.34654943755277173,0.2011410590791746
10.19,-94.30368041992188,-691.8472900390625,-5.017882823944092,-94.52148984376258,-691.4683729476202,-5.032814610064809,0.43731232035888296,0.04754731987366061,0.36586228193147335,3.627609393071309e-05,8.67823039172766,14.243189679569861,nan,nan,nan
10.200000000000001,-94.29682159423828,-691.8387451171875,-5.017882823944092,-94.51293059703599,-691.4796687178552,-5.032299369808636,0.4193409095739404,0.047547339039889946,0.3658099820123905,3.5519755811247305e-05,8.601490613930558,14.930410105902546,4.834777656939821,0.37640087818715884,nan
10.21,-94.28994750976562,-691.8302001953125,-5.017882823944092,-94.50628141732216,-691.4706333500001,-5.032448925755288,0.41988194427551234,0.04755220625849733,0.36585036759224415,3.623069759632871e-05,8.601477051151475,14.900770774068752,nan,nan,nan
10.22,-94.28305053710938,-691.8215942382812,-5.017882823944092,-94.49965372526691,-691.46152387855,-5.031787387700609,0.42042947324166224,0.04755714381451181,0.3658908364555234,3.5498344137203934e-05,8.188101806774704,13.065204123256441,nan,0.45222888433263164,nan
10.23,-94.27613830566406,-691.8130493164062,-5.017882823944092,-94.4929672140289,-691.4524910685204,-5.0319303894173855,0.4209683595199326,0.047562159004355745,0.36593141391769524,3.6209085124226236e-05,8.186833855818513,14.411149336944593,nan,nan,nan
10.24,-94.26921081542969,-691.804443359375,-5.017882823944092,-94.48634370617444,-691.4433072358472,-5.030392869268762,0.421571456806403,0.047567244994395436,0.3659720756064307,3.547821966297881e-05,7.144252898508908,11.973755927458479,nan,1.9412283216108615,nan
10.25,-94.26226043701172,-691.7958984375,-5.017882823944092,-94.48161864471959,-691.4074924734882,-5.030537452337611,0.4462480877141192,0.04756749294297669,0.36591969444821226,3.6166458955102735e-05,6.855393108034689,13.906968555986348,8.180651154111592,nan,nan
10.26,-94.25530242919922,-691.787353515625,-5.017882823944092,-94.47482265209904,-691.3984785697984,-5.031281890848371,0.4467576375928488,0.04757268854054717,0.36596022393565647,3.543789841824079e-05,7.488133282017554,14.541832856266398,nan,0.2607910124607322,nan
10.27,-94.2483139038086,-691.7787475585938,-5.017882823944092,-94.46803824873113,-691.389411717807,-5.031417944811498,0.4472632157574288,0.04757796152186183,0.3660008605192724,3.614745841188954e-05,7.48597823852985,12.97733742209946,nan,nan,nan
10.28,-94.24131774902344,-691.7702026367188,-5.017882823944092,-94.46127770283508,-691.3802692711283,-5.030659606377894,0.4478768324560374,0.0475833057320001,0.3660415823290388,3.5420251733111606e-05,7.0213194427969405,13.977506196285539,nan,0.5525654078828518,nan
10.290000000000001,-94.23429870605469,-691.7616577148438,-5.017882823944092,-94.45445871131214,-691.3712050894623,-5.030788890095821,0.4484308721818568,0.04758872745306938,0.3660824109184551,3.612971242220103e-05,7.017635219399487,13.907309926210718,nan,nan,nan
10.3,-94.22726440429688,-691.7531127929688,-5.017882823944092,-94.45156230618423,-691.3570614351047,-5.030446262712728,0.4553285262870344,0.047589187453249256,0.36602992381707256,3.538240742966717e-05,6.980439237912352,14.554240602467623,3.574721473205376,0.21740300774185728,nan
10.31,-94.22021484375,-691.7445068359375,-5.017882823944092,-94.44473099613872,-691.3479724485424,-5.030573747535036,0.4558597181281442,0.047594716949115747,0.36607061812781966,3.609092008396916e-05,6.978072047575164,12.993012047657608,nan,nan,nan
10.32,-94.21315002441406,-691.7359619140625,-5.017882823944092,-94.43788307386595,-691.338884760302,-5.030702203537305,0.4564422702244423,0.04760032083627713,0.3661114081428965,3.6813759064154666e-05,6.974548137216546,14.474916388379967,nan,nan,nan
10.33,-94.20606231689453,-691.7274169921875,-5.017882823944092,-94.43101901413927,-691.3297983212389,-5.030831705249184,0.45702712900798376,0.047605999259233624,0.3661522940068033,3.75510688704237e-05,6.971197969783923,14.40918855060619,nan,nan,nan
10.34,-94.19896697998047,-691.7188720703125,-5.017882823944092,-94.4241751214786,-691.3206461824235,-5.030117036285892,0.45765952490213324,0.0476117495315762,0.36619326608373337,3.673940595202798e-05,6.575046346956023,14.004659146811205,nan,0.4568197954471074,nan
10.35,-94.19184875488281,-691.7103271484375,-5.017882823944092,-94.42272809127759,-691.2670687238628,-5.0301775473895365,0.49993445485892946,0.0476124173992677,0.36614069201731503,3.745102367867852e-05,6.196259001239951,15.606605654837296,21.32971994962228,nan,nan
10.36,-94.18472290039062,-691.7017211914062,-5.017882823944092,-94.41587649994881,-691.2577478103302,-5.028240382595689,0.5006512046465204,0.04761827393201211,0.3661815289512728,3.664482973650203e-05,5.083143131561409,12.769050154455364,nan,2.728698688166737,nan
10.370000000000001,-94.17757415771484,-691.6931762695312,-5.017882823944092,-94.40892412673443,-691.2485867458827,-5.028344214616451,0.5012904281933086,0.04762420775692829,0.3662224707197102,3.7377781230080265e-05,5.078746934261751,14.391751914901647,nan,nan,nan
10.38,-94.17041015625,-691.6846313476562,-5.017882823944092,-94.40196000447776,-691.2394206504307,-5.028363655565748,0.50193400459606,0.04763021383205957,0.36626349960064053,3.657588808798284e-05,5.149289592739651,14.415967253269825,nan,0.004729517135732443,nan
10.39,-94.16323852539062,-691.6760864257812,-5.017882823944092,-94.39497727530814,-691.2302621470593,-5.02846900980238,0.502567610419034,0.04763629733766268,0.3663046330529597,3.730728053643492e-05,5.1448479101304105,14.407128888125452,nan,nan,nan
10.4,-94.15604400634766,-691.6675415039062,-5.017882823944092,-94.38454831298823,-691.2299650233339,-5.02904039019788,0.49377311164957405,0.04763715784262815,0.36625195250620474,3.648690618011439e-05,5.515089141928332,14.016181521194767,2.366778100997474,0.17341325851563316,nan
10.41,-94.14884185791016,-691.6589965820312,-5.017882823944092,-94.37752380526973,-691.2208370133726,-5.029151834530372,0.4943745859719063,0.04764334575976448,0.36629294882742863,3.721591999785816e-05,5.510315774423868,14.005378866202383,nan,nan,nan
10.42,-94.14161682128906,-691.6504516601562,-5.017882823944092,-94.37039683701349,-691.211872566303,-5.0315666177331995,0.49485266834935904,0.04764960629774444,0.3663340330575308,3.642322203921882e-05,7.234175198397116,15.639847914522885,nan,3.4508117148964765,nan
10.43,-94.13438415527344,-691.6419067382812,-5.017882823944092,-94.36334337217663,-691.2027469148035,-5.031702692954236,0.4954539961907822,0.04765594406833174,0.3663752206170124,3.715087642946188e-05,7.2292593583315625,15.627977666107668,nan,nan,nan
10.44,-94.12713623046875,-691.6333618164062,-5.017882823944092,-94.35633162558024,-691.1935196610426,-5.0303355623322,0.49613175817377647,0.047662354880209416,0.36641649685047883,3.636207003491693e-05,6.348114303154922,14.692725382246136,nan,1.4780872184539493,nan
10.450000000000001,-94.119873046875,-691.6248168945312,-5.017882823944092,-94.35507536510487,-691.1883597661648,-5.030414659924956,0.4959556455124141,0.04766340288232537,0.366363724880044,3.706511989337757e-05,6.611434939213061,15.658787848440472,9.284973714297179,nan,nan
10.46,-94.11259460449219,-691.6162719726562,-5.017882823944092,-94.3479693942422,-691.179317613588,-5.032110145828219,0.4965207148212864,0.0476699165322287,0.36640486303127145,3.6281054214789674e-05,7.949294567047328,16.941527199311015,nan,1.6218025606610185,nan
10.47,-94.10530853271484,-691.6077270507812,-5.017882823944092,-94.34090633583237,-691.1701723718282,-5.032249903910401,0.4971587622623505,0.04767650723951315,0.36644610336831196,3.7005346198074374e-05,7.943632507876183,16.91333180861699,nan,nan,nan
10.48,-94.0979995727539,-691.5991821289062,-5.017882823944092,-94.33387452790257,-691.1609456832007,-5.031107017423428,0.49785846995327115,0.04768317131835124,0.36648743303407266,3.62249093851695e-05,7.189282654956092,16.085643503797524,nan,1.0846164915332477,nan
10.49,-94.09068298339844,-691.5906982421875,-5.017882823944092,-94.32678444669536,-691.1518027036362,-5.031236099842293,0.49854940046936597,0.04768991262420313,0.36652886474452373,3.6948104509009695e-05,7.182631070379279,17.890241237850383,nan,nan,nan
10.5,-94.0833511352539,-691.5821533203125,-5.017882823944092,-94.31752836879038,-691.1431919729567,-5.031429904840372,0.4977042943153968,0.04769113419000963,0.36647598615456467,3.61490009978055e-05,7.347717269937339,15.918190528988859,1.0240561278820675,0.0004873420684407798,nan
10.51,-94.07601165771484,-691.5736083984375,-5.017882823944092,-94.31039808657559,-691.1340625444716,-5.031561999422578,0.4983218594588096,0.0476979764934544,0.36651727795849665,3.6870277419124623e-05,7.341472435001833,15.888588510810719,nan,nan,nan
10.52,-94.06865692138672,-691.5650634765625,-5.017882823944092,-94.30329106561733,-691.1248677338916,-5.030592848726247,0.49898599001811894,0.047704892472833764,0.36655865966077394,3.609766849538039e-05,6.737252763828573,15.23575626503396,nan,0.8057102419128495,nan
10.53,-94.06128692626953,-691.5565185546875,-5.017882823944092,-94.29613489045548,-691.115740610955,-5.030716201472613,0.49960330017140636,0.04771188553611279,0.36660014239809735,3.681801278139221e-05,6.731059546143337,15.1736805292209,nan,nan,nan
10.540000000000001,-94.05390930175781,-691.5480346679688,-5.017882823944092,-94.28897640629484,-691.1065955308353,-5.030514674166508,0.5002845381066462,0.047718952667435005,0.36664171569005044,3.604864569533294e-05,6.679042471721605,16.913361239851785,nan,0.07057676953092815,nan
10.55,-94.04651641845703,-691.5394897460938,-5.017882823944092,-94.28333011061483,-691.1001506290476,-5.0306135499588684,0.4992611099867431,0.04772034152607488,0.36658874109334105,3.6745235157518723e-05,6.759730455519178,15.320990289779708,0.7843339522657208,nan,nan
10.56,-94.03910827636719,-691.5309448242188,-5.017882823944092,-94.27617628342118,-691.0909752038064,-5.02989477951586,0.4999187873355428,0.047727508029415715,0.36663017346151827,3.5979929335146905e-05,6.355325681510024,14.866189843732894,nan,0.4725792509669852,nan
10.57,-94.03169250488281,-691.5223999023438,-5.017882823944092,-94.26898437900302,-691.0818484392997,-5.030010111548182,0.5005398048290806,0.04773475149214213,0.3666717059363862,3.669772890900877e-05,6.348651850698978,14.833542218697827,nan,nan,nan
10.58,-94.02426147460938,-691.513916015625,-5.017882823944092,-94.261780511125,-691.0727228030923,-5.030126315816756,0.5012151699474267,0.04774207063007638,0.36671333387574817,3.742993240158722e-05,6.341240727618929,16.571053499224288,nan,nan,nan
10.59,-94.0168228149414,-691.50537109375,-5.017882823944092,-94.25456486723702,-691.0635982614918,-5.030243335768695,0.5018339376762866,0.04774946558771864,0.36675505742410436,3.817668431308223e-05,6.3342443338535785,14.741187275605508,nan,nan,nan
10.6,-94.00936889648438,-691.496826171875,-5.017882823944092,-94.24956083981442,-691.0520499881131,-5.028358123743824,0.5055964351024662,0.04775100896366189,0.36670197533006427,3.7299806919624235e-05,5.3374540428720225,14.109808667951565,0.9782464933166737,2.655636182476962,nan
10.61,-94.00189971923828,-691.4883422851562,-5.017882823944092,-94.24233333551504,-691.0429147027141,-5.0284577089862506,0.5062863648468087,0.0477585014578613,0.3667435562708971,3.804311048041609e-05,5.3307662352612235,15.874587670998016,nan,nan,nan
10.620000000000001,-93.99443054199219,-691.4797973632812,-5.017882823944092,-94.23517512075753,-691.033633742493,-5.025680430736223,0.5070312923198247,0.04776606844286904,0.3667852282866858,3.719739781371451e-05,4.021832894783703,12.73459987229046,nan,5.163974469913886,nan
10.63,-93.9869384765625,-691.4713134765625,-5.017882823944092,-94.22792513425037,-691.024500624724,-5.025753491462236,0.5077186633941633,0.04777371258048418,0.3668269998669732,3.793835617331617e-05,4.015856789146358,14.46501912081084,nan,nan,nan
10.64,-93.97944641113281,-691.4627685546875,-5.017882823944092,-94.2206603825176,-691.0153750930052,-5.025962241297077,0.5083407976269825,0.04778143158618125,0.36686886311961897,3.709893596477241e-05,4.138625320344659,12.772649322441731,nan,0.011395507190711513,nan
10.65,-93.97193145751953,-691.4542236328125,-5.017882823944092,-94.20987348306961,-691.0312673999598,-5.026088258470604,0.48536142367064067,0.04778312257515592,0.3668156814327376,3.781356001729312e-05,4.32242976083563,11.744018839476732,6.925289800346463,nan,nan
10.66,-93.96441650390625,-691.4457397460938,-5.017882823944092,-94.2025662456088,-691.0222449277044,-5.027399575491129,0.4859565096134118,0.0477909374546475,0.3668574010394818,3.698127394293906e-05,4.986384647858552,14.088043952916564,nan,0.9595310794663428,nan
10.67,-93.9568862915039,-691.4371948242188,-5.017882823944092,-94.19528062893644,-691.0131652290393,-5.027491026618651,0.48654421717518853,0.04779882938666804,0.3668992194011932,3.7717033795634746e-05,4.981475506628687,12.325756026346118,nan,nan,nan
10.68,-93.94934844970703,-691.4287109375,-5.017882823944092,-94.18800154913482,-691.0040557592223,-5.026904464257944,0.4872050002806957,0.047806796421432186,0.3669411297766127,3.6890601388915894e-05,4.735690328801541,13.731566152595956,nan,0.29259054670455953,nan
10.69,-93.9417953491211,-691.420166015625,-5.017882823944092,-94.18069485640555,-690.9949785432456,-5.026991476348481,0.48779127585248294,0.047814840719387706,0.36698313892371426,3.7624432175154134e-05,4.731212456149976,11.99259531445129,nan,nan,nan
10.700000000000001,-93.93423461914062,-691.4116821289062,-5.017882823944092,-94.17723048730073,-690.9685633877688,-5.025575924133406,0.5054308998079503,0.047816667500617256,0.36692984903651304,3.678086411609479e-05,4.083391349969716,14.131335679674821,4.033795875932262,1.4163733942190646,nan
10.71,-93.92666625976562,-691.4031372070312,-5.017882823944092,-94.16990687389588,-690.959448782386,-5.025649813870856,0.5060491484621007,0.047824805831166814,0.3669717129467631,3.751197273965641e-05,4.078987409465908,12.310915300964961,nan,nan,nan
10.72,-93.91908264160156,-691.3946533203125,-5.017882823944092,-94.16257245292731,-690.9503369522718,-5.025764083245616,0.5067212620134895,0.047833019477848314,0.36701366914682915,3.669763957286293e-05,4.1594076487592275,14.10320618880208,nan,0.0009900197426858956,nan
10.73,-93.91149139404297,-691.3861694335938,-5.017882823944092,-94.15522915305544,-690.9412246208612,-5.025840648288858,0.507392657134774,0.047841310313254296,0.36705572341300136,3.742707595246871e-05,4.154766256714626,14.05667232949558,nan,nan,nan
10.74,-93.90389251708984,-691.3776245117188,-5.017882823944092,-94.1478597528126,-690.9321424857335,-5.026630143558579,0.5079869714693149,0.0478496768191434,0.3670978704824917,3.661796692665136e-05,4.548938915037647,12.653431961605442,nan,0.3263141121252069,nan
10.75,-93.89627838134766,-691.369140625,-5.017882823944092,-94.1441735007838,-690.9268855911031,-5.026637212110646,0.5070681853159269,0.047851631803539206,0.36704447747490704,3.732241669524267e-05,4.721389223278987,14.972071135158304,3.242514919081046,nan,nan
10.76,-93.88866424560547,-691.360595703125,-5.017882823944092,-94.13687016130332,-690.9176910811511,-5.024808508734498,0.5077584522812388,0.04786009063688841,0.3670864782254105,3.6519332617455253e-05,3.9782164986113826,12.413205788112188,nan,2.3712936213139226,nan
10.77,-93.88103485107422,-691.3521118164062,-5.017882823944092,-94.1295156456585,-690.9085729031807,-5.024875632047193,0.5084470200401481,0.04786862659854907,0.3671285763976123,3.7244855510247264e-05,3.974067830158336,14.136561180916102,nan,nan,nan
10.78,-93.87339782714844,-691.3436279296875,-5.017882823944092,-94.12218757696195,-690.8993919659079,-5.0232476617354775,0.5091863240622526,0.04787723841684657,0.3671707675627294,3.644660056859808e-05,3.4471502679787958,13.560419693898016,nan,1.8702906821703915,nan
10.790000000000001,-93.8657455444336,-691.3350830078125,-5.017882823944092,-94.11481482668782,-690.8902761862693,-5.02330023086228,0.5098215022453946,0.04788592759488645,0.3672130562418721,3.717078706477962e-05,3.4444083432227774,11.736093001379418,nan,nan,nan
10.8,-93.85809326171875,-691.3265991210938,-5.017882823944092,-94.11199352514008,-690.8892783262052,-5.024592420714362,0.5057270410965087,0.04788799984660367,0.3671595540560754,3.6354956602548196e-05,4.211721522650888,14.65532870528713,5.353013199144886,0.9891322647114967,nan
10.81,-93.85042572021484,-691.318115234375,-5.017882823944092,-94.10463998210022,-690.8801577852088,-5.0246591841581,0.5064361137239924,0.047896779513951465,0.36720169493826976,3.70770055600933e-05,4.208966256349727,14.603256314459912,nan,nan,nan
10.82,-93.8427505493164,-691.3096313476562,-5.017882823944092,-94.09727582508305,-690.8710415676791,-5.024818895655896,0.5071412231275472,0.047905635206932425,0.3672439289531273,3.62888115107441e-05,4.293254711483515,14.638035878774643,nan,0.005541394724756254,nan
10.83,-93.83506774902344,-691.3010864257812,-5.017882823944092,-94.08990479195538,-690.8619233177958,-5.024888626341559,0.5077944811958552,0.04791456821871379,0.36728625991776787,3.70097305379293e-05,4.29154861550464,12.818321981276,nan,nan,nan
10.84,-93.82737731933594,-691.2926025390625,-5.017882823944092,-94.08251317523685,-690.8528277108173,-5.025608198609801,0.5084839092223882,0.047923577592549706,0.3673286844640661,3.622580159677586e-05,4.60984334507655,14.862478257966869,nan,0.2771286492688089,nan
10.85,-93.8196792602539,-691.2841186523438,-5.017882823944092,-94.07608737141223,-690.7778032639953,-5.02573827051358,0.5675932522387732,0.04792575906674899,0.36727507614242455,3.6922762041758434e-05,3.8946481941518805,16.89079771530199,48.60904312938035,nan,nan
10.86,-93.81197357177734,-691.275634765625,-5.017882823944092,-94.06860860490197,-690.7686178870307,-5.026715919237458,0.5683358857039078,0.04793485718917423,0.36731735178307817,3.614387423983156e-05,4.378508995993335,17.323627407048424,nan,0.5325613626555595,nan
10.870000000000001,-93.80425262451172,-691.2671508789062,-5.017882823944092,-94.06113773048313,-690.7594048946456,-5.026805954889214,0.5691006628607924,0.04794403259983909,0.3673597238563214,3.686190815719298e-05,4.376560057613062,17.244718003656452,nan,nan,nan
10.88,-93.7965316772461,-691.2586059570312,-5.017882823944092,-94.0536468106295,-690.7502141050437,-5.027597142263893,0.5697936775382003,0.047953284519820644,0.3674021895850673,3.6086935366065215e-05,4.828629333389966,15.64631059948362,nan,0.32531832692524004,nan
10.89,-93.7887954711914,-691.2501220703125,-5.017882823944092,-94.04615982379477,-690.7410031166014,-5.027695878497518,0.5705565835730017,0.04796261397566428,0.3674447518966583,3.680410571713858e-05,4.826815649957414,17.587093473787675,nan,nan,nan
10.9,-93.78105926513672,-691.2416381835938,-5.017882823944092,-94.0380225909923,-690.7578223067005,-5.027176373944549,0.5478999211903015,0.047964894433777494,0.36739103322652406,3.6011068316009904e-05,4.856360956962645,16.52001139934658,8.364188394984414,0.14386583906614614,nan
10.91,-93.77330780029297,-691.233154296875,-5.017882823944092,-94.03054373584516,-690.748654012737,-5.027269424946254,0.5486337213000856,0.0479743108000052,0.3674334452478878,3.672656409286531e-05,4.853832522813824,16.447272789170064,nan,nan,nan
10.92,-93.76554870605469,-691.2246704101562,-5.017882823944092,-94.0230569246369,-690.7394871583246,-5.027379266206311,0.5493664104320621,0.047983803808985315,0.36747595096095265,3.595984928557629e-05,4.959554195659026,16.504826602470413,nan,0.00016361703139823982,nan
10.93,-93.7577896118164,-691.2161865234375,-5.017882823944092,-94.01556274312105,-690.7303208532692,-5.027474446203594,0.5500949335235553,0.0479933743377919,0.3675185528009493,3.667464472416519e-05,4.956826764761674,16.474314874544547,nan,nan,nan
10.94,-93.75001525878906,-691.2077026367188,-5.017882823944092,-94.00810276289599,-690.7210817157348,-5.02477001417455,0.5508688717876887,0.048003021831879246,0.36756124873254487,3.591134700409613e-05,3.7660918773461125,15.220544400865847,nan,5.254788476010207,nan
10.950000000000001,-93.74224090576172,-691.19921875,-5.017882823944092,-94.00048957100249,-690.7162122678509,-5.0249347315884005,0.5477566652247328,0.04800539295325878,0.3675074213258129,3.6602953443686185e-05,3.8481003926494766,15.186479064540796,0.601520396845578,nan,nan
10.96,-93.73445129394531,-691.1907348632812,-5.017882823944092,-93.99298462632508,-690.7070417371925,-5.024462699496115,0.5484904912021273,0.048015125587202924,0.3675499658453546,3.58438359819349e-05,3.6944072620688475,14.954085008769214,nan,0.19930027821291207,nan
10.97,-93.7266616821289,-691.1822509765625,-5.017882823944092,-93.98546463792339,-690.6978860327163,-5.024530586093859,0.5492108534039739,0.048024935732361544,0.3675926060717444,3.655655481229848e-05,3.6922107917961915,14.92135440592189,nan,nan,nan
10.98,-93.71885681152344,-691.1737670898438,-5.017882823944092,-93.97796071992256,-690.6886900981648,-5.022868014174888,0.5499630672378424,0.04803482295895984,0.3676353403763944,3.580054872051985e-05,3.174632871922027,14.341041021189326,nan,2.021052196885631,nan
10.99,-93.71105194091797,-691.165283203125,-5.017882823944092,-93.97042606377717,-690.6795362083534,-5.022920546343959,0.550681811199172,0.048044787956881,0.36767817058201063,3.6512774243496456e-05,3.17237890274556,14.31371582056411,nan,nan,nan
11.0,-93.70323181152344,-691.1567993164062,-5.017882823944092,-93.97633503987011,-690.6653632185738,-5.02299289829888,0.5622463200822702,0.048047240055635765,0.3676242315330719,3.57382014455022e-05,3.7170253452106534,16.955141794167943,24.603945681926707,0.0026410349405378156,nan
11.01,-93.6954116821289,-691.1483154296875,-5.017882823944092,-93.9688580105186,-690.6561559239221,-5.023047063923067,0.5630457734496964,0.04805728835295382,0.3676669090196897,3.644911210027727e-05,3.7158782406806896,16.890820947292582,nan,nan,nan
11.02,-93.68758392333984,-691.1398315429688,-5.017882823944092,-93.9613584820826,-690.6469767463932,-5.024371306743485,0.5638266222265171,0.04806741383674778,0.3677096805432691,3.569979155160883e-05,4.161364310023213,17.284832442687257,nan,1.0926045067621923,nan
11.03,-93.67974853515625,-691.13134765625,-5.017882823944092,-93.9538678504066,-690.6377713519098,-5.02443948535971,0.5646255015568833,0.048077617093785406,0.3677525475939938,3.641033550946969e-05,4.16071521648887,17.238865982802192,nan,nan,nan
11.040000000000001,-93.67190551757812,-691.1228637695312,-5.017882823944092,-93.94636512629931,-690.6285763464682,-5.0249822493884615,0.5654189024602294,0.04808789784920546,0.3677955090447417,3.566369305650854e-05,4.391264111611836,17.42305566373707,nan,0.15251536689609246,nan
11.05,-93.6640625,-691.1143798828125,-5.017882823944092,-93.93867584882699,-690.5912249886308,-5.024957571659607,0.5908921955107574,0.04809042246887179,0.367741458995262,3.635161080439145e-05,4.02199157934945,18.305151560458626,9.27365891845417,nan,nan
11.06,-93.65620422363281,-691.1058959960938,-5.017882823944092,-93.9311460446882,-690.5819639499066,-5.024182495920923,0.5917241585858491,0.0481007847283085,0.3677842666025198,3.560840547033132e-05,3.757454664773994,17.981583764554244,nan,0.49082214114859607,nan
11.07,-93.64834594726562,-691.097412109375,-5.017882823944092,-93.92360034569862,-690.5727199978055,-5.024248474521159,0.5925430932069253,0.048111224767951245,0.36782716939001403,3.6317495473186525e-05,3.7563080660638217,17.930097936756592,nan,nan,nan
11.08,-93.64047241210938,-691.0889282226562,-5.017882823944092,-93.91604449549199,-690.5634834043277,-5.0246746622694785,0.5933619125929654,0.048121742397351695,0.3678701664996865,3.557670527607496e-05,3.935137676543804,18.052190408780497,nan,0.0881213587836768,nan
11.09,-93.63259887695312,-691.0805053710938,-5.017882823944092,-93.9084859875071,-690.5542412512291,-5.024746216275279,0.5942345730273906,0.048132338076549756,0.36791325901639144,3.628558568471269e-05,3.9338266489910874,20.277667271692472,nan,nan,nan
11.1,-93.62471771240234,-691.072021484375,-5.017882823944092,-93.90222043482079,-690.5245393798946,-5.026034363443272,0.6138492186784709,0.04813492597399251,0.36785909596177363,3.552573989969947e-05,4.349404338307032,19.608340655602177,4.961788108343721,1.2263820970659505,nan
11.11,-93.61683654785156,-691.0635375976562,-5.017882823944092,-93.89463701720499,-690.5152632376213,-5.02611858237214,0.6146915505858231,0.04814560131300023,0.3679020333930042,3.623357872502518e-05,4.34856547755165,19.560197532535344,nan,nan,nan
11.120000000000001,-93.60894012451172,-691.0550537109375,-5.017882823944092,-93.88704349791816,-690.5059947976333,-5.026636613173043,0.6155353811152304,0.048156354324211434,0.3679450650482789,3.5498122102766786e-05,4.633254786419739,19.77812619766014,nan,0.12855000808391465,nan
11.13,-93.60104370117188,-691.0465698242188,-5.017882823944092,-93.87944799061641,-690.4967204909138,-5.026727142391794,0.6163776923979091,0.048167185399498054,0.3679881917980196,3.620584740884206e-05,4.632837585921534,19.722386115302765,nan,nan,nan
11.14,-93.5931396484375,-691.0381469726562,-5.017882823944092,-93.87183035988056,-690.4874745868732,-5.0286808689534,0.617272376576718,0.0481780944509199,0.36803141310776005,3.547243442690816e-05,5.7566339824718105,23.14795117197291,nan,2.382000940327902,nan
11.15,-93.5852279663086,-691.0296630859375,-5.017882823944092,-93.86367258469872,-690.4963302189705,-5.028846544889318,0.601743762472594,0.04818073714140276,0.3679771370630107,3.6157933068813795e-05,5.956066724798246,20.129299640957203,3.5563068101594184,nan,nan
11.16,-93.57731628417969,-691.0211791992188,-5.017882823944092,-93.85554672988316,-690.4963597919265,-5.028271176504711,0.5941005883315557,0.048134813707702666,0.35071130208544604,3.5427163099728586e-05,6.229308429793541,20.350136053048256,nan,0.3278772710757071,0.004976208600083792
11.17,-93.56938934326172,-691.0126953125,-5.017882823944092,-93.84794674735421,-690.4871211661643,-5.028379025492807,0.5949223318368171,0.04814694237341791,0.3507460778134434,3.613389879112187e-05,6.228253549996106,20.29996083754642,nan,nan,nan
11.18,-93.56146240234375,-691.0042724609375,-5.017882823944092,-93.84034354328604,-690.4779008162539,-5.027971350066004,0.5957714137650075,0.04815913909985385,0.3507809445405188,3.540512095985761e-05,6.048941614513536,22.340036290261487,nan,0.18406938365250577,nan
11.19,-93.55353546142578,-690.9957885742188,-5.017882823944092,-93.83273216978606,-690.4686640561966,-5.02807619990059,0.5965860913335475,0.048171404102225486,0.3508159056950584,3.6111859101491634e-05,6.047215547032586,20.016587439152403,nan,nan,nan
11.200000000000001,-93.54559326171875,-690.9873046875,-5.017882823944092,-93.8196222257868,-690.4875944200106,-5.027307895770498,0.5699921548244737,0.048174399689117006,0.3507978799260603,3.5363568091694095e-05,5.842914997885357,17.50587946005579,14.998377912079865,0.5525280594024056,nan
11.21,-93.53765106201172,-690.9788818359375,-5.017882823944092,-93.81199697600076,-690.4784328268207,-5.0274061459450765,0.5707938199651253,0.0481867214792003,0.3508327461222195,3.60694669462027e-05,5.840386683651724,19.542246714909638,nan,nan,nan
11.22,-93.52970123291016,-690.9703979492188,-5.017882823944092,-93.8043686521835,-690.4692898493248,-5.0269781600094445,0.5715192421325245,0.04819911150565777,0.3508677031259501,3.534487710780884e-05,5.6626634724222935,17.245672221048995,nan,0.1924445978190238,nan
11.23,-93.5217514038086,-690.9619140625,-5.017882823944092,-93.7967329223479,-690.4601297444306,-5.027073241996881,0.5722646251364666,0.04821156996116406,0.35090275439600216,3.6050849453238587e-05,5.660968300355973,17.205098802489232,nan,nan,nan
11.24,-93.51378631591797,-690.9534912109375,-5.017882823944092,-93.78909561996988,-690.4510043987073,-5.026172214872342,0.573024365419853,0.04822409694661563,0.3509378967553194,3.532776675452864e-05,5.258573260435739,18.81262022873172,nan,0.6887699236683544,nan
11.25,-93.50582122802734,-690.9450073242188,-5.017882823944092,-93.76912158873955,-690.4391232241109,-5.026266400259434,0.570364871853961,0.048227089515228506,0.35091950310887526,3.601178547718057e-05,4.607359902959784,15.810605858652949,23.715061550338813,nan,nan
11.26,-93.49785614013672,-690.9365844726562,-5.017882823944092,-93.76139969532105,-690.4299530592934,-5.026870551437056,0.571149169421336,0.04823967213759064,0.35095454904979684,3.529097723847923e-05,4.938698931262807,18.21143511347595,nan,0.18475808378438122,nan
11.27,-93.48988342285156,-690.9281005859375,-5.017882823944092,-93.7536746779636,-690.4208012907607,-5.026965209849393,0.5718574043362838,0.048252323341342516,0.3509896890856474,3.5996305266531405e-05,4.936457350908075,16.062750738314456,nan,nan,nan
11.28,-93.48190307617188,-690.9196166992188,-5.017882823944092,-93.74594587532437,-690.4116627277077,-5.026698819483792,0.5725500491096528,0.04826504324345419,0.3510249200363779,3.5276818972771915e-05,4.843289692214006,15.91549952642958,nan,0.0912077027986138,nan
11.290000000000001,-93.47391510009766,-690.9111938476562,-5.017882823944092,-93.73821119688414,-690.402512718262,-5.026792189633651,0.5733134351952776,0.04827783201257962,0.3510602453729788,3.5982302681965255e-05,4.840681585204981,17.923138971702937,nan,nan,nan
11.3,-93.46592712402344,-690.9027099609375,-5.017882823944092,-93.72618100796959,-690.394064337034,-5.026489582515627,0.5714250004316582,0.04828081592404734,0.35104148076578284,3.524288955727669e-05,4.55351983314182,15.447859504837739,2.3773775531057195,0.126586045257186,nan
11.31,-93.45793151855469,-690.894287109375,-5.017882823944092,-93.71841489734467,-690.3849213616262,-5.026581174926853,0.5721719295066497,0.04829365915433376,0.3510767082315439,3.594767850775292e-05,4.550825879602389,17.4558280827099,nan,nan,nan
11.32,-93.44993591308594,-690.8858032226562,-5.017882823944092,-93.7106437786855,-690.3757732035014,-5.02685022840919,0.5728696413386395,0.04830657124589839,0.3511120264483455,3.523142613384387e-05,4.723551250052919,15.545813262029519,nan,0.021691917073629136,nan
11.33,-93.44193267822266,-690.8773803710938,-5.017882823944092,-93.70286843473514,-690.3666320105845,-5.026945594511964,0.5736144093378766,0.04831955235666382,0.35114743886513655,3.593642171441387e-05,4.721058225768868,17.53328447088836,nan,nan,nan
11.34,-93.43392181396484,-690.868896484375,-5.017882823944092,-93.69509196739516,-690.3575550644034,-5.025172840585529,0.5742238598003431,0.048332602619696304,0.35118294232745334,3.5221230885367595e-05,3.9397640678256716,14.638755779668342,nan,2.4349760989136127,nan
11.35,-93.42591094970703,-690.8604736328125,-5.017882823944092,-93.69344441079183,-690.3169449397811,-5.02533693543798,0.6058491204306184,0.04833557229763915,0.35116381034781596,3.5904449475020626e-05,3.861352108525712,19.44589303974254,18.46147730411851,nan,nan
11.36,-93.41789245605469,-690.8519897460938,-5.017882823944092,-93.68565878513627,-690.3077044305945,-5.026019055306496,0.6066395222194955,0.04834867583537439,0.35119921451812197,3.5191096362313706e-05,4.19053137736052,17.42796976995533,nan,0.25217664126857053,nan
11.370000000000001,-93.40987396240234,-690.8435668945312,-5.017882823944092,-93.6778695542136,-690.2984850061592,-5.026107162697664,0.6074566173887613,0.04836184854287759,0.351234712694272,3.589568741550935e-05,4.188568624650266,19.676780610897634,nan,nan,nan
11.38,-93.40184783935547,-690.8350830078125,-5.017882823944092,-93.67007680973309,-690.289297454169,-5.0252719296881825,0.6081802775489659,0.04837509055965309,0.3512703017661285,3.518324466473763e-05,3.8517078562895826,17.006316896684705,nan,0.5969323120330765,nan
11.39,-93.3938217163086,-690.82666015625,-5.017882823944092,-93.662278563297,-690.2800794795593,-5.0253529308152665,0.6089953344019223,0.04838840203399128,0.35130598512302375,3.58880978579864e-05,3.8496076389044322,19.25053104230659,nan,nan,nan
11.4,-93.38578796386719,-690.8181762695312,-5.017882823944092,-93.65904285249022,-690.2642486701167,-5.024667472438629,0.6176973781754104,0.04839135188185084,0.3512864828176971,3.515536515430974e-05,3.710994076287494,17.572548902503318,2.1034520181502323,0.44929465007028874,nan
11.41,-93.37774658203125,-690.8097534179688,-5.017882823944092,-93.65125395083534,-690.2550120773228,-5.024742960791381,0.6185396489226432,0.048404715425207835,0.35132206544581296,3.585962258297775e-05,3.7093309295994104,19.81847987391599,nan,nan,nan
11.42,-93.36970520019531,-690.8013305664062,-5.017882823944092,-93.64346170937387,-690.2458308375714,-5.0231820827720295,0.6193146673520562,0.0484181484301335,0.3513577388281427,3.514963266934679e-05,3.1910839406828817,19.2724520238583,nan,1.8762028203996932,nan
11.43,-93.36165618896484,-690.7928466796875,-5.017882823944092,-93.63566443963379,-690.2365957155566,-5.0232429626675295,0.620100304481709,0.04843165104192619,0.35139350629006727,3.5854187423361945e-05,3.1895443618984336,16.899093114511412,nan,nan,nan
11.44,-93.35360717773438,-690.784423828125,-5.017882823944092,-93.62786262520677,-690.2273157091611,-5.024676804640152,0.6209924837367248,0.04844522340461429,0.35142936481080334,3.5144895473578665e-05,3.696841392328249,19.68552932084429,nan,1.318139454077161,nan
11.450000000000001,-93.34555053710938,-690.7760009765625,-5.017882823944092,-93.62692733968191,-690.2258002548954,-5.024861467607506,0.6180149194124286,0.04844814784878656,0.3514094957489163,3.582777873636271e-05,4.121366425752102,19.817801868446185,10.349819223016747,nan,nan
11.46,-93.33749389648438,-690.7675170898438,-5.017882823944092,-93.61915932806487,-690.216603737322,-5.024213727918577,0.6187738017073288,0.048461771060949906,0.3514452521550048,3.511997111540852e-05,3.899567866319531,17.311120797006843,nan,0.3710766695263422,nan
11.47,-93.32943725585938,-690.7590942382812,-5.017882823944092,-93.61138759945024,-690.2073838078971,-5.024287307105044,0.6196139222533495,0.0484754640270396,0.35148110242917385,3.5824281600892494e-05,3.8986621241577946,19.53742932158813,nan,nan,nan
11.48,-93.32136535644531,-690.7506103515625,-5.017882823944092,-93.60361144330452,-690.1982266235933,-5.022465124083603,0.6203318740376293,0.04848922689141232,0.351517043631302,3.511705110862059e-05,3.348305643093872,16.669505193065493,nan,2.523289681546097,nan
11.49,-93.31330108642578,-690.7421875,-5.017882823944092,-93.59583208937748,-690.1890079131396,-5.0225220925219265,0.6211706253203827,0.04850305979886113,0.3515530789717097,3.5821693747377194e-05,3.3466526605090285,18.89748804517591,nan,nan,nan
11.5,-93.30522155761719,-690.7337646484375,-5.017882823944092,-93.5759729502982,-690.1861900262601,-5.022523662756583,0.610872998974692,0.04850595327558246,0.35153284043066735,3.509386345194486e-05,2.935224691524959,17.526173365712157,15.029343343269634,0.004487220218954352,nan
11.51,-93.29714965820312,-690.7252807617188,-5.017882823944092,-93.56813085139534,-690.1769971420846,-5.022581071437464,0.6116108306370345,0.0485198357976661,0.35156877223736493,3.579797418087477e-05,2.9339571326411162,15.35244991709848,nan,nan,nan
11.52,-93.2890625,-690.7168579101562,-5.017882823944092,-93.56028349652182,-690.1678651875108,-5.020769653511,0.6123415486939859,0.048533788361306555,0.351604794847234,3.509256932590676e-05,2.550482747825246,17.06258985527996,nan,2.455446164678367,nan
11.53,-93.2809829711914,-690.7084350585938,-5.017882823944092,-93.55243400151377,-690.1586735681736,-5.0208103339892896,0.6131328799918337,0.0485478111130077,0.3516409113758805,3.579703535772485e-05,2.54768770923356,17.083356667617444,nan,nan,nan
11.540000000000001,-93.27289581298828,-690.7000122070312,-5.017882823944092,-93.54457967371093,-690.1495219609267,-5.019626452024722,0.6138849008342846,0.04856190419461196,0.35167711901963233,3.5092037691939524e-05,2.3903807164274684,16.855808500491136,nan,1.054748882808915,nan
11.55,-93.26480102539062,-690.6915283203125,-5.017882823944092,-93.5487971069504,-690.1342521191149,-5.019697001266934,0.6254708866141742,0.04856476115830913,0.35165651445288443,3.577488690008307e-05,2.816223576916876,16.050712456967517,13.911392002929292,nan,nan
11.56,-93.25670623779297,-690.68310546875,-5.017882823944092,-93.54099260488587,-690.1250258956085,-5.020124641239979,0.6263198657375459,0.04857890260424779,0.3516926172088785,3.507109335775733e-05,2.8634525314764043,18.306053337889974,nan,0.10998676017960023,nan
11.57,-93.24861145019531,-690.6746826171875,-5.017882823944092,-93.53318409399841,-690.1158128931411,-5.020161582742901,0.6271540088355243,0.04859311438054037,0.3517288136602296,3.577541473421911e-05,2.861107101386982,18.275309212653752,nan,nan,nan
11.58,-93.24050903320312,-690.666259765625,-5.017882823944092,-93.52537322161308,-690.1065798945632,-5.0208533005900025,0.6280111365586782,0.04860739662584792,0.3517651011092451,3.50719340895345e-05,2.9635704123524427,18.320428861746656,nan,0.30070792108582695,nan
11.59,-93.2323989868164,-690.6577758789062,-5.017882823944092,-93.51755798102835,-690.0973681103582,-5.020898430889605,0.6287937761414815,0.0486217494914162,0.3518014825175552,3.577663003295613e-05,2.9631245527138916,16.039928675225298,nan,nan,nan
11.6,-93.22429656982422,-690.6493530273438,-5.017882823944092,-93.50792819773649,-690.1016876573319,-5.0199110489200764,0.6167563307813795,0.04862456440877993,0.3517805095066036,3.505229249839297e-05,2.912832104920254,17.162162346958443,3.5816159477968674,0.6338076389242476,nan
11.61,-93.21617889404297,-690.6409301757812,-5.017882823944092,-93.500108414106,-690.0925108526561,-5.019946720119116,0.6175629409280228,0.048638964375687856,0.35181678462784227,3.5756494066280395e-05,2.9109051476326484,17.085812050960154,nan,nan,nan
11.620000000000001,-93.20806884765625,-690.6325073242188,-5.017882823944092,-93.49228559359067,-690.0833299893616,-5.020133653511285,0.6183687977446148,0.04865343494704999,0.3518531506332606,3.5054346103278605e-05,2.9321519995511247,17.1050433302714,nan,0.01590194302788432,nan
11.63,-93.199951171875,-690.6240844726562,-5.017882823944092,-93.4844592532587,-690.0741544155578,-5.020172582180487,0.6191713487118954,0.04866797627831758,0.351889610369686,3.575893649397871e-05,2.9303196542098653,17.043441556508803,nan,nan,nan
11.64,-93.19182586669922,-690.6156005859375,-5.017882823944092,-93.47662522258065,-690.0650454087865,-5.018049875514279,0.6198561963104222,0.04868258850189623,0.35192616130694343,3.505696828018812e-05,2.7815409124769004,14.72631429102337,nan,3.2912516913883567,nan
11.65,-93.18370056152344,-690.607177734375,-5.017882823944092,-93.47133686912247,-690.0656302399018,-5.018142176764045,0.6131952392862301,0.04868535587366613,0.3519048231207796,3.573996178766552e-05,3.0215037793890436,16.552816552560394,4.046067558827132,nan,nan
11.66,-93.17557525634766,-690.5987548828125,-5.017882823944092,-93.46351926153358,-690.0565013444473,-5.017376146492002,0.6139632779850617,0.048700013919655345,0.35194126644553086,3.5038980491810056e-05,3.0232070748950712,16.526956923292484,nan,0.4373382061404899,nan
11.67,-93.16744232177734,-690.59033203125,-5.017882823944092,-93.45570054302716,-690.0473491467925,-5.0173910851408925,0.6147547939942791,0.04871474286220001,0.35197780327103023,3.574348108317485e-05,3.0191422657748848,16.492322938581115,nan,nan,nan
11.68,-93.15930938720703,-690.5819091796875,-5.017882823944092,-93.44787900313898,-690.0381958761069,-5.017458997288549,0.6155459035349667,0.04872954282887444,0.35201443118825265,3.5042607979394654e-05,3.0138859696509233,16.45786627388822,nan,0.001911843155484115,nan
11.69,-93.15117645263672,-690.573486328125,-5.017882823944092,-93.44005426872482,-690.0290448322547,-5.017476145944685,0.6163335950930213,0.048744413982343984,0.3520511528664023,3.574750536163052e-05,3.009653846981729,16.425354632693978,nan,nan,nan
11.700000000000001,-93.14303588867188,-690.5650634765625,-5.017882823944092,-93.4312918082879,-690.0027915962229,-5.018289263196077,0.6318554485063667,0.04874712830840893,0.352029447437864,3.502556811676557e-05,2.758524823454759,17.534712215466016,8.427892439855736,0.2624164712538702,nan
11.71,-93.13489532470703,-690.556640625,-5.017882823944092,-93.4234436692856,-689.9936017977395,-5.018318164208279,0.6326713662582069,0.04876204399431602,0.3520660601257779,3.5729989652123424e-05,2.7554182938054415,17.504813325824962,nan,nan,nan
11.72,-93.12674713134766,-690.5481567382812,-5.017882823944092,-93.41559273780486,-689.9844126486735,-5.018348175684577,0.6334346055352328,0.04877703084442803,0.3521027649983037,3.6448739821864714e-05,2.7533036946055174,15.28340908674031,nan,nan,nan
11.73,-93.11859893798828,-690.5397338867188,-5.017882823944092,-93.4077392607242,-689.975224228758,-5.018379260574724,0.6342503658746883,0.048792089003245165,0.3521395621999415,3.718196312618944e-05,2.7504470262185,17.416920128680395,nan,nan,nan
11.74,-93.1104507446289,-690.5313110351562,-5.017882823944092,-93.39988103871804,-689.9660571247524,-5.017692090038734,0.6350448131768139,0.04880721860140533,0.35217645061138636,3.639592591130761e-05,2.7411965556406632,17.38595905188265,nan,0.33722881449203695,nan
11.75,-93.102294921875,-690.5228881835938,-5.017882823944092,-93.39452702772826,-689.9502719751852,-5.01771875546663,0.642875534409364,0.04880987444189973,0.3521543809790912,3.710415106084103e-05,2.769935803502675,18.097913157036498,0.8747235708806692,nan,nan
11.76,-93.0941390991211,-690.5144653320312,-5.017882823944092,-93.3866698271031,-689.9410904019044,-5.016951121830204,0.6436877390322989,0.048825047266939134,0.35219115910778587,3.632218114160846e-05,2.7897342231161524,18.102500445668767,nan,0.41304734433036655,nan
11.77,-93.08598327636719,-690.5060424804688,-5.017882823944092,-93.3788124124563,-689.9318867502117,-5.016970945767657,0.644518841502356,0.04884029154376307,0.35222803061912084,3.705194083430848e-05,2.7848180180224573,18.07921293064865,nan,nan,nan
11.78,-93.07781982421875,-690.4976196289062,-5.017882823944092,-93.37095498588889,-689.9226617659702,-5.017777648909237,0.645371813934495,0.04885560738521631,0.3522649932486968,3.6272957476162376e-05,2.759457099002159,18.002695510141137,nan,0.40537444824321145,nan
11.790000000000001,-93.06965637207031,-690.4891967773438,-5.017882823944092,-93.36309230323062,-689.9134593342145,-5.017807212802429,0.6462029517372665,0.048870994968703944,0.3523020495130733,3.700155808680083e-05,2.755998115163784,17.971390230808854,nan,nan,nan
11.8,-93.06149291992188,-690.4807739257812,-5.017882823944092,-93.35535093048371,-689.9340293074263,-5.017015199512868,0.6207116567647522,0.04887358686210387,0.3522796139140733,3.6202982980021893e-05,3.146631582293215,16.19265355591635,18.40453263324102,0.39838679240442515,nan
11.81,-93.0533218383789,-690.4723510742188,-5.017882823944092,-93.34750524818197,-689.9248983361515,-5.017038079279759,0.6214894147242065,0.048889016356798654,0.35231655853390836,3.692957914080392e-05,3.1421285311648153,16.155599564599942,nan,nan,nan
11.82,-93.04515075683594,-690.4639282226562,-5.017882823944092,-93.33965614193158,-689.9157754289397,-5.016785321348919,0.6222588782986905,0.04890451753830329,0.352353594179329,3.6157292764739324e-05,3.152992106468789,16.14688809208639,nan,0.05058019491698973,nan
11.83,-93.03697967529297,-690.4555053710938,-5.017882823944092,-93.33180532166425,-689.9066456356283,-5.01680746274515,0.6230331671550142,0.0489200905889192,0.35239072321511267,3.688287423154558e-05,3.1478040858516754,16.116955636117137,nan,nan,nan
11.84,-93.02880096435547,-690.4470825195312,-5.017882823944092,-93.32395366651133,-689.8975045169339,-5.017278197827254,0.6238200574697763,0.04893573561417363,0.3524279436013084,3.611331921391887e-05,3.1235988854386605,16.06380760273706,nan,0.13269989057070897,nan
11.85,-93.02062225341797,-690.4386596679688,-5.017882823944092,-93.31808710019763,-689.8709023932084,-5.017401967372114,0.6409632511587113,0.048938258191328333,0.3524051449767011,3.681472659815001e-05,2.9911969820313478,17.411786915292584,5.66064669299715,nan,nan
11.86,-93.01243591308594,-690.4302368164062,-5.017882823944092,-93.31023016131643,-689.8617024978704,-5.018542275459348,0.6418045812461062,0.04895394379741022,0.3524422524472577,3.6048780446087386e-05,2.9941932284320796,17.37830006734237,nan,0.8171850378013821,nan
11.870000000000001,-93.00425720214844,-690.4218139648438,-5.017882823944092,-93.30236667635846,-689.8525321918318,-5.018585797608455,0.6426130171957525,0.0489697013963765,0.3524794530662688,3.677161515890624e-05,2.9923670740039756,17.36579076160715,nan,nan,nan
11.88,-92.9960708618164,-690.4133911132812,-5.017882823944092,-93.29449795899643,-689.8433809325659,-5.017905090557715,0.6434052680436089,0.04898553108919783,0.3525167449406589,3.6008234389970586e-05,2.975982726974106,17.321107687381957,nan,0.35036722364380324,nan
11.89,-92.98788452148438,-690.4049682617188,-5.017882823944092,-93.2866296210653,-689.8342114239218,-5.017943330669589,0.6442142547915426,0.04900143306499725,0.35255413021764287,3.673024451256446e-05,2.9730291706801286,17.2898911370791,nan,nan,nan
11.9,-92.97969055175781,-690.3965454101562,-5.017882823944092,-93.2752019136363,-689.8263233653577,-5.016727703948819,0.6422472107185494,0.049003880911345034,0.3525309671309332,3.594723757125003e-05,2.877971261257299,17.021365811154045,1.0808315556207284,0.9814392173974233,nan
11.91,-92.97149658203125,-690.3881225585938,-5.017882823944092,-93.2673136444857,-689.8171602265054,-5.016755201272409,0.6430450922259203,0.04901982212800834,0.35256823815674676,3.6667579664024496e-05,2.8725247622316723,16.997464617863326,nan,nan,nan
11.92,-92.96330261230469,-690.3796997070312,-5.017882823944092,-93.25942901080951,-689.8079610096555,-5.018254673496134,0.6438758577866006,0.049035835554772866,0.35260560034105426,3.5910020625741254e-05,2.8386221922675707,16.936317176724454,nan,1.4498747295765821,nan
11.93,-92.95510864257812,-690.3712768554688,-5.017882823944092,-93.25153606098812,-689.7987991366916,-5.018298740109201,0.6446705560731978,0.04905192138488455,0.3526430556899161,3.6629660543650096e-05,2.8363410744914246,16.915614250629027,nan,nan,nan
11.94,-92.94690704345703,-690.3628540039062,-5.017882823944092,-93.24363815333847,-689.789653975143,-5.017682147435511,0.6454515201134317,0.04906807971313873,0.35268060251955147,3.58744140031101e-05,2.829831028684614,16.866179762677138,nan,0.2938868335530685,nan
11.950000000000001,-92.93870544433594,-690.3544311523438,-5.017882823944092,-93.22845706892792,-689.7874956693979,-5.017795318493979,0.6366881916872092,0.04907044753486826,0.35265707761030224,3.65705403157782e-05,2.6179964798072217,15.997496210656456,4.077293733013377,nan,nan
11.96,-92.93050384521484,-690.3460693359375,-5.017882823944092,-93.22052752767085,-689.7783698990773,-5.0172397927084385,0.6374925885732703,0.04908664375049527,0.35269450893765186,3.5818456089362466e-05,2.625426269541299,18.24188161520334,nan,0.24021149233921274,nan
11.97,-92.92229461669922,-690.337646484375,-5.017882823944092,-93.21259842789844,-689.7692301056815,-5.017276365443851,0.63825845090824,0.04910291248651278,0.3527320331946324,3.6535953496562944e-05,2.6209241612787384,15.94229750543047,nan,nan,nan
11.98,-92.91409301757812,-690.3292236328125,-5.017882823944092,-93.20467677658026,-689.7600371984072,-5.019570398108352,0.6390735216024831,0.0491192538340956,0.3527696488321921,3.5786021089078406e-05,2.6870616616766285,16.041305504211202,nan,3.4360430951600933,nan
11.99,-92.9058837890625,-690.32080078125,-5.017882823944092,-93.19674325928773,-689.7508980274196,-5.019631327626895,0.6398370398064973,0.04913566799192258,0.3528073576563575,3.6502974711827334e-05,2.688080766936232,15.99041696226002,nan,nan,nan
12.0,-92.89766693115234,-690.3123779296875,-5.017882823944092,-93.18805320663901,-689.7595679950346,-5.021188265091847,0.624446906296436,0.04913795043207424,0.352783469898297,3.573329906840252e-05,3.073431033100978,15.1719589345017,6.646234033610194,1.2347019734698117,nan
12.01,-92.88945770263672,-690.303955078125,-5.017882823944092,-93.18012421677872,-689.7504719147462,-5.021267221397429,0.6251736468641372,0.04915440111450684,0.3528210619111001,3.6448864586530117e-05,3.0785970146587394,15.18196830450825,nan,nan,nan
12.02,-92.88124084472656,-690.2955322265625,-5.017882823944092,-93.17220012861046,-689.7413403166851,-5.022925374635655,0.6259484045584748,0.0491709245190446,0.3528587452019636,3.570391059408202e-05,3.47343987829724,15.527806549363493,nan,1.68876962012776,nan
12.030000000000001,-92.8730239868164,-690.287109375,-5.017882823944092,-93.16426705152092,-689.7322451785752,-5.023022038870308,0.6266763205536388,0.049187520847445015,0.3528965214490919,3.6419034058053556e-05,3.483338176977944,15.51855711039514,nan,nan,nan
12.040000000000001,-92.86480712890625,-690.2787475585938,-5.017882823944092,-93.15634157278933,-689.7231024673165,-5.025263570169767,0.6275255172864087,0.04920419018625587,0.3529343892933715,3.567599046596089e-05,4.28120322425141,18.413862955639182,nan,3.1209762196224426,nan
12.05,-92.85658264160156,-690.2703247070312,-5.017882823944092,-93.1508463916484,-689.7169025739092,-5.025440230640374,0.6268367621772987,0.049206382031545044,0.35291014105042273,3.636811980283385e-05,4.458451586148849,16.397180860195267,1.0074124160523055,nan,nan
12.06,-92.84835815429688,-690.2619018554688,-5.017882823944092,-93.14291440165431,-689.7078403251086,-5.024366351210519,0.6275265718741836,0.04922308651997674,0.35294789085118444,3.56278178587383e-05,4.06494747653159,15.977747177131748,nan,0.974129813843452,nan
12.07,-92.84013366699219,-690.2534790039062,-5.017882823944092,-93.1349861253374,-689.6987522034711,-5.024477641733045,0.6282541579129082,0.049239864042584895,0.35298573338130934,3.634129742511076e-05,4.078865008554287,15.960370415369045,nan,nan,nan
12.08,-92.8319091796875,-690.2450561523438,-5.017882823944092,-93.12705437257497,-689.6896730383398,-5.024191387440096,0.6289681122113068,0.04925671468340097,0.35302366740222,3.560275549439008e-05,3.9969255237141077,15.850097698724683,nan,0.10828013816464852,nan
12.09,-92.82367706298828,-690.2366943359375,-5.017882823944092,-93.11912272255694,-689.6805856610987,-5.024300717937574,0.6297508915057192,0.04927363864797469,0.353061694412819,3.631592199751396e-05,4.009837251643653,17.90994159542748,nan,nan,nan
12.1,-92.8154525756836,-690.228271484375,-5.017882823944092,-93.11951536735815,-689.6783134700431,-5.026724431153205,0.6284792540942186,0.04927573460881356,0.3530370850331291,3.5557467825044774e-05,5.5170487436899665,17.201280766648757,8.10996481933896,3.7660503723132126,nan
12.11,-92.80722045898438,-690.2198486328125,-5.017882823944092,-93.11162016369695,-689.6692387126391,-5.0268584570613895,0.6292146107746956,0.049292692338957486,0.3530749927174674,3.626947428890936e-05,5.537288604494719,17.180131915332833,nan,nan,nan
12.120000000000001,-92.79898071289062,-690.21142578125,-5.017882823944092,-93.10371579775172,-689.6601967413695,-5.02541486002414,0.6298997205272848,0.04930972329227866,0.353112991783663,3.553512348493039e-05,4.910404010022339,16.528032823974957,nan,1.7062228615818502,nan
12.13,-92.7907485961914,-690.2030029296875,-5.017882823944092,-93.09581688231368,-689.651122358649,-5.025535374841075,0.6306325280403846,0.04932682767627821,0.3531510836175828,3.6246899779132e-05,4.92695301139218,16.520577172250192,nan,nan,nan
12.14,-92.78250885009766,-690.1946411132812,-5.017882823944092,-93.08791066369703,-689.642072496872,-5.024455921218699,0.631383836662026,0.04934400557203472,0.35318926714892035,3.551408523193813e-05,4.524813407612122,18.127973369473523,nan,0.9886483229111896,nan
12.15,-92.77427673339844,-690.1862182617188,-5.017882823944092,-93.07187021943339,-689.6659164808386,-5.024553960326046,0.5994333408962884,0.049346000519931994,0.3531642987521189,3.620326765659697e-05,4.602245903034801,13.908348651945785,17.431487787497005,nan,nan
12.16,-92.76603698730469,-690.1777954101562,-5.017882823944092,-93.06193894253884,-689.6695440322276,-5.0254766727649365,0.5881624748466241,0.04849043943041254,0.3189435619720441,3.547258772880278e-05,5.599646715803197,14.877275834242774,nan,0.4531414690482492,0.004660942187339695
12.17,-92.7577896118164,-690.1693725585938,-5.017882823944092,-93.05402352505523,-689.6605536919899,-5.025597412465954,0.5888214374841365,0.04851150231103061,0.3189696574130261,3.6183118988155696e-05,5.614527822470778,14.868362543030214,nan,nan,nan
12.18,-92.74954986572266,-690.1610107421875,-5.017882823944092,-93.0461037224794,-689.6515857826835,-5.0261117951655985,0.5895131001855243,0.048532630560610364,0.3189958381962699,3.545407374159833e-05,5.873660693724766,16.956690142504584,nan,0.10604869639967124,nan
12.19,-92.74130249023438,-690.152587890625,-5.017882823944092,-93.0381852496207,-689.6425958407655,-5.02623833175358,0.5901703806965577,0.048553824480489415,0.3190221137883683,3.6164477652272174e-05,5.889712642638663,15.097366834321315,nan,nan,nan
12.200000000000001,-92.7330551147461,-690.1441650390625,-5.017882823944092,-93.04686128298589,-689.5961789314373,-5.0261681685290505,0.6315312599630023,0.04855423334931864,0.31899511341483716,3.6866013563458085e-05,6.102056770348273,18.111207255830003,29.070995001130665,nan,nan
12.21,-92.72486877441406,-690.1357421875,-5.017882823944092,-93.03901583195827,-689.5870981461666,-5.026292778200495,0.6322731887285409,0.04857543216600173,0.319021340453786,3.760435017318726e-05,6.11498318920958,18.08870514056535,nan,nan,nan
12.22,-92.71678924560547,-690.1273803710938,-5.017882823944092,-93.03125895424007,-689.5779800490276,-5.025722334682763,0.6330824349670094,0.048596696551426906,0.3190476527666511,3.678938093647657e-05,5.896293784795749,19.916187286632734,nan,0.30909196973972336,nan
12.23,-92.70884704589844,-690.1189575195312,-5.017882823944092,-93.02361926693818,-689.568899844038,-5.0258421348641775,0.6338046608677147,0.04861802679098741,0.31907405968075947,3.7525887025841603e-05,5.90582336620402,17.82185094859641,nan,nan,nan
12.24,-92.70104217529297,-690.1105346679688,-5.017882823944092,-93.01611452252337,-689.5598560116373,-5.026649723226931,0.6345032900240362,0.04863942289523604,0.3191005523855658,3.671549360489904e-05,6.303017190544896,18.20862350270744,nan,0.30210088128805845,nan
12.25,-92.69338989257812,-690.1021118164062,-5.017882823944092,-92.9979723876797,-689.5726245543068,-5.02674424448844,0.6109057061625262,0.04863966353980746,0.3190734706044622,3.742640070969582e-05,6.0800948631784175,16.46558983788169,8.98134588981944,nan,nan
12.26,-92.6858901977539,-690.09375,-5.017882823944092,-92.99072691100956,-689.5636750568005,-5.028456275763594,0.611569019032023,0.04866106352426061,0.31909991365960033,3.6621468772039456e-05,7.024739630273864,19.362365290426037,nan,1.61359552563966,nan
12.27,-92.67853546142578,-690.0853271484375,-5.017882823944092,-92.9836393175214,-689.5546436396106,-5.0286017414018565,0.6122321820491723,0.0486825295383981,0.3191264507301868,3.735370473905952e-05,7.039134819668584,17.388808384660614,nan,nan,nan
12.280000000000001,-92.67132568359375,-690.076904296875,-5.017882823944092,-92.97670172264006,-689.5455815819994,-5.028146432569761,0.6129141002036308,0.0487040616172282,0.31915307388477593,3.6553066409508305e-05,6.8365825611624995,17.180051422815595,nan,0.2339965563353918,nan
12.290000000000001,-92.66426086425781,-690.0684814453125,-5.017882823944092,-92.96990474745607,-689.5365493719964,-5.028288001400274,0.6135781789443977,0.04872566000876158,0.3191797911332104,3.728378507660986e-05,6.849989755110322,17.188402809401424,nan,nan,nan
12.3,-92.65733337402344,-690.0601196289062,-5.017882823944092,-92.960908790942,-689.5336123419821,-5.025939038230368,0.607809887654119,0.04872572917352255,0.3191526222373674,3.6464694388134525e-05,5.702657571981855,17.552677365007547,1.0035555338006288,4.252215046325791,nan
12.31,-92.65054321289062,-690.0516967773438,-5.017882823944092,-92.95438643732837,-689.524595685362,-5.0260587753381,0.6084596226425282,0.04874733040429513,0.31917928830508474,3.719307593649656e-05,5.711823198167598,15.647657842156184,nan,nan,nan
12.32,-92.64389038085938,-690.0432739257812,-5.017882823944092,-92.94800127285652,-689.5155710572752,-5.026031046020286,0.6091142303244832,0.04876899789452533,0.31920604071705444,3.640160472700315e-05,5.730190910444643,15.681600633036485,nan,0.014394425041705398,nan
12.33,-92.63736724853516,-690.0348510742188,-5.017882823944092,-92.94174916712133,-689.5065525748819,-5.026151534918699,0.609767191922434,0.048790731872249735,0.3192328866876053,3.712866612330833e-05,5.739721753254166,15.702233308743919,nan,nan,nan
12.34,-92.6309814453125,-690.0264282226562,-5.017882823944092,-92.9356311166765,-689.4975047265682,-5.025669308023598,0.610436005090236,0.04881253240307889,0.31925981947812404,3.6341069898471766e-05,5.5582092230681255,15.550884092238315,nan,0.23840356193280896,nan
12.35,-92.62471771240234,-690.01806640625,-5.017882823944092,-92.9434158034955,-689.4746305357709,-5.0258155745201085,0.6300428137210443,0.04881242698559625,0.3192325689410474,3.704360012297549e-05,6.141196565099055,18.456344118905545,9.42725940633002,nan,nan
12.36,-92.61857604980469,-690.0096435546875,-5.017882823944092,-92.93760202802655,-689.4655010001765,-5.023678186274606,0.6307949592654943,0.04883422931219002,0.3192594494239583,3.626072235995477e-05,5.361606955791233,15.762191541427658,nan,3.3425078166544,nan
12.370000000000001,-92.61255645751953,-690.001220703125,-5.017882823944092,-92.93190119101062,-689.4564731648647,-5.023775184773827,0.6314789459398081,0.04885609829912359,0.3192864229618471,3.69844969186769e-05,5.367152509694147,15.791257952692133,nan,nan,nan
12.38,-92.60665893554688,-689.9927978515625,-5.017882823944092,-92.92631359749336,-689.4475229283314,-5.025647097582218,0.6321108516343652,0.0488780340281712,0.3193134835336766,3.620522675443594e-05,6.086389755619772,16.527489413691995,nan,2.073887143531567,nan
12.39,-92.60088348388672,-689.984375,-5.017882823944092,-92.92085236120529,-689.4384926417101,-5.025763420677025,0.6327951764587719,0.048900036702621115,0.31934063727780887,3.692793993761475e-05,6.09580220025313,16.549857471019852,nan,nan,nan
12.4,-92.59521484375,-689.9759521484375,-5.017882823944092,-92.89656966398148,-689.4612415372538,-5.023654003683,0.596468815159169,0.04889975344940674,0.3193132965437679,3.613000750661993e-05,4.822758970978654,13.56923022689271,19.427458859042982,3.342256255114085,nan
12.41,-92.58966827392578,-689.967529296875,-5.017882823944092,-92.89128420015824,-689.4522674181763,-5.023750480363595,0.5970773819104065,0.04892175685679768,0.3193403964983894,3.685083678133121e-05,4.827243322805072,13.625175371978251,nan,nan,nan
12.42,-92.584228515625,-689.9591064453125,-5.017882823944092,-92.88611662357944,-689.4432260481923,-5.022289011798486,0.5977360858678592,0.048943827190575113,0.3193675836721735,3.607934351109967e-05,4.423383280542181,13.247383868249694,nan,1.6130601808957532,nan
12.43,-92.57889556884766,-689.95068359375,-5.017882823944092,-92.88105251938522,-689.4342487619099,-5.022372166997117,0.598350994397884,0.048965964641132564,0.31939486355871927,3.679927354716772e-05,4.425433574411623,13.285631243318614,nan,nan,nan
12.44,-92.57366180419922,-689.9422607421875,-5.017882823944092,-92.87609467376463,-689.4252814131353,-5.022740552981312,0.598963158125981,0.04898816931004034,0.3194222311042991,3.603099563517996e-05,4.525600744691775,13.415368683116611,nan,0.053790773043781506,nan
12.450000000000001,-92.56854248046875,-689.933837890625,-5.017882823944092,-92.85711822433882,-689.4324064074091,-5.022792046988325,0.578561658582025,0.04898770510816423,0.31939480383726426,3.672722655192637e-05,4.040122103467275,12.621553643215096,8.943821406512942,nan,nan
12.46,-92.56352233886719,-689.9254150390625,-5.017882823944092,-92.85233258395007,-689.4233744091107,-5.021296447639002,0.5791958257912208,0.049009909441860115,0.31942211643946977,3.596297974339491e-05,3.700066881682905,12.308792509821311,nan,1.675426234514076,nan
12.47,-92.55860137939453,-689.9169921875,-5.017882823944092,-92.8476424197968,-689.414403669934,-5.021369782479411,0.5797862536364793,0.049032181061367315,0.31944952132230636,3.6680427481485026e-05,3.699741113754181,12.356292101108062,nan,nan,nan
12.48,-92.55377960205078,-689.9085083007812,-5.017882823944092,-92.84305643944074,-689.405365934505,-5.019766890529698,0.5803764977144847,0.04905452007840726,0.3194770140093662,3.591914962004543e-05,3.4602674865405962,10.523256415761214,nan,1.8838725123977798,nan
12.49,-92.54905700683594,-689.9000854492188,-5.017882823944092,-92.83856213025918,-689.3963910759824,-5.019825484163677,0.5809690284748654,0.04907692666780386,0.3195045991281818,3.663590767122388e-05,3.4565361675762074,12.242012695402632,nan,nan,nan
12.5,-92.54441833496094,-689.8916625976562,-5.017882823944092,-92.83691534583936,-689.3921166281623,-5.019025878293445,0.5788799388333669,0.04907627833039395,0.3194770783798089,3.585568300038786e-05,3.611228509329446,11.769032788691524,3.7309260600418512,0.5633696226704741,nan
12.51,-92.53987884521484,-689.8832397460938,-5.017882823944092,-92.83261975510884,-689.38316567937,-5.019078593583623,0.5794590083864678,0.049098683500502165,0.3195046071169466,3.6570923652490955e-05,3.6063474430687164,11.849907021551033,nan,nan,nan
12.52,-92.53543090820312,-689.874755859375,-5.017882823944092,-92.82841743263772,-689.3741866369874,-5.018422412198997,0.580009431869444,0.049121156242988524,0.3195322237788071,3.58161451623362e-05,3.5688406161540405,10.275545394065166,nan,0.33948544894042404,nan
12.530000000000001,-92.53107452392578,-689.8663330078125,-5.017882823944092,-92.8243027176911,-689.3652314221079,-5.018470087590166,0.580591007244489,0.04914369672484882,0.31955993247822445,3.653082703725735e-05,3.562471410106436,11.943267110234169,nan,nan,nan
12.540000000000001,-92.52679443359375,-689.85791015625,-5.017882823944092,-92.82027301017031,-689.3563142249379,-5.019652509330924,0.5811465262776618,0.0491663050698505,0.31958772951136283,3.577865898181016e-05,3.633481458280502,12.037921293127898,nan,0.8677071531530758,nan
12.55,-92.5226058959961,-689.8494262695312,-5.017882823944092,-92.8165895559074,-689.3388233700947,-5.019843596629265,0.5891905955099582,0.0491654694938281,0.3195601174902554,3.647027777487393e-05,3.526640866800012,11.241023521639605,4.019994507268986,nan,nan
12.56,-92.51850128173828,-689.8410034179688,-5.017882823944092,-92.81273279407228,-689.3298184280167,-5.019592758379598,0.5898179385865066,0.0491880753282966,0.31958785696591235,3.5721519182083344e-05,3.4957189313756585,12.98859016052647,nan,0.06733137069106437,nan
12.57,-92.51448059082031,-689.83251953125,-5.017882823944092,-92.80895815141506,-689.3208222106979,-5.01965520682743,0.5903848938574993,0.04921074906650813,0.31961568810835383,3.643436429257193e-05,3.4936404355936634,11.331910877142176,nan,nan,nan
12.58,-92.51053619384766,-689.8240966796875,-5.017882823944092,-92.80525973368319,-689.3118996782005,-5.02199040464547,0.5909522869781596,0.04923349083814092,0.3196436076708378,3.568799429304459e-05,3.8730097640442627,13.478819198610475,nan,3.5022861394892644,nan
12.59,-92.50667572021484,-689.8156127929688,-5.017882823944092,-92.80164539684017,-689.3028991770556,-5.022077422666062,0.5915234202714734,0.04925630080110749,0.3196716190801872,3.640044669126419e-05,3.8771385735773602,11.836880140049102,nan,nan,nan
12.6,-92.50288391113281,-689.8071899414062,-5.017882823944092,-92.79317831572338,-689.2964611073443,-5.0212352855750515,0.5874742737157842,0.049255274858239606,0.3196439101240092,3.563480695986299e-05,3.5059499702567183,13.44456846215601,1.5401557700096178,0.5823607593768423,nan
12.61,-92.49917602539062,-689.7987060546875,-5.017882823944092,-92.7897022269197,-689.287449785363,-5.0213150803870805,0.5880478102014931,0.04927808120608083,0.3196718625760029,3.634603243279767e-05,3.5081038626373626,11.77340874384066,nan,nan,nan
12.620000000000001,-92.49553680419922,-689.7902221679688,-5.017882823944092,-92.7863025550594,-689.2784062475997,-5.020440099501879,0.5886482802784341,0.049300955753602105,0.3196999035134425,3.560501347412105e-05,3.3613733007898845,11.649177010072577,nan,0.6226032827386412,nan
12.63,-92.49197387695312,-689.78173828125,-5.017882823944092,-92.78297451707981,-689.2693903768019,-5.020512114934552,0.5892271725893431,0.04932389865440079,0.31972803595919386,3.631594989156361e-05,3.3616265153065505,11.729134947757652,nan,nan,nan
12.64,-92.48847198486328,-689.7733154296875,-5.017882823944092,-92.77971949215161,-689.2603488699415,-5.019816547050069,0.5898843456173285,0.04934691004481516,0.319756257273163,3.557699878176658e-05,3.269540070864445,13.437284838955593,nan,0.40345477060930857,nan
12.65,-92.48505401611328,-689.7648315429688,-5.017882823944092,-92.78285150988063,-689.2584235277028,-5.01993708934376,0.5874833148490616,0.049345690657533206,0.31972845243948494,3.626534754430378e-05,3.7052301000084324,11.134003185857306,11.512209052997122,nan,nan
12.66,-92.48169708251953,-689.75634765625,-5.017882823944092,-92.77975886966101,-689.2493983503676,-5.018298520102197,0.5880804370933217,0.04936869731997483,0.3197566136030177,3.5529254857550873e-05,3.587762423677383,11.04861111261395,nan,1.9959223332481,nan
12.67,-92.47840118408203,-689.7478637695312,-5.017882823944092,-92.77673137313799,-689.2404210366125,-5.0183512024178265,0.5886418675838777,0.04939177249476895,0.3197848659560548,3.6238861576711e-05,3.583302024283563,11.087011868007886,nan,nan,nan
12.68,-92.47518157958984,-689.7393798828125,-5.017882823944092,-92.77377106606241,-689.231420411832,-5.017656343029699,0.589218598556036,0.049414916321281296,0.3198132072139432,3.5504641189637766e-05,3.5725075779283504,11.167548285281606,nan,0.38430258148341134,nan
12.69,-92.4720230102539,-689.7308959960938,-5.017882823944092,-92.77087473306078,-689.2224388841637,-5.017703701493283,0.5897804837240227,0.049438128948446444,0.3198416398658727,3.621408731180108e-05,3.5659446595373305,11.213092114249493,nan,nan,nan
12.700000000000001,-92.46892547607422,-689.722412109375,-5.017882823944092,-92.75794075710357,-689.2199253780082,-5.016962544877556,0.5796754219231389,0.04943671304290471,0.31981373450507067,3.546026293473686e-05,3.1921949559721132,11.135334676825586,6.929593710897237,0.6555291022583838,nan
12.71,-92.46588897705078,-689.7139282226562,-5.017882823944092,-92.75513970638166,-689.2109321295129,-5.017005566461988,0.5802342834722832,0.0494599198178315,0.31984210564036675,3.616870725818391e-05,3.183436182973918,11.180744622321841,nan,nan,nan
12.72,-92.4629135131836,-689.7054443359375,-5.017882823944092,-92.75239947495548,-689.2019459751104,-5.017410158177662,0.5807864881619149,0.04948319540280596,0.3198705656996848,3.5438826122106137e-05,3.162302807694449,11.245504673229915,nan,0.08953567923687401,nan
12.73,-92.45999908447266,-689.6969604492188,-5.017882823944092,-92.74971955906123,-689.1929476528877,-5.017458721215816,0.5813493202235542,0.049506539944781616,0.3198991168612062,3.614719021098891e-05,3.154750351214812,11.32001612299406,nan,nan,nan
12.74,-92.45714569091797,-689.6884765625,-5.017882823944092,-92.74709667522232,-689.1840076224184,-5.019886301435822,0.5818629552808186,0.04952995358619579,0.3199277573075728,3.541889999538552e-05,3.256763230715305,11.506158820034551,nan,3.897275491192199,nan
12.75,-92.454345703125,-689.6799926757812,-5.017882823944092,-92.75180460445868,-689.1746172397739,-5.019889441587987,0.5864214830790895,0.049528338122336424,0.31989975158422623,3.610502237643336e-05,3.602385396368838,11.430030823469938,5.143809741204092,nan,nan
12.76,-92.45159912109375,-689.6715087890625,-5.017882823944092,-92.74932125738516,-689.1656146550351,-5.019226591213236,0.5870001286130064,0.049551744778470616,0.31992832930786724,3.537911124936546e-05,3.5361290720726513,11.41667659452886,nan,0.37471777017928265,nan
12.77,-92.44890594482422,-689.6629638671875,-5.017882823944092,-92.74689278628206,-689.156627931833,-5.019294026809555,0.5875153007427797,0.04957522054493183,0.3199569978582663,3.6086534570786433e-05,3.5355317458037203,9.948416796404368,nan,nan,nan
12.780000000000001,-92.44627380371094,-689.6544799804688,-5.017882823944092,-92.74451901367789,-689.1476190758779,-5.018520522091866,0.5880974311539352,0.04959876556532062,0.3199857556888373,3.536204543769368e-05,3.485794321059341,11.511195322870291,nan,0.4902275752112879,nan
12.790000000000001,-92.44368743896484,-689.64599609375,-5.017882823944092,-92.7421980186361,-689.1386280377469,-5.018581817867651,0.588669176210653,0.04962237998479362,0.32001460457104025,3.606948513615962e-05,3.4821416715996687,11.544247468650466,nan,nan,nan
12.8,-92.441162109375,-689.637451171875,-5.017882823944092,-92.74305930815981,-689.1428804075842,-5.019357443283404,0.5794344950272263,0.04962056194167496,0.31998649461924106,3.53250660369719e-05,3.907336306541966,9.344412202919282,12.740927876680995,0.4513429652600314,nan
12.81,-92.43867492675781,-689.6289672851562,-5.017882823944092,-92.74085482797325,-689.13394300909,-5.019426750873314,0.57996905978152,0.049644168232853274,0.32001527944188696,3.603167402442205e-05,3.906671519224783,10.758337527023,nan,nan,nan
12.82,-92.43624877929688,-689.6204223632812,-5.017882823944092,-92.73870071126255,-689.1249831804054,-5.018580985969095,0.5804632998809727,0.049667843928868464,0.3200441535256898,3.5310649478451874e-05,3.849475454954134,9.382652979254779,nan,0.5818339216047484,nan
12.83,-92.4338607788086,-689.6119384765625,-5.017882823944092,-92.73659543514383,-689.1160412757371,-5.018643170835999,0.5810016213921431,0.04969158917435528,0.32007311840789365,3.601733470866086e-05,3.84639900359691,10.818429919321076,nan,nan,nan
12.84,-92.43152618408203,-689.6033935546875,-5.017882823944092,-92.73453816591652,-689.1071041168909,-5.019043928242406,0.5814815692409325,0.049715404113734575,0.32010217289400894,3.529748991302855e-05,3.863921975858877,9.511734967780395,nan,0.07900788488925953,nan
12.85,-92.42923736572266,-689.5949096679688,-5.017882823944092,-92.72546677406496,-689.1078318354591,-5.019030636357099,0.5700859538371613,0.04971338049799269,0.32007395820099177,3.598217691478541e-05,3.6589084214155303,10.448289682537947,2.338004994826086,nan,nan
12.86,-92.42699432373047,-689.5863647460938,-5.017882823944092,-92.72348297853131,-689.0988629592688,-5.017408440033213,0.5705819306841385,0.04973718615718217,0.32010294741229756,3.526430188859159e-05,3.6238259017593437,9.072218380079994,nan,1.9843482043762426,nan
12.870000000000001,-92.42479705810547,-689.577880859375,-5.017882823944092,-92.72154451011878,-689.0899260829957,-5.0174597574755575,0.5711033996160383,0.04976106151310764,0.32013202718215233,3.597033656574279e-05,3.6165379145075005,10.532365450240615,nan,nan,nan
12.88,-92.42263793945312,-689.5693359375,-5.017882823944092,-92.71965035426993,-689.080970387216,-5.016655817146366,0.5715932039529522,0.04978500671023549,0.3201611965174815,3.5253498275575195e-05,3.6496576679396435,9.192192442427807,nan,0.5101054734581475,nan
12.89,-92.4205322265625,-689.560791015625,-5.017882823944092,-92.71779984755197,-689.07202924294,-5.016700539054097,0.5720642505213349,0.04980902189312818,0.32019045665285795,3.59596804117817e-05,3.640685688327913,9.274176664076025,nan,nan,nan
12.9,-92.41845703125,-689.5523071289062,-5.017882823944092,-92.71029582668997,-689.0555788407315,-5.017536768616455,0.5761154350919038,0.049806789737234035,0.3201621339476714,3.5222608034081535e-05,3.218349520312784,11.359790158601164,9.452946193083442,0.3322645820731768,nan
12.91,-92.41642761230469,-689.5437622070312,-5.017882823944092,-92.70850963856208,-689.0465902632858,-5.017592415277539,0.5766211373574955,0.049830794479160084,0.3201913274969137,3.59280831538057e-05,3.212233165370975,9.882726531129363,nan,nan,nan
12.92,-92.41444396972656,-689.5352172851562,-5.017882823944092,-92.7067648686253,-689.0376350618559,-5.0196333654478344,0.5770984675712167,0.04985486920616865,0.32022061056162854,3.521396746858284e-05,3.2915934405520866,10.05898535635647,nan,2.745500489755782,nan
12.93,-92.41249084472656,-689.5266723632812,-5.017882823944092,-92.70505933236423,-689.0286421544946,-5.019710944462424,0.5776103797953167,0.04987901406312825,0.32024998420450956,3.5919634950267934e-05,3.2927194630420895,10.065439229213546,nan,nan,nan
12.94,-92.41058349609375,-689.5181274414062,-5.017882823944092,-92.70339284514448,-689.0196409900079,-5.019420276503976,0.5781249180580056,0.0499032291940413,0.3202794476910132,3.520635130020463e-05,3.261609953745724,10.109150850944841,nan,0.09510765121228165,nan
12.950000000000001,-92.4087142944336,-689.5095825195312,-5.017882823944092,-92.6933793614204,-689.0319120766865,-5.01939150756767,0.556062522074999,0.04990078555836984,0.32025101596091965,3.5890184663657294e-05,3.177552675367287,8.986152289144528,8.806389218235962,nan,nan
12.96,-92.40687561035156,-689.5010986328125,-5.017882823944092,-92.6917675190162,-689.0229441794578,-5.0181664237520875,0.5565924553157053,0.04992498907885137,0.320280411640303,3.517852773517438e-05,3.1104725002998777,10.37907398531843,nan,1.180564550217084,nan
12.97,-92.40508270263672,-689.4925537109375,-5.017882823944092,-92.69019323260527,-689.0139954706572,-5.018229052645421,0.5570512754796202,0.049949262870289404,0.32030989768668483,3.58837541712603e-05,3.106025590292551,9.024857406681814,nan,nan,nan
12.98,-92.4033203125,-689.4840087890625,-5.017882823944092,-92.68865507366904,-689.0050433829614,-5.018215542909958,0.5575158265689907,0.04997360707614328,0.32033947351117126,3.5172810697234795e-05,3.100574282831542,9.04932221441832,nan,0.004162045498700084,nan
12.99,-92.40159606933594,-689.4754028320312,-5.017882823944092,-92.68715273982389,-688.9960903462112,-5.018279485192737,0.5579276193766666,0.0499980218421229,0.3203691399574858,3.587827832892287e-05,3.0972867403225877,7.826346789650469,nan,nan,nan
13.0,-92.39990234375,-689.4668579101562,-5.017882823944092,-92.6985856086056,-688.966986156575,-5.01649022248246,0.5823104001063643,0.04999536381443429,0.3203405963737367,3.51468271530698e-05,3.4584646934305394,10.283608925113267,7.62736516079635,2.2913754419149344,nan
13.01,-92.39823913574219,-689.4583129882812,-5.017882823944092,-92.69718761899681,-688.957993213076,-5.016537020022313,0.5828309225580894,0.05001976579247652,0.3203701937237128,3.585167585892327e-05,3.449136879579624,10.314834094784569,nan,nan,nan
13.02,-92.39661407470703,-689.4497680664062,-5.017882823944092,-92.69582205433284,-688.9489816850971,-5.015422324496439,0.5833682103388715,0.05004423832208351,0.32039988077714093,3.514283755949274e-05,3.5659757495886364,10.518207201356809,nan,0.9462923137140968,nan
13.030000000000001,-92.39502716064453,-689.4412231445312,-5.017882823944092,-92.69449020490292,-688.9399846724131,-5.015459659300745,0.5838869689715352,0.05006878154966073,0.3204296582554756,3.584795960144337e-05,3.5523185811643447,10.59705623099883,nan,nan,nan
13.040000000000001,-92.39346313476562,-689.4326782226562,-5.017882823944092,-92.69319165806887,-688.9310025844784,-5.016747493858541,0.5843944922713659,0.05009339561759284,0.3204595257538478,3.5139665014257905e-05,3.4204430671773887,10.485160985637172,nan,1.093432260046047,nan
13.05,-92.39192962646484,-689.4241333007812,-5.017882823944092,-92.70045988054189,-688.9110685662739,-5.016771482940375,0.5986882114713433,0.05009052031745025,0.3204308689470821,3.582305710650493e-05,3.667397932057106,11.205572368112419,2.7921969317167425,nan,nan
13.06,-92.39043426513672,-689.41552734375,-5.017882823944092,-92.6992457151115,-688.9020468897667,-5.016556218791639,0.5991898264654443,0.050115120411646,0.3204606661253974,3.511610725754314e-05,3.679130512355109,9.840431310740103,nan,0.05019574748968352,nan
13.07,-92.38896179199219,-689.406982421875,-5.017882823944092,-92.6980620845516,-688.8930268623158,-5.016606818804308,0.5997457263301462,0.050139791338451596,0.32049055354009354,3.5820933320484434e-05,3.6699812155165836,11.318144682930695,nan,nan,nan
13.08,-92.38752746582031,-689.3984375,-5.017882823944092,-92.69690887462434,-688.8840137565696,-5.017367932678026,0.6002906871104176,0.05016453323947899,0.32052053088804816,3.511443101544451e-05,3.6271658915875626,11.354391360796175,nan,0.35319916431283194,nan
13.09,-92.3861083984375,-689.3898315429688,-5.017882823944092,-92.69578404615056,-688.8749902512253,-5.017427503647938,0.600800108011915,0.05018934626233698,0.32055059873767555,3.581956235341815e-05,3.622053590594243,9.906625422581884,nan,nan,nan
13.1,-92.38472747802734,-689.3812866210938,-5.017882823944092,-92.69592684553038,-688.8639849364696,-5.018084362846456,0.6036937301870965,0.05018625083554035,0.32052182620029,3.5092313934466885e-05,3.651495644412133,11.637068397448603,0.17108378335613572,0.21113000551770014,nan
13.11,-92.38336944580078,-689.3726806640625,-5.017882823944092,-92.6948617807577,-688.8549542515418,-5.01815253557813,0.604208726933684,0.050211048691491886,0.3205518224598042,3.579688564430907e-05,3.6488188591418265,10.173447197361854,nan,nan,nan
13.120000000000001,-92.38204193115234,-689.3641357421875,-5.017882823944092,-92.69382487730323,-688.8459296453448,-5.0189439660502115,0.6047704443324542,0.05023591765230909,0.3205819085587502,3.5091984928211465e-05,3.6742401400539233,11.75828502993322,nan,0.3663538437838424,nan
13.13,-92.38074493408203,-689.3555908203125,-5.017882823944092,-92.69281387838669,-688.8368951984054,-5.019021418085322,0.6053374848641442,0.05026085786639703,0.3206120849818794,3.579688411568396e-05,3.6735362189312277,11.822198208755195,nan,nan,nan
13.14,-92.37946319580078,-689.3469848632812,-5.017882823944092,-92.59956756489976,-688.9788912686965,-5.019254796955413,0.42888309593721774,0.040841779845133784,0.29533499848660516,3.509203212778673e-05,2.8500037444831468,9.501476101397897,nan,0.020393267636867222,0.9013291895697612
13.15,-92.37821197509766,-689.3384399414062,-5.017882823944092,-92.60015514189077,-688.9635797421632,-5.019261389253756,0.43563842657068447,0.040844542983816234,0.2953162284344025,3.577525680543848e-05,2.832394493093723,11.45898211766228,0.9779136951608798,nan,nan
13.16,-92.37699127197266,-689.329833984375,-5.017882823944092,-92.59922511989859,-688.9543784053485,-5.017743578787387,0.43629668160014745,0.040855973820157224,0.29535144038411404,3.507179889226504e-05,2.7755603761124368,9.895373838479507,nan,1.795053861185729,nan
13.17,-92.37578582763672,-689.3212280273438,-5.017882823944092,-92.59825180189179,-688.9453054002663,-5.0178087192414935,0.4368168228692345,0.04086746886902337,0.29538675128151476,3.57764923768792e-05,2.771356876400406,9.925225685747561,nan,nan,nan
13.18,-92.3746109008789,-689.3126831054688,-5.017882823944092,-92.59731528289457,-688.9362065929953,-5.0175710827218545,0.43741502419984074,0.040879023241680114,0.2954221428968904,3.5073267284623756e-05,2.768852722038128,11.555270449419702,nan,0.06489878822109492,nan
13.19,-92.37345886230469,-689.3040771484375,-5.017882823944092,-92.59638995763859,-688.9271302327958,-5.017635124662266,0.4379352826999878,0.04089064200587573,0.295457633266546,3.577830750010246e-05,2.7636714784399414,10.013082092419182,nan,nan,nan
13.200000000000001,-92.37232208251953,-689.2954711914062,-5.017882823944092,-92.60000076275828,-688.9028250099099,-5.0190205631884295,0.45388313444051165,0.04089341740371654,0.29543849737537115,3.5054134249389756e-05,2.7939359900022707,11.05525522552836,4.506517067277041,1.2160396456201068,nan
13.21,-92.3712158203125,-689.2869262695312,-5.017882823944092,-92.59913148344283,-688.893705627685,-5.019099485543615,0.454499178150597,0.040905089495025485,0.29547389199716695,3.575865239828735e-05,2.7934350326830226,12.809467002510326,nan,nan,nan
13.22,-92.37013244628906,-689.2783203125,-5.017882823944092,-92.59820648649365,-688.8847322722814,-5.021141429351606,0.4549065087768404,0.04091682135976504,0.29550936812170475,3.505662572436499e-05,3.050861960102853,11.397581076721814,nan,2.709516101470295,nan
13.23,-92.36906433105469,-689.2697143554688,-5.017882823944092,-92.59738134387231,-688.8756097564815,-5.0212417666341835,0.45547598814962337,0.040928617633336155,0.29554494195257913,3.576150527314563e-05,3.0597007052150937,11.431490129221993,nan,nan,nan
13.24,-92.36802673339844,-689.2611083984375,-5.017882823944092,-92.59660274912642,-688.8664381716587,-5.020696079156813,0.4560915448422356,0.04094047407062417,0.2955805980063265,3.505960143286546e-05,2.965712412891894,11.396089686999135,nan,0.29460661414937556,nan
13.25,-92.36700439453125,-689.2525634765625,-5.017882823944092,-92.59608658488703,-688.8645880095651,-5.020668698875533,0.4505678351027867,0.040943261890358705,0.2955611133437157,3.574284095747263e-05,3.082467433332152,12.840856549911992,2.198727872111752,nan,nan
13.26,-92.36599731445312,-689.2439575195312,-5.017882823944092,-92.59538958287155,-688.8553696034844,-5.019255335562552,0.4512463463518814,0.040955170955424815,0.29559667266941897,3.504187534408998e-05,2.915565331544054,11.012552315157329,nan,1.6012180105542093,nan
13.27,-92.3650131225586,-689.2353515625,-5.017882823944092,-92.59465568879494,-688.8462569000598,-5.019335727567505,0.45181022066354615,0.04096714445527663,0.29563232872208284,3.5746611498073355e-05,2.917180265777707,11.068368567776995,nan,nan,nan
13.280000000000001,-92.36405181884766,-689.2267456054688,-5.017882823944092,-92.59396766068443,-688.8370940541828,-5.018714915888699,0.4524271412327895,0.040979178546233584,0.29566806768095005,3.504571010316786e-05,2.8740275587607833,11.068268567826841,nan,0.34736040042887734,nan
13.290000000000001,-92.36311340332031,-689.2181396484375,-5.017882823944092,-92.59327314995225,-688.8279782395352,-5.018790426933837,0.45299035056992293,0.040991277265792166,0.29570390325762513,3.575081693184536e-05,2.8732647235209927,11.116312975136557,nan,nan,nan
13.3,-92.3621826171875,-689.2095336914062,-5.017882823944092,-92.59711174142245,-688.8309592650202,-5.019070730592014,0.44554651928789185,0.040994068726708896,0.295684055095088,3.502880179950911e-05,3.3321987119102943,11.225772903539612,10.382917821556314,0.0283377765954031,nan
13.31,-92.36128234863281,-689.200927734375,-5.017882823944092,-92.59648833907205,-688.821863014752,-5.019150219621687,0.4461093205629787,0.041006219147791095,0.2957197921414917,3.573340748150433e-05,3.333480695550408,11.250468684248325,nan,nan,nan
13.32,-92.36038970947266,-689.1923217773438,-5.017882823944092,-92.59594900222216,-688.8126434316996,-5.017359957398652,0.4468155099603736,0.04101843057117048,0.295755612712574,3.503339090916833e-05,3.293504543849872,11.23335828021401,nan,2.4658249118858953,nan
13.33,-92.3595199584961,-689.1837158203125,-5.017882823944092,-92.59536160335024,-688.8035442981289,-5.017422386981567,0.44738336997375183,0.04103070666372332,0.2957915290200842,3.5738376466404724e-05,3.2884918546842523,11.26978540081737,nan,nan,nan
13.34,-92.3586654663086,-689.1751098632812,-5.017882823944092,-92.59481512145732,-688.7944004875994,-5.016805576051726,0.44800384911507324,0.04104304413402143,0.29582752949233304,3.503833832614613e-05,3.3126322944605335,11.338451871588092,nan,0.3259459684687251,nan
13.35,-92.35783386230469,-689.16650390625,-5.017882823944092,-92.58406319951487,-688.7982499123556,-5.016688863574168,0.4321945656473732,0.041045838332131185,0.2958073308233307,3.572169232130358e-05,2.987766460571796,10.048960159206167,12.227571999594849,nan,nan
13.36,-92.35700988769531,-689.1578979492188,-5.017882823944092,-92.58348560651127,-688.7891884352712,-5.016789271883167,0.43271139659682684,0.04105822674525857,0.29584323172769456,3.502245491167229e-05,2.9783892370091776,10.065529508812459,nan,0.0014496364798363263,nan
13.370000000000001,-92.35620880126953,-689.1492919921875,-5.017882823944092,-92.5829260803021,-688.7801226147825,-5.016845808327257,0.4332295341120199,0.041070679876611706,0.29587922754937196,3.5727326566903516e-05,2.970374935460318,10.119227317562313,nan,nan,nan
13.38,-92.35542297363281,-689.1406860351562,-5.017882823944092,-92.58239475677675,-688.7710334445513,-5.016534565902482,0.4337753403366888,0.041083194775013945,0.2959153080623168,3.502802387865561e-05,2.988229444176668,10.17220062972646,nan,0.09586180588882134,nan
13.39,-92.35465240478516,-689.132080078125,-5.017882823944092,-92.58186721231803,-688.7619648375892,-5.016589354733678,0.43429659577492724,0.04109577460014168,0.29595148346027983,3.573327779550559e-05,2.979223297661133,10.206840998925506,nan,nan,nan
13.4,-92.35389709472656,-689.1234741210938,-5.017882823944092,-92.58621646490342,-688.7668135064049,-5.016601377450616,0.42565329310920746,0.04109856361665947,0.29593092339839727,3.50127294445626e-05,3.478245998175363,10.28318028483927,12.096121920319558,0.0010053003153539153,nan
13.41,-92.35315704345703,-689.1148071289062,-5.017882823944092,-92.58575520524512,-688.7577688112627,-5.016657553184152,0.4261217741694792,0.04111119343141243,0.2959669975287188,3.5717491562891395e-05,3.4713316188072683,9.026388256941656,nan,nan,nan
13.42,-92.35243225097656,-689.106201171875,-5.017882823944092,-92.58525600662564,-688.7488180880125,-5.01842259826112,0.42653236826988516,0.041123885386858516,0.2960031568190041,3.501883524959839e-05,3.4344279281351113,10.323495497745597,nan,2.0574329748311,nan
13.43,-92.35171508789062,-689.0975952148438,-5.017882823944092,-92.58482405967102,-688.7397706064991,-5.018497707860548,0.42705810043104436,0.04113664233206878,0.2960394102629218,3.5723985022670184e-05,3.433855509770122,10.362911474399784,nan,nan,nan
13.44,-92.35102081298828,-689.0889892578125,-5.017882823944092,-92.58440951028818,-688.7307163391607,-5.018472663330309,0.42758638446179503,0.04114946177909567,0.2960757494351931,3.5025198031633495e-05,3.4298567763217878,10.38923725888305,nan,0.007220415719002101,nan
13.450000000000001,-92.35033416748047,-689.080322265625,-5.017882823944092,-92.58281177818446,-688.7105747466732,-5.018591233543227,0.4367603108042668,0.04115224380646784,0.29605483768616064,3.570871180707745e-05,3.1836155362323866,9.325710270524993,3.959679022632399,nan,nan
13.46,-92.34967041015625,-689.0717163085938,-5.017882823944092,-92.58243670423256,-688.7014465029879,-5.017652021235926,0.43735561031191855,0.041165112427401354,0.29609107450451705,3.501062268513363e-05,3.1671626915354576,10.757416651253546,nan,0.7306001280103067,nan
13.47,-92.34901428222656,-689.0631103515625,-5.017882823944092,-92.58204529415215,-688.6923702225134,-5.017721288493,0.43789464703292036,0.0411780461089545,0.29612740479998967,3.57156689201775e-05,3.1627386870498486,10.781984106625362,nan,nan,nan
13.48,-92.3483657836914,-689.0545043945312,-5.017882823944092,-92.58165745365463,-688.6833097429924,-5.018128985282541,0.43841821723178653,0.041191042645156335,0.29616382121162566,3.5017417801475376e-05,3.1603775573987694,10.801618427690892,nan,0.08030714196812026,nan
13.49,-92.34774017333984,-689.0458374023438,-5.017882823944092,-92.5812922028515,-688.6742310505173,-5.018203593452414,0.4389053817166871,0.041204104464424324,0.29620033113606586,3.572284940750732e-05,3.1586175085299106,9.431621926051488,nan,nan,nan
13.5,-92.34712219238281,-689.0372314453125,-5.017882823944092,-92.5896112490931,-688.6439481896639,-5.018669112480946,0.46203168727640065,0.04120687230893253,0.29617905990500626,3.500325086242034e-05,3.2912328975301737,12.420328402106643,10.588956601575248,0.18061768406115317,nan
13.51,-92.34651184082031,-689.028564453125,-5.017882823944092,-92.5892961759219,-688.6348112369426,-5.018748805307225,0.46258683352256036,0.041219982322647085,0.29621546586855163,3.5708192222352664e-05,3.2925118640595428,10.902580067476576,nan,nan,nan
13.52,-92.3459243774414,-689.0199584960938,-5.017882823944092,-92.58902207307958,-688.6256222270563,-5.017752137304315,0.4632468022361036,0.04123315552911436,0.29625195828594575,3.501041139426704e-05,3.2683458597261685,12.485246777695993,nan,0.8194854704569331,nan
13.530000000000001,-92.3453369140625,-689.0113525390625,-5.017882823944092,-92.5887310841585,-688.616482855793,-5.017823526010878,0.4638564350295133,0.04124639410224601,0.2962885436159312,3.5715741026081384e-05,3.2649219197499346,12.514967686404411,nan,nan,nan
13.540000000000001,-92.34477233886719,-689.002685546875,-5.017882823944092,-92.588458501663,-688.6073304810492,-5.017633413913881,0.464422906646131,0.0412596962159469,0.29632521590583855,3.5017749557622636e-05,3.263932853416561,10.959502377006235,nan,0.04861202278777389,nan
13.55,-92.34420776367188,-688.9940795898438,-5.017882823944092,-92.5822984607296,-688.6066018935026,-5.017656625452568,0.45478148198125945,0.04126244732238742,0.29630359230877323,3.570143165151498e-05,3.092605733230235,11.764163847552002,3.4266622413569574,nan,nan
13.56,-92.34355926513672,-688.9854125976562,-5.017882823944092,-92.58196722445345,-688.5974859961386,-5.01778245564229,0.45533000483646424,0.04127579676060092,0.29634015951228554,3.5004063506706904e-05,3.091231913585424,10.27800052511191,nan,0.0021358188859440337,nan
13.57,-92.34281921386719,-688.976806640625,-5.017882823944092,-92.58154533437512,-688.5883665479504,-5.017854878833371,0.45593405991520364,0.0412892116559001,0.2963768190752084,3.570928746276887e-05,3.0897298884537223,11.850151137575622,nan,nan,nan
13.58,-92.34197998046875,-688.9681396484375,-5.017882823944092,-92.58101950845582,-688.5792682012531,-5.018454921556533,0.4564660180903767,0.04130269041062282,0.2964135658665174,3.501168740521025e-05,3.0991518975718377,10.352081057284536,nan,0.19561131726479455,nan
13.59,-92.34105682373047,-688.9595336914062,-5.017882823944092,-92.58041636668109,-688.570146586628,-5.018534813093714,0.45707300648692156,0.04131623485765763,0.2964504051113919,3.571729440998431e-05,3.1005061481868874,11.91692222217839,nan,nan,nan
13.6,-92.34004974365234,-688.9508666992188,-5.017882823944092,-92.57605353894246,-688.5591792945539,-5.018354201979509,0.4572931626010336,0.041318962629571986,0.2964284237868879,3.4998271250836184e-05,2.889122388696961,10.263233767584397,2.2912604437601156,0.0790950856762128,nan
13.61,-92.33895111083984,-688.9422607421875,-5.017882823944092,-92.5752543444069,-688.550054561208,-5.018434379382416,0.4578921388342521,0.04133255339567785,0.2964651564208386,3.570338469752657e-05,2.8895789994779717,11.847411541181636,nan,nan,nan
13.620000000000001,-92.33776092529297,-688.93359375,-5.017882823944092,-92.57434818854033,-688.5409626553939,-5.019380798298872,0.4584047921975313,0.041346208326518086,0.29650197650934224,3.500612932272903e-05,2.944525906713366,10.35992242825791,nan,0.5283635255221717,nan
13.63,-92.33649444580078,-688.9249267578125,-5.017882823944092,-92.57337582311192,-688.5318357669612,-5.019471691933637,0.45895080183694,0.0413599290511941,0.29653888856282834,3.5711627234583646e-05,2.949984172132813,10.40496838203482,nan,nan,nan
13.64,-92.33513641357422,-688.9163208007812,-5.017882823944092,-92.57230287350532,-688.522734831408,-5.020273117593209,0.4595253622026319,0.04137371427645891,0.2965758885242063,3.501410472313938e-05,3.040756571113157,12.054228972900487,nan,0.35521121752808626,nan
13.65,-92.33369445800781,-688.9076538085938,-5.017882823944092,-92.57699509678126,-688.5271921601399,-5.020366163215575,0.4516109318271151,0.04137641555504096,0.2965535546008416,3.569794056730766e-05,3.5616438788701985,10.619344480461256,11.949740890951709,nan,nan
13.66,-92.3321762084961,-688.8989868164062,-5.017882823944092,-92.57580915381423,-688.5180866767661,-5.02041899578741,0.45215966271873015,0.04139024617833087,0.29659044679600105,3.5000989399274075e-05,3.572455910698242,10.645223155588244,nan,0.0016228774432310985,nan
13.67,-92.33057403564453,-688.890380859375,-5.017882823944092,-92.57453990962416,-688.508982094548,-5.020520320928575,0.45275967341249784,0.041404142702613715,0.2966274305068235,3.570637206707958e-05,3.582360589287484,12.163546032642394,nan,nan,nan
13.68,-92.32888793945312,-688.8817138671875,-5.017882823944092,-92.57319462036016,-688.499867665476,-5.020361862823262,0.45331933747752273,0.04141810401539627,0.29666450229400654,3.5009140421099874e-05,3.5630363977167505,10.660836307460634,nan,0.048026864829560534,nan
13.69,-92.3271255493164,-688.873046875,-5.017882823944092,-92.57176347294023,-688.4907616219986,-5.020462751448881,0.4538682455991867,0.0414321314757482,0.2967016657399671,3.5714900695319784e-05,3.573561416784274,10.681933634433172,nan,nan,nan
13.700000000000001,-92.32527923583984,-688.8644409179688,-5.017882823944092,-92.55873757369517,-688.4974714265337,-5.020915679734281,0.43494666497457957,0.04143480014673971,0.2966789757281298,3.4996192098615886e-05,3.31078950061044,10.861171103036014,11.81950218700919,0.08322461262943118,nan
13.71,-92.32335662841797,-688.8557739257812,-5.017882823944092,-92.55710675026111,-688.488408788924,-5.021022205271741,0.4354378474076286,0.04144887197371693,0.2967160299555002,3.5701452834993233e-05,3.32298546374415,9.478164808301443,nan,nan,nan
13.72,-92.32135772705078,-688.8471069335938,-5.017882823944092,-92.55542229011463,-688.4793061399349,-5.019896104292734,0.43596754098912016,0.04146300886487723,0.29675317239292265,3.500448004857134e-05,3.161613320068005,9.315938442982741,nan,1.0741286844826914,nan
13.73,-92.31928253173828,-688.8385009765625,-5.017882823944092,-92.55363738114958,-688.4702423513272,-5.019991937335973,0.43651009021794285,0.0414772120200139,0.2967904060930783,3.571011906673691e-05,3.168317204856149,10.722393193655993,nan,nan,nan
13.74,-92.31713104248047,-688.829833984375,-5.017882823944092,-92.55177045862892,-688.4611882025688,-5.020424034689458,0.4369917914630092,0.04149148056474704,0.2968277284131564,3.501284103262185e-05,3.227051638633821,9.38841887498162,nan,0.07937155131852894,nan
13.75,-92.31491088867188,-688.8211669921875,-5.017882823944092,-92.54985902954593,-688.4584061048159,-5.020531123223048,0.4322072463481491,0.04149411299502639,0.2968046859598367,3.569680323073613e-05,3.341260170808235,9.30308812665437,0.8470883784357356,nan,nan
13.76,-92.31261444091797,-688.8125,-5.017882823944092,-92.54787338078322,-688.4493228685691,-5.019557866770164,0.4327206990073136,0.041508424937473316,0.2968418978851783,3.50000620510271e-05,3.223752575362881,9.18372029130019,nan,0.8167448143734938,nan
13.77,-92.31024169921875,-688.8038940429688,-5.017882823944092,-92.54579509772093,-688.440270802382,-5.019650433786191,0.4332555701722799,0.04152280326466315,0.29687920070914375,3.570557256142192e-05,3.229084039412394,10.563294896107774,nan,nan,nan
13.780000000000001,-92.30779266357422,-688.7952270507812,-5.017882823944092,-92.54363377296532,-688.4312354972344,-5.020359695534952,0.43372458406821396,0.041537247241705814,0.2969165922398645,3.5008518874042136e-05,3.315931192601881,9.285756241963362,nan,0.2674347166535138,nan
13.790000000000001,-92.30528259277344,-688.7865600585938,-5.017882823944092,-92.54141163960671,-688.4221822701832,-5.020460642535799,0.4342058781201322,0.041551757859864494,0.2969540748522622,3.571440011394703e-05,3.325318212396891,9.332546550096225,nan,nan,nan
13.8,-92.30269622802734,-688.7778930664062,-5.017882823944092,-92.53920269190122,-688.4045157052446,-5.019592637102021,0.4419829009624276,0.0415543483171699,0.2969306778726376,3.499583329552858e-05,3.101660822494792,9.45892770407667,1.82726302728706,0.5538830672049481,nan
13.81,-92.30004119873047,-688.7692260742188,-5.017882823944092,-92.53683399103812,-688.3954420792791,-5.019685056246445,0.4424799988736194,0.04156890127559659,0.2969680487003098,3.5701207927632146e-05,3.107669527551724,9.47743269727476,nan,nan,nan
13.82,-92.29731750488281,-688.7606201171875,-5.017882823944092,-92.53442221931252,-688.3863262973886,-5.018152400353424,0.44307401392533835,0.0415835201332545,0.2970055082937129,3.5004357735635134e-05,3.016396586570441,10.847321378180903,nan,1.866838306150679,nan
13.83,-92.29452514648438,-688.751953125,-5.017882823944092,-92.53191612589177,-688.37725160882,-5.018230829942585,0.443571667760461,0.04159820576012978,0.2970430586474831,3.571010355467735e-05,3.016249176745477,9.416263386231789,nan,nan,nan
13.84,-92.29167175292969,-688.7432861328125,-5.017882823944092,-92.52936056202539,-688.3681482349233,-5.017135941290398,0.4441001804050089,0.041612957602783544,0.2970806981419547,3.5012923982383304e-05,3.0270019513089634,9.451963965341704,nan,0.973108841512288,nan
13.85,-92.28874206542969,-688.734619140625,-5.017882823944092,-92.52518435358742,-688.354960400349,-5.017348823492941,0.44726502194303663,0.041615502092767216,0.29705694921524695,3.5696979723401404e-05,2.8913760572467258,9.547351440319742,1.7936228952545883,nan,nan
13.86,-92.28575897216797,-688.7259521484375,-5.017882823944092,-92.52245575802161,-688.3458970278012,-5.018272184775317,0.447735876111285,0.04163029526218057,0.29709447573611836,3.5000315661492195e-05,2.8855962128223496,9.60355402051677,nan,0.5106897941265912,nan
13.870000000000001,-92.28269958496094,-688.7173461914062,-5.017882823944092,-92.51967466680068,-688.3368137029055,-5.018354631025842,0.44828828539173193,0.04164515533200156,0.29713209272133856,3.5705918637870896e-05,2.885037346439592,11.030134081163874,nan,nan,nan
13.88,-92.27957916259766,-688.7086791992188,-5.017882823944092,-92.51683128963585,-688.3277269615862,-5.018289855810086,0.4487909812109808,0.04166008185351962,0.29716979886917766,3.500892244726018e-05,2.881767195555332,9.584494487096844,nan,0.015530948755107852,nan
13.89,-92.27639770507812,-688.7000122070312,-5.017882823944092,-92.5139219524855,-688.3186432997499,-5.01837297864042,0.44928860635350637,0.04167507554004871,0.29720759569614363,3.5714889010024895e-05,2.881854588166874,9.596916737483983,nan,nan,nan
13.9,-92.27315521240234,-688.6913452148438,-5.017882823944092,-92.51037693884193,-688.3015722443891,-5.021555405428424,0.4563010013650418,0.04167756862790187,0.2971834937637725,3.499635732986301e-05,3.130295484118805,10.22386712096346,1.692479167063346,7.064246078847948,nan
13.91,-92.26984405517578,-688.6826782226562,-5.017882823944092,-92.5073339030513,-688.2924705396293,-5.021670532569823,0.4568126645286949,0.041692602557610564,0.29722117628060496,3.5701810197142546e-05,3.1448367288255494,10.18210683979498,nan,nan,nan
13.92,-92.2664794921875,-688.6740112304688,-5.017882823944092,-92.50423528844233,-688.2833600480831,-5.021343593691688,0.4573271715952877,0.041707703165366025,0.2972589479602571,3.500498469948734e-05,3.0828782501241845,10.135044551737263,nan,0.1384347220328476,nan
13.93,-92.26304626464844,-688.6654052734375,-5.017882823944092,-92.50107027071473,-688.2742582625744,-5.021455990934279,0.4578910122434029,0.04172287107479446,0.2972968100564777,3.571080173829655e-05,3.0955490117032984,11.620042906887207,nan,nan,nan
13.94,-92.25955963134766,-688.65673828125,-5.017882823944092,-92.49783686419421,-688.2651689349218,-5.0222370329120025,0.4583901742103987,0.0417381059714863,0.29733476166322237,3.5013632996031424e-05,3.2773039177489913,10.294204009218443,nan,0.3145366556906254,nan
13.950000000000001,-92.25601196289062,-688.6480712890625,-5.017882823944092,-92.5005719213748,-688.2532627735058,-5.022538311139206,0.4644405352797353,0.0417405433982542,0.2973103085662233,3.569774912196503e-05,3.583188294885785,10.948061402806406,4.48027900129989,nan,nan
13.96,-92.25240325927734,-688.639404296875,-5.017882823944092,-92.49725267666591,-688.2441512885404,-5.022691172950322,0.4649723626338066,0.04175581748322007,0.2973481446683437,3.5001084074587914e-05,3.634985343074967,10.974562118569466,nan,0.0005167976733741853,nan
13.97,-92.24874114990234,-688.6307373046875,-5.017882823944092,-92.49387562123928,-688.2350394366,-5.022818473958725,0.46550195755517143,0.041771159008407055,0.29738607094394737,3.570674459505458e-05,3.654826441555666,11.002873818559497,nan,nan,nan
13.98,-92.24502563476562,-688.6221313476562,-5.017882823944092,-92.49042492351336,-688.2259511874705,-5.024360290908129,0.4660702606055866,0.041786567735614386,0.2974240867017806,3.5009736772798055e-05,4.168157807669184,13.055906193774383,nan,1.4099352036882422,nan
13.99,-92.24124145507812,-688.6134643554688,-5.017882823944092,-92.48693329700498,-688.2168394263971,-5.024503640712568,0.46660438356834466,0.04180204417437899,0.2974621928723799,3.571575422583567e-05,4.195534762715635,11.460658737648263,nan,nan,nan
14.0,-92.23741149902344,-688.6047973632812,-5.017882823944092,-92.4789391030982,-688.2228785472247,-5.023627861870112,0.45191876598444813,0.04180442073361467,0.2974373882795114,3.499719896780723e-05,3.9178644357382675,10.459837918894394,3.8472950770269008,0.7207345168657748,nan
14.01,-92.2335205078125,-688.5961303710938,-5.017882823944092,-92.47532671330308,-688.2138035091879,-5.023762969631312,0.4524142421076641,0.04181993525093167,0.2974753776545204,3.570269629399164e-05,3.9414204985523345,10.435493783040297,nan,nan,nan
14.02,-92.22958374023438,-688.5874633789062,-5.017882823944092,-92.47164703547051,-688.2047466543487,-5.02512859224063,0.45290090672778116,0.04183551717667377,0.2975134564670231,3.500584242914678e-05,4.470542691484901,10.973000163700995,nan,1.067163931462935,nan
14.030000000000001,-92.2255859375,-688.5787963867188,-5.017882823944092,-92.46792590291386,-688.1956720909353,-5.02527786769072,0.45339560157588327,0.04185116695626267,0.29755162547460773,3.5711697608339785e-05,4.500200929461617,10.92947307081102,nan,nan,nan
14.040000000000001,-92.2215347290039,-688.5701904296875,-5.017882823944092,-92.46415102670399,-688.1865984454781,-5.02547183248864,0.453941704748604,0.04186688444759255,0.29758988424670657,3.501449387015914e-05,4.610964465720478,12.45582170265784,nan,0.001349380581651738,nan
14.05,-92.21743774414062,-688.5615234375,-5.017882823944092,-92.46268296423598,-688.1780611856275,-5.025592136305571,0.4552449341704385,0.041869195696484465,0.2975647295160052,3.5698640086909883e-05,4.75276211232017,11.18101070348382,0.6023113578321112,nan,nan
14.06,-92.2132797241211,-688.5528564453125,-5.017882823944092,-92.45882573272874,-688.1689710774499,-5.024490380939313,0.4557460672475391,0.041884950173131534,0.2976028702984257,3.5001934834510806e-05,4.3336514518959355,10.69089615495421,nan,1.1096300363947584,nan
14.07,-92.20907592773438,-688.544189453125,-5.017882823944092,-92.45490506012669,-688.1598976472775,-5.024630784909107,0.45624301567419656,0.04190077264670985,0.2976411010727779,3.570762151484259e-05,4.35963825666091,10.705150856040987,nan,nan,nan
14.08,-92.20481872558594,-688.5355834960938,-5.017882823944092,-92.45093726413542,-688.1508190387538,-5.024305536283379,0.4567923750279427,0.04191666302854469,0.2976794215456648,3.501056904280941e-05,4.260041714053339,12.012278734634434,nan,0.1537319883589207,nan
14.09,-92.20051574707031,-688.5269165039062,-5.017882823944092,-92.44691493698713,-688.1417463012982,-5.024443361227357,0.45728731276761264,0.041932621684007194,0.2977178322681217,3.5716606928724226e-05,4.2848607390906555,10.578795029062618,nan,nan,nan
14.1,-92.19615936279297,-688.5182495117188,-5.017882823944092,-92.44670046359211,-688.1314278076953,-5.023409998311294,0.46090392008499065,0.04193486258988953,0.2976923275661023,3.499800257836191e-05,4.122903695365037,10.524811354394108,1.3430413005603001,0.8697227518551672,nan
14.11,-92.19175720214844,-688.5095825195312,-5.017882823944092,-92.4425948045937,-688.1223505200389,-5.02353764408919,0.46141098949003695,0.04195085709493362,0.2977306190467134,3.570351493357223e-05,4.143947513045601,10.531784297382865,nan,nan,nan
14.120000000000001,-92.18730163574219,-688.5009155273438,-5.017882823944092,-92.43843211783017,-688.1132847140086,-5.024729770419225,0.4619210399588193,0.04196691969748916,0.2977690001478353,3.50066105665838e-05,4.5860623213588045,10.946439966942105,nan,0.797903534868089,nan
14.13,-92.18280029296875,-688.4923095703125,-5.017882823944092,-92.43422961881242,-688.104208723545,-5.024870530205756,0.46248005491554695,0.04198305071895257,0.29780747131403257,3.5712475487400856e-05,4.611674643159413,12.383433646561597,nan,nan,nan
14.14,-92.17825317382812,-688.483642578125,-5.017882823944092,-92.42998797077834,-688.0951227548455,-5.02389414153433,0.4629840137800067,0.04199925013662457,0.29784603241258223,3.501521944938559e-05,4.274777253946409,10.560814040861601,nan,0.8818577187891659,nan
14.15,-92.17366027832031,-688.4749755859375,-5.017882823944092,-92.41958475397603,-688.0745015128252,-5.024022767487478,0.4699957764367462,0.04200141613891712,0.297820178805837,3.5699370120713386e-05,3.8691365721717683,10.556898264730275,8.072745049833497,nan,nan
14.16,-92.16902160644531,-688.4663696289062,-5.017882823944092,-92.34011618201772,-688.2074352517762,-5.026744152099363,0.31048170410940784,0.030347927300908753,0.25610468638641287,3.500248311182283e-05,4.794008851421922,12.966933742579158,nan,4.761714791270003,0.48297428743990367
14.17,-92.1643295288086,-688.4577026367188,-5.017882823944092,-92.3356519973249,-688.198333837996,-5.026903158284163,0.31097416034299546,0.030351009392595826,0.2561466929662478,3.570816675009093e-05,4.827166395924601,11.397493196779255,nan,nan,nan
14.18,-92.15959930419922,-688.4490356445312,-5.017882823944092,-92.33114451289991,-688.1892295710066,-5.027015183908752,0.3114648526992388,0.03035415025103507,0.25618878177516624,3.501106789169993e-05,4.928115442640458,11.47320555177345,nan,0.001611433200087209,nan
14.19,-92.15482330322266,-688.4404296875,-5.017882823944092,-92.32659028674969,-688.1801293884565,-5.027175398315786,0.3120039971707974,0.030357354792751808,0.25623096806744333,3.571709828889196e-05,4.9603173749887794,12.964286377646982,nan,nan,nan
14.200000000000001,-92.15000915527344,-688.4317626953125,-5.017882823944092,-92.31808750832218,-688.1517738931989,-5.027546568883201,0.32670697886461836,0.03035614453452685,0.25616772768894236,3.4998448073118837e-05,4.754900014242536,10.945705522273911,19.335251290566855,0.04130642069266273,nan
14.21,-92.1451416015625,-688.423095703125,-5.017882823944092,-92.31338870724761,-688.1426921981241,-5.027710566799401,0.327154090174388,0.030359446573689396,0.25620978588024945,3.5703948863492715e-05,4.7884691336887375,10.859429085589978,nan,nan,nan
14.22,-92.1402359008789,-688.4144897460938,-5.017882823944092,-92.30870760352417,-688.13350320837,-5.026321392989604,0.32773061868201064,0.03036280784143022,0.25625192690494086,3.500699874976334e-05,4.113246825912196,11.65962468141501,nan,1.704975232065859,nan
14.23,-92.13529205322266,-688.4058227539062,-5.017882823944092,-92.30392296580507,-688.1244226738686,-5.0264718654003975,0.3281709331380761,0.030366232816562738,0.25629416454727,3.571284811965649e-05,4.141145466601053,10.200706682943359,nan,nan,nan
14.24,-92.13030242919922,-688.3971557617188,-5.017882823944092,-92.29916816265913,-688.1152153026216,-5.024734603592096,0.3287141696021606,0.030369717412680013,0.2563364856642326,3.501554733284947e-05,3.41273564744845,9.398168912048313,nan,2.51663374702366,nan
14.25,-92.1252670288086,-688.3885498046875,-5.017882823944092,-92.29185567822407,-688.0981006045396,-5.024872023884418,0.3349050087658334,0.030368733777236038,0.25627320740892323,3.569967984087862e-05,3.2353917895760382,10.455009017954112,4.990568186115039,nan,nan
14.26,-92.12019348144531,-688.3798828125,-5.017882823944092,-92.2869591487406,-688.0889595696609,-5.023871028790383,0.33538482316547247,0.030372315250950035,0.25631539924517405,3.5002878141395965e-05,2.887783622626988,8.656973092825393,nan,0.9106240475803985,nan
14.27,-92.11508178710938,-688.3712768554688,-5.017882823944092,-92.2819794814055,-688.0798940489818,-5.023995519893242,0.33585137386844904,0.030375960465564674,0.2563576868834355,3.5708542108178054e-05,2.9052135091056464,10.118618387228391,nan,nan,nan
14.280000000000001,-92.10993194580078,-688.3626098632812,-5.017882823944092,-92.2769578507206,-688.0708322502495,-5.024167780127229,0.33626080511265444,0.03037966573921844,0.2564000585255967,3.501139455668048e-05,2.983162844374035,8.73493797082762,nan,0.0015413303097653354,nan
14.290000000000001,-92.104736328125,-688.3539428710938,-5.017882823944092,-92.27189828403824,-688.0617681789514,-5.024294816058222,0.33667533897819657,0.030383434945993926,0.2564425259313991,3.571740182713783e-05,3.0024136665471275,8.65949624388655,nan,nan,nan
14.3,-92.09950256347656,-688.3453369140625,-5.017882823944092,-92.26547599023269,-688.0628855612262,-5.025568427731213,0.3276965267039396,0.030382667663905766,0.2563791969077195,3.49987067800686e-05,3.5984525803237255,10.333998270888406,1.3145123972645634,1.077752889349473,nan
14.31,-92.09423828125,-688.336669921875,-5.017882823944092,-92.26034339901415,-688.0538380470734,-5.025707944007623,0.32809451695390235,0.030386532895141666,0.25642153320509664,3.570418137069889e-05,3.6217909904850183,9.001605580973168,nan,nan,nan
14.32,-92.08892822265625,-688.3280639648438,-5.017882823944092,-92.25515854261658,-688.0448157272637,-5.026251214093025,0.32853023197269177,0.030390458606349514,0.2564639539871663,3.500718747327697e-05,3.9029464858594594,10.559813790537323,nan,0.11451561646461543,nan
14.33,-92.08358001708984,-688.3193969726562,-5.017882823944092,-92.24994951741947,-688.0357698269572,-5.026396634612348,0.32893107695899054,0.030394448299978425,0.2565064697906054,3.571300763968115e-05,3.9285898282891596,9.152893837714835,nan,nan,nan
14.34,-92.07820129394531,-688.310791015625,-5.017882823944092,-92.244593403115,-688.0269172899525,-5.029815932192898,0.329261332672997,0.03039849884988116,0.2565490706588295,3.5015665880731105e-05,5.961128312789244,12.598479341706312,nan,7.556927298282162,nan
14.35,-92.07278442382812,-688.3021240234375,-5.017882823944092,-92.24138349448098,-688.0284775075469,-5.030018344567594,0.32164473125622006,0.030397945162995342,0.25648570163463374,3.569976846355234e-05,6.23601017738244,11.49784601645408,4.827036308013222,nan,nan
14.36,-92.06732177734375,-688.2935180664062,-5.017882823944092,-92.23608875988745,-688.0194346919649,-5.0303075155837895,0.32211545058320074,0.03040209104353336,0.2565281701898933,3.50029288056655e-05,6.517296189568331,13.03224851115651,nan,0.008194901386715291,nan
14.370000000000001,-92.06183624267578,-688.2848510742188,-5.017882823944092,-92.23076159994216,-688.0103865312504,-5.030490978345653,0.32252988579631725,0.03040630096487365,0.2565707330712349,3.570855837478482e-05,6.555205946548475,11.740671448780315,nan,nan,nan
14.38,-92.05630493164062,-688.2762451171875,-5.017882823944092,-92.22543007386747,-688.0012846313977,-5.029688266498775,0.32302623879950054,0.030410572140242283,0.2566133814280186,3.501137603568087e-05,6.080283661096068,12.504606450313174,nan,0.6877835030938959,nan
14.39,-92.05074310302734,-688.2676391601562,-5.017882823944092,-92.2200320411018,-687.9922386363318,-5.0298638852292195,0.32349302760136567,0.030414907564488943,0.2566561241318705,3.571734654883883e-05,6.11453976829188,12.514924552148218,nan,nan,nan
14.4,-92.04515075683594,-688.2589721679688,-5.017882823944092,-92.2178648344864,-687.9802874606596,-5.029282684022653,0.3280629139607881,0.03041455798739604,0.2565927052687111,3.499862234466492e-05,5.919362244796566,11.361636979382006,3.075555534010742,0.5113561023673737,nan
14.41,-92.03952026367188,-688.2503662109375,-5.017882823944092,-92.21241634282356,-687.97122155964,-5.029453177394664,0.32855541939378086,0.030418987849326142,0.256635313925163,3.5704058184901364e-05,5.951948962202508,12.737380831863621,nan,nan,nan
14.42,-92.03385162353516,-688.2417602539062,-5.017882823944092,-92.20688877027314,-687.9622355313653,-5.03113211952901,0.32901590918420465,0.03042347934662213,0.2566780084232665,3.500703617585162e-05,7.213439917543855,13.902716178657574,nan,1.6042260575997893,nan
14.43,-92.02816009521484,-688.2330932617188,-5.017882823944092,-92.20137284815844,-687.9531720428239,-5.031319430087106,0.3294527112569031,0.030428035166085235,0.2567207966406557,3.5712815634976205e-05,7.2510839751165825,12.52772498162661,nan,nan,nan
14.44,-92.02242279052734,-688.2244873046875,-5.017882823944092,-92.19583825041813,-687.9440845289796,-5.03100961950196,0.32995598360303524,0.030432652981871044,0.2567636712236674,3.5015449240303075e-05,7.113348090284035,13.64988140847362,nan,0.17493084154894017,nan
14.450000000000001,-92.01666259765625,-688.2158813476562,-5.017882823944092,-92.19422896894582,-687.9005425653147,-5.03110135631769,0.36213684355462106,0.030432503773838996,0.25670021049867175,3.569951205277539e-05,6.8555283434237015,14.592507480838858,11.564506532100626,nan,nan
14.46,-92.0108642578125,-688.2072143554688,-5.017882823944092,-92.18857563512171,-687.8914696378639,-5.032056533506972,0.3625975101448865,0.03043721526242524,0.25674294980954554,3.500265122083872e-05,7.697524109448198,13.761115841632085,nan,0.42050488753780985,nan
14.47,-92.00504302978516,-688.1986083984375,-5.017882823944092,-92.18291221054051,-687.8823599646399,-5.032248659684589,0.36312104673031254,0.030441991154713362,0.2567857822543859,3.57082369021309e-05,7.733711136907846,15.366853149494595,nan,nan,nan
14.48,-91.99918365478516,-688.1900024414062,-5.017882823944092,-92.17725834577635,-687.8731799860071,-5.030936351268373,0.3636721853432601,0.030446829402843472,0.2568287013678458,3.501103693162218e-05,6.817386974031673,14.312180176358979,nan,1.5991045132932165,nan
14.49,-91.99329376220703,-688.181396484375,-5.017882823944092,-92.17153206218714,-687.864072729968,-5.031115240049012,0.36419548806473206,0.03045173227761074,0.2568717136899671,3.571696215790822e-05,6.849188464118669,14.283516060379636,nan,nan,nan
14.5,-91.98737335205078,-688.1727294921875,-5.017882823944092,-92.15905756589206,-687.8780613910988,-5.0303406444855625,0.3412622984951419,0.030451774597593788,0.2568082037467218,3.4998226656187484e-05,6.354983518064225,11.116781899073942,9.98002870880337,0.5526112645917863,nan
14.51,-91.9814224243164,-688.1641235351562,-5.017882823944092,-92.15325469321954,-687.8690143011046,-5.030511193742214,0.34172395933372396,0.03045677021330135,0.25685107914951066,3.5703616144056505e-05,6.383333880248463,12.473601255443345,nan,nan,nan
14.52,-91.9754409790039,-688.155517578125,-5.017882823944092,-92.14746643677637,-687.8598914178219,-5.028953004082829,0.342213579019985,0.0304618285290712,0.25689404148450445,3.5006583491840406e-05,5.413597842666241,11.447820297623792,nan,2.112079428753829,nan
14.530000000000001,-91.96943664550781,-688.1469116210938,-5.017882823944092,-92.14160408629417,-687.8508466549833,-5.0291084675738205,0.3426690924197579,0.030466951566394323,0.2569370965028744,3.571231553759363e-05,5.437414955174673,11.487084148927039,nan,nan,nan
14.540000000000001,-91.96339416503906,-688.1383056640625,-5.017882823944092,-92.1357417653434,-687.8417526286729,-5.02809022686104,0.3431495143574484,0.030472137650675492,0.2569802389276275,3.5014941992970986e-05,4.880744737293626,10.793395280002464,nan,0.9736806288074695,nan
14.55,-91.95732879638672,-688.1296997070312,-5.017882823944092,-92.11802997891732,-687.8541082633179,-5.0283040689309555,0.3191929138652742,0.030472366945866997,0.2569166854976542,3.569895954283863e-05,4.705981015773417,9.252428663599034,28.45716718260762,nan,nan
14.56,-91.95123291015625,-688.1210327148438,-5.017882823944092,-92.11202529953907,-687.8451597255885,-5.02864323680963,0.3194931692057205,0.030477644938560755,0.25695968976384015,3.500209489609975e-05,4.968081672951388,8.307587531282488,nan,0.02570977455075255,nan
14.57,-91.94510650634766,-688.1124267578125,-5.017882823944092,-92.10599665975774,-687.8362044265748,-5.028794532873387,0.31984915683876475,0.03048298775479732,0.25700278622528955,3.570763166977714e-05,4.990317023638262,9.409161910195987,nan,nan,nan
14.58,-91.93895721435547,-688.1038208007812,-5.017882823944092,-92.09997304333365,-687.8271934808624,-5.027526544207025,0.3202214431413161,0.030488393942243733,0.2570459703014971,3.5010431259760527e-05,4.307858200875819,8.742369328689632,nan,1.4234670211654414,nan
14.59,-91.93277740478516,-688.09521484375,-5.017882823944092,-92.0938885660865,-687.8182408609656,-5.0276656191315325,0.32057307515916034,0.03049386518959771,0.25708924669473376,3.5716306973361364e-05,4.326748059710267,8.682297121862113,nan,nan,nan
14.6,-91.92656707763672,-688.0866088867188,-5.017882823944092,-92.08070090131258,-687.816235806835,-5.025294511464744,0.3113097670145441,0.030494273134923436,0.25702564439150144,3.499757733054462e-05,3.0243552875640236,6.757911900582585,11.591593149280497,4.041357299601164,nan
14.61,-91.92033386230469,-688.0780029296875,-5.017882823944092,-92.07452481508739,-687.8073311724924,-5.025409393538764,0.31160022354454087,0.03049983532039625,0.2570687810590898,3.5702916991527956e-05,3.036930948876933,6.795245305862911,nan,nan,nan
14.620000000000001,-91.91407775878906,-688.0693969726562,-5.017882823944092,-92.0683222938439,-687.7984275515835,-5.025518067672527,0.3118879617708796,0.030505461187393893,0.25711200551588764,3.500589028534364e-05,3.1110167567694758,6.893600070271137,nan,3.801049473123526e-05,nan
14.63,-91.90779113769531,-688.060791015625,-5.017882823944092,-92.06209358667618,-687.7895253566405,-5.025635039137374,0.31217687349670725,0.03051115222775705,0.2571553218534057,3.5711572167077556e-05,3.124119068392602,6.806111078988665,nan,nan,nan
14.64,-91.90148162841797,-688.0521850585938,-5.017882823944092,-92.05584604335709,-687.780612405,-5.02542019182931,0.3124690235752267,0.030516907284077462,0.2571987264114335,3.501420768121828e-05,3.0593589765232765,6.750723332628399,nan,0.07809163002092445,nan
14.65,-91.8951416015625,-688.0435791015625,-5.017882823944092,-92.04127260904708,-687.7654429475115,-5.0255334519687835,0.3142809629104631,0.030517488670783303,0.2571350792017778,3.5698178024298146e-05,2.7621367267877,6.236182360057419,20.30584896467869,nan,nan
14.66,-91.88877868652344,-688.0349731445312,-5.017882823944092,-92.03490596435627,-687.7565856892013,-5.025732532779891,0.314506557230091,0.030523333768747933,0.2571783427865754,3.500132530515275e-05,2.878541889050357,6.364543655286344,nan,0.004815103928682465,nan
14.67,-91.88239288330078,-688.0264282226562,-5.017882823944092,-92.02851595026426,-687.7477268563428,-5.025850906186169,0.31478547078675967,0.030529244159256834,0.2572216978473999,3.570681175349144e-05,2.8913399705247684,7.4856413175461425,nan,nan,nan
14.68,-91.87598419189453,-688.017822265625,-5.017882823944092,-92.0220955303723,-687.7388790725361,-5.026262357901893,0.31500483296572634,0.03053521885817963,0.25726514125631805,3.500962616269536e-05,3.11443598608596,6.612054966776549,nan,0.060092947392428465,nan
14.69,-91.86954498291016,-688.0092163085938,-5.017882823944092,-92.01565655164865,-687.7300228547074,-5.026386193464515,0.3152298883440796,0.030541259097770515,0.25730867630311066,3.571545156546206e-05,3.129110831999622,6.484123090878066,nan,nan,nan
14.700000000000001,-91.86309051513672,-688.0006103515625,-5.017882823944092,-92.01261452838521,-687.7171725523283,-5.025980323389085,0.32056198475478725,0.03054200600329578,0.2572449803250887,3.499674252937529e-05,3.0451332967842273,6.670109209893403,2.314565797009696,0.18018461142762757,nan
14.71,-91.85660552978516,-687.9920043945312,-5.017882823944092,-92.0061441695795,-687.7082973499203,-5.026100616568064,0.3208099500780117,0.030548135276042013,0.25728837290412165,3.5702032138310355e-05,3.058921890681804,6.548872329376718,nan,nan,nan
14.72,-91.85009765625,-687.9833984375,-5.017882823944092,-91.9996721563918,-687.6993859196632,-5.025005242006763,0.32107066234666487,0.030554329137191825,0.2573318539304255,3.5005025525902756e-05,2.612397833007776,6.080012169807976,nan,1.0450456447015113,nan
14.73,-91.84356689453125,-687.974853515625,-5.017882823944092,-91.99315479309422,-687.6905132603129,-5.02511532947114,0.3213693036424917,0.030560588667566568,0.2573754262333829,3.571065756976425e-05,2.623447019951561,7.183393940150667,nan,nan,nan
14.74,-91.8370132446289,-687.9662475585938,-5.017882823944092,-91.98658932696952,-687.6816841612884,-5.0266583157585885,0.321599659127447,0.03056691311005481,0.2574190873789957,3.5013315698422616e-05,3.35396590223569,6.771338768763183,nan,1.4465102352165566,nan
14.75,-91.8304443359375,-687.9576416015625,-5.017882823944092,-91.9744007436163,-687.7000346317566,-5.026734725547555,0.295234067083002,0.030567819808693927,0.25735534524683007,3.5697239617241455e-05,3.380861336417379,6.261229754040034,8.894150107494548,nan,nan
14.76,-91.82384490966797,-687.9490356445312,-5.017882823944092,-91.96778523990766,-687.6912646358235,-5.028391693419416,0.2954236753162899,0.03057423232772959,0.25739886267485984,3.5000411748057155e-05,4.336865417520903,7.053934715031545,nan,1.6542135061434025,nan
14.77,-91.81722259521484,-687.9404907226562,-5.017882823944092,-91.96117321957922,-687.6824523979332,-5.028534284579888,0.2956670642707241,0.030580710648857874,0.2574424710444863,3.570584918684635e-05,4.35434852533513,7.987215489869181,nan,nan,nan
14.780000000000001,-91.81058502197266,-687.931884765625,-5.017882823944092,-91.95454683531707,-687.6736287674202,-5.02820628415966,0.2958508714555639,0.03058725414642106,0.2574861683172199,3.5008690701453444e-05,4.216724964252796,6.968748038457079,nan,0.15704809211150003,nan
14.790000000000001,-91.80391693115234,-687.92333984375,-5.017882823944092,-91.94789125029877,-687.6648193048134,-5.0283463664380115,0.29609282218130034,0.030593863704203313,0.25752995672661305,3.5714467562569436e-05,4.233557452415003,7.74977650700242,nan,nan,nan
14.8,-91.79723358154297,-687.9147338867188,-5.017882823944092,-91.9410598304707,-687.6454664679932,-5.028991538101593,0.30547395338717737,0.03059492257923869,0.2574661657266049,3.4995790637430356e-05,4.611648072142344,7.432022005507932,2.1068401252511526,0.2860679208236056,nan
14.81,-91.79053497314453,-687.9061279296875,-5.017882823944092,-91.93434973615436,-687.6366491753645,-5.029137364588408,0.3056601867698393,0.03060161916704226,0.25750980898893455,3.570103237055925e-05,4.629056177562534,7.5141229118818815,nan,nan,nan
14.82,-91.78380584716797,-687.8975830078125,-5.017882823944092,-91.92761364128802,-687.6278418874174,-5.029636265826449,0.30590700723874614,0.030608381184608183,0.25755354119166046,3.5004056812578275e-05,5.023235970540691,8.67309974548326,nan,0.08752271038989994,nan
14.83,-91.77706146240234,-687.8889770507812,-5.017882823944092,-91.92086221957537,-687.6190270617145,-5.029787498568107,0.3060937366862761,0.030615209402532283,0.2575973642315002,3.570964158633898e-05,5.041360509144997,7.780180613948726,nan,nan,nan
14.84,-91.77029418945312,-687.8804321289062,-5.017882823944092,-91.91409758267133,-687.6102016450566,-5.029447522429237,0.306329353072393,0.03062210336495895,0.2576412765778323,3.501233261978047e-05,4.888116935824126,8.508375539207783,nan,0.17091264647543108,nan
14.85,-91.76351165771484,-687.871826171875,-5.017882823944092,-91.90741027468782,-687.6171511923204,-5.029741198178104,0.292757200111858,0.030623308294473094,0.25757743831518126,3.569621285419167e-05,5.11967661358033,7.576449513646679,3.8094867183711956,nan,nan
14.86,-91.75670623779297,-687.86328125,-5.017882823944092,-91.9006354187109,-687.6083237791998,-5.028468576979189,0.2929692461741293,0.030630288273980635,0.25762120426810137,3.4999419445890044e-05,4.377472458184291,7.65690371157104,nan,1.4335868089075727,nan
14.870000000000001,-91.7498779296875,-687.8546752929688,-5.017882823944092,-91.89382164533122,-687.599529961923,-5.028607425230355,0.29314493053860924,0.030637334596920904,0.2576650607796658,3.570481112208762e-05,4.393146777802574,6.682040680747024,nan,nan,nan
14.88,-91.74303436279297,-687.8461303710938,-5.017882823944092,-91.8869824015642,-687.5907476877649,-5.029222636904873,0.2933767955519528,0.03064444690415858,0.25770900660385443,3.500768867891932e-05,4.8405617429018,8.061509250978176,nan,0.1594966505243946,nan
14.89,-91.73616790771484,-687.8375244140625,-5.017882823944092,-91.88013039386092,-687.581956460259,-5.029368416972063,0.2935508393377128,0.03065162582123152,0.2577530432085491,3.571342055057479e-05,4.85726036609452,7.093641724225001,nan,nan,nan
14.9,-91.72928619384766,-687.8289794921875,-5.017882823944092,-91.87484581099575,-687.6003122005009,-5.0288073921550716,0.27128523480314276,0.030652969414897854,0.2576891558082361,3.499478377223373e-05,4.843962218038408,7.497461188751896,10.2545854232717,0.38418549059985246,nan
14.91,-91.7223892211914,-687.8203735351562,-5.017882823944092,-91.8679937309323,-687.5915459460051,-5.028948595935886,0.2714501613987025,0.030660233264681945,0.25773304464798935,3.569998144369733e-05,4.859525812360442,6.720008485512575,nan,nan,nan
14.92,-91.71546936035156,-687.8118286132812,-5.017882823944092,-91.86112325617785,-687.5827807955794,-5.029082014319596,0.2716677787821184,0.030667563328965336,0.2577770227881115,3.50030445378746e-05,5.008263010420248,7.58715473163479,nan,5.4276375654824894e-05,nan
14.93,-91.70853424072266,-687.8032836914062,-5.017882823944092,-91.85423438907344,-687.5740170431698,-5.029225019767586,0.2718830164411397,0.03067496015142362,0.25782109145850124,3.570858610794808e-05,5.023243710251913,7.613247246098607,nan,nan,nan
14.94,-91.70157623291016,-687.794677734375,-5.017882823944092,-91.84735191381372,-687.565214308823,-5.027206278103622,0.27201275633033795,0.030682423495821766,0.25786524977210756,3.5011316984892674e-05,3.8996574504266563,5.6017919199739445,nan,3.3001060876559127,nan
14.950000000000001,-91.6946029663086,-687.7861328125,-5.017882823944092,-91.84257737267609,-687.5594192558628,-5.027364978043505,0.27089734762312523,0.030683899338105013,0.2578013141093037,3.5695157555422095e-05,4.034166471879255,6.536173171405997,1.2694592456583356,nan,nan
14.96,-91.68761444091797,-687.777587890625,-5.017882823944092,-91.8356376976526,-687.5506736778117,-5.028669346231684,0.271140726513139,0.030691446549637007,0.2578453234202022,3.499840490103211e-05,4.835361657416103,7.337645188597979,nan,0.9823698403469849,nan
14.97,-91.68061065673828,-687.7689819335938,-5.017882823944092,-91.82869334823178,-687.5419085973213,-5.028807008491924,0.2713118526233538,0.030699060669342224,0.25788942302764245,3.570375529500342e-05,4.849562530248864,6.555766974777001,nan,nan,nan
14.98,-91.673583984375,-687.7604370117188,-5.017882823944092,-91.82175139773436,-687.5331126238068,-5.0270244205667405,0.271502354520098,0.030706741529644713,0.2579336122416518,3.500667455014212e-05,3.890163414592007,6.291950287759452,nan,2.605291667625963,nan
14.99,-91.66654205322266,-687.7518920898438,-5.017882823944092,-91.81477286661402,-687.5243498309006,-5.0271448505637375,0.271723460122061,0.03071448957118379,0.25797789199510257,3.571236609286677e-05,3.9008460745514437,6.3009974916363785,nan,nan,nan
15.0,-91.65949249267578,-687.7433471679688,-5.017882823944092,-91.80599961854125,-687.5043389540208,-5.025916720723404,0.28045286192408914,0.030716090435296762,0.25791390678562526,3.4993774204933136e-05,3.183867972320436,5.8826143217166,3.08285718721791,1.4956299900129317,nan
15.01,-91.65241241455078,-687.7348022460938,-5.017882823944092,-91.79896689851866,-687.4955737089906,-5.026026511150687,0.2806685400555608,0.03072392122206651,0.2579580362163182,3.569893261689837e-05,3.1931838190367188,5.6605752752805145,nan,nan,nan
15.02,-91.64532470703125,-687.7261962890625,-5.017882823944092,-91.79191793343927,-687.4868096643538,-5.026136220500521,0.28082672357317895,0.030731818959777363,0.2580022552027397,3.500203879416391e-05,3.277819215115604,5.0493822693577926,nan,8.13388187337477e-07,nan
15.030000000000001,-91.63822174072266,-687.7176513671875,-5.017882823944092,-91.78485287200115,-687.4780468679536,-5.026247990215545,0.2810355506335302,0.03073978403216012,0.25804656451668995,3.570754209981392e-05,3.287137496700651,5.842146396958088,nan,nan,nan
15.040000000000001,-91.63109588623047,-687.7091064453125,-5.017882823944092,-91.77777271150205,-687.4692840909194,-5.026268645288458,0.2812457550578134,0.030747816357149085,0.2580909637112783,3.501031665923517e-05,3.332048068417228,5.760879914848885,nan,0.005986767232918883,nan
15.05,-91.62396240234375,-687.7005615234375,-5.017882823944092,-91.7783482378363,-687.4400788270768,-5.0264210624996775,0.30291768324363005,0.030749535619378817,0.2580269293208191,3.569412230295563e-05,3.4397245867669466,6.522705659571297,10.210198156693291,nan,nan
15.06,-91.61681365966797,-687.6920166015625,-5.017882823944092,-91.77126152598558,-687.4312600316164,-5.026280219422741,0.3031808840130849,0.030757649574913892,0.2580711769678426,3.4997413676840806e-05,3.408245893083603,6.466142994942112,nan,0.04598542265993947,nan
15.07,-91.6096420288086,-687.6834716796875,-5.017882823944092,-91.764157470429,-687.4224457659608,-5.026392924757626,0.30345011311889475,0.030765831019077074,0.25811551474303807,3.5702727926580705e-05,3.4181015562128407,6.345763520359081,nan,nan,nan
15.08,-91.60246276855469,-687.6749267578125,-5.017882823944092,-91.75703834457157,-687.4136326618396,-5.026508832414756,0.3037147038148789,0.030774079916428297,0.2581599423294862,3.500569159903704e-05,3.5113121378910197,6.51159679074007,nan,3.595179505575737e-06,nan
15.09,-91.59526824951172,-687.6663818359375,-5.017882823944092,-91.74990431597065,-687.404820636858,-5.026623616448275,0.30397857715211757,0.03078239658067968,0.2582044603030451,3.571134803065297e-05,3.5212482588958407,6.494210401006646,nan,nan,nan
15.1,-91.58805084228516,-687.6578369140625,-5.017882823944092,-91.74416797398952,-687.4054974240831,-5.027010394703519,0.2968688086724687,0.030784227130191914,0.2581403758453278,3.499280289917875e-05,3.885473362173472,6.605789605992731,1.8284118094986648,0.030785292461613212,nan
15.11,-91.58082580566406,-687.6492919921875,-5.017882823944092,-91.73702147543908,-687.3966933518219,-5.027130614453107,0.2971341145010272,0.030792624266029793,0.2581847409970262,3.569792731637071e-05,3.896554405749641,6.669614295684394,nan,nan,nan
15.120000000000001,-91.5735855102539,-687.6407470703125,-5.017882823944092,-91.72987607563721,-687.3878661720055,-5.0249910817403265,0.2973651238549859,0.030801089048453183,0.2582291958799663,3.5001078255916015e-05,2.9407284259303235,5.678211143202463,nan,3.6090080191767733,nan
15.13,-91.56632995605469,-687.6322021484375,-5.017882823944092,-91.72270097889594,-687.3790645373384,-5.0250909310538505,0.29762812996333915,0.030809621753565778,0.2582737409669953,3.570654860844623e-05,2.948587105678147,5.653330309424481,nan,nan,nan
15.14,-91.55906677246094,-687.6236572265625,-5.017882823944092,-91.71551397614344,-687.3702607301283,-5.024857674191627,0.2978827965512413,0.03081822240249508,0.2583183760967586,3.500936803452516e-05,2.8792287162957084,5.639843524827391,nan,0.07882975920914237,nan
15.15,-91.5517807006836,-687.6151123046875,-5.017882823944092,-91.7137679075506,-687.3213271131666,-5.024970047306461,0.33555897049629546,0.030820157477249772,0.2582542415974887,3.5693143758200675e-05,2.7530307939876133,6.411022948918259,15.635214674100258,nan,nan
15.16,-91.54448699951172,-687.6065673828125,-5.017882823944092,-91.70729617543938,-687.3266841788329,-5.024917067895064,0.3238686712605613,0.03080249460641568,0.24885662247165033,3.4996307204667346e-05,3.20777195408475,6.919463706456607,nan,0.01690651596029774,0.02143853743449056
15.17,-91.53717803955078,-687.5980224609375,-5.017882823944092,-91.70006814540221,-687.3178203098605,-5.0250164088061755,0.32418716829240557,0.030810559823250056,0.24889559684232682,3.5701586780977997e-05,3.213889981938868,6.878015759154157,nan,nan,nan
15.18,-91.52985382080078,-687.5894775390625,-5.017882823944092,-91.69284516081989,-687.3090244067181,-5.022668327791599,0.32441183303031085,0.030818684396600012,0.2489346585514585,3.500460499167642e-05,2.437492561008493,6.048046772696193,nan,4.231807771257361,nan
15.19,-91.52252197265625,-687.5809936523438,-5.017882823944092,-91.6855907569891,-687.3001628583481,-5.022745085471132,0.32477839347339743,0.030826868628756613,0.24897380985492923,3.5710227989839026e-05,2.4391448540439695,7.345116209988406,nan,nan,nan
15.200000000000001,-91.51517486572266,-687.5724487304688,-5.017882823944092,-91.6708320647446,-687.3052372682719,-5.022100644353402,0.3092715944695842,0.030828479243187667,0.24894237914771683,3.4991738736755556e-05,2.134442973443611,5.26558172775315,8.504583953056207,0.3414281972325031,nan
15.21,-91.5078125,-687.5639038085938,-5.017882823944092,-91.66352292690084,-687.2964231653599,-5.022171980167171,0.30953195055041277,0.030836731380964807,0.24898141636253504,3.5696831013282844e-05,2.1359751287617517,5.2101486205108065,nan,nan,nan
15.22,-91.50044250488281,-687.5553588867188,-5.017882823944092,-91.65618937316255,-687.2875618585676,-5.0240155707470215,0.3098547173254899,0.030845043149002063,0.24902054080043115,3.500003544944343e-05,2.689613869587895,5.815724347641888,nan,2.215215885010641,nan
15.23,-91.49305725097656,-687.5468139648438,-5.017882823944092,-91.64885519090842,-687.2787500665361,-5.024106687949424,0.3101128635611145,0.030853414818298446,0.2490597547239263,3.570547487172083e-05,2.6944742603801655,5.762159599913284,nan,nan,nan
15.24,-91.48565673828125,-687.538330078125,-5.017882823944092,-91.64149922283961,-687.269898811831,-5.025681337404607,0.31048839194036065,0.030861846413750612,0.24909905615687666,3.5008347234263296e-05,3.340833957197257,7.45347591572005,nan,1.551286205591965,nan
15.25,-91.4782485961914,-687.52978515625,-5.017882823944092,-91.63354827397546,-687.2473098495458,-5.0257296693665845,0.3224466805544078,0.030863544385893667,0.24906732340824297,3.569209490946431e-05,3.160883383396408,6.611913592867011,4.645774806047326,nan,nan
15.26,-91.4708251953125,-687.521240234375,-5.017882823944092,-91.6261557349774,-687.2384659235354,-5.026421961650208,0.32274107934406515,0.03087204325439442,0.24910650937306897,3.499548322560608e-05,3.51411048176024,6.8953396857455225,nan,0.2410908340629334,nan
15.27,-91.46338653564453,-687.5127563476562,-5.017882823944092,-91.61875476673487,-687.2296389355572,-5.026536846914836,0.32306291706009643,0.030880602265058153,0.24914578470779122,3.570073817290161e-05,3.522578640702526,7.985132990801248,nan,nan,nan
15.280000000000001,-91.45594024658203,-687.5042114257812,-5.017882823944092,-91.61134255619618,-687.220815533813,-5.026564204630595,0.32332410332125466,0.03088922146828419,0.24918514744643436,3.50037980424939e-05,3.572678958595798,6.903451444811607,nan,0.005516704489112717,nan
15.290000000000001,-91.448486328125,-687.4956665039062,-5.017882823944092,-91.60391823286697,-687.2119908841116,-5.026680066000261,0.3235866587876817,0.0308979010968871,0.24922459984327586,3.570939736294534e-05,3.581525395691801,6.949516803744714,nan,nan,nan
15.3,-91.4410171508789,-687.4871826171875,-5.017882823944092,-91.59753780585756,-687.2217089653203,-5.029280355137667,0.3083907894019405,0.030899681630871718,0.24919256335531642,3.499095071942093e-05,5.353679369859764,9.181714182799302,8.572911433782851,4.59312041060223,nan
15.31,-91.43354034423828,-687.4786376953125,-5.017882823944092,-91.59011658403065,-687.2129125289331,-5.029422175739872,0.30864079373075587,0.030908427861148648,0.24923189890501413,3.569602030358726e-05,5.366235329617535,8.138066037099435,nan,nan,nan
15.32,-91.4260482788086,-687.4700927734375,-5.017882823944092,-91.58267892321167,-687.2040892529191,-5.030598956082433,0.3089542550457709,0.03091723454450569,0.24927132175874964,3.499926532438094e-05,6.250983540045754,8.943410651056885,nan,0.755166225802641,nan
15.33,-91.41854858398438,-687.4616088867188,-5.017882823944092,-91.57523517838283,-687.1952951988492,-5.030752961241727,0.3092560583803253,0.030926101893310895,0.24931083414552796,3.5704682974283975e-05,6.264238586563252,10.032412706726333,nan,nan,nan
15.34,-91.4110336303711,-687.4530639648438,-5.017882823944092,-91.56777864959325,-687.1864908879195,-5.031333612081995,0.3095337301383366,0.030935029988618083,0.24935043413060134,3.5007595367399294e-05,6.788231713113961,9.403603051023211,nan,0.12788131695913882,nan
15.35,-91.40351104736328,-687.444580078125,-5.017882823944092,-91.56367976285485,-687.169705774875,-5.0315894831617864,0.31843016897951937,0.030936888414712198,0.24931809644030997,3.569132351208059e-05,6.925859619560809,10.912154942153741,2.1117269741895264,nan,nan
15.36,-91.3959732055664,-687.43603515625,-5.017882823944092,-91.55622809172861,-687.1609784626547,-5.028584876985212,0.3185158507354409,0.03094588242517421,0.2493575782303727,3.499475116462919e-05,4.930212344877466,7.710762324836486,nan,7.086640573010066,nan
15.370000000000001,-91.38843536376953,-687.4275512695312,-5.017882823944092,-91.54875258891977,-687.152167157626,-5.028716959439329,0.3188344402062958,0.030954937339035662,0.24939714942280322,3.5699986171214804e-05,4.939493935350742,8.932122484181512,nan,nan,nan
15.38,-91.38087463378906,-687.4190063476562,-5.017882823944092,-91.54127791468328,-687.1434321701653,-5.0260448230214,0.31896231446738216,0.03096405325345683,0.2494368081212999,3.5003084743819435e-05,3.550229161397494,6.249188431452762,nan,5.555723768277663,nan
15.39,-91.3733139038086,-687.4105224609375,-5.017882823944092,-91.53378193586309,-687.1346231294456,-5.0261510056963585,0.3192785512035282,0.03097323035668141,0.2494765565033217,3.5708664990013126e-05,3.5559088469567826,7.460583085016362,nan,nan,nan
15.4,-91.36573791503906,-687.4019775390625,-5.017882823944092,-91.52721488196035,-687.1251053213307,-5.024019492706596,0.3205786869106046,0.03097516181249377,0.24944391602321964,3.499025751244168e-05,2.74325019513874,5.49977966421281,0.19272603426172752,3.420974490901533,nan
15.41,-91.358154296875,-687.3934936523438,-5.017882823944092,-91.5197031085311,-687.1162946643777,-5.024104953527913,0.32089875720145933,0.03098440411104202,0.24948354484934146,3.569530890686301e-05,2.746216182264871,6.602246555888386,nan,nan,nan
15.42,-91.35055541992188,-687.385009765625,-5.017882823944092,-91.51218188621506,-687.1074881886121,-5.024074365214795,0.32121593282001937,0.03099370765886029,0.2495232610934406,3.499859117258932e-05,2.7518391190971414,6.511590461063162,nan,0.00965187600371018,nan
15.43,-91.34295654296875,-687.37646484375,-5.017882823944092,-91.50465048544847,-687.0986796263144,-5.024160433774352,0.32147934062015526,0.03100307263181942,0.24956306688317012,3.57039914586657e-05,2.755437396379064,5.532481965996468,nan,nan,nan
15.44,-91.33534240722656,-687.3679809570312,-5.017882823944092,-91.49711033957195,-687.0898793990556,-5.023969584922066,0.32178624759768865,0.031012499145645335,0.24960296039116067,3.500694036915307e-05,2.7047965408397268,6.4700218058562085,nan,0.054483286969477254,nan
15.450000000000001,-91.32772064208984,-687.3594360351562,-5.017882823944092,-91.48955602023517,-687.081782030455,-5.024024230670158,0.32143452338333534,0.031014498809177133,0.24957001962395,3.569065301753503e-05,2.7082576373110214,5.386792686221657,0.05123672315677895,nan,nan
15.46,-91.32008361816406,-687.3509521484375,-5.017882823944092,-91.48199632140565,-687.0729735783868,-5.024266514502243,0.32175854360615036,0.03102398978002185,0.24960979225744867,3.499411635307456e-05,2.8110167813292986,6.471998200531929,nan,0.01735884318906121,nan
15.47,-91.31244659423828,-687.3424682617188,-5.017882823944092,-91.47442782737656,-687.0641702018895,-5.024354448776156,0.3220708181777466,0.031033542409760136,0.24964965429466118,3.5699335618066357e-05,2.814364065163079,6.569731251010241,nan,nan,nan
15.48,-91.30479431152344,-687.333984375,-5.017882823944092,-91.46685186691911,-687.0553860475491,-5.023747134801885,0.32235705275535514,0.03104315682334319,0.24968960396744586,3.5002469100270464e-05,2.618639107339609,6.266269169664475,nan,0.34213271491257324,nan
15.49,-91.29713439941406,-687.325439453125,-5.017882823944092,-91.459265027345,-687.0465850703872,-5.023829966419373,0.32261660804889586,0.03105283318281671,0.2497296433198217,3.5708034367163335e-05,2.6221847860132512,5.20477694941206,nan,nan,nan
15.5,-91.28946685791016,-687.3169555664062,-5.017882823944092,-91.44483464592636,-687.0391982329088,-5.0239908850682715,0.31831681431454123,0.03105489611839366,0.24969640084757277,3.498966189154592e-05,2.4630237782590045,6.007427976293563,9.569258901821614,0.05992176750776292,nan
15.51,-91.28178405761719,-687.3084716796875,-5.017882823944092,-91.43719425245418,-687.0304195384557,-5.024074196506931,0.31859638258629014,0.031064636167512778,0.24973631798414891,3.569469907535395e-05,2.4657321512747785,5.891570324809089,nan,nan,nan
15.52,-91.27410125732422,-687.2999267578125,-5.017882823944092,-91.42954209535104,-687.021603722128,-5.025648806749997,0.3188822303108874,0.031074438238553694,0.24977632267628372,3.499801457543424e-05,3.1104178253506176,5.636868393871786,nan,1.5688538796267189,nan
15.530000000000001,-91.26640319824219,-687.2914428710938,-5.017882823944092,-91.42188414523639,-687.0128266271163,-5.025748607511371,0.3191601585998053,0.031084302486993662,0.24981641690107445,3.5703401368414314e-05,3.115112935858352,6.532198815938555,nan,nan,nan
15.540000000000001,-91.25870513916016,-687.282958984375,-5.017882823944092,-91.41421755125275,-687.0040502714311,-5.025862497436646,0.3194336482901195,0.03109422904765464,0.24985659898590004,3.5006382691508355e-05,3.195961477490869,6.719971325777104,nan,0.00012205246312061627,nan
15.55,-91.25099182128906,-687.2744750976562,-5.017882823944092,-91.40212155585745,-686.9795898278915,-5.025921008327516,0.33145456913903915,0.031096350311735903,0.2498230572210892,3.569008336327949e-05,2.9222753022538277,6.823187442492152,11.341011376288003,nan,nan
15.56,-91.24327087402344,-687.2659912109375,-5.017882823944092,-91.39440078792398,-686.9708225005022,-5.025184439367976,0.33168981305342804,0.03110633977403556,0.2498631157985853,3.499357821211277e-05,2.6307181501579984,6.514259806118196,nan,0.4962863656555266,nan
15.57,-91.23554229736328,-687.2575073242188,-5.017882823944092,-91.38667062756927,-686.962035447798,-5.025278659141305,0.33196099217332303,0.0311163916422904,0.2499032637591823,3.569878537665457e-05,2.6347336041269998,6.494806494713497,nan,nan,nan
15.58,-91.2278060913086,-687.2489624023438,-5.017882823944092,-91.37893367448221,-686.9532733330298,-5.024408499675438,0.33213575018571184,0.03112650605570273,0.2499434995030992,3.500194953199215e-05,2.3149172634437507,5.1118171002957755,nan,0.6578958292384018,nan
15.59,-91.22006225585938,-687.240478515625,-5.017882823944092,-91.37118763630222,-686.9444882962553,-5.024494938736751,0.3324045887748468,0.031136683163179035,0.24998382490249157,3.5707503348764106e-05,2.318063692301278,6.139825915369709,nan,nan,nan
15.6,-91.21231079101562,-687.2319946289062,-5.017882823944092,-91.37399843615593,-686.9281621161693,-5.022477508937557,0.3442066261959912,0.0311388577455539,0.2499499826377014,3.498916137325725e-05,1.9525474524978872,5.996895038887822,15.533869342402774,2.7665819098986755,nan
15.610000000000001,-91.20455169677734,-687.2235107421875,-5.017882823944092,-91.3662855466307,-686.9193409756718,-5.022543770258616,0.34452693577008714,0.03114909694082857,0.24999018320938657,3.56941877556181e-05,1.9532585648251186,5.968356002745876,nan,nan,nan
15.620000000000001,-91.19678497314453,-687.2150268554688,-5.017882823944092,-91.35856481360224,-686.9105110267592,-5.023022772201407,0.3448608788791174,0.031159398909658013,0.2500304714890443,3.499753217233591e-05,2.095003613692786,6.079836804225545,nan,0.11984787931706324,nan
15.63,-91.18901062011719,-687.20654296875,-5.017882823944092,-91.35083684296865,-686.9016920605469,-5.0230947472083205,0.345179615242171,0.03116976379836875,0.2500708492715939,3.570290876891917e-05,2.0964820655270158,6.057864678375672,nan,nan,nan
15.64,-91.18123626708984,-687.1980590820312,-5.017882823944092,-91.34310076183402,-686.8928504930311,-5.024164354547686,0.3455312649890935,0.03118019175005505,0.2501113150691199,3.500591815665068e-05,2.458138690121163,6.507623763190242,nan,0.7007984435697328,nan
15.65,-91.17344665527344,-687.1895751953125,-5.017882823944092,-91.33637975919159,-686.909732098068,-5.024307233379097,0.32388366501625077,0.031182414611084026,0.2500771745887043,3.568960983209525e-05,2.74551566409474,5.893157562759949,12.851341467462694,nan,nan
15.66,-91.1656494140625,-687.1810913085938,-5.017882823944092,-91.3286581969375,-686.900939451898,-5.025129096604303,0.3242058521555763,0.03119290381487228,0.2501175142920766,3.4993131840643886e-05,3.085128366610661,6.2131485610633925,nan,0.3819367330601519,nan
15.67,-91.15784454345703,-687.172607421875,-5.017882823944092,-91.32092974823834,-686.8921649476687,-5.025224097522539,0.32449754953663484,0.031203456161125145,0.2501579433443554,3.5698329970337596e-05,3.089868569099986,6.194121119876938,nan,nan,nan
15.68,-91.15003204345703,-687.1641235351562,-5.017882823944092,-91.31319450200674,-686.8834229851316,-5.023964040817906,0.3247333796559982,0.031214071794081994,0.25019846033774074,3.50015204361637e-05,2.6323246313775206,5.703560997737625,nan,1.2982376036395633,nan
15.69,-91.14221954345703,-687.1556396484375,-5.017882823944092,-91.30545182854469,-686.8746507254597,-5.0240473693939744,0.3250193153518439,0.03122475085834595,0.2502390669504736,3.570706575716757e-05,2.635415561291499,5.775021349317008,nan,nan,nan
15.700000000000001,-91.13439178466797,-687.1471557617188,-5.017882823944092,-91.29101827103801,-686.8636397460997,-5.023296544892804,0.3239482917374953,0.031227016916362153,0.2502046272817078,3.498874974361604e-05,2.1618360532574266,5.213005115426165,7.906016163294509,0.3762833374241203,nan
15.71,-91.12655639648438,-687.138671875,-5.017882823944092,-91.28322518171736,-686.8548813265713,-5.023372613297033,0.3242103043256991,0.031237756373636832,0.25024510650196735,3.5693768162499076e-05,2.1642071143690975,5.192943902997022,nan,nan,nan
15.72,-91.11872100830078,-687.1301879882812,-5.017882823944092,-91.27542561412139,-686.8460889683273,-5.024980394045896,0.3245288309619536,0.031248559337092606,0.25028567358973836,3.499713715655117e-05,2.7547776104539556,5.864069171808406,nan,1.654791717842619,nan
15.73,-91.11087799072266,-687.1217041015625,-5.017882823944092,-91.26761922129731,-686.837332137331,-5.0250737114942226,0.3247875248014901,0.03125942595132432,0.2503263301415245,3.570250628559928e-05,2.7592432222638528,5.831841523783316,nan,nan,nan
15.74,-91.10302734375,-687.1132202148438,-5.017882823944092,-91.25980609735191,-686.8285930553515,-5.024411459971431,0.32501510824882457,0.03127035636060384,0.25036707486894044,3.500553941701283e-05,2.524152627557858,5.564281612404983,nan,0.4041406625782297,nan
15.75,-91.09516906738281,-687.1047973632812,-5.017882823944092,-91.24786851043984,-686.8152823614773,-5.024669918205455,0.32738680612994187,0.03127266050105161,0.25033233814617,3.568922454924127e-05,2.437486104593277,6.751825210581223,4.907064872813818,nan,nan
15.76,-91.0873031616211,-687.0963134765625,-5.017882823944092,-91.24001828458275,-686.8065109562153,-5.025621491958885,0.3276694928787319,0.03128365042190538,0.25037295423806116,3.4992769434843076e-05,2.85400099586119,5.996725757233966,nan,0.5215496893902813,nan
15.77,-91.07943725585938,-687.0878295898438,-5.017882823944092,-91.23216120403997,-686.797759306807,-5.025723313530725,0.32791286453235846,0.03129470420956328,0.25041365963822626,3.569796103907466e-05,2.8603001585800865,6.0835146429356275,nan,nan,nan
15.780000000000001,-91.0715560913086,-687.079345703125,-5.017882823944092,-91.22429717985037,-686.7890282859616,-5.024913209081272,0.3281211196380114,0.03130582200744536,0.2504544531404219,3.5001173566406194e-05,2.5463487670984195,5.60533616278128,nan,0.5883376421018585,nan
15.790000000000001,-91.06367492675781,-687.0708618164062,-5.017882823944092,-91.2164275509614,-686.7802782202614,-5.025007828904711,0.3283640605262029,0.03131700396141856,0.2504953362206986,3.570671279640256e-05,2.551769231781291,5.693822122704528,nan,nan,nan
15.8,-91.0557861328125,-687.0623779296875,-5.017882823944092,-91.19977140342668,-686.778524331986,-5.026520843036207,0.318401065412433,0.031319341037551636,0.2504603017156406,3.4988418393645546e-05,3.07464521753165,6.083193378717783,9.129681467136852,1.5557134525429535,nan
15.81,-91.04788970947266,-687.053955078125,-5.017882823944092,-91.19185167211029,-686.769807126332,-5.0266308260837995,0.3186559786604763,0.031330581600094706,0.2505010548849819,3.569343114631281e-05,3.0817551440160322,7.076579053598928,nan,nan,nan
15.82,-91.03999328613281,-687.0454711914062,-5.017882823944092,-91.18392627226103,-686.7610866298953,-5.026938412338938,0.31886248917476795,0.03134188638401201,0.25054189608217203,3.4996820567323706e-05,3.276815250599606,6.314931835717081,nan,0.027337396473570294,nan
15.83,-91.0320816040039,-687.0369873046875,-5.017882823944092,-91.17599485664253,-686.7523709742253,-5.027052280634373,0.3190635654329587,0.0313532555366606,0.25058282670168924,3.570218442533273e-05,3.284817858079167,6.139251432933561,nan,nan,nan
15.84,-91.024169921875,-687.0285034179688,-5.017882823944092,-91.1680563291166,-686.7436792305086,-5.02604517225769,0.31920955480875357,0.0313646891992395,0.2506238456571604,3.50052372028588e-05,2.8291267860105886,5.766447497356002,nan,0.8888050247538789,nan
15.85,-91.01625061035156,-687.0200805664062,-5.017882823944092,-91.16550390064616,-686.7447866773659,-5.026235017463302,0.31326191779928375,0.03136705403939409,0.2505885153455882,3.5688917755242416e-05,3.0800437158158274,6.668301425287859,7.853902720658143,nan,nan
15.860000000000001,-91.00833129882812,-687.0115966796875,-5.017882823944092,-91.15759094110554,-686.7360642736379,-5.02702914938788,0.3134967350155065,0.03137854538526091,0.2506294031690831,3.4992481488630324e-05,3.5118528612857065,6.1689578849760585,nan,0.3328686694943361,nan
15.870000000000001,-91.00040435791016,-687.0031127929688,-5.017882823944092,-91.14967151452872,-686.7273567125825,-5.027144632747345,0.3137003044583981,0.03139010130891551,0.2506703802595009,3.569766856452562e-05,3.5200531298581543,6.121833467301149,nan,nan,nan
15.88,-90.99246978759766,-686.9946899414062,-5.017882823944092,-91.14174894367645,-686.7186166036618,-5.028938926933051,0.31404297741914705,0.031401721949630694,0.25071144561055636,3.500089918706718e-05,4.60501481456572,8.140490437368193,nan,1.9878804921803974,nan
15.89,-90.98452758789062,-686.9862060546875,-5.017882823944092,-91.13381837718218,-686.7099109964354,-5.02907296064863,0.31424817921716364,0.03141340745765126,0.25075260049871995,3.570643422890849e-05,4.615564114567074,7.106989192921156,nan,nan,nan
15.9,-90.97657775878906,-686.9777221679688,-5.017882823944092,-91.1229102489018,-686.7025909978554,-5.028182067285661,0.31179549843438703,0.03141579485877989,0.2507169738949017,3.498815742562539e-05,4.067298344991161,6.4962756795926495,1.703500411344852,0.57309042198535,nan
15.91,-90.9686279296875,-686.9692993164062,-5.017882823944092,-91.1149554622351,-686.6938956061608,-5.028306517160243,0.31203782427564997,0.03142753710461062,0.2507579963991469,3.569316631946287e-05,4.075314212125635,7.536594570605129,nan,nan,nan
15.92,-90.9606704711914,-686.9608154296875,-5.017882823944092,-91.10699629888259,-686.6851912959853,-5.0289288991474885,0.3122529851034174,0.03143934427077869,0.2507991070875038,3.4996572349217284e-05,4.5138573025098,6.95431919765332,nan,0.1743689342145338,nan
15.93,-90.95271301269531,-686.9523315429688,-5.017882823944092,-91.09903129429526,-686.6764971889489,-5.029060418497896,0.31243970459578657,0.03145121650973278,0.2508403071585417,3.5701932654128985e-05,4.5228702213374525,7.025245742806026,nan,nan,nan
15.94,-90.94474792480469,-686.9439086914062,-5.017882823944092,-91.09105660399348,-686.6678540019799,-5.02654091909515,0.31254981006536786,0.0314631539574456,0.2508815957209398,3.500500133452389e-05,3.1606041151764614,6.555588254525766,nan,4.964542088532265,nan
15.950000000000001,-90.93677520751953,-686.9354248046875,-5.017882823944092,-91.07692186059553,-686.6390242971421,-5.026623543826056,0.32797979423377704,0.03146555870596207,0.2508456746439308,3.568867883350707e-05,2.9126491424337857,5.916050976307863,15.543238076433456,nan,nan
15.96,-90.92880249023438,-686.927001953125,-5.017882823944092,-91.0688919647887,-686.6303447474836,-5.024858100224113,0.3281451096985172,0.03147755192420537,0.25088682962228526,3.499225775791469e-05,2.1587325610279953,6.2819127082007045,nan,2.47787877538901,nan
15.97,-90.92081451416016,-686.9185180664062,-5.017882823944092,-91.06086050931403,-686.621631180729,-5.0249477676023355,0.32833613428114633,0.03148961041704155,0.25092807382977983,3.569744184888413e-05,2.1634064600605205,5.03262356254465,nan,nan,nan
15.98,-90.91283416748047,-686.9100341796875,-5.017882823944092,-91.0528255255862,-686.6129059589767,-5.025730593810961,0.3285488508257381,0.0315017343181028,0.2509694064501749,3.50006869906851e-05,2.521440552175864,5.608737279265244,nan,0.33824891958745085,nan
15.99,-90.90483856201172,-686.901611328125,-5.017882823944092,-91.04478442590644,-686.6041941818871,-5.025829144612804,0.32879316858732455,0.03151392378335338,0.25101082857100865,3.570621930584758e-05,2.5269182241342065,6.399872197919917,nan,nan,nan
16.0,-90.89684295654297,-686.8931274414062,-5.017882823944092,-91.03703496719427,-686.595817170428,-5.025274068037503,0.32878842371484807,0.031516340630333116,0.2509746127669518,3.498795652338877e-05,2.324537424460471,5.240549137214015,0.3142486558327632,0.23098235936528058,nan
16.01,-90.88884735107422,-686.8847045898438,-5.017882823944092,-91.02898637884739,-686.5871068589316,-5.025366983838148,0.3290279155308414,0.03152858487968613,0.25101590007555075,3.5692962937930284e-05,2.3289408443959543,6.329523398137493,nan,nan,nan
16.02,-90.8808364868164,-686.876220703125,-5.017882823944092,-91.02093301972052,-686.5783987970486,-5.025376075440322,0.329212811246308,0.03154089473300767,0.2510572757169622,3.499638217651514e-05,2.361067868159136,5.124000681928842,nan,0.005060040759973769,nan
16.03,-90.87283325195312,-686.8677978515625,-5.017882823944092,-91.01287527940889,-686.5696900090765,-5.025469938270641,0.32945048111880293,0.03155327034863193,0.25109874070692256,3.570174023115032e-05,2.365578061882694,6.351253766894626,nan,nan,nan
16.04,-90.86481475830078,-686.8593139648438,-5.017882823944092,-91.00481303270392,-686.5609818413029,-5.025564807376137,0.3296370513787687,0.03156571186412368,0.25114029475438504,3.6421404574797785e-05,2.370524471678639,5.126546897464292,nan,nan,nan
16.05,-90.85679626464844,-686.8508911132812,-5.017882823944092,-90.99907558576069,-686.5844954310513,-5.025634201663157,0.3021094976717152,0.0315681355671947,0.25110378589402116,3.713169291407655e-05,2.573369056940545,5.441337271470463,18.827605046497926,nan,nan
16.06,-90.8487777709961,-686.8424072265625,-5.017882823944092,-90.99104257948724,-686.5758263594926,-5.026561796542576,0.3022911824518637,0.03158063085118189,0.25114520349800706,3.634956514409954e-05,3.02379533385455,5.108967497073582,nan,0.4518865731819366,nan
16.07,-90.84075164794922,-686.833984375,-5.017882823944092,-90.98300320220329,-686.5671720073423,-5.0266672650709285,0.30249216622705616,0.03159319209247785,0.2511867103323164,3.708140007117784e-05,3.0286413182261924,5.884839909451155,nan,nan,nan
16.080000000000002,-90.83271789550781,-686.8255615234375,-5.017882823944092,-90.9749564078041,-686.5585387892113,-5.0255357817110555,0.30264088080839524,0.03160581941764725,0.2512283056928383,3.630199198117608e-05,2.5571723479897988,5.339929864970741,nan,1.004345328666077,nan
16.09,-90.8246841430664,-686.8170776367188,-5.017882823944092,-90.9669084500355,-686.5498859015343,-5.025630745179855,0.30278574459049096,0.03161851298967624,0.25126999055401694,3.703254151222222e-05,2.5613042766288827,4.56320256274198,nan,nan,nan
16.1,-90.81664276123047,-686.8086547851562,-5.017882823944092,-90.94949915900945,-686.5550055661794,-5.026606440270687,0.2864696322478159,0.03162093826498127,0.25123318857240884,3.623319227551104e-05,2.898738835761549,5.483246396601413,9.465407434954987,0.6800705921771768,nan
16.11,-90.80860137939453,-686.8001708984375,-5.017882823944092,-90.94141005480336,-686.5463958084371,-5.02671069873085,0.2865621606943669,0.03163368458785671,0.251274736236893,3.696161055826991e-05,2.903360896187893,4.824051061885731,nan,nan,nan
16.12,-90.80055236816406,-686.791748046875,-5.017882823944092,-90.9333181975267,-686.5377791253246,-5.027300986830059,0.2867327681866165,0.03164649718311902,0.2513163723478612,3.618846846859229e-05,3.242327380689532,5.804573701237916,nan,0.15511865263317423,nan
16.13,-90.79249572753906,-686.7833251953125,-5.017882823944092,-90.92522101413074,-686.5291708749209,-5.027412374065297,0.2868819140344976,0.03165937621582448,0.2513580978062088,3.6915748496679366e-05,3.2476170103353748,5.7294557823523204,nan,nan,nan
16.14,-90.78443908691406,-686.7748413085938,-5.017882823944092,-90.91711369300528,-686.5205981239857,-5.025274373720829,0.28687415887321555,0.03167232180941704,0.25139991201709355,3.614515944632223e-05,2.2958265034157748,4.129622665419661,nan,3.348793553487407,nan
16.15,-90.77638244628906,-686.7664184570312,-5.017882823944092,-90.9025736011092,-686.4894546963512,-5.0252607891519165,0.3044463280374155,0.031674743398709716,0.25136281850814973,3.684804394840326e-05,2.0529972127220266,5.387124629708986,16.880049494081657,nan,nan
16.16,-90.76831817626953,-686.7579345703125,-5.017882823944092,-90.8890823065773,-686.550132199726,-5.0259751968626745,0.2404813649533026,0.031573601134172874,0.23214844992826505,3.608067026327158e-05,2.701966642860013,5.1344233286669025,nan,0.26540299348000207,0.249553883418349
16.17,-90.76025390625,-686.74951171875,-5.017882823944092,-90.88095357376773,-686.5415138994146,-5.026072307074865,0.24062121731289604,0.03158798692541101,0.23218172330535383,3.68049570410913e-05,2.703092612794439,6.005013313310401,nan,nan,nan
16.18,-90.75218200683594,-686.7410888671875,-5.017882823944092,-90.87282473975058,-686.532800834051,-5.024032181187295,0.24078286556038866,0.03160243177065715,0.23221508081528436,3.604028378147589e-05,1.9241257830158522,5.126848917855854,nan,3.0411684976675173,nan
16.19,-90.74410247802734,-686.732666015625,-5.017882823944092,-90.86468839799986,-686.5241838309533,-5.024110194473879,0.24092439802725954,0.03161693582352479,0.23224852858541464,3.6763629357536206e-05,1.9239561066423203,5.029020682575416,nan,nan,nan
16.2,-90.73602294921875,-686.7241821289062,-5.017882823944092,-90.8663677855624,-686.5088352123819,-5.023916166959688,0.25179450360552064,0.03161954419680606,0.23223024895945799,3.5979144526739096e-05,2.118128503047959,4.1695830649696175,9.998214877701821,0.05025264996713134,nan
16.21,-90.72794342041016,-686.7157592773438,-5.017882823944092,-90.85826348855502,-686.5002088640712,-5.023993508483641,0.25195761804082356,0.03163408352849828,0.23226360894720977,3.67007077650364e-05,2.1176769180099004,5.02097560585099,nan,nan,nan
16.22,-90.71985626220703,-686.7073364257812,-5.017882823944092,-90.85015426593041,-686.4916284247761,-5.0251307534823395,0.2521111737994486,0.031648682175478025,0.2322970532457394,3.594166547006267e-05,2.5558778799882655,5.369067618091876,nan,0.7498992338054763,nan
16.23,-90.7117691040039,-686.6988525390625,-5.017882823944092,-90.84204279500322,-686.4830035049697,-5.025220659649861,0.2522218942086996,0.0316633402877294,0.23233058743604734,3.666241572988905e-05,2.5574387493398345,4.638268624297013,nan,nan,nan
16.240000000000002,-90.70367431640625,-686.6904296875,-5.017882823944092,-90.83392614457816,-686.4744325944733,-5.026593362635223,0.252380974763116,0.03167805800500114,0.23236420635377286,3.5905614701550006e-05,3.1960554593690977,5.9816280925396965,nan,1.101292450563977,nan
16.25,-90.6955795288086,-686.6820068359375,-5.017882823944092,-90.82751601983851,-686.4469000588612,-5.026774325353013,0.2697433837739419,0.03168061926802802,0.232345613882052,3.6602680950333473e-05,3.1256874365943923,6.6726459027447,10.170480085884842,nan,nan
16.26,-90.6874771118164,-686.673583984375,-5.017882823944092,-90.81938867600097,-686.4382116991285,-5.026541394733058,0.26995507825542236,0.03169537157855811,0.2323791439257848,3.584899421660757e-05,3.051563196491679,6.502772245438238,nan,0.0776358510410548,nan
16.27,-90.67937469482422,-686.6651000976562,-5.017882823944092,-90.81125757019296,-686.4295375912949,-5.026645824245112,0.270110305973412,0.031710183608719196,0.23241276351046575,3.6567389990065866e-05,3.0551649972256976,5.62313710736671,nan,nan,nan
16.28,-90.67127227783203,-686.6566772460938,-5.017882823944092,-90.8031240894823,-686.4208131835495,-5.025467885779839,0.27032256546278366,0.03172505550056874,0.23244646797351035,3.5815815475820255e-05,2.555954126451022,6.1063451895363166,nan,1.1096829944284659,nan
16.29,-90.66316223144531,-686.6482543945312,-5.017882823944092,-90.79498621632113,-686.4121404879213,-5.0255617379231055,0.2705296760117964,0.031739987400548085,0.23248026214747586,3.6533566597603624e-05,2.5581692369310245,6.005985216891156,nan,nan,nan
16.3,-90.65504455566406,-686.6398315429688,-5.017882823944092,-90.78673050447335,-686.3891400578922,-5.024558294024057,0.28325248755216476,0.031742497920288645,0.23246135170228824,3.5762179281073156e-05,2.0791098451240866,6.108787493756482,7.35731318961161,0.9009030911473457,nan
16.31,-90.64692687988281,-686.6314086914062,-5.017882823944092,-90.77857582830458,-686.380428815406,-5.024643831933336,0.28349260132614545,0.031757463705985096,0.23249505566163378,3.647844543612542e-05,2.0811858049576326,6.164389929597205,nan,nan,nan
16.32,-90.63880920410156,-686.6229248046875,-5.017882823944092,-90.77041803495007,-686.3717180655902,-5.024730501812066,0.2836769303580593,0.03177248960614101,0.232528846747822,3.720909199433524e-05,2.0836849631791,5.169463096502013,nan,nan,nan
16.330000000000002,-90.63069152832031,-686.614501953125,-5.017882823944092,-90.76225720202484,-686.3630077938998,-5.024818252161833,0.28391361148470645,0.031787575765256586,0.2325627251053531,3.795426345590261e-05,2.085782710472064,6.265621316742664,nan,nan,nan
16.34,-90.62256622314453,-686.6060791015625,-5.017882823944092,-90.75409319973033,-686.3542999020868,-5.024963076306947,0.28415179188583367,0.0318027223276759,0.2325966887034326,3.711747136698934e-05,2.1641713612746134,6.238795155311263,nan,0.0019676671328493554,nan
16.35,-90.61443328857422,-686.59765625,-5.017882823944092,-90.73181871331191,-686.3646894288659,-5.025121872175968,0.2609698862119891,0.03180517844439191,0.23257746471206805,3.78359340406191e-05,1.9872857162680069,5.958674410812793,15.80595154260745,nan,nan
16.36,-90.6063003540039,-686.5892333984375,-5.017882823944092,-90.72359951607189,-686.3560527974499,-5.026072953160717,0.26115008006002555,0.03182035816502893,0.23261133700889927,3.7005651603027844e-05,2.4105361190093495,6.4306191969617466,nan,0.46454212213567664,nan
16.37,-90.5981674194336,-686.580810546875,-5.017882823944092,-90.71537758725871,-686.3473859060848,-5.026174837353251,0.26133129138317895,0.03183559839269381,0.23264529853425875,3.774539650509493e-05,2.4151225748794065,6.47784379888219,nan,nan,nan
16.38,-90.59002685546875,-686.5723876953125,-5.017882823944092,-90.70715278561028,-686.3387127112136,-5.026078497945575,0.26151415024331426,0.03185089927182199,0.23267934543609964,3.6920384251338144e-05,2.4085729111027714,6.345556448604762,nan,0.025185556797113682,nan
16.39,-90.5818862915039,-686.5639038085938,-5.017882823944092,-90.69892509171672,-686.3300471413941,-5.026180861433359,0.26164074410376803,0.03186626094691796,0.23271348174352685,3.765808077492921e-05,2.4138250380546467,5.467261893661479,nan,nan,nan
16.4,-90.57374572753906,-686.5554809570312,-5.017882823944092,-90.6949941231502,-686.3164633180699,-5.026153508106939,0.26813990637254537,0.031868658969194386,0.23269394014459752,3.681516752892096e-05,2.5024843337686744,6.481332244280916,1.4508767602987809,0.008742070728341197,nan
16.41,-90.56559753417969,-686.5470581054688,-5.017882823944092,-90.68677634154874,-686.3077887346205,-5.026256626903447,0.26833608731865205,0.031884053054482595,0.2327279838293413,3.7550011047598184e-05,2.5075619928782293,6.357663373015613,nan,nan,nan
16.42,-90.55744934082031,-686.5386352539062,-5.017882823944092,-90.67855544765877,-686.2990755803963,-5.025179664217323,0.2685307620436021,0.031899508035344366,0.23276211300587912,3.6736101569178315e-05,2.085250453144495,5.977612299588376,nan,0.8924841322040102,nan
16.43,-90.54930114746094,-686.5302124023438,-5.017882823944092,-90.67033199299155,-686.2904023497928,-5.02527328567905,0.2687228047617359,0.03191502405643201,0.23279633127883229,3.7469145009972464e-05,2.089302286804807,6.025305374863713,nan,nan,nan
16.44,-90.54114532470703,-686.5217895507812,-5.017882823944092,-90.66210599448371,-686.2817588242312,-5.026266569047291,0.26891731164597893,0.03193060126196955,0.23283063543037302,3.666002468505941e-05,2.5447224073099033,6.354457644594341,nan,0.5189072335696525,nan
16.45,-90.53298950195312,-686.5133666992188,-5.017882823944092,-90.65658633768341,-686.2730363966086,-5.02625869021789,0.2703793396157444,0.031932937471527395,0.2328107799101644,3.736772763314402e-05,2.5582233682209976,6.252290327038115,1.4885655727457703,nan,nan
16.46,-90.52482604980469,-686.5049438476562,-5.017882823944092,-90.64836548036766,-686.2643385664372,-5.025462554544706,0.270574101809992,0.031948546319208924,0.23284499033969003,3.656425502877992e-05,2.247867317585922,5.819028012848147,nan,0.5223584204775781,nan
16.47,-90.51667022705078,-686.4965209960938,-5.017882823944092,-90.64014236909733,-686.2556695391992,-5.02555802062844,0.2707650324431619,0.031964216447749966,0.23287928957485873,3.7293114969092986e-05,2.251831097385771,6.030990888509768,nan,nan,nan
16.48,-90.50849914550781,-686.4880981445312,-5.017882823944092,-90.63191744880419,-686.2470433238382,-5.027036583064987,0.2709673328539298,0.031979948000787926,0.23291367477593589,3.6494119742997934e-05,2.964177369969904,6.456609076009318,nan,1.238323382527405,nan
16.490000000000002,-90.50033569335938,-686.4796752929688,-5.017882823944092,-90.62368913765408,-686.2383752928118,-5.027147856357032,0.27115973727805887,0.031995741123880206,0.23294814898264757,3.722150845366257e-05,2.9701318691645047,6.661536814534612,nan,nan,nan
16.5,-90.4921646118164,-686.4712524414062,-5.017882823944092,-90.60866520085564,-686.2262734238924,-5.027467779295079,0.27143871801499314,0.0319980117764253,0.23292797638595095,3.64044332905102e-05,3.0409438366079575,7.173071127729237,8.142711209135836,0.03236304593160275,nan
16.51,-90.48399353027344,-686.4628295898438,-5.017882823944092,-90.60040056805036,-686.2175918691386,-5.027583107931307,0.27163621557167417,0.032013835754197646,0.23296235558597697,3.71295436902542e-05,3.0480877789747334,7.213298792443752,nan,nan,nan
16.52,-90.47581481933594,-686.4544067382812,-5.017882823944092,-90.59213378200029,-686.2089235458868,-5.028138543265716,0.27184053892360505,0.032029721392607284,0.23299682082188733,3.634002953620506e-05,3.4048180538255317,7.429979387978156,nan,0.12614123511534658,nan
16.53,-90.46763610839844,-686.4459838867188,-5.017882823944092,-90.5838641836531,-686.2002430567966,-5.0282601918636605,0.27203898752417743,0.03204566883809667,0.23303137479789177,3.706387390463786e-05,3.412673954113945,7.4702601753296,nan,nan,nan
16.54,-90.45945739746094,-686.4375610351562,-5.017882823944092,-90.57559154619271,-686.1915421377608,-5.02763447644727,0.27222698819890334,0.03206167823294276,0.23306601517590814,3.627837793828171e-05,3.1250738610752786,7.211950986669599,nan,0.36762543912319484,nan
16.55,-90.45127868652344,-686.4291381835938,-5.017882823944092,-90.57306710005523,-686.1821928425536,-5.027795756423125,0.27552256779138384,0.03206387956344676,0.23304552828756206,3.6977951065639744e-05,3.2558833839698478,7.0829224793193575,3.8443907527008028,nan,nan
16.56,-90.4430923461914,-686.4207153320312,-5.017882823944092,-90.56481476899964,-686.1735300912303,-5.028421356297753,0.27573166693054457,0.03207991900576936,0.2330800725507275,3.619729237468181e-05,3.6630359950941562,7.351628998296709,nan,0.16976944712699732,nan
16.57,-90.43490600585938,-686.4122924804688,-5.017882823944092,-90.55655972562805,-686.1648539238463,-5.028545498273377,0.2759332518215436,0.03209602048848087,0.23311470530373665,3.6917976032026996e-05,3.6708091551651947,7.389699026151044,nan,nan,nan
16.580000000000002,-90.42671966552734,-686.4038696289062,-5.017882823944092,-90.54830331241051,-686.1561992481946,-5.029466148200097,0.27614737744918866,0.03211218415280092,0.23314942450529236,3.6141043563843856e-05,4.300078368640471,8.046318592758489,nan,0.4184613478243171,nan
16.59,-90.41852569580078,-686.3954467773438,-5.017882823944092,-90.54004381028797,-686.1475239161052,-5.02960031675955,0.2763506774210925,0.0321284101468145,0.23318423241589745,3.686072925714351e-05,4.308921779606284,7.924229739032834,nan,nan,nan
16.6,-90.41033172607422,-686.3870239257812,-5.017882823944092,-90.53668848279445,-686.1536371853881,-5.028565865848754,0.2656116110875578,0.03213053836524879,0.2331634289654195,3.606542291792029e-05,3.924204901307567,6.740976655280112,15.57446584798509,0.7335468365347002,nan
16.61,-90.40213775634766,-686.3786010742188,-5.017882823944092,-90.52845393910005,-686.1450058906343,-5.028689322831401,0.26578048881964983,0.03214679358096102,0.23319813950903837,3.67832976714828e-05,3.9303925789360283,6.776929107155089,nan,nan,nan
16.62,-90.39393615722656,-686.3701782226562,-5.017882823944092,-90.5202210524975,-686.1364501027471,-5.031836787912254,0.2660289869925853,0.032163111206727844,0.23323293653326513,3.601433361390737e-05,6.158097620659876,8.885204090683294,nan,6.087477139577659,nan
16.63,-90.3857421875,-686.3617553710938,-5.017882823944092,-90.51198226032528,-686.1278196438266,-5.031992082961079,0.2661983314541355,0.03217949139177393,0.23326782203720778,3.673137689689592e-05,6.166994513690922,9.064076184792535,nan,nan,nan
16.64,-90.3775405883789,-686.3533325195312,-5.017882823944092,-90.50374338306209,-686.1192263216105,-5.033669473058093,0.2664246151934618,0.032195934275548496,0.23330279437067122,3.59657135771196e-05,7.6726295884607145,10.442161001973936,nan,1.545480386562879,nan
16.65,-90.36933135986328,-686.344970703125,-5.017882823944092,-90.50030183573507,-686.0894486990649,-5.033791826127066,0.2875723499564092,0.032197985580380756,0.23328167644265954,3.665930591150603e-05,7.632220960696747,11.974870375516097,8.50246100408524,nan,nan
16.66,-90.36112976074219,-686.3365478515625,-5.017882823944092,-90.49206790011019,-686.0808370647593,-5.0369767649006665,0.2879190535722173,0.03221445684086877,0.2333165502956043,3.589773781867289e-05,10.880440056038877,14.267307068350181,nan,6.086310529669652,nan
16.67,-90.35292053222656,-686.328125,-5.017882823944092,-90.48382767168636,-686.0721557766346,-5.037179787986244,0.2881480440555739,0.03223099088645658,0.2333515124115026,3.6612445956113415e-05,10.891424980107033,14.144991065819845,nan,nan,nan
16.68,-90.34471130371094,-686.3197021484375,-5.017882823944092,-90.47558485923172,-686.0634640139575,-5.036897592684618,0.28835296170958513,0.03224758785544994,0.23338656136952676,3.585391239822265e-05,10.801408971946795,14.066274828738498,nan,0.1589041096382361,nan
16.69,-90.33649444580078,-686.311279296875,-5.017882823944092,-90.46734089497177,-686.054783582204,-5.037097786539767,0.28858284719089905,0.03226424789886396,0.23342169882565128,3.6568003076577424e-05,10.810282703710044,13.950698038221297,nan,nan,nan
16.7,-90.32828521728516,-686.3028564453125,-5.017882823944092,-90.46265119897204,-686.032419046512,-5.0372750594612015,0.30259983890114983,0.03226621846607217,0.23340026555169413,3.7272989904495754e-05,10.806570859171018,14.525479292874508,3.3987869538320865,nan,nan
16.71,-90.320068359375,-686.29443359375,-5.017882823944092,-90.45440967663569,-686.0237053769926,-5.037476700924935,0.3028618115364592,0.032282906023376357,0.2334353033043823,3.801500567710277e-05,10.81308272495425,14.40559490710705,nan,nan,nan
16.72,-90.31184387207031,-686.2860107421875,-5.017882823944092,-90.44616268136832,-686.0149465767929,-5.035526219600729,0.3030323641174285,0.032299656724726795,0.23347042784470182,3.717036470469013e-05,9.085377042245101,12.563271705841592,nan,2.8953593040306838,nan
16.73,-90.30362701416016,-686.2776489257812,-5.017882823944092,-90.4379171289869,-686.0062334603927,-5.035708753131844,0.3033446118586846,0.03231647072283217,0.23350564073860752,3.7910071748393225e-05,9.089114711449454,13.925039520443859,nan,nan,nan
16.740000000000002,-90.29540252685547,-686.2692260742188,-5.017882823944092,-90.42967138074437,-685.9975408185685,-5.036878563027188,0.3036475611061209,0.03233334815368508,0.23354094076004797,3.707176606469602e-05,10.43736798222587,13.942074151270315,nan,0.6108589044483903,nan
16.75,-90.28718566894531,-686.2608032226562,-5.017882823944092,-90.42525870620376,-685.9766040435022,-5.037144871895378,0.3165507282267336,0.0323352341472826,0.23351919228282825,3.7785254769302434e-05,10.541828767524173,14.595256760147576,2.8330713624979293,nan,nan
16.76,-90.2789535522461,-686.2523803710938,-5.017882823944092,-90.41701649856559,-685.967872134285,-5.037832994952702,0.3168664123596984,0.03235213821057597,0.23355439148930127,3.6954114932214854e-05,11.489891922193308,15.281793557216432,nan,0.15281996135220155,nan
16.77,-90.2707290649414,-686.2439575195312,-5.017882823944092,-90.408771555435,-685.959130878021,-5.038035047062927,0.31715620282803286,0.0323691057888625,0.23358967885000706,3.768870019987556e-05,11.491854512145707,15.436347842809687,nan,nan,nan
16.78,-90.26249694824219,-686.235595703125,-5.017882823944092,-90.40051990866422,-685.9503376609155,-5.035487593702099,0.31738370494893314,0.03238613701716933,0.23362505333191916,3.686344562056589e-05,9.120665031343432,14.214819797757968,nan,4.804723057873163,nan
16.79,-90.2542724609375,-686.2271728515625,-5.017882823944092,-90.392271320434,-685.9415969119732,-5.035664380079072,0.31766883106976906,0.03240323204974366,0.23366051621203998,3.759613910564084e-05,9.120106808829098,13.094038140425674,nan,nan,nan
16.8,-90.24604034423828,-686.21875,-5.017882823944092,-90.37084314330068,-685.9443118464745,-5.034561539419664,0.30194406487657716,0.032405029616783834,0.233638452170119,3.67538438842299e-05,8.098556214365612,12.066102976669745,12.036727141484159,1.1843450381871423,nan
16.81,-90.23780059814453,-686.2103271484375,-5.017882823944092,-90.36254495786265,-685.9355932230375,-5.034728391429749,0.30219804465136135,0.03242215038307947,0.2336738130328437,3.7483854947139126e-05,8.09803026121246,11.917619147808182,nan,nan,nan
16.82,-90.22956848144531,-686.201904296875,-5.017882823944092,-90.35424083093854,-685.9268337324041,-5.032549539648685,0.3023609146633222,0.03243933501298779,0.23370926099902617,3.667074288262658e-05,6.391096662046489,10.383162245627624,nan,3.5354789469536425,nan
16.830000000000002,-90.22132873535156,-686.1935424804688,-5.017882823944092,-90.34593934813857,-685.9181158607821,-5.032695237863119,0.30266654135743537,0.03245658366159036,0.23374479718048566,3.739911892675199e-05,6.389219206669907,11.463934188188906,nan,nan,nan
16.84,-90.21308898925781,-686.1851196289062,-5.017882823944092,-90.3376335529583,-685.9093736419203,-5.031384571904927,0.30286877502343945,0.03247389646257383,0.2337804207917362,3.659124831015967e-05,5.502244904750774,9.362736969330525,nan,1.3698528710019442,nan
16.85,-90.20484924316406,-686.1766967773438,-5.017882823944092,-90.33651112002944,-685.9142244068344,-5.031522589918894,0.29396026656059826,0.032475601755632515,0.23375804241362583,3.7294740448924165e-05,5.670699671839794,8.685712003820472,16.351309712620548,nan,nan
16.86,-90.19660949707031,-686.1682739257812,-5.017882823944092,-90.32824160131507,-685.9055506968186,-5.031822775699496,0.2941850236830349,0.03249293937390725,0.2337935628947206,3.649290335259495e-05,6.00405054363196,9.03280920194872,nan,0.017743278248312008,nan
16.87,-90.18836212158203,-686.159912109375,-5.017882823944092,-90.3199701445487,-685.8968746948215,-5.031960221535114,0.29446141731497105,0.0325103412215244,0.2338291714176518,3.721744200321769e-05,6.000610264749737,9.992189629543514,nan,nan,nan
16.88,-90.18011474609375,-686.1514892578125,-5.017882823944092,-90.3116931184625,-685.8881664281414,-5.030013929206484,0.2946166058050533,0.03252780743148245,0.23386486733774495,3.6420443401698726e-05,4.71358590598675,7.6299749857653625,nan,2.829656606491921,nan
16.89,-90.17186737060547,-686.14306640625,-5.017882823944092,-90.30341874472236,-685.8794913319948,-5.030133032908822,0.2948349562388252,0.032545338159984866,0.23390065155589715,3.714368219941604e-05,4.710114632832725,7.6391438515398615,nan,nan,nan
16.9,-90.1636962890625,-686.1346435546875,-5.017882823944092,-90.2910871489835,-685.8650678843821,-5.0315296021311635,0.2984722897806094,0.03254694730276513,0.2338779581706816,3.632916997008798e-05,5.7017264908765615,9.137636681905349,4.120093415252271,1.1715018442590046,nan
16.91,-90.15563201904297,-686.1262817382812,-5.017882823944092,-90.28292069168887,-685.8563757566493,-5.031663019880742,0.2987332236372701,0.032564501915337364,0.23391363808096144,3.7050309289162274e-05,5.6971016914540185,10.083044299861177,nan,nan,nan
16.92,-90.147705078125,-686.1178588867188,-5.017882823944092,-90.27488127705848,-685.847689441272,-5.032174067824381,0.2989474108933235,0.03258212109656375,0.23394940534686484,3.626337555255573e-05,6.200381480386227,9.439305789635387,nan,0.09313102533301856,nan
16.93,-90.13993072509766,-686.1094360351562,-5.017882823944092,-90.26698254355574,-685.8389980206917,-5.032313261041057,0.2991439816473304,0.032599805003184365,0.23398526074998288,3.6983420633652334e-05,6.195160526462001,9.54459491019303,nan,nan,nan
16.94,-90.1323013305664,-686.1010131835938,-5.017882823944092,-90.2592270104213,-685.8302785478242,-5.030427157010391,0.29927367325577214,0.03261755376730615,0.23402120382455863,3.62007513849691e-05,4.907896127636434,8.174989206268705,nan,2.7068105523546673,nan
16.95,-90.12481689453125,-686.0926513671875,-5.017882823944092,-90.25531495127794,-685.823730935709,-5.030601380590216,0.29918172231002527,0.032619062901062514,0.23399819634571653,3.689692625438518e-05,5.008317016500248,9.076153591289899,1.9953393683298013,nan,nan
16.96,-90.11748504638672,-686.084228515625,-5.017882823944092,-90.24787400297582,-685.815034297359,-5.029750879648152,0.2993453822834314,0.032636834599148075,0.23403403400097794,3.6119290774664225e-05,4.519853973666508,7.568070420223032,nan,0.6283924525257641,nan
16.97,-90.11029052734375,-686.0758056640625,-5.017882823944092,-90.24058125730527,-685.8063504747481,-5.02986586000317,0.29954192780902805,0.03265467122572456,0.23406995963981345,3.683652227489213e-05,4.514658225422975,7.4234653681703024,nan,nan,nan
16.98,-90.1032485961914,-686.0673828125,-5.017882823944092,-90.23342880936859,-685.7976447430334,-5.0282939641154085,0.2996896826086795,0.032672572912514374,0.23410597289702756,3.6062795743137386e-05,3.618361136186836,6.702449725146407,nan,1.8921470789860861,nan
16.990000000000002,-90.09634399414062,-686.0590209960938,-5.017882823944092,-90.2264212429022,-685.7889597458773,-5.0283940785131875,0.2999394205276955,0.03269053981691825,0.23414207440348303,3.677919773736439e-05,3.6128503133587193,7.749684492702988,nan,nan,nan
17.0,-90.0895767211914,-686.0505981445312,-5.017882823944092,-90.20720184512142,-685.8027517936601,-5.0307797148093565,0.27464488564992723,0.03269194505495212,0.23411875249934805,3.598744297144807e-05,5.108467865895539,7.878796694476309,11.800196831638763,3.1102918453925437,nan
17.01,-90.08293914794922,-686.0421752929688,-5.017882823944092,-90.20043345631127,-685.7941149148371,-5.030905728962803,0.2747880269433448,0.032709933926964606,0.23415474743035647,3.670220526458446e-05,5.104174583253162,7.780815306100963,nan,nan,nan
17.02,-90.0764389038086,-686.0337524414062,-5.017882823944092,-90.19380032188364,-685.785487567529,-5.031928579007163,0.27496624027171684,0.032727988058282635,0.23419082991975432,3.593671393561553e-05,5.969755173192975,8.749122448308714,nan,0.5368759862895702,nan
17.03,-90.07006072998047,-686.025390625,-5.017882823944092,-90.18729608390322,-685.776848665177,-5.032065519980533,0.2751697346528377,0.03274610760654424,0.2342270005143034,3.665080861487069e-05,5.96497260091579,9.591589551998387,nan,nan,nan
17.04,-90.0638198852539,-686.0169677734375,-5.017882823944092,-90.18091805329847,-685.7681990128644,-5.031338249106928,0.27527972257825406,0.03276429270303609,0.2342632589750281,3.5888721618532574e-05,5.518222660062267,8.37513895719129,nan,0.5022685961875063,nan
17.05,-90.05770111083984,-686.008544921875,-5.017882823944092,-90.17799679456753,-685.7690710833176,-5.03154903555364,0.26833847323236937,0.03276559018276911,0.23423962334356793,3.657970135615716e-05,5.656676154801001,8.051287347246955,5.2980080769264335,nan,nan
17.06,-90.05169677734375,-686.0001220703125,-5.017882823944092,-90.1718859121977,-685.7604493747605,-5.031156504965363,0.2684485420671355,0.03278379626446204,0.234275774121063,3.582177676237184e-05,5.46593779738376,7.737521218054049,nan,0.1858850325777927,nan
17.07,-90.04581451416016,-685.99169921875,-5.017882823944092,-90.16589690815641,-685.7518320020712,-5.031285249596058,0.2685808779464229,0.03280206795871057,0.2343120128650005,3.653385941594718e-05,5.460527261255668,7.780468988670985,nan,nan,nan
17.080000000000002,-90.04005432128906,-685.9832763671875,-5.017882823944092,-90.16002779585305,-685.7432204819787,-5.032129273766503,0.2687441607828435,0.03282040539670298,0.23434833940624916,3.57790299100057e-05,6.212913495453471,8.634302424434365,nan,0.34431597635699135,nan
17.09,-90.03440856933594,-685.974853515625,-5.017882823944092,-90.15427316626403,-685.734600419605,-5.032267259085985,0.26887912473500103,0.03283880873629973,0.23438475418681237,3.6490649793580526e-05,6.207037837972722,8.62837447274137,nan,nan,nan
17.1,-90.02886962890625,-685.9664306640625,-5.017882823944092,-90.14875424992367,-685.6951802416645,-5.029543556059092,0.29679131840577866,0.03283999456949921,0.23436080474583293,3.571727071167704e-05,4.264947304093888,7.653668254488531,23.258244238696445,5.671425358087344,nan
17.11,-90.02344512939453,-685.9580078125,-5.017882823944092,-90.14320868320186,-685.6864788353594,-5.029655839625919,0.2970015120261927,0.032858417896201475,0.23439711070612082,3.6427606563864114e-05,4.2606252943165535,7.748856004627247,nan,nan,nan
17.12,-90.01812744140625,-685.9495849609375,-5.017882823944092,-90.13776904276678,-685.67776265849,-5.02831522793349,0.2971705098709687,0.032876907158565054,0.23443350438954125,3.567942262736805e-05,3.503813893357794,6.985993315471046,nan,1.435118946111013,nan
17.13,-90.0129165649414,-685.941162109375,-5.017882823944092,-90.13243950622527,-685.6690578079645,-5.028415168408179,0.29738428778126713,0.03289546251442045,0.23446998618068635,3.638942072472629e-05,3.499658137175113,7.017026260431157,nan,nan,nan
17.14,-90.0078125,-685.9327392578125,-5.017882823944092,-90.13009431431833,-685.6559875051853,-5.027512256112091,0.30271620481746625,0.02714519868829294,0.2213294738211472,3.5643593674306374e-05,3.254638520079265,6.847119856166454,nan,0.6866783227193411,0.00143941683448846
17.150000000000002,-90.0028076171875,-685.92431640625,-5.017882823944092,-90.12486753065048,-685.6564526278372,-5.027540835857984,0.2945214821609686,0.027146965909472996,0.22130059632738613,3.633102059174494e-05,3.252717718123981,6.531120394787666,2.0128018068903333,nan,nan
17.16,-89.9979019165039,-685.9158935546875,-5.017882823944092,-90.11988811656524,-685.6477022884911,-5.026740021786505,0.2947636989573738,0.027155970544762115,0.22133956536349614,3.558892567732895e-05,2.8851216381703773,6.175375854903701,nan,0.5440509536315798,nan
17.17,-89.99308776855469,-685.907470703125,-5.017882823944092,-90.11497696333747,-685.6390060588005,-5.026824294646548,0.29497489885646283,0.027165035117931197,0.22137862782332138,3.629752089149159e-05,2.879097498186672,6.081474066451382,nan,nan,nan
17.18,-89.9883804321289,-685.8989868164062,-5.017882823944092,-90.11014604497404,-685.6303381983821,-5.027408054057778,0.29510959734741504,0.027174156439829577,0.22141777259735096,3.555781788444399e-05,3.223874427562748,5.699562807852238,nan,0.1698850744933405,nan
17.19,-89.98375701904297,-685.8905639648438,-5.017882823944092,-90.1054266764378,-685.6216376869904,-5.02749905085477,0.2953257866672283,0.027183337916414634,0.22145701078013677,3.6266230335279585e-05,3.2178461451956113,6.491282785880844,nan,nan,nan
17.2,-89.97923278808594,-685.8821411132812,-5.017882823944092,-90.10584223668967,-685.6208721992614,-5.028539319931013,0.29052531527489944,0.027185173363225065,0.22142780442328241,3.550747427501273e-05,4.015798870888859,7.097977652664325,9.95102693477875,0.6964337636793911,nan
17.21,-89.97479248046875,-685.8736572265625,-5.017882823944092,-90.10134390708662,-685.6121691022616,-5.02864116035171,0.2907009537852523,0.027194416475351632,0.22146692529241105,3.621487190215884e-05,4.009220767644325,6.080584211157656,nan,nan,nan
17.22,-89.97045135498047,-685.865234375,-5.017882823944092,-90.0969668969621,-685.6034058057467,-5.027744586429702,0.29095985358719056,0.02720371674714699,0.221506128946143,3.5480451196898676e-05,3.5494250573234365,6.765392583282425,nan,0.6861081401826739,nan
17.23,-89.9661865234375,-685.8568115234375,-5.017882823944092,-90.09264539157452,-685.5946983334088,-5.027838796381448,0.29119459319273727,0.02721307730133069,0.22154542533321098,3.618776041375666e-05,3.542857621376393,6.618904263436365,nan,nan,nan
17.240000000000002,-89.9620132446289,-685.8483276367188,-5.017882823944092,-90.08840631343888,-685.5859946327225,-5.028043409624866,0.2913709840225332,0.027222495370424135,0.22158480506310316,3.5455357909817775e-05,3.711177436157227,5.9640876041720805,nan,0.008217333458261207,nan
17.25,-89.95791625976562,-685.8399047851562,-5.017882823944092,-90.08769386492352,-685.5474829293391,-5.028006060286009,0.32008631409992605,0.027224397858841697,0.221555280738497,3.61404889857805e-05,3.565891075750913,7.713751617739602,14.679118070706576,nan,nan
17.26,-89.95390319824219,-685.8314208984375,-5.017882823944092,-90.083652930034,-685.5386386915021,-5.026806993389794,0.32036862268065386,0.027233877038661387,0.2215945421223357,3.5410863132335354e-05,2.9757808568178143,6.0497231266471205,nan,1.156045737648926,nan
17.27,-89.9499740600586,-685.822998046875,-5.017882823944092,-90.07965327628818,-685.5298633212321,-5.026891076825894,0.32066464588354127,0.027243416633048773,0.22163389560943408,3.6117234653773924e-05,2.9697151190528515,7.293342007270722,nan,nan,nan
17.28,-89.94612121582031,-685.8145141601562,-5.017882823944092,-90.07576187191039,-685.5210339805072,-5.026006164808911,0.3209412784686411,0.027253014136870344,0.22167333284178758,3.5389403480435385e-05,2.5840517183348575,5.741595175095926,nan,0.6496549418603673,nan
17.29,-89.94234466552734,-685.8060913085938,-5.017882823944092,-90.0719191464924,-685.512254287435,-5.02608271789659,0.3212428666626762,0.027262672282117796,0.2217128622190215,3.6095799818427064e-05,2.578512584372163,6.918384981091226,nan,nan,nan
17.3,-89.93864440917969,-685.797607421875,-5.017882823944092,-90.07662448754984,-685.492065715857,-5.023667148951908,0.3353023927131843,0.027264634655395022,0.22168301141094185,3.5348448487290526e-05,1.7875619404335172,5.3509803148830795,9.342715117716413,4.166868796164149,nan
17.31,-89.93501281738281,-685.7891235351562,-5.017882823944092,-90.07296693282579,-685.4832433091517,-5.023720999658475,0.3356011545330554,0.027274353226691583,0.22172242090439928,3.605402759940267e-05,1.7829954732350528,5.314522622911913,nan,nan,nan
17.32,-89.93145751953125,-685.7806396484375,-5.017882823944092,-90.06936030440336,-685.4744575898615,-5.024550268715241,0.33587063862314986,0.02728413008977229,0.22176191450281996,3.533032947144094e-05,2.0924413820568755,5.711036254469205,nan,0.4153963863310012,nan
17.330000000000002,-89.927978515625,-685.772216796875,-5.017882823944092,-90.0658473639441,-685.4656306663126,-5.024613746913022,0.3362263822398482,0.02729396773473925,0.22180149967985396,3.603600276005997e-05,2.0876138094312,7.108344529343231,nan,nan,nan
17.34,-89.924560546875,-685.7637329101562,-5.017882823944092,-90.06234115332823,-685.456912920433,-5.0269572258901265,0.336458535898707,0.02730386401688574,0.22184116946757093,3.5313784921242476e-05,3.1588958577402826,6.803098649189504,nan,3.601475862686265,nan
17.35,-89.92121887207031,-685.7552490234375,-5.017882823944092,-90.05104614827232,-685.4522936572682,-5.027014745624768,0.32972786890157135,0.027305884313328175,0.22181100054315928,3.599754186237847e-05,3.0016399804958347,6.72897148881959,9.559968445160314,nan,nan
17.36,-89.91793823242188,-685.7467651367188,-5.017882823944092,-90.0477581644255,-685.4433834065999,-5.024987897675514,0.33006691895443785,0.027315840434846375,0.22185054938403753,3.5277569914030574e-05,2.1130906644773217,5.785870380475746,nan,3.109291517045934,nan
17.37,-89.91471862792969,-685.73828125,-5.017882823944092,-90.04447869660788,-685.4345711308677,-5.025056550226562,0.33034674848638995,0.027325857482794175,0.2218901892769344,3.598263824374512e-05,2.1094681583527075,5.744814164850046,nan,nan,nan
17.38,-89.91156768798828,-685.7297973632812,-5.017882823944092,-90.04126667363595,-685.4257515620892,-5.025019552293901,0.3306306231916296,0.02733593353448005,0.2219299140806887,3.5263961277606815e-05,2.1207370474728378,5.870320512956452,nan,0.00793024677819418,nan
17.39,-89.90848541259766,-685.7213134765625,-5.017882823944092,-90.03811520883539,-685.4169345364711,-5.025089408696978,0.330911405224419,0.02734607074908396,0.22196973002782194,3.596920354434175e-05,2.11735243800872,5.998924954197475,nan,nan,nan
17.400000000000002,-89.90545654296875,-685.7128295898438,-5.017882823944092,-90.03899317250803,-685.368391034594,-5.02357441603562,0.36946223621880914,0.02734814229711464,0.22193923685197928,3.5230586399370115e-05,1.5769418261904575,6.849754314810661,24.806808478345523,1.9807086928028002,nan
17.41,-89.9024887084961,-685.704345703125,-5.017882823944092,-90.03594759709631,-685.3594925742279,-5.023631575555223,0.3698215834717895,0.027358338626123864,0.22197893038722685,3.593515171716128e-05,1.5755551511538655,6.889151326131624,nan,nan,nan
17.42,-89.89958190917969,-685.6958618164062,-5.017882823944092,-90.03294983011284,-685.3506128923017,-5.024173587235771,0.37016671329575923,0.027368594313786312,0.2220187090964383,3.521965348112404e-05,1.7779925457256864,7.156916258013154,nan,0.1634011084245784,nan
17.43,-89.89673614501953,-685.6873779296875,-5.017882823944092,-90.03002282734516,-685.3417100845136,-5.0242371123149585,0.37052931848000353,0.02737891131648452,0.22205857847782748,3.592444211129941e-05,1.77679388584759,7.251973777628351,nan,nan,nan
17.44,-89.8939437866211,-685.6788940429688,-5.017882823944092,-90.02720341527991,-685.3327194545203,-5.022255678002064,0.37096373969748286,0.02738928801395018,0.22209853349326145,3.5209978725976824e-05,1.194504848824836,6.637983528691986,nan,2.920003135339116,nan
17.45,-89.89120483398438,-685.67041015625,-5.017882823944092,-90.02457410210528,-685.3143709213655,-5.022274299816129,0.3802243857468822,0.027391408187192573,0.22206772241564066,3.5893018176798286e-05,1.1878396257890254,7.058244809509566,1.6950149583463592,nan,nan
17.46,-89.8885269165039,-685.661865234375,-5.017882823944092,-90.02181065271674,-685.3054401638924,-5.02221081023069,0.38055501136192604,0.02740184335271059,0.2221075539323104,3.5180364805055134e-05,1.1819978540348384,5.805179381381765,nan,0.008364527111195102,nan
17.47,-89.88589477539062,-685.6533813476562,-5.017882823944092,-90.01909868820671,-685.296511626908,-5.022256537580161,0.380944102654733,0.027412339988901455,0.22214747568402363,3.5884780280421476e-05,1.1817721102047654,7.1005601153619375,nan,nan,nan
17.48,-89.8833236694336,-685.6448974609375,-5.017882823944092,-90.01646644974359,-685.2875357543085,-5.021149157956831,0.38137259766713083,0.027422896659865838,0.22218748328168866,3.5173011046434536e-05,0.9511286871595537,7.071568573982256,nan,0.9312759810832035,nan
17.490000000000002,-89.88079833984375,-685.6363525390625,-5.017882823944092,-90.01385926810775,-685.2786028823442,-5.021185758043225,0.3817079209109899,0.027433515046975068,0.22222758124866984,3.587770311257654e-05,0.9510557994425775,5.591608373452004,nan,nan,nan
17.5,-89.87832641601562,-685.6278686523438,-5.017882823944092,-90.01342072605993,-685.2636326294137,-5.021066334029739,0.3884951579398761,0.027435677575103505,0.22219644803294414,3.5145626939540555e-05,0.9555974232020512,7.404023393088505,2.442270075232942,0.08969026535336327,nan
17.51,-89.87590026855469,-685.6193237304688,-5.017882823944092,-90.01091964149329,-685.2546806828627,-5.021105526440061,0.38885108852556777,0.02744635366574836,0.22223642110132025,3.5849737178629184e-05,0.9562623452427246,5.913825813810252,nan,nan,nan
17.52,-89.87351989746094,-685.61083984375,-5.017882823944092,-90.00847923713043,-685.2457068394136,-5.020604863663531,0.38928594081980966,0.027457090120207858,0.22227648019598517,3.514036820905258e-05,0.8768305630643062,7.289531972460448,nan,0.205049937894942,nan
17.53,-89.8711929321289,-685.602294921875,-5.017882823944092,-90.00607499284412,-685.2367506204384,-5.020641011069703,0.3896452414847936,0.027467888453094183,0.22231662927000156,3.58447888091791e-05,0.8775923717789966,5.962311883717552,nan,nan,nan
17.54,-89.86891174316406,-685.5938110351562,-5.017882823944092,-90.00372644870158,-685.2277778401216,-5.020269188900463,0.3900781965634145,0.02747874747738249,0.22235686479147507,3.5136092575859336e-05,0.826894443504835,7.416902396353594,nan,0.11711910237381429,nan
17.55,-89.8666763305664,-685.5852661132812,-5.017882823944092,-90.01156634280997,-685.1950635370326,-5.020217448076084,0.4162410559145166,0.027480949175663873,0.22232541421100468,3.581886161282861e-05,0.9182001472958803,7.097775423889574,13.5893785821501,nan,nan
17.56,-89.8644790649414,-685.5767822265625,-5.017882823944092,-90.00931222120815,-685.1860700536708,-5.021139915146969,0.4167052361598157,0.027491865199855182,0.22236552372976084,3.5111624014937565e-05,1.0678393324759758,8.835027092042777,nan,0.5546729900449199,nan
17.57,-89.86233520507812,-685.5682373046875,-5.017882823944092,-90.00712081017356,-685.1770441574116,-5.021183041261803,0.41714007401927705,0.027502843267589776,0.22240572286657947,3.581582455407826e-05,1.0693819290817812,7.378820749295757,nan,nan,nan
17.580000000000002,-89.8602294921875,-685.5596923828125,-5.017882823944092,-90.00496471274732,-685.1680291418324,-5.021630472917288,0.41756726796807825,0.027513882341927164,0.2224460085880027,3.510913971716396e-05,1.1649906136924408,7.445071510073046,nan,0.11418255233380346,nan
17.59,-89.85816192626953,-685.5511474609375,-5.017882823944092,-90.00285932234972,-685.1589986387686,-5.021679289008846,0.4180101055092275,0.027524983713451447,0.22248638409805846,3.58136834715525e-05,1.1671460821058788,7.418336700944896,nan,nan,nan
17.6,-89.85614013671875,-685.5426635742188,-5.017882823944092,-89.99148447748954,-685.1661763657022,-5.02119683299328,0.4000896042279047,0.02752721863618269,0.2224546134021742,3.5086380307229863e-05,0.991017581697478,8.25237553184281,11.346019817589982,0.3598516424950926,nan
17.61,-89.85415649414062,-685.5341186523438,-5.017882823944092,-89.98942892071358,-685.1571876589298,-5.0212443041611134,0.40048333640262684,0.027538376204165094,0.22249486156767953,3.579040268798348e-05,0.9936721554306827,6.685335912862072,nan,nan,nan
17.62,-89.85221862792969,-685.5255737304688,-5.017882823944092,-89.98739978226274,-685.1482185065162,-5.022007539594256,0.40085898120200736,0.027549595083763725,0.22253519642857109,3.508549543310072e-05,1.1628226175343557,7.004056562258458,nan,0.35907094561181074,nan
17.63,-89.85031127929688,-685.5170288085938,-5.017882823944092,-89.9854233810144,-685.1392253929284,-5.022063812473576,0.4012582479949626,0.027560876431230286,0.22257562075615706,3.578988295042726e-05,1.166383379736266,6.897130836527787,nan,nan,nan
17.64,-89.84844970703125,-685.5084838867188,-5.017882823944092,-89.98348613551599,-685.1302288961004,-5.022079959829364,0.40165817668162224,0.02757221941025723,0.2226161321677905,3.5085359980724056e-05,1.1800819625665278,7.088186016553896,nan,0.0011815489864614845,nan
17.650000000000002,-89.84661865234375,-685.4999389648438,-5.017882823944092,-89.98877598831139,-685.1142547834237,-5.022080593922541,0.411070087989713,0.02757448391225107,0.2225840449273463,3.576814422390379e-05,1.2301684435819236,7.406823553258148,5.9807795655797475,nan,nan
17.66,-89.8448257446289,-685.4913940429688,-5.017882823944092,-89.98694217902042,-685.1052302322474,-5.022138049601478,0.4115065936049611,0.02758588277437434,0.22262442900020885,3.648634285328602e-05,1.2335746536922048,7.473397485300349,nan,nan,nan
17.67,-89.84307098388672,-685.4828491210938,-5.017882823944092,-89.98514437167994,-685.0962037804072,-5.022196257687488,0.4119442592199844,0.02759734383278476,0.22266490112031706,3.721900690212458e-05,1.2370130278512383,7.548489578820616,nan,nan,nan
17.68,-89.84134674072266,-685.4743041992188,-5.017882823944092,-89.9833423055082,-685.0872376653351,-5.024561686974807,0.4123443333948383,0.027608866780839642,0.22270546031406532,3.64295108261688e-05,1.9614722890106309,8.239420731115864,nan,3.461117426426902,nan
17.69,-89.83966064453125,-685.4657592773438,-5.017882823944092,-89.9816141708978,-685.0782073162317,-5.024644677969537,0.4127869291530194,0.027620452664638775,0.22274610896233946,3.716084201051596e-05,1.9672672793663986,8.348081388917391,nan,nan,nan
17.7,-89.83800506591797,-685.4572143554688,-5.017882823944092,-89.97365905864383,-685.0549011120648,-5.027042137872075,0.4246667453336483,0.02762274102562821,0.22271370348878877,3.635206626700333e-05,3.040480223516399,10.066091699402742,13.612150962681637,3.6400201932276173,nan
17.71,-89.83638763427734,-685.4486694335938,-5.017882823944092,-89.97195492506407,-685.0458517337759,-5.027149443828949,0.4251193477859091,0.027634381505648044,0.22275422238674272,3.708122290083136e-05,3.0495768344327856,10.207802365596107,nan,nan,nan
17.72,-89.83480072021484,-685.4401245117188,-5.017882823944092,-89.97029821915822,-685.036777202566,-5.026328812579908,0.4255819060353987,0.027646084164204523,0.2227948284277253,3.629936400384684e-05,2.700219280141449,9.85880216078887,nan,0.5654477732134311,nan
17.73,-89.83324432373047,-685.4315795898438,-5.017882823944092,-89.96865863720535,-685.0277236995221,-5.026428605496859,0.4260394897468149,0.027657849929781497,0.22283552364116282,3.7027350300389414e-05,2.708616412831433,9.874111289687052,nan,nan,nan
17.740000000000002,-89.83171844482422,-685.4229736328125,-5.017882823944092,-89.96705625500911,-685.0186593962779,-5.026160725864742,0.42644442591077963,0.02766967818968559,0.22287630636654954,3.6248657790038966e-05,2.627750539737701,8.255133385068781,nan,0.08930677739702769,nan
17.75,-89.8302230834961,-685.4144287109375,-5.017882823944092,-89.97538958399991,-684.9744306346807,-5.026300790991485,0.46340315293206946,0.02767198645476677,0.2228435854916788,3.695217826430114e-05,2.7879901215632583,11.858196121963338,18.85447561862542,nan,nan
17.76,-89.8287582397461,-685.4058837890625,-5.017882823944092,-89.9738709775641,-684.9652764241553,-5.025732335284821,0.4639549240129108,0.027683868502769493,0.2228842373522196,3.617752629182698e-05,2.575428031718675,11.68286655115569,nan,0.2947904382706924,nan
17.77,-89.82731628417969,-685.3972778320312,-5.017882823944092,-89.9723717809509,-684.956135813572,-5.02582661726342,0.46444642473177333,0.027695813831350696,0.22292497812507353,3.690247460711308e-05,2.584119324773321,9.823063507427927,nan,nan,nan
17.78,-89.82591247558594,-685.3887329101562,-5.017882823944092,-89.97090251693234,-684.946991830086,-5.025851500116321,0.4649954770868699,0.02770782193030104,0.2229658064462346,3.6130789011330915e-05,2.6336570175591043,11.866587743551333,nan,0.0032900314823320104,nan
17.79,-89.82453155517578,-685.3801879882812,-5.017882823944092,-89.96946066273324,-684.9378475392474,-5.0259471866801455,0.4655475840504471,0.02771989357491341,0.2230067238991226,3.68547811790269e-05,2.6428552906167986,11.806051131373549,nan,nan,nan
17.8,-89.82318115234375,-685.37158203125,-5.017882823944092,-89.95910305186548,-684.9317016261282,-5.024453532825953,0.4604483769055288,0.027722216202545086,0.22297368673955398,3.6063740263692735e-05,2.0789193471814404,9.395754434171737,9.541388097912579,1.597341546702195,nan
17.81,-89.82185363769531,-685.363037109375,-5.017882823944092,-89.95767566849868,-684.9225736568242,-5.024534940160502,0.46097714448192,0.02773434075326582,0.22301447207589264,3.678593615732769e-05,2.0877499160414867,11.132912563333106,nan,nan,nan
17.82,-89.820556640625,-685.3544311523438,-5.017882823944092,-89.95628615027374,-684.9134272399543,-5.023788369249627,0.46145620160272843,0.02774652834111847,0.2230553449774798,3.602083863665949e-05,1.855836554287143,9.232974575397321,nan,0.4575984801281032,nan
17.830000000000002,-89.81928253173828,-685.3458862304688,-5.017882823944092,-89.95491184848075,-684.9042954948619,-5.0238635345617775,0.4619885910207184,0.027758779652606147,0.22309630677965375,3.6742215180557795e-05,1.8642929425878407,10.98429023013392,nan,nan,nan
17.84,-89.81803894042969,-685.3372802734375,-5.017882823944092,-89.95356949740635,-684.8951529255637,-5.023455921349632,0.4624674940220228,0.027771094310358256,0.22313735649205613,3.597978459946758e-05,1.7569127698552414,9.22232489498367,nan,0.15629672398867397,nan
17.85,-89.81681823730469,-685.3287353515625,-5.017882823944092,-89.94646977656465,-684.886994214764,-5.023602431593832,0.4604101079301209,0.027773427028084482,0.2231040051778671,3.66774337605305e-05,1.8157333966714364,11.081556712095301,4.237904652606129,nan,nan
17.86,-89.81562042236328,-685.3201293945312,-5.017882823944092,-89.94517023734558,-684.8778303730121,-5.021586220591167,0.4608961858656117,0.027785793733458974,0.2231449216562442,3.591851557766545e-05,1.3092441948805464,8.78725133598931,nan,2.9298366406936385,nan
17.87,-89.81444549560547,-685.3115844726562,-5.017882823944092,-89.94386883344991,-684.8687025734772,-5.021641743100319,0.46142053104782327,0.02779822434158549,0.223185926820756,3.663753144227004e-05,1.3170753810955842,10.580797851812322,nan,nan,nan
17.88,-89.81329345703125,-685.302978515625,-5.017882823944092,-89.94258961402568,-684.8595748354151,-5.021811814203257,0.46188716890784387,0.02781071855162796,0.22322701988711016,3.588109085507074e-05,1.365310174387594,8.875508169038397,nan,0.008661305148157689,nan
17.89,-89.81216430664062,-685.2943725585938,-5.017882823944092,-89.94133483448414,-684.8504432693012,-5.021870393642634,0.4623571561761162,0.0278232769356119,0.22326820188049656,3.6599464776911144e-05,1.3732340652947232,8.910203600984788,nan,nan,nan
17.900000000000002,-89.8110580444336,-685.2857666015625,-5.017882823944092,-89.93639474748903,-684.8294175758231,-5.021585090612338,0.47326253729258455,0.027825614370284395,0.2232345361998335,3.5823512277757675e-05,1.443876812386721,9.659532553084333,6.1874128945975295,0.04607533859662632,nan
17.91,-89.80997467041016,-685.2772216796875,-5.017882823944092,-89.93515786035162,-684.8202667545704,-5.021641369100631,0.4738066707997883,0.02783822388353516,0.22327558374940074,3.654040279601931e-05,1.4533041554695858,11.558925280686013,nan,nan,nan
17.92,-89.80891418457031,-685.2686157226562,-5.017882823944092,-89.93393100202033,-684.8111308745475,-5.0227638670648425,0.4742841083953123,0.027850897246174088,0.22331671917764445,3.578956085420144e-05,1.7374043402564086,10.042162603667558,nan,0.7654587572107053,nan
17.93,-89.80787658691406,-685.260009765625,-5.017882823944092,-89.93273719876291,-684.8019767151841,-5.022832806552902,0.4747725244949498,0.027863634964703114,0.22335794334037828,3.6505922448179436e-05,1.747977899309589,10.12263144934172,nan,nan,nan
17.94,-89.80685424804688,-685.2514038085938,-5.017882823944092,-89.93156280564287,-684.7928229574924,-5.023043728239494,0.4752633546442226,0.027876436836391672,0.223399255708612,3.575727753968398e-05,1.8267117911607067,10.090955821729217,nan,0.013445304807733982,nan
17.95,-89.80585479736328,-685.2428588867188,-5.017882823944092,-89.93299237615761,-684.7820936186215,-5.023264124410815,0.47801417826370696,0.027878774474776692,0.22336527731302794,3.645049033844464e-05,1.8662040854722224,12.246311355130521,1.6403930921892695,nan,nan
17.96,-89.80487823486328,-685.2342529296875,-5.017882823944092,-89.93187447253732,-684.7729226951051,-5.022975894933633,0.47851809693608743,0.027891626569836552,0.22340645412228521,3.570486891393554e-05,1.8031502360610956,10.3737075420317,nan,0.09007550944424984,nan
17.97,-89.80391693115234,-685.2256469726562,-5.017882823944092,-89.93077269675042,-684.7637553012634,-5.023049592242091,0.4790229606837638,0.02790454320290336,0.22344771948592276,3.641942572829504e-05,1.8145508839745486,10.309557638890059,nan,nan,nan
17.98,-89.802978515625,-685.217041015625,-5.017882823944092,-89.92971309183078,-684.7545559155235,-5.020785794986758,0.4795441041894164,0.02791752422699808,0.22348907301282145,3.567582692414136e-05,1.3227277615260549,9.906745354348384,nan,3.7135042709359745,nan
17.990000000000002,-89.80205535888672,-685.2084350585938,-5.017882823944092,-89.92864976012932,-684.7453858354455,-5.020838130542712,0.48005151736167373,0.027930570065174402,0.2235305153511614,3.638999865247673e-05,1.3314679149139075,9.851018173238723,nan,nan,nan
18.0,-89.80115509033203,-685.1998291015625,-5.017882823944092,-89.92262968191719,-684.7409814617906,-5.019795518419323,0.47465871036478013,0.027932902656031922,0.22349622449914505,3.562668208129012e-05,1.2215337981681857,9.713159131603547,2.3245240143568147,0.8257866242786361,nan
18.01,-89.8002700805664,-685.1912231445312,-5.017882823944092,-89.92158381584774,-684.7318244592659,-5.019838865548243,0.4751505029884646,0.027945997763173535,0.22353753010476027,3.633962412240517e-05,1.2295944577941451,9.679752348107595,nan,nan,nan
18.02,-89.79940032958984,-685.1826171875,-5.017882823944092,-89.9205707704559,-684.7226462041214,-5.018176360081416,0.47566339721850553,0.027959157491981558,0.2235789238203578,3.560071444440733e-05,1.1321872171507132,9.552650871916489,nan,1.9867864519864866,nan
18.03,-89.79854583740234,-685.1740112304688,-5.017882823944092,-89.91955996449464,-684.7134862151056,-5.018204737641877,0.4761594400613776,0.02797238221846613,0.2236204061834666,3.6313363045587885e-05,1.1380828037392876,9.53542798985342,nan,nan,nan
18.04,-89.79771423339844,-685.1654052734375,-5.017882823944092,-89.91854960884459,-684.7043460249699,-5.0201957564510655,0.4766363060169336,0.02798567186614302,0.22366197696990245,3.557621948530611e-05,1.2911679607098063,9.84600200563652,nan,2.6282157235041015,nan
18.05,-89.7968978881836,-685.1567993164062,-5.017882823944092,-89.90931982201991,-684.7126269472956,-5.02031628848657,0.45818523158059754,0.027987994718978657,0.22362737500319932,3.626616384861863e-05,1.2760811732418402,9.124029701419412,7.452213171924985,nan,nan
18.06,-89.79609680175781,-685.148193359375,-5.017882823944092,-89.90834683756592,-684.7034913390461,-5.0188764595864495,0.45865122340982795,0.028001332685093496,0.22366880794824776,3.55316013623055e-05,1.1463372375573986,8.986841500073023,nan,1.5239249241978012,nan
18.07,-89.7953109741211,-685.1395874023438,-5.017882823944092,-89.90737793378938,-684.6943695991066,-5.018914741482317,0.4591066985161563,0.028014735831822696,0.2237103293858953,3.624289225389825e-05,1.153700952696613,8.988549505118833,nan,nan,nan
18.080000000000002,-89.79454803466797,-685.1309204101562,-5.017882823944092,-89.90642588308576,-684.6852453761303,-5.018827520843497,0.45950384260946125,0.028028204122071257,0.223751939179535,3.550993900124941e-05,1.154816194823924,7.602765887138526,nan,0.010983413580899033,nan
18.09,-89.79379272460938,-685.122314453125,-5.017882823944092,-89.9054884010501,-684.67612101968,-5.018866706467958,0.45996246826219667,0.02804173787284908,0.22379363773471722,3.62210504519151e-05,1.1622169239465359,9.020108900933106,nan,nan,nan
18.1,-89.79305267333984,-685.1137084960938,-5.017882823944092,-89.90423203899458,-684.6785827109569,-5.018305659609619,0.4491051981756024,0.028044045823456987,0.22375872523130264,3.546814887284182e-05,1.0533107757195708,8.44436804137162,2.228130455205761,0.19293404410846687,nan
18.11,-89.79232788085938,-685.1051025390625,-5.017882823944092,-89.90333155563445,-684.6694775486109,-5.018340259915224,0.4495455008864181,0.028057626902740912,0.22380028480263003,3.6178232152282646e-05,1.0593107015927907,8.47470989552228,nan,nan,nan
18.12,-89.79161834716797,-685.0964965820312,-5.017882823944092,-89.90244951897681,-684.6603665022405,-5.01780998310753,0.44999222265340433,0.02807127334145236,0.22384193265455196,3.544915045070047e-05,1.058968892180217,8.51356227544724,nan,0.2202084027166896,nan
18.13,-89.79092407226562,-685.0878295898438,-5.017882823944092,-89.90157789562122,-684.6512587105669,-5.017840866434745,0.4503758463951791,0.028084985423967757,0.2238836691247141,3.6159127193053735e-05,1.063689377441605,7.0392518912021105,nan,nan,nan
18.14,-89.79024505615234,-685.0792236328125,-5.017882823944092,-89.90072027731941,-684.6421494731984,-5.017872914680859,0.4508199148135273,0.028098763224909312,0.22392549426102853,3.688346262439155e-05,1.069016279348806,8.633756742351599,nan,nan,nan
18.150000000000002,-89.7895736694336,-685.0706176757812,-5.017882823944092,-89.90477486352864,-684.6386551415733,-5.017899115572543,0.44706033859616007,0.02810105145777293,0.22389027237720605,3.7598168294404943e-05,0.9700686200072254,8.155763086259626,3.931938489032166,nan,nan
18.16,-89.7889175415039,-685.06201171875,-5.017882823944092,-89.90834152325102,-684.6216208205751,-5.018825092497029,0.45629718219778864,0.02088566952286494,0.2001865716393748,3.678313233716529e-05,1.0347592319883667,8.288539403543055,nan,0.5069454811207887,0.002649703719044025
18.17,-89.78827667236328,-685.0533447265625,-5.017882823944092,-89.90755317112556,-684.6125113150645,-5.018868789163051,0.45668583509606964,0.02088966224667144,0.20022973653187906,3.7519220682950264e-05,1.0398296600895542,6.84049777917206,nan,nan,nan
18.18,-89.78765106201172,-685.0447387695312,-5.017882823944092,-89.90678444405611,-684.6033891785585,-5.018719614094983,0.4571465021051023,0.020893712238539877,0.2002729846110332,3.67089754617177e-05,1.0367452711133667,8.429935605670362,nan,0.024055526751716606,nan
18.19,-89.78703308105469,-685.0360717773438,-5.017882823944092,-89.90602158543214,-684.5942770017001,-5.01876343732039,0.4575387015760736,0.020897823392187567,0.20031632667986482,3.7443356464793894e-05,1.041723729867984,6.845335533550314,nan,nan,nan
18.2,-89.78643035888672,-685.0274658203125,-5.017882823944092,-89.90497266993394,-684.5931511807881,-5.018635060923695,0.45020223397276016,0.020897406574995666,0.20025470285903557,3.6614762207022804e-05,0.9914236810925305,8.232985440159675,2.1801807120521186,0.08287451882663557,nan
18.21,-89.78584289550781,-685.0188598632812,-5.017882823944092,-89.9042423193984,-684.5840443442131,-5.018680931889926,0.45064797367392234,0.020901607801805448,0.20029790702377287,3.734661590948088e-05,0.9964964557321325,8.32673458208596,nan,nan,nan
18.22,-89.7852554321289,-685.0101928710938,-5.017882823944092,-89.90354496490262,-684.574900676908,-5.018086312097836,0.4510784292008527,0.020905866744607884,0.2003411948199572,3.6546189866198995e-05,0.9836129183770242,6.603598552904123,nan,0.26613530985110606,nan
18.23,-89.7846908569336,-685.0015869140625,-5.017882823944092,-89.9028380012255,-684.5657914250402,-5.01812797255621,0.4515268719072911,0.0209101869310343,0.20038457594049638,3.727654783139575e-05,0.9876245148920271,8.353655735192973,nan,nan,nan
18.240000000000002,-89.78413391113281,-684.992919921875,-5.017882823944092,-89.90214531457883,-684.5566763892195,-5.018084406175507,0.45192383402781994,0.020914565207810442,0.20042804124446362,3.648030227368901e-05,0.9902729032032036,6.789586112236971,nan,0.004825111748364224,nan
18.25,-89.78348541259766,-684.9843139648438,-5.017882823944092,-89.89686556995795,-684.5267763600507,-5.018063383525649,0.4713764445584641,0.02091434425501257,0.2003663365435293,3.718575979688529e-05,1.19764699006593,8.933744251128097,21.207851630755663,nan,nan
18.26,-89.78274536132812,-684.9756469726562,-5.017882823944092,-89.89595679198057,-684.5177138145779,-5.018844026459992,0.47172081701817753,0.020918812078491424,0.20040966282456701,3.639454813016767e-05,1.226467315120615,7.469882623757558,nan,0.35510225889671754,nan
18.27,-89.78191375732422,-684.967041015625,-5.017882823944092,-89.8949802083343,-684.5086111395194,-5.0188950612317065,0.47216840033458696,0.020923341237079257,0.20045308181008897,3.7121282079474856e-05,1.233535334482205,8.985597189280329,nan,nan,nan
18.28,-89.78099060058594,-684.9583740234375,-5.017882823944092,-89.89392036186972,-684.4994958891651,-5.018726434487152,0.47257061353373336,0.020927928909730654,0.20049658535562007,3.633396906296922e-05,1.2298440253854903,7.445172638383773,nan,0.03189095534216801,nan
18.29,-89.77997589111328,-684.9497680664062,-5.017882823944092,-89.89276463501497,-684.4903909051961,-5.0187774246395165,0.47302164570216837,0.020932578127711137,0.20054018165369597,3.7059486126021096e-05,1.2366910556946085,8.898360657966279,nan,nan,nan
18.3,-89.77888488769531,-684.9411010742188,-5.017882823944092,-89.8870039702121,-684.4710876063674,-5.022268647792496,0.48230864746213065,0.020932544307776493,0.20047838762621475,3.6253631418107626e-05,1.9221142925781365,8.594441653082091,11.24839824329269,7.870558035821233,nan
18.31,-89.77769470214844,-684.9324951171875,-5.017882823944092,-89.88563062592695,-684.4619976894637,-5.0223555323467854,0.48274009389844025,0.020937282348227705,0.20052184330441886,3.6977109941711586e-05,1.9387026183553395,9.778604281180403,nan,nan,nan
18.32,-89.77642822265625,-684.923828125,-5.017882823944092,-89.88410503390536,-684.4530167928073,-5.024706285946763,0.48301569936760735,0.020942079309705174,0.2005653838771322,3.619815004771582e-05,2.689664464392565,9.275430071044408,nan,3.375533050236411,nan
18.330000000000002,-89.77507019042969,-684.9151611328125,-5.017882823944092,-89.88256042598854,-684.4439252783866,-5.024817505096447,0.4833895644712489,0.020946937923118306,0.20060901664596484,3.6920586453030065e-05,2.7115649106445314,9.10557011879743,nan,nan,nan
18.34,-89.77363586425781,-684.9065551757812,-5.017882823944092,-89.88092760485162,-684.4348398150289,-5.025074655455368,0.4838167231605862,0.02095185581639453,0.20065273480854826,3.614511209126713e-05,2.8464263312999494,10.908520910412186,nan,0.01390609679582477,nan
18.35,-89.7721176147461,-684.8978881835938,-5.017882823944092,-89.87527014372942,-684.4182903388058,-5.02521924248266,0.490620382778626,0.0209520061987657,0.2005908594260642,3.684356208489859e-05,3.0482609713296513,9.818557902658418,7.62381022751721,nan,nan
18.36,-89.77051544189453,-684.8892211914062,-5.017882823944092,-89.87346086048038,-684.4091791704176,-5.02462026810438,0.49100253998987387,0.02095701231344227,0.20063443582848292,3.607239531511672e-05,2.852711080549107,9.554579372617283,nan,0.33958323044019506,nan
18.37,-89.76882934570312,-684.880615234375,-5.017882823944092,-89.87155056849868,-684.400099757325,-5.024730377803592,0.4914200466922485,0.020962080194676797,0.2006781039093774,3.6792076719178187e-05,2.8763261029878646,10.942243527031986,nan,nan,nan
18.38,-89.7670669555664,-684.8719482421875,-5.017882823944092,-89.8695559821993,-684.3910259702657,-5.024990385788374,0.491773067223064,0.020967207740972528,0.2007218576602429,3.602413525931299e-05,3.0111922393669643,9.6990939617262,nan,0.014785085843302981,nan
18.39,-89.76522064208984,-684.86328125,-5.017882823944092,-89.86748609240854,-684.3819447763534,-5.025103779418381,0.49213328010751795,0.020972397278760577,0.2007657031871272,3.674300154920677e-05,3.034858398898743,9.565234571121943,nan,nan,nan
18.400000000000002,-89.7633056640625,-684.8546752929688,-5.017882823944092,-89.8696405673566,-684.372502534637,-5.023990866378311,0.49379650537263364,0.020972723727356465,0.20070374021585816,3.595624150004016e-05,2.573016660437478,10.962203906724096,5.191288559503481,0.9671333564319589,nan
18.41,-89.76130676269531,-684.8460083007812,-5.017882823944092,-89.86744201433808,-684.3633966351445,-5.024093855979821,0.49418345618701676,0.02097800072001526,0.20074744246430315,3.667346646280957e-05,2.593637517953165,9.248128925156987,nan,nan,nan
18.42,-89.75923156738281,-684.8373413085938,-5.017882823944092,-89.86511635308189,-684.3543734197832,-5.0261779988864195,0.494508219741575,0.02098333774782072,0.20079123062319523,3.591252867999866e-05,3.4641102040991205,10.096001430152613,nan,2.6273098431990625,nan
18.43,-89.75708770751953,-684.8286743164062,-5.017882823944092,-89.86276529346806,-684.3452666276321,-5.026302331184935,0.49489557872348455,0.020988736894485924,0.20083511009431487,3.66290803352685e-05,3.489857319886106,10.275264075831053,nan,nan,nan
18.44,-89.7548599243164,-684.820068359375,-5.017882823944092,-89.86033259695755,-684.3361702608079,-5.02669654073167,0.4953377999653926,0.02099419642154568,0.20087907593033033,3.587098946715638e-05,3.7271348120746755,11.761308043127897,nan,0.048576663670152904,nan
18.45,-89.7525634765625,-684.8114013671875,-5.017882823944092,-89.84876098961693,-684.3131621096775,-5.026787905282988,0.50751908310491,0.02099469518177659,0.2008170313178249,3.6564257762314014e-05,4.137909237145588,11.215509451820122,33.19303875138081,nan,nan
18.46,-89.75019073486328,-684.802734375,-5.017882823944092,-89.84606805176367,-684.3041633485143,-5.028811527479424,0.507823753784707,0.021000241491882458,0.20086085272091836,3.580981639243553e-05,5.313365894278158,12.263346908599846,nan,2.4183664342298905,nan
18.47,-89.74774932861328,-684.7940673828125,-5.017882823944092,-89.84334823885764,-684.2950893197647,-5.0289606252623615,0.5081741598359114,0.021005850054667707,0.2009047650051317,3.6524314085891455e-05,5.347021691834665,12.366302176215722,nan,nan,nan
18.48,-89.7452392578125,-684.7854614257812,-5.017882823944092,-89.84051200675187,-684.2860881893635,-5.031032112262082,0.5085503217225575,0.021011519348538888,0.20094876384552085,3.577248474486173e-05,6.830545011309788,15.347088868124626,nan,2.4928904711618154,nan
18.490000000000002,-89.7426528930664,-684.7767944335938,-5.017882823944092,-89.83764986918271,-684.2770133429141,-5.0312024843083485,0.508903701523606,0.021017251132836624,0.20099285370638942,3.648649017019092e-05,6.868555846427356,13.713506755321506,nan,nan,nan
18.5,-89.74000549316406,-684.7681274414062,-5.017882823944092,-89.83141373298521,-684.2669258551081,-5.030687259552733,0.5096297185077302,0.02101791453738052,0.20093072296357087,3.571551967431363e-05,6.724244929421441,13.912977148558246,3.1134145416413417,0.3082791488399317,nan
18.51,-89.7372817993164,-684.7594604492188,-5.017882823944092,-89.82839066956622,-684.2578663724865,-5.030852853302818,0.5099663378229929,0.021023732295658848,0.20097466694367763,3.6428200438857593e-05,6.76144114841012,13.668806655179475,nan,nan,nan
18.52,-89.73448944091797,-684.7507934570312,-5.017882823944092,-89.82531048866814,-684.2487883406044,-5.030513381392826,0.5103108176539543,0.02102961112216978,0.2010186976412498,3.5682158939226135e-05,6.62426300521175,13.476907331782197,nan,0.173972359556936,nan
18.53,-89.73163604736328,-684.7421875,-5.017882823944092,-89.8221515646879,-684.2397279858734,-5.0306762553053215,0.5107076405330899,0.021035552583399005,0.2010628189733178,3.6394460367273346e-05,6.66145149098808,15.085120542199919,nan,nan,nan
18.54,-89.72870635986328,-684.7335205078125,-5.017882823944092,-89.81892584569232,-684.2306672217195,-5.030840178599073,0.5110468432516138,0.021041556113351335,0.20110702919802326,3.712112912995548e-05,6.69686963137012,13.360223136195987,nan,nan,nan
18.55,-89.72572326660156,-684.724853515625,-5.017882823944092,-89.81078882469416,-684.2396355129596,-5.0311045712893225,0.4927955700765631,0.02104237973457196,0.2010448166818952,3.7838024735073316e-05,6.7050559582862155,13.329017997750247,5.537942586605975,nan,nan
18.56,-89.72266387939453,-684.7161865234375,-5.017882823944092,-89.80746303663507,-684.2305485567096,-5.029259009284949,0.4931171761247751,0.02104846778154993,0.20108887796804747,3.700604502843052e-05,5.59171240697141,11.820916360156062,nan,2.5546810491264145,nan
18.57,-89.71955108642578,-684.70751953125,-5.017882823944092,-89.80403104616906,-684.2215288932872,-5.029408019860999,0.49341320809909234,0.021054618664559842,0.20113302966708593,3.774420703841569e-05,5.623614871373846,12.151494650996057,nan,nan,nan
18.580000000000002,-89.71636962890625,-684.6989135742188,-5.017882823944092,-89.80056807034266,-684.212455973413,-5.027908649826148,0.4937923572785224,0.021060831221916994,0.201177268496535,3.6917846435843276e-05,4.837718360930131,12.457388120069213,nan,1.7229403577285902,nan
18.59,-89.71311950683594,-684.6902465820312,-5.017882823944092,-89.79700916152072,-684.2034363480371,-5.028043540343685,0.49408999002436915,0.021067106859343945,0.20122159790015773,3.765405256122974e-05,4.866340316479022,10.964397745140172,nan,nan,nan
18.6,-89.7098159790039,-684.6815795898438,-5.017882823944092,-89.78892710284083,-684.1984579561538,-5.02804627351014,0.4896614938517017,0.02106808334768902,0.2011593003569181,3.681019307033522e-05,5.033507202103575,11.417152071278329,4.818118433327328,4.638579355033568e-06,nan
18.61,-89.70645141601562,-684.6729125976562,-5.017882823944092,-89.78522137156345,-684.1894637077828,-5.028180617602697,0.48993221936417564,0.021074443368549436,0.20120348133274213,3.7543640073238365e-05,5.0624363653354205,11.414306084276651,nan,nan,nan
18.62,-89.70301818847656,-684.6642456054688,-5.017882823944092,-89.78144214803325,-684.1804897061991,-5.028982604959706,0.49019719771675724,0.021080865379958156,0.20124774955669608,3.672896916820069e-05,5.6025700284316144,11.652643398011493,nan,0.28445222327243946,nan
18.63,-89.69953155517578,-684.6555786132812,-5.017882823944092,-89.77761518527852,-684.1714958011388,-5.029125578398476,0.49046877762960833,0.021087350620784484,0.2012921080110413,3.746070910342332e-05,5.632801144108715,11.84731442871989,nan,nan,nan
18.64,-89.69598388671875,-684.64697265625,-5.017882823944092,-89.77369697536409,-684.1625529428014,-5.031022074571012,0.4907895912011927,0.02109389817925119,0.2013365541090253,3.6651077461552545e-05,6.9803024562463145,14.30894817017192,nan,1.9736883374597478,nan
18.650000000000002,-89.6923828125,-684.6383056640625,-5.017882823944092,-89.77318183769734,-684.1576725381469,-5.031081087910543,0.48755602588004593,0.021095022651240407,0.20127417488472707,3.735764661807203e-05,6.774323120458201,12.768389798364744,4.0541535324307265,nan,nan
18.66,-89.688720703125,-684.629638671875,-5.017882823944092,-89.7691986448559,-684.148675150346,-5.0315247139199215,0.4878408647386478,0.02110165379437091,0.20131847139950165,3.655387826746363e-05,7.21210919108032,13.054133875449466,nan,0.0514723683018607,nan
18.67,-89.68499755859375,-684.6209716796875,-5.017882823944092,-89.76516310442169,-684.1396699893975,-5.031689735495442,0.48812750651905773,0.021108348321291884,0.2013628578270902,3.7281619668511915e-05,7.243615372420304,12.917731458934018,nan,nan,nan
18.68,-89.68122100830078,-684.6123046875,-5.017882823944092,-89.7610855163824,-684.1306415947178,-5.030986746994384,0.4884151793290011,0.02111510546497479,0.2014073319767026,3.648252474785609e-05,6.846546441416385,12.565299429122186,nan,0.4898539356393488,nan
18.69,-89.6773910522461,-684.6036376953125,-5.017882823944092,-89.75693710843551,-684.1216367446013,-5.0311449337993865,0.4887007009403192,0.021121926247552474,0.20145189623406218,3.720888571935851e-05,6.876316778695653,12.623750251674354,nan,nan,nan
18.7,-89.67350769042969,-684.5950317382812,-5.017882823944092,-89.75578109030278,-684.1286614537026,-5.030939841634345,0.47375166530110147,0.021123191598547288,0.2013894330341291,3.6391941983179756e-05,6.537730160735899,12.997105505440976,7.3876638563466175,0.06112189662824957,nan
18.71,-89.66956329345703,-684.5863647460938,-5.017882823944092,-89.75155716502307,-684.119660147114,-5.03109592760145,0.47403666924772886,0.02113009506826668,0.20143384637093587,3.7116114027272184e-05,6.564633817317392,11.58358271534396,nan,nan,nan
18.72,-89.66556549072266,-684.5776977539062,-5.017882823944092,-89.74731869935718,-684.1105962837064,-5.028738147340441,0.47432605729702515,0.021137061442092497,0.2014783474849539,3.6326816461860005e-05,5.112522974662203,10.096639697163718,nan,4.138954630236426,nan
18.73,-89.6615219116211,-684.5690307617188,-5.017882823944092,-89.74298728240916,-684.1015953917195,-5.028871242456783,0.47460844609575126,0.02114409161723579,0.20152293842411506,3.704981015873919e-05,5.135742197727112,10.292538590819634,nan,nan,nan
18.740000000000002,-89.65741729736328,-684.5603637695312,-5.017882823944092,-89.7386373286268,-684.0925401120963,-5.026727229077818,0.47490408656526373,0.021151185013885652,0.20156761750700447,3.626466038684481e-05,4.041569341363868,8.933183573778788,nan,3.4083584349721767,nan
18.75,-89.65326690673828,-684.5517578125,-5.017882823944092,-89.73196514598033,-684.0693531642239,-5.02679295151288,0.4888630154874329,0.021152585899613295,0.20150507265325712,3.6963516473889126e-05,4.30659457170856,11.035159672566081,4.800051356657136,nan,nan
18.76,-89.64906311035156,-684.5430908203125,-5.017882823944092,-89.72747582883284,-684.060305845582,-5.025108409436979,0.48916469141883934,0.021159761123689575,0.20154959965999014,3.618330991042888e-05,3.610968173938906,9.01297186037322,nan,2.1304771123389723,nan
18.77,-89.64480590820312,-684.534423828125,-5.017882823944092,-89.72290932960328,-684.0513001205076,-5.025204039490896,0.48945097966345175,0.021167000314735236,0.20159421622958507,3.690331201087102e-05,3.62969247324222,8.919887762326304,nan,nan,nan
18.78,-89.6405029296875,-684.5257568359375,-5.017882823944092,-89.71828384480762,-684.0423080931739,-5.025912597439506,0.48973159475267797,0.021174303000263125,0.2016389209674321,3.6126925487108614e-05,3.971301198474653,9.353658561727888,nan,0.2479098426491621,nan
18.79,-89.63614654541016,-684.5171508789062,-5.017882823944092,-89.71361732084367,-684.0333029285905,-5.026016283434343,0.4900782725588845,0.021181669916695865,0.20168371548928668,3.684601103692115e-05,3.9920018335306784,10.419707819201731,nan,nan,nan
18.8,-89.63174438476562,-684.5084838867188,-5.017882823944092,-89.70745310727723,-684.0273536778333,-5.02839799564374,0.4871638917267913,0.02118319945727582,0.20162108751580263,3.6051361551335614e-05,5.280700368878412,10.561141999880682,0.46272738218626797,3.2870792374293876,nan
18.81,-89.62728881835938,-684.4998168945312,-5.017882823944092,-89.7026833312841,-684.0183588831361,-5.028526835687744,0.4874417342634162,0.021190647262530254,0.20166572867767213,3.6768714425870884e-05,5.304225121802762,10.408995160528452,nan,nan,nan
18.82,-89.62279510498047,-684.4911499023438,-5.017882823944092,-89.69789045937607,-684.0093251126588,-5.026716435869012,0.48772171666476793,0.02119815882513316,0.20171045801430146,3.600043382255119e-05,4.400016776669014,9.745518581189597,nan,2.5100460100884203,nan
18.830000000000002,-89.61824798583984,-684.4825439453125,-5.017882823944092,-89.69302503312231,-684.0003311849673,-5.0268284837893225,0.48805817058018836,0.021205734789895896,0.20175527689967357,3.6717031611176134e-05,4.4221632813450125,10.718728389923006,nan,nan,nan
18.84,-89.6136474609375,-684.473876953125,-5.017882823944092,-89.68810649329228,-683.9913475313957,-5.027446911802917,0.4883341705330245,0.021213374821717545,0.20180018430387656,3.5952102303777555e-05,4.79600673988791,9.687860551143766,nan,0.17077289981741356,nan
18.85,-89.6090087890625,-684.4652099609375,-5.017882823944092,-89.67992698484389,-683.9903948810817,-5.027470532541607,0.48017775324096007,0.021215027321459908,0.20173747478332674,3.664534556774119e-05,4.765457082770597,9.752363755869881,2.1901809852866445,nan,nan
18.86,-89.60432434082031,-684.45654296875,-5.017882823944092,-89.67491076484349,-683.9814268581383,-5.027685810553748,0.4804309111262706,0.021222747325361987,0.201782227677427,3.5884546595885426e-05,4.944408851707232,9.89052493259442,nan,0.006365898729232785,nan
18.87,-89.59959411621094,-684.4479370117188,-5.017882823944092,-89.66985028247647,-683.9724576276717,-5.027805710535082,0.48074425345539906,0.021230531904429053,0.20182706990057633,3.659895296080972e-05,4.967053021584909,10.954724203799753,nan,nan,nan
18.88,-89.59481811523438,-684.4392700195312,-5.017882823944092,-89.66474941779677,-683.9634824723481,-5.027551698373659,0.48099653248786345,0.021238380801306567,0.20187200062541016,3.584121634683312e-05,4.894424964311664,9.69258644481691,nan,0.09461615039196014,nan
18.89,-89.59000396728516,-684.4306030273438,-5.017882823944092,-89.65960021327047,-683.9545145765725,-5.0276701841969285,0.48124800553743186,0.021246294544260375,0.20191702092063568,3.6555073414300977e-05,4.916071961635437,9.842856570723066,nan,nan,nan
18.900000000000002,-89.58514404296875,-684.4219970703125,-5.017882823944092,-89.65316993635506,-683.9353021630764,-5.02682859769558,0.4915073567797484,0.021248063280024803,0.201854228974235,3.5778633107973973e-05,4.745048122588649,11.020544967649817,1.888740504062808,0.6469633903545702,nan
18.91,-89.58023834228516,-684.413330078125,-5.017882823944092,-89.6479172786936,-683.9263289660022,-5.026939683122582,0.49176472864614057,0.021256056015309246,0.20189909352238453,3.649111597346021e-05,4.7664310560541665,9.79813952637315,nan,nan,nan
18.92,-89.57528686523438,-684.4046630859375,-5.017882823944092,-89.64263696441306,-683.9173331445244,-5.025595781580461,0.49202235454560006,0.021264113310435893,0.201944046541243,3.5739996261438524e-05,4.193204816500341,9.081839745461188,nan,1.433894901952751,nan
18.93,-89.57029724121094,-684.3960571289062,-5.017882823944092,-89.63729928716016,-683.9083613213324,-5.02569426718707,0.4923387995394852,0.021272235628226773,0.20198908893138512,3.645205652210724e-05,4.213805303662031,10.277179610233066,nan,nan,nan
18.94,-89.56526947021484,-684.3873901367188,-5.017882823944092,-89.63194651837658,-683.899349203198,-5.023089250745765,0.4926021603925797,0.021280422809543176,0.20203422011915725,3.5703587557182656e-05,3.309419802561719,8.329792127664016,nan,4.959471819150062,nan
18.95,-89.56019592285156,-684.3787841796875,-5.017882823944092,-89.62784267731037,-683.9254359818475,-5.02315309520193,0.4583976959286744,0.02128230182360656,0.20197134678315098,3.6392874402219955e-05,2.7778182858241927,7.730037888752905,14.99093534260806,nan,nan
18.96,-89.55508422851562,-684.3701171875,-5.017882823944092,-89.62242569072643,-683.9164957006525,-5.0226952565240754,0.4586180168394738,0.021290567027075886,0.202016321083703,3.5647827915140774e-05,2.6721387914831842,6.6713583903556914,nan,0.1928409671765966,nan
18.97,-89.54993438720703,-684.3614501953125,-5.017882823944092,-89.61696363964482,-683.9075637702011,-5.022765670672695,0.45883510085314716,0.021298897430330713,0.20206138456816547,3.6358320279349286e-05,2.6861211686934143,6.699812847550012,nan,nan,nan
18.98,-89.54473876953125,-684.3528442382812,-5.017882823944092,-89.61146278758433,-683.89863139794,-5.02274664766972,0.45911333644020097,0.021307292928904216,0.20210653680128948,3.561567382599354e-05,2.7031014026490774,7.478629650340559,nan,0.0055786109649707556,nan
18.990000000000002,-89.53951263427734,-684.3441772460938,-5.017882823944092,-89.60592197405707,-683.889701044842,-5.022818141646059,0.45932904902151284,0.021315753903610093,0.20215177847500038,3.6325901746735905e-05,2.7173313966767485,6.718690053295896,nan,nan,nan
19.0,-89.53424072265625,-684.3355712890625,-5.017882823944092,-89.6028941061031,-683.8672474088294,-5.02218644661209,0.4733487773549033,0.02131773657901511,0.20208882327274108,3.556411194042385e-05,2.686285529567757,7.7406149110941636,2.5321275258780043,0.24153980006497353,nan
19.01,-89.5289306640625,-684.326904296875,-5.017882823944092,-89.59727775866533,-683.8582926564628,-5.0222517808880545,0.4735897830984302,0.02132627455527381,0.20213390686364596,3.627324145965007e-05,2.6997821002171056,6.687602073356809,nan,nan,nan
19.02,-89.52359008789062,-684.3182983398438,-5.017882823944092,-89.59161645109234,-683.8493494561915,-5.023182051316817,0.4738868254973048,0.021334877851082325,0.2021790791437897,3.553592057521792e-05,2.9729155485301857,8.142200421620137,nan,0.5109427603722643,nan
19.03,-89.51820373535156,-684.3096313476562,-5.017882823944092,-89.5859246510765,-683.8403967495416,-5.023258041170356,0.4741266955726986,0.02134354680206299,0.20222434069254747,3.6244883050067856e-05,2.9878098956282932,6.872916170353001,nan,nan,nan
19.04,-89.51278686523438,-684.301025390625,-5.017882823944092,-89.58019794522795,-683.8314418870045,-5.023051104464326,0.4744255807836588,0.021352281371627837,0.20226969124458727,3.550960624354941e-05,2.951877720612333,7.9740654308459025,nan,0.055281067411065504,nan
19.05,-89.50733184814453,-684.2923583984375,-5.017882823944092,-89.57726344150122,-683.8085575653909,-5.0229699858454255,0.48885534979402806,0.021354361561322616,0.2022066548382325,3.619621542188657e-05,3.0330764678422755,7.221312458025278,3.345517983446217,nan,nan
19.06,-89.50183868408203,-684.2837524414062,-5.017882823944092,-89.57145677832465,-683.7995920289447,-5.024131306114322,0.4891799541787263,0.021363172112136765,0.20225184618081085,3.5463753679350255e-05,3.428272886390919,8.5941039674363,nan,0.814258266548077,nan
19.07,-89.4963150024414,-684.275146484375,-5.017882823944092,-89.56562243078291,-683.7906159219381,-5.024215984789958,0.4895033140695374,0.021372048496699998,0.20229712662868096,3.6171623236294986e-05,3.445541278088532,8.685735809993185,nan,nan,nan
19.080000000000002,-89.49075317382812,-684.2664794921875,-5.017882823944092,-89.55976893140601,-683.7816171169371,-5.02195029990261,0.4897665179329391,0.021380990715397688,0.2023424960069695,3.544099154022509e-05,2.8118584721085553,6.8651570966758335,nan,3.8055080512949515,nan
19.09,-89.48516082763672,-684.2578735351562,-5.017882823944092,-89.55386453313602,-683.7726432178393,-5.02201377823772,0.4900874664548922,0.02138999904835226,0.20238795475864524,3.614881239164692e-05,2.826452978674494,8.00498694454775,nan,nan,nan
19.1,-89.47953033447266,-684.2492065429688,-5.017882823944092,-89.54284675733999,-683.7724651812624,-5.020568529228932,0.480935035508122,0.021392170205353226,0.20232483693427916,3.5398618531456965e-05,2.6155209147621825,6.563624823464752,3.801129906293264,1.5632799422266093,nan
19.11,-89.47386169433594,-684.2406005859375,-5.017882823944092,-89.53685473412772,-683.7635230929794,-5.020619062814126,0.48122608444734516,0.02140125345869694,0.2023701353178006,3.610554801096904e-05,2.628507560700186,7.402774835465079,nan,nan,nan
19.12,-89.46817016601562,-684.2319946289062,-5.017882823944092,-89.53082902562761,-683.7545820709788,-5.020670685358061,0.48151495856926013,0.021410402808065193,0.2024155226646217,3.682680652778105e-05,2.6419151211601637,7.666497397166618,nan,nan,nan
19.13,-89.46244049072266,-684.2233276367188,-5.017882823944092,-89.52477001337199,-683.7456421437091,-5.020723412453311,0.48174315622396396,0.021419618397958185,0.20246099911924262,3.756253858209299e-05,2.65430811722967,6.538100037292521,nan,nan,nan
19.14,-89.45667266845703,-684.2147216796875,-5.017882823944092,-89.51867813022008,-683.7367033232089,-5.020773621954618,0.48203172419677504,0.021428900322471998,0.20250656471979478,3.674850918377455e-05,2.6762039272289107,7.337523051112245,nan,8.386891923358847e-06,nan
19.150000000000002,-89.45088195800781,-684.2061157226562,-5.017882823944092,-89.50509575201794,-683.7524181421763,-5.02081402676962,0.45693459263258035,0.021431156169299213,0.20244336588768252,3.7458709268545466e-05,2.5910347729549965,7.128019940230658,10.284160669708374,nan,nan
19.16,-89.44505310058594,-684.197509765625,-5.017882823944092,-89.51445668339564,-683.8440120312268,-5.0218576206907155,0.3602683784911359,0.02129152774952195,0.19626229769749276,3.665031019328139e-05,1.5186318173755124,5.836688113734518,nan,0.604495233308973,1.6210159084226394
19.17,-89.43919372558594,-684.1888427734375,-5.017882823944092,-89.50833325344409,-683.835168367062,-5.021924147851651,0.36039172068241154,0.02129936515715497,0.1963036095789463,3.738180889851739e-05,1.5302519643418433,5.054912173226765,nan,nan,nan
19.18,-89.43331146240234,-684.1802368164062,-5.017882823944092,-89.50220355070424,-683.826384865946,-5.019426931551454,0.3604992468000655,0.02130726060997012,0.19634500836902335,3.6578262662482674e-05,1.165174087792886,5.665134973188538,nan,4.245356487997587,nan
19.19,-89.4273910522461,-684.171630859375,-5.017882823944092,-89.49601841437952,-683.817543398359,-5.019470305740086,0.36068014220440187,0.021315214541852624,0.1963864958585058,3.730826993051528e-05,1.1739999690041547,5.429223338498829,nan,nan,nan
19.2,-89.42144012451172,-684.1630249023438,-5.017882823944092,-89.49192058698408,-683.8208557483879,-5.02047579369477,0.3493622031664535,0.02131665581222847,0.19634862417557664,3.648663018191489e-05,1.124791820978079,4.867989570548039,5.911634763273048,0.6792506736391177,nan
19.21,-89.41545867919922,-684.1543579101562,-5.017882823944092,-89.485700603675,-683.8120269079615,-5.020529910216173,0.34947310351939453,0.021324677750760117,0.19638998070019675,3.7214329262405305e-05,1.1334078182330813,4.111407833162741,nan,nan,nan
19.22,-89.40945434570312,-684.145751953125,-5.017882823944092,-89.47944588347782,-683.8031862721679,-5.021145274585527,0.3496579824827131,0.02133275802957357,0.1964314240409651,3.6420553774838574e-05,1.2426937574952404,5.086947909640751,nan,0.2043347719244046,nan
19.23,-89.40341186523438,-684.1371459960938,-5.017882823944092,-89.4731667355729,-683.7943596839641,-5.021206989524623,0.34982745432026247,0.021340897036910143,0.19647295597252695,3.714696371196233e-05,1.2530705948244685,4.8449512947838,nan,nan,nan
19.240000000000002,-89.39734649658203,-684.1285400390625,-5.017882823944092,-89.46687501059135,-683.7855787839807,-5.019340682886883,0.3499410837560328,0.021349094683765443,0.19651457501166214,3.635732890820656e-05,1.0193321289468962,4.727349130948418,nan,2.4309931514348726,nan
19.25,-89.39125061035156,-684.1199340820312,-5.017882823944092,-89.46588593163958,-683.7850427486562,-5.01933366797154,0.34311039229650253,0.021350630468107482,0.19647642319720943,3.7059279577439066e-05,0.8479770933292419,3.9997435972781843,10.755434733468222,nan,nan
19.26,-89.38512420654297,-684.111328125,-5.017882823944092,-89.45953004393478,-683.7761299905094,-5.023100610396393,0.3433966268026283,0.02135889555676728,0.19651791002963404,3.627460400336429e-05,1.5454989707504123,4.620369784740867,nan,9.095813419155204,nan
19.27,-89.37897491455078,-684.1027221679688,-5.017882823944092,-89.45317660675356,-683.7673038557789,-5.023182890997101,0.34356866269905284,0.021367219622262592,0.1965594853399327,3.699779476849764e-05,1.5580897345839173,4.719764583464462,nan,nan,nan
19.28,-89.37279510498047,-684.0941162109375,-5.017882823944092,-89.44679740963238,-683.7584844563249,-5.023015278567733,0.34373152006844887,0.021375602614202023,0.1966011476707234,3.621694868043071e-05,1.5300010537645234,4.605199549376567,nan,0.04150259939629271,nan
19.29,-89.36659240722656,-684.0855102539062,-5.017882823944092,-89.44038892649579,-683.7496602172183,-5.023097279591808,0.34390167773251495,0.021384044863090916,0.19664289876401328,3.69391139291791e-05,1.542647439561425,4.685260332162377,nan,nan,nan
19.3,-89.36035919189453,-684.076904296875,-5.017882823944092,-89.43706878358037,-683.7460875468845,-5.023700181463352,0.3396438210528714,0.021385670371741085,0.19660446598580067,3.6139839708954985e-05,1.6571387164051523,4.438277880296705,3.7987680719860255,0.22436077348707253,nan
19.31,-89.3541030883789,-684.0682983398438,-5.017882823944092,-89.4306298256163,-683.7372644482485,-5.023788663251352,0.33981562329415277,0.021394179451041374,0.19664608362257005,3.6860157778402095e-05,1.6701447701275012,4.4936232438073915,nan,nan,nan
19.32,-89.34781646728516,-684.0596923828125,-5.017882823944092,-89.42416148963572,-683.728432569581,-5.024320907549751,0.3400045223529035,0.021402747737263913,0.19668778819556604,3.608747220927138e-05,1.8755630839119588,4.583293684646205,nan,0.1300307839182061,nan
19.330000000000002,-89.34150695800781,-684.0510864257812,-5.017882823944092,-89.41767039112621,-683.7196118661846,-5.024415635358456,0.34017485184707874,0.02141137552850592,0.1967295814124806,3.680692852625543e-05,1.88963701122166,4.625461440881826,nan,nan,nan
19.34,-89.33516693115234,-684.04248046875,-5.017882823944092,-89.41115209240856,-683.7107874198789,-5.0247237106674385,0.34035396447184485,0.02142006282287961,0.1967714618616576,3.6037624883849445e-05,2.031789461123771,4.646278778457798,nan,0.03004440263810515,nan
19.35,-89.32880401611328,-684.0338745117188,-5.017882823944092,-89.40055606211318,-683.6870888348199,-5.024846168876594,0.3541993082715463,0.02142177358571327,0.19673275049449193,3.6733447031737625e-05,2.253879779385894,5.44308046188334,11.06441043061119,nan,nan
19.36,-89.32241821289062,-684.0252685546875,-5.017882823944092,-89.39395295126403,-683.6782685118545,-5.024626736582956,0.3543610148957097,0.02143052708898065,0.19677449627083832,3.596832295052299e-05,2.20288912467839,5.3974665585984365,nan,0.06826316801688274,nan
19.37,-89.31600952148438,-684.0166625976562,-5.017882823944092,-89.38732304436294,-683.6694424627469,-5.024724782362102,0.3545338531463436,0.021439340343551282,0.19681633056923017,3.668537276401695e-05,2.2190645340379644,5.418243381905713,nan,nan,nan
19.38,-89.3095703125,-684.008056640625,-5.017882823944092,-89.3806614704089,-683.6605916240014,-5.025985607417248,0.35475561392324784,0.02144821337453306,0.19685825201949642,3.5923353366000104e-05,2.775111545441326,5.804249386541746,nan,0.9038682827756003,nan
19.39,-89.30311584472656,-683.99951171875,-5.017882823944092,-89.37398294326978,-683.6517681331138,-5.026097104182261,0.3549862270664499,0.02145714643964544,0.196900262272329,3.663975161881864e-05,2.794232898030088,6.853145518184675,nan,nan,nan
19.400000000000002,-89.296630859375,-683.9909057617188,-5.017882823944092,-89.36386139280354,-683.6642786054399,-5.026896211918119,0.3335962904569871,0.0214589376181721,0.19686127159291092,3.585892749174574e-05,3.092942077824758,5.755022804241262,5.624520636380935,0.32615743030540917,nan
19.41,-89.29012298583984,-683.9822998046875,-5.017882823944092,-89.357137944326,-683.6554990627851,-5.0270163725933665,0.3337261621146617,0.021467936230743927,0.19690314594154817,3.657384585270095e-05,3.112127719580351,5.749666606646991,nan,nan,nan
19.42,-89.2835922241211,-683.9736938476562,-5.017882823944092,-89.35039474864324,-683.6467346070176,-5.026520939054384,0.3338256121902408,0.021476994887152396,0.1969451073635053,3.581855488396738e-05,2.9182581039884523,5.5277375614934385,nan,0.2560785320857884,nan
19.43,-89.27703857421875,-683.965087890625,-5.017882823944092,-89.3436253392039,-683.6379578361065,-5.026636959314605,0.3339528480587813,0.021486113822868684,0.19698715746198786,3.6532952024726246e-05,2.9365919095978326,5.507808831237867,nan,nan,nan
19.44,-89.27046966552734,-683.95654296875,-5.017882823944092,-89.33682019366938,-683.629127187906,-5.029254851382411,0.3342645795451478,0.021495293096314948,0.1970292949331888,3.578036867777314e-05,4.457764743393246,7.882482876121207,nan,4.2224774312393665,nan
19.45,-89.26387023925781,-683.9479370117188,-5.017882823944092,-89.33810642014869,-683.6168793608392,-5.029520312022588,0.3394784380309192,0.02149716002886356,0.19699002724797324,3.647175484660453e-05,4.456182918610604,6.7289322313435616,11.423740828442606,nan,nan
19.46,-89.25724792480469,-683.9393310546875,-5.017882823944092,-89.33130456482527,-683.6080509863291,-5.030958926779059,0.33970848398007697,0.021506404173800054,0.1970320276226894,3.572266542683075e-05,5.5321906778210765,7.750897780186758,nan,1.1316919237142826,nan
19.47,-89.2506103515625,-683.9307861328125,-5.017882823944092,-89.32448729936127,-683.599252212595,-5.031118597320824,0.339923122731735,0.021515708840923683,0.19707411654555312,3.643529869830578e-05,5.557327885098206,8.623386216871697,nan,nan,nan
19.48,-89.24394989013672,-683.9221801757812,-5.017882823944092,-89.31765691071365,-683.5904941997592,-5.029453975782092,0.339973827120414,0.021525074106796046,0.1971162927650338,3.5688673870206775e-05,4.50379910041847,6.747428184174814,nan,2.2607987533502354,nan
19.490000000000002,-89.23726654052734,-683.91357421875,-5.017882823944092,-89.31079660156558,-683.5816977493212,-5.0295976133238645,0.3401262958476574,0.021534500179745935,0.19715855781029404,3.6400950079838936e-05,4.525195307087469,6.709942022194099,nan,nan,nan
19.5,-89.23056030273438,-683.905029296875,-5.017882823944092,-89.29998061603618,-683.5589939577828,-5.028884711870128,0.3531015113780875,0.021536437967248457,0.19711901253687264,3.5635131152098066e-05,4.34454273209547,7.7151020946067685,9.144621490466283,0.5782592790365763,nan
19.51,-89.22383880615234,-683.8964233398438,-5.017882823944092,-89.29304397815523,-683.5501892771318,-5.0290228909838035,0.35325838009535704,0.021545928201059345,0.1971611392736031,3.634621451789088e-05,4.366460958925082,7.030406899528748,nan,nan,nan
19.52,-89.21708679199219,-683.8878784179688,-5.017882823944092,-89.28608557841916,-683.5413792973604,-5.02946389417524,0.3534920003315902,0.021555479289268202,0.19720335323179217,3.5605063749652254e-05,4.7235224825531485,7.919471666690547,nan,0.06205766585702846,nan
19.53,-89.2103271484375,-683.8792724609375,-5.017882823944092,-89.27910799662995,-683.5325769947397,-5.02960725305133,0.3536467355965597,0.02156509142563726,0.1972456558845857,3.631589187537641e-05,4.7460202548370996,7.397624538202133,nan,nan,nan
19.54,-89.20353698730469,-683.8707275390625,-5.017882823944092,-89.27211666861626,-683.5238107254187,-5.028109327913946,0.35377822101002865,0.021574764708554725,0.19728804606044617,3.5576858848101205e-05,3.905018482391719,7.059763745565449,nan,1.8421498380550063,nan
19.55,-89.19673156738281,-683.8621215820312,-5.017882823944092,-89.26526077638997,-683.4940168935937,-5.02832611360825,0.3745749276658759,0.021576768533687153,0.1972482254071016,3.626513636643497e-05,4.187820674070131,7.1419696131117085,7.274453738361743,nan,nan
19.56,-89.18991088867188,-683.8535766601562,-5.017882823944092,-89.25820898095584,-683.4852076135254,-5.027422108838428,0.37476843768071405,0.021586505249177157,0.19729047610478068,3.552900314291776e-05,3.7476452197345056,7.618727245908208,nan,0.7351862481452532,nan
19.57,-89.18306732177734,-683.844970703125,-5.017882823944092,-89.25113411055487,-683.4763783086321,-5.027544987760263,0.37494906110311865,0.021596303251206463,0.1973328153644015,3.623856522960154e-05,3.767798709150405,6.654121027434088,nan,nan,nan
19.580000000000002,-89.17620086669922,-683.83642578125,-5.017882823944092,-89.2440449858191,-683.4675806863314,-5.026208081109297,0.37512509706965563,0.02160616264967107,0.19737524207312046,3.550434013797259e-05,3.1495091616569453,6.750287727887436,nan,1.4631343039551716,nan
19.59,-89.16931915283203,-683.8278198242188,-5.017882823944092,-89.23693219377795,-683.4587541161029,-5.0263182704538725,0.3753027803931383,0.021616083621104638,0.19741775761962269,3.6213772156312137e-05,3.1674178909769335,5.973012300923505,nan,nan,nan
19.6,-89.16242218017578,-683.8192749023438,-5.017882823944092,-89.23402589210878,-683.4490003860213,-5.025063931953135,0.3772027005637897,0.02161814851855448,0.1973776611653056,3.545997222920983e-05,2.579103655289356,6.185704697595093,3.43084416366505,1.5265252641636478,nan
19.61,-89.15550231933594,-683.8106689453125,-5.017882823944092,-89.22689745575755,-683.4401647341119,-5.025163872238195,0.3773905797529629,0.02162813216376194,0.19742003604164132,3.6168430864964526e-05,2.5951119042898734,5.2105613557896735,nan,nan,nan
19.62,-89.14856719970703,-683.8021240234375,-5.017882823944092,-89.21974962546692,-683.431321713187,-5.025694005470715,0.3776536847179029,0.0216381774503184,0.19746249829328344,3.543859780909593e-05,2.856273228591313,6.3468807877646265,nan,0.12684659712865642,nan
19.63,-89.14160919189453,-683.7935791015625,-5.017882823944092,-89.21258513797387,-683.4224885720217,-5.025800070018723,0.3779000513655826,0.021648284545878034,0.19750504924844206,3.6147004285434764e-05,2.873768869703303,6.2159378937200644,nan,nan,nan
19.64,-89.13463592529297,-683.7849731445312,-5.017882823944092,-89.20540190334015,-683.4136473770632,-5.026374705388537,0.3781041672412484,0.021658453573655107,0.19754768788171562,3.541878104177604e-05,3.1801355093673314,5.698044939331404,nan,0.15068926334825408,nan
19.650000000000002,-89.12764739990234,-683.7764282226562,-5.017882823944092,-89.21123386539568,-683.4045236196904,-5.0265481112839865,0.38128049796120317,0.021660574600616506,0.1975073177177919,3.610496789690101e-05,2.992436876553758,6.145359615319497,27.05956679585568,nan,nan
19.66,-89.12064361572266,-683.7678833007812,-5.017882823944092,-89.204087575673,-683.3956882321107,-5.025342759218911,0.381507161438882,0.02167080552362153,0.19754981453266915,3.537913736431717e-05,2.4892068207939593,5.6422532891631985,nan,1.2039600293995798,nan
19.67,-89.11361694335938,-683.7593383789062,-5.017882823944092,-89.19692094572649,-683.3868279770425,-5.02544556356039,0.38178626394569,0.021681098488641987,0.1975923999160264,3.608665441719464e-05,2.5045525825574684,5.532433799832637,nan,nan,nan
19.68,-89.10658264160156,-683.750732421875,-5.017882823944092,-89.18974027494521,-683.3779957134907,-5.024168733455001,0.38195203680418455,0.02169145362555498,0.197635072903831,3.536225592822718e-05,2.0399983291853108,4.304318219286194,nan,1.3181549594399329,nan
19.69,-89.09952545166016,-683.7421875,-5.017882823944092,-89.1825400046692,-683.369137786935,-5.0242599849523195,0.38222790663649603,0.021701871092032202,0.19767783473510994,3.606981357064854e-05,2.053533133285442,5.065704170737471,nan,nan,nan
19.7,-89.09245300292969,-683.733642578125,-5.017882823944092,-89.1778404567796,-683.3815499915501,-5.023339912069874,0.36233960121247644,0.02170404321609476,0.19763719061223164,3.5325483223750285e-05,1.579541358800067,4.033433261070579,10.513023369814135,0.6124975148515043,nan
19.71,-89.08536529541016,-683.72509765625,-5.017882823944092,-89.17063900941694,-683.3727221430836,-5.023422298302766,0.362589015768502,0.021714521772005866,0.19767980945376273,3.603223101278344e-05,1.590481598801115,4.03433497041357,nan,nan,nan
19.72,-89.07825469970703,-683.716552734375,-5.017882823944092,-89.16342229317446,-683.3639048842381,-5.023015456204395,0.3628227791872275,0.021725062734835224,0.1977225158256246,3.531130581729116e-05,1.4871615174569826,3.8065697159700242,nan,0.16661448015651062,nan
19.73,-89.07113647460938,-683.7080078125,-5.017882823944092,-89.15618876760833,-683.3550795992356,-5.023094768856166,0.36306938817824036,0.021735666257465452,0.19776531090530824,3.601815242936959e-05,1.4976357671821416,3.9082468017279908,nan,nan,nan
19.740000000000002,-89.06400299072266,-683.6994018554688,-5.017882823944092,-89.14893794415715,-683.3462373323687,-5.0241488047904435,0.3632883003998226,0.0217463324769684,0.19780819381849007,3.5298406758503277e-05,1.857671903888168,3.4861721797886727,nan,0.6581727378816755,nan
19.75,-89.05684661865234,-683.6908569335938,-5.017882823944092,-89.13811700585156,-683.3403661708692,-5.024480731796809,0.35985022298005803,0.021748550655340433,0.19776727770188016,3.598326375851354e-05,1.9787975245525673,4.256546410828532,4.1852977387435475,nan,nan
19.76,-89.0496826171875,-683.6823120117188,-5.017882823944092,-89.13081986653457,-683.3315381369724,-5.02562404184758,0.36011871777344023,0.021759277137478036,0.1978100164974697,3.526548480555939e-05,2.4708509466581354,4.828806260419867,nan,0.7621546787472521,nan
19.77,-89.04249572753906,-683.6737670898438,-5.017882823944092,-89.12350899191907,-683.3227307399616,-5.025731570866646,0.3603488181919879,0.021770066406385822,0.19785284386503496,3.597171902243422e-05,2.486540901124818,4.696134629550733,nan,nan,nan
19.78,-89.0353012084961,-683.6652221679688,-5.017882823944092,-89.11618416298214,-683.3139385348695,-5.02506801493241,0.36054662691436096,0.021780918602377033,0.19789575899125342,3.5254971493343506e-05,2.240925777653883,4.527822102380169,nan,0.414630700273232,nan
19.79,-89.02809143066406,-683.6566772460938,-5.017882823944092,-89.10884381154976,-683.3051333572357,-5.0251697242368305,0.3607729919603373,0.021791833873472312,0.19793876296436527,3.59613708485727e-05,2.255609408681342,4.508163585355213,nan,nan,nan
19.8,-89.02086639404297,-683.6481323242188,-5.017882823944092,-89.09326887500987,-683.3312760658388,-5.02419148817039,0.3250843074789025,0.021794093009561387,0.19789757477823755,3.522436804192349e-05,1.7670811576306713,3.4603184499429194,16.164218530381262,0.9222221574414567,nan
19.81,-89.01362609863281,-683.6395874023438,-5.017882823944092,-89.0858877700099,-683.3225469491659,-5.024285138813296,0.32523435817435803,0.021805067691799605,0.19794043348343415,3.5930075679425823e-05,1.7800128283557646,3.440375863231986,nan,nan,nan
19.82,-89.0063705444336,-683.6310424804688,-5.017882823944092,-89.07849219054569,-683.3138154031501,-5.024594051402015,0.3253914427209816,0.021816105526945965,0.19798337987150663,3.521603417151778e-05,1.920149581011496,3.543883875721341,nan,0.032037270151577216,nan
19.830000000000002,-88.99910736083984,-683.6224975585938,-5.017882823944092,-89.07108273563492,-683.3050887897406,-5.024691581133915,0.3255382316967491,0.021827206661057977,0.19802641497078569,3.592194932578379e-05,1.9337656799087672,3.6285335417894,nan,nan,nan
19.84,-88.9918212890625,-683.6139526367188,-5.017882823944092,-89.06366039863444,-683.2963929400726,-5.023084651360295,0.3256256709882905,0.02183837123740901,0.19806953805580182,3.520872901187717e-05,1.4136739068521411,2.9568597920524695,nan,2.0289119697006135,nan
19.85,-88.98452758789062,-683.60546875,-5.017882823944092,-89.0492422538276,-683.2890490271564,-5.02312722519689,0.3230122795441151,0.021840666210122716,0.19802807963779043,3.5892807420727976e-05,1.4980432308191967,3.9108390802487634,6.460408354214222,nan,nan
19.86,-88.97721862792969,-683.596923828125,-5.017882823944092,-89.04175821393207,-683.2803389980772,-5.023474933460887,0.3231448351228522,0.0218518893245198,0.1980710563465739,3.518120194802105e-05,1.6232182151127161,3.344524252561289,nan,0.04906949646843698,nan
19.87,-88.96989440917969,-683.58837890625,-5.017882823944092,-89.03426100443703,-683.2716345719754,-5.0235612291669165,0.3232681180784397,0.02186317595829304,0.1981141216311196,3.588670159194666e-05,1.6353816033385518,3.30781693594554,nan,nan,nan
19.88,-88.96256256103516,-683.579833984375,-5.017882823944092,-89.02675089599255,-683.262942991392,-5.022950720596507,0.3233662433755416,0.021874526255654746,0.1981572748242546,3.5175796279399725e-05,1.4696363647759778,3.2102351063259804,nan,0.3403408936210315,nan
19.89,-88.95521545410156,-683.5712890625,-5.017882823944092,-89.01922774056767,-683.2542409909344,-5.023032020100601,0.3234865788918709,0.021885940361249794,0.1982005168685883,3.5881548674198175e-05,1.480986068767125,3.1644761894129143,nan,nan,nan
19.900000000000002,-88.9478530883789,-683.562744140625,-5.017882823944092,-89.00656286995337,-683.233688319159,-5.020334504580897,0.33426124937110185,0.021888266015625466,0.1981587883115934,3.515010391987967e-05,1.1066947865174595,3.0598876798774737,9.725336451911156,4.628428829238807,nan
19.91,-88.94048309326172,-683.5542602539062,-5.017882823944092,-88.99897961478345,-683.2249802633754,-5.020387973380004,0.3344449595491401,0.02189973776347822,0.19820188285061802,3.585524668650375e-05,1.114912194940912,3.7919349488197764,nan,nan,nan
19.92,-88.93309783935547,-683.5457153320312,-5.017882823944092,-88.99138377886075,-683.2162817408041,-5.019928894124137,0.33455631540296443,0.021911273392095684,0.19824506521980484,3.514641781946651e-05,1.0625549284191578,3.0252109928462905,nan,0.18465126040436947,nan
19.93,-88.92569732666016,-683.5371704101562,-5.017882823944092,-88.98377561692419,-683.2075760187247,-5.019979319400951,0.33467886989819323,0.021922873046000473,0.19828833630547515,3.585184323357658e-05,1.0695269673085788,2.9675485003744786,nan,nan,nan
19.94,-88.91828918457031,-683.5286254882812,-5.017882823944092,-88.97615567941254,-683.1988468205874,-5.02157426061702,0.3348374644450236,0.02193453686960228,0.19833169552336868,3.5143542528740844e-05,1.3382400623187038,3.3020926666734156,nan,1.668414559972204,nan
19.95,-88.9108657836914,-683.5201416015625,-5.017882823944092,-88.96751518160123,-683.1857354253982,-5.02161334353953,0.3391910401482058,0.021936888024842276,0.19828969854200626,3.582722663300693e-05,1.4068123018731717,4.057029941839652,0.6024528951731642,nan,nan
19.96,-88.90343475341797,-683.5115966796875,-5.017882823944092,-88.9598625641835,-683.1770311847348,-5.0214478665732445,0.33930941302840706,0.021948608573220903,0.1983329091651085,3.512025532821195e-05,1.3841421476926252,3.4432924862300833,nan,0.03823300822283277,nan
19.97,-88.89598846435547,-683.5030517578125,-5.017882823944092,-88.95219830339049,-683.1683245343182,-5.021514583846946,0.3394334247426399,0.021960393360358214,0.1983762083705264,3.582539910216693e-05,1.3942160827625731,3.377415445606018,nan,nan,nan
19.98,-88.8885269165039,-683.4945678710938,-5.017882823944092,-88.94452258311539,-683.1596118880686,-5.022056081516136,0.33962985929147205,0.021972242530162906,0.19841959562792436,3.51188591122018e-05,1.526261077283026,4.046414023297537,nan,0.15739186427096538,nan
19.990000000000002,-88.88105773925781,-683.4860229492188,-5.017882823944092,-88.93683509341332,-683.1509077311596,-5.022129377784473,0.33975190335148253,0.021984156227905744,0.19846307174402236,3.5824314368278955e-05,1.5374901747326142,3.4835124212615685,nan,nan,nan
20.0,-88.87358093261719,-683.4774780273438,-5.017882823944092,-88.92711713762473,-683.1733253676505,-5.021613676176393,0.3088509104786337,0.021986527678648747,0.19842080658998287,3.509699228526141e-05,1.1944384641613592,2.828922212497972,11.90857219676311,0.23156670093179488,nan
20.01,-88.8660888671875,-683.468994140625,-5.017882823944092,-88.91942176785028,-683.1646787743912,-5.021682974624958,0.3089768301415642,0.02199849716257012,0.19846413300351273,3.580189207984461e-05,1.2044511418443304,3.211312973045831,nan,nan,nan
20.02,-88.85858917236328,-683.46044921875,-5.017882823944092,-88.91171654839042,-683.1560104412234,-5.02332366798221,0.3090875120888069,0.02201053123812656,0.19850754738727622,3.5096921637894905e-05,1.647327092214192,3.247337006643421,nan,1.73158234703394,nan
20.03,-88.85107421875,-683.4519653320312,-5.017882823944092,-88.9039991575906,-683.1473663398457,-5.023410731639229,0.3092121487833668,0.022022630051557496,0.19855105049668353,3.580215324362825e-05,1.660591073061413,3.619465266853741,nan,nan,nan
20.04,-88.84355163574219,-683.4434204101562,-5.017882823944092,-88.89627041224735,-683.1387324765151,-5.022869133511781,0.30925534689933326,0.022034793745327366,0.19859464187724862,3.5097475965221466e-05,1.5182151724181772,3.0711278968726843,nan,0.2784129935996979,nan
20.05,-88.83602142333984,-683.4349365234375,-5.017882823944092,-88.888986707512,-683.1229148871737,-5.022974158384298,0.31652605660602967,0.022037180267181194,0.1985521101510411,3.578102027995684e-05,1.5923079990920237,3.7374231771821345,0.6517041224017962,nan,nan
20.06,-88.82847595214844,-683.4263916015625,-5.017882823944092,-88.88123304979818,-683.1142756276816,-5.022063413640928,0.316570955449532,0.022049398787141503,0.1985955507578469,3.5077445348892675e-05,1.3690093290073362,2.9378595890319312,nan,0.6954011311979807,nan
20.07,-88.8209228515625,-683.4179077148438,-5.017882823944092,-88.873470256692,-683.1056233623113,-5.022138263821364,0.31670310290708287,0.022061682251242505,0.19863907995797647,3.578248093835633e-05,1.380312015846241,3.441179923745768,nan,nan,nan
20.080000000000002,-88.8133544921875,-683.4093627929688,-5.017882823944092,-88.8656940337872,-683.0970104131349,-5.019437115191852,0.31671099226905214,0.022074030800655002,0.19868269734542945,3.507912348863527e-05,0.9459313276544025,2.448143065717212,nan,5.419601298918588,nan
20.09,-88.80577850341797,-683.40087890625,-5.017882823944092,-88.85791067370346,-683.0883603705726,-5.019486019533106,0.3168409199531269,0.02208644458355984,0.19872640360381824,3.5784507327987287e-05,0.9522875175661913,2.941044200821921,nan,nan,nan
20.1,-88.7981948852539,-683.392333984375,-5.017882823944092,-88.83904870892749,-683.0962153316484,-5.01851260626925,0.2989242178665705,0.022088840930275085,0.19868360570259372,3.5060166275716855e-05,0.9709602006713542,2.817419226502305,12.464989684520134,0.6639881890454861,nan
20.11,-88.79060363769531,-683.3838500976562,-5.017882823944092,-88.83120616983302,-683.0876158617676,-5.0185529358591,0.2990045771865148,0.02210130855951878,0.19872716010065294,3.576502780426102e-05,0.9762822544683476,3.186588976418841,nan,nan,nan
20.12,-88.78299713134766,-683.3753662109375,-5.017882823944092,-88.82335087015005,-683.0790477267745,-5.016312541182992,0.2990577437216963,0.022113841475179412,0.19877080260058,3.5062840089874494e-05,1.0379913085391965,3.1289779306646506,nan,3.6631096954258657,nan
20.13,-88.77538299560547,-683.3668212890625,-5.017882823944092,-88.81548895869678,-683.0704507070932,-5.016332318247657,0.29907593383658493,0.022126439826943994,0.19881453384045422,3.5768063089781e-05,1.0382623858869435,2.8576613200642558,nan,nan,nan
20.14,-88.76776123046875,-683.3583374023438,-5.017882823944092,-88.80801337718296,-683.1795892822278,-5.017814129542633,0.18322426280113968,0.022138961221742966,0.186107151087094,3.506572745796881e-05,0.25994452026436043,2.422477217512914,nan,1.5359067193258318,1.0874203335674186
20.150000000000002,-88.7601318359375,-683.349853515625,-5.017882823944092,-88.80760693323232,-683.1581921733246,-5.017852255124995,0.19745368046712986,0.022141349935402684,0.18608335715692229,3.574928416072208e-05,0.25584778537828035,2.3029959758187326,5.354111345239711,nan,nan
20.16,-88.75248718261719,-683.34130859375,-5.017882823944092,-88.79981017951573,-683.1496644090248,-5.0196374923859395,0.1974083038673495,0.02215401426955417,0.18612049016049254,3.5048146451523496e-05,0.3449327630826461,1.9094505730542635,nan,2.151351045847626,nan
20.17,-88.74483489990234,-683.3328247070312,-5.017882823944092,-88.7920013847502,-683.1410717332257,-5.019693272846514,0.19747698088997287,0.022166736601521464,0.1861577119044946,3.575321908422184e-05,0.35033570131965797,2.300808474590834,nan,nan,nan
20.18,-88.73717498779297,-683.3243408203125,-5.017882823944092,-88.78418504990356,-683.1325075333228,-5.020488471859844,0.197526568688773,0.02217951706651789,0.18619501855888587,3.505213188437279e-05,0.4539423949382764,2.4208136555084057,nan,0.38377050727777307,nan
20.19,-88.72950744628906,-683.3157958984375,-5.017882823944092,-88.77635849329273,-683.1239170498756,-5.020553808362459,0.19753391427438435,0.022192355819051705,0.18623241415415448,3.575757365865046e-05,0.4610686305561369,2.0863148418880044,nan,nan,nan
20.2,-88.72183227539062,-683.3073120117188,-5.017882823944092,-88.77282354143397,-683.1012927025023,-5.019049073483238,0.21223907538602982,0.02219473735866513,0.18620828807671627,3.503533968181201e-05,0.3334831272628909,2.3985914869440434,3.6124640349088404,1.5337541077740935,nan
20.21,-88.71414947509766,-683.298828125,-5.017882823944092,-88.76498881812938,-683.0926716583399,-5.019099722506523,0.21233607415554104,0.022207618960623527,0.18624557096647762,3.5740277290788855e-05,0.3378306008808657,2.415741206624976,nan,nan,nan
20.22,-88.70645141601562,-683.2903442382812,-5.017882823944092,-88.75714524844189,-683.0840480329567,-5.019052522110692,0.2124367133316636,0.022220558964725422,0.18628293885133532,3.504005035703712e-05,0.3371235056268015,2.296919522064317,nan,0.00689381533816465,nan
20.23,-88.6987533569336,-683.2817993164062,-5.017882823944092,-88.74929344548293,-683.0754289047369,-5.0191044128473985,0.2124724444312782,0.022233557528212267,0.18632039541326306,3.5745365220363295e-05,0.3412697046563384,2.0048836225696296,nan,nan,nan
20.240000000000002,-88.6910400390625,-683.2733154296875,-5.017882823944092,-88.74143778307064,-683.066880091668,-5.021165417390979,0.21252354411699956,0.022246614782082754,0.1863579373405611,3.5045104894412106e-05,0.6086940013349719,2.588685349740584,nan,2.8394623801709655,nan
20.25,-88.68331909179688,-683.2648315429688,-5.017882823944092,-88.73645246856212,-683.0555927532779,-5.021275001510342,0.2159063077040906,0.022248985418090648,0.18633348329303112,3.572876467261319e-05,0.6132547841441462,2.5354905538303605,0.9252899998215465,nan,nan
20.26,-88.67559051513672,-683.25634765625,-5.017882823944092,-88.72858814900572,-683.0469790487529,-5.021613101248751,0.21600434710850966,0.022262084901176805,0.18637091147801782,3.502929499537084e-05,0.6899306920130731,2.6103380983636226,nan,0.04847758503018545,nan
20.27,-88.66785430908203,-683.2478637695312,-5.017882823944092,-88.72071526149512,-683.0383575681232,-5.0216926151305605,0.21610562979096548,0.022275243211572985,0.18640842808614483,3.573448840050825e-05,0.7003741446769509,2.6122455474039175,nan,nan,nan
20.28,-88.66011047363281,-683.2393798828125,-5.017882823944092,-88.71283737786929,-683.0297762632223,-5.022965961794066,0.2161935291956788,0.022288460477560074,0.18644603012839966,3.5034942996650395e-05,1.0332082592612843,2.9442370847422232,nan,1.0024997796742172,nan
20.29,-88.65235900878906,-683.2308959960938,-5.017882823944092,-88.7049488114061,-683.0211568723039,-5.0230594707072305,0.21629374715683972,0.022301736860599608,0.18648372080654163,3.574051467033093e-05,1.0470053420600653,2.9371172424517518,nan,nan,nan
20.3,-88.64459991455078,-683.222412109375,-5.017882823944092,-88.70390059914955,-683.0032031377881,-5.022004514325314,0.22712580819816872,0.02230409279102388,0.18645893597007557,3.501969507012536e-05,0.7765217193521883,2.578669456717913,4.40636538266281,0.8608911335275942,nan
20.31,-88.63683319091797,-683.2138671875,-5.017882823944092,-88.69602152020994,-682.9945644061224,-5.022088250627702,0.22718858654849214,0.02231741076128926,0.1864965117102961,3.572476975068919e-05,0.7873724748591227,2.1261971091618657,nan,nan,nan
20.32,-88.62905883789062,-683.2053833007812,-5.017882823944092,-88.68813346610784,-682.985911595296,-5.021687859383742,0.22731502260587388,0.02233078794849447,0.1865341729425201,3.502585301683362e-05,0.7068563628184149,2.493944425482121,nan,0.16604150141514198,nan
20.330000000000002,-88.62127685546875,-683.1968994140625,-5.017882823944092,-88.68023936824196,-682.9772747610305,-5.021768851860165,0.22743497388251432,0.022344224516693028,0.1865719225714718,3.5731310625081206e-05,0.7173051923207013,2.48116009414485,nan,nan,nan
20.34,-88.61349487304688,-683.1884155273438,-5.017882823944092,-88.67233775119331,-682.9686358979326,-5.021751769963625,0.22755337518034524,0.022357720590129755,0.18660975805041843,3.5032254895479384e-05,0.7231836130149198,2.57829030107079,nan,0.006887651140667315,nan
20.35,-88.60569763183594,-683.179931640625,-5.017882823944092,-88.67008774435723,-682.9367166021049,-5.021784012230943,0.2516244440091318,0.022360058002481954,0.18658464584051607,3.571605252815091e-05,0.7937713581205917,2.864687418529989,8.764411650043106,nan,nan
20.36,-88.59789276123047,-683.1714477539062,-5.017882823944092,-88.66217657039581,-682.9279901641512,-5.0205475218595526,0.25181562053440404,0.02237359499735037,0.18662236534420767,3.501768813297827e-05,0.5719395511515795,2.623923947460778,nan,1.225421046095232,nan
20.37,-88.59008026123047,-683.1629638671875,-5.017882823944092,-88.65426203942359,-682.9193035689893,-5.0206169826701785,0.25198634326881403,0.02238719163315664,0.1866601730150978,3.5723031046773025e-05,0.5799450334013689,2.6148818131864537,nan,nan,nan
20.38,-88.58226776123047,-683.1544799804688,-5.017882823944092,-88.64633189568994,-682.9105315979808,-5.01769282004637,0.25222026632290917,0.022400848031773682,0.18669806657831312,3.502449776284991e-05,0.37327702925294326,2.4974231338477386,nan,6.32366063232332,nan
20.39,-88.5744400024414,-683.1460571289062,-5.017882823944092,-88.63840316929291,-682.9018468894305,-5.017734583650954,0.2524479149322487,0.022414564360978346,0.18673604853359974,3.573022044212085e-05,0.37468001776457976,3.152802020079243,nan,nan,nan
20.400000000000002,-88.56661224365234,-683.1375732421875,-5.017882823944092,-88.63158729551016,-682.8791785676988,-5.015844115831329,0.2664464702315082,0.022416879362177518,0.18671060691184058,3.501031642043127e-05,0.561771813189622,2.9915568085406674,4.1836283106262515,2.4823377409649567,nan
20.41,-88.55876922607422,-683.1290893554688,-5.017882823944092,-88.62363939328212,-682.8704639574769,-5.015868007961427,0.2666445097193543,0.02243063592567487,0.1867484717220885,3.571554231065755e-05,0.5586582996089373,2.8673326207836807,nan,nan,nan
20.42,-88.5509262084961,-683.12060546875,-5.017882823944092,-88.61568588759643,-682.8617602828343,-5.016263496263737,0.2668281629270697,0.022444452505766724,0.18678642245662444,3.5017468686409636e-05,0.5218893358447706,2.925527269208785,nan,0.09687205260362232,nan
20.43,-88.54307556152344,-683.1121215820312,-5.017882823944092,-88.6077246516251,-682.8530474659484,-5.016293117177156,0.26702327546991994,0.022458329272321848,0.18682446136781433,3.57230768116816e-05,0.5197479769298007,2.903913790293477,nan,nan,nan
20.44,-88.53521728515625,-683.1036376953125,-5.017882823944092,-88.59975161075894,-682.8442902240035,-5.014612174875768,0.2672760505557363,0.02247226634390835,0.18686258654951063,3.502478773495375e-05,0.7564080583460999,3.122782319001106,nan,2.065452159255938,nan
20.45,-88.52735137939453,-683.0951538085938,-5.017882823944092,-88.5779606443456,-682.8725753342837,-5.014586861617361,0.22828346040114006,0.022474555048142948,0.18683681829391258,3.5708725096316544e-05,0.6841772500226686,2.6527560742263647,23.640162692102813,nan,nan
20.46,-88.51948547363281,-683.086669921875,-5.017882823944092,-88.5699435765162,-682.8639413035597,-5.014286021100737,0.2284009512981819,0.022488531643976177,0.18687482529338864,3.5011056226252035e-05,0.7514730578372999,2.829416090457348,nan,0.07023447952525286,nan
20.47,-88.51160430908203,-683.0781860351562,-5.017882823944092,-88.5619212323976,-682.8553162078234,-5.014298644134813,0.22850732822431444,0.022502568678121646,0.1869129202630809,3.571654543314155e-05,0.7435385153260607,2.6941327913415036,nan,nan,nan
20.48,-88.50372314453125,-683.0697631835938,-5.017882823944092,-88.55389358885556,-682.8466995159043,-5.014615441031169,0.22865946102851858,0.02251666626738122,0.18695110152069053,3.501864115832413e-05,0.6910671904879502,3.360998312588939,nan,0.06478707926686927,nan
20.490000000000002,-88.49583435058594,-683.061279296875,-5.017882823944092,-88.54585863844835,-682.8380760564869,-5.014633271506006,0.22876336132986502,0.022530824584447863,0.18698937098482096,3.572450691061259e-05,0.6837492725803136,2.734229183487013,nan,nan,nan
20.5,-88.48794555664062,-683.0527954101562,-5.017882823944092,-88.5497688058255,-682.8170948685586,-5.016031308913764,0.24368070821696494,0.022533083019096775,0.18696327471318183,3.500516152664018e-05,0.44285884219519345,2.434035733177839,12.70842234823278,1.2065109585027909,nan
20.51,-88.48004150390625,-683.0443115234375,-5.017882823944092,-88.54176729530373,-682.8084449887007,-5.016065533200391,0.24381632036853434,0.02254728012936174,0.18700142485020632,3.5710526514537856e-05,0.4386363456508303,2.3098618858404736,nan,nan,nan
20.52,-88.47213745117188,-683.035888671875,-5.017882823944092,-88.53375767129836,-682.7997784671771,-5.015352523996441,0.244031724799727,0.022561538041073775,0.18703966128302463,3.5012962817682627e-05,0.5305804590889277,3.1394736907081136,nan,0.39508477198585873,nan
20.53,-88.46422576904297,-683.0274047851562,-5.017882823944092,-88.52574463439123,-682.7911306061162,-5.015381349867653,0.24416452618539103,0.022575856928344365,0.18707798572887707,3.5718705581624654e-05,0.5241627294108467,2.455978238743586,nan,nan,nan
20.54,-88.45630645751953,-683.0189208984375,-5.017882823944092,-88.51772469850297,-682.7824764334227,-5.015085449677189,0.24430720551061036,0.022590236905674303,0.18711639680589115,3.50208731037418e-05,0.5736656091802169,2.4880127369396967,nan,0.07479740059355858,nan
20.55,-88.44837951660156,-683.0104370117188,-5.017882823944092,-88.50686805632819,-682.7833607793108,-5.015077333493526,0.23450457432770516,0.022592461120468605,0.1870899747762201,3.570493217960867e-05,0.5470211001920386,2.34595452410975,1.469592627040021,nan,nan
20.56,-88.4404525756836,-683.0020141601562,-5.017882823944092,-88.49883600593759,-682.7747623374523,-5.016228327214533,0.23463749318875984,0.022606879138039267,0.18712826549014117,3.500767092620996e-05,0.40625726022884545,2.863558402033908,nan,0.8902769076114914,nan
20.57,-88.4325180053711,-682.9935302734375,-5.017882823944092,-88.49079474310686,-682.7661398681955,-5.0162683916492385,0.23474492741882277,0.022621358374896035,0.18716664403167488,3.571328434255744e-05,0.40221776402156456,2.2588688082892756,nan,nan,nan
20.580000000000002,-88.42457580566406,-682.9850463867188,-5.017882823944092,-88.48275092453521,-682.7575377490016,-5.017220533603476,0.23482964744701115,0.022635898944479232,0.1872051091990716,3.50157420912519e-05,0.3429198303735274,2.1754442824975895,nan,0.5857174654124045,nan
20.59,-88.41663360595703,-682.9766235351562,-5.017882823944092,-88.47469865002003,-682.7489169365437,-5.017271626220767,0.2349940806837788,0.022650501022664728,0.1872436624407766,3.57217262844297e-05,0.3423448423908571,2.8245336456196166,nan,nan,nan
20.6,-88.40868377685547,-682.9681396484375,-5.017882823944092,-88.4602273138359,-682.7604367805956,-5.016411258190806,0.21400790410632523,0.022652686977375824,0.18721691381158978,3.5002694037581944e-05,0.3483103365888441,2.151014365407635,6.729820497381051,0.7113191523769152,nan
20.61,-88.40072631835938,-682.9596557617188,-5.017882823944092,-88.45215049855254,-682.7518633852943,-5.016456240585171,0.21406576827866172,0.02266732632216563,0.18725534556893805,3.570817136028258e-05,0.3444796116991793,2.125085611463895,nan,nan,nan
20.62,-88.39276123046875,-682.9512329101562,-5.017882823944092,-88.44406838794185,-682.7432900325945,-5.016463785015842,0.21418374916907687,0.022682027238617612,0.18729386393834027,3.5010889400412936e-05,0.34631118758959345,2.5315084957320955,nan,0.0010410263936319825,nan
20.63,-88.38479614257812,-682.9427490234375,-5.017882823944092,-88.43598135774644,-682.7347182391214,-5.016510274616781,0.21423962604205632,0.022696789903314467,0.18733247020811075,3.571673817803895e-05,0.3426023183573546,2.167204422926072,nan,nan,nan
20.64,-88.37682342529297,-682.934326171875,-5.017882823944092,-88.42788957040447,-682.7261483019852,-5.016615833261944,0.2143534043438597,0.022711614428466628,0.18737116341563004,3.5019151969404554e-05,0.33702571323275643,2.5612059644138445,nan,0.0023832850220773445,nan
20.650000000000002,-88.36885070800781,-682.9258422851562,-5.017882823944092,-88.41818980349504,-682.6961232726593,-5.0166097198551975,0.23496125604042925,0.022713758116854953,0.1873440900319761,3.570330445587248e-05,0.47424863717496707,2.7299108899133318,13.486307708558371,nan,nan
20.66,-88.36087036132812,-682.9173583984375,-5.017882823944092,-88.41007154786818,-682.6875370563185,-5.018366584880667,0.23502944512326612,0.02272861911409567,0.1873826607215949,3.500625741248263e-05,0.4374900102034326,2.6658084558235258,nan,2.057983021261566,nan
20.67,-88.3528823852539,-682.908935546875,-5.017882823944092,-88.40194266102418,-682.6789196260003,-5.018434030197853,0.23519042995590103,0.022743542095226273,0.18742131914464696,3.5711963656005745e-05,0.4416180871536346,3.185293485260261,nan,nan,nan
20.68,-88.34489440917969,-682.9004516601562,-5.017882823944092,-88.39381194081558,-682.6703186486437,-5.019362764941655,0.2352792343461851,0.02275852717209054,0.18746006448004995,3.501460599169706e-05,0.49763068886397754,2.750870957341765,nan,0.5221133671850738,nan
20.69,-88.33689880371094,-682.8920288085938,-5.017882823944092,-88.38567358388089,-682.6617028045512,-5.0194409887211195,0.23543889907218482,0.022773574521985626,0.18749889780473283,3.572067624089679e-05,0.5053700550469199,3.2735997211491465,nan,nan,nan
20.7,-88.32889556884766,-682.883544921875,-5.017882823944092,-88.38468831297831,-682.6414314728493,-5.019329313628011,0.24846296470333928,0.02277567184813645,0.18747149926198686,3.500179676870267e-05,0.48804453750735194,2.6237914092379646,4.202436566140403,0.012038784115641772,nan
20.71,-88.32089233398438,-682.8751220703125,-5.017882823944092,-88.37656389678202,-682.6327909810827,-5.019406993188165,0.24864835170075159,0.022790754855281228,0.1875102089696568,3.570735334750372e-05,0.4953906868789942,3.3019386107949495,nan,nan,nan
20.72,-88.31288146972656,-682.8666381835938,-5.017882823944092,-88.3684366375081,-682.6241599309881,-5.020004874419534,0.24877014039502035,0.022805900189712715,0.18754900555688003,3.5010204959391065e-05,0.5606126133768278,2.7147870391151656,nan,0.1901640466674823,nan
20.73,-88.30487060546875,-682.8582153320312,-5.017882823944092,-88.36030304842502,-682.6155207242136,-5.020090030842984,0.24895441381533964,0.022821108028775697,0.1875878899763112,3.571612613981168e-05,0.5704710348697162,3.3948403042726802,nan,nan,nan
20.740000000000002,-88.2968521118164,-682.8497314453125,-5.017882823944092,-88.35216082217343,-682.6068617788009,-5.018918364765229,0.24908994499502304,0.022836378484083965,0.1876268615926198,3.501865141407587e-05,0.46635745086524605,2.6101958822567077,nan,1.1157274027356234,nan
20.75,-88.28882598876953,-682.84130859375,-5.017882823944092,-88.34954161767752,-682.5849452016263,-5.018904412203128,0.26345705543302844,0.02283842539414054,0.18759913941731787,3.570286548070161e-05,0.48855652812352157,3.3457495709318037,3.4814426036251604,nan,nan
20.76,-88.28079986572266,-682.8328247070312,-5.017882823944092,-88.34140481803892,-682.5762547142022,-5.017469337571433,0.2636309777635431,0.02285373067199609,0.1876379863868432,3.500591039078243e-05,0.46586708310214053,2.6849663056760313,nan,1.6056470758965624,nan
20.77,-88.27276611328125,-682.8244018554688,-5.017882823944092,-88.33326874235887,-682.5675887193155,-5.017528279533483,0.2638440462241156,0.022869098682128285,0.1876769210373986,3.571167545242003e-05,0.46649550686001373,3.3157920331661455,nan,nan,nan
20.78,-88.26473236083984,-682.8159790039062,-5.017882823944092,-88.32512915470835,-682.5589264956379,-5.017797702084412,0.26405259317484187,0.022884529536394645,0.18771594284210139,3.501439192129665e-05,0.46521856986975474,3.3702976026646745,nan,0.030970771571711356,nan
20.79,-88.2566909790039,-682.8074951171875,-5.017882823944092,-88.31698475398927,-682.5502616467553,-5.017860725621816,0.26420521967007815,0.022900023411923955,0.1877550525915116,3.5720514256318305e-05,0.4666478632243584,2.6575227445177534,nan,nan,nan
20.8,-88.24864959716797,-682.799072265625,-5.017882823944092,-88.31223428817724,-682.5509114232177,-5.017793153800302,0.2561773305266751,0.022902015765926997,0.18772700672521536,3.5001690207488804e-05,0.38588756428372306,2.9741015943000266,5.063266378142826,0.006826135614178092,nan
20.81,-88.2406005859375,-682.7905883789062,-5.017882823944092,-88.30410240904732,-682.5422688253456,-5.017856741235099,0.25631052046133246,0.02291754360939657,0.18776599074933967,3.5707292325333647e-05,0.3867675473959837,2.345120918654808,nan,nan,nan
20.82,-88.23255157470703,-682.7821655273438,-5.017882823944092,-88.29597408141689,-682.5336578049282,-5.020145578212541,0.2564831817378921,0.02293313452116422,0.1878050618785978,3.501018840221985e-05,0.5344225047210156,3.1266122030195582,nan,3.4913502980404436,nan
20.830000000000002,-88.22449493408203,-682.7737426757812,-5.017882823944092,-88.28783434469923,-682.5250162993909,-5.02023320480103,0.25667531151197215,0.02294878867785367,0.18784422080960658,3.571614860685779e-05,0.5442491433848102,3.082067346574637,nan,nan,nan
20.84,-88.21643829345703,-682.7652587890625,-5.017882823944092,-88.27968788266618,-682.5163636474189,-5.019455308404406,0.2568107762075152,0.022964506191937607,0.1878834671560269,3.501870592802297e-05,0.46130513585378796,2.4345975344723114,nan,0.5293903827247519,nan
20.85,-88.2083740234375,-682.7568359375,-5.017882823944092,-88.2635397786895,-682.5378196349201,-5.019573177555297,0.2258633627741176,0.02296643989678041,0.18785509888767898,3.570295070236341e-05,0.3859313573884211,2.4895712176006444,13.448012899375053,nan,nan
20.86,-88.20030212402344,-682.7484130859375,-5.017882823944092,-88.25537243965351,-682.529238980748,-5.019027949453938,0.22598968861796617,0.022982190505307972,0.1878942184841324,3.500601706542556e-05,0.3444140760574789,2.407798524138314,nan,0.27803213879405186,nan
20.87,-88.19223022460938,-682.7399291992188,-5.017882823944092,-88.24720336450734,-682.5206669672956,-5.019105035213378,0.226051910539484,0.02299800457851198,0.18793342574418384,3.5711808667798995e-05,0.3495830134503108,2.053455160748318,nan,nan,nan
20.88,-88.18415832519531,-682.7315063476562,-5.017882823944092,-88.23902974273108,-682.5120923770694,-5.0189164014180285,0.2261734538655427,0.02301388222959714,0.18797272036232243,3.50145371630226e-05,0.3393673010711742,2.4813718350073497,nan,0.050187395874484085,nan
20.89,-88.17607879638672,-682.7230834960938,-5.017882823944092,-88.23085344252932,-682.5035218023885,-5.0189929627238925,0.22629368442552694,0.023029823634220473,0.18801210291425788,3.5720679991600744e-05,0.3444326277929791,2.4434896282602008,nan,nan,nan
20.900000000000002,-88.16799926757812,-682.714599609375,-5.017882823944092,-88.2242804628416,-682.5009558038813,-5.019779343586516,0.2209408186661425,0.02303169451708747,0.18798341245456388,3.5001858921939e-05,0.3774938797930934,2.0186038431496707,1.8316406347185865,0.43940813861866573,nan
20.91,-88.159912109375,-682.7061767578125,-5.017882823944092,-88.21610789123606,-682.4924002197413,-5.019864587535479,0.22104818822062797,0.023047668123248984,0.18802266719712163,3.5707475807602454e-05,0.3855260338200383,2.3254109473764353,nan,nan,nan
20.92,-88.15182495117188,-682.69775390625,-5.017882823944092,-88.20792971885636,-682.4838384379566,-5.019348466486378,0.2211554219099772,0.023063705524053058,0.18806200923522154,3.501036918029204e-05,0.3377187995443823,2.318814189926023,nan,0.25608920191353196,nan
20.93,-88.14373016357422,-682.6893310546875,-5.017882823944092,-88.19974968421384,-682.4752840869606,-5.019429805629664,0.2212615742466174,0.02307980689423078,0.18810143907561308,3.571633849241267e-05,0.34416955331643867,2.2849636943774376,nan,nan,nan
20.94,-88.13563537597656,-682.6808471679688,-5.017882823944092,-88.19156099866441,-682.4667132665867,-5.017932953233466,0.22131652786693448,0.023095972348252277,0.18814095651604956,3.501888738099076e-05,0.27780987857622885,1.9090498688579736,nan,1.7588155427922718,nan
20.95,-88.12753295898438,-682.6724243164062,-5.017882823944092,-88.17944961958864,-682.4626762255695,-5.018058176354065,0.21607783784193876,0.023097776285235787,0.18811194498378037,3.570313566368261e-05,0.28522818736217537,2.2684148241212907,1.2207031408669429,nan,nan
20.96,-88.11943054199219,-682.6640014648438,-5.017882823944092,-88.17124618322968,-682.4541353942037,-5.018292293943203,0.2161684434611587,0.023113973029918862,0.18815133359648104,3.5006189078533026e-05,0.29010746234803164,2.3145720863159536,nan,0.019073523138449643,nan
20.97,-88.11132049560547,-682.6555786132812,-5.017882823944092,-88.1630389390508,-682.4455933932571,-5.018364657203751,0.21626100477033916,0.023130233955962688,0.1881908098837541,3.571197925076915e-05,0.2927385329410335,2.2705046820014885,nan,nan,nan
20.98,-88.10321044921875,-682.6470947265625,-5.017882823944092,-88.1548264035212,-682.4370456873052,-5.01781349852934,0.2162979667900232,0.023146559178921694,0.1882303737017293,3.50146910564378e-05,0.28704473754516474,2.0068304449563854,nan,0.2751717833176258,nan
20.990000000000002,-88.09510040283203,-682.638671875,-5.017882823944092,-88.14661262430245,-682.4285048124698,-5.017881531654534,0.21638785348320225,0.02316294887201201,0.18827002546976368,3.5720827440852486e-05,0.2878706172912334,2.3350114339151538,nan,nan,nan
21.0,-88.08698272705078,-682.6302490234375,-5.017882823944092,-88.13456131842484,-682.4465867443223,-5.0153418095113,0.18974196130871018,0.023164681668076764,0.18824069328097232,3.500198742246259e-05,0.38988115835835946,2.1988018954963597,11.126562200678052,4.77142313240121,nan
21.01,-88.07886505126953,-682.621826171875,-5.017882823944092,-88.12634197020525,-682.4381062347042,-5.0153858758460625,0.18977172575358403,0.023181101722118944,0.1882802151795246,3.570759324506694e-05,0.38056400260071754,2.250113250951229,nan,nan,nan
21.02,-88.07073974609375,-682.6134033203125,-5.017882823944092,-88.11812444582833,-682.4296405560742,-5.017025061825034,0.1897756545115396,0.02319758628242515,0.1883198245351858,3.501046510297178e-05,0.22749617920101664,2.0634158105293743,nan,1.793097051870666,nan
21.03,-88.06261444091797,-682.6049194335938,-5.017882823944092,-88.109899043786,-682.4211611647601,-5.0170871501263115,0.18974606222518753,0.02321413552100076,0.18835952171839132,3.571641879898318e-05,0.22452602876597672,1.9826801403275403,nan,nan,nan
21.04,-88.05448913574219,-682.5964965820312,-5.017882823944092,-88.10167075233186,-682.4126822573255,-5.0171525080874035,0.18977445632194748,0.023230749555112826,0.1883993066586012,3.5018944809255005e-05,0.22258140770555232,2.146999363028349,nan,3.3318235547754702e-06,nan
21.05,-88.04635620117188,-682.5880737304688,-5.017882823944092,-88.08448647495534,-682.4114418728095,-5.017400946390666,0.18070130914005428,0.023232407064089477,0.18836965481653423,3.5703174467024595e-05,0.24508626650785187,2.378608312239643,7.091150281671842,nan,nan
21.06,-88.03822326660156,-682.5796508789062,-5.017882823944092,-88.076221546372,-682.4029827872956,-5.017911380736176,0.18070828612529607,0.023249050512332194,0.18840930887633406,3.500620436419959e-05,0.23952192140448472,2.416774369154617,nan,0.13752374972137552,nan
21.07,-88.03008270263672,-682.5712280273438,-5.017882823944092,-88.06795217876706,-682.3945206474925,-5.017985727828138,0.18071968875991362,0.023265758843191015,0.1884490506440348,3.571197069521028e-05,0.24067228122503548,2.361871487167117,nan,nan,nan
21.080000000000002,-88.02194213867188,-682.5628051757812,-5.017882823944092,-88.05967322448932,-682.3860425700639,-5.015882421294835,0.1807557889189782,0.02328253217523721,0.1884888800897069,3.5014658841997276e-05,0.3555593352823799,2.5182053739220422,nan,3.3486075779131297,nan
21.09,-88.01380157470703,-682.5543823242188,-5.017882823944092,-88.05139794768473,-682.3775817969564,-5.0159371337717715,0.18076420943197818,0.023299370678611476,0.18852879752293938,3.572076753704533e-05,0.3481785589172851,2.5696107311434373,nan,nan,nan
21.1,-88.00565338134766,-682.5459594726562,-5.017882823944092,-88.04141476110217,-682.3886970202614,-5.013270571296115,0.16134319970079417,0.023300948693287835,0.18849882659749073,3.5001906068960826e-05,0.7832546841241996,2.8912016736967847,6.7776072197584085,4.903307226647336,nan
21.11,-87.99750518798828,-682.5375366210938,-5.017882823944092,-88.03313896205313,-682.380280782803,-5.0132994973222305,0.16130769173713724,0.023317815645788328,0.18853861212493758,3.57074807756807e-05,0.7643574224019964,2.9305024834097146,nan,nan,nan
21.12,-87.9893569946289,-682.529052734375,-5.017882823944092,-88.0248598136728,-682.3718633925146,-5.013103761343588,0.16121966007258112,0.02333474780141248,0.18857848524792728,3.501033022981517e-05,0.8287683357560998,3.111162788117988,nan,0.03597456146596962,nan
21.13,-87.981201171875,-682.5206298828125,-5.017882823944092,-88.01657851611446,-682.3634478906752,-5.013132589745583,0.16118405585739773,0.023351745328931507,0.18861844624276264,3.5716249430801095e-05,0.808729818376855,3.0091102386721067,nan,nan,nan
21.14,-87.9730453491211,-682.51220703125,-5.017882823944092,-88.04286797171075,-682.3054416511767,-5.01238261032136,0.21830568790586313,0.019132191103356885,0.17994486517803945,3.5018443743956526e-05,1.1217901943815005,3.3858846602049417,nan,0.43932804990242813,0.2821784085963514
21.150000000000002,-87.96488189697266,-682.5037841796875,-5.017882823944092,-88.04296475962637,-682.2932379300604,-5.012289266215139,0.22462845892785574,0.01913396353769904,0.1799095458830249,3.570263246352391e-05,1.1958106162668902,3.1159953025924576,13.427542980899332,nan,nan
21.16,-87.95671844482422,-682.495361328125,-5.017882823944092,-88.03473279978155,-682.2848373960829,-5.012986076421461,0.2245674590811436,0.0191428630678383,0.1799508937651155,3.5005661404165446e-05,1.0037790542536242,2.977415187801248,nan,0.3217886414311727,nan
21.17,-87.94855499267578,-682.4869384765625,-5.017882823944092,-88.0265179959376,-682.2764023243051,-5.01301542878822,0.22456044357937127,0.0191518214577762,0.17999233307577733,3.571138180718177e-05,0.981533850675265,3.004121412373033,nan,nan,nan
21.18,-87.94039154052734,-682.478515625,-5.017882823944092,-88.01830356182012,-682.2679628031492,-5.0129432643828435,0.2245599543549972,0.019160836474866504,0.1800338564748543,3.501407025779167e-05,1.014255733940372,3.0754701423984727,nan,0.007392191547037767,nan
21.19,-87.93222045898438,-682.4700927734375,-5.017882823944092,-88.01008374893462,-682.2595291111097,-5.012973324747597,0.2245525573159345,0.01916991059362869,0.18007547139558092,3.5720130677399955e-05,0.991544968363953,3.040083698436181,nan,nan,nan
21.2,-87.9240493774414,-682.461669921875,-5.017882823944092,-88.00254459180245,-682.2436463835995,-5.013604119391656,0.23176295914660333,0.019171756694087657,0.1800398454280728,3.500127391869458e-05,0.8435026143558904,2.9902793730899404,0.9441289322473092,0.20819408705139927,nan
21.21,-87.9158706665039,-682.4532470703125,-5.017882823944092,-87.99431622500886,-682.2351997369058,-5.013642652780161,0.23176782413967456,0.019180893142620902,0.1800813252030342,3.570679840750315e-05,0.8234152094010286,2.9533559160527787,nan,nan,nan
21.22,-87.9076919555664,-682.44482421875,-5.017882823944092,-87.9860892686492,-682.2267467960717,-5.0135431045456205,0.23178165187322985,0.019190086589352263,0.18012288933764678,3.5009651405679224e-05,0.8572632878861449,3.0295336724014303,nan,0.01364553967222384,nan
21.23,-87.8995132446289,-682.4364013671875,-5.017882823944092,-87.97785617414605,-682.2183009538289,-5.013582151846229,0.23178416833986196,0.01919933932079628,0.1801645445230063,3.5715518445270614e-05,0.8365958393985538,3.0515029297639753,nan,nan,nan
21.240000000000002,-87.8913345336914,-682.427978515625,-5.017882823944092,-87.96962271312827,-682.2098523136669,-5.013551040635897,0.2317905161278509,0.01920864938361177,0.18020628453247248,3.501802880976287e-05,0.8539768720482965,3.111272573768904,nan,0.003564842366715887,nan
21.25,-87.88314819335938,-682.4195556640625,-5.017882823944092,-87.95816432906138,-682.1916313902599,-5.013559535994005,0.23999080403800754,0.01921056703793172,0.1801703596886374,3.57021726036347e-05,0.8270681775227287,3.2072645210233364,6.114665506094182,nan,nan
21.26,-87.87496185302734,-682.4111328125,-5.017882823944092,-87.94991052190906,-682.1831556601858,-5.013088489944112,0.24002889530835184,0.019219938904072146,0.18021196355757324,3.500519048674096e-05,0.9598201439560473,3.384561061826473,nan,0.18471353508862084,nan
21.27,-87.86677551269531,-682.4027099609375,-5.017882823944092,-87.94164107316445,-682.174703637167,-5.013124724054427,0.240029946753017,0.019229370238378986,0.18025365803315505,3.5710861176050855e-05,0.9367857875769691,3.4005533856827554,nan,nan,nan
21.28,-87.85858154296875,-682.394287109375,-5.017882823944092,-87.93340384290215,-682.1661930639519,-5.011827794101532,0.24012899348303737,0.01923885926444009,0.18029543756309252,3.501354147380481e-05,1.3496009476861501,3.7750809121278106,nan,1.2555130512909323,nan
21.29,-87.85038757324219,-682.3858642578125,-5.017882823944092,-87.92513011829865,-682.1577419519335,-5.011852478440085,0.2401303803102672,0.019248408005728638,0.1803373078264587,3.5719550455076954e-05,1.3202111534906704,3.8063841098388944,nan,nan,nan
21.3,-87.84219360351562,-682.3775024414062,-5.017882823944092,-87.91657887748114,-682.1691634494044,-5.012900914470628,0.22127612612584008,0.019250390786521077,0.18030107894110106,3.5000691715792016e-05,0.9956433798512572,3.5415361261231477,7.039650124912344,0.7920553447979931,nan
21.31,-87.83399200439453,-682.3690795898438,-5.017882823944092,-87.90831826189992,-682.1607458359388,-5.012937292254768,0.22125054543342668,0.019260000687375725,0.1803428117421027,3.570616342539531e-05,0.9709645161128739,3.3551301706234677,nan,nan,nan
21.32,-87.82579803466797,-682.3606567382812,-5.017882823944092,-87.90009439189899,-682.1522628382922,-5.0113947631132145,0.22133698557577766,0.019269668631684434,0.18038462980123765,3.500901423827905e-05,1.487757596217566,3.9825772991937414,nan,1.7614377879188587,nan
21.330000000000002,-87.81758880615234,-682.3522338867188,-5.017882823944092,-87.89182958685953,-682.1438461980337,-5.011417327129495,0.22131182743944627,0.01927939647745244,0.18042653818847482,3.57148271526109e-05,1.4552911802178217,3.8813128088846187,nan,nan,nan
21.34,-87.80938720703125,-682.3438110351562,-5.017882823944092,-87.88353759831621,-682.1354722867995,-5.012484216443169,0.22120682529592503,0.019289182694376544,0.18046853226607532,3.501733843728069e-05,1.116548596548911,3.6613942404755857,nan,0.7677270896127075,nan
21.35,-87.80118560791016,-682.3353881835938,-5.017882823944092,-87.87698654618093,-682.1550394702617,-5.012507754495476,0.19570470616421928,0.019291227922471406,0.1804320054809921,3.570143043916677e-05,1.1344858474116304,3.601046516582792,17.811012497856613,nan,nan
21.36,-87.79297637939453,-682.3269653320312,-5.017882823944092,-87.86875710250952,-682.1466561333242,-5.012276243262208,0.19566695909414936,0.019301074713837678,0.18047386108860383,3.500445224425739e-05,1.2225530468116328,3.6960738240359294,nan,0.05044559686993003,nan
21.37,-87.7847671508789,-682.3185424804688,-5.017882823944092,-87.86051935307896,-682.1382836185993,-5.012310595194551,0.19560854570765285,0.01931098159357537,0.1805158066435188,3.571006683570577e-05,1.1933555222798022,3.7247819356692617,nan,nan,nan
21.38,-87.77655029296875,-682.3101196289062,-5.017882823944092,-87.85227433776645,-682.1299203170664,-5.01257698957808,0.1955353544154886,0.01932094718516584,0.18055783805506945,3.50127541727409e-05,1.1272825606901293,3.6534803018471296,nan,0.037645347061573,nan
21.39,-87.7683334350586,-682.3017578125,-5.017882823944092,-87.8440326883958,-682.1215486451204,-5.012615679875691,0.19553379188803213,0.019330973117750776,0.18059995957173297,3.5718706227768525e-05,1.0991798232768044,3.6554445124520747,nan,nan,nan
21.400000000000002,-87.76012420654297,-682.2933349609375,-5.017882823944092,-87.83662605990803,-682.1218370556194,-5.013262725762363,0.18784411197586287,0.019333074656559368,0.1805631312817593,3.499986108129579e-05,0.9622933155517304,3.5926777132739693,1.9445240445109306,0.28977022285931403,nan
21.41,-87.75189971923828,-682.284912109375,-5.017882823944092,-87.82839314242293,-682.1134785188473,-5.013309374536682,0.18778081955092063,0.01934316047399632,0.18060511305764107,3.5705275377219845e-05,0.9376913621094348,3.540256986844499,nan,nan,nan
21.42,-87.74368286132812,-682.2764892578125,-5.017882823944092,-87.82010763036752,-682.105203357516,-5.015685006611263,0.18757514591264124,0.01935330533523995,0.18064718083262785,3.5008139242715314e-05,0.48918081400945046,3.1704121397405682,nan,3.8245041904793906,nan
21.43,-87.73545837402344,-682.26806640625,-5.017882823944092,-87.81187078889077,-682.0968455023549,-5.015757142095443,0.18750992933666422,0.01936351072735591,0.18068933836684736,3.5713894223422904e-05,0.4771234676578585,3.151893263056447,nan,nan,nan
21.44,-87.72723388671875,-682.2596435546875,-5.017882823944092,-87.8036341673398,-682.0884847636534,-5.015732694136484,0.18744854676799705,0.019373775485360067,0.18073158230336314,3.501642156455431e-05,0.48200510183619966,3.175497180327505,nan,0.006719250742446141,nan
21.45,-87.71900939941406,-682.2512817382812,-5.017882823944092,-87.79665725402293,-682.1001163707891,-5.0158012793880085,0.16995437764920535,0.019375930159194407,0.18069445731142486,3.570045893336052e-05,0.5550963984837857,3.161268952725365,8.689297848011314,nan,nan
21.46,-87.71078491210938,-682.2428588867188,-5.017882823944092,-87.78841925754647,-682.0918231724511,-5.016859747716081,0.1698232176728412,0.01938625415973851,0.1807365604899423,3.500349957427547e-05,0.4631363444496898,3.252407353259227,nan,0.6838228523319019,nan
21.47,-87.70255279541016,-682.2344360351562,-5.017882823944092,-87.78019994649465,-682.0834972904572,-5.016944903638616,0.16974234715402386,0.01939663888170008,0.18077875310349986,3.570905579364311e-05,0.45748296426631163,3.2351989674066295,nan,nan,nan
21.48,-87.69432830810547,-682.2260131835938,-5.017882823944092,-87.7719568544966,-682.0752070737983,-5.018123697129375,0.16961347819770878,0.019407083290579698,0.18082103222861015,3.501176482197884e-05,0.4339428105952405,3.2502859821493786,nan,0.8424808819073855,nan
21.490000000000002,-87.68608856201172,-682.2175903320312,-5.017882823944092,-87.76373403871304,-682.0668819476116,-5.018221787799762,0.1695345159047395,0.019417588679079164,0.18086340097416656,3.571765839513233e-05,0.4351909411630196,3.2205343081829003,nan,nan,nan
21.5,-87.6778564453125,-682.209228515625,-5.017882823944092,-87.75878173103219,-682.058065488885,-5.018763084089486,0.17146409939095048,0.019419790597808215,0.18082597693240612,3.4998841220317335e-05,0.5155586099464685,3.065802585667405,2.1044980643650573,0.20745242477990222,nan
21.51,-87.66962432861328,-682.2008056640625,-5.017882823944092,-87.75057217333563,-682.0497339406738,-5.018866664667266,0.1713948281465452,0.01943035449492993,0.18086820369643922,3.570419721590152e-05,0.5201685079842477,3.220134614968044,nan,nan,nan
21.52,-87.66138458251953,-682.1923828125,-5.017882823944092,-87.74237851267326,-682.0413751751853,-5.018055245419152,0.17135738378687138,0.019440978391438903,0.18091051706051373,3.500708803856948e-05,0.4936682975525483,3.1814784449738847,nan,0.5922482328933731,nan
21.53,-87.65314483642578,-682.1839599609375,-5.017882823944092,-87.73416604078416,-682.0330445030605,-5.01815178435529,0.17128918039853688,0.01945166346090029,0.18095291975129355,3.571278484539525e-05,0.4945768048051626,3.1952767650604303,nan,nan,nan
21.54,-87.64490509033203,-682.175537109375,-5.017882823944092,-87.72594575768892,-682.0247239840842,-5.018582442922784,0.17120945649218952,0.019462408846362276,0.18099540941995332,3.501534170557408e-05,0.5062275620451528,3.214289172879128,nan,0.07825298752812702,nan
21.55,-87.63666534423828,-682.1671752929688,-5.017882823944092,-87.71546067303866,-681.9977991727761,-5.018684939870386,0.18680903972298982,0.01946465440856561,0.18095769007420573,3.569932477876008e-05,0.4036290283604731,3.030085411667204,8.82033869972791,nan,nan
21.56,-87.62841796875,-682.1587524414062,-5.017882823944092,-87.70723693259052,-681.9894093994984,-5.017595817717091,0.1867875190585995,0.019475457604965093,0.1810000367381613,3.500239721004252e-05,0.387465233130805,3.048070405347741,nan,1.0032484404913589,nan
21.57,-87.62017059326172,-682.1503295898438,-5.017882823944092,-87.69899016352436,-681.9810535038898,-5.017687840472817,0.18672695560850763,0.01948632216809839,0.18104247245367852,3.570789598809396e-05,0.3856583536907873,3.0613763090727297,nan,nan,nan
21.580000000000002,-87.61192321777344,-682.1419067382812,-5.017882823944092,-87.69075591136513,-681.9726760436913,-5.01698033435422,0.1866934279983516,0.019497247349164346,0.18108499520699103,3.501063913657688e-05,0.40731549201522843,3.108787248951008,nan,0.45246144525127996,nan
21.59,-87.60374450683594,-682.133544921875,-5.017882823944092,-87.68254166440997,-681.9643204049154,-5.0170668522281385,0.18667242697249964,0.01950823416049825,0.1811276072210853,3.5716475699450434e-05,0.40144139893208225,3.048790377110838,nan,nan,nan
21.6,-87.59568786621094,-682.1251220703125,-5.017882823944092,-87.67664634219229,-681.9449013332871,-5.017170016830884,0.19757099225637603,0.01951051767892279,0.1810895912140014,3.49976982500171e-05,0.4015634656487476,3.082354222821867,1.5917480081720141,0.001703701921949706,nan
21.61,-87.58776092529297,-682.11669921875,-5.017882823944092,-87.66865254693656,-681.9365232754938,-5.017258674068197,0.19750244186711838,0.019521561524220417,0.18113205904299806,3.570299790651629e-05,0.3964212906163334,3.060420352072861,nan,nan,nan
21.62,-87.5799789428711,-682.1083374023438,-5.017882823944092,-87.6607593738772,-681.9282074105996,-5.019817327142811,0.19742348964067372,0.01953266628117513,0.18117461395207143,3.500592695598517e-05,0.4906880237459941,3.140600893372591,nan,4.302824960235283,nan
21.63,-87.57234954833984,-682.0999145507812,-5.017882823944092,-87.65305428885436,-681.919829604785,-5.019932667369095,0.19735258998564528,0.019543832864528984,0.1812172578725728,3.5711568023111814e-05,0.49979491633096296,3.171179098013457,nan,nan,nan
21.64,-87.56486511230469,-682.0914916992188,-5.017882823944092,-87.64551088461303,-681.9114324086775,-5.019247198965545,0.19729913892524367,0.019555060671051776,0.1812599892294797,3.501416506352047e-05,0.4337157429880242,3.0812766714700635,nan,0.4536191609538976,nan
21.650000000000002,-87.55753326416016,-682.0830688476562,-5.017882823944092,-87.63212372725347,-681.8741263511221,-5.019421460674292,0.2218627310870342,0.019557378186860316,0.18122167949383236,3.569809652772925e-05,0.35164636031697744,3.1952227941614995,27.22515969709794,nan,nan
21.66,-87.55033874511719,-682.07470703125,-5.017882823944092,-87.62477324568812,-681.8657613490008,-5.02175111902846,0.22184173798612056,0.01956866227633691,0.18126426564017412,3.500121077700591e-05,0.7119106343998174,3.602257596480399,nan,3.474064010151373,nan
21.67,-87.54329681396484,-682.0662841796875,-5.017882823944092,-87.61760089219817,-681.8573446003936,-5.0218857579018765,0.22179465123821035,0.019580008388435915,0.1813069405640843,3.570665537811626e-05,0.7321401076250532,3.568725079960724,nan,nan,nan
21.68,-87.53638458251953,-682.057861328125,-5.017882823944092,-87.61058817743707,-681.8489003173528,-5.020811637511563,0.2217644143467202,0.01959141600748632,0.18134970294274616,3.5009442036362446e-05,0.527491843039707,3.260974210830751,nan,1.0328673197102056,nan
21.69,-87.52961730957031,-682.0494384765625,-5.017882823944092,-87.60369601776112,-681.8404821996133,-5.020936184342971,0.22171987663129247,0.019602885917595445,0.18139255432818227,3.571522523014439e-05,0.5425694214222735,3.3184411030760086,nan,nan,nan
21.7,-87.52297973632812,-682.0410766601562,-5.017882823944092,-87.59247856465348,-681.8686397510155,-5.020989517204554,0.18594145937800927,0.01960523190593223,0.1813539502686861,3.4996496010647386e-05,0.530965709611539,3.2369581298263133,16.993203253321347,8.266581625828928e-05,nan
21.71,-87.5164794921875,-682.0326538085938,-5.017882823944092,-87.58586375575064,-681.860290060778,-5.021114341882709,0.18583293653033683,0.01961675728008513,0.18139665530210733,3.570174329701003e-05,0.5463654784313434,3.3412904108138597,nan,nan,nan
21.72,-87.5101089477539,-682.0242309570312,-5.017882823944092,-87.57940165683854,-681.8519071217142,-5.019672506941317,0.1857422588316391,0.019628344437226348,0.18143944779402943,3.500471866139969e-05,0.34407344293709236,3.124656084088874,nan,1.7347066470584092,nan
21.73,-87.50386047363281,-682.0158081054688,-5.017882823944092,-87.57304563821747,-681.8435551065858,-5.019783629509075,0.18563753845755962,0.019639994083395642,0.1814823290801054,3.5710308274758255e-05,0.3525232395512245,3.0890832124439838,nan,nan,nan
21.740000000000002,-87.49774169921875,-682.0073852539062,-5.017882823944092,-87.56686706763735,-681.8351270994863,-5.01608895418705,0.18561898149674527,0.019651705819468502,0.18152529816324936,3.501295292997082e-05,0.34199718467066265,3.0998787321585564,nan,10.224894466592875,nan
21.75,-87.49173736572266,-681.9989624023438,-5.017882823944092,-87.5507429256205,-681.8306214938208,-5.016006709085473,0.17839236919822946,0.019654076027928163,0.181486402105052,3.569683706756143e-05,0.2772723366376446,3.2222701430528877,13.390668335638312,nan,nan
21.76,-87.48585510253906,-681.9905395507812,-5.017882823944092,-87.54471944416908,-681.8222767177157,-5.015429923109659,0.17827901847746958,0.01966584242590817,0.18152922381193135,3.499999991978848e-05,0.349755839655881,3.336084920083359,nan,0.2979940383560327,nan
21.77,-87.48009490966797,-681.982177734375,-5.017882823944092,-87.53880577254397,-681.8139426992605,-5.015497352470708,0.1782012427952959,0.019677671510539736,0.18157213411289208,3.5705395160371965e-05,0.3364259272408492,3.2851080085938547,nan,nan,nan
21.78,-87.47444152832031,-681.9737548828125,-5.017882823944092,-87.53299940297859,-681.805619390588,-5.016249465277677,0.1780484099636557,0.01968956295188878,0.18161513219512532,3.500823146634827e-05,0.25248951538129677,3.2256752833644873,nan,0.32991860200431666,nan
21.79,-87.46891021728516,-681.96533203125,-5.017882823944092,-87.52731546026186,-681.797282062231,-5.016325639034826,0.17791680448817931,0.019701517352687246,0.18165821911697458,3.571396634195766e-05,0.24338114738394362,3.3039812256857526,nan,nan,nan
21.8,-87.4634780883789,-681.9569091796875,-5.017882823944092,-87.51127769360735,-681.7921033618027,-5.020272169250163,0.1716143025498561,0.019703906382970836,0.18161903103644342,3.4995290534897484e-05,0.31289281474159825,3.7121753928040833,13.313169481400324,10.224706139135549,nan
21.81,-87.45816040039062,-681.948486328125,-5.017882823944092,-87.50576676029391,-681.7837847984352,-5.020389304503624,0.17146207111247713,0.019715914585866936,0.18166196947550664,3.570049069195868e-05,0.3255719132219951,3.7846973575645366,nan,nan,nan
21.82,-87.45294952392578,-681.9400024414062,-5.017882823944092,-87.50035910143603,-681.7754698076554,-5.02082588665131,0.17125220356765386,0.019727985405068912,0.18170499566825785,3.500351724464143e-05,0.396777908505656,4.167509676504256,nan,0.07155474884276011,nan
21.830000000000002,-87.44784545898438,-681.9315795898438,-5.017882823944092,-87.4950601215604,-681.7671478255774,-5.020948397562738,0.17110355695758914,0.019740119382397735,0.18174811051756143,3.570906082967755e-05,0.4123698152532752,3.8904952054357596,nan,nan,nan
21.84,-87.44283294677734,-681.9231567382812,-5.017882823944092,-87.48986950360077,-681.7588164377862,-5.020585567086286,0.1709604540971298,0.01975231627893081,0.1817913134448404,3.501175735376108e-05,0.3577077496830472,3.681343975620349,nan,0.16690305996325183,nan
21.85,-87.43792724609375,-681.9147338867188,-5.017882823944092,-87.48761502737108,-681.7483269287361,-5.020546429615011,0.17368720755562672,0.01975471964319279,0.1817518352278075,3.5695599397657366e-05,0.35132395528990024,3.546261620586529,1.9982092497256259,nan,nan
21.86,-87.43312072753906,-681.9063110351562,-5.017882823944092,-87.48262389173499,-681.7399990110702,-5.021202948565416,0.17355482087376362,0.019766969490842355,0.18179488865245216,3.499881451068403e-05,0.467284649153614,3.661316241399289,nan,0.20520234255467298,nan
21.87,-87.42840576171875,-681.8978881835938,-5.017882823944092,-87.47773532833935,-681.7316610357856,-5.0213266968876225,0.17342644282884667,0.019779282694477516,0.18183803056045358,3.570416609726787e-05,0.4842797947746465,3.5996449331946545,nan,nan,nan
21.88,-87.42378997802734,-681.889404296875,-5.017882823944092,-87.47293430204223,-681.7233309404028,-5.022148541437754,0.1732446843587615,0.01979165906845663,0.18188126050328526,3.50070551181334e-05,0.6715666351435949,4.083695483226991,nan,0.34306055575005906,nan
21.89,-87.41925811767578,-681.8809814453125,-5.017882823944092,-87.46823383186506,-681.714989107989,-5.022281257400728,0.17312256596796524,0.0198040990749871,0.1819245791879956,3.5712747499582305e-05,0.6932922947774235,3.732624565167981,nan,nan,nan
21.900000000000002,-87.41482543945312,-681.87255859375,-5.017882823944092,-87.46489445862336,-681.7020414051539,-5.02136454761772,0.17775021993555853,0.01980651147115549,0.1818848112278606,3.4994127242006595e-05,0.5063603952835926,3.5781243176994124,0.29123903812269525,0.7857673938649333,nan
21.91,-87.41047668457031,-681.8640747070312,-5.017882823944092,-87.4603769107416,-681.6936856061747,-5.021488859134413,0.17758232387391176,0.01981900352910229,0.18192797933464847,3.5699286172446646e-05,0.5239276460138242,3.7448724753657125,nan,nan,nan
21.92,-87.40621185302734,-681.8556518554688,-5.017882823944092,-87.45594686810803,-681.6853276856829,-5.021614232954649,0.17747624616137023,0.01983155913769495,0.181971235651316,3.6418746170338864e-05,0.5418478501587054,3.493705024905631,nan,nan,nan
21.93,-87.40203857421875,-681.8472290039062,-5.017882823944092,-87.45160279604013,-681.676967494403,-5.02174063522299,0.17737101344623066,0.01984417844143367,0.1820145803223634,3.715265173588325e-05,0.5599867291924018,3.56966821438238,nan,nan,nan
21.94,-87.39794158935547,-681.8387451171875,-5.017882823944092,-87.44736079235807,-681.6685824884772,-5.019981416574452,0.17720604370627568,0.01985686144908091,0.18205801327185292,3.6369539293165284e-05,0.2802599408083229,3.3771274091326537,nan,2.3237421454858214,nan
21.95,-87.39392852783203,-681.830322265625,-5.017882823944092,-87.44242767894674,-681.6628958464369,-5.0201225362994935,0.17432380735987463,0.019859278205657752,0.1820179571498143,3.707834846275619e-05,0.28945214677466413,3.24531947836632,0.142563329124423,nan,nan
21.96,-87.38999938964844,-681.8218383789062,-5.017882823944092,-87.43831147075072,-681.6545578515137,-5.0222461292347065,0.17417195657805146,0.019872012368193893,0.1820612385105759,3.629896751030121e-05,0.6784329873957394,3.8733100619872847,nan,2.6551063539066786,nan
21.97,-87.38614654541016,-681.8134155273438,-5.017882823944092,-87.4342926087613,-681.6461949131885,-5.0223783083591815,0.17407178575169716,0.019884810567728516,0.18210460831601158,3.70292909653022e-05,0.6996203888462073,3.656045088769573,nan,nan,nan
21.98,-87.38236999511719,-681.804931640625,-5.017882823944092,-87.43036953746764,-681.6378072823439,-5.020401631081503,0.173898969479706,0.019897672709848692,0.1821480663389354,3.62525890524893e-05,0.3286587217489697,3.4546557831513547,nan,2.926012964612345,nan
21.990000000000002,-87.378662109375,-681.7964477539062,-5.017882823944092,-87.42650419109326,-681.6294398748072,-5.020515017841018,0.1737452874440449,0.019910599167809826,0.18219161307340576,3.698169224337948e-05,0.3408099840256118,3.371398530167297,nan,nan,nan
22.0,-87.37503814697266,-681.7880249023438,-5.017882823944092,-87.41988204888445,-681.6092914261077,-5.020654644441174,0.18429409663624347,0.019913015046791445,0.18215126946501176,3.618509159582268e-05,0.40146832460651505,3.5102054041594015,4.198487543480335,0.00023254633121736756,nan
22.01,-87.3714828491211,-681.779541015625,-5.017882823944092,-87.41614249269317,-681.6009032773951,-5.020770497184982,0.18415825786704074,0.019925991720072863,0.18219466356154965,3.691213002351728e-05,0.41529161323470704,3.567125279644367,nan,nan,nan
22.02,-87.36799621582031,-681.7710571289062,-5.017882823944092,-87.41246392276054,-681.5925256657164,-5.022221843394583,0.1840371902606355,0.0199390325681131,0.182238145806772,3.614159775066013e-05,0.7105558805953613,3.8153826183699673,nan,1.1778861928748776,nan
22.03,-87.36458587646484,-681.7625732421875,-5.017882823944092,-87.40886620559151,-681.5841332301079,-5.022352729091156,0.18390640421299628,0.01995213792697954,0.18228171661820905,3.686755992913857e-05,0.7318502480687209,3.878825620347495,nan,nan,nan
22.04,-87.36123657226562,-681.7540893554688,-5.017882823944092,-87.40534024294226,-681.5757350983282,-5.022092126210908,0.1837745712357411,0.019965307757932146,0.18232537588417685,3.6099532583882196e-05,0.6809874302513781,3.719410299072644,nan,0.10205543335553532,nan
22.05,-87.35795593261719,-681.7456665039062,-5.017882823944092,-87.40074285926299,-681.5748218840956,-5.022161587520953,0.17617296338478375,0.01996771796466886,0.18228474619303073,3.680124003243403e-05,0.6700831913434614,3.6286365710201096,0.8158827482027668,nan,nan
22.06,-87.354736328125,-681.7371826171875,-5.017882823944092,-87.39736731957092,-681.5664144895076,-5.019585474371049,0.176017197686615,0.01998093706981449,0.18232825181897358,3.603662076621793e-05,0.25324335107401397,3.2740451854857615,nan,4.868168042695162,nan
22.07,-87.3515853881836,-681.7286987304688,-5.017882823944092,-87.39403669456644,-681.5580272183446,-5.019688692370465,0.17588103827624602,0.019994220879316252,0.1823718458718848,3.6759715796517794e-05,0.2617317524911795,3.326569002752465,nan,nan,nan
22.080000000000002,-87.34850311279297,-681.72021484375,-5.017882823944092,-87.39075860196,-681.5496496215901,-5.021346339560275,0.1757555612651354,0.020007569385747055,0.18241552830060673,3.599748029855246e-05,0.50651093214566,3.624649228990964,nan,1.6091613585967213,nan
22.09,-87.34547424316406,-681.7117309570312,-5.017882823944092,-87.3875535134957,-681.5412572899423,-5.0214667982905485,0.1756268232204324,0.020020982878312936,0.18245929943142244,3.6719690998101286e-05,0.5233084985827974,3.5121336826505978,nan,nan,nan
22.1,-87.3425064086914,-681.7032470703125,-5.017882823944092,-87.39107344496635,-681.5046710129484,-5.020048753719581,0.2044404529993942,0.02002338222323336,0.18241838452770612,3.593765796536637e-05,0.3679200455919397,3.1416669877184416,10.639306081656057,1.845507537019667,nan
22.11,-87.339599609375,-681.6947021484375,-5.017882823944092,-87.38799941693419,-681.4962151203331,-5.020156985478495,0.2043154754495413,0.020036844013013654,0.18246200099518903,3.665814370125511e-05,0.37870492567746755,3.2815677195910222,nan,nan,nan
22.12,-87.33675384521484,-681.6862182617188,-5.017882823944092,-87.38498095853855,-681.4877600393465,-5.020744686804584,0.20425403483335963,0.02005037071868648,0.1825057057540234,3.590142712162157e-05,0.4662319587021566,3.293978443134046,nan,0.1534051346713511,nan
22.13,-87.3339614868164,-681.677734375,-5.017882823944092,-87.3820228111528,-681.4792994541419,-5.020860006500515,0.20419395762090325,0.020063962603338734,0.18254949908356657,3.662115341556013e-05,0.4806082824994206,3.2622605530063558,nan,nan,nan
22.14,-87.33122253417969,-681.6692504882812,-5.017882823944092,-87.37912344564283,-681.4708338342747,-5.020542366833099,0.20413412030951422,0.020077619698682648,0.18259338100356481,3.5866623201726286e-05,0.4362534752255728,3.1655728987955887,nan,0.12645563893624878,nan
22.150000000000002,-87.32854461669922,-681.6607666015625,-5.017882823944092,-87.36648852040116,-681.4670276847081,-5.020742166580221,0.19744032914367782,0.020080003281513815,0.18255218215692492,3.6562779082314815e-05,0.5087026192504145,3.7049295525032493,9.312370905316099,nan,nan
22.16,-87.32591247558594,-681.6522216796875,-5.017882823944092,-87.38293148579844,-681.4256903733591,-5.020356055784895,0.233610182030253,0.015208055757476677,0.16836946950600418,3.581113388369949e-05,0.4801397591457225,3.690567449013167,nan,0.17185392474619507,0.07602991503278679
22.17,-87.32333374023438,-681.6437377929688,-5.017882823944092,-87.38016747801542,-681.4172424315288,-5.020467442616345,0.2335313742468829,0.015213548192942853,0.16841389412969138,3.6528605857899894e-05,0.492380532045702,3.5736009425895308,nan,nan,nan
22.18,-87.32080841064453,-681.63525390625,-5.017882823944092,-87.37750364963618,-681.4087157834808,-5.018981359579508,0.23352746727664064,0.015219097726034256,0.168458403908477,3.577919473622898e-05,0.34342857264522747,3.4374973937220297,nan,1.72480539634994,nan
22.19,-87.3183364868164,-681.626708984375,-5.017882823944092,-87.37484207123468,-681.4002630510346,-5.019078715476385,0.2333925276297838,0.015224707224546758,0.1685030057296386,3.6496070836999966e-05,0.34890426893057325,3.58967155042837,nan,nan,nan
22.2,-87.31591033935547,-681.6182250976562,-5.017882823944092,-87.37359416511754,-681.4033070720321,-5.0185509324546995,0.22252556675963903,0.015225552820376194,0.16844352632052423,3.5726840187485445e-05,0.2867992136362361,3.1846574362737363,3.410709486873863,0.2551769406840515,nan
22.21,-87.31353759765625,-681.6096801757812,-5.017882823944092,-87.37105275987466,-681.3948545081083,-5.018643867958446,0.22239298676918762,0.01523124482077622,0.16848797652029868,3.644228000930971e-05,0.28989103819802675,3.3572611799116103,nan,nan,nan
22.22,-87.31120300292969,-681.6011962890625,-5.017882823944092,-87.36859391484344,-681.3863454597872,-5.017543165345627,0.22238415181513466,0.015236994319147872,0.16853251210870976,3.569769441202066e-05,0.277092881479224,3.119771837358421,nan,0.9680306780487694,nan
22.23,-87.30892181396484,-681.5926513671875,-5.017882823944092,-87.36614736183863,-681.3778883010131,-5.017626387584611,0.22225661673324554,0.015242803929161825,0.16857713928800735,3.6412644017738196e-05,0.27538989940825476,3.313907157225203,nan,nan,nan
22.240000000000002,-87.30668640136719,-681.5841674804688,-5.017882823944092,-87.363748429102,-681.3694264127942,-5.01765165739984,0.22219328206137326,0.015248671385594829,0.16862185230844007,3.5669909006510654e-05,0.2749775288795046,3.2243893669728583,nan,0.002363167443909877,nan
22.25,-87.30449676513672,-681.5756225585938,-5.017882823944092,-87.35474420552852,-681.3437224688684,-5.017632007301775,0.2372815201181165,0.015249672782531656,0.1685622486082357,3.6361832898861113e-05,0.36337156187858777,4.015566247938639,24.223307386500327,nan,nan
22.26,-87.3023452758789,-681.5670776367188,-5.017882823944092,-87.35234278212386,-681.3353189725411,-5.01878357211662,0.237092050476979,0.01525562219748772,0.16860680896999536,3.562179050927173e-05,0.38515821033242365,3.9486977652490007,nan,0.7769399087061813,nan
22.27,-87.30023956298828,-681.55859375,-5.017882823944092,-87.35001416347708,-681.3268673269632,-5.0188786887235075,0.2370140032443177,0.015261631874581717,0.16865146049689334,3.63350083039125e-05,0.39074230993514203,3.8784950053034057,nan,nan,nan
22.28,-87.29817199707031,-681.550048828125,-5.017882823944092,-87.34774502298956,-681.3183869196408,-5.018339732871208,0.23690701447421497,0.01526769978189858,0.16869619805909758,3.5596685414663546e-05,0.37007884503237887,3.8893592913787063,nan,0.2750608524632095,nan
22.29,-87.29615020751953,-681.54150390625,-5.017882823944092,-87.34550031355346,-681.3099308959625,-5.018430683746797,0.2367737151998928,0.01527382818501289,0.1687410269247396,3.63095483917142e-05,0.37329820668443764,3.971317528218237,nan,nan,nan
22.3,-87.2941665649414,-681.532958984375,-5.017882823944092,-87.33392336733893,-681.3153120545028,-5.018220329143166,0.22124851034399412,0.015274977754238925,0.16868129414492608,3.555130111494886e-05,0.3863104404980745,4.6988341951570405,19.877276381396268,0.0083395211655564,nan
22.31,-87.29222869873047,-681.5244140625,-5.017882823944092,-87.33171560607326,-681.3069101858061,-5.018308310602362,0.22105956949937697,0.01528118742497446,0.16872596902093173,3.626296672019782e-05,0.3896055973304846,4.803123795120639,nan,nan,nan
22.32,-87.29032135009766,-681.5159301757812,-5.017882823944092,-87.32954318386226,-681.2985121922598,-5.018546878642741,0.22092843359571432,0.01528745569754505,0.16877073010158045,3.552877848324019e-05,0.3987971183308234,4.428708531148,nan,0.015325794337450134,nan
22.330000000000002,-87.2884521484375,-681.5073852539062,-5.017882823944092,-87.32741310795338,-681.2901062743242,-5.018638384817381,0.22074574108426356,0.015293784624372317,0.1688155820967505,3.6240176632673845e-05,0.4035853121717955,4.63343301694181,nan,nan,nan
22.34,-87.28662872314453,-681.4988403320312,-5.017882823944092,-87.32529616431562,-681.2817361087699,-5.019716813740043,0.2205284069756156,0.015300172491704777,0.1688605207180842,3.5507506891870346e-05,0.4841205969563851,4.862438202964856,nan,0.6664774236803297,nan
22.35,-87.28483581542969,-681.4902954101562,-5.017882823944092,-87.3253812201662,-681.2427118304888,-5.019852223495504,0.25088929291777495,0.015301466847558835,0.16880066450656292,3.619630259755413e-05,0.6637189511843142,4.912281047736178,9.360165845886224,nan,nan
22.36,-87.28307342529297,-681.4817504882812,-5.017882823944092,-87.32336553496097,-681.2342224742807,-5.01904446914023,0.2507885986963978,0.01530793537143054,0.16884544809546703,3.546597709144958e-05,0.596958948368754,4.726593383993547,nan,0.572500441272687,nan
22.37,-87.28135681152344,-681.4732055664062,-5.017882823944092,-87.32136319460311,-681.225765175346,-5.01914137819576,0.25065682072096906,0.01531446471172468,0.16889032223281472,3.617606845580098e-05,0.6052191266263546,4.9365739669237,nan,nan,nan
22.38,-87.27967071533203,-681.4646606445312,-5.017882823944092,-87.31934389842965,-681.217385330096,-5.021434233105342,0.2504628816674615,0.015321053348501265,0.16893528313070694,3.544713612312899e-05,0.9197250339223588,5.152242923303083,nan,3.3149522282629857,nan
22.39,-87.27801513671875,-681.4561157226562,-5.017882823944092,-87.31741044556257,-681.2089239959474,-5.02155497686343,0.2503382208518132,0.015327703044822172,0.16898033474482563,3.615706932534026e-05,0.9393071232005934,5.092732440929647,nan,nan,nan
22.400000000000002,-87.2763900756836,-681.447509765625,-5.017882823944092,-87.31482438538355,-681.1755338403717,-5.022653053753428,0.2747195937168062,0.015329134949657562,0.1689203516824363,3.5408056149980414e-05,1.4188446962856478,6.00947424917684,9.081849760737635,0.531882120105166,nan
22.41,-87.2748031616211,-681.43896484375,-5.017882823944092,-87.31292787409278,-681.1670438934378,-5.022786651285688,0.2746243697167379,0.015335864565028041,0.16896524698646903,3.611698506399441e-05,1.4457600793262118,5.959104669623731,nan,nan,nan
22.42,-87.27324676513672,-681.430419921875,-5.017882823944092,-87.31107201240134,-681.158538833265,-5.022534219283759,0.27453908857029924,0.01534265382137606,0.16901022916360636,3.5391529037209874e-05,1.3949919695084827,5.844608043866156,nan,0.10331370328220262,nan
22.43,-87.27172088623047,-681.421875,-5.017882823944092,-87.30923882698629,-681.1500451259898,-5.022665798407324,0.2744484525875245,0.01534950430643517,0.16905530172322658,3.610037041193855e-05,1.4211165227709963,5.83583902667438,nan,nan,nan
22.44,-87.27022552490234,-681.4132690429688,-5.017882823944092,-87.3074333696821,-681.1415541459658,-5.0229399895371545,0.27429725461684407,0.015356414762157267,0.16910046155028505,3.537611823834604e-05,1.5135905266777305,6.021722973354224,nan,0.013873546834836827,nan
22.45,-87.26876068115234,-681.4047241210938,-5.017882823944092,-87.30961542466308,-681.1342245604991,-5.0229930264111315,0.27361512479847505,0.015357980213543943,0.16904035599360528,3.60626779740265e-05,1.434602734288639,5.39789842989203,4.2245252725373135,nan,nan
22.46,-87.26732635498047,-681.3961791992188,-5.017882823944092,-87.3079256350033,-681.1256668776442,-5.021787221084973,0.2735698484465116,0.015364969912202549,0.16908535846565462,3.534044584314097e-05,1.145000101331889,5.104222872138294,nan,1.2429886237402263,nan
22.47,-87.26591491699219,-681.3875732421875,-5.017882823944092,-87.30623678272013,-681.1171502673584,-5.021909057267565,0.27344222191530543,0.015372021011731978,0.16913045100625196,3.604832037547832e-05,1.1659250350658237,5.076676905399777,nan,nan,nan
22.48,-87.26454162597656,-681.3790283203125,-5.017882823944092,-87.30458903918182,-681.1086127605606,-5.021417320129858,0.27338775196347687,0.015379132411911568,0.16917563089647128,3.532717669990315e-05,1.0731345550821367,5.078014634031454,nan,0.26172329675704364,nan
22.490000000000002,-87.26318359375,-681.3704833984375,-5.017882823944092,-87.30295657435029,-681.1000924628244,-5.021535176040848,0.27332487578597175,0.01538630546468833,0.16922090104867277,3.603504946602498e-05,1.0927546414357068,4.828336011435832,nan,nan,nan
22.5,-87.2618637084961,-681.3618774414062,-5.017882823944092,-87.30410100466014,-681.0834958613013,-5.022258603597433,0.281601563874436,0.015387997538234952,0.16916067066832127,3.529364123244603e-05,1.2843145699575262,5.139251138036682,1.7674632135194395,0.1882172936931376,nan
22.51,-87.26055908203125,-681.3533325195312,-5.017882823944092,-87.30253097336478,-681.0749508429006,-5.022384964732675,0.2815639657652572,0.01539524905071655,0.1692057822370418,3.6000661823818304e-05,1.307873886989372,4.8937211472030615,nan,nan,nan
22.52,-87.25929260253906,-681.3447265625,-5.017882823944092,-87.30098877112825,-681.0664014138688,-5.022430240765457,0.28146782735394565,0.015402561183174122,0.16925098121878795,3.528238880618306e-05,1.333742113669384,5.15888144854612,nan,0.004686245498894956,nan
22.53,-87.25804138183594,-681.336181640625,-5.017882823944092,-87.29947073713362,-681.0578525090397,-5.022557881952252,0.28143445620039,0.015409935146255263,0.16929627017634968,3.598946343259538e-05,1.3580503730291507,4.944540248217683,nan,nan,nan
22.54,-87.25682067871094,-681.3275756835938,-5.017882823944092,-87.29795073519959,-681.0493427217009,-5.024143964892225,0.2813262599125841,0.015417370050950313,0.1693416469179202,3.527210623309857e-05,1.864901766961271,5.548979819500874,nan,1.4763876837327525,nan
22.55,-87.25562286376953,-681.3190307617188,-5.017882823944092,-87.28961871585027,-681.0454509421136,-5.0243451602712845,0.2757596733474656,0.015419184232799005,0.16928129504156736,3.595713530448336e-05,2.016631132675257,6.169948435254065,9.21298532718053,nan,nan
22.56,-87.25444793701172,-681.3104248046875,-5.017882823944092,-87.28812538305344,-681.0369515049839,-5.025283683591855,0.2756385109998092,0.015426696858896607,0.16932651215597053,3.52415056377391e-05,2.4128931725439893,6.57402264595167,nan,0.4373945587345175,nan
22.57,-87.2532958984375,-681.3018188476562,-5.017882823944092,-87.28667007572128,-681.0284287320455,-5.025438295399952,0.2755232770056394,0.01543427149584297,0.16937181897683062,3.594787818690832e-05,2.4501639875097743,6.549115647299688,nan,nan,nan
22.580000000000002,-87.25216674804688,-681.2932739257812,-5.017882823944092,-87.28525558032968,-681.0198776877,-5.024586009632337,0.2754728780064655,0.015441907380471234,0.16941721361924503,3.523306137307698e-05,2.1415073624443086,6.13332228319279,nan,0.7075120974910586,nan
22.59,-87.25106048583984,-681.28466796875,-5.017882823944092,-87.28384630846227,-681.0113511596772,-5.024732623103893,0.2753614134828459,0.015449605535307488,0.16946269818339743,3.593955318230059e-05,2.1752375328915865,6.2075674408743,nan,nan,nan
22.6,-87.24998474121094,-681.2760620117188,-5.017882823944092,-87.2771310720947,-681.0212400011487,-5.025136724203889,0.2563665333470408,0.01545153514542886,0.16940222332979338,3.520427909530783e-05,2.322603126372341,6.950370041076794,5.775115483083059,0.05080986182741679,nan
22.61,-87.24891662597656,-681.2674560546875,-5.017882823944092,-87.27575234835058,-681.0127535289746,-5.0252879263118615,0.2562193750303503,0.01545931019346326,0.169447547083371,3.591003527855982e-05,2.358391651940411,6.646495233250299,nan,nan,nan
22.62,-87.24787902832031,-681.2589111328125,-5.017882823944092,-87.27439543195672,-681.0042646736206,-5.025406279425108,0.25613383459270783,0.015467146785460904,0.16949295868020767,3.5197548134690234e-05,2.4437025029245825,6.728873821146985,nan,0.0007967752758113177,nan
22.63,-87.24685668945312,-681.2503051757812,-5.017882823944092,-87.27305884018762,-680.9957751771741,-5.025559042683959,0.2559902287748756,0.01547504583253995,0.16953845995275993,3.590346663153608e-05,2.4803041964753403,6.765673165984198,nan,nan,nan
22.64,-87.24585723876953,-681.24169921875,-5.017882823944092,-87.27172576511269,-680.9873094470196,-5.0267884766117,0.2558566928295137,0.015483006738182252,0.1695840494199179,3.519163918958227e-05,3.0964069306155744,7.394737399730211,nan,0.807942506717022,nan
22.650000000000002,-87.24488067626953,-681.2330932617188,-5.017882823944092,-87.27454109355767,-680.9601621958021,-5.02701345070382,0.27468978037254355,0.015485046846470325,0.16952345411248773,3.5875679784637995e-05,3.2485436292535326,7.305099517159259,4.511803618252151,nan,nan
22.66,-87.2439193725586,-681.2244873046875,-5.017882823944092,-87.2732730572993,-680.9516266609055,-5.027053365640143,0.27458817994950474,0.015493083847741668,0.16956888172983103,3.516532296323292e-05,3.3200524247316716,7.238285112894502,nan,0.011400430860830561,nan
22.67,-87.24298095703125,-681.2158813476562,-5.017882823944092,-87.2720224556411,-680.9430923356338,-5.027220577725952,0.27448943033822043,0.015501183490343936,0.1696143987908166,3.5870739604475985e-05,3.3631863547476346,7.307502343844401,nan,nan,nan
22.68,-87.24205780029297,-681.207275390625,-5.017882823944092,-87.27080345690608,-680.9345378308265,-5.02652897220842,0.2743844842165668,0.015509345275829025,0.16966000404654633,3.5160953177415587e-05,3.0623332658016285,6.889046995371482,nan,0.5170343793805094,nan
22.69,-87.24115753173828,-681.1986694335938,-5.017882823944092,-87.2695903736685,-680.9260005443291,-5.026689564753659,0.27428873173489,0.015517569968617827,0.16970569897941654,3.586657990649945e-05,3.1025753668594094,6.986320238077321,nan,nan,nan
22.7,-87.24027252197266,-681.1900634765625,-5.017882823944092,-87.26834678286856,-680.9233839331523,-5.026865801731879,0.26830362816826653,0.015519714080377882,0.16964498238058565,3.51361476566259e-05,3.189292992529273,6.945454936161018,0.45966277700831076,0.002341456933016058,nan
22.71,-87.2394027709961,-681.1814575195312,-5.017882823944092,-87.267174710283,-680.9148513042722,-5.0270281369481165,0.2682047564388579,0.015528013996372714,0.16969051432132817,3.584112527167852e-05,3.2298301370325873,6.898167306236348,nan,nan,nan
22.72,-87.2385482788086,-681.1728515625,-5.017882823944092,-87.26602556152224,-680.9063091103386,-5.02679293734862,0.26810309582400094,0.015536376330666173,0.16973613444385877,3.513319780091965e-05,3.15954214188442,6.7395673997772025,nan,0.11125977206190941,nan
22.73,-87.23771667480469,-681.1642456054688,-5.017882823944092,-87.26488817313079,-680.8977731853658,-5.026953176734588,0.26800767208519566,0.015544801761928469,0.16978184403063815,3.5838417891142065e-05,3.1991746155790493,6.857228630463853,nan,nan,nan
22.740000000000002,-87.23690032958984,-681.1556396484375,-5.017882823944092,-87.26380446048867,-680.8891823435808,-5.024320887132682,0.2678894851025616,0.015553289920075871,0.16982764213438947,3.5130928262981744e-05,2.087069509790033,5.672536148276343,nan,5.468275873460113,nan
22.75,-87.23609924316406,-681.1470336914062,-5.017882823944092,-87.26863185941002,-680.8696366681331,-5.024450248261863,0.2793753938749203,0.015555532773376152,0.16976680615172085,3.5814384193947956e-05,2.0857285033473802,5.227580246863299,5.613749684924707,nan,nan
22.76,-87.23531341552734,-681.138427734375,-5.017882823944092,-87.2675545621448,-680.8610788312235,-5.025551496580689,0.27932188269907976,0.015564095300836111,0.16981244023150055,3.510814506489857e-05,2.559800153222083,5.669301543786333,nan,0.6547528872732172,nan
22.77,-87.23454284667969,-681.1298217773438,-5.017882823944092,-87.2665053118287,-680.8525019463802,-5.025697388121718,0.2792650268782603,0.01557272111549611,0.16985816357394795,3.5813009600239336e-05,2.5932016178229507,5.661765357578902,nan,nan,nan
22.78,-87.23379516601562,-681.1212158203125,-5.017882823944092,-87.26548360331755,-680.8439063014222,-5.024858875188585,0.2792013460153521,0.015581409921776266,0.16990397540279617,3.5107132914193474e-05,2.2776836424450906,5.461285788554466,nan,0.6812870633772922,nan
22.79,-87.2330551147461,-681.1126098632812,-5.017882823944092,-87.26446496053914,-680.8353265018544,-5.0249969103423755,0.27914736459832934,0.015590162286828016,0.1699498767426739,3.581227327983785e-05,2.3080119875486744,5.331305122715859,nan,nan,nan
22.8,-87.23233032226562,-681.1039428710938,-5.017882823944092,-87.26863989841344,-680.8041738289613,-5.0245887876466355,0.302034491226094,0.015592497523378594,0.1698889210129579,3.50855753393754e-05,2.2742369653085284,5.032922445181203,7.93909235329968,0.09499593280052974,nan
22.81,-87.23162078857422,-681.0953369140625,-5.017882823944092,-87.26765915530757,-680.7955437522621,-5.024721348014857,0.3020289210498607,0.015601323341887928,0.16993465722393025,3.57901284089998e-05,2.302754623757079,5.061067217375602,nan,nan,nan
22.82,-87.23092651367188,-681.0867309570312,-5.017882823944092,-87.266708429654,-680.7868898713732,-5.023460683036178,0.3020200898483381,0.01561021240870409,0.1699804818801303,3.50857110506035e-05,1.886466430459923,4.646747885039042,nan,1.3656640089746508,nan
22.830000000000002,-87.23023986816406,-681.078125,-5.017882823944092,-87.26575601022489,-680.778256914897,-5.023581264949225,0.3020177760332801,0.015619165226746506,0.17002639586117987,3.5790563655255e-05,1.910474460772781,4.537254035971644,nan,nan,nan
22.84,-87.22957611083984,-681.0694580078125,-5.017882823944092,-87.26479725971843,-680.769651094109,-5.025559400714403,0.3019662972314151,0.015628181596662908,0.17007239860963216,3.508639663296076e-05,2.6858770402516186,5.435778444173385,nan,2.4220029089317383,nan
22.85,-87.22891998291016,-681.0608520507812,-5.017882823944092,-87.26643749528932,-680.7305790146434,-5.025700199700817,0.3324890276363823,0.015630603696325764,0.17001132457922918,3.576955751028298e-05,2.9607257584482465,5.77332890293267,8.645772395251607,nan,nan
22.86,-87.22827911376953,-681.05224609375,-5.017882823944092,-87.26552285587088,-680.7218804662459,-5.024938733430504,0.3325332013807894,0.015639692612396616,0.17005716117694988,3.5066456831250636e-05,2.6765558010783064,5.5137981381199035,nan,0.5741304929850473,nan
22.87,-87.22765350341797,-681.0435791015625,-5.017882823944092,-87.26461190249572,-680.7131940490102,-5.025072812573523,0.33252353623293973,0.015648845471948617,0.17010308692228338,3.577105634998411e-05,2.705958012024192,5.395963044024804,nan,nan,nan
22.88,-87.22703552246094,-681.0349731445312,-5.017882823944092,-87.26372179008136,-680.7044949393257,-5.024376458704924,0.33257163685464664,0.015658062130599892,0.17014910137976938,3.506814404939422e-05,2.4676933111730115,5.229321859519796,nan,0.48636304294991173,nan
22.89,-87.22643280029297,-681.0263061523438,-5.017882823944092,-87.26283576876598,-680.6958062893826,-5.024504617988508,0.33256455566901943,0.01566734300893264,0.17019520524508175,3.57730648731056e-05,2.494911910345629,5.127439430974788,nan,nan,nan
22.900000000000002,-87.22583770751953,-681.0177001953125,-5.017882823944092,-87.25552278956107,-680.6942037052851,-5.024013935915042,0.32491348646966955,0.015669845710741866,0.17013401288804636,3.5049174540999414e-05,2.442310262457374,5.404964627119114,7.024531673860393,0.15822715385117186,nan
22.91,-87.22525787353516,-681.0090942382812,-5.017882823944092,-87.25463263583131,-680.6855438691694,-5.0241366661629305,0.32494126939325535,0.01567919817679687,0.17017994953168095,3.575355014072513e-05,2.4688747502802775,5.486277662368581,nan,nan,nan
22.92,-87.22469329833984,-681.0004272460938,-5.017882823944092,-87.25375027443852,-680.6768884725242,-5.024695836270118,0.3249123928074348,0.015688614681929402,0.17022597482381846,3.505176592174675e-05,2.703835992227474,5.667630235865484,nan,0.13349597776941297,nan
22.93,-87.22412872314453,-680.9918212890625,-5.017882823944092,-87.25288329401548,-680.6682265276277,-5.024824815611848,0.3249439739745208,0.015698095600110963,0.17027208935859847,3.575647966360613e-05,2.732320262254323,5.54825492929167,nan,nan,nan
22.94,-87.22348022460938,-680.983154296875,-5.017882823944092,-87.2519705409439,-680.6595706522305,-5.025552411437533,0.3249259850774791,0.015707640856848254,0.17031829285383518,3.5054791094627584e-05,3.0656785486263294,5.9332791242056455,nan,0.25139858850891983,nan
22.95,-87.22274017333984,-680.9745483398438,-5.017882823944092,-87.24682308930062,-680.6552573137689,-5.025607686261636,0.32029114828692484,0.015710218445657856,0.17025698327952615,3.5737854884821665e-05,3.1335197266264228,6.308961331347708,2.7596864487252786,nan,nan
22.96,-87.22190856933594,-680.9658813476562,-5.017882823944092,-87.2457201883178,-680.6466034743823,-5.025016779661005,0.3202440427002754,0.015719834332255326,0.17030301854353264,3.5037082214708955e-05,2.919776587119303,5.979712284931065,nan,0.3727639349754354,nan
22.97,-87.22098541259766,-680.957275390625,-5.017882823944092,-87.24452125765448,-680.6379567951406,-5.025146868994437,0.3202671818578858,0.015729514824370742,0.1703491428918719,3.574161071613984e-05,2.947654734011106,6.009729469904753,nan,nan,nan
22.98,-87.21997833251953,-680.9486083984375,-5.017882823944092,-87.24324514252137,-680.6292929441349,-5.0237553274950715,0.3202158492362204,0.015739259886682865,0.1703953561260277,3.504088421523125e-05,2.4590562567348417,5.524030536027144,nan,1.6330568061017359,nan
22.990000000000002,-87.21887969970703,-680.9400024414062,-5.017882823944092,-87.24186925064723,-680.6206444595401,-5.023872298370374,0.3202404000714705,0.015749069834446176,0.1704416587139469,3.574576359474837e-05,2.4826052796252362,5.525948605548701,nan,nan,nan
23.0,-87.21769714355469,-680.9313354492188,-5.017882823944092,-87.24871476436715,-680.6003126045711,-5.023757299234262,0.33252477492579424,0.015751716116771976,0.1703802321253005,3.5023923779075384e-05,2.368797051561618,4.945875301762966,9.760475264798375,0.06282556316628693,nan
23.01,-87.21642303466797,-680.9226684570312,-5.017882823944092,-87.24719886150041,-680.5916197655481,-5.023874799514355,0.33253013610973503,0.015761595694333594,0.17042636544200224,3.572828468187245e-05,2.391274887750427,4.853836469478665,nan,nan,nan
23.02,-87.21507263183594,-680.9140625,-5.017882823944092,-87.24559869886868,-680.5829247532416,-5.023862360809746,0.33259555462727847,0.015771540067214897,0.17047258756337832,3.5028418266635185e-05,2.410877511794457,5.209200629911271,nan,0.012105026897781888,nan
23.03,-87.21363067626953,-680.9053955078125,-5.017882823944092,-87.24391344224543,-680.5742301875905,-5.0239806583088304,0.3326029146246762,0.015781549518127914,0.1705188988893712,3.573314162108041e-05,2.433641717926762,4.8770322182639125,nan,nan,nan
23.04,-87.21211242675781,-680.896728515625,-5.017882823944092,-87.24216489825983,-680.5655078708053,-5.021079210505524,0.33259657768116435,0.015791624060593045,0.17056529932417228,3.503324634542952e-05,1.6877796391653168,4.225928571930196,nan,6.430156325204836,nan
23.05,-87.21051025390625,-680.8881225585938,-5.017882823944092,-87.23619127961283,-680.5924950924982,-5.0211851416421105,0.29675919378106774,0.015794333179754986,0.17050375659095704,3.5716339643545515e-05,1.4445479738100238,4.046950673002655,12.051849736220559,nan,nan
23.06,-87.20882415771484,-680.8794555664062,-5.017882823944092,-87.23426029367776,-680.583866782521,-5.022130161156019,0.29671158731144504,0.015804476346358325,0.1705499867591385,3.5017240342816037e-05,1.6566883993084254,4.167444529133636,nan,0.5147220708132915,nan
23.07,-87.20706176757812,-680.8707885742188,-5.017882823944092,-87.23225419954252,-680.5752304600346,-5.022230410910208,0.2966616911581091,0.015814684782058185,0.17059630598790163,3.572181979959507e-05,1.6730490419130293,4.242945891924488,nan,nan,nan
23.080000000000002,-87.2052230834961,-680.8621826171875,-5.017882823944092,-87.23017478469482,-680.5665852187497,-5.021278463337401,0.29666806319997524,0.01582495852710288,0.17064271423596544,3.502265335201e-05,1.4762205300580211,4.118471708005015,nan,0.7822178030747667,nan
23.09,-87.20330047607422,-680.853515625,-5.017882823944092,-87.22801070274402,-680.5579477710403,-5.02137021955435,0.296619475969741,0.015835297824108068,0.17068921182101207,3.5727601183768104e-05,1.4897387404152165,3.985154394834019,nan,nan,nan
23.1,-87.20130157470703,-680.8448486328125,-5.017882823944092,-87.23392186761765,-680.5242862425669,-5.023790055882362,0.322271973554552,0.01583806363263325,0.1706275532916153,3.5007208417181434e-05,2.201926061808419,4.395732887761088,11.403047033212376,3.7166742076683663,nan
23.11,-87.19923400878906,-680.8362426757812,-5.017882823944092,-87.23162507748239,-680.5155882807514,-5.023907687855206,0.32234255283498325,0.015848470513140308,0.17067387959836322,3.571165302019183e-05,2.224720468719018,4.746994402580819,nan,nan,nan
23.12,-87.19708251953125,-680.8275756835938,-5.017882823944092,-87.22926026404032,-680.5068793181091,-5.0224855546083855,0.3223394968140323,0.0158589429149128,0.17072029482999582,3.501313525223594e-05,1.8156918511311728,3.970623336120238,nan,1.674876116935645,nan
23.13,-87.19485473632812,-680.8189086914062,-5.017882823944092,-87.22681239772324,-680.4981802869044,-5.0225895959252504,0.3223509815072023,0.01586948105894806,0.17076679926130817,3.571795591313526e-05,1.8331894442805003,3.952644704869703,nan,nan,nan
23.14,-87.19255828857422,-680.8102416992188,-5.017882823944092,-87.22428811938322,-680.4894839494663,-5.023168600785335,0.3223666478193159,0.015880085017977226,0.1708133929158355,3.501931162249546e-05,2.0132210822308134,4.1975294921657085,nan,0.1585320298964129,nan
23.150000000000002,-87.19019317626953,-680.8016357421875,-5.017882823944092,-87.22510642155265,-680.4538620070598,-5.0232294059872755,0.34956271465992694,0.015882901562312066,0.1707516192948788,3.5702507274184855e-05,2.2158674861893486,4.831522445929787,7.066385226078458,nan,nan
23.16,-87.18775177001953,-680.79296875,-5.017882823944092,-87.23621516662094,-680.5079220241236,-5.022548107929185,0.2891748633918337,0.01564164633444338,0.16556041138607636,3.500436827752418e-05,1.3966913436400707,3.582611788874055,nan,0.4564121995960772,0.7532864584365234
23.17,-87.18523406982422,-680.7843017578125,-5.017882823944092,-87.2335295609234,-680.499195734296,-5.022651655345634,0.28920691703145945,0.01565031265694753,0.16560325028114617,3.570906237263346e-05,1.4138845038833692,3.4988007235058096,nan,nan,nan
23.18,-87.18265533447266,-680.775634765625,-5.017882823944092,-87.23076983948928,-680.490461517573,-5.023078473616397,0.2892503790370319,0.015659036397428654,0.16564617628708048,3.5010977122225964e-05,1.550351859699187,3.7943351269919203,nan,0.07328295779053243,nan
23.19,-87.18000030517578,-680.7669677734375,-5.017882823944092,-87.22794348515255,-680.4817343124624,-5.023187335073773,0.2892832757081254,0.01566781801448678,0.16568919107874058,3.57160484929978e-05,1.5693076111688096,3.68947581846258,nan,nan,nan
23.2,-87.17727661132812,-680.7583618164062,-5.017882823944092,-87.22614763056646,-680.4549580188768,-5.024615416160723,0.30738830276155016,0.01566977377015424,0.1656488030413063,3.499664522458206e-05,2.22310771188313,4.984796153481843,5.389885718806924,0.9819085550917065,nan
23.21,-87.17448425292969,-680.7496948242188,-5.017882823944092,-87.2231729936736,-680.4461998861512,-5.024740925340468,0.30745211734933225,0.015678619467294142,0.16569167273584684,3.570122055445115e-05,2.248109842213739,4.564828775069261,nan,nan,nan
23.22,-87.171630859375,-680.7410278320312,-5.017882823944092,-87.22012251193188,-680.4374220461027,-5.025711973742332,0.3075535875315814,0.01568752288373819,0.16573462945028772,3.5003621075468e-05,2.684733288410197,5.106378436107955,nan,0.5033180032340497,nan
23.23,-87.16870880126953,-680.7323608398438,-5.017882823944092,-87.2170133641912,-680.4286632627894,-5.025848378822586,0.3076182685931413,0.015696484435339105,0.16577767483895442,3.570857859688074e-05,2.713383071191791,5.089177784681019,nan,nan,nan
23.240000000000002,-87.16571807861328,-680.7236938476562,-5.017882823944092,-87.21383589158425,-680.4198983008927,-5.026236018967235,0.30769600911546985,0.015705504004947385,0.16582080754040066,3.501077780373076e-05,2.9323050793180987,5.229525928914654,nan,0.04413100216354386,nan
23.25,-87.16266632080078,-680.715087890625,-5.017882823944092,-87.21331557368106,-680.4094142810458,-5.026328572658974,0.30995650191902874,0.015707536107962234,0.16578013933272556,3.569410623568099e-05,2.901261888848384,5.56586966052416,1.3531743955030437,nan,nan
23.26,-87.1595458984375,-680.7064208984375,-5.017882823944092,-87.21001626194759,-680.4006247834787,-5.027359542453979,0.31007794134769184,0.015716619200214197,0.1658231258378928,3.4996937712254086e-05,3.471606097207503,5.590154485435946,nan,0.5595971242683623,nan
23.27,-87.15636444091797,-680.69775390625,-5.017882823944092,-87.20666120835942,-680.3918554788401,-5.027510183856376,0.3101552816990488,0.015725760684332398,0.16586620090160667,3.5701781493959026e-05,3.5041656055759036,5.64278399991105,nan,nan,nan
23.28,-87.15312194824219,-680.6890869140625,-5.017882823944092,-87.20324927629628,-680.3831020260108,-5.0269581031194885,0.31019648841659864,0.015734960480481088,0.16590936319222646,3.500439135745865e-05,3.263566400229397,5.402479362525635,nan,0.3495874915641252,nan
23.29,-87.14981079101562,-680.680419921875,-5.017882823944092,-87.19976896688772,-680.374332430859,-5.027103624780059,0.31027470838112786,0.015744218948856976,0.1659526143246795,3.570961488825281e-05,3.2941745527247788,5.296919292971927,nan,nan,nan
23.3,-87.14644622802734,-680.6717529296875,-5.017882823944092,-87.19323818099433,-680.3762786873949,-5.0302884026407195,0.2994134484348352,0.015746322679052963,0.1659116655108571,3.499083515585525e-05,5.276557230226431,7.43026106062422,2.3353287363472064,6.0126764355851,nan
23.31,-87.14302062988281,-680.6631469726562,-5.017882823944092,-87.1896291992798,-680.3675327854281,-5.0304675344171725,0.2995304347966508,0.015755644066815302,0.16595476933717476,3.56955638880935e-05,5.31830524263788,7.815570813597221,nan,nan,nan
23.32,-87.1395263671875,-680.6544799804688,-5.017882823944092,-87.18596861622403,-680.3588110607241,-5.029574351681995,0.299522427239441,0.015765024054581293,0.1659979603071151,3.499853875355238e-05,4.789552414124407,6.734701066876276,nan,0.8137889744703003,nan
23.330000000000002,-87.135986328125,-680.6458129882812,-5.017882823944092,-87.18223971854931,-680.350065527057,-5.029745000161007,0.2995774493697919,0.015774462970219286,0.16604123999783693,3.570365031674496e-05,4.827705672480562,6.974038981416504,nan,nan,nan
23.34,-87.13237762451172,-680.6371459960938,-5.017882823944092,-87.17842930495347,-680.3412549713275,-5.032840315367758,0.2998265871439583,0.015783960782144238,0.16608460712934375,3.5006368869865727e-05,7.280139409509299,9.214157988810317,nan,6.033973145677216,nan
23.35,-87.12871551513672,-680.6284790039062,-5.017882823944092,-87.17078712474809,-680.3260702620167,-5.032941353627571,0.3056923728566263,0.01578613180105602,0.16604338022179627,3.5689841684210146e-05,7.39577163485184,9.617611244638118,5.262992981619327,nan,nan
23.36,-87.12499237060547,-680.6198120117188,-5.017882823944092,-87.1668562144062,-680.3173202050376,-5.033323985988961,0.30576511248388544,0.015795691919185038,0.16608659897022732,3.4993141251856954e-05,7.8590506288798565,9.981127495107351,nan,0.023426852809266676,nan
23.37,-87.1212158203125,-680.6112060546875,-5.017882823944092,-87.16286987570354,-680.3085742338603,-5.033527425913966,0.30588532635366067,0.01580531121860719,0.16612990631529542,3.569813776829997e-05,7.905631208499005,10.416373324773332,nan,nan,nan
23.38,-87.11738586425781,-680.6025390625,-5.017882823944092,-87.1588335271581,-680.2998466299362,-5.0329004832072695,0.3058858407658942,0.015814989695542344,0.16617330102134445,3.5001167509125534e-05,7.496344320047982,9.633271022151877,nan,0.4880267932159508,nan
23.39,-87.1135025024414,-680.5938720703125,-5.017882823944092,-87.15473596258305,-680.2911009983344,-5.033097527355945,0.3059444515952702,0.015824727636367667,0.16621678460356937,3.570654222594709e-05,7.539338200395,9.665188775097828,nan,nan,nan
23.400000000000002,-87.10955810546875,-680.585205078125,-5.017882823944092,-87.1386008790695,-680.2752138133596,-5.035657122477345,0.3118557240417435,0.015826961182533867,0.16617527927205206,3.498812835601994e-05,10.51519038536474,13.285618088154468,31.629437488753332,4.239913311532525,nan
23.41,-87.10556030273438,-680.5765380859375,-5.017882823944092,-87.13432452522842,-680.2664847500553,-5.035878490221155,0.311904305183724,0.015836760776163986,0.16621861337693103,3.569300590149596e-05,10.56429192719874,13.297027036225927,nan,nan,nan
23.42,-87.10151672363281,-680.5679321289062,-5.017882823944092,-87.1299936087672,-680.25775218656,-5.036275395447729,0.3120269480468237,0.015846619822851623,0.16626203476453547,3.4996313960378605e-05,11.164189136105733,14.374480687058824,nan,0.021533449959642556,nan
23.43,-87.097412109375,-680.5592651367188,-5.017882823944092,-87.1256110283434,-680.2490235452534,-5.036500484803241,0.3120763390611356,0.015856538585274152,0.1663055449003851,3.570157166756085e-05,11.212102274111352,13.830118215032622,nan,nan,nan
23.44,-87.09326171875,-680.5505981445312,-5.017882823944092,-87.1211757286108,-680.240293655803,-5.036800124332041,0.31213127354584347,0.015866517095044812,0.1663491426190935,3.5004584319333566e-05,11.732435292585562,14.447718686087072,nan,0.0038048012607401673,nan
23.45,-87.08905792236328,-680.5419311523438,-5.017882823944092,-87.10849191693222,-680.2530900903013,-5.036995801342901,0.29012436156203847,0.015868808644716854,0.16630736128762597,3.568819131583904e-05,11.754182902534756,14.724942420997229,9.670252574929066,nan,nan
23.46,-87.08480072021484,-680.5332641601562,-5.017882823944092,-87.10392695793108,-680.2444030439057,-5.037771734790363,0.29017602627605865,0.015878848140318563,0.16635080847273426,3.499174906746014e-05,12.828633839532927,15.686145655099727,nan,0.2119344526590527,nan
23.47,-87.08049774169922,-680.524658203125,-5.017882823944092,-87.09931494304143,-680.2357280357693,-5.038006417741588,0.29024074094082997,0.015888947600952708,0.16639434427607538,3.569688481854619e-05,12.875170998736873,15.995987052144745,nan,nan,nan
23.48,-87.07614135742188,-680.5159912109375,-5.017882823944092,-87.09465217494322,-680.2270500039607,-5.038411365249996,0.2902603873467194,0.01589910707825292,0.1664379675860049,3.500013907199449e-05,13.577199287338562,16.359843621576015,nan,0.020219745131704082,nan
23.490000000000002,-87.07173919677734,-680.50732421875,-5.017882823944092,-87.08994123897813,-680.2183761276078,-5.038649750981496,0.29026467055699734,0.0159093268050063,0.1664816797912283,3.570564909599887e-05,13.62094469088666,16.42716368807607,nan,nan,nan
23.5,-87.0672836303711,-680.4986572265625,-5.017882823944092,-87.08767755937654,-680.1997398526331,-5.038935821073452,0.3003510237459626,0.015911671547235065,0.16643962226448197,3.49874206773743e-05,14.262540174907267,16.849154012899465,1.3244546874634993,0.001071140030309936,nan
23.51,-87.06278991699219,-680.4900512695312,-5.017882823944092,-87.08287466315622,-680.1910455593221,-5.039176911510375,0.3004351010308695,0.0159219515573707,0.16648318285843933,3.569242910948751e-05,14.305355569720772,17.335508289174367,nan,nan,nan
23.52,-87.05824279785156,-680.4813842773438,-5.017882823944092,-87.07803546546536,-680.182396786234,-5.037223910741606,0.30026546116709074,0.01593229184815015,0.16652683088333856,3.499590219856834e-05,12.296466402625743,14.88169109911313,nan,3.4039057643941946,nan
23.53,-87.05364227294922,-680.4727172851562,-5.017882823944092,-87.0731383886778,-680.173703739984,-5.03744550597984,0.300286358753425,0.015942692635639657,0.16657056767116182,3.5701286278847e-05,12.332455940526822,14.733201062111446,nan,nan,nan
23.54,-87.04900360107422,-680.464111328125,-5.017882823944092,-87.06819173701234,-680.164998318101,-5.038317242362334,0.30042360556804953,0.01595315399646174,0.16661439219184257,3.500443747865891e-05,13.548700081485348,16.337333535466414,nan,0.2973237403553395,nan
23.55,-87.04431915283203,-680.4554443359375,-5.017882823944092,-87.06916049536531,-680.174776145927,-5.038638039164664,0.2825287669273187,0.01595554725489205,0.16657206077971123,3.568815861198708e-05,13.284477962941981,15.256656855792777,16.52514833031701,nan,nan
23.56,-87.03958892822266,-680.44677734375,-5.017882823944092,-87.06418011987375,-680.1661413980011,-5.036917572590025,0.28235364777037547,0.015966068180290498,0.16661573265219493,3.4991831026850034e-05,11.572336533418188,13.502081956513523,nan,2.6959092914186007,nan
23.57,-87.0348129272461,-680.4381103515625,-5.017882823944092,-87.05914600858885,-680.1574682446086,-5.037131965612288,0.2823519443852354,0.01597664984682138,0.16665949315402648,3.569708332459221e-05,11.601688522852657,13.481457225184085,nan,nan,nan
23.580000000000002,-87.02999877929688,-680.4295043945312,-5.017882823944092,-87.05406857601247,-680.1487998906,-5.0371314015575965,0.28239136208701676,0.015987292344910392,0.166703341313765,3.500042996533605e-05,11.8125056322072,13.942347227977177,nan,0.03289777717198239,nan
23.59,-87.02513122558594,-680.4208374023438,-5.017882823944092,-87.0489465500803,-680.1401279241417,-5.037345622500116,0.28238941439241405,0.015997995870003168,0.16674727837855383,3.5706051447118585e-05,11.839411775655451,13.589529944912268,nan,nan,nan
23.6,-87.02023315429688,-680.4121704101562,-5.017882823944092,-87.05151928658124,-680.141666565438,-5.037366459510042,0.2730032309983878,0.016000432779951262,0.16670467303786013,3.4987888652197214e-05,11.778294057385008,13.22945324424916,14.453123797742718,0.021405735369208197,nan
23.61,-87.0152816772461,-680.403564453125,-5.017882823944092,-87.04635890968997,-680.1329968818438,-5.0375807342839956,0.2730578925376754,0.016011195119299007,0.16674845639423694,3.569300321781144e-05,11.802227746557833,13.172810161518104,nan,nan,nan
23.62,-87.01029205322266,-680.3948974609375,-5.017882823944092,-87.04116459229425,-680.124370249312,-5.035591994761594,0.27285838933338874,0.01602201854339921,0.1667923273334262,3.4996530273279756e-05,9.895393456600264,11.187906564471202,nan,3.4308599775626583,nan
23.63,-87.00526428222656,-680.3862915039062,-5.017882823944092,-87.03592023632267,-680.1157019879787,-5.035786378187006,0.2729084295253255,0.016032903236476007,0.16683628704293577,3.570201519485856e-05,9.915414592882101,11.373258578201954,nan,nan,nan
23.64,-87.00019073486328,-680.3776245117188,-5.017882823944092,-87.03063628245356,-680.1070436270429,-5.035497262180545,0.2728574993552795,0.016043849305740338,0.1668803346379483,3.500520357642058e-05,9.803279784817464,11.043398977637889,nan,0.16576568486643356,nan
23.650000000000002,-86.99507904052734,-680.3689575195312,-5.017882823944092,-87.02710020214882,-680.0890601956363,-5.035725798745976,0.28228751028857035,0.01604632506685483,0.16683745755012835,3.568901432854662e-05,9.913092024911915,11.147819380778081,1.086489115417049,nan,nan
23.66,-86.98992919921875,-680.3603515625,-5.017882823944092,-87.0217309296832,-680.0803512272105,-5.037222067730211,0.2824633501412053,0.0160573291816895,0.1668813504179658,3.499270917868513e-05,11.68381836085075,13.102817050774107,nan,1.1986265556416194,nan
23.67,-86.98473358154297,-680.3516845703125,-5.017882823944092,-87.01632616450881,-680.0716674554889,-5.037429801087665,0.28247081301978494,0.016068394804391754,0.16692533192089867,3.569805149400171e-05,11.701489592959183,12.834321013049761,nan,nan,nan
23.68,-86.97949981689453,-680.3430786132812,-5.017882823944092,-87.01088563038492,-680.0630049231994,-5.036522463454718,0.28244252039238577,0.016079522051146006,0.1669694012338926,3.500140693980259e-05,10.927788570116011,12.210771670616447,nan,0.8793944319604587,nan
23.69,-86.97423553466797,-680.3344116210938,-5.017882823944092,-87.00540296776664,-680.0543226955836,-5.0367209397836605,0.2824466138720789,0.01609071109276097,0.16701355945725155,3.570711304849649e-05,10.942680010141213,12.184571316816756,nan,nan,nan
23.7,-86.96892547607422,-680.3258056640625,-5.017882823944092,-86.99079083482796,-680.024173415604,-5.037172897571434,0.3030383047803158,0.016093220785858717,0.1669704107382154,3.498894206248959e-05,12.136234242410103,14.088043426697059,26.723878169487335,0.05569925280939117,nan
23.71,-86.96358489990234,-680.317138671875,-5.017882823944092,-86.98517006431395,-680.0154751445209,-5.037375495903614,0.3030623158997368,0.016104467076110875,0.1670144131922731,3.569413581999875e-05,12.151139856063777,14.010011703099225,nan,nan,nan
23.72,-86.95819854736328,-680.3085327148438,-5.017882823944092,-86.97951185905507,-680.0067781749268,-5.037555716504217,0.3031453155129381,0.016115775233521992,0.16705850338020808,3.499764902770903e-05,12.57001521243237,14.448382497888943,nan,0.0003842452679634316,nan
23.73,-86.9527816772461,-680.2998657226562,-5.017882823944092,-86.97381671932429,-679.9980817530169,-5.037760005461071,0.3031685004606848,0.01612714542188589,0.1671026823430822,3.570320780577906e-05,12.582552161191762,14.352720062099012,nan,nan,nan
23.740000000000002,-86.94732666015625,-680.291259765625,-5.017882823944092,-86.96809307732649,-679.9894434791307,-5.034693442028771,0.3029965540326654,0.016138577767892327,0.16714694934249627,3.500637275562047e-05,9.594421366879427,11.514951185322875,nan,7.5560406042449815,nan
23.75,-86.94183349609375,-680.2825927734375,-5.017882823944092,-86.97166289597112,-679.9759891038176,-5.034886835401621,0.3085202420054199,0.016141116493571285,0.1671035310403319,3.569024787981743e-05,9.406575840395536,10.632104878445631,10.727181351567017,nan,nan
23.76,-86.93630981445312,-680.2739868164062,-5.017882823944092,-86.96590587053706,-679.9673028510304,-5.03317845106174,0.30848814784903694,0.01615260527159021,0.16714764126891016,3.4993911244930155e-05,7.995262576375472,9.546730265274414,nan,2.5052171737488176,nan
23.77,-86.93074798583984,-680.265380859375,-5.017882823944092,-86.96010946574489,-679.9585851705721,-5.0333353806779115,0.308584628068046,0.01616415631336643,0.1671918401370487,3.569931688997168e-05,8.002547688160073,9.480616862225748,nan,nan,nan
23.78,-86.92515563964844,-680.2567138671875,-5.017882823944092,-86.95427895370089,-679.9498757977069,-5.033065051388669,0.30859077810938035,0.016175769750930057,0.16723612696440532,3.500263354115663e-05,7.9027200250190015,9.192612961015588,nan,0.12944828855456733,nan
23.79,-86.91952514648438,-680.2481079101562,-5.017882823944092,-86.94841307311931,-679.9411602667682,-5.03321970216399,0.30868525705042643,0.01618744574008354,0.16728050270687872,3.5708397856677776e-05,7.9089406206137935,9.359376349557532,nan,nan,nan
23.8,-86.91385650634766,-680.2394409179688,-5.017882823944092,-86.94210672138634,-679.9479285548713,-5.033184230455469,0.293277454860799,0.016190008526876385,0.16723681509524044,3.49901785546389e-05,7.861024104458832,8.918546268060068,3.3364007219855956,0.01086567458277638,nan
23.81,-86.90816497802734,-680.2308349609375,-5.017882823944092,-86.93618332339082,-679.9392409819665,-5.033337983930487,0.29334440205886564,0.01620174010583906,0.16728103304326192,3.569542548505221e-05,7.865046064006471,9.242660128811833,nan,nan,nan
23.82,-86.90243530273438,-680.2222290039062,-5.017882823944092,-86.93022553406361,-679.930541727324,-5.0342688885131235,0.29346595609944925,0.01621353431421436,0.1673253388720055,3.499888859332034e-05,8.848731704039915,10.122275731507422,nan,0.42533952827039134,nan
23.830000000000002,-86.89666748046875,-680.213623046875,-5.017882823944092,-86.92423630988796,-679.9218563101856,-5.034432573057244,0.29353324034874384,0.016225391303896067,0.167369733480991,3.570449563713033e-05,8.851540697366378,10.01579380941964,nan,nan,nan
23.84,-86.89087677001953,-680.2049560546875,-5.017882823944092,-86.91821541207696,-679.9131784702389,-5.034199402883533,0.2935094391744306,0.016237311212778004,0.1674142162727342,3.500760603282923e-05,8.78834548869921,9.948116521815113,nan,0.11167105205104426,nan
23.85,-86.88504791259766,-680.1963500976562,-5.017882823944092,-86.90497872580292,-679.9331022853866,-5.034332752423754,0.2645132286423319,0.016239893083945578,0.16737026126882149,3.569152198857281e-05,8.661267298157192,9.968684430552225,10.610164841617454,nan,nan
23.86,-86.87918853759766,-680.187744140625,-5.017882823944092,-86.89888074158432,-679.9244820297206,-5.034381546289591,0.26451262687200855,0.016251867719989876,0.16741458528107114,3.499512743554985e-05,8.861342735045415,10.170898204320299,nan,0.009039787423071939,nan
23.87,-86.87329864501953,-680.1790771484375,-5.017882823944092,-86.89275155045209,-679.9158609715146,-5.034543243606453,0.2644593369631978,0.016263905363605037,0.16745899793911737,3.5700571917270914e-05,8.860461898453973,10.205826192322046,nan,nan,nan
23.88,-86.86738586425781,-680.1704711914062,-5.017882823944092,-86.88659342704334,-679.9072666014689,-5.0330425303542485,0.2643395606614493,0.016276006155397208,0.16750349869973385,3.50038277565975e-05,7.6544408544464595,9.089771750304227,nan,1.9528191046807872,nan
23.89,-86.86143493652344,-680.161865234375,-5.017882823944092,-86.88040296102572,-679.8986476802514,-5.033189199750216,0.26434362464911587,0.01628817024319608,0.1675480883825118,3.570962639628794e-05,7.653024379893643,8.94941270950292,nan,nan,nan
23.900000000000002,-86.85545349121094,-680.1532592773438,-5.017882823944092,-86.86970327931458,-679.8971487939109,-5.0307253396332605,0.2568278925553702,0.0162907661796689,0.1675038664101555,3.49913422435392e-05,5.857838438192614,7.3351519860647265,2.11979874395141,4.871297929184592,nan
23.91,-86.84944152832031,-680.1446533203125,-5.017882823944092,-86.86343696419002,-679.8885516725204,-5.030848384330016,0.25681127697811335,0.01630298410857336,0.16754829630855073,3.569661916005355e-05,5.857102397407505,7.305640374389081,nan,nan,nan
23.92,-86.8434066772461,-680.1360473632812,-5.017882823944092,-86.85714238674063,-679.8799765244842,-5.029566631746285,0.25670499715104944,0.016315265410315027,0.1675928142278716,3.500001792328106e-05,5.051717748961578,6.606906732309379,nan,1.3953245873412008,nan
23.93,-86.83734130859375,-680.1273803710938,-5.017882823944092,-86.85081764530703,-679.8713813627207,-5.029677544273742,0.2566246663258012,0.016327610231009416,0.16763742093589099,3.570565074229806e-05,5.0504514431675975,6.673451505479134,nan,nan,nan
23.94,-86.83124542236328,-680.1187744140625,-5.017882823944092,-86.84446418496285,-679.8627871217401,-5.029786712371102,0.2566046220840561,0.01634001871384292,0.16768211596583274,3.5008695802804494e-05,5.2053668128426756,6.680395427491302,nan,4.952655123822174e-06,nan
23.95,-86.82511901855469,-680.1101684570312,-5.017882823944092,-86.83351431723194,-679.85092519113,-5.029878029206105,0.25965638236769945,0.016342623680464574,0.16763762881913388,3.569263217608545e-05,5.362239704136132,7.0514609885592145,3.2024615567170303,nan,nan
23.96,-86.8189697265625,-680.1015625,-5.017882823944092,-86.82708098756918,-679.8423421465291,-5.029510718007297,0.2596077659259466,0.016355085097628355,0.16768216309558853,3.499617202243343e-05,5.198749205800029,6.972722060830056,nan,0.1631774030633116,nan
23.97,-86.81278991699219,-680.0929565429688,-5.017882823944092,-86.82061972837583,-679.8337534115402,-5.029620266047388,0.25958685797973297,0.0163676102531134,0.16772678602795052,3.570163437413726e-05,5.198214937186909,6.906436930186527,nan,nan,nan
23.98,-86.80658721923828,-680.0843505859375,-5.017882823944092,-86.81413102028912,-679.8251640003181,-5.029860736716772,0.2595728519967827,0.0163801992910116,0.16777149719855397,3.5004824623939864e-05,5.442167839295639,7.222787729972942,nan,0.011900426581203898,nan
23.990000000000002,-86.80035400390625,-680.0757446289062,-5.017882823944092,-86.80761535042163,-679.8165775637485,-5.029973580666282,0.25955053691680274,0.016392852356078073,0.1678162973025821,3.571063740349993e-05,5.441304752749885,7.142608230280876,nan,nan,nan
24.0,-86.7940902709961,-680.067138671875,-5.017882823944092,-86.80330075760443,-679.7912800749469,-5.028410347262763,0.2762130107542104,0.016395461292824758,0.16777154554367,3.4992287438191406e-05,4.646099312498036,6.223819183653174,3.3105393966467562,1.8350706418901892,nan
24.01,-86.78780364990234,-680.0585327148438,-5.017882823944092,-86.79673067591634,-679.7826644941217,-5.02850767957134,0.2762170424772773,0.016408166363795502,0.16781618390808553,3.569757498634027e-05,4.64561342321508,6.27163310728603,nan,nan,nan
24.02,-86.781494140625,-680.0499267578125,-5.017882823944092,-86.79013455040214,-679.7740386907404,-5.029462528882389,0.27626612495985187,0.016420935533307573,0.16786091042544832,3.500090959772558e-05,5.31879691735524,6.991040340527646,nan,0.51801897456639,nan
24.03,-86.77516174316406,-680.0413208007812,-5.017882823944092,-86.78351285271376,-679.7654255627751,-5.029570304928113,0.276268928033743,0.0164337689458623,0.1679057257447109,3.570654965152211e-05,5.317856944655466,7.023942081206226,nan,nan,nan
24.04,-86.768798828125,-680.03271484375,-5.017882823944092,-86.77686594551919,-679.7568116306404,-5.029833778509004,0.27627972546362883,0.016446666745942647,0.16795062951662845,3.5009531740437024e-05,5.576261153968109,7.171278926352118,nan,0.016894917114417,nan
24.05,-86.76241302490234,-680.0241088867188,-5.017882823944092,-86.76254973543446,-679.7581343503502,-5.029982536355896,0.26624964925170935,0.01644927457579034,0.16790561482781335,3.5693471909267176e-05,5.736641956883625,7.748551654901578,5.7225776096213234,nan,nan
24.060000000000002,-86.7560043334961,-680.0155639648438,-5.017882823944092,-86.75582549913686,-679.749542685341,-5.03098047796878,0.2663435782423892,0.01646222343273875,0.16795035590654528,3.499695039648937e-05,6.542598202094972,8.624022516055797,nan,0.5530513003498709,nan
24.07,-86.74956512451172,-680.0069580078125,-5.017882823944092,-86.74907663449851,-679.7409634697946,-5.031103307674667,0.2663233261806749,0.01647523674493733,0.1679951856564492,3.570241375578978e-05,6.541113311048306,8.44102424523421,nan,nan,nan
24.080000000000002,-86.74310302734375,-679.9983520507812,-5.017882823944092,-86.74230326205769,-679.7323967253556,-5.030316831097279,0.26624702680158663,0.0164883146566189,0.16804010377150627,3.500554440413661e-05,6.0670241528881785,7.977748675709901,nan,0.5850426856321052,nan
24.09,-86.73662567138672,-679.98974609375,-5.017882823944092,-86.73550639801216,-679.7238198816679,-5.030432777247817,0.26622453751142666,0.01650145731265719,0.16808511083659894,3.571135529320307e-05,6.065943779369397,8.134970517702865,nan,nan,nan
24.1,-86.73011779785156,-679.9811401367188,-5.017882823944092,-86.73690237113658,-679.6927912994846,-5.029320466056985,0.2886553343107353,0.016504058942770482,0.16803983390379287,3.49929479747397e-05,5.404430225195749,6.980721934667802,8.680561769549456,1.0172311025567857,nan
24.11,-86.72358703613281,-679.9725952148438,-5.017882823944092,-86.73008039488144,-679.6841662567504,-5.029425490993457,0.28873285358145506,0.016517251686424556,0.16808467730822518,3.569823097473964e-05,5.40357334963982,7.129965339780845,nan,nan,nan
24.12,-86.71703338623047,-679.9639892578125,-5.017882823944092,-86.72323477363987,-679.6755553968088,-5.028437169625233,0.2886935115170584,0.016530509237514805,0.1681296089886414,3.500151027644993e-05,4.858532780451766,6.415428187903548,nan,0.8455456294279756,nan
24.13,-86.71045684814453,-679.9553833007812,-5.017882823944092,-86.71636723128854,-679.666932753895,-5.028533145331904,0.28870760290220043,0.01654383174154892,0.16817462948975748,3.570714321161814e-05,4.857200290185309,6.395253156895694,nan,nan,nan
24.14,-86.70386505126953,-679.94677734375,-5.017882823944092,-86.71923125201769,-679.770686663979,-5.027642373288008,0.17702908357402677,0.016488617577068283,0.1591168614465623,3.5009798668688e-05,3.3243187548676922,4.978778362673377,nan,0.6614254272958231,1.387003755014615
24.150000000000002,-86.6972427368164,-679.938232421875,-5.017882823944092,-86.71070448219712,-679.7656187956061,-5.027694493286938,0.1734155454902823,0.016490992436334884,0.15908718935984778,3.569372527764286e-05,3.3129743875376514,4.992069785874824,0.35097153818305227,nan,nan
24.16,-86.69060516357422,-679.9296264648438,-5.017882823944092,-86.70383920528964,-679.7570399140646,-5.027783007324235,0.17337609697104528,0.01650339197827259,0.1591269034770599,3.641312153480666e-05,3.310887322714871,4.98320100179962,nan,nan,nan
24.17,-86.6839370727539,-679.9210205078125,-5.017882823944092,-86.69695230991607,-679.7484622692135,-5.027872680463019,0.17333649165723586,0.016515848919827523,0.15916670460029492,3.7146964066437256e-05,3.3087839828986514,4.808176772670527,nan,nan,nan
24.18,-86.67725372314453,-679.9124755859375,-5.017882823944092,-86.69004011512698,-679.73986007875,-5.027163257985159,0.17333704623513851,0.0165283633711163,0.15920659130081546,3.6364244595932246e-05,2.9944053184269124,4.695307882800169,nan,0.4182855317345744,nan
24.19,-86.6705551147461,-679.9038696289062,-5.017882823944092,-86.68311068062667,-679.7312847694963,-5.027247355739858,0.17329417297734767,0.01654093554505204,0.15924656686857103,3.709672376721337e-05,2.9932144800626386,4.680579338433653,nan,nan,nan
24.2,-86.66382598876953,-679.8953247070312,-5.017882823944092,-86.67183646531396,-679.7272607633482,-5.027148765212779,0.16850968686800777,0.016543311103086055,0.15921657490383487,3.629399032686816e-05,3.063496004616454,4.857053169295079,3.0206037685567138,0.07586639339670263,nan
24.21,-86.6570816040039,-679.88671875,-5.017882823944092,-86.6648481597685,-679.7186982930263,-5.027234517700307,0.16845963174072956,0.016555927536069968,0.15925641870553395,3.702425767948755e-05,3.0636111436238407,4.881988814952856,nan,nan,nan
24.22,-86.65031433105469,-679.8781127929688,-5.017882823944092,-86.65784069324329,-679.7101443935279,-5.027556432386508,0.16841498757179546,0.01656860175569776,0.1592963481367099,3.624790178967113e-05,3.286731697680607,5.040437038326305,nan,0.03636189614394679,nan
24.23,-86.6435317993164,-679.8695678710938,-5.017882823944092,-86.65081210472846,-679.7015844694891,-5.027646526397616,0.16842433300193466,0.016581333977163926,0.15933636619810915,3.6976955920470106e-05,3.287442075586589,5.180949051957555,nan,nan,nan
24.240000000000002,-86.63672637939453,-679.8609619140625,-5.017882823944092,-86.64376628438829,-679.6930414446103,-5.028266187499853,0.16838841575976868,0.016594124273632768,0.15937647024476398,3.620320209708167e-05,3.6909579492775832,5.452995485851713,nan,0.18416056497901384,nan
24.25,-86.62989807128906,-679.8524169921875,-5.017882823944092,-86.63304946396607,-679.6881084500636,-5.02836336622127,0.16467261477580955,0.016596496806351828,0.15934616219863657,3.690767813717759e-05,3.755812228964547,5.689064417239511,1.421865672340148,nan,nan
24.26,-86.62305450439453,-679.8438720703125,-5.017882823944092,-86.62594687879408,-679.6795591239287,-5.028431040594402,0.16467657712466371,0.016609330765112985,0.15938613354450698,3.613744886114304e-05,3.8632420186560883,5.867290285894927,nan,0.0006163106534093957,nan
24.27,-86.61619567871094,-679.8352661132812,-5.017882823944092,-86.61882520494248,-679.6710118648663,-5.028530038528953,0.1646199736028028,0.0166222230006219,0.1594261932927818,3.686336532313892e-05,3.8636280347226934,5.907150460643282,nan,nan,nan
24.28,-86.60931396484375,-679.8267211914062,-5.017882823944092,-86.61168465554935,-679.6624657379676,-5.028630211729771,0.16462375437026688,0.01663517362134356,0.15946634029512333,3.760377207758896e-05,3.8646477300559194,5.829685746118973,nan,nan,nan
24.29,-86.60240936279297,-679.818115234375,-5.017882823944092,-86.60452557876616,-679.653920849234,-5.028731545271852,0.16456600267462776,0.016648182771778163,0.1595065746960318,3.8358813624693146e-05,3.865060387018991,5.7164262382572115,nan,nan,nan
24.3,-86.59549713134766,-679.8095703125,-5.017882823944092,-86.60114052564705,-679.6508586852043,-5.027184455334411,0.15908409375103982,0.01665054836215846,0.15947594860799322,3.747429512129589e-05,2.959923494082447,4.754859920044203,4.833331871711972,1.8156387752230978,nan
24.310000000000002,-86.58855438232422,-679.801025390625,-5.017882823944092,-86.59396733321705,-679.6423275890519,-5.027272230328511,0.15906744863031785,0.01666360055483084,0.15951604924298224,3.822554215174675e-05,2.9609211577207564,4.5058362593573875,nan,nan,nan
24.32,-86.58160400390625,-679.7924194335938,-5.017882823944092,-86.58676478308281,-679.6337352239558,-5.025067333366005,0.15893057983209208,0.01667671136261159,0.15955623583852271,3.7372398961145086e-05,2.038876968656477,3.8068478381686908,nan,3.248889873269995,nan
24.330000000000002,-86.57463073730469,-679.7838745117188,-5.017882823944092,-86.57955587861981,-679.6252065775587,-5.025134096737212,0.1589098842259306,0.016689881009987046,0.15959651093827507,3.812097252560712e-05,2.040579747973119,3.6556304039979346,nan,nan,nan
24.34,-86.56764221191406,-679.7753295898438,-5.017882823944092,-86.5723319881036,-679.6166927535294,-5.025714377403849,0.15889925445430458,0.016703109561333796,0.15963687235100987,3.727383910331978e-05,2.3103186982650525,3.9537757726591822,nan,0.16301225375938697,nan
24.35,-86.56063842773438,-679.7667236328125,-5.017882823944092,-86.57385168219669,-679.5975465941534,-5.025741213354339,0.16987411452916204,0.016705464401356906,0.15960593158122185,3.799527671525922e-05,2.185524445307811,3.4886885397351524,7.407438261538988,nan,nan
24.36,-86.5536117553711,-679.7581787109375,-5.017882823944092,-86.56662379445285,-679.5889978932229,-5.025806881094482,0.169865396491972,0.016718735351618882,0.1596461583005237,3.7155080114591914e-05,2.2528601742557086,3.439479021005047,nan,4.493732500514202e-05,nan
24.37,-86.54656982421875,-679.7496337890625,-5.017882823944092,-86.55937910503074,-679.5804506133001,-5.0258819713344485,0.16985585357872793,0.016732065407408344,0.15968647330299635,3.7897794399063756e-05,2.2539975299440003,3.455482247828196,nan,nan,nan
24.38,-86.53951263427734,-679.7410888671875,-5.017882823944092,-86.5521141572638,-679.5718871317127,-5.025264283339331,0.16983083233633303,0.016745454633520063,0.1597268746460004,3.706326411456017e-05,2.0384074343137977,3.255190328273566,nan,0.30241117612464635,nan
24.39,-86.53244018554688,-679.7324829101562,-5.017882823944092,-86.54483621965946,-679.5633423766698,-5.025334571646298,0.16975779885952244,0.016758903254180574,0.15976736450319656,3.7803731851917566e-05,2.0394186583598506,3.289819294246642,nan,nan,nan
24.400000000000002,-86.52535247802734,-679.7239379882812,-5.017882823944092,-86.53681556648205,-679.5503630392963,-5.025188803010256,0.17410641183534356,0.01676124333310928,0.15973610766174026,3.695152361998527e-05,2.0725102841489598,3.36404882852256,0.7787586396351825,0.03650790821387787,nan
24.41,-86.51824951171875,-679.7153930664062,-5.017882823944092,-86.52949913259286,-679.5418112707116,-5.025259050744226,0.1741022759420326,0.016774733685737515,0.15977646177661942,3.768894530746869e-05,2.0746458116896527,3.367670430104418,nan,nan,nan
24.42,-86.5111312866211,-679.7068481445312,-5.017882823944092,-86.5221582429397,-679.533220073875,-5.023634420374731,0.17407292020004103,0.016788283471273296,0.15981690224838677,3.6866295310916395e-05,1.5313725876908109,2.8258170992326552,nan,1.8264932891362344,nan
24.43,-86.50399017333984,-679.6983032226562,-5.017882823944092,-86.51480999279605,-679.5246706346759,-5.023690068710685,0.1740662752907723,0.016801892912977352,0.15985743102883174,3.7601738015844876e-05,1.5337841073333962,2.6988375597586276,nan,nan,nan
24.44,-86.49684143066406,-679.6897583007812,-5.017882823944092,-86.50743996634002,-679.5160927568281,-5.02248043334267,0.17404938416205207,0.01681556207673962,0.15989804650580852,3.678424144550902e-05,1.2145735494123646,2.4948140126730323,nan,1.0230620939421764,nan
24.45,-86.48966979980469,-679.6812133789062,-5.017882823944092,-86.50438835144496,-679.5038052117807,-5.022580100801942,0.17807963930534945,0.016817883502330575,0.15986647635683188,3.749403023526037e-05,1.1693849159041119,2.157143660406101,1.9621327777110842,nan,nan
24.46,-86.48249053955078,-679.6726684570312,-5.017882823944092,-86.49700484617365,-679.4952210148303,-5.021307410340793,0.1780729840047984,0.016831593709214093,0.15990695516238432,3.6682549622853075e-05,0.903196273944451,1.9975228195535015,nan,1.1178500401960092,nan
24.47,-86.47529602050781,-679.6641235351562,-5.017882823944092,-86.48961303171741,-679.4866680125824,-5.02134283569001,0.1780657490457139,0.016845363829719896,0.15994752208047297,3.741347403154349e-05,0.9060243070893239,1.9826113125594031,nan,nan,nan
24.48,-86.46808624267578,-679.6555786132812,-5.017882823944092,-86.4822110677826,-679.4781364580847,-5.0222937690347305,0.17805809602961198,0.01685919393118792,0.15998817569645918,3.6606813898534616e-05,1.1200665567039305,2.1816094969548536,nan,0.5387367854000923,nan
24.490000000000002,-86.46086120605469,-679.6470336914062,-5.017882823944092,-86.47479001610337,-679.4695860911988,-5.022340362244918,0.17804924098812183,0.016873084235036688,0.16002891766791272,3.7336114315362694e-05,1.1232472326056293,2.1627400121664015,nan,nan,nan
24.5,-86.45362091064453,-679.6384887695312,-5.017882823944092,-86.47282186072344,-679.4318614884919,-5.022273975236074,0.20756394668466552,0.01687538292033402,0.1599970334030499,3.651159741765611e-05,1.25769936657916,2.2886578937656594,12.628524568369413,4.252993473689968e-06,nan
24.51,-86.44636535644531,-679.6299438476562,-5.017882823944092,-86.46537608915824,-679.4232509552238,-5.022320211319213,0.20761274081108005,0.01688931355502307,0.16003763767893595,3.723847188726444e-05,1.261297002320075,2.264928594777813,nan,nan,nan
24.52,-86.43909454345703,-679.6213989257812,-5.017882823944092,-86.45791517900122,-679.4146367109179,-5.022138952954103,0.20766064733513007,0.016903304425777706,0.16007832864466492,3.6441960661588485e-05,1.2325122152357515,2.2044089351447305,nan,0.03390534191557283,nan
24.53,-86.43181610107422,-679.6128540039062,-5.017882823944092,-86.45044155356302,-679.4060282739697,-5.022184709166123,0.20770723690007703,0.016917355752143013,0.16011910778261657,3.716743228263785e-05,1.236369069662288,2.2924560017647715,nan,nan,nan
24.54,-86.42452239990234,-679.6043090820312,-5.017882823944092,-86.44294798721273,-679.3973953591394,-5.020966713938947,0.20775538829641604,0.016931467603952057,0.1601599739393402,3.63752518631174e-05,1.002876144949463,2.0217872184644214,nan,1.0439695102008553,nan
24.55,-86.4172134399414,-679.5957641601562,-5.017882823944092,-86.43798979497367,-679.3755254295953,-5.020955385300757,0.22123787198581088,0.016933739580575338,0.16012777785550986,3.707622769032139e-05,1.0656085401383388,2.1016161358750898,2.557873014683219,nan,nan
24.560000000000002,-86.4098892211914,-679.5872192382812,-5.017882823944092,-86.43047883742906,-679.3668977719456,-5.021281036647118,0.22130754319430174,0.016947891030144466,0.16016850538809427,3.628919753698257e-05,1.1323068717906433,2.1283815878796957,nan,0.0554055007070251,nan
24.57,-86.40254974365234,-679.5786743164062,-5.017882823944092,-86.42295326337079,-679.3582656305882,-5.021319918958071,0.22137774509436714,0.016962103184456172,0.1602093209173682,3.7011254552123394e-05,1.136318841659667,2.088488196199457,nan,nan,nan
24.580000000000002,-86.39520263671875,-679.5701904296875,-5.017882823944092,-86.415407883374,-679.3496069940784,-5.019911002378537,0.2215161790147209,0.01697637611557552,0.1602502234448035,3.622824336489045e-05,0.9344013664305011,2.328242188301599,nan,1.3814997283437227,nan
24.59,-86.38784790039062,-679.5616455078125,-5.017882823944092,-86.40785694818072,-679.3409770363207,-5.019937547849387,0.22158329854550035,0.01699071003999356,0.16029121422180664,3.694918712003405e-05,0.9383613983131806,2.017531890111363,nan,nan,nan
24.6,-86.3804702758789,-679.5531005859375,-5.017882823944092,-86.40022511201829,-679.351737531051,-5.0225052578178975,0.2023825593252843,0.01699295115768954,0.1602587059744936,3.6148014586394043e-05,1.2454042449722227,1.999367386085705,7.973389703190948,4.038624700374127,nan
24.61,-86.37308502197266,-679.5445556640625,-5.017882823944092,-86.39266227228342,-679.3431510076272,-5.022559479807908,0.2024079432078489,0.01700732392369361,0.1602995571256234,3.6867036948763295e-05,1.2498720463299082,2.0631776148473504,nan,nan,nan
24.62,-86.36569213867188,-679.5360107421875,-5.017882823944092,-86.38509347780555,-679.3345900010281,-5.023969349363737,0.20244449293833267,0.017021757714037508,0.1603404952464221,3.609255971210934e-05,1.6854435166043311,2.556667806736256,nan,1.217094780137716,nan
24.63,-86.3582763671875,-679.5275268554688,-5.017882823944092,-86.37750588705008,-679.3260058856895,-5.024038787533727,0.2025299276221626,0.017036252742680877,0.1603815214518651,3.681064833162938e-05,1.6912008660302855,2.6411841632424933,nan,nan,nan
24.64,-86.35086059570312,-679.5189819335938,-5.017882823944092,-86.3699094432318,-679.3174349113125,-5.0247976763146225,0.20256326410758746,0.01705080908520861,0.16042263494700312,3.6039736254324175e-05,1.990856267956467,2.866708256671357,nan,0.31529162845552855,nan
24.650000000000002,-86.34342193603516,-679.5104370117188,-5.017882823944092,-86.37334171472004,-679.2783171330279,-5.024878338838213,0.23414475964373546,0.017053015308017137,0.1603898164705696,3.6734218014946886e-05,2.0363140943695406,2.6966568746962998,14.273422711427937,nan,nan
24.66,-86.33597564697266,-679.501953125,-5.017882823944092,-86.3657459324917,-679.2696710383309,-5.024956861721101,0.2342888808665669,0.01706760971615039,0.16043078941362673,3.5967663590176416e-05,2.098129774787565,3.191306987913983,nan,3.101846757247715e-07,nan
24.67,-86.32852172851562,-679.493408203125,-5.017882823944092,-86.35813844863496,-679.2610262030805,-5.0250372267776955,0.23437092297297843,0.017082265603554678,0.16047185028267738,3.66832291369222e-05,2.1044064787817676,2.841868504571514,nan,nan,nan
24.68,-86.32105255126953,-679.48486328125,-5.017882823944092,-86.35052565025083,-679.2524037980563,-5.026422639965873,0.23447601870536733,0.017096983048584053,0.16051299840248823,3.591995544078848e-05,2.741525855426278,3.421638524401091,nan,1.1386317517963238,nan
24.69,-86.3135757446289,-679.4763793945312,-5.017882823944092,-86.3428955255977,-679.2437612437241,-5.026517942442585,0.23461760145499472,0.01711176226129793,0.1605542347094064,3.663481872543432e-05,2.749321103693451,3.84574329233968,nan,nan,nan
24.7,-86.30608367919922,-679.4678344726562,-5.017882823944092,-86.33415916359519,-679.2334161470078,-5.024308376682675,0.23618101522325347,0.017113929387834237,0.160521106025211,3.585300746631641e-05,1.90554863883475,2.611208660448873,0.4579913183933749,3.3875585567168507,nan
24.71,-86.298583984375,-679.4593505859375,-5.017882823944092,-86.32650092140192,-679.2247722984956,-5.0243824350760935,0.23632302735238492,0.017128745867562262,0.16056220079869848,3.6566352072703926e-05,1.9121497727325079,3.03294478072621,nan,nan,nan
24.72,-86.29106903076172,-679.4508056640625,-5.017882823944092,-86.31882715539118,-679.2161132511274,-5.02339411247944,0.2363925051129702,0.017143624144800126,0.16060338277746106,3.5810143227780755e-05,1.6072898810964826,2.275069810839631,nan,0.761800086233472,nan
24.73,-86.2835464477539,-679.4423217773438,-5.017882823944092,-86.31114765399856,-679.2074714746083,-5.023459313876481,0.23653242594002413,0.017158564426654494,0.1606446527933087,3.652292854349781e-05,1.6133531884479138,2.682137007961667,nan,nan,nan
24.740000000000002,-86.27600860595703,-679.4337768554688,-5.017882823944092,-86.3034555982664,-679.1988241621106,-5.023066788360363,0.23660722514363286,0.017173566795671818,0.160686010327131,3.5769589760972225e-05,1.515362438958236,2.1437086640787677,nan,0.14212766128796014,nan
24.75,-86.26847076416016,-679.42529296875,-5.017882823944092,-86.30216982158223,-679.1853144510162,-5.023058993497163,0.24238834166701279,0.017175690731403,0.1606525730934203,3.645943621119253e-05,1.4189174572569678,2.43790797686058,3.721239110718575,nan,nan
24.76,-86.26091003417969,-679.416748046875,-5.017882823944092,-86.29448790433393,-679.1766800646943,-5.024137021096231,0.24248551382384623,0.01719072954992812,0.16069378817153268,3.570974503367642e-05,1.7810835238208726,2.2713489410198795,nan,0.6993418242244698,nan
24.77,-86.25334930419922,-679.4082641601562,-5.017882823944092,-86.2867912112288,-679.1680325130881,-5.024210253040264,0.2426306694501657,0.017205830606039904,0.1607350911417386,3.642071299289706e-05,1.7873465645353421,2.749481805481853,nan,nan,nan
24.78,-86.24577331542969,-679.3997192382812,-5.017882823944092,-86.27909496713947,-679.1594181507268,-5.026625463225684,0.24275786062277052,0.017220993985365814,0.1607764815758209,3.5673638213810436e-05,2.832384864368329,3.3518137847141083,nan,3.722150414744868,nan
24.79,-86.23818969726562,-679.3912353515625,-5.017882823944092,-86.27137831760169,-679.1507727910702,-5.02672377558161,0.24290304638724428,0.01723621989060447,0.16081796016985855,3.6384227780536575e-05,2.84031413814319,3.7447272615957736,nan,nan,nan
24.8,-86.23059844970703,-679.3826904296875,-5.017882823944092,-86.2658731143097,-679.1649640252359,-5.025434146308028,0.22069461168702953,0.0172382963944161,0.16078421469300608,3.56182076382636e-05,2.0878367481832396,2.421036552234625,13.534357532721542,1.253251480882897,nan
24.810000000000002,-86.22299194335938,-679.3742065429688,-5.017882823944092,-86.25816140462433,-679.1563692181332,-5.025520513060787,0.22079022938571752,0.017253557909656155,0.1608255498686138,3.632759318313535e-05,2.0939810015357847,2.5884957781890074,nan,nan,nan
24.82,-86.21537780761719,-679.36572265625,-5.017882823944092,-86.25044061180283,-679.1477770775684,-5.025721548626418,0.22088712300369237,0.017268881980289932,0.16086697244859843,3.5586275043984e-05,2.2161731895995285,2.719114890749854,nan,0.00883030974819465,nan
24.830000000000002,-86.20775604248047,-679.357177734375,-5.017882823944092,-86.24270982074644,-679.1391846457874,-5.0258109527132335,0.22091991425131893,0.017284268805853802,0.16090848305046512,3.6295393707561247e-05,2.222190504191321,2.5277377023142757,nan,nan,nan
24.84,-86.20011901855469,-679.3486938476562,-5.017882823944092,-86.23496315985861,-679.1305750888596,-5.024419475210724,0.22098107369633757,0.01729971847652139,0.1609500813634482,3.555632798421979e-05,1.6933504826735346,2.1498011864029936,nan,1.5017682363490759,nan
24.85,-86.1924819946289,-679.3402099609375,-5.017882823944092,-86.2225337587239,-679.1325050961099,-5.024648699349858,0.2099766569604649,0.017301743404683066,0.16091602909623723,3.62429969675249e-05,1.7528725227735265,2.3025802905063677,3.0231588982089592,nan,nan
24.86,-86.18482971191406,-679.3316650390625,-5.017882823944092,-86.21476204527805,-679.1239388716385,-5.024810805142749,0.2099859569989226,0.017317227827732064,0.16095748307377186,3.5506955088401835e-05,1.8424801261936292,2.1902753932254377,nan,0.004497006164911021,nan
24.87,-86.17716979980469,-679.3231811523438,-5.017882823944092,-86.20698120219619,-679.1153727166321,-5.024893777046031,0.2100528960258795,0.01733277523083079,0.1609990249390777,3.6214802476525486e-05,1.8493257704217938,2.3359718866629406,nan,nan,nan
24.88,-86.16950225830078,-679.314697265625,-5.017882823944092,-86.19919469583182,-679.1068165133136,-5.025752579336758,0.21013800483978387,0.017348385707349288,0.16104065444896457,3.548079140527272e-05,2.2389258425380105,2.7359473401978436,nan,0.41205899234133114,nan
24.89,-86.16182708740234,-679.3062133789062,-5.017882823944092,-86.19139599109506,-679.0982526650916,-5.025845592133473,0.21020319748544558,0.01736405945220467,0.16108237211994517,3.618850963800834e-05,2.246828536351282,2.749059598077049,nan,nan,nan
24.900000000000002,-86.15413665771484,-679.2976684570312,-5.017882823944092,-86.18995191845937,-679.1052510679651,-5.024131599448038,0.1958219387926713,0.01736602853453521,0.1610480135877097,3.5435143053439485e-05,1.4260417382497534,1.6649504342896428,14.034192880651732,2.4562926156839424,nan
24.91,-86.14644622802734,-679.2891845703125,-5.017882823944092,-86.18217235056497,-679.0967221930271,-5.024209692726517,0.19585237238932157,0.017381736152871995,0.1610895859776342,3.614189720009416e-05,1.43226855406003,1.734920917825538,nan,nan,nan
24.92,-86.13874053955078,-679.2807006835938,-5.017882823944092,-86.1743775676503,-679.0881769182494,-5.02261266184903,0.19585139611642904,0.01739750706906711,0.1611312459411904,3.541250041828582e-05,0.9569760337459898,1.2112788672389756,nan,1.936958359790116,nan
24.93,-86.13102722167969,-679.272216796875,-5.017882823944092,-86.16658112736835,-679.0796500146012,-5.022676231748505,0.195880123043149,0.017413341474845707,0.16117299393717782,3.611921036667881e-05,0.961907923083533,1.222069720100983,nan,nan,nan
24.94,-86.1233139038086,-679.2637329101562,-5.017882823944092,-86.15877949902622,-679.0711319641085,-5.023542145243251,0.19592080231609976,0.017429239468205654,0.16121482980875518,3.539152797830115e-05,1.2313374082293929,1.5499289455357061,nan,0.44322268755483896,nan
24.95,-86.11558532714844,-679.2551879882812,-5.017882823944092,-86.15212326468416,-679.0588615354021,-5.023688704536697,0.19978189414689998,0.017431148521418378,0.16118016631584256,3.607613508571549e-05,1.269613297062823,1.5272106239256837,0.43267609827278264,nan,nan
24.96,-86.10784912109375,-679.2467041015625,-5.017882823944092,-86.14430330656192,-679.0503257462543,-5.023367131234442,0.19980851758158436,0.01744707949197199,0.16122185599573371,3.535093873095109e-05,1.186622901347774,1.4625271433951113,nan,0.10935486227169633,nan
24.97,-86.10010528564453,-679.2382202148438,-5.017882823944092,-86.1364768565791,-679.0417947254886,-5.02344038879859,0.19984181386233135,0.017463074169517746,0.1612636335824424,3.6056788982179043e-05,1.1929425211556757,1.474106375943935,nan,nan,nan
24.98,-86.09235382080078,-679.229736328125,-5.017882823944092,-86.12863863490053,-679.0332557095569,-5.022538979940824,0.19985720151103684,0.017479132655203237,0.16130549896810822,3.5333117268157704e-05,0.950456011280075,1.2364810117829197,nan,0.6596834967378604,nan
24.990000000000002,-86.0845947265625,-679.2212524414062,-5.017882823944092,-86.12079630792837,-679.024726539247,-5.022604962801596,0.19988817700975117,0.017495255136169407,0.1613474525382672,3.60390249365946e-05,0.9561426636689521,1.2425431068940305,nan,nan,nan
25.0,-86.07682800292969,-679.2127685546875,-5.017882823944092,-86.10518334061243,-679.009333323436,-5.022654697760146,0.20545726871831232,0.017497099870987288,0.16131248477566634,3.529560592919549e-05,1.1174962176423748,1.5652261581153306,9.279741785742667,2.6868058732401945e-05,nan
25.01,-86.06905364990234,-679.2042846679688,-5.017882823944092,-86.0972895530452,-679.0007915084642,-5.022722113869948,0.2054997589254597,0.017513254412387748,0.16135429122433587,3.600072727590563e-05,1.1239568581928059,1.5690378521096235,nan,nan,nan
25.02,-86.06127166748047,-679.19580078125,-5.017882823944092,-86.08938946159103,-678.9922532835407,-5.023112272835583,0.20554693212277586,0.017529472978612962,0.1613961853917582,3.528069112955928e-05,1.249666986006797,1.6927521787109194,nan,0.07190865179682489,nan
25.03,-86.05348205566406,-679.1873168945312,-5.017882823944092,-86.08148076982819,-678.9837132833995,-5.023184896442597,0.20558810868699864,0.01754575575372615,0.16143816762225408,3.598593289680928e-05,1.2568033945095132,1.695347536973927,nan,nan,nan
25.04,-86.04568481445312,-679.1788330078125,-5.017882823944092,-86.07356160651749,-678.9751673274859,-5.022393220116887,0.20561412537160392,0.017562102843364992,0.161480237869689,3.526715149324321e-05,1.053513838234349,1.4898787154855686,nan,0.5206650925982605,nan
25.05,-86.03787994384766,-679.1703491210938,-5.017882823944092,-86.06916768724244,-678.9478959045409,-5.022500250547031,0.22469018018121756,0.017563879046739013,0.16144496703864303,3.5950526133676915e-05,1.1483809734127166,1.6465714029619476,4.672994982085639,nan,nan
25.060000000000002,-86.03007507324219,-679.161865234375,-5.017882823944092,-86.06124364782006,-678.9393259743653,-5.0234195923489775,0.22477957667739373,0.017580257263331588,0.1614868892612918,3.52337756517288e-05,1.4267662354547954,1.982446980600507,nan,0.5048213868053989,nan
25.07,-86.02225494384766,-679.1533813476562,-5.017882823944092,-86.05330958522406,-678.9307504559542,-5.0234969841677195,0.22485645084378997,0.0175966998986365,0.16152889942786872,3.593845827386159e-05,1.434952497704391,1.9145972453747953,nan,nan,nan
25.080000000000002,-86.01443481445312,-679.1448974609375,-5.017882823944092,-86.04536359524329,-678.9221657551014,-5.022160663566765,0.2249095422111782,0.017613207061268864,0.16157099752664641,3.5222803347035185e-05,1.0788070144104795,1.6113307401453285,nan,1.3948627146937838,nan
25.09,-86.00659942626953,-679.1364135742188,-5.017882823944092,-86.03741579258008,-678.9135922140964,-5.022225879550045,0.22498415297827343,0.01762977893093499,0.16161318385043635,3.592767844560888e-05,1.0854508672046812,1.5436720698162545,nan,nan,nan
25.1,-85.99876403808594,-679.1279296875,-5.017882823944092,-86.02580439420275,-678.9040359479375,-5.022602583014441,0.22557008578244364,0.01763148230383131,0.16157761076519353,3.5191916719207423e-05,1.26232970690539,1.832121640061866,2.7403012191124354,0.16407343350304035,nan
25.11,-85.99092102050781,-679.1194458007812,-5.017882823944092,-86.01782792768145,-678.8954621754767,-5.0226711012467256,0.22564479532605325,0.017648084347374245,0.16161964814907756,3.5896132615083896e-05,1.2696000383544839,1.8263189974009677,nan,nan,nan
25.12,-85.98307037353516,-679.1109619140625,-5.017882823944092,-86.00983715412131,-678.8868745985866,-5.020482364652591,0.22569524388441145,0.01766475112718704,0.16166177337756427,3.5183290696841746e-05,0.8244602522128728,1.3675950681023528,nan,3.562392031087801,nan
25.13,-85.97521209716797,-679.1024780273438,-5.017882823944092,-86.00184740721186,-678.8783025501681,-5.02053009227363,0.2257677841005639,0.017681482820119908,0.16170398671505254,3.588774432539797e-05,0.8291510097090353,1.355952185424577,nan,nan,nan
25.14,-85.96734619140625,-679.0940551757812,-5.017882823944092,-86.03289760663166,-678.8132741313284,-5.019896410955007,0.2883384079423677,0.014082613369578629,0.1541892188564897,3.517543783185136e-05,0.6550435474185914,1.4897143068966416,nan,0.33680753483581477,0.4217160519111347
25.150000000000002,-85.95947265625,-679.0855712890625,-5.017882823944092,-86.02579925899721,-678.7822898709048,-5.019956271273043,0.3104563351190273,0.01408484175904637,0.15414994122265038,3.585816923200911e-05,0.7851711448938687,1.4977284250142178,7.757501065916487,nan,nan
25.16,-85.95159912109375,-679.0770874023438,-5.017882823944092,-86.01779559376274,-678.7737233308437,-5.020761083281225,0.310515727858835,0.014094044469148142,0.1541928274274698,3.5147870358941095e-05,0.9021581677411681,1.680250324521528,nan,0.4048529693262988,nan
25.17,-85.94371795654297,-679.068603515625,-5.017882823944092,-86.00980657438551,-678.765119690218,-5.020814026113853,0.31061025359475475,0.014103305324816974,0.15423580512168764,3.585196985137463e-05,0.9072687782522383,1.6654900672257815,nan,nan,nan
25.18,-85.93582916259766,-679.0601196289062,-5.017882823944092,-86.00179707978927,-678.7565434806442,-5.021409704028953,0.31068099841377883,0.014112622365350413,0.15427886747320083,3.514240925212509e-05,1.022712992050813,1.758589517837824,nan,0.20553625598217795,nan
25.19,-85.92793273925781,-679.0516967773438,-5.017882823944092,-85.99379621076022,-678.7479417484246,-5.021469865067986,0.3108343310125582,0.014121997799972641,0.1543220214224074,3.584679527750089e-05,1.0292083938934289,2.1584628926613085,nan,nan,nan
25.2,-85.92003631591797,-679.043212890625,-5.017882823944092,-85.98849041350394,-678.7430642590753,-5.021194321750265,0.30787356254672954,0.014124292927185289,0.15428244982613085,3.511680853121625e-05,0.9385797795266562,1.618749781115581,2.553465102183666,0.11365933100087053,nan
25.21,-85.91212463378906,-679.0347290039062,-5.017882823944092,-85.98049551073072,-678.7344647937091,-5.021253697630362,0.3079684002109662,0.01413372973263454,0.1543254555329517,3.5820622539475956e-05,0.9443272580722484,1.5461916361749717,nan,nan,nan
25.22,-85.90421295166016,-679.0262451171875,-5.017882823944092,-85.97250365728833,-678.7258502098356,-5.020970062359449,0.30807507506968596,0.014143223088655777,0.15436854613691356,3.511319588236942e-05,0.8993959379497624,1.5502581060620828,nan,0.08310277270095302,nan
25.23,-85.89629364013672,-679.017822265625,-5.017882823944092,-85.96449728671857,-678.7172524082271,-5.0210282616682,0.3082269786403375,0.014152775042034122,0.15441172789270385,3.581732765489827e-05,0.905370325969801,1.9308990793905227,nan,nan,nan
25.240000000000002,-85.88837432861328,-679.0093383789062,-5.017882823944092,-85.9564607740921,-678.7086989407936,-5.022051175952935,0.3082810583949071,0.014162383873022912,0.15445499499640655,3.5110454029422295e-05,1.1248764529498165,1.8122688522340844,nan,0.6514186955425966,nan
25.25,-85.88043975830078,-679.0008544921875,-5.017882823944092,-85.95478741334063,-678.7107417033394,-5.022139042173116,0.299518145454919,0.014164743365378216,0.15441513698101814,3.579295831600556e-05,1.0543836124938955,1.4945875902007277,13.917187797466307,nan,nan
25.26,-85.87250518798828,-678.9923706054688,-5.017882823944092,-85.94677630837197,-678.7022054002379,-5.023458455486942,0.2995715829594573,0.014174413040029294,0.15445825494228116,3.508742993220798e-05,1.4346113031868164,1.9049438895790698,nan,1.0942850884626583,nan
25.27,-85.86457061767578,-678.9839477539062,-5.017882823944092,-85.93879080027239,-678.6936151075502,-5.023543261052803,0.2997227412010413,0.014184141514920489,0.15450146363430237,3.579135449898816e-05,1.4444123886818447,2.303749344538875,nan,nan,nan
25.28,-85.85662078857422,-678.9754638671875,-5.017882823944092,-85.93079408379373,-678.6850361307812,-5.023875370088637,0.29980970365732723,0.014193927223483496,0.15454475787615934,3.508627433558506e-05,1.5730268740868136,2.0085689651025715,nan,0.04267321135975381,nan
25.29,-85.84867095947266,-678.9669799804688,-5.017882823944092,-85.92279811761622,-678.676447353986,-5.0239643042840605,0.29990169560799956,0.014203771985109406,0.15458814298819723,3.57905466508611e-05,1.5832194295134003,2.043562342230738,nan,nan,nan
25.3,-85.84071350097656,-678.9585571289062,-5.017882823944092,-85.9093388802734,-678.6878479889356,-5.024645878124216,0.2793539332981389,0.014206189632297165,0.15454799399270644,3.506476627008062e-05,1.7828673794097605,2.4053156588367783,5.906440013224092,0.19604841462423908,nan
25.310000000000002,-85.83275604248047,-678.9500732421875,-5.017882823944092,-85.90132075705046,-678.6793041372035,-5.024743030155543,0.2793995181226113,0.014216094604849005,0.15459122875932574,3.576852208770317e-05,1.7943856207887476,2.2170322269332168,nan,nan,nan
25.32,-85.82479095458984,-678.941650390625,-5.017882823944092,-85.89329881573728,-678.6707592990135,-5.024791972255653,0.2795050033252431,0.014226057159139728,0.15463454925330394,3.506502954115472e-05,1.8404205697073077,2.4693342081058804,nan,0.0017114314686249535,nan
25.330000000000002,-85.81681823730469,-678.9331665039062,-5.017882823944092,-85.88527075886518,-678.6622172735035,-5.024890926317764,0.2795502578476643,0.014236078970943469,0.154677960232049,3.576915362391993e-05,1.8522868546744589,2.243660247962561,nan,nan,nan
25.34,-85.808837890625,-678.9246826171875,-5.017882823944092,-85.87724290176342,-678.6536671327448,-5.024762013822054,0.27959964522501,0.014246158686996482,0.1547214573593477,3.506596048016219e-05,1.8289229432443481,2.201481925975369,nan,0.036850135488281505,nan
25.35,-85.80085754394531,-678.916259765625,-5.017882823944092,-85.86908423786507,-678.6494660080217,-5.024777173110271,0.27546564742219865,0.014248631613711111,0.1546810233884389,3.574850023887257e-05,1.7926849601978345,2.350145312228429,0.5966943206578702,nan,nan
25.36,-85.79287719726562,-678.9077758789062,-5.017882823944092,-85.86102671729212,-678.6409642596377,-5.0256737998173575,0.2754877430333306,0.014258770955591664,0.15472436925816296,3.5046408007519876e-05,2.1951423811476363,2.5866434327883603,nan,0.4493836878141176,nan
25.37,-85.78488159179688,-678.8993530273438,-5.017882823944092,-85.85298211518172,-678.6324328173114,-5.025780478394424,0.2755838397925927,0.014268969759265891,0.15476780524971928,3.5750411120132595e-05,2.2081797928419364,2.7168745017996856,nan,nan,nan
25.38,-85.77688598632812,-678.890869140625,-5.017882823944092,-85.84495115462046,-678.6238707812607,-5.025038706189195,0.27563054563777795,0.01427922680533725,0.1548113275329368,3.504853638629004e-05,1.9246212208580036,2.273090471733655,nan,0.5079301534228053,nan
25.39,-85.76889038085938,-678.8824462890625,-5.017882823944092,-85.8368970652459,-678.6153408845533,-5.025138665002023,0.2757224210482441,0.014289543570629847,0.15485494010580592,3.575292387388592e-05,1.9364702077727824,2.4914444147618804,nan,nan,nan
25.400000000000002,-85.76087951660156,-678.8739624023438,-5.017882823944092,-85.83873002681635,-678.5715798098627,-5.022603147376549,0.3122790669090535,0.014292065807519218,0.15481421802942674,3.503012027993756e-05,1.228954448581967,1.657805093552622,17.948049238521392,5.013277534066031,nan
25.41,-85.75287628173828,-678.8655395507812,-5.017882823944092,-85.83068863023107,-678.5629748896741,-5.022679011993573,0.3124470181464857,0.014302441518890537,0.1548576781885085,3.573402335549895e-05,1.237259588464068,2.1097098076699097,nan,nan,nan
25.42,-85.74485778808594,-678.8570556640625,-5.017882823944092,-85.82267197558603,-678.5543218092512,-5.021344404588246,0.3125936934197148,0.014312875802756602,0.1549012247605292,3.5033305750001036e-05,0.9359039969929812,1.3731130901381245,nan,1.4043842931169384,nan
25.43,-85.7368392944336,-678.8486328125,-5.017882823944092,-85.81462177860936,-678.5457183650655,-5.021408622298279,0.3127614243527558,0.014323370011862365,0.1549448612911893,3.5737605784105625e-05,0.942337189596617,1.7775937890563034,nan,nan,nan
25.44,-85.72882080078125,-678.8401489257812,-5.017882823944092,-85.80655675326935,-678.5371332993142,-5.02200007928818,0.31285507824555525,0.014333923111305266,0.15498858462946644,3.503698875726129e-05,1.0786741585304898,1.5545119829828837,nan,0.1951048747862202,nan
25.45,-85.72079467773438,-678.8317260742188,-5.017882823944092,-85.80201269289006,-678.5477017106299,-5.022023474925018,0.29543755700389424,0.014336491341066657,0.15494757920382238,3.571971706550171e-05,1.0114537388819997,1.6258543001291939,11.374742380481754,nan,nan
25.46,-85.71276092529297,-678.8232421875,-5.017882823944092,-85.79398366314726,-678.539126033223,-5.022094820293526,0.295528108948903,0.014347103291581884,0.15499115070188463,3.6437848893723616e-05,1.0185005185508742,1.3471657623567443,nan,nan,nan
25.47,-85.70472717285156,-678.8148193359375,-5.017882823944092,-85.7859504573248,-678.5305510439318,-5.022167249613983,0.2956755655845754,0.014357774827711672,0.1550348103526367,3.7170438611623155e-05,1.0257646291705727,1.6437863437394553,nan,nan,nan
25.48,-85.69668579101562,-678.806396484375,-5.017882823944092,-85.77789825406416,-678.5220011002245,-5.023014777188064,0.2958082751117576,0.014368505532040925,0.1550785567871567,3.638471709001259e-05,1.2560841089326455,1.860135333834286,nan,0.3909891579223473,nan
25.490000000000002,-85.68864440917969,-678.7979125976562,-5.017882823944092,-85.76985670344207,-678.5134274964934,-5.023096671841236,0.29589591706022655,0.01437929667181758,0.1551223931768472,3.7115999930718514e-05,1.2647790389390867,1.6018149068534808,nan,nan,nan
25.5,-85.68059539794922,-678.7894897460938,-5.017882823944092,-85.76899779971771,-678.4941269335568,-5.0248357666803845,0.3083869632148376,0.014381905092002552,0.1550811023218916,3.631072362859761e-05,1.9247452234553848,2.6961718865371997,6.397050025899281,1.889427232572427,nan
25.51,-85.67253875732422,-678.781005859375,-5.017882823944092,-85.76097591270758,-678.4855237521564,-5.024935802642775,0.3085134529435944,0.014392753811008093,0.15512478426365034,3.703985449313207e-05,1.9366819943475886,2.360795583889353,nan,nan,nan
25.52,-85.66448211669922,-678.7725830078125,-5.017882823944092,-85.75296558838876,-678.4768960977775,-5.0241840249580125,0.3087066223171943,0.014403662017298455,0.15516855308093486,3.6261233040677945e-05,1.6890892200032677,2.4477942703405797,nan,0.4776919682280179,nan
25.53,-85.65642547607422,-678.76416015625,-5.017882823944092,-85.74493594046321,-678.4682941155146,-5.024277601880356,0.308887859184612,0.0144146308597512,0.15521241155008164,3.698921203420794e-05,1.7000671162658152,2.4636751008875204,nan,nan,nan
25.54,-85.64836120605469,-678.7556762695312,-5.017882823944092,-85.7369055556049,-678.4596876862864,-5.024196207073385,0.30901327164878334,0.014425659505695798,0.15525635727494294,3.621351481220573e-05,1.695475149750756,2.110310538047518,nan,0.020403566330678545,nan
25.55,-85.64029693603516,-678.7472534179688,-5.017882823944092,-85.73414705417835,-678.436993392071,-5.024304627281635,0.324207291564596,0.01442830449609349,0.15521478496454083,3.691704287359195e-05,1.7772955175482867,2.776834610630844,3.8578668821827797,nan,nan
25.560000000000002,-85.6322250366211,-678.7388305664062,-5.017882823944092,-85.72612802176513,-678.4283493599793,-5.02400599897508,0.3244284873986398,0.014439390027843666,0.1552585753226008,3.6145158503029434e-05,1.698099726234045,2.688378685344225,nan,0.10246219420115986,nan
25.57,-85.6241455078125,-678.7303466796875,-5.017882823944092,-85.71809836776843,-678.419716909154,-5.024098091546465,0.32458685091509487,0.014450536397209515,0.15530245504959925,3.68701274015082e-05,1.7090019350586594,2.279373209691872,nan,nan,nan
25.580000000000002,-85.61607360839844,-678.721923828125,-5.017882823944092,-85.71003302099699,-678.4111354516366,-5.026092136487079,0.32478481951684696,0.014461742878045867,0.15534642209302518,3.610099797348036e-05,2.5286076381771894,3.510236626444523,nan,2.3954188317618295,nan
25.59,-85.60798645019531,-678.7135009765625,-5.017882823944092,-85.70199585523747,-678.4025043972616,-5.026205085624573,0.325001385555055,0.01447301046057131,0.15539047871296421,3.682502026142723e-05,2.543222578047695,3.5103073587873252,nan,nan,nan
25.6,-85.59989929199219,-678.7050170898438,-5.017882823944092,-85.69010752616542,-678.3886372574859,-5.024882437665013,0.3290633957578087,0.01447568636527261,0.15534862371193697,3.603633552761467e-05,2.0169179685987793,2.5509797840121173,3.7319527454647754,1.2430179793023248,nan
25.61,-85.59181213378906,-678.6965942382812,-5.017882823944092,-85.6820402607798,-678.3800056060294,-5.02498273449593,0.32927175053625096,0.014487010061475559,0.15539252388356958,3.675856906624632e-05,2.0292458396365713,2.9899182210153077,nan,nan,nan
25.62,-85.5837173461914,-678.6881713867188,-5.017882823944092,-85.67396192976051,-678.3713863935056,-5.025560803855175,0.32947802379537033,0.014498394168642343,0.15543651141355214,3.599564546148976e-05,2.2962192447057976,3.250061641910778,nan,0.15136839848203282,nan
25.63,-85.57562255859375,-678.6797485351562,-5.017882823944092,-85.66588778546377,-678.3627561069557,-5.025668301061166,0.32968564477748147,0.014509839581558203,0.15548058826478764,3.6717064560461063e-05,2.3098824588287097,3.2571556779183135,nan,nan,nan
25.64,-85.56752014160156,-678.6712646484375,-5.017882823944092,-85.65779749783948,-678.354146359151,-5.026610305488344,0.3298335631548802,0.014521345716310096,0.1555247528316397,3.595663643779046e-05,2.77779862779335,3.297701318907877,nan,0.4644001171189363,nan
25.650000000000002,-85.55941772460938,-678.662841796875,-5.017882823944092,-85.65043463622733,-678.3322899386908,-5.0269512798395,0.34297353548317766,0.014524048565785878,0.15548261826802862,3.665432842200837e-05,2.9512230978636573,4.114531633044182,4.412072929166534,nan,nan
25.66,-85.55131530761719,-678.6544189453125,-5.017882823944092,-85.64234749277422,-678.3236328557954,-5.026836707864023,0.3432003318613537,0.01453561006706354,0.15552662546244023,3.589725259531796e-05,2.941719819371374,4.103322195189778,nan,0.0379963625346654,nan
25.67,-85.54320526123047,-678.64599609375,-5.017882823944092,-85.6342534026912,-678.3149819334668,-5.026958929739429,0.3434275965437932,0.014547233078285947,0.155570721739199,3.661631555605772e-05,2.9587509649901356,4.097664283695242,nan,nan,nan
25.68,-85.53508758544922,-678.6375732421875,-5.017882823944092,-85.62613896851565,-678.3063576872121,-5.028262422428478,0.3436594743065858,0.014558917100677126,0.15561490574840853,3.58615689743718e-05,3.7139860752273415,4.835224540989669,nan,0.935792935870628,nan
25.69,-85.5269775390625,-678.6290893554688,-5.017882823944092,-85.61803845069791,-678.2977083437656,-5.028398424774381,0.34382559882311564,0.014570662902117589,0.15565917906854868,3.6579989616979424e-05,3.7331312676850734,4.378623213102467,nan,nan,nan
25.7,-85.51885223388672,-678.6206665039062,-5.017882823944092,-85.60681652093766,-678.2722386714775,-5.026906040118118,0.3594733489947937,0.014573387202040817,0.15561676447288514,3.5805590263543054e-05,3.0588120628833946,4.344312039555614,7.9042639520989555,1.6074700950766012,nan
25.71,-85.51073455810547,-678.6122436523438,-5.017882823944092,-85.59868223291787,-678.2635666390323,-5.02702676480919,0.3597138651362096,0.014585187555981625,0.1556608793776685,3.652252615829525e-05,3.0752202533359263,4.39397636336707,nan,nan,nan
25.72,-85.50260925292969,-678.6038208007812,-5.017882823944092,-85.5905599934308,-678.2548724338994,-5.026033614951797,0.359953789948419,0.014597049202582374,0.15570508201665115,3.577311228449725e-05,2.6440176299277542,3.9322318521068604,nan,0.8394915172841823,nan
25.73,-85.49447631835938,-678.5953979492188,-5.017882823944092,-85.5824194654471,-678.2462015171595,-5.026145419136049,0.3601949690957476,0.014608972834148456,0.15574937374971878,3.6489516286309e-05,2.6588178662200592,3.9171182403905638,nan,nan,nan
25.740000000000002,-85.4863510131836,-678.5869750976562,-5.017882823944092,-85.57426996822171,-678.2375400627552,-5.026714619912725,0.3604338869908236,0.014620958064636067,0.15579375355590017,3.574218097521201e-05,2.97115977008056,4.258034422068943,nan,0.14098588864456862,nan
25.75,-85.47821044921875,-678.5784912109375,-5.017882823944092,-85.56511026187718,-678.2027966563717,-5.026748911947468,0.3857156767451485,0.014623699562199138,0.15575106142846365,3.643542995007305e-05,3.10217177159121,4.1105500416329726,11.196608013597869,nan,nan
25.76,-85.47007751464844,-678.570068359375,-5.017882823944092,-85.55693885703305,-678.1940825067144,-5.026749551492382,0.3859907681010063,0.01463573854672724,0.1557952818941792,3.5691008337064696e-05,3.1490426047706017,4.855597742963268,nan,0.009253558033734339,nan
25.77,-85.4619369506836,-678.5616455078125,-5.017882823944092,-85.54876298560733,-678.1853711187536,-5.026866762144057,0.3862666013880093,0.014647839721692644,0.15583959125002092,3.640559901468773e-05,3.164797891025167,4.828006178046596,nan,nan,nan
25.78,-85.45378875732422,-678.55322265625,-5.017882823944092,-85.54056378170314,-678.1766895947385,-5.0286326541214414,0.38655220878431723,0.014660002767829717,0.1558839886607623,3.566309867958181e-05,4.189579583040584,5.818265042409953,nan,1.8449075671424833,nan
25.79,-85.44564819335938,-678.5447998046875,-5.017882823944092,-85.5323819471948,-678.1679791168419,-5.028768379436328,0.38682692533116825,0.014672228277826457,0.1559284752069211,3.637729854758523e-05,4.208235480421667,5.881940128901842,nan,nan,nan
25.8,-85.4375,-678.536376953125,-5.017882823944092,-85.53206587268166,-678.154052017544,-5.028612794325006,0.3939926305242531,0.014674981603277274,0.15588550564504702,3.561498528633323e-05,4.180423577227073,6.018348025975744,6.870793317546677,0.06318376457357838,nan
25.810000000000002,-85.4293441772461,-678.5279541015625,-5.017882823944092,-85.52391199538937,-678.1453216768906,-5.0287479881140635,0.39429518945976866,0.014687260012234988,0.15592983184167064,3.632794952688663e-05,4.198705377958007,6.005843187063917,nan,nan,nan
25.82,-85.42118835449219,-678.51953125,-5.017882823944092,-85.51577678971508,-678.1365617296291,-5.027038335244136,0.39458389348554623,0.014699600557389265,0.15597424606305452,3.5589958489028734e-05,3.3057112012136494,5.105814547965378,nan,2.3254749795513288,nan
25.830000000000002,-85.41303253173828,-678.5111083984375,-5.017882823944092,-85.50761757342754,-678.1278324863003,-5.027157413614713,0.39488323964113986,0.014712003772752145,0.1560187492331666,3.6302622362304486e-05,3.3213004390673744,5.114761219186596,nan,nan,nan
25.84,-85.40487670898438,-678.502685546875,-5.017882823944092,-85.49944548495603,-678.1191179758911,-5.02818697490044,0.395187943169093,0.01472446942665776,0.1560633407525145,3.556631807721919e-05,3.9384899358264915,5.728325768106461,nan,0.5652147183271162,nan
25.85,-85.39671325683594,-678.4942626953125,-5.017882823944092,-85.4945148399615,-678.0859058170613,-5.028455822317973,0.4200384243989388,0.014727230101834923,0.15602009580267284,3.625627005447423e-05,4.175625030505918,6.536863292408903,7.681416196207026,nan,nan
25.86,-85.3885498046875,-678.48583984375,-5.017882823944092,-85.48633579460791,-678.0771448851945,-5.029486385292419,0.42039066546415615,0.014739747807335304,0.1560645260500046,3.552247392324337e-05,4.8844708167743764,7.235959774909707,nan,0.5509372638362412,nan
25.87,-85.38037872314453,-678.4774169921875,-5.017882823944092,-85.47816381856393,-678.0683710449736,-5.0296300767888855,0.42073567684203994,0.014752328388407975,0.15610904506932347,3.623376545766367e-05,4.904414070633506,7.220640557649881,nan,nan,nan
25.88,-85.37220764160156,-678.468994140625,-5.017882823944092,-85.46998210952822,-678.0596073948628,-5.030459764053101,0.42108851041862894,0.014764971664676758,0.15615365239212045,3.550151166565037e-05,5.553194728533353,7.858432478429295,nan,0.3217343805554269,nan
25.89,-85.3640365600586,-678.4605712890625,-5.017882823944092,-85.46180489209294,-678.05083464593,-5.0306125144989515,0.42143185510342895,0.01477767809358111,0.15619834874524297,3.6212615776159106e-05,5.57421371850297,7.869039068617966,nan,nan,nan
25.900000000000002,-85.35586547851562,-678.4521484375,-5.017882823944092,-85.44912062815041,-678.0480087932834,-5.0298400084997725,0.4149317404385944,0.014780440843331523,0.15615482891411175,3.546035309186239e-05,5.119459399643454,7.2030398610299615,3.1418364686853337,0.4035182243457432,nan
25.91,-85.34768676757812,-678.4437255859375,-5.017882823944092,-85.44092174107273,-678.0392539653528,-5.029984016283697,0.41525473025237264,0.014793198428612453,0.1561993630159385,3.6170421349675976e-05,5.137854333959895,7.171564747055048,nan,nan,nan
25.92,-85.33950805664062,-678.435302734375,-5.017882823944092,-85.43272809322936,-678.0304893146755,-5.0293111544200055,0.4155652616952977,0.014806018959094175,0.15624398536621678,3.544192189727263e-05,4.776139433394754,6.803017504187061,nan,0.46023846375697003,nan
25.93,-85.3313217163086,-678.4268798828125,-5.017882823944092,-85.42452409795645,-678.0217353677355,-5.029448767223154,0.4158876447861579,0.014818902847670987,0.15628869658331496,3.615187534234931e-05,4.793038044771054,6.781816956588235,nan,nan,nan
25.94,-85.3231430053711,-678.41845703125,-5.017882823944092,-85.41631402384388,-678.0129867195105,-5.029986142448323,0.4162132899177648,0.01483184998052897,0.15633349636220092,3.542470458381232e-05,5.229844044489037,7.243000960577893,nan,0.10960110041437275,nan
25.95,-85.31494903564453,-678.4100341796875,-5.017882823944092,-85.39418661009066,-678.0125355115059,-5.0299951508968,0.4055002994751634,0.014834610151866816,0.15628970337840675,3.611228172189076e-05,5.226873243165176,6.869710091017778,20.69242573346368,nan,nan
25.96,-85.3067626953125,-678.401611328125,-5.017882823944092,-85.38591632840672,-678.0038185712132,-5.030296589581422,0.40578131630328274,0.014847607547193194,0.15633433998911844,3.538725341891002e-05,5.521279084437731,7.225812243167807,nan,0.017589771159995816,nan
25.97,-85.29856872558594,-678.3931884765625,-5.017882823944092,-85.37764516836124,-677.9951002086677,-5.030441152364557,0.40606041970397116,0.014860668504596367,0.1563790653106391,3.609618485994864e-05,5.537942105031732,7.185415133860984,nan,nan,nan
25.98,-85.2903823852539,-678.384765625,-5.017882823944092,-85.36938371785983,-677.9863670305937,-5.0291821048988865,0.40631308658293,0.014873792948718208,0.1564238791269301,3.537235605875145e-05,4.7804534558446266,6.493656788716089,nan,1.363680041161379,nan
25.990000000000002,-85.28218078613281,-678.3763427734375,-5.017882823944092,-85.3611079940724,-677.9776494260196,-5.0293150096336126,0.4065914218205271,0.014886981234994382,0.15646878192234775,3.608126081742877e-05,4.795398151685458,6.392887759759621,nan,nan,nan
26.0,-85.27398681640625,-678.367919921875,-5.017882823944092,-85.34989920528548,-677.9765143550239,-5.029506676153302,0.3988685528937259,0.014889733623932757,0.15642471657950868,3.5337211926821135e-05,4.973839935701175,6.502021641089599,1.0488137806103481,0.002196309977477369,nan
26.01,-85.26578521728516,-678.3594970703125,-5.017882823944092,-85.3416109299167,-677.9678146760713,-5.029642215428291,0.39912769879162924,0.014902971238315783,0.1564694552538323,3.604523738927497e-05,4.9888057743533665,6.453559200780604,nan,nan,nan
26.02,-85.25758361816406,-678.35107421875,-5.017882823944092,-85.33333271284243,-677.9591006590995,-5.028231424550809,0.39935985069134416,0.01491627257573526,0.15651428234883932,3.5324487421088364e-05,4.186295203655244,5.653013122658136,nan,1.6591871940967902,nan
26.03,-85.24938201904297,-678.3426513671875,-5.017882823944092,-85.32504026833335,-677.9504020305793,-5.028353656345964,0.39961650502255,0.01492963795867997,0.15655919827685197,3.603254331139626e-05,4.19952885431189,5.6687823370308905,nan,nan,nan
26.04,-85.24117279052734,-678.334228515625,-5.017882823944092,-85.31674575089257,-677.9417039848508,-5.02847643141636,0.3998737352178924,0.014943067361069156,0.15660420293048413,3.531280270497751e-05,4.336886151657543,5.744028533570811,nan,9.901769670603444e-08,nan
26.05,-85.23296356201172,-678.3258666992188,-5.017882823944092,-85.31478366662189,-677.9237145627965,-5.028519080046071,0.41052892747196945,0.014945807183425303,0.15655986674348632,3.5998729920945046e-05,4.305795790755166,6.78500096635145,4.087047860358245,nan,nan
26.060000000000002,-85.2247543334961,-678.3174438476562,-5.017882823944092,-85.30651052838154,-677.9149891767852,-5.028189693317401,0.41080417362091515,0.014959284975784812,0.1566047063671568,3.528080934171647e-05,4.17625922902128,5.777336877594711,nan,0.14234707313654368,nan
26.07,-85.21654510498047,-678.3090209960938,-5.017882823944092,-85.29823233588986,-677.9062680818087,-5.0283095098956405,0.4110856716533776,0.014972827015124717,0.15664963468319054,3.598811491099413e-05,4.1881671582920195,5.791337798190724,nan,nan,nan
26.080000000000002,-85.20832824707031,-678.3005981445312,-5.017882823944092,-85.28995178697342,-677.8975479253397,-5.028515643138339,0.41136958844896376,0.014986433303389519,0.15669465164174717,3.527109084174307e-05,4.374643147563973,5.925171023555228,nan,0.005070592094861619,nan
26.09,-85.20011138916016,-678.2921752929688,-5.017882823944092,-85.28166990236916,-677.8888273836013,-5.028637884655601,0.41165154973453544,0.015000104121158899,0.15673975756843386,3.597849363880434e-05,4.386291614111018,5.935178083279248,nan,nan,nan
26.1,-85.19189453125,-678.2837524414062,-5.017882823944092,-85.2620530928794,-677.8796548899572,-5.02919318031854,0.41029864613268063,0.015002826226620402,0.15669515152464342,3.524103829894041e-05,4.965613024488876,6.5397605972055075,13.855684430967495,0.13774580773403194,nan
26.11,-85.18367767333984,-678.2753295898438,-5.017882823944092,-85.25371732671503,-677.8709487541211,-5.029321180314819,0.41056089602050794,0.01501654446193319,0.15674009149194398,3.5947681416825885e-05,4.978032956594349,6.556138969749393,nan,nan,nan
26.12,-85.17545318603516,-678.2669677734375,-5.017882823944092,-85.24538650446016,-677.8622355195025,-5.028340780317808,0.41086279370701945,0.01503032717000841,0.15678512001339256,3.5233145060822606e-05,4.445807165765746,6.779698104655419,nan,0.8569290460507482,nan
26.13,-85.16722869873047,-678.258544921875,-5.017882823944092,-85.23704694682422,-677.8535302771701,-5.02845910262551,0.4111244432809615,0.01504417460780763,0.1568302373694902,3.593992936938917e-05,4.45670351389672,5.962935005813346,nan,nan,nan
26.14,-85.15900421142578,-678.2501220703125,-5.017882823944092,-85.22871549486376,-677.8448147974439,-5.026922142261895,0.411357943589808,0.015058086812635766,0.15687544357850744,3.5226123876267504e-05,3.666630532809258,5.175828329745077,nan,1.911424072632283,nan
26.150000000000002,-85.15077209472656,-678.24169921875,-5.017882823944092,-85.22430023675689,-677.8261198012061,-5.02705900807999,0.42213367824877407,0.015060786323136302,0.15683056905686163,3.591095667561477e-05,3.727054887372747,5.377585596705471,1.8517163773085104,nan,nan
26.16,-85.14254760742188,-678.2332763671875,-5.017882823944092,-85.25006779222575,-677.7601605944526,-5.026915667124217,0.4852635539649744,0.01123506539545703,0.14606006507933778,3.519851893448411e-05,3.858771193727243,5.580098336429169,nan,0.04571425005771042,0.3028449838360524
26.17,-85.13431549072266,-678.2249145507812,-5.017882823944092,-85.24176483164734,-677.7514347819888,-5.027019547708346,0.48560470759873614,0.011241655065153663,0.1461051914722293,3.5904754068472595e-05,3.867890455707646,6.403202773393163,nan,nan,nan
26.18,-85.12608337402344,-678.2164916992188,-5.017882823944092,-85.23344488068092,-677.7427328323002,-5.027660406447162,0.48586989844532624,0.011248301429298037,0.14615040393014117,3.519313474359085e-05,4.261044585514568,5.9215755821181855,nan,0.20059905531181993,nan
26.19,-85.11785125732422,-678.2080688476562,-5.017882823944092,-85.22513832511117,-677.7340076975864,-5.027771544000193,0.4861504661153649,0.011255006914976492,0.14619570806724116,3.5899560181145675e-05,4.270194146034726,5.9344568500463915,nan,nan,nan
26.2,-85.10961151123047,-678.1996459960938,-5.017882823944092,-85.21764215353673,-677.7076627178998,-5.029562895477972,0.5038398453582502,0.011256993187874742,0.146137273645544,3.516730896807135e-05,5.558883032768104,7.495929153831339,3.446870288124111,1.8079243135365637,nan
26.21,-85.10137939453125,-678.1912231445312,-5.017882823944092,-85.2093211400839,-677.6989130602062,-5.029693472034157,0.504142966795507,0.011263776093977834,0.14618241722656433,3.5873063717029286e-05,5.570245758871342,7.586566917898016,nan,nan,nan
26.22,-85.0931396484375,-678.182861328125,-5.017882823944092,-85.20107186584042,-677.6900505447234,-5.027097824855528,0.5045758099951326,0.0112706160792519,0.14622764703710997,3.5163425056453666e-05,4.099309950391649,6.9932750367072,nan,5.203001137674855,nan
26.23,-85.08489227294922,-678.1744384765625,-5.017882823944092,-85.19274749255119,-677.6813014931997,-5.027203671687126,0.504879897557999,0.011277515363293713,0.1462729681388568,3.586940317504531e-05,4.108596065760768,5.9868902785423925,nan,nan,nan
26.240000000000002,-85.07665252685547,-678.166015625,-5.017882823944092,-85.18444301654158,-677.6725200700326,-5.026498305600762,0.5052037994349248,0.011284472064078637,0.14631837589126948,3.5160257326477444e-05,3.7997826493281854,5.749313893999529,nan,0.4616302399010893,nan
26.25,-85.06841278076172,-678.1575927734375,-5.017882823944092,-85.17362664847111,-677.6539311198105,-5.026519612250698,0.5146062702735799,0.01128658357502864,0.14625979656019247,3.5844406148602174e-05,3.8735840176146623,5.965001041238301,4.237612702961197,nan,nan
26.26,-85.06016540527344,-678.1492309570312,-5.017882823944092,-85.16526542894677,-677.6451944721125,-5.026944775276106,0.5149571944029137,0.01129361714162009,0.14630504280974427,3.513656629048657e-05,4.1327789352768205,7.096881197414955,nan,0.07449932912329711,nan
26.27,-85.05191802978516,-678.1408081054688,-5.017882823944092,-85.15691104326174,-677.6364452038209,-5.027048021533687,0.5152567032891113,0.01130071018631491,0.14635037998238734,3.584214957175331e-05,4.141857174658081,6.158191987427796,nan,nan,nan
26.28,-85.04373931884766,-678.1323852539062,-5.017882823944092,-85.14862542279398,-677.6276432910687,-5.025767166169507,0.5155848200853828,0.011307861018957028,0.14639580393950838,3.5134722140253675e-05,3.570372385220053,5.563561919221888,nan,1.3441141924447153,nan
26.29,-85.03567504882812,-678.1239624023438,-5.017882823944092,-85.14039757256171,-677.6188945705139,-5.0258585183302165,0.5158720126420381,0.011315071573242737,0.1464413189865844,3.5840563034530405e-05,3.579023848373744,5.54767043242623,nan,nan,nan
26.3,-85.02774810791016,-678.1156005859375,-5.017882823944092,-85.12791439715504,-677.6058298351611,-5.025721642693522,0.5195776659245539,0.011317301221778561,0.14638259121370895,3.51123211692034e-05,3.6461341651135912,6.563205745344316,6.749759127585023,0.004624636342454402,nan
26.310000000000002,-85.01997375488281,-678.107177734375,-5.017882823944092,-85.11992388162018,-677.5970939159407,-5.025811090571472,0.519844579730354,0.011324587960954001,0.1464279435739462,3.581755501358989e-05,3.6550826519709174,5.726811435234911,nan,nan,nan
26.32,-85.01234436035156,-678.0987548828125,-5.017882823944092,-85.11209015463261,-677.5883434039049,-5.02549722820659,0.5201221783674222,0.011331932848888775,0.14647338283284614,3.511168322106801e-05,3.5554425005262744,5.56852391663169,nan,0.11459914187076246,nan
26.330000000000002,-85.0048599243164,-678.0903930664062,-5.017882823944092,-85.10439560523879,-677.5796074145235,-5.025584555008259,0.5204504304997494,0.011339337642844128,0.14651891284242413,3.5817198960467174e-05,3.5648417228469294,6.430459302410598,nan,nan,nan
26.34,-84.99752044677734,-678.0819702148438,-5.017882823944092,-85.09689756651757,-677.5707982800145,-5.0235856278888065,0.5207735408579808,0.011346800915679352,0.1465645301474452,3.5111621213947446e-05,2.83894428907609,4.756515895632543,nan,3.0570093003992884,nan
26.35,-84.9903335571289,-678.0735473632812,-5.017882823944092,-85.08913140193111,-677.5595081768212,-5.023616598770418,0.5234789160299221,0.011349145173445145,0.14650565887001415,3.5795387426148155e-05,2.867786535464651,4.93678284274647,0.21323215534268702,nan,nan
26.36,-84.98328399658203,-678.0651245117188,-5.017882823944092,-85.08185985940467,-677.5507859591244,-5.024171486752607,0.5237374291532263,0.011356684012185137,0.14655111253891595,3.5090920627363275e-05,3.0804925528764775,5.080420290692111,nan,0.16564434958388727,nan
26.37,-84.97637939453125,-678.0567626953125,-5.017882823944092,-85.07474072388892,-677.542046740578,-5.024246548906235,0.5240686616910224,0.011364282943240503,0.1465966566372683,3.5796147116429045e-05,3.0896607417502535,6.069911444989155,nan,nan,nan
26.38,-84.96961212158203,-678.04833984375,-5.017882823944092,-85.06778546119868,-677.5332693313952,-5.023180288072328,0.5243698126657312,0.011371940700811168,0.14664228811738098,3.509190887136903e-05,2.762256446010791,4.815227796446964,nan,0.9163404352270644,nan
26.39,-84.96297454833984,-678.0399169921875,-5.017882823944092,-85.06094119277672,-677.5245288570317,-5.023245905475434,0.5246438372125791,0.011379658801557004,0.14668801021718605,3.57974398223636e-05,2.770180404390758,4.759330979149295,nan,nan,nan
26.400000000000002,-84.95647430419922,-678.031494140625,-5.017882823944092,-85.05470701798211,-677.5151718897866,-5.02417466359225,0.5256214607624929,0.011382110880440081,0.1466289930061203,3.5072226549904615e-05,3.1018060427512344,5.198893918691742,0.08999836094015151,0.4850526887654015,nan
26.41,-84.95010375976562,-678.0230712890625,-5.017882823944092,-85.04812932757662,-677.5064268767198,-5.024251401979527,0.5259001992163063,0.0113899038184205,0.1466745503298142,3.577719415177477e-05,3.110922265073427,5.215323831943665,nan,nan,nan
26.42,-84.94385528564453,-678.0147094726562,-5.017882823944092,-85.0416765072706,-677.4976856597303,-5.024485891526754,0.5262377932402483,0.011397755920518398,0.14672019510400777,3.507416223016048e-05,3.2251310458637303,6.212712384980775,nan,0.017274817647258224,nan
26.43,-84.93772888183594,-678.0062866210938,-5.017882823944092,-85.03535235411593,-677.4889384922981,-5.024566151983176,0.5265207456331291,0.011405668556695477,0.14676593020248288,3.577945167299639e-05,3.234539799712093,5.265881075357727,nan,nan,nan
26.44,-84.93173217773438,-677.9978637695312,-5.017882823944092,-85.02916715752684,-677.4801664651969,-5.023859928595276,0.5268204627595542,0.011413640680021571,0.14681175312644792,3.507655111915181e-05,3.008873188641446,5.143670441099465,nan,0.43588894212930385,nan
26.45,-84.92584991455078,-677.9894409179688,-5.017882823944092,-85.03081048898056,-677.4789766107976,-5.023965033278111,0.5211789753536583,0.011416196529551545,0.14675259385985592,3.576013956217077e-05,2.871749182844729,4.979295554304796,15.728890018037882,nan,nan
26.46,-84.92008972167969,-677.9810180664062,-5.017882823944092,-85.02489051685791,-677.4702182365133,-5.024450232451591,0.5214813551251001,0.011424242808987252,0.1467982510582152,3.50581917022861e-05,3.070669046435065,5.240969109742803,nan,0.11755925473616885,nan
26.47,-84.91443634033203,-677.9725952148438,-5.017882823944092,-85.01909444433115,-677.4614464904283,-5.02453185790888,0.5217955029097756,0.011432349814937197,0.14684399830136252,3.576326265042747e-05,3.0796594438990654,5.191857503692979,nan,nan,nan
26.48,-84.90890502929688,-677.9641723632812,-5.017882823944092,-85.01340997454074,-677.4526764167435,-5.024723294134171,0.5221074400325553,0.011440516633108187,0.1468898334141281,3.506139414861779e-05,3.181228804471033,5.390999798072675,nan,0.008330933378276513,nan
26.490000000000002,-84.90347290039062,-677.9557495117188,-5.017882823944092,-85.0078391791215,-677.4439018022466,-5.0248079759611155,0.5224254545468302,0.01144874443551684,0.14693575878260506,3.576680045087584e-05,3.1905805517770953,5.313802530131723,nan,nan,nan
26.5,-84.89815521240234,-677.9473266601562,-5.017882823944092,-85.0028450344391,-677.4377420492111,-5.023157597880371,0.520254031978862,0.011451397521468558,0.14687645591232432,3.5043820005385496e-05,2.621188199928871,4.7972602372206605,0.16634046367924898,2.090648583571454,nan
26.51,-84.8929443359375,-677.9389038085938,-5.017882823944092,-84.99749508756034,-677.4289662461899,-5.023226847911025,0.5205725077329859,0.011459698704805968,0.14692221445628487,3.574869126590968e-05,2.6291513417666534,4.8293673500846745,nan,nan,nan
26.52,-84.8878402709961,-677.9304809570312,-5.017882823944092,-84.992257670778,-677.4201776347966,-5.022871880651528,0.5209005324894507,0.011468060015930403,0.14696806089865724,3.5047748105688425e-05,2.5435572278127743,4.790735597351418,nan,0.12735620467111822,nan
26.53,-84.8828353881836,-677.9220581054688,-5.017882823944092,-84.98711553780643,-677.4113984742274,-5.022939237956148,0.5212227699434607,0.011476482507648838,0.14701399733972734,3.575296683327032e-05,2.5515467827271734,4.797276571946297,nan,nan,nan
26.54,-84.87792205810547,-677.91357421875,-5.017882823944092,-84.98206852764115,-677.4026256693867,-5.0233303737200705,0.521483061097663,0.011484965443671393,0.14706002203523114,3.5052024789111664e-05,2.6855289324468172,4.076043701168041,nan,0.0732928193248571,nan
26.55,-84.87311553955078,-677.9051513671875,-5.017882823944092,-84.97541885802663,-677.3831792413213,-5.023464796226415,0.5319323524350068,0.01148771127971524,0.147000578591435,3.5735568693955564e-05,2.8317116689883393,5.3287286185183405,2.5956263931708965,nan,nan
26.560000000000002,-84.86840057373047,-677.896728515625,-5.017882823944092,-84.9705465910229,-677.3743985531096,-5.024050672145007,0.532259749503462,0.011496266855855834,0.1470464355151913,3.503545372518998e-05,3.049234417670524,5.522871360111302,nan,0.1840868696448198,nan
26.57,-84.86378479003906,-677.8883056640625,-5.017882823944092,-84.96577786305285,-677.365603432628,-5.0241314834717,0.5325967099366518,0.011504883809955478,0.147092382194289,3.574049817182553e-05,3.0595712452031933,5.608066500145669,nan,nan,nan
26.580000000000002,-84.85926055908203,-677.8798828125,-5.017882823944092,-84.96107880417784,-677.3568400662695,-5.025644632174656,0.5329173623422198,0.01151356151224575,0.1471384171354296,3.504034418532073e-05,3.690104539848024,6.255691484697077,nan,1.4434311818945547,nan
26.59,-84.85482025146484,-677.8713989257812,-5.017882823944092,-84.95649394833916,-677.3480409433148,-5.0257414097255095,0.5332005962280305,0.011522300856446835,0.14718454206065215,3.574574281092589e-05,3.701505298342293,5.357302661843519,nan,nan,nan
26.6,-84.85047149658203,-677.8629760742188,-5.017882823944092,-84.94601037935487,-677.3686866620918,-5.02424417013406,0.5034780708110528,0.011525133108941701,0.1471249571808934,3.502436359672297e-05,2.921711003204965,4.835923749717813,10.686822205035636,1.8470575412960433,nan
26.61,-84.84620666503906,-677.8544921875,-5.017882823944092,-84.94159244213523,-677.3599441506985,-5.024327101026626,0.5037040161479122,0.011533944272663322,0.14717091327343432,3.572924397508131e-05,2.9311976753724958,4.117252678285357,nan,nan,nan
26.62,-84.84203338623047,-677.8460693359375,-5.017882823944092,-84.93727390906766,-677.3511800376599,-5.023516486434865,0.5040018977077912,0.011542816479588647,0.14721695762257528,3.502979439019251e-05,2.6781191966097158,4.673422792991425,nan,0.5640605960765708,nan
26.63,-84.83793640136719,-677.837646484375,-5.017882823944092,-84.93302607891466,-677.3424333544854,-5.023592599160565,0.5042922687531449,0.011551750528862018,0.1472630917315026,3.5735037178638534e-05,2.6875396929706854,4.634298732398882,nan,nan,nan
26.64,-84.83393096923828,-677.8291625976562,-5.017882823944092,-84.92886363505148,-677.3336803811117,-5.023479318704433,0.5045256769520671,0.011560745932050635,0.14730931443696005,3.503548682134388e-05,2.671894837022633,4.000190368468408,nan,0.025570166391057487,nan
26.650000000000002,-84.82999420166016,-677.8207397460938,-5.017882823944092,-84.9247653708251,-677.3273489867321,-5.023477496112974,0.5024413560656035,0.011563659758432888,0.1472495904865835,3.571906568469376e-05,2.637127979094807,4.5884700544990125,0.33776119146395567,nan,nan
26.66,-84.82614135742188,-677.812255859375,-5.017882823944092,-84.92076378979853,-677.3185959230769,-5.023417801119717,0.502677007020425,0.011572726183243924,0.14729564341688156,3.502024500495973e-05,2.6382395780123193,3.919339258245518,nan,0.012897688603689228,nan
26.67,-84.8223648071289,-677.8037719726562,-5.017882823944092,-84.91683800432946,-677.3098435095799,-5.023493009515279,0.5029134973416658,0.011581854651249963,0.14734178589407926,3.572533818307707e-05,2.6470376740724846,3.9408338482015686,nan,nan,nan
26.68,-84.81866455078125,-677.7953491210938,-5.017882823944092,-84.91298322882456,-677.301096186284,-5.023951092530122,0.5032085059689823,0.011591044757472267,0.14738801694457193,3.502638679116194e-05,2.8205402778517445,4.9041143454892975,nan,0.10280414979055343,nan
26.69,-84.81503295898438,-677.786865234375,-5.017882823944092,-84.90920829416721,-677.2923390320875,-5.024032015814147,0.5034510612426406,0.011600297176328312,0.14743433778566847,3.5731844170280195e-05,2.8300342369910645,4.126947530510965,nan,nan,nan
26.7,-84.81147766113281,-677.7783813476562,-5.017882823944092,-84.89873507076739,-677.3062645282389,-5.022815417783112,0.4801379772470334,0.011603286396896185,0.14737447442108145,3.501157659392835e-05,2.3400341336126216,3.3662062599124525,9.391299092627042,1.096746265280867,nan
26.71,-84.80799865722656,-677.7698974609375,-5.017882823944092,-84.89508604157867,-677.2975562849103,-5.022884966477018,0.4803284506605127,0.011612608972375699,0.14742062446093712,3.5716524229563244e-05,2.3481809276513532,3.447852352198444,nan,nan,nan
26.72,-84.80458068847656,-677.761474609375,-5.017882823944092,-84.89155216308606,-677.2887819956086,-5.019413027676816,0.48062946853947364,0.011621993462183363,0.14746686304000492,3.5018107729988825e-05,1.717484067509852,3.3970427158700556,nan,8.852428616421301,nan
26.73,-84.80123138427734,-677.7529907226562,-5.017882823944092,-84.88804196559153,-677.2800685989131,-5.019449409695621,0.4808262330039451,0.011631440467614978,0.1475131912125326,3.572342505366202e-05,1.7217747911302603,2.7899131802891772,nan,nan,nan
26.740000000000002,-84.7979507446289,-677.7445068359375,-5.017882823944092,-84.88457682430975,-677.2713838717991,-5.021293853597524,0.48100005405327967,0.011640949693057349,0.14755960825089143,3.502483007535991e-05,1.9877677467032469,3.100433798481124,nan,2.3025540985725494,nan
26.75,-84.79473876953125,-677.7360229492188,-5.017882823944092,-84.88180364828806,-677.2851941018672,-5.021266257371249,0.45917141716249704,0.011644009180800632,0.14749960732740353,3.570848455816752e-05,1.777410167782484,2.6616521432670703,6.001801535404056,nan,nan
26.76,-84.79158782958984,-677.7275390625,-5.017882823944092,-84.87851032054358,-677.2765043259706,-5.021378962718899,0.4593474458142919,0.011653587710552318,0.14754585262916323,3.501054566653999e-05,1.8077789043121506,2.689803356653409,nan,0.002275275898711906,nan
26.77,-84.78849792480469,-677.7190551757812,-5.017882823944092,-84.87528132947156,-677.267811121299,-5.021436541515266,0.4595271318863697,0.011663228958701559,0.1475921873365147,3.5715724251287774e-05,1.8140789859292819,2.695657550042325,nan,nan,nan
26.78,-84.78546905517578,-677.7105712890625,-5.017882823944092,-84.87212296195283,-677.2591042684354,-5.020771992045154,0.45971699725585974,0.01167293269327256,0.14763861086102806,3.501758547399145e-05,1.7006919319087626,2.593301732644056,nan,0.3687284918448118,nan
26.79,-84.78250885009766,-677.7020874023438,-5.017882823944092,-84.86901730606121,-677.250406441826,-5.020824174696734,0.45990004847971644,0.011682699420381006,0.14768512404709078,3.572313214134805e-05,1.706426898037388,2.697282720130559,nan,nan,nan
26.8,-84.77960205078125,-677.693603515625,-5.017882823944092,-84.86718426498477,-677.2469545154061,-5.0204691239341255,0.45516223765708963,0.011685823110351818,0.14762498560094192,3.500360642161946e-05,1.6057005548749201,2.503053025629721,1.140190786200542,0.06580231765816202,nan
26.810000000000002,-84.77674865722656,-677.6851196289062,-5.017882823944092,-84.86420690636689,-677.2382553040511,-5.020518418344112,0.4553499934432571,0.0116956582333638,0.14767132605617145,3.570864615849374e-05,1.610803923251141,2.4976693178727207,nan,nan,nan
26.82,-84.77395629882812,-677.6766357421875,-5.017882823944092,-84.86129751689917,-677.2295389415851,-5.019541658664031,0.45555108299249447,0.01170555610171179,0.14771775527108824,3.5010915735085165e-05,1.4965895187291132,2.439489232069177,nan,0.7444642636956433,nan
26.830000000000002,-84.77122497558594,-677.6680908203125,-5.017882823944092,-84.85843349490084,-677.2208350542275,-5.019582757163663,0.45568183627436026,0.011715517166571687,0.1477642739723434,3.5716327205348816e-05,1.5001944693154545,2.081101325550518,nan,nan,nan
26.84,-84.76853942871094,-677.6596069335938,-5.017882823944092,-84.85563525982612,-677.2121139479531,-5.018539016606392,0.4558904326524768,0.011725541278211328,0.14781088174917184,3.5018360702172973e-05,1.4333025615761559,2.396231543839301,nan,0.831460185777315,nan
26.85,-84.76591491699219,-677.651123046875,-5.017882823944092,-84.85165176270345,-677.2016112467256,-5.018560751405478,0.4576156955040818,0.011728723822341821,0.14775060725329414,3.5702104692785655e-05,1.4625352602873254,2.5427558354283257,0.3260526852624178,nan,nan
26.86,-84.76333618164062,-677.642578125,-5.017882823944092,-84.84893202396253,-677.192914895395,-5.019651880565121,0.45774097243191886,0.011738815425841402,0.1477970413731981,3.500474027890258e-05,1.5404497517063673,2.1418477467136734,nan,0.79079550002036,nan
26.87,-84.76081085205078,-677.6340942382812,-5.017882823944092,-84.84627420898019,-677.1842024510752,-5.019695822474345,0.4579409269073755,0.0117489704289961,0.14784356481155891,3.57100146593856e-05,1.5450086015359306,2.6254324346071467,nan,nan,nan
26.88,-84.75833892822266,-677.6256103515625,-5.017882823944092,-84.8436659404395,-677.1754896843483,-5.019880380609761,0.4581411401520245,0.011759188729141258,0.14789017725634893,3.50123997227688e-05,1.5688863108642226,2.6961462373250966,nan,0.013793218173040219,nan
26.89,-84.75591278076172,-677.6170654296875,-5.017882823944092,-84.8411088717887,-677.1667729781163,-5.019927517778823,0.45828576962537293,0.011769470707001418,0.14793687928533095,3.5718042033872984e-05,1.5734036386692363,2.2324415483446547,nan,nan,nan
26.900000000000002,-84.75353240966797,-677.6085815429688,-5.017882823944092,-84.83433738339484,-677.1814181344022,-5.019611400450724,0.43474246327446636,0.011772706123596564,0.14787646904292406,3.499898700330118e-05,1.3965203103294068,2.2508301726903865,6.139382202090505,0.09891027333249722,nan
26.91,-84.75120544433594,-677.6000366210938,-5.017882823944092,-84.8318719776972,-677.1727431749958,-5.0196567647596035,0.43484471429323523,0.011783054642523674,0.14792299644980408,3.570412154089809e-05,1.4004471867784987,1.9694555860514489,nan,nan,nan
26.92,-84.7489242553711,-677.591552734375,-5.017882823944092,-84.82944542566156,-677.1640767963789,-5.020672700169493,0.43500243659077864,0.01179346670182236,0.14796961278699056,3.500682343212212e-05,1.536296275483255,2.4733750683244375,nan,0.6637743557350939,nan
26.93,-84.74668884277344,-677.5830078125,-5.017882823944092,-84.8270729962873,-677.1553974895216,-5.020729549279149,0.43510953138138064,0.011803942642275293,0.1480163185503767,3.571232841638526e-05,1.5420589917356564,2.1337295381000105,nan,nan,nan
26.94,-84.74449157714844,-677.574462890625,-5.017882823944092,-84.82476548134007,-677.1466897592932,-5.018296928782617,0.43524007520726465,0.011814482421066506,0.14806311355152885,3.501475292219165e-05,1.32117233693593,1.8769297870524464,nan,4.375913420471944,nan
26.95,-84.74234771728516,-677.5659790039062,-5.017882823944092,-84.82047092422067,-677.1527587478865,-5.018270431583499,0.4205405636636835,0.011817765195951324,0.1480025687558266,3.56985830090006e-05,1.2279254789638923,2.1063034276537342,2.337063895545482,nan,nan
26.96,-84.74024200439453,-677.5574340820312,-5.017882823944092,-84.81823084968154,-677.1441005070842,-5.01833924370325,0.4206270467845632,0.011828370562693771,0.1480491882199226,3.500157132864534e-05,1.2306524745540848,1.7801761659819224,nan,0.0008705244272350581,nan
26.97,-84.73817443847656,-677.5488891601562,-5.017882823944092,-84.81603341925968,-677.1354397454062,-5.018374331139944,0.42071686562946153,0.011839040012624372,0.14809589695783829,3.570693518220857e-05,1.2324302081871716,1.768562813761737,nan,nan,nan
26.98,-84.73615264892578,-677.5404052734375,-5.017882823944092,-84.81387407386651,-677.1267812888782,-5.018886569402797,0.4208639067471607,0.011849773536511876,0.14814269484829526,3.500963721015467e-05,1.255916494993045,2.1691978310074744,nan,0.15998047170146132,nan
26.990000000000002,-84.73416900634766,-677.5318603515625,-5.017882823944092,-84.81175877845905,-677.1181162976839,-5.018928536229745,0.42095772753379607,0.011860571424827594,0.1481895822858981,3.571536642179993e-05,1.2587649449698302,1.8488945304919857,nan,nan,nan
27.0,-84.73222351074219,-677.5233154296875,-5.017882823944092,-84.81143629096549,-677.1155762622199,-5.019772247296408,0.41536666110619996,0.011863895635519227,0.14812890341785437,3.499659003866511e-05,1.2741396778710659,1.8036344445875603,1.4466155731012467,0.5725196164142792,nan
27.01,-84.7303237915039,-677.5147705078125,-5.017882823944092,-84.80941250740598,-677.1069112723534,-5.019823379789537,0.4154611253647218,0.011874758119683597,0.14817561437976337,3.570180851686058e-05,1.2784904012575053,1.8752012509811375,nan,nan,nan
27.02,-84.72845458984375,-677.5062255859375,-5.017882823944092,-84.8074234430994,-677.0982488789641,-5.020436448196064,0.4155569686747897,0.011885684907212356,0.1482224144035936,3.5004763640710615e-05,1.3601409558430813,1.9204504363858867,nan,0.2220073510934409,nan
27.03,-84.72662353515625,-677.4976806640625,-5.017882823944092,-84.80547557731718,-677.0895799083175,-5.020495427652279,0.4156569464001389,0.011896676260668346,0.1482693038296743,3.571034938104789e-05,1.365849126881865,1.9468606057438738,nan,nan,nan
27.04,-84.7248306274414,-677.4891357421875,-5.017882823944092,-84.8035733078266,-677.0808977858628,-5.019121966367525,0.4157645657969708,0.011907732212682301,0.14831628261870852,3.5012998674787774e-05,1.219442094715676,1.8242097813678035,nan,1.4498347462153554,nan
27.05,-84.72307586669922,-677.4805908203125,-5.017882823944092,-84.7973118923775,-677.0755685494968,-5.019206192572451,0.41177151269818923,0.011911092225764822,0.14825547067232608,3.569690133701163e-05,1.237529393198974,1.9217077659875994,2.5467162391376905,nan,nan
27.060000000000002,-84.72135925292969,-677.4720458984375,-5.017882823944092,-84.79545408500778,-677.0669092443087,-5.019109169401812,0.4118582967266019,0.011922211774035619,0.1483022720834138,3.500008845047639e-05,1.232516999748133,1.9586334665508294,nan,0.014967128187996281,nan
27.07,-84.71966552734375,-677.4635009765625,-5.017882823944092,-84.79362993853084,-677.0582489425354,-5.019157313619902,0.4119485034919466,0.011933396087813295,0.14834916275600038,3.5705525957658636e-05,1.2360298799420077,1.8875883238283353,nan,nan,nan
27.080000000000002,-84.718017578125,-677.4549560546875,-5.017882823944092,-84.79183647096255,-677.0495906510637,-5.0198074943127295,0.41203645924953175,0.011944645222650069,0.14839614269401055,3.5008402615113064e-05,1.297460932139205,2.0653873887917262,nan,0.2548593783997916,nan
27.09,-84.71639251708984,-677.4464111328125,-5.017882823944092,-84.79007970359486,-677.0409263020676,-5.019863932981682,0.4121306518717407,0.01195595940674065,0.14844321217256407,3.571420167623984e-05,1.3025710327392257,2.0035930672720825,nan,nan,nan
27.1,-84.71480560302734,-677.4378662109375,-5.017882823944092,-84.7865778013621,-677.0475119581195,-5.019185827075364,0.3968997215470122,0.01195934934181264,0.1483822677380782,3.499557370033572e-05,1.1471691857230626,1.8826033102458353,2.9289511411075306,0.5238196831324605,nan
27.11,-84.71324920654297,-677.4292602539062,-5.017882823944092,-84.78488718713596,-677.0388710600591,-5.0192385362299206,0.3969100161142869,0.011970726089904685,0.14842915892437472,3.5700858069799385e-05,1.1505635536396457,1.820558496359188,nan,nan,nan
27.12,-84.71172332763672,-677.4207153320312,-5.017882823944092,-84.78322665224624,-677.030229957284,-5.019566985566836,0.39698159871979655,0.011982167875900828,0.14847613927450184,3.500394554748163e-05,1.1809806183537195,1.9265754477959613,nan,0.05330273777519216,nan
27.13,-84.7102279663086,-677.4121704101562,-5.017882823944092,-84.78159828767328,-677.0215855777435,-5.019624379364441,0.3970557480982612,0.011993674909461642,0.14852320902987823,3.570959313583969e-05,1.1857617921764874,1.9467071429092373,nan,nan,nan
27.14,-84.7087631225586,-677.4036254882812,-5.017882823944092,-84.78000354216948,-677.0129353763056,-5.018916414715883,0.39713351569943517,0.012005247273974094,0.14857036824537248,3.5012356201917926e-05,1.1322290330222842,1.906636065662894,nan,0.4143924765619075,nan
27.150000000000002,-84.70732879638672,-677.39501953125,-5.017882823944092,-84.78049846645418,-677.057481481144,-5.0190006053196745,0.3453794801697671,0.012008661417789578,0.14850929217887696,3.56963130570132e-05,0.8055559788599487,1.5440453313190219,29.80234418651259,nan,nan
27.16,-84.70591735839844,-677.386474609375,-5.017882823944092,-84.78677440306114,-677.0770690732118,-5.019724065906406,0.319801559802345,0.011664969995153176,0.14389559915822703,3.499938652862899e-05,0.7711467074441506,1.3699672475955367,nan,0.31165813977541507,0.17014270462638126
27.17,-84.70453643798828,-677.3779296875,-5.017882823944092,-84.78533336421839,-677.0685015941608,-5.019784906678234,0.31980854609357945,0.011674193481280695,0.14393934192411492,3.570487284512211e-05,0.7753195358341731,1.395434633163406,nan,nan,nan
27.18,-84.70318603515625,-677.3693237304688,-5.017882823944092,-84.78390027434116,-677.059892333738,-5.0215542520034955,0.3198062805416863,0.011683473743164733,0.14398317211610367,3.500784322712803e-05,1.05852605168286,1.8062506288880686,nan,2.0576136262544695,nan
27.19,-84.70185852050781,-677.3607788085938,-5.017882823944092,-84.78251415196677,-677.0513210326998,-5.021634267249639,0.31981794707952643,0.011692811307767946,0.14402709141737052,3.571368714653493e-05,1.067275301295439,1.6979214164728473,nan,nan,nan
27.2,-84.7005615234375,-677.3521728515625,-5.017882823944092,-84.7832597442935,-677.0483300571653,-5.019166019772053,0.3148985329139423,0.011695422851678792,0.14398500685763296,3.499513592307486e-05,0.7116723053456729,1.435223204322693,2.0497394189027185,4.639081949196804,nan
27.21,-84.69928741455078,-677.3436279296875,-5.017882823944092,-84.78194220758982,-677.0397594938057,-5.019222898817621,0.31491210986278984,0.011704822267802865,0.14402877207245648,3.570046121215185e-05,0.7145928618720874,1.3316909121976817,nan,nan,nan
27.22,-84.69804382324219,-677.3350219726562,-5.017882823944092,-84.78065182148791,-677.031190527358,-5.019135005785282,0.3148637744891122,0.011714278771048641,0.14407262462273762,3.500361551373598e-05,0.7085589540064613,1.4510992253318231,nan,0.01501158443759523,nan
27.23,-84.69682312011719,-677.3264770507812,-5.017882823944092,-84.77938489942264,-677.0226162966544,-5.019192652238607,0.3148801691926277,0.011723792840602857,0.14411656616371785,3.570930006598414e-05,0.7114787959037795,1.3720879875299614,nan,nan,nan
27.240000000000002,-84.69562530517578,-677.31787109375,-5.017882823944092,-84.77813463071494,-677.014023243832,-5.01998966011594,0.31485829107616037,0.011733364297153794,0.14416059533484957,3.501211836236069e-05,0.7897184904979967,1.5474786019197837,nan,0.3843572985589918,nan
27.25,-84.69445037841797,-677.3092651367188,-5.017882823944092,-84.77629408830887,-676.9904015966844,-5.02007596493415,0.32920686487278633,0.0117360376770306,0.14411823332891494,3.5696106059014203e-05,0.8454790854243759,1.5872189869985411,4.160957569734519,nan,nan
27.26,-84.69329833984375,-677.3007202148438,-5.017882823944092,-84.77506223412466,-676.9817509778063,-5.022268962635184,0.32931132199917074,0.011745670430798319,0.14416210740662322,3.4999435308744856e-05,1.2602912621751563,1.998879459127147,nan,3.186536842984056,nan
27.27,-84.69216918945312,-677.2921142578125,-5.017882823944092,-84.77387509945177,-676.9731471515491,-5.022359941223372,0.32929609045031133,0.011755361012548433,0.1442060703526139,3.5704955556141696e-05,1.2716743660107008,2.018050309986171,nan,nan,nan
27.28,-84.6910629272461,-677.2835083007812,-5.017882823944092,-84.77273023496936,-676.9645866120663,-5.020466945211124,0.3292222203410005,0.011765109285252585,0.14425012084271707,3.5007949703690485e-05,0.9006952848979424,1.6438903634854831,nan,2.780820332187769,nan
27.29,-84.68997955322266,-677.2749633789062,-5.017882823944092,-84.77158826053366,-676.955979320919,-5.0205398021595995,0.3292686895108716,0.011774915665144395,0.1442942604827432,3.571382347120747e-05,0.907525963738311,1.6576924555759573,nan,nan,nan
27.3,-84.68891906738281,-677.266357421875,-5.017882823944092,-84.7667078736269,-676.952054996027,-5.020276105877555,0.3237944426163864,0.011777646154766818,0.144251620725613,3.499528656337681e-05,0.8487940181033624,1.6928398017703645,2.041896802920339,0.0830976866851524,nan
27.310000000000002,-84.68788146972656,-677.2577514648438,-5.017882823944092,-84.76559276616345,-676.9434597791192,-5.020347577965876,0.3237659406452295,0.011787513229268576,0.144295604250478,3.570063774904689e-05,0.8549809904331755,1.71130884325256,nan,nan,nan
27.32,-84.68685913085938,-677.2491455078125,-5.017882823944092,-84.76449458003738,-676.9348535258802,-5.020848913800017,0.3237522363861966,0.011797438292505938,0.14433967523567984,3.5003801199822636e-05,0.9358577839708706,1.758185014321441,nan,0.12996487183433883,nan
27.330000000000002,-84.68585968017578,-677.2405395507812,-5.017882823944092,-84.7634207531191,-676.9262554108539,-5.020926314674629,0.3237275142490193,0.011807421723541994,0.1443838352435361,3.5709507734757456e-05,0.9436289384341374,1.782633668764828,nan,nan,nan
27.34,-84.68488311767578,-677.2319946289062,-5.017882823944092,-84.76236700712474,-676.9176558601973,-5.02099906009837,0.3237627612393807,0.011817463440721564,0.14442808301028098,3.5012329169272436e-05,0.9615661631545095,1.8214348116331252,nan,2.244671350401619e-05,nan
27.35,-84.68392181396484,-677.223388671875,-5.017882823944092,-84.76146311962223,-676.9047501145676,-5.021246520334162,0.3279550254827565,0.011820246812728166,0.14438516812619553,3.5696333997111176e-05,1.0198330658590042,1.9015963539003626,1.5325684512121414,nan,nan
27.36,-84.6829833984375,-677.2147827148438,-5.017882823944092,-84.7604465413853,-676.8961419952965,-5.021232151412183,0.32793850744222935,0.011830348614686587,0.14442925879070712,3.49996613710345e-05,1.0231806925884612,1.9314905707495975,nan,0.006807648680928551,nan
27.37,-84.68206024169922,-677.2061767578125,-5.017882823944092,-84.75944813496793,-676.8875302756068,-5.021316146114705,0.3279272089165314,0.011840509042838157,0.14447343834786314,3.570519614787886e-05,1.0326055760343538,1.9281010567927055,nan,nan,nan
27.38,-84.68115234375,-677.1975708007812,-5.017882823944092,-84.75845940431935,-676.8788930731766,-5.022501201960014,0.3279530531960463,0.01185072804798789,0.1445177055831175,3.5008184017174316e-05,1.311545700207179,2.187062304380324,nan,0.8540261709843769,nan
27.39,-84.68026733398438,-677.18896484375,-5.017882823944092,-84.7574977408607,-676.8702783294159,-5.022598265229866,0.3279449123728301,0.011861005960842969,0.1445620619893348,3.571406872484866e-05,1.3246889089802454,2.234097632846089,nan,nan,nan
27.400000000000002,-84.67940521240234,-677.1803588867188,-5.017882823944092,-84.75125303041494,-676.8680336557146,-5.0223570681198515,0.320513927522509,0.01186383746716173,0.1445188717869922,3.499552139400678e-05,1.2512277424929288,2.3643365367431346,4.375481129606275,0.14404356509055327,nan
27.41,-84.67855072021484,-677.1717529296875,-5.017882823944092,-84.75030415191222,-676.8594365082971,-5.022453913210924,0.3204855642420356,0.011874174812456777,0.14456307008337205,3.5700880133905535e-05,1.264357842748656,2.304969589262985,nan,nan,nan
27.42,-84.67771911621094,-677.1631469726562,-5.017882823944092,-84.74936897834203,-676.8508283803397,-5.022993810913266,0.3204726634796874,0.011884571019758665,0.14460735597829522,3.500403071708736e-05,1.4252627041999166,2.50609602689146,nan,0.13793702708302955,nan
27.43,-84.6769027709961,-677.154541015625,-5.017882823944092,-84.74845410006057,-676.8422281715074,-5.023096957230239,0.3204467077029507,0.011895026391648177,0.14465173091089567,3.5709741470497874e-05,1.4402617289233135,2.4961700901303496,nan,nan,nan
27.44,-84.67610168457031,-677.1459350585938,-5.017882823944092,-84.74755489761887,-676.8336232962776,-5.023350240374124,0.3204279812663552,0.01190554092085983,0.14469619374314632,3.501254760772695e-05,1.532621773623383,2.5751518642496607,nan,0.01571904018120657,nan
27.45,-84.6753158569336,-677.1372680664062,-5.017882823944092,-84.74095989332346,-676.8154125654264,-5.0234226645387094,0.3285282223163633,0.011908416144699693,0.14465273073969387,3.56965534677403e-05,1.6201875333404978,2.9777427577538336,9.392600169679138,nan,nan
27.46,-84.67454528808594,-677.128662109375,-5.017882823944092,-84.74004969822411,-676.8067800019704,-5.024635478854805,0.32854910921063935,0.011918989442898218,0.14469703449346824,3.499986376411565e-05,2.063674202275131,3.2579464108231644,nan,0.8641491969458819,nan
27.47,-84.67378997802734,-677.1200561523438,-5.017882823944092,-84.73916244825502,-676.7981694131981,-5.024753959549339,0.3285298239216167,0.011929622160057515,0.14474142714988236,3.5705396581196476e-05,2.0835601022574055,3.2665294668521643,nan,nan,nan
27.48,-84.67305755615234,-677.1114501953125,-5.017882823944092,-84.73830210799035,-676.7895945969626,-5.023088870136488,0.3284432685421667,0.011940314313096261,0.14478590762792076,3.500836599164449e-05,1.5359517858559768,2.7899704624686015,nan,2.2475532202432995,nan
27.490000000000002,-84.67233276367188,-677.1028442382812,-5.017882823944092,-84.73744488682044,-676.7809816132346,-5.023191445677847,0.3284255158289595,0.011951066168545318,0.14483047728484164,3.571424581400928e-05,1.55129262720997,2.7277223942673707,nan,nan,nan
27.5,-84.67162322998047,-677.0941772460938,-5.017882823944092,-84.7381913920548,-676.785791461692,-5.022956200549568,0.3155294778197309,0.011953980330416416,0.14478674142807194,3.499567955265351e-05,1.4107442300353819,2.7304263092139696,3.967566756354531,0.09516819755785966,nan
27.51,-84.67092895507812,-677.0855712890625,-5.017882823944092,-84.73738080583206,-676.77719531745,-5.023057831964398,0.3154970190739752,0.01196479025390764,0.14483115101407207,3.570103072207641e-05,1.4254945527279326,2.5662553756852775,nan,nan,nan
27.52,-84.67024230957031,-677.0769653320312,-5.017882823944092,-84.73658865500957,-676.7686133348641,-5.02239610945331,0.31544121711693324,0.011975659886310379,0.14487564834401803,3.5004161478806555e-05,1.2573659883969965,2.3388129550632746,nan,0.4125214040760632,nan
27.53,-84.6695785522461,-677.068359375,-5.017882823944092,-84.73580572652652,-676.7600146268011,-5.022492222089895,0.31541047684928264,0.011986589473555048,0.1449202347159138,3.570986202212797e-05,1.2705572299232135,2.433113762248888,nan,nan,nan
27.54,-84.6689224243164,-677.0596923828125,-5.017882823944092,-84.7350416917816,-676.7514336004363,-5.0216412131268084,0.3152924990092003,0.011997579063294864,0.14496490913426985,3.501264819069816e-05,1.0788072215348756,2.3760421811311434,nan,0.6345640418727064,nan
27.55,-84.66828155517578,-677.0510864257812,-5.017882823944092,-84.73186313906767,-676.7576770219357,-5.021740533744507,0.3002441972796529,0.012000527590434634,0.14492090281280845,3.569664220108082e-05,1.0260469118676008,2.2555642686947404,2.5122290781860035,nan,nan
27.560000000000002,-84.66764831542969,-677.04248046875,-5.017882823944092,-84.73112386034012,-676.7491229195944,-5.020855213347115,0.30016100937171286,0.012011574533073723,0.14496541620875839,3.499993276077114e-05,0.8615447692534899,2.036081223849382,nan,0.6719665596188276,nan
27.57,-84.66703796386719,-677.0338134765625,-5.017882823944092,-84.73039195935476,-676.7405484429194,-5.020936448497772,0.3000457187244392,0.012022681680204882,0.1450100185088085,3.570545062382068e-05,0.8699740256261872,2.3734011106888806,nan,nan,nan
27.580000000000002,-84.66643524169922,-677.0252075195312,-5.017882823944092,-84.72966589755522,-676.7319483834143,-5.022282141350276,0.30003064968379,0.012033849096864897,0.14505470877794552,3.500840078088482e-05,1.161661836097661,2.376618283700087,nan,1.1269862279737868,nan
27.59,-84.66584014892578,-677.0165405273438,-5.017882823944092,-84.72895833607323,-676.7233715656478,-5.022377579528778,0.29992023686048197,0.012045077003053153,0.14509948822641947,3.571426343996255e-05,1.174185414541012,2.5873056986349723,nan,nan,nan
27.6,-84.6652603149414,-677.0079345703125,-5.017882823944092,-84.72862075524591,-676.7098534692326,-5.023643123298149,0.30479512670847586,0.01204805507858831,0.14505521154085102,3.4995679820590886e-05,1.5809681673542466,2.7825134339126656,0.5478428110132665,0.8414810955033322,nan
27.61,-84.66468811035156,-676.9993286132812,-5.017882823944092,-84.72793484334453,-676.7012651285356,-5.023752845693456,0.30475637372879893,0.012059339589314719,0.14509982899046373,3.570101186858308e-05,1.59805933348563,2.7659339156960256,nan,nan,nan
27.62,-84.66403198242188,-676.9906616210938,-5.017882823944092,-84.72720218860134,-676.6926499499482,-5.025223595250798,0.3047217058417441,0.012070684631380283,0.1451445343314188,3.500412511211671e-05,2.1718983945224313,3.6073969120077436,nan,1.3055320093828817,nan
27.63,-84.66327667236328,-676.9820556640625,-5.017882823944092,-84.72638392726641,-676.6840592106902,-5.025349091539365,0.3046968280039923,0.01208209041028793,0.14518932871310078,3.5709804607364574e-05,2.193359583851413,3.354981757757824,nan,nan,nan
27.64,-84.66243743896484,-676.973388671875,-5.017882823944092,-84.72547318834236,-676.6754614835321,-5.025794251033349,0.30462551753272044,0.012093557012722161,0.14523421128909805,3.501257444092497e-05,2.4195264925744593,3.8224369961832627,nan,0.0716299806738968,nan
27.650000000000002,-84.6614990234375,-676.9647827148438,-5.017882823944092,-84.72357259109806,-676.6531594543764,-5.025919573510722,0.31784709155510593,0.012096559937548398,0.14518966648900877,3.5696547089048263e-05,2.5245169140245256,3.670677048190494,3.175587322094094,nan,nan
27.66,-84.66048431396484,-676.9561157226562,-5.017882823944092,-84.72247379282477,-676.6445594780288,-5.0252188653003005,0.31774802368933186,0.012108082379629776,0.14523438613075315,3.4999822657370124e-05,2.252533558273806,3.6291467446928847,nan,0.48907947601072355,nan
27.67,-84.65937042236328,-676.947509765625,-5.017882823944092,-84.72128357469764,-676.6359434569167,-5.025343068495011,0.3177459022597136,0.012119665802841554,0.1452791946743591,3.570531614320562e-05,2.2736785821039955,3.4034904912192263,nan,nan,nan
27.68,-84.6581802368164,-676.9388427734375,-5.017882823944092,-84.7200136017349,-676.6273599536779,-5.023611864860427,0.31761255317186443,0.01213131030581017,0.14532409133387508,3.500825280557186e-05,1.6522591741825368,2.9871768727584476,nan,2.4320699083166066,nan
27.69,-84.65689849853516,-676.93017578125,-5.017882823944092,-84.71865043318296,-676.6187421464759,-5.023719368692021,0.31755042994133187,0.012143016076210383,0.1453690771703473,3.5714089568038306e-05,1.6682788886381568,2.9401714834791406,nan,nan,nan
27.7,-84.65553283691406,-676.9215698242188,-5.017882823944092,-84.71528279440588,-676.6443307185782,-5.024271858451592,0.2836765744269031,0.012146038993430686,0.14532426451303965,3.499549570922534e-05,1.7082453455938156,2.9275564563917964,14.015474131372041,0.1622324423096961,nan
27.71,-84.65408325195312,-676.9129028320312,-5.017882823944092,-84.71376486666774,-676.635771698947,-5.024385439059133,0.28355924259815796,0.012157799808958213,0.14536908645540123,3.570080058444351e-05,1.7256714876880999,3.224248383719057,nan,nan,nan
27.72,-84.65255737304688,-676.904296875,-5.017882823944092,-84.71216654817108,-676.6272249552965,-5.02373712425916,0.28347200087374985,0.012169621955525713,0.14541399643435238,3.5003903649346306e-05,1.520161334071398,2.775916951336832,nan,0.4108633261247364,nan
27.73,-84.65093994140625,-676.8956298828125,-5.017882823944092,-84.7104835534912,-676.6186641066921,-5.023844883241824,0.2833567169367328,0.012181505611126534,0.1454589954515096,3.570955470916711e-05,1.5359247270273064,2.9775513227814545,nan,nan,nan
27.740000000000002,-84.64925384521484,-676.886962890625,-5.017882823944092,-84.70872262446817,-676.6101193584188,-5.022969227037334,0.28320442886136016,0.012193450888860537,0.14550408280795005,3.5012316168840426e-05,1.2789310108264753,2.810213054993749,nan,0.6837336707320303,nan
27.75,-84.64747619628906,-676.8783569335938,-5.017882823944092,-84.70800474372632,-676.6187083734651,-5.023106240921287,0.2666615156273301,0.01219648899907378,0.14545900440227494,3.569626112433353e-05,1.2285132227271411,2.426079698515462,4.846651952938933,nan,nan
27.76,-84.64562225341797,-676.8696899414062,-5.017882823944092,-84.70609444214783,-676.6101504429901,-5.0245223658766465,0.2665740429317543,0.012208488509233662,0.14550392694446596,3.4999530138455624e-05,1.7231034123504712,3.2956000423083167,nan,1.2195727731719028,nan
27.77,-84.6436996459961,-676.8610229492188,-5.017882823944092,-84.70410976745251,-676.6016141315972,-5.0246383820039275,0.26643564888895893,0.012220549766792413,0.14554893838634816,3.570499314247659e-05,1.741138301199863,3.363602953351234,nan,nan,nan
27.78,-84.64169311523438,-676.8524169921875,-5.017882823944092,-84.70204619808302,-676.5930688721241,-5.025263933622409,0.2663802221821534,0.012232672892563363,0.14559403808682134,3.500792516143978e-05,2.0188201272078183,3.2289101915562446,nan,0.18260380641545737,nan
27.79,-84.63961029052734,-676.84375,-5.017882823944092,-84.69990748273528,-676.5845311877542,-5.0253868684602745,0.26624510266738466,0.012244858053013459,0.14563922696259246,3.5713730537660274e-05,2.038698430116281,3.585086854361621,nan,nan,nan
27.8,-84.637451171875,-676.8350830078125,-5.017882823944092,-84.69567833958462,-676.5788808494433,-5.025160280261024,0.26283628056828146,0.012247906459619694,0.14559388321883598,3.4995135905559396e-05,1.966725767599205,3.6008900552647294,0.4556689640713493,0.0954413211091855,nan
27.810000000000002,-84.63521575927734,-676.826416015625,-5.017882823944092,-84.69338144642506,-676.5703499506269,-5.0252819564066895,0.2626934029742163,0.012260145013144477,0.14563890633748552,3.5700408713264466e-05,1.9862364278296853,3.6018204821915845,nan,nan,nan
27.82,-84.6329116821289,-676.8178100585938,-5.017882823944092,-84.69101024817364,-676.5618168705529,-5.0255187828765315,0.26261428668028697,0.01227244567626032,0.14568401763273822,3.500351096909247e-05,2.118129919132272,3.395664657576809,nan,0.009185061320771846,nan
27.830000000000002,-84.63053131103516,-676.8091430664062,-5.017882823944092,-84.68856626624358,-676.5532851107198,-5.025643758349616,0.26247205873567037,0.012284808609434077,0.14572921796551785,3.570912927538302e-05,2.138494736505639,3.742777470143472,nan,nan,nan
27.84,-84.62808227539062,-676.8004760742188,-5.017882823944092,-84.68605151400692,-676.5447635709979,-5.025083368353394,0.2622997612827762,0.012297233942461775,0.14577450677678028,3.5011891884584985e-05,1.932019124315468,3.5520299724495166,nan,0.33253705750685303,nan
27.85,-84.62555694580078,-676.7918090820312,-5.017882823944092,-84.68000200317078,-676.5496232327187,-5.025238469168888,0.24833919424037168,0.012300287768543628,0.1457288996680487,3.569580561019916e-05,1.9213324515426746,3.7771544599576243,2.411961723778267,nan,nan
27.86,-84.62296295166016,-676.783203125,-5.017882823944092,-84.67733443590346,-676.5411047748956,-5.026253513570422,0.2482698891667934,0.012312765636058095,0.1457740218166629,3.499907764572008e-05,2.407183403875992,3.821112225021623,nan,0.5632066716606651,nan
27.87,-84.62030792236328,-676.7745361328125,-5.017882823944092,-84.67459893087516,-676.5325996946348,-5.026385284724479,0.24809886247761495,0.012325306005598252,0.14581923286560236,3.5704506938645706e-05,2.429270112118603,4.3281927949074825,nan,nan,nan
27.88,-84.6175765991211,-676.765869140625,-5.017882823944092,-84.67179540707444,-676.5241025790848,-5.0259631277665875,0.2479032890558706,0.01233790901149686,0.14586453230918633,3.500744390594796e-05,2.2689708244798537,4.101600075383857,nan,0.21737202434069383,nan
27.89,-84.61477661132812,-676.7572021484375,-5.017882823944092,-84.66892246916775,-676.5155967596695,-5.0260914912736645,0.24773437392144482,0.012350574807433533,0.14590992092967345,3.5713215181378705e-05,2.290018961306187,4.107436030146417,nan,nan,nan
27.900000000000002,-84.61190795898438,-676.74853515625,-5.017882823944092,-84.66499795772967,-676.5061506462188,-5.025016380786367,0.24823312893946323,0.012353629119553103,0.14586405100990768,3.499462945857663e-05,1.862952542178935,3.7034010830865,0.23544624759170762,1.0972598130534676,nan
27.91,-84.60897827148438,-676.7399291992188,-5.017882823944092,-84.66198564517704,-676.4976441930229,-5.025135112928362,0.24812174751244945,0.012366346567189145,0.14590927204204712,3.5699867971840836e-05,1.8816956292678242,3.3186548882833935,nan,nan,nan
27.92,-84.6059799194336,-676.7312622070312,-5.017882823944092,-84.65890480735388,-676.4891121180016,-5.027017249774937,0.24803456838456003,0.012379126883204168,0.14595458138346112,3.500297884490316e-05,2.7915328518619122,4.62657925123731,nan,2.1930798127533304,nan
27.93,-84.60292053222656,-676.7225952148438,-5.017882823944092,-84.6557612795773,-676.4806051573329,-5.027155423506567,0.24786551518382105,0.012391970217990262,0.14599997976572948,3.57085626420815e-05,2.81504892938048,4.659587418940802,nan,nan,nan
27.94,-84.59979248046875,-676.7139282226562,-5.017882823944092,-84.6525537101098,-676.4721026529376,-5.026967089483063,0.24768099927807283,0.012404876710811972,0.14604546675798474,3.501133568134652e-05,2.7636361794985285,4.565851792184411,nan,0.07568249852972868,nan
27.95,-84.59660339355469,-676.7052612304688,-5.017882823944092,-84.65560319892131,-676.4500880065189,-5.026811506323554,0.26205738421826,0.01240792657441542,0.14599933587422861,3.569521694411588e-05,2.6800393402334826,4.067344003158331,8.40172689977029,nan,nan
27.96,-84.59335327148438,-676.6966552734375,-5.017882823944092,-84.65228811132835,-676.4415402487019,-5.027549274606798,0.2620122734943563,0.012420883816365715,0.14604465438675357,3.499850107346633e-05,3.116140266655887,4.167405255411705,nan,0.258986919507409,nan
27.97,-84.59004211425781,-676.68798828125,-5.017882823944092,-84.6489114165819,-676.4330008248131,-5.027688674056675,0.26187850693156206,0.01243390430227036,0.14609006180485287,3.5703895769830246e-05,3.1388476774974756,4.531606883296131,nan,nan,nan
27.98,-84.58666229248047,-676.6793212890625,-5.017882823944092,-84.64547471077795,-676.4244830208033,-5.026225092497187,0.2616697096722106,0.0124469881736398,0.14613555774543935,3.5006846531373954e-05,2.4331496576689906,3.7694781030752282,nan,1.8162264005199735,nan
27.990000000000002,-84.5832290649414,-676.670654296875,-5.017882823944092,-84.64197571628348,-676.4159435831557,-5.0263506122382955,0.26153473988344417,0.012460135577500786,0.14618114286943779,3.5712583226462886e-05,2.4523760974998448,3.824690711862237,nan,nan,nan
28.0,-84.5797348022461,-676.6619873046875,-5.017882823944092,-84.62950785837043,-676.3822167117465,-5.0243707480360955,0.28423763816482517,0.012463176027282767,0.14613475170623377,3.499401500527794e-05,1.8100999734852317,3.2690384693920778,23.428448074914215,3.1753300307276713,nan
28.01,-84.57617950439453,-676.6533203125,-5.017882823944092,-84.62583386387448,-676.3736466286676,-5.024477168825331,0.2841239346273689,0.012476373255507158,0.146180167441989,3.5699219120232983e-05,1.825160681304737,3.2647430221060194,nan,nan,nan
28.02,-84.57257080078125,-676.6447143554688,-5.017882823944092,-84.62210162076825,-676.3650862747934,-5.023844229588616,0.2840434896068414,0.012489634092327423,0.1462256716110838,3.5002346891837623e-05,1.6225917926019533,2.870079008162416,nan,0.38707827921393867,nan
28.03,-84.56890106201172,-676.6360473632812,-5.017882823944092,-84.61831092895223,-676.3565164394191,-5.023945342114855,0.2839289109493132,0.01250295868339114,0.14627126482968794,3.5707896438642036e-05,1.6364167233220541,3.085510500867721,nan,nan,nan
28.04,-84.56517028808594,-676.6273803710938,-5.017882823944092,-84.61446278075448,-676.3479460899846,-5.0240953878402985,0.2838166014218272,0.012516347172285952,0.14631694678097687,3.5010687874468776e-05,1.7093289080382403,3.1204777985196612,nan,0.0016210299381562068,nan
28.05,-84.56138610839844,-676.6187133789062,-5.017882823944092,-84.60841632241439,-676.3542697457026,-5.024175138041133,0.2686668371590189,0.01251937323341364,0.14627029707193365,3.569453723047753e-05,1.6498197541449444,3.2893125455497505,2.4370869400283874,nan,nan
28.060000000000002,-84.55754852294922,-676.6100463867188,-5.017882823944092,-84.60445504041024,-676.3457307220679,-5.024149421156341,0.26851864404690035,0.01253281060199745,0.146315808757413,3.499784107343243e-05,1.6624098145272779,3.319977536012194,nan,0.011930454040135404,nan
28.07,-84.55365753173828,-676.6014404296875,-5.017882823944092,-84.60043838475082,-676.3371904591654,-5.0242533553372075,0.26843449629236366,0.012546311942922859,0.14636140935935804,3.5703202084348353e-05,1.6771130697323644,3.027246908094047,nan,nan,nan
28.080000000000002,-84.5497055053711,-676.5927734375,-5.017882823944092,-84.59636764711799,-676.328675528018,-5.022278784493931,0.26822450621504573,0.012559877400457128,0.1464070986025932,3.50061739060627e-05,1.0921447592940408,2.6969957176701733,nan,3.0525761044230664,nan
28.09,-84.54570770263672,-676.5841064453125,-5.017882823944092,-84.59224268001785,-676.3201357413899,-5.022363957363075,0.26807856536093827,0.012573507119226104,0.14645287704153875,3.571187723186227e-05,1.1021647247996005,2.7819957389812076,nan,nan,nan
28.1,-84.5416488647461,-676.575439453125,-5.017882823944092,-84.5909514818757,-676.2806562955191,-5.021701960146549,0.2989020640030563,0.012576513801167321,0.14640596958661767,3.499333332076052e-05,1.1151304100911594,2.412669536921029,10.534509577834044,0.45564168824303686,nan
28.11,-84.53754425048828,-676.5667724609375,-5.017882823944092,-84.5867148163153,-676.2720598706686,-5.02178222706441,0.29881174801443133,0.012590191434397524,0.1464515768683005,3.569850451792922e-05,1.1243228452259943,2.4993191991859165,nan,nan,nan
28.12,-84.53338623046875,-676.5581665039062,-5.017882823944092,-84.58242599101517,-676.2634620671851,-5.022010795387882,0.29878527956685724,0.012603933398873704,0.14649727269820892,3.500165569818771e-05,1.1856694610895524,2.371107448265886,nan,0.015315010553364301,nan
28.13,-84.5291748046875,-676.5494995117188,-5.017882823944092,-84.57808564210063,-676.254866356181,-5.02209452702564,0.29869500297368756,0.012617739839103212,0.14654305759223912,3.5707172735178316e-05,1.1956388994524754,2.536472251937945,nan,nan,nan
28.14,-84.52491760253906,-676.5408325195312,-5.017882823944092,-84.5830708147294,-676.3016835707799,-5.021255790428943,0.24614100162270966,0.012433603448653697,0.13967599554948715,3.5009693570961164e-05,0.7393351973094078,2.1263193719572486,nan,0.5868980555539779,0.44400727751186037
28.150000000000002,-84.52059936523438,-676.5321655273438,-5.017882823944092,-84.5753279553519,-676.3030893216347,-5.021312029602839,0.2355480546507294,0.012436308219505886,0.13964217727459086,3.569350785267713e-05,0.7123258374422201,2.1616299896640125,1.5493720143216567,nan,nan
28.16,-84.51624298095703,-676.5235595703125,-5.017882823944092,-84.57087238399528,-676.2945424408267,-5.021683134005731,0.23547326733790352,0.012448453718377054,0.13968358824543955,3.4996855206177984e-05,0.7954880128961752,2.132112772411004,nan,0.06126082015121534,nan
28.17,-84.51183319091797,-676.514892578125,-5.017882823944092,-84.56636567072496,-676.2859875779205,-5.021763576240946,0.23534304899634295,0.01246065608770322,0.13972508783804155,3.5702179902150676e-05,0.8043235210954344,2.329383639452604,nan,nan,nan
28.18,-84.50737762451172,-676.5062255859375,-5.017882823944092,-84.56179871264807,-676.2773860180296,-5.02018094204263,0.23523282938617543,0.01247291533015548,0.1397666738665775,3.500519549716339e-05,0.5330558958476138,2.083172050540342,nan,1.9544218196821213,nan
28.19,-84.50286865234375,-676.49755859375,-5.017882823944092,-84.55719578515729,-676.2688321797483,-5.0202465889219905,0.23510167418946054,0.01248523173250032,0.13980834875708567,3.571086335588345e-05,0.538314974413143,2.03705701847787,nan,nan,nan
28.2,-84.4983139038086,-676.4889526367188,-5.017882823944092,-84.55874296185462,-676.2538837292933,-5.017884418902555,0.24271189154441006,0.012487941438988064,0.13977422179933263,3.499236534138931e-05,0.3953691425803064,1.454791251162343,4.479986297355244,4.209193209664685,nan
28.21,-84.49372100830078,-676.4802856445312,-5.017882823944092,-84.55407151822529,-676.245316830672,-5.0179280767036,0.24259540305288427,0.012500303877204454,0.13981575214438816,3.569750201406144e-05,0.39498666850318187,1.774027670639751,nan,nan,nan
28.22,-84.48907470703125,-676.4716186523438,-5.017882823944092,-84.54935499550835,-676.2367546926231,-5.018119033436258,0.24247649071502297,0.012512723474190487,0.13985736892554923,3.500069716430035e-05,0.39608038395413153,1.7213097145395206,nan,0.015097538783479143,nan
28.23,-84.48438262939453,-676.4630126953125,-5.017882823944092,-84.5445917852305,-676.2281892248676,-5.018166172930395,0.24241964649118566,0.012525200516655607,0.139899074374002,3.570618055096737e-05,0.39649999596462016,1.502947277770376,nan,nan,nan
28.240000000000002,-84.47964477539062,-676.454345703125,-5.017882823944092,-84.53978806787984,-676.2196415679224,-5.018859199222765,0.24228949630830252,0.012537735006804489,0.13994086659281688,3.500904053797087e-05,0.4210361048608015,1.761647700967119,nan,0.2935794950071136,nan
28.25,-84.47486877441406,-676.4456787109375,-5.017882823944092,-84.52624338870979,-676.2100989978024,-5.018905189435994,0.24111863774089975,0.01254044593669141,0.13990643410640727,3.569282897680885e-05,0.4542303519034394,2.1559992653822326,13.171355476527856,nan,nan
28.26,-84.47003936767578,-676.4370727539062,-5.017882823944092,-84.5213049889107,-676.2015388929499,-5.0191192070194255,0.24105163807932076,0.012553025879210975,0.13994808089734798,3.499620216800124e-05,0.46881070993160656,1.854782969232093,nan,0.01759330167853193,nan
28.27,-84.46517181396484,-676.4284057617188,-5.017882823944092,-84.51632178234831,-676.1929753507061,-5.019177989066728,0.24092628571393743,0.012565663548296364,0.13998981616563763,3.570149988457721e-05,0.472031509692252,2.148248051167949,nan,nan,nan
28.28,-84.46026611328125,-676.4197387695312,-5.017882823944092,-84.51129289762578,-676.1844036233839,-5.018887905991879,0.24080567668279784,0.012578358947285958,0.1400316381961926,3.5004541941967206e-05,0.45384835323405265,2.1978522330267465,nan,0.08639029190168877,nan
28.29,-84.45531463623047,-676.4111328125,-5.017882823944092,-84.50622370174469,-676.1758415345232,-5.0189450449245845,0.24073812900513092,0.012591112361721512,0.1400735489503677,3.571018338962219e-05,0.45680900567502725,1.9505979611792343,nan,nan,nan
28.3,-84.4503173828125,-676.4024658203125,-5.017882823944092,-84.50128821182207,-676.1596433616606,-5.021182459358285,0.24813637264521085,0.012593820469920471,0.1400388099597754,3.499171396791278e-05,0.7749793153729705,2.443637643026225,2.041490933206979,2.9325570886135615,nan
28.310000000000002,-84.44528198242188,-676.393798828125,-5.017882823944092,-84.49613083691293,-676.1510669688321,-5.021264632368597,0.24802378544621176,0.01260661872792016,0.14008057431548024,3.569682487913096e-05,0.7842733017787187,2.494066571832981,nan,nan,nan
28.32,-84.44020080566406,-676.3851928710938,-5.017882823944092,-84.49094114844469,-676.1425215152992,-5.0225972344714815,0.2479641001743411,0.0126194749943628,0.140122425419496,3.500004743026824e-05,1.0992569792015803,2.5640184324369604,nan,1.1025041215096953,nan
28.330000000000002,-84.43508911132812,-676.3765258789062,-5.017882823944092,-84.48570221858216,-676.1339466822805,-5.022693585610253,0.24784974619582445,0.012632389552682694,0.14016436506451793,3.5705505656892454e-05,1.1125048699229168,2.8764237445580365,nan,nan,nan
28.34,-84.429931640625,-676.367919921875,-5.017882823944092,-84.48042955732251,-676.125393787536,-5.023690888736222,0.24779568003663235,0.012645362408861261,0.14020639178588476,3.500839346070917e-05,1.428288128956594,2.9351935865236882,nan,0.57169385603639,nan
28.35,-84.42473602294922,-676.3592529296875,-5.017882823944092,-84.47097261778362,-676.1290471208468,-5.023629387316708,0.23487349811431282,0.012648063885036934,0.14017134901372263,3.5692158912534434e-05,1.3566097392377423,3.2629506435392415,3.537864238911582,nan,nan
28.36,-84.41949462890625,-676.3506469726562,-5.017882823944092,-84.46558462097164,-676.1204361236659,-5.020939425875212,0.2347992018232427,0.012661080953628612,0.14021322845859033,3.4995560174909544e-05,0.698694990475586,2.2509286810287827,nan,5.517009101429713,nan
28.37,-84.41422271728516,-676.3419799804688,-5.017882823944092,-84.46017720189182,-676.1118899891342,-5.021017418511963,0.23465516071656423,0.012674156586127396,0.14025519626667277,3.5700834030324154e-05,0.7070131521947961,2.63553475023144,nan,nan,nan
28.38,-84.4089126586914,-676.3333740234375,-5.017882823944092,-84.45471856416196,-676.1033033309823,-5.01924560331087,0.23459019943383974,0.01268729079147854,0.1402972511287843,3.500390444529954e-05,0.48523850111987843,2.1570204055248823,nan,2.4183873421173274,nan
28.39,-84.403564453125,-676.32470703125,-5.017882823944092,-84.44923479793816,-676.0947590394638,-5.01930727919804,0.23444378514819325,0.012700483849161009,0.1403393946066209,3.5709522666548835e-05,0.48906233993727827,2.437073745923602,nan,nan,nan
28.400000000000002,-84.39817810058594,-676.3161010742188,-5.017882823944092,-84.44915351958407,-676.0784090392976,-5.02032817270329,0.2431089807833679,0.012703174562450298,0.1403040475159306,3.4991083207874745e-05,0.6055351007547511,2.0187597414435494,3.9837638490377456,0.8884556802740587,nan
28.41,-84.39275360107422,-676.3074340820312,-5.017882823944092,-84.44361537448037,-676.0698498868106,-5.020399622201544,0.2429804602969495,0.012716411175876694,0.14034604276491786,3.56961715871104e-05,0.6119675291763303,2.2563833497897394,nan,nan,nan
28.42,-84.38729095458984,-676.298828125,-5.017882823944092,-84.43803921983796,-676.0612867098615,-5.020239472528572,0.24291328519501731,0.012729706633385234,0.14038812503986825,3.4999422794120137e-05,0.593365153215891,1.9751855639635583,nan,0.03817578689254965,nan
28.43,-84.38179779052734,-676.2901611328125,-5.017882823944092,-84.4324287461833,-676.052729375343,-5.020310346193973,0.242782260451546,0.01274306121074917,0.14043029576000662,3.570485913453362e-05,0.5996167912108865,2.2890373417194003,nan,nan,nan
28.44,-84.37626647949219,-676.2815551757812,-5.017882823944092,-84.4268003447912,-676.0442263140018,-5.022974366019646,0.24270266577915256,0.012756474922000799,0.14047255382796062,3.500777570275745e-05,1.1752636372558163,2.597279590056853,nan,4.742469809470764,nan
28.45,-84.3707046508789,-676.27294921875,-5.017882823944092,-84.41978298634005,-676.0279270088892,-5.023187544732759,0.24994540683792651,0.012759150970285457,0.14043690477376022,3.569152126500944e-05,1.2745403114093898,2.827927055724291,2.6948130990937624,nan,nan
28.46,-84.36510467529297,-676.2642822265625,-5.017882823944092,-84.41403303609773,-676.0192876519654,-5.019873517330684,0.24984052700311496,0.012772607559691106,0.14047901373936023,3.499495125820764e-05,0.5994491243890211,2.313611673653491,nan,8.243720966445048,nan
28.47,-84.35946655273438,-676.2556762695312,-5.017882823944092,-84.40827163402777,-676.0107177263534,-5.01994270888994,0.24978163856029104,0.012786123532184147,0.1405212109842384,3.57002045750024e-05,0.6054622206013542,2.065142279222268,nan,nan,nan
28.48,-84.35379791259766,-676.2470092773438,-5.017882823944092,-84.40246952260325,-676.002128433011,-5.01897488516859,0.24967327878527984,0.012799698906121107,0.1405634955408209,3.500330372311415e-05,0.5207572170182172,2.2349375946933634,nan,0.7604731828596448,nan
28.490000000000002,-84.34809875488281,-676.2384033203125,-5.017882823944092,-84.39664088949631,-675.9935604557376,-5.019035608281033,0.24961108965312867,0.012813333951227494,0.1406058686352613,3.570890205594285e-05,0.5243418243748605,2.0747992486178215,nan,nan,nan
28.5,-84.34236907958984,-676.2297973632812,-5.017882823944092,-84.38905809991982,-675.9845829229965,-5.0192915721614275,0.24962365856436328,0.012815991132795534,0.1405699174537588,3.499049246042284e-05,0.56248114840609,2.1890021362474696,1.0792475915785562,0.06954431905620762,nan
28.51,-84.33660125732422,-676.22119140625,-5.017882823944092,-84.38315570481878,-675.9760161072287,-5.019355325215033,0.24956043775346154,0.012829668353003873,0.14061214051139223,3.569556164301071e-05,0.5670460313384857,2.1304926680330154,nan,nan,nan
28.52,-84.33080291748047,-676.2125244140625,-5.017882823944092,-84.37723438802544,-675.9674880507813,-5.021468650561908,0.24942245075289174,0.012843405238369004,0.1406544508392019,3.499884135858684e-05,0.87387907307521,2.693369262522153,nan,2.963135275385375,nan
28.53,-84.3249740600586,-676.2039184570312,-5.017882823944092,-84.37126793744727,-675.9589233428427,-5.021555170716873,0.24935760503894908,0.012857202053786763,0.14069684954578537,3.5704259147102116e-05,0.884763508564307,2.5030769735463165,nan,nan,nan
28.54,-84.31910705566406,-676.1953125,-5.017882823944092,-84.36526884541283,-675.9503566766347,-5.021474587134901,0.24929333524227065,0.012871058824441195,0.1407393358385478,3.500720408509069e-05,0.8760484727649924,2.415985434092244,nan,0.019980602563865718,nan
28.55,-84.31321716308594,-676.1866455078125,-5.017882823944092,-84.35377774315315,-675.962215611611,-5.021648892451948,0.22809673876760367,0.012873693152783486,0.14070308457963263,3.569093287213292e-05,0.8394459109606024,3.1282369785677595,5.765630283218577,nan,nan
28.560000000000002,-84.30729675292969,-676.1780395507812,-5.017882823944092,-84.34769915307459,-675.9536761961273,-5.020566369515873,0.22798787306760265,0.012887591375772209,0.14074541996699844,3.499439097648279e-05,0.6483128614662329,2.5995389294657816,nan,0.9710780215470929,nan
28.57,-84.30133819580078,-676.16943359375,-5.017882823944092,-84.34159779794496,-675.9451583389099,-5.0206458305418975,0.2278768520579974,0.012901549783514763,0.14078784357829457,3.5699627055834853e-05,0.6567577536907143,2.5118809385376335,nan,nan,nan
28.580000000000002,-84.29535675048828,-676.1608276367188,-5.017882823944092,-84.33546978742378,-675.9366505974433,-5.021247885665485,0.2277624295420165,0.012915568406412937,0.14083035472679148,3.5002754095298766e-05,0.7668678473049193,2.724468914827109,nan,0.1919939423893433,nan
28.59,-84.28934478759766,-676.1522216796875,-5.017882823944092,-84.32930877582177,-675.9281353221,-5.0213347095181815,0.2276482627335549,0.012929647501917753,0.14087295436344915,3.57083358189087e-05,0.7774837305588915,2.725661732239055,nan,nan,nan
28.6,-84.2833023071289,-676.1436157226562,-5.017882823944092,-84.32231573413723,-675.9058162053241,-5.023457511872933,0.24104301499079964,0.012932254718133916,0.14083640317402102,3.4989954837083694e-05,1.426766400567882,3.307318841328865,4.725646957274321,3.2150106444944346,nan
28.61,-84.27722930908203,-676.135009765625,-5.017882823944092,-84.316083744509,-675.8972749611751,-5.023565376468194,0.24095600387287203,0.012946374518059012,0.14087885098812503,3.5695008065646e-05,1.444030595242885,3.2949530528621933,nan,nan,nan
28.62,-84.27113342285156,-676.1263427734375,-5.017882823944092,-84.3098124787247,-675.8887075707175,-5.02196042209267,0.24079698034164249,0.0129605547891466,0.14092138628551368,3.499831505159388e-05,1.0149112862087957,3.227766846758619,nan,2.073897258484704,nan
28.63,-84.26500701904297,-676.1177368164062,-5.017882823944092,-84.30352350630744,-675.8801683199107,-5.022053009815491,0.240706669555613,0.012974795783344591,0.14096400992238453,3.570371749739512e-05,1.0277321226315965,2.9157502248435896,nan,nan,nan
28.64,-84.25885009765625,-676.109130859375,-5.017882823944092,-84.29720529291365,-675.8716266502563,-5.021918394284617,0.24061516199172484,0.0129890975389506,0.1410067213532162,3.500668938229436e-05,1.0066529204880477,2.8587163201695507,nan,0.036769831432256865,nan
28.650000000000002,-84.25267028808594,-676.1005249023438,-5.017882823944092,-84.28116233565308,-675.8776989081533,-5.0219255546682495,0.22467657673471383,0.012991673580565764,0.14096987203632913,3.5690404363372077e-05,1.0367727013175378,3.391533539863733,8.307490880091258,nan,nan
28.66,-84.2464599609375,-676.0919189453125,-5.017882823944092,-84.27476149454222,-675.8692040452798,-5.022700293803734,0.22455759064610495,0.01300601527396101,0.14101243078148448,3.499388899413322e-05,1.243280957326896,3.542417575706467,nan,0.3297945410134831,nan
28.67,-84.24022674560547,-676.0833129882812,-5.017882823944092,-84.26832974787854,-675.8607002200947,-5.022799419898163,0.2244335006459784,0.013020417936892199,0.1410550777211802,3.569911095538423e-05,1.2584937355778063,3.6099574289609135,nan,nan,nan
28.68,-84.23396301269531,-676.07470703125,-5.017882823944092,-84.26188630635413,-675.8522336546731,-5.025397797434081,0.22434479811404734,0.013034881613341903,0.14109781239423513,3.500226414117622e-05,2.1960364010293936,4.479514903327438,nan,4.407143036076759,nan
28.69,-84.22767639160156,-676.0661010742188,-5.017882823944092,-84.25540181335354,-675.8437325708252,-5.025523709103747,0.22422050182542086,0.013049406547054372,0.1411406355311368,3.570783232745907e-05,2.2188460962869474,4.552565369783073,nan,nan,nan
28.7,-84.22135925292969,-676.0574951171875,-5.017882823944092,-84.25241800218976,-675.8507521668705,-5.026233025037407,0.20922958507265027,0.013051947110382952,0.14110348848699708,3.4989477881514654e-05,2.4272698682541023,4.652163605125928,8.909230737290212,0.2992035237858135,nan
28.71,-84.21501922607422,-676.0488891601562,-5.017882823944092,-84.2459070244375,-675.8422849938086,-5.02636603058603,0.2090724812950851,0.013066511190656023,0.14114615803760466,3.5694518169139873e-05,2.4511499307593096,4.7109004648955235,nan,nan,nan
28.72,-84.20865631103516,-676.0403442382812,-5.017882823944092,-84.23936575661874,-675.833807870157,-5.025669066223393,0.20895206860627982,0.013081136532592916,0.1411889152565901,3.4997850405767565e-05,2.1681897158987717,4.146049904220405,nan,0.48774451305163025,nan
28.73,-84.20226287841797,-676.03173828125,-5.017882823944092,-84.23280410370968,-675.8253431820641,-5.025795943164214,0.20879253067594994,0.013095823374158067,0.14123176079985364,3.570324046727549e-05,2.1902223559137033,4.4038002963039355,nan,nan,nan
28.740000000000002,-84.19585418701172,-676.0231323242188,-5.017882823944092,-84.22621020334618,-675.8168625886218,-5.024604322390261,0.2085997844972398,0.013110571767703114,0.1412746943174772,3.500623715391901e-05,1.727548631042807,4.059381955244003,nan,1.2289152527278002,nan
28.75,-84.18941497802734,-676.0145263671875,-5.017882823944092,-84.22433704664357,-675.8052466075841,-5.024620207077827,0.21228038295516588,0.013113072723627833,0.1412372511547422,3.568994104555996e-05,1.6760190975616516,3.702874267483985,2.4979535890397466,nan,nan
28.76,-84.18295288085938,-676.0059204101562,-5.017882823944092,-84.21770709731662,-675.7967477182651,-5.022243884821971,0.21208509953911808,0.01312785945460641,0.14128003022904934,3.4993449953684394e-05,0.9479047872417983,2.990018854343247,nan,4.383159215283886,nan
28.77,-84.17646789550781,-675.997314453125,-5.017882823944092,-84.21106704617844,-675.7882813709518,-5.022334648542383,0.2119239236428857,0.013142707923593837,0.1413228974912422,3.5698660629990866e-05,0.9598192266822987,3.0194562621173873,nan,nan,nan
28.78,-84.16996002197266,-675.98876953125,-5.017882823944092,-84.2044048575571,-675.7798197838155,-5.022707988805652,0.21182475272577184,0.013157618188731167,0.14136585265697368,3.5001837609400736e-05,1.0704040956807797,2.8214415203752417,nan,0.05597678659045121,nan
28.79,-84.16342163085938,-675.9801635742188,-5.017882823944092,-84.19771788450493,-675.7713560332705,-5.022803681996684,0.21166255458850985,0.013172590479566197,0.14140889628431716,3.570739502859185e-05,1.0835429761046127,3.0801051430677138,nan,nan,nan
28.8,-84.15686798095703,-675.9715576171875,-5.017882823944092,-84.18273524693144,-675.7768412352302,-5.023515416605155,0.19650778852658488,0.013175047490851183,0.14137115760548927,3.498906450725742e-05,1.3260533014452647,3.9003405974070366,5.673887056972412,0.22457646453118257,nan
28.810000000000002,-84.1502914428711,-675.9629516601562,-5.017882823944092,-84.17597602649835,-675.7684087479756,-5.02362005095544,0.19631494667906116,0.013190057286139268,0.14141404590460502,3.569409455279216e-05,1.341975530526946,3.9172194474018545,nan,nan,nan
28.82,-84.14369201660156,-675.9544067382812,-5.017882823944092,-84.16920669958411,-675.7600032640231,-5.026015768693216,0.19623927904888627,0.013205129117746964,0.14145702203264415,3.499744952130707e-05,2.310650888407925,4.457564036008984,nan,3.703849618444592,nan
28.830000000000002,-84.13706970214844,-675.94580078125,-5.017882823944092,-84.16240325670294,-675.7515734129429,-5.0261452058207885,0.19604674580351647,0.013220263209491807,0.14150008649043305,3.57028298306622e-05,2.333213434338157,4.885367257935794,nan,nan,nan
28.84,-84.13042449951172,-675.9371948242188,-5.017882823944092,-84.15558188000489,-675.7431531575744,-5.0270360281958135,0.19587966544659471,0.013235459627865058,0.1415432390791101,3.50058487268162e-05,2.8149136716412455,5.350259375898274,nan,0.4081248791764656,nan
28.85,-84.12376403808594,-675.9286499023438,-5.017882823944092,-84.15016037818025,-675.7438331874633,-5.02718375553887,0.1869237603893436,0.013237868508781782,0.14150520634414201,3.5689543930292636e-05,2.778575634624694,4.998295748389067,2.264303345565878,nan,nan
28.86,-84.11707305908203,-675.9200439453125,-5.017882823944092,-84.14330189717889,-675.7354225737746,-5.026995359358884,0.1866977264942788,0.01325310158140223,0.14154820275432267,3.4993074469493935e-05,2.72781676521587,5.31652058077296,nan,0.0762017291866277,nan
28.87,-84.11036682128906,-675.9114379882812,-5.017882823944092,-84.13642409005175,-675.7270165447874,-5.027133261441731,0.18648276239275577,0.013268397144695347,0.14159128736499638,3.5698276349487133e-05,2.752063113269996,5.4075978310246,nan,nan,nan
28.88,-84.10364532470703,-675.9028930664062,-5.017882823944092,-84.12952701107731,-675.718614301133,-5.027554240779343,0.1863385663881704,0.013283755270758122,0.14163446002696173,3.500147442112882e-05,3.027933026200884,5.25274009588908,nan,0.05615084039701369,nan
28.89,-84.09689331054688,-675.894287109375,-5.017882823944092,-84.12260802503951,-675.7102103957916,-5.027697129448932,0.18612308727734006,0.013299176175214643,0.14167772116688723,3.5707023491454023e-05,3.0532298451943634,5.647657462889494,nan,nan,nan
28.900000000000002,-84.09012603759766,-675.8857421875,-5.017882823944092,-84.10702087418547,-675.7177701312787,-5.029959311494813,0.16925096373757817,0.013301532565179283,0.14163939513652468,3.4988714003288606e-05,4.540113947441874,7.191671250251511,6.061290330009676,3.207262752872352,nan
28.91,-84.08333587646484,-675.8771362304688,-5.017882823944092,-84.10003452964622,-675.7094016702061,-5.030125008109733,0.1690076885757151,0.013316989250721159,0.1416824992279007,3.569373614854396e-05,4.571083273470595,7.7603511454866,nan,nan,nan
28.92,-84.07653045654297,-675.8685913085938,-5.017882823944092,-84.09303132019224,-675.7010400069918,-5.030891964866037,0.16886371699454805,0.013332508731156977,0.14172569128775261,3.499711107248304e-05,5.208850368937505,7.857994037202561,nan,0.2544499260233175,nan
28.93,-84.0697021484375,-675.8599853515625,-5.017882823944092,-84.086005626263,-675.6926741479391,-5.031065860045438,0.168619793286454,0.013348091216679835,0.14176897170000363,3.5702483899949e-05,5.241290151236301,8.437231714570538,nan,nan,nan
28.94,-84.06285858154297,-675.8514404296875,-5.017882823944092,-84.078951462996,-675.6842926604528,-5.0293201857951875,0.16830974671631962,0.013363736787338787,0.14181234037935025,3.500552219878141e-05,4.111227172908064,6.746138628838425,nan,2.603905002655894,nan
28.95,-84.05599212646484,-675.8428344726562,-5.017882823944092,-84.06745978853532,-675.6868158981672,-5.029433146799592,0.1568652696329723,0.013366036454534748,0.14177372240350855,3.568921077311531e-05,4.110967474338518,7.687605202361416,1.9951261346449134,nan,nan
28.96,-84.04911041259766,-675.8342895507812,-5.017882823944092,-84.06036475013913,-675.678476259986,-5.02959019357356,0.15665728264453785,0.013381716946737026,0.14181693329232364,3.640834742033452e-05,4.138357051285896,7.085250941484453,nan,nan,nan
28.97,-84.04220581054688,-675.8257446289062,-5.017882823944092,-84.05325095527883,-675.6701378564454,-5.029748249436044,0.15644887720891715,0.013397460636723089,0.14186023230920744,3.7141924093313964e-05,4.16515288142143,7.041260598823612,nan,nan,nan
28.98,-84.03528594970703,-675.817138671875,-5.017882823944092,-84.04611643184461,-675.6617962586612,-5.02937203670495,0.15614277663820592,0.013413267637552299,0.1419036194985456,3.6359353081765555e-05,4.005601850449404,7.598838465739972,nan,0.18721611655086737,nan
28.990000000000002,-84.0283432006836,-675.80859375,-5.017882823944092,-84.03896630195031,-675.6534600927479,-5.029526770609925,0.15593230385939477,0.01342913815648396,0.14194709520499008,3.709156923384476e-05,4.03123104781303,6.859233069343698,nan,nan,nan
29.0,-84.02139282226562,-675.800048828125,-5.017882823944092,-84.03080290648263,-675.6499954921336,-5.031057252175471,0.15092421570557665,0.01343137672409442,0.14190818615861592,3.628901183497207e-05,5.146498740742903,8.25187409156478,0.5085083370453786,1.3764838520610017,nan
29.01,-84.01441955566406,-675.7914428710938,-5.017882823944092,-84.02361574668905,-675.6416718946788,-5.031227138801679,0.1506452323994358,0.013447281222509494,0.14195150311760413,3.701902007893419e-05,5.174362048916251,8.914051782957305,nan,nan,nan
29.02,-84.0074234008789,-675.7828979492188,-5.017882823944092,-84.01640293324348,-675.6333354799742,-5.029502069104267,0.15028163915162565,0.013463249256176923,0.141994908160852,3.6242833559763554e-05,4.089920761841885,7.017709096130904,nan,2.364049580132409,nan
29.03,-84.00041961669922,-675.7743530273438,-5.017882823944092,-84.00918116661667,-675.6250144399621,-5.029655185588635,0.15005787862284398,0.013479281026686331,0.14203840159915454,3.697163211422601e-05,4.1142374349110415,7.175504013605734,nan,nan,nan
29.04,-83.99339294433594,-675.7657470703125,-5.017882823944092,-84.00193669355448,-675.616685034521,-5.028442185550165,0.14967961211385042,0.013495376622735976,0.14208198341824277,3.619805738194408e-05,3.446436066728487,7.147254164141136,nan,1.2317839468036833,nan
29.05,-83.9863510131836,-675.7572021484375,-5.017882823944092,-84.00298309290328,-675.583487635851,-5.028459951542755,0.17482915542663569,0.013497549828043435,0.14204278458694888,3.6902298021319144e-05,3.429205814863727,5.719937429328097,9.042430177276167,nan,nan
29.060000000000002,-83.97928619384766,-675.7486572265625,-5.017882823944092,-83.99572249845849,-675.5751058284123,-5.026541232397847,0.17454285418224663,0.013513678475791146,0.14208620682422035,3.613225583861393e-05,2.4729466818918375,4.675582362077798,nan,2.803840467407141,nan
29.07,-83.97221374511719,-675.7401123046875,-5.017882823944092,-83.98845420957353,-675.566739223479,-5.02666148188359,0.1743532127857529,0.013529871075392228,0.1421297173363234,3.685792533177001e-05,2.489679934203265,4.8062891530664285,nan,nan,nan
29.080000000000002,-83.96512603759766,-675.7315673828125,-5.017882823944092,-83.98117205324378,-675.5583775437301,-5.027344702026126,0.17418875427633557,0.013546127720809948,0.14217331613722584,3.6090381036957434e-05,2.880151644442023,5.211563199457684,nan,0.20953803760175613,nan
29.09,-83.95801544189453,-675.7229614257812,-5.017882823944092,-83.97387154872145,-675.5500135262228,-5.027472351559878,0.17393777946523137,0.01356244860587381,0.1422170034954779,3.681504326020128e-05,2.8976199630206514,5.763097557513214,nan,nan,nan
29.1,-83.95089721679688,-675.7144165039062,-5.017882823944092,-83.96643589091137,-675.5412349539126,-5.0259481570797275,0.174064210135272,0.013564552065244314,0.14217751584106839,3.602767490050638e-05,2.210559437184437,4.571895157248537,0.030076877079983542,1.8720619076938676,nan
29.11,-83.94375610351562,-675.7058715820312,-5.017882823944092,-83.95910303950504,-675.5328723753449,-5.0260615756085345,0.17387106124121265,0.013580905053048126,0.14222104277419864,3.6750488168750946e-05,2.2257957226677783,4.493211456178629,nan,nan,nan
29.12,-83.93659973144531,-675.6973266601562,-5.017882823944092,-83.95175586130166,-675.5245130189594,-5.026507611224049,0.17369124851748258,0.013597322302903631,0.1422646579017419,3.5988711838615635e-05,2.4731933090122222,4.750889582260195,nan,0.0733094541375443,nan
29.13,-83.92943572998047,-675.6887817382812,-5.017882823944092,-83.94439206830353,-675.5161530277059,-5.0266264657407,0.1734958646274454,0.013613804003779853,0.14230836146893247,3.671065001155403e-05,2.489482444215756,4.870772594001735,nan,nan,nan
29.14,-83.92224884033203,-675.6802368164062,-5.017882823944092,-83.96799411664416,-675.4626393832818,-5.02685814965949,0.2225350077603593,0.010535395997232317,0.13577721037358675,3.595080872193438e-05,2.5996662030274758,4.8773275259300615,nan,0.006822875756645568,0.3101164906536834
29.150000000000002,-83.91505432128906,-675.6716918945312,-5.017882823944092,-83.96198212597778,-675.4429430738194,-5.02707790120772,0.23369379811167154,0.010538254648443058,0.1357354671723167,3.664892449401314e-05,2.708286090186325,4.937743279857868,1.9297149486975134,nan,nan
29.16,-83.9078369140625,-675.6631469726562,-5.017882823944092,-83.95466992705839,-675.4344490690459,-5.024769148441709,0.23354546385479116,0.010547738532646924,0.1357792874447187,3.589266716737969e-05,1.7221710756020685,3.8390535058610156,nan,3.9726106980978235,nan
29.17,-83.9006118774414,-675.6546020507812,-5.017882823944092,-83.94728090981758,-675.4260726045721,-5.024870967493332,0.23335068141712154,0.010557279913979053,0.1358231994149775,3.661212370426116e-05,1.7345177216444962,3.947696217245423,nan,nan,nan
29.18,-83.89337158203125,-675.6460571289062,-5.017882823944092,-83.93987184901145,-675.4177080028812,-5.0252054023499655,0.23315063444076703,0.010566877015726379,0.13586719656570803,3.585804584685709e-05,1.8957577010714552,4.097738936797024,nan,0.036033623913362345,nan
29.19,-83.88611602783203,-675.6375122070312,-5.017882823944092,-83.93245472050153,-675.4093338275915,-5.025311643774222,0.23295457635803524,0.010576531866704222,0.1359112855292103,3.657680189178955e-05,1.9089322659632955,4.097311301277147,nan,nan,nan
29.2,-83.87884521484375,-675.6289672851562,-5.017882823944092,-83.92123543061676,-675.3822285653783,-5.023586466533368,0.25041856514585764,0.010579448465202944,0.13586925735454017,3.580292069620049e-05,1.4332404611124767,3.7384800107121325,13.574013017890204,1.864400008064136,nan
29.21,-83.8715591430664,-675.6204223632812,-5.017882823944092,-83.91375612906837,-675.3738334188843,-5.023675056796483,0.2502403706197073,0.010589164001861886,0.13591318948289044,3.6520136035129765e-05,1.4436864756792291,3.732055976841421,nan,nan,nan
29.22,-83.86426544189453,-675.6118774414062,-5.017882823944092,-83.9062908121043,-675.3653886663367,-5.022619063369189,0.25009054348466453,0.010598935624641845,0.1359572070147187,3.577114412417047e-05,1.1525739515184965,3.542284956844355,nan,0.8863807374528321,nan
29.23,-83.8569564819336,-675.6033935546875,-5.017882823944092,-83.8987843620638,-675.3569958958075,-5.022698326328189,0.24996913193623754,0.01060876521395664,0.13600131592212883,3.6487771829128874e-05,1.161811589961395,3.177563753709623,nan,nan,nan
29.240000000000002,-83.8496322631836,-675.5948486328125,-5.017882823944092,-83.89128449251446,-675.3485687040973,-5.0219513603121655,0.24981045711577532,0.010618651212913909,0.1360455106769889,3.574075649770035e-05,0.9898366058608047,3.3255287002460614,nan,0.4630293404202527,nan
29.25,-83.84229278564453,-675.5863037109375,-5.017882823944092,-83.88084112160932,-675.3632499223843,-5.021881177650543,0.22639556891856114,0.010621623211895173,0.13600320488456175,3.643416483892667e-05,0.8635058268776652,3.533370807395293,7.072995571750788,nan,nan
29.26,-83.83494567871094,-675.5777587890625,-5.017882823944092,-83.87332013334955,-675.3548652734277,-5.021004838269954,0.22619430818285258,0.010631569365771823,0.13604724197251378,3.568997677867939e-05,0.6979641654382871,3.459764166839962,nan,0.6090792845209463,nan
29.27,-83.82758331298828,-675.5692138671875,-5.017882823944092,-83.86576399825016,-675.3465217712916,-5.021067488635348,0.22596388293437766,0.010641573702930007,0.13609137002386767,3.640468544484655e-05,0.7035791055815581,3.4467281007473582,nan,nan,nan
29.28,-83.82020568847656,-675.5606689453125,-5.017882823944092,-83.85822332632578,-675.3381284601094,-5.019886007025043,0.22577338435815061,0.01065163480590749,0.13613558410762083,3.566234260433604e-05,0.5376068776511163,3.2507059957146978,nan,1.053556991813867,nan
29.29,-83.81282043457031,-675.5521850585938,-5.017882823944092,-83.85064172132108,-675.329787473623,-5.019938299296079,0.22560000113302803,0.010661754348427128,0.1361798893009667,3.637660946320893e-05,0.5416969559668664,2.8531970104855393,nan,nan,nan
29.3,-83.805419921875,-675.5436401367188,-5.017882823944092,-83.84368864713946,-675.3144028944894,-5.019025980833786,0.23241238212704948,0.01066477569584403,0.13613730169665705,3.561438715438169e-05,0.49540698995871957,3.1869599231047934,0.6366916542922505,0.6814333744113564,nan
29.310000000000002,-83.79801177978516,-675.5350952148438,-5.017882823944092,-83.83608070029005,-675.3060514290601,-5.019071456200417,0.2321889561567752,0.01067495476374806,0.13618144810007216,3.6327370649245846e-05,0.49786447373011555,3.2683690044569493,nan,nan,nan
29.32,-83.79058837890625,-675.526611328125,-5.017882823944092,-83.82843367929684,-675.2977490368837,-5.020357507681692,0.23198348901045843,0.010685190945782911,0.1362256806966478,3.558941992480559e-05,0.6316141582066895,2.8951159095228944,nan,1.0485210474092435,nan
29.330000000000002,-83.78314971923828,-675.51806640625,-5.017882823944092,-83.82080170456331,-675.2893997016778,-5.020417309261697,0.23175969752021172,0.010695485785328612,0.1362700040260834,3.630205576949099e-05,0.6366781519054798,3.3336624939284962,nan,nan,nan
29.34,-83.77570343017578,-675.509521484375,-5.017882823944092,-83.8131656071054,-675.2810380870837,-5.020122201581165,0.2315450114994101,0.010705838058251847,0.13631441396339256,3.55657472090468e-05,0.6009565886133907,3.374128646678188,nan,0.08657522624757609,nan
29.35,-83.76824951171875,-675.5010375976562,-5.017882823944092,-83.806773244566,-675.2513273365888,-5.020149859414325,0.2526745573354709,0.010708905744776896,0.1362715504218322,3.625563100765555e-05,0.7184061359544212,2.941123444479498,5.763314246563428,nan,nan
29.36,-83.76077270507812,-675.4924926757812,-5.017882823944092,-83.79909315613602,-675.2429505913528,-5.02040631007956,0.2524798543496763,0.010719316954672308,0.13631580072438668,3.552179587171082e-05,0.756455503349504,3.188070031927738,nan,0.026760771966426615,nan
29.37,-83.7532958984375,-675.4839477539062,-5.017882823944092,-83.79140578125816,-675.2345677479087,-5.020468143200375,0.2522883953644839,0.010729787039562932,0.13636014140517624,3.623297230852045e-05,0.7623228632227632,3.3814197831830635,nan,nan,nan
29.38,-83.74580383300781,-675.4754638671875,-5.017882823944092,-83.78363658123556,-675.2263087054048,-5.0239866538084845,0.2520850416435802,0.010740314896545547,0.1364045688208854,3.55006515200864e-05,1.6283282689605092,3.7943515483157064,nan,8.191867993864285,nan
29.39,-83.73829650878906,-675.4669189453125,-5.017882823944092,-83.77592719350413,-675.2179282802906,-5.024084510074329,0.2518945823375867,0.01075090188907295,0.13644908678885237,3.621159926415809e-05,1.6415271855008224,4.130889418693778,nan,nan,nan
29.400000000000002,-83.73078918457031,-675.4584350585938,-5.017882823944092,-83.77123200174853,-675.1991072548774,-5.025389510234251,0.26256976516865094,0.010754010076270921,0.1364059444763694,3.54592599256914e-05,2.2021440185536405,4.270914353182603,1.70244996942451,0.9814250004921239,nan
29.41,-83.72325897216797,-675.4498901367188,-5.017882823944092,-83.76350903804955,-675.1907060871339,-5.025501358075431,0.262401374662918,0.010764655328967521,0.13645030173175857,3.616913431489869e-05,2.2182381969092555,4.429774990590068,nan,nan,nan
29.42,-83.71572875976562,-675.44140625,-5.017882823944092,-83.75578621150396,-675.182287926027,-5.0250659018683255,0.26229468516689985,0.010775358684659368,0.1364947458279241,3.5440533490402204e-05,2.070395706511507,4.098556363643737,nan,0.20686516509954755,nan
29.43,-83.70818328857422,-675.432861328125,-5.017882823944092,-83.74804218135391,-675.1738890335334,-5.025174215860995,0.26212314872159914,0.01078612139460223,0.1365392801527645,3.615025598157449e-05,2.0857509011274438,4.3801943416326745,nan,nan,nan
29.44,-83.70062255859375,-675.4243774414062,-5.017882823944092,-83.74033172097681,-675.1654167626668,-5.022986465615266,0.2620372070310812,0.010796942522506018,0.1365839017074125,3.5422975382283616e-05,1.35132488433069,3.211042379223734,nan,3.6356500326905454,nan
29.45,-83.69306182861328,-675.4158325195312,-5.017882823944092,-83.73663819738182,-675.165227173815,-5.023092489316513,0.25441910272210505,0.010800087796222352,0.13654048530429225,3.6110303710487584e-05,1.2759746582269407,3.4714677708587494,5.155022560251218,nan,nan
29.46,-83.68548583984375,-675.4073486328125,-5.017882823944092,-83.72885760564044,-675.1568929018108,-5.02491807002637,0.25428070699003885,0.010810966539854222,0.13658494529211132,3.538516263893698e-05,1.9235140451304864,3.6628335074145104,nan,2.082712790065909,nan
29.47,-83.67790222167969,-675.3988037109375,-5.017882823944092,-83.72109945535743,-675.1485050476399,-5.025025224292561,0.2540992635343761,0.010821904855882209,0.13662949520413312,3.609379701569716e-05,1.9382107870926706,4.099092602639978,nan,nan,nan
29.48,-83.67030334472656,-675.3903198242188,-5.017882823944092,-83.713338006328,-675.1401072321395,-5.024775949986192,0.25397999630051055,0.010832901911338852,0.13667413242257795,3.536985682364238e-05,1.8685869944061846,3.5622888430522544,nan,0.08833580890411995,nan
29.490000000000002,-83.6626968383789,-675.3818359375,-5.017882823944092,-83.7055602903855,-675.131721348903,-5.024881706478677,0.25385737590953183,0.010843958803964413,0.13671885976346657,3.607843372212647e-05,1.8833047514638335,3.6071173465196535,nan,nan,nan
29.5,-83.65508270263672,-675.373291015625,-5.017882823944092,-83.69709371169363,-675.1273968582708,-5.026086897828312,0.24959200374052376,0.01084713550751398,0.13667516752570913,3.5334299913416826e-05,2.4140037357980124,4.688011531673685,1.7752317704312988,0.5695866824074853,nan
29.51,-83.6474609375,-675.3648071289062,-5.017882823944092,-83.68929637930182,-675.1190210380142,-5.026207257795141,0.24946002258011224,0.010858249293209554,0.13671973226310036,3.6041970603673025e-05,2.4321690153130158,4.2990282132958955,nan,nan,nan
29.52,-83.63982391357422,-675.3563232421875,-5.017882823944092,-83.68148008698027,-675.1106624749478,-5.026893828186978,0.24933039834941279,0.010869422132176884,0.1367643843653383,3.532112388543888e-05,2.808685484562943,4.588000090297611,nan,0.2214302145837632,nan
29.53,-83.6321792602539,-675.3477783203125,-5.017882823944092,-83.67366439021984,-675.102288838536,-5.027021737280926,0.2491377558865341,0.010880655027482908,0.13680912631214817,3.602879832753877e-05,2.8279442095079723,5.062431849782381,nan,nan,nan
29.54,-83.6245346069336,-675.3392944335938,-5.017882823944092,-83.66584569368594,-675.0939064117757,-5.026790995853501,0.24900048728304403,0.01089194728690484,0.13685395599077388,3.5308973320079964e-05,2.7576640386567672,4.6740800926005335,nan,0.08970221566838316,nan
29.55,-83.61686706542969,-675.330810546875,-5.017882823944092,-83.65818213698128,-675.1177701709789,-5.026872033267484,0.2171956325148191,0.010895151658244525,0.13680999165417473,3.5994520178648034e-05,2.5960144863560095,4.552413872513659,14.757269196989776,nan,nan
29.560000000000002,-83.60919952392578,-675.322265625,-5.017882823944092,-83.65038278365283,-675.1094214925481,-5.025752350428047,0.21693458702573382,0.010906500112083533,0.13685465786920253,3.527652991192814e-05,2.1060947366060687,4.772204206242883,nan,1.0788897084659024,nan
29.57,-83.60152435302734,-675.3137817382812,-5.017882823944092,-83.64255409771984,-675.1011069723329,-5.025867296216633,0.21674350698045755,0.010917908840683237,0.13689941366709826,3.598340852545464e-05,2.1219999031022825,4.197616381673632,nan,nan,nan
29.580000000000002,-83.59383392333984,-675.3052978515625,-5.017882823944092,-83.63469670603702,-675.092825853643,-5.027242664782787,0.2165680575019582,0.01092937723813775,0.1369442572303786,3.5266332203335794e-05,2.834158308138887,4.8318741470012405,nan,1.1027696027744132,nan
29.59,-83.58614349365234,-675.2968139648438,-5.017882823944092,-83.62685104492388,-675.0845134501994,-5.027372159017596,0.216376201854321,0.010940906179136964,0.13698919059540038,3.597328729858932e-05,2.8529430385731964,4.946806063091595,nan,nan,nan
29.6,-83.57843780517578,-675.288330078125,-5.017882823944092,-83.61566679121081,-675.077517834196,-5.026851761720313,0.21426208585845496,0.010944132712716657,0.13694495327171982,3.5235826797621704e-05,2.6457348229405335,4.868016697666378,1.5440430140517534,0.32922017076214893,nan
29.61,-83.57072448730469,-675.27978515625,-5.017882823944092,-83.60778908747184,-675.0692151035382,-5.026977169696109,0.21400055796480383,0.01095571708092781,0.13698972217364372,3.5942005201279344e-05,2.6635098666361157,5.543770161228589,nan,nan,nan
29.62,-83.56300354003906,-675.2713012695312,-5.017882823944092,-83.59991568401645,-675.060893293007,-5.026265919350188,0.21378563854158036,0.010967361415390018,0.13703457885920473,3.522745646860083e-05,2.3571986713788333,4.600660742621171,nan,0.489136348429551,nan
29.63,-83.5552749633789,-675.2628173828125,-5.017882823944092,-83.59202157962704,-675.0525924528106,-5.026385257351108,0.21358166207293697,0.010979066512505083,0.13707952510711668,3.593375904687684e-05,2.3739523697712666,4.621827897158006,nan,nan,nan
29.64,-83.54753875732422,-675.2543334960938,-5.017882823944092,-83.5841287554493,-675.0442781418999,-5.025874689036671,0.2133681084322523,0.010990831882873415,0.1371245594870747,3.5219963643912926e-05,2.1755018774885255,4.423494722407865,nan,0.27736010530303734,nan
29.650000000000002,-83.539794921875,-675.245849609375,-5.017882823944092,-83.57765628404348,-675.0526501795102,-5.025891073030703,0.19703713989691288,0.010994076523365325,0.13708005218084357,3.590433077886191e-05,2.0718195149167173,4.441997111154798,5.361832457735264,nan,nan
29.66,-83.53204345703125,-675.2373657226562,-5.017882823944092,-83.5697505552315,-675.0443880512075,-5.026407821394113,0.19681179465157647,0.01100589657004204,0.13712492123513392,3.5192099650199494e-05,2.350317752529789,4.732276460057519,nan,0.113287641015686,nan
29.67,-83.52428436279297,-675.2288818359375,-5.017882823944092,-83.5618427213733,-675.0361181272893,-5.026526814903296,0.19657872786937863,0.011017777597469894,0.13716987962576807,3.5897830099568624e-05,2.3662095681041304,4.751764346653004,nan,nan,nan
29.68,-83.51651763916016,-675.2203979492188,-5.017882823944092,-83.55391762459841,-675.0278638123448,-5.027333129423941,0.19636053841403645,0.01102971918689288,0.13721492614599123,3.51862578038488e-05,2.8225228308619186,5.215326306019378,nan,0.3289789353504643,nan
29.69,-83.50873565673828,-675.2119140625,-5.017882823944092,-83.5459943859257,-675.0195957867883,-5.0274611293808835,0.19612821318829565,0.011041722029546834,0.13726006223864542,3.58921665345148e-05,2.840012146074363,5.15198901084189,nan,nan,nan
29.7,-83.5009536743164,-675.203369140625,-5.017882823944092,-83.53555096886117,-675.021497790273,-5.027791919264247,0.18539781832252114,0.011044979394432965,0.13721528471943256,3.516001903322595e-05,3.049084332250821,6.548615144620935,1.3699638175348088,0.022388808304446645,nan
29.71,-83.4931640625,-675.1948852539062,-5.017882823944092,-83.52760764383243,-675.0132527932841,-5.027924123372378,0.18514194214404875,0.011057036102884834,0.13726025452029553,3.5865248467089876e-05,3.067280793888868,5.751571873831169,nan,nan,nan
29.72,-83.48536682128906,-675.1864013671875,-5.017882823944092,-83.51964810452935,-675.0050222126064,-5.028737517846996,0.18490924389248242,0.011069153655076635,0.13730531243564464,3.5155706395597024e-05,3.6070570553155594,6.290834178388025,nan,0.32372065061924654,nan
29.73,-83.47756958007812,-675.1779174804688,-5.017882823944092,-83.51169022777357,-674.996779168957,-5.028878533225807,0.1846515965787751,0.011081332678851802,0.13735045971573157,3.586115035445783e-05,3.626645390283006,6.388309313812479,nan,nan,nan
29.740000000000002,-83.46975708007812,-675.1694946289062,-5.017882823944092,-83.5037288193582,-674.9885316009678,-5.028735818100756,0.18444371508004556,0.011093572849887526,0.13739569544342584,3.5152126779119136e-05,3.6057264758866374,5.647847223919099,nan,0.05676018297254522,nan
29.75,-83.4619369506836,-675.1610107421875,-5.017882823944092,-83.49689409388542,-674.9640710583094,-5.028948667337349,0.20032397219714507,0.011096838641695968,0.13735065016271134,3.583576819799832e-05,3.7291696522843156,6.122931351235477,3.260256399490179,nan,nan
29.76,-83.45410919189453,-675.1525268554688,-5.017882823944092,-83.48891080066089,-674.9558002439949,-5.029046014112412,0.20009279959422518,0.011109131877436111,0.13739571873666676,3.512807492749096e-05,3.8593045734679836,6.239851984605395,nan,0.0014418746921500635,nan
29.77,-83.44628143310547,-675.14404296875,-5.017882823944092,-83.48092007593026,-674.9475312022748,-5.029189192343689,0.19986131167967935,0.011121486801794072,0.13744087647849484,3.5833112544349796e-05,3.879017197215016,6.337568982864391,nan,nan,nan
29.78,-83.43843841552734,-675.1355590820312,-5.017882823944092,-83.4729346457304,-674.9392453674573,-5.028308110556017,0.19959396541228666,0.01113390314702733,0.13748612263591853,3.512585714430317e-05,3.4054215897824314,5.76912692181605,nan,0.7369599917029559,nan
29.79,-83.43059539794922,-675.1270751953125,-5.017882823944092,-83.4649304304648,-674.9309783059398,-5.0284432241090595,0.19935999230323,0.011146381456672166,0.1375314582113591,3.583114783827181e-05,3.4233666133671345,5.8591786541744,nan,nan,nan
29.8,-83.42274475097656,-675.1185913085938,-5.017882823944092,-83.45932185361933,-674.9029143739026,-5.027719516358796,0.21897759043603032,0.011149650391181378,0.1374861454324043,3.510313623134389e-05,3.1404085157091304,5.198673806154891,4.340859491307878,0.48982408797696303,nan
29.810000000000002,-83.41488647460938,-675.110107421875,-5.017882823944092,-83.45130362281843,-674.8946117302877,-5.0278478228876144,0.2187782049938166,0.011162180912922669,0.1375313129178527,3.580781833363484e-05,3.156965134007334,5.201952617585578,nan,nan,nan
29.82,-83.40702056884766,-675.1016235351562,-5.017882823944092,-83.44329070027435,-674.8862932245606,-5.026915336155126,0.21855034058943335,0.011174773122539049,0.13757656877665106,3.5102166853124975e-05,2.7078838680969977,4.737757666567284,nan,0.7912748622037619,nan
29.830000000000002,-83.3991470336914,-675.0931396484375,-5.017882823944092,-83.43525974891324,-674.8779924777328,-5.027034923621647,0.21834879022201753,0.011187427513370783,0.13762191387128922,3.5807128854433225e-05,2.722682909240949,4.73493688117684,nan,nan,nan
29.84,-83.39127349853516,-675.084716796875,-5.017882823944092,-83.42724320160386,-674.8696634249416,-5.025230726356376,0.21816453421363396,0.011200143892524184,0.13766734766008076,3.510179548649048e-05,1.9217588944439103,3.536265976857336,nan,2.6003647252930606,nan
29.85,-83.38339233398438,-675.0762329101562,-5.017882823944092,-83.41366651797041,-674.8316385764489,-5.025330639473761,0.2465732837392081,0.011203411477052796,0.13762176942712603,3.578504194457863e-05,2.159854984928578,4.2229886413643785,20.191064066400333,nan,nan
29.86,-83.37550354003906,-675.0677490234375,-5.017882823944092,-83.40556837390062,-674.8233032782853,-5.025925269778879,0.24641894710666937,0.011216179219140901,0.13766703426734586,3.5080841307256326e-05,2.4542855889276174,4.496660126766013,nan,0.16955929022237426,nan
29.87,-83.36760711669922,-675.0592651367188,-5.017882823944092,-83.39746939423165,-674.8149617389302,-5.026034608506322,0.24625669002491546,0.011229009357601011,0.1377123881697739,3.5785515164875735e-05,2.4681790448748746,4.481164419232234,nan,nan,nan
29.88,-83.35970306396484,-675.05078125,-5.017882823944092,-83.38936362130048,-674.8066221807233,-5.0262323545515075,0.24609574241118465,0.011241901743814191,0.137757830710593,3.508156567532626e-05,2.599145804931474,4.592066277818716,nan,0.005363151382619468,nan
29.89,-83.35179901123047,-675.0423583984375,-5.017882823944092,-83.38125281085371,-674.7982823585531,-5.026344703573846,0.2459923636309616,0.011254856805089955,0.1378033625749875,3.578654534675426e-05,2.6139467036718926,4.337069060012167,nan,nan,nan
29.900000000000002,-83.34387969970703,-675.0338745117188,-5.017882823944092,-83.37036938671898,-674.8021834030308,-5.027774090569196,0.233410176553008,0.011258117832849652,0.13775751951177317,3.506167545088322e-05,3.36207893922881,5.566556063275733,1.900580361623682,1.2992988772780862,nan
29.91,-83.33596801757812,-675.025390625,-5.017882823944092,-83.36224190191562,-674.7938701917838,-5.027900929903939,0.23322176236758335,0.011271123363555284,0.13780288151804973,3.576609565673313e-05,3.3784958426300538,5.771670282625477,nan,nan,nan
29.92,-83.32804107666016,-675.0169677734375,-5.017882823944092,-83.3541079994843,-674.7855588127026,-5.028114247166326,0.23309713339098942,0.011284191395226484,0.1378483320988444,3.506339339389157e-05,3.5589544156708914,5.372762233787482,nan,0.00513373508985341,nan
29.93,-83.32011413574219,-675.0084838867188,-5.017882823944092,-83.34596924420329,-674.7772470872658,-5.028243972763864,0.2329083456204498,0.011297322316382771,0.13789387184106902,3.5768138697009505e-05,3.575520832961498,5.90028803329182,nan,nan,nan
29.94,-83.31217193603516,-675.0,-5.017882823944092,-83.33782269124394,-674.7689391983819,-5.028625351302578,0.23272829046173282,0.011310516036303796,0.1379395004689219,3.5065587660238136e-05,3.8657464014738343,6.0522115633732625,nan,0.044210176638921156,nan
29.95,-83.30423736572266,-674.9915161132812,-5.017882823944092,-83.33404616078484,-674.751856204383,-5.028793200510223,0.24175291624507184,0.011313765861718268,0.1378933943290973,3.574866989749566e-05,3.9052083166674842,5.969648180886023,2.1546606790334937,nan,nan
29.96,-83.2962875366211,-674.9830932617188,-5.017882823944092,-83.32590530724654,-674.7435265835783,-5.028962561777389,0.24164471068603854,0.011327009155989318,0.13793885224599245,3.5047088663875e-05,4.078974534704796,5.6025954428387985,nan,0.0008023910030269588,nan
29.97,-83.28833770751953,-674.974609375,-5.017882823944092,-83.31775966490737,-674.7351973002903,-5.029099362450732,0.24147381603268636,0.011340315552190977,0.1379843991687298,3.575162599667645e-05,4.095777324284002,6.076547976532533,nan,nan,nan
29.98,-83.28038024902344,-674.9661865234375,-5.017882823944092,-83.30962596579953,-674.7268466917901,-5.027161614511988,0.2412984934000804,0.011353684993369983,0.13803003490265794,3.50501418956331e-05,3.0339885271642855,4.5836476277147815,nan,3.0331052354743666,nan
29.990000000000002,-83.27241516113281,-674.9577026367188,-5.017882823944092,-83.30146998318621,-674.7185188491155,-5.027279707078693,0.24112521301063503,0.011367117817640526,0.13807575991253926,3.575502026676916e-05,3.0476877420054787,4.956173421583261,nan,nan,nan
30.0,-83.26445007324219,-674.94921875,-5.017882823944092,-83.2853141424268,-674.7027048270817,-5.0258469583972225,0.24752343528060067,0.011370351294575616,0.13802939157459176,3.503247217274254e-05,2.5630365479049564,4.864404044014517,9.970810807494447,1.4750555742861302,nan
