t,gt_x,gt_y,gt_z,est_x,est_y,est_z,err_norm,P_xx,P_yy,P_zz,nees_pos,nees_full,nis_dvl,nis_depth,nis_acoustic
0.01,219.97708129882812,-229.97702026367188,-4.976943492889404,218.90183296055744,-230.18118927360916,-5.465291700325023,1.1984690005495426,1.0002000001220002,1.0002000001220002,1.0002000001220002,1.4360407369556316,1.4747664434439582,nan,nan,nan
0.02,219.97544860839844,-229.97518920898438,-4.975301265716553,218.90230202895927,-230.18289081814166,-4.957528348635387,1.0932060263235313,1.0006000012120004,1.0006000012120004,0.0008991912131812085,1.5453567643982224,1.7291979145128968,nan,0.257198395007121,nan
0.03,219.97393798828125,-229.9732666015625,-4.973775386810303,218.90288719401264,-230.18451201614346,-4.956852756817631,1.0918153710636156,1.001200004238001,1.001200004238001,0.0010995118252531129,1.450802876406236,1.6966488337152048,nan,nan,nan
0.04,219.9725341796875,-229.9712677001953,-4.97236442565918,218.90358722278953,-230.18605366488038,-4.988175986920537,1.0904268030256112,1.002000010168002,1.002000010168002,0.0005624656081106611,1.6308891237975032,1.9420919432286916,nan,1.0844892246923319,nan
0.05,219.9712371826172,-229.96920776367188,-4.971066951751709,218.896908773294,-230.222610185676,-4.9850734593732104,1.1038978670204007,1.0009210094183945,1.0009210094183945,0.0006537127138570228,1.5173778952220554,8.128186330645716,0.8167394623246674,nan,nan
0.06,219.97006225585938,-229.96705627441406,-4.969882011413574,218.89633632197842,-230.231013592733,-4.969778959223245,1.1056947397914139,1.0012062473429266,1.0012062473429266,0.00043231587918665605,1.2211124777340971,7.824425109856807,nan,0.6076272626853915,nan
0.07,219.968994140625,-229.96482849121094,-4.968808650970459,218.89587499893946,-230.2393396043151,-4.969294986288217,1.1076738147991172,1.00152516620639,1.00152516620639,0.0005964306937173778,1.2254691666238684,7.823677341361193,nan,nan,nan
0.08,219.96803283691406,-229.9625244140625,-4.967845439910889,218.89552359230734,-230.24758917882028,-4.960713548650381,1.1097697345603896,1.001877766976785,1.001877766976785,0.00042086504733437533,1.3500853336857979,7.943128809948617,nan,0.18229099750431815,nan
0.09,219.96719360351562,-229.96014404296875,-4.966991424560547,218.8952810363093,-230.25576311377657,-4.959885032392879,1.1119521966207644,1.0022640506221119,1.0022640506221119,0.0005921963012601953,1.3188714115375182,7.912177009002308,nan,nan,nan
0.1,219.96644592285156,-229.9576873779297,-4.966244697570801,218.88861454407999,-230.2207394353631,-4.954847212904188,1.1095254700282084,1.0019194355704708,1.0019194355704708,0.0003930998784535813,1.5590158543456305,5.720179077954266,2.5540384153849285,0.011248684071199052,nan
0.11,219.9658203125,-229.95516967773438,-4.96560525894165,218.88793317839685,-230.22445153000476,-4.953559279578915,1.1110798780673143,1.0022125063897773,1.0022125063897773,0.000538219517512615,1.5012314454115334,5.641439930474139,nan,nan,nan
0.12,219.9652862548828,-229.9525604248047,-4.965071678161621,218.88735735329325,-230.22809044581868,-4.946242045022144,1.1127452828236166,1.0025239678558553,1.0025239678558553,0.00039309787743350836,2.1366822417379936,6.299299205516488,nan,0.12353538564407816,nan
0.13,219.96485900878906,-229.94989013671875,-4.96464204788208,218.88688619017293,-230.23165693118287,-4.944872988087726,1.1143647247929855,1.0028538209367048,1.0028538209367048,0.0005374463045156113,1.9650568883295696,6.109690821486716,nan,nan,nan
0.14,219.96453857421875,-229.9471435546875,-4.964316368103027,218.88651866089745,-230.23515148716973,-4.940127372016646,1.1160916674814918,1.003202066600326,1.003202066600326,0.0003921609461373206,2.7331100832931954,6.880858794968717,nan,0.0400255227626582,nan
0.15,219.9643096923828,-229.9443359375,-4.96409273147583,218.87681490928986,-230.2388546151027,-4.939859250820448,1.1269309722853027,1.00292275696796,1.00292275696796,0.0005122342993985896,2.4121574988681074,8.516061936873527,0.18825764390922028,nan,nan
0.16,219.9641876220703,-229.9414520263672,-4.96397066116333,218.87602188649615,-230.24222638623613,-4.948331793240848,1.1290768166170673,1.0032187661837235,1.0032187661837235,0.00037876786632366386,1.9161904800108847,8.028408922118043,nan,0.3230935819042913,nan
0.17,219.96417236328125,-229.93849182128906,-4.963948726654053,218.87532929739774,-230.24552843923516,-4.947810312161024,1.131419973000621,1.0035274257281714,1.0035274257281714,0.0005098841848685144,1.7861511751257908,7.908445094088932,nan,nan,nan
0.18,219.96424865722656,-229.9354705810547,-4.96402645111084,218.8747361073832,-230.2487617278516,-4.954934148121672,1.1336982000961058,1.003848736569304,1.003848736569304,0.0003772555677006615,1.4993967478075003,7.601248245601814,nan,0.20906822464405914,nan
0.19,219.9644317626953,-229.93238830566406,-4.964201927185059,218.87424125683688,-230.2519271042411,-4.954868013324927,1.1360930880908784,1.0041826996751215,1.0041826996751215,0.0005066933616032682,1.457186744603073,7.542503861562107,nan,nan,nan
0.2,219.96470642089844,-229.92922973632812,-4.964474678039551,218.8768761891924,-230.20597093665288,-4.95051091743486,1.1225663862690025,1.0039274790871762,1.0039274790871762,0.0003693467024991362,1.782954171831166,4.727779679655076,4.019644400032922,0.08653080438027862,nan
0.21,219.96507263183594,-229.92601013183594,-4.964843273162842,218.87672664295076,-230.20654851025566,-4.950573528106135,1.124011743227272,1.0042250261906136,1.0042250261906136,0.0004928233181265843,1.6710659762716866,4.604631152014891,nan,nan,nan
0.22,219.9655303955078,-229.9227294921875,-4.965307235717773,218.876672338214,-230.20706042180223,-4.980962195236411,1.1254781313853877,1.0045322159295231,1.0045322159295231,0.0003679863042851313,1.9267389448869423,4.850168838800393,nan,3.590226353988438,nan
0.23,219.96609497070312,-229.91937255859375,-4.965865612030029,218.87671241559644,-230.20750743363303,-4.982013270615138,1.1269590961798222,1.004849049271905,1.004849049271905,0.000490309495759817,1.795449150692055,4.735787470601215,nan,nan,nan
0.24,219.96673583984375,-229.91595458984375,-4.966516971588135,218.87684330520008,-230.2078901977096,-4.972052672271594,1.1283274259690979,1.0051755271857599,1.0051755271857599,0.0003665783385598191,1.3501317728526663,4.280987919826341,nan,0.4896313343572498,nan
0.25,219.96742248535156,-229.9124755859375,-4.967260360717773,218.85894289003545,-230.20086451531236,-4.972590339235596,1.1453923329973665,1.0049327942064132,1.0049327942064132,0.0004815470569767363,1.364450233383899,4.726171077837795,0.6872627537605748,nan,nan
0.26,219.96810913085938,-229.908935546875,-4.968094825744629,218.85843584800793,-230.20082712134115,-4.965185948719648,1.1474249201948594,1.0052312862867367,1.0052312862867367,0.0003618262899390521,1.3331096573813648,4.68150304220959,nan,0.28724629557206216,nan
0.27,219.9687957763672,-229.90533447265625,-4.969000339508057,218.85793381717832,-230.20072783405283,-4.966043430505841,1.149469561859271,1.00553757017778,1.00553757017778,0.00047969231582258536,1.3322221042964737,4.675837771123057,nan,nan,nan
0.28,219.969482421875,-229.90167236328125,-4.969931602478027,218.85742723366846,-230.20056733992007,-4.953157370326962,1.1516450510210434,1.0058516468475431,1.0058516468475431,0.0003607966517989783,2.0981618282254453,5.441492087594664,nan,0.7880536270379718,nan
0.29,219.97015380859375,-229.89794921875,-4.970867156982422,218.85691151427233,-230.2003463182689,-4.953795832078252,1.1537087335187608,1.0061735172640265,1.0061735172640265,0.0004779132858010276,1.9323844918838096,5.2698911030674305,nan,nan,nan
0.3,219.9708251953125,-229.8941650390625,-4.971795082092285,218.86383412874042,-230.18903516679592,-4.9712064537695175,1.14559065995809,1.0059384155041708,1.0059384155041708,0.00035753539023136255,1.3055992657548692,4.43083862801881,0.3175010945599909,1.2160204202181024,nan
0.31,219.97146606445312,-229.89031982421875,-4.972710132598877,218.86354351742025,-230.1883268744067,-4.9721117032129785,1.1473015864641938,1.0062375464279563,1.0062375464279563,0.00047238798048316,1.308899082926307,4.424313404686493,nan,nan,nan
0.32,219.97210693359375,-229.88641357421875,-4.973609447479248,218.86324041188473,-230.187559842099,-4.988319529548853,1.1491259391989015,1.0065432156566712,1.0065432156566712,0.00035677733663031636,1.9181943287529164,5.040965088637183,nan,1.0010277777576053,nan
0.33,219.9727325439453,-229.88246154785156,-4.97449254989624,218.86292456156707,-230.18673481510376,-4.989464533461904,1.1508606080697543,1.006855424158316,1.006855424158316,0.00047109715233920757,1.7910654933901893,4.886130686313978,nan,nan,nan
0.34,219.9733428955078,-229.87844848632812,-4.975358963012695,218.86259581012655,-230.18585249168342,-4.961617143330544,1.1525819484095807,1.007174172900891,1.007174172900891,0.00035606067954097346,1.8491473685330901,4.946555339220801,nan,3.6024457487538784,nan
0.35000000000000003,219.97393798828125,-229.87437438964844,-4.976207733154297,218.84514803779967,-230.13069074276507,-4.961620398854151,1.1576172145857158,1.0069442154485562,1.0069442154485562,0.00046711636312508784,1.786164967427555,3.2577143131441804,5.961434230700571,nan,nan
0.36,219.9745330810547,-229.87025451660156,-4.9770402908325195,218.84430503925242,-230.1281439873931,-4.983740151429075,1.159296033700339,1.0072438065944689,1.0072438065944689,0.00035384995683708357,1.4611137047512168,2.9292520628141743,nan,2.04535995275315,nan
0.37,219.97511291503906,-229.86605834960938,-4.977856159210205,218.84345010753862,-230.1255418616456,-4.98451722505283,1.161049857971914,1.0075490310617923,1.0075490310617923,0.0004661516722330198,1.4330757892435495,2.9164537666277,nan,nan,nan
0.38,219.97567749023438,-229.86183166503906,-4.978655815124512,218.84258350152945,-230.1228849116859,-4.999368261213366,1.1629616460774117,1.007859889818527,1.007859889818527,0.00035331107555567015,2.5557494711708606,4.005293468233169,nan,0.869379796326258,nan
0.39,219.97622680664062,-229.8575439453125,-4.9794392585754395,218.84170550659633,-230.12017379280746,-5.00032180129317,1.1647098770250857,1.0081763838326727,1.0081763838326727,0.00046524171131727583,2.282435335108544,3.7315013773983123,nan,nan,nan
0.4,219.9767608642578,-229.8531951904297,-4.980207443237305,218.85262863706598,-230.0930441759677,-4.968249900408295,1.1494971869932502,1.0079501286991006,1.0079501286991006,0.0003516348819014556,1.7174029307122258,2.503827991815185,1.3467206061913601,4.781536028763131,nan
0.41000000000000003,219.977294921875,-229.8488006591797,-4.980959892272949,218.85202464823993,-230.08961582406732,-4.968703254806818,1.150815083985509,1.0082500667759717,1.0082500667759717,0.0004624160251938803,1.6382597273992894,2.4253550047920474,nan,nan,nan
0.42,219.97781372070312,-229.84434509277344,-4.9816975593566895,218.85140990541422,-230.0861351627224,-4.981004540489605,1.152062703718199,1.0085549542434993,1.0085549542434993,0.0003512178997743452,1.3173572171926142,2.1040346624036563,nan,0.6260045681140924,nan
0.43,219.97833251953125,-229.83984375,-4.982419967651367,218.85078472750354,-230.08260270915522,-4.981583969343132,1.153384859641338,1.0088647920696834,1.0088647920696834,0.00046171346295847255,1.3201204553913073,2.1076678695264732,nan,nan,nan
0.44,219.97882080078125,-229.83529663085938,-4.983128547668457,218.85014924279193,-230.07901902407264,-4.989208262114164,1.1547021493421505,1.0091795812225244,1.0091795812225244,0.00035082267871703834,1.426532995990784,2.1904303334897053,nan,0.22230612551651774,nan
0.45,219.97930908203125,-229.83070373535156,-4.983822822570801,218.8556381093766,-230.066531222145,-4.990309091959898,1.1481694692006665,1.0089561183162628,1.0089561183162628,0.00045950149785461524,1.3981088667842292,1.992404394545255,0.3497219182835972,nan,nan
0.46,219.97979736328125,-229.8260498046875,-4.984503269195557,218.85511929176334,-230.06264958198824,-5.007965478711796,1.1495349905276389,1.0092563269665018,1.0092563269665018,0.00034957443388199415,2.8834670397983153,3.4905425371152643,nan,1.2898110552430648,nan
0.47000000000000003,219.98025512695312,-229.82135009765625,-4.985169887542725,218.85459086399263,-230.05871842739776,-5.008884359797956,1.1506633447994343,1.0095609500663238,1.0095609500663238,0.00045894459156078075,2.5362984084094675,3.1216211549130484,nan,nan,nan
0.48,219.98072814941406,-229.8166046142578,-4.985823154449463,218.85405301618837,-230.05473830961517,-4.979370823816726,1.1515841893948835,1.0098699885837292,1.0098699885837292,0.00034925957010334874,1.4323461743864052,2.0331381355883282,nan,4.177990446968164,nan
0.49,219.98117065429688,-229.81179809570312,-4.98646354675293,218.85350572939404,-230.0507099946913,-4.979918082534392,1.1527141542620505,1.0101834434867178,1.0101834434867178,0.0004584146162367255,1.40877195019139,1.9989258704778878,nan,nan,nan
0.5,219.9816131591797,-229.8069610595703,-4.987091064453125,218.83036791169567,-230.05873144412374,-4.961659987668454,1.178728419127635,1.0099621618428198,1.0099621618428198,0.00034825127553137544,3.2321618040224562,4.604264528310912,1.2613624568011574,1.6565595035111986,nan
0.51,219.9820556640625,-229.80206298828125,-4.987706184387207,218.82934907552055,-230.05485102912593,-4.96203588573268,1.1803784296127722,1.0102625871623085,1.0102625871623085,0.0004567158014179405,2.8213195564868245,4.215187633314962,nan,nan,nan
0.52,219.9824676513672,-229.79713439941406,-4.988308906555176,218.82832161913095,-230.05092399440588,-4.963747308253468,1.1819752511638737,1.0105669971699776,1.0105669971699776,0.00034799502931066233,3.1154254211503045,4.460431252752963,nan,0.008268595378971228,nan
0.53,219.98289489746094,-229.79214477539062,-4.988899230957031,218.8272856235251,-230.04695080123497,-4.964114671895517,1.1836271284407704,1.010875392833827,1.010875392833827,0.0004562847541619183,2.7315455261781283,4.119475502295803,nan,nan,nan
0.54,219.98329162597656,-229.78712463378906,-4.98947811126709,218.8262410397781,-230.0429319122913,-4.98704701882656,1.1849933894192768,1.011187775121857,1.011187775121857,0.00034775000616089164,1.4056628975425536,2.7458251653253662,nan,2.3275244632870065,nan
0.55,219.9836883544922,-229.78204345703125,-4.990045547485352,218.82624959498196,-230.0084317941631,-4.987974179133389,1.17937290615511,1.010968244839992,1.010968244839992,0.0004548841863860854,1.3852579854178444,2.4580649153743725,1.8561077914332276,nan,nan
0.56,219.9840850830078,-229.7769317626953,-4.990601539611816,218.82520802673315,-230.00376736852343,-5.000500753145094,1.1809099957489608,1.011268847360868,1.011268847360868,0.0003469515145909037,1.6613558368988355,2.736459996325645,nan,0.6485245914345065,nan
0.5700000000000001,219.98446655273438,-229.7717742919922,-4.991146564483643,218.82415875647493,-229.99905910042352,-5.001249043690729,1.182402057800243,1.0115730818210922,1.0115730818210922,0.00045452722979223324,1.6065200046763073,2.667585624042835,nan,nan,nan
0.58,219.98484802246094,-229.76657104492188,-4.991680145263672,218.82310194708376,-229.99430732172124,-5.009885238217637,1.1839971202812027,1.0118809491886647,1.0118809491886647,0.0003467479325394774,2.34087267837908,3.41103669242447,nan,0.2870237878141629,nan
0.59,219.98521423339844,-229.76132202148438,-4.992203712463379,218.82203761574732,-229.9895124279738,-5.010687517507629,1.1854924531657807,1.0121924504315856,1.0121924504315856,0.00045418476909795286,2.1403552549306797,3.1967453849616945,nan,nan,nan
0.6,219.98558044433594,-229.7560272216797,-4.992716312408447,218.82301684144025,-229.98451102923514,-4.9819177751984975,1.184852560236383,1.0119743576018685,1.0119743576018685,0.0003460760821666592,1.7240931888837578,2.8462404074213135,0.008881439430179766,4.032515767543793,nan
0.61,219.98593139648438,-229.75070190429688,-4.993218898773193,218.82197225568697,-229.97962888827954,-4.982435708372025,1.1863071788691377,1.0122751075603786,1.0122751075603786,0.0004530527831229489,1.6467969201951242,2.7477549997134565,nan,nan,nan
0.62,219.9862823486328,-229.74533081054688,-4.993711471557617,218.82092048449243,-229.97470521631547,-4.986020961126368,1.1877457793505857,1.0125791947880722,1.0125791947880722,0.00034590444514273546,1.564139604542028,2.674834033928295,nan,0.04383194162563314,nan
0.63,219.9866180419922,-229.7399139404297,-4.994194030761719,218.8198617207969,-229.96974048330767,-4.986547337991134,1.1892010026781639,1.0128866202529496,1.0128866202529496,0.00045276419305261906,1.5252932021881351,2.622321267374318,nan,nan,nan
0.64,219.98695373535156,-229.73446655273438,-4.994667053222656,218.81879620011617,-229.96473523291903,-4.983876548698169,1.190685570244767,1.013197384923011,1.013197384923011,0.00034573922617859204,1.7359216878844594,2.835042643488482,nan,0.04713993948976211,nan
0.65,219.98727416992188,-229.72897338867188,-4.995131015777588,218.80142834918078,-229.90208378124393,-4.9846153849323365,1.1984607198726382,1.012980493362996,1.012980493362996,0.0004517985326116355,1.6625456282566482,3.37443914849133,6.84540677876381,nan,nan
0.66,219.9875946044922,-229.7234344482422,-4.995584964752197,218.80009711645542,-229.8961066222908,-4.994941659605342,1.1999859905956498,1.0132813677594898,1.0132813677594898,0.0003451848812589422,1.4222908175225795,3.1398027047013484,nan,0.4465932098622955,nan
0.67,219.98789978027344,-229.71786499023438,-4.996030330657959,218.79875946143684,-229.8900902307886,-4.9955450568777415,1.20154753000345,1.013585329636203,1.013585329636203,0.0004515522959467156,1.4248872666405097,3.1259010946339525,nan,nan,nan
0.68,219.98822021484375,-229.71224975585938,-4.996466636657715,218.79741554358537,-229.88403508295158,-4.99522249217651,1.203132374924072,1.0138923799611357,1.0138923799611357,0.00034504360264197225,1.4321780116281781,3.1679039020984088,nan,0.003929332960603685,nan
0.6900000000000001,219.98851013183594,-229.70660400390625,-4.996894359588623,218.79606544441634,-229.877941829141,-4.9958031498100315,1.2046917338681185,1.0142025197022881,1.0142025197022881,0.00045131470742737864,1.4335961548603477,3.12135766419815,nan,nan,nan
0.7000000000000001,219.9888153076172,-229.700927734375,-4.997313499450684,218.83694271091764,-229.84055353456228,-5.001824939458551,1.1603129733809927,1.0139866472631887,1.0139866472631887,0.0003445639895869354,1.3868043960682888,2.679968541869146,5.283951941783929,0.12671460191680567,nan
0.71,219.98910522460938,-229.69520568847656,-4.9977240562438965,218.83618814709288,-229.83393557899248,-5.002475296195898,1.1612434475306235,1.0142876279571433,1.0142876279571433,0.0004505065424749893,1.379577478606493,2.6471356984378858,nan,nan,nan
0.72,219.9893798828125,-229.68943786621094,-4.998126983642578,218.83542756891805,-229.82728086823934,-5.022745512610167,1.1624167531135667,1.0145914817430066,1.0145914817430066,0.0003444419249894676,3.0907593578765544,4.331542118320031,nan,1.803925955685713,nan
0.73,219.98965454101562,-229.6836395263672,-4.998521327972412,218.83466130679588,-229.8205898966608,-5.023526456140302,1.1633529264379057,1.0148982095887789,1.0148982095887789,0.0004503013699032491,2.721435680285813,3.9744922588756726,nan,nan,nan
0.74,219.98992919921875,-229.6778106689453,-4.998908042907715,218.83388966227147,-229.81386306015094,-4.985088568240763,1.1640999278490274,1.01520781246246,1.01520781246246,0.0003443238761842804,1.8892867551473103,3.1535997828550144,nan,7.206463919506673,nan
0.75,219.99020385742188,-229.6719512939453,-4.999286651611328,218.83707021052942,-229.84908336939233,-4.985520682710334,1.1667401088706293,1.0149928157208987,1.0149928157208987,0.00044959523400519457,1.7624822555081412,2.5061838828110266,3.3758363115990275,nan,nan
0.76,219.99046325683594,-229.66604614257812,-4.999658107757568,218.8363412142749,-229.84285021940963,-4.9746550546112305,1.1678538107897396,1.0152938881524762,1.0152938881524762,0.0003439165169620762,3.160467331511888,3.882984174280203,nan,0.6033574260797301,nan
0.77,219.99070739746094,-229.6601104736328,-5.000021934509277,218.83560698803544,-229.83658230132383,-4.975032643882862,1.168770176925121,1.0155976477022088,1.0155976477022088,0.0004494164523585303,2.733930407022386,3.4436988736919236,nan,nan,nan
0.78,219.990966796875,-229.65414428710938,-5.000378608703613,218.83486766894416,-229.8302801526914,-4.994471525932015,1.1694545439535702,1.015904095338097,1.015904095338097,0.00034381350447979826,1.4476692566666927,2.1839689194087586,nan,1.7106764145311868,nan
0.79,219.9912109375,-229.64813232421875,-5.000728130340576,218.83412335834532,-229.8239440186066,-4.994967542845694,1.1703822461426192,1.0162132320281407,1.0162132320281407,0.00044924326026721197,1.4217747400339764,2.1361184849409716,nan,nan,nan
0.8,219.991455078125,-229.64210510253906,-5.001070499420166,218.84171410181432,-229.8362966920597,-4.9975593568685595,1.1660304516479878,1.0159989960386377,1.0159989960386377,0.00034345387971500046,1.374099302215956,1.9626072233982044,0.9685963380842809,0.014645881436021175,nan
0.81,219.99168395996094,-229.6360321044922,-5.001406192779541,218.8410653684163,-229.8301299987683,-4.9981186946924545,1.1668795753693877,1.016300148344762,1.016300148344762,0.0004486372178477997,1.363848807513067,1.9347570444244357,nan,nan,nan
0.8200000000000001,219.99191284179688,-229.6299285888672,-5.001735210418701,218.84041190328495,-229.8239305393091,-5.0102368552414696,1.1677600122173262,1.0166038249484264,1.0166038249484264,0.0003433632940528341,1.5518200982825021,2.127121457982155,nan,0.6314278771429552,nan
0.8300000000000001,219.9921417236328,-229.62379455566406,-5.0020575523376465,218.83975376990065,-229.81769864398268,-5.010859901290685,1.1686206710138058,1.0169100268176312,1.0169100268176312,0.0004484850063665941,1.5156509129358167,2.0953755349046,nan,nan,nan
0.84,219.99237060546875,-229.61761474609375,-5.002373695373535,218.83909114196928,-229.81143473460668,-5.003830378352485,1.169453646281923,1.0172187549203766,1.0172187549203766,0.00034327539957692833,1.3506510240599967,1.9308050732161155,nan,0.2762760635734432,nan
0.85,219.99258422851562,-229.61141967773438,-5.002683162689209,218.84911885669032,-229.75024348062954,-5.00439831433668,1.151862859267118,1.0170051861460192,1.0170051861460192,0.00044794601228561996,1.3111673235218444,2.2750112362540595,5.960035064389982,nan,nan
0.86,219.9927978515625,-229.60519409179688,-5.002986431121826,218.84857436054568,-229.74326395557497,-4.996748550904599,1.1525404963939525,1.017306408533371,1.017306408533371,0.00034296331572257997,1.419169192955303,2.386756985241183,nan,0.319085004937055,nan
0.87,219.99301147460938,-229.59893798828125,-5.003283977508545,218.84802547948962,-229.73625359983313,-4.997251339098757,1.1532063557414276,1.0176100115127578,1.0176100115127578,0.00044781132528381,1.3881031143346347,2.3588056115713916,nan,nan,nan
0.88,219.9932098388672,-229.59263610839844,-5.003575325012207,218.84747245309552,-229.72921249850006,-4.981460017736192,1.1540608104879042,1.0179159960521798,1.0179159960521798,0.00034288546813706304,2.734319693030833,3.6719716038554084,nan,1.2573081844135865,nan
0.89,219.993408203125,-229.58631896972656,-5.003860950469971,218.8469154047916,-229.72214106655673,-4.981853916409222,1.154719744425405,1.0182243631196368,1.0182243631196368,0.00044768047725075714,2.390856687196516,3.3506146042712595,nan,nan,nan
0.9,219.9936065673828,-229.57997131347656,-5.004140853881836,218.8471713070603,-229.72662875252365,-4.993833721797812,1.1558237095294328,1.0180113844275043,1.0180113844275043,0.00034260571592230533,1.6222731187741666,2.420664395434978,0.4848726346206747,0.6768032248381487,nan
0.91,219.99380493164062,-229.57359313964844,-5.004415512084961,218.84661551184416,-229.71962816220957,-4.994222856232003,1.156491972709154,1.0183126687177453,1.0183126687177453,0.00044720898757302265,1.545627426998842,2.3456677462479645,nan,nan,nan
0.92,219.99398803710938,-229.5671844482422,-5.004683971405029,218.84605606131802,-229.71259828077532,-4.993919264379954,1.1571555135994243,1.0186162058589379,1.0186162058589379,0.000342536355377973,1.6527201227902648,2.436863330664176,nan,0.002250120483745612,nan
0.93,219.99417114257812,-229.5607452392578,-5.004947662353516,218.8454929802059,-229.70553956705152,-4.994295455636882,1.1578170786354756,1.0189219968190821,1.0189219968190821,0.0004470924812308589,1.569328646315302,2.353837512966489,nan,nan,nan
0.9400000000000001,219.99435424804688,-229.5542755126953,-5.0052056312561035,218.84492617008829,-229.69845238372642,-4.995698741079479,1.1584741073933105,1.0192300425661787,1.0192300425661787,0.00034246889604084554,1.580562575037736,2.365752035536248,nan,0.005057085060682713,nan
0.9500000000000001,219.99453735351562,-229.54779052734375,-5.005458831787109,218.8813276758687,-229.68908650090964,-4.996283868372671,1.1221784699887762,1.0190175896039666,1.0190175896039666,0.00044666739915774216,1.4241625711750947,2.0083590247624246,2.76834272233502,nan,nan
0.96,219.9947052001953,-229.541259765625,-5.005706787109375,218.88114837271246,-229.68191936456944,-4.996075991471121,1.1224467395086113,1.0193189288973783,1.0193189288973783,0.00034222206354817995,1.506946685221326,2.0624513555412745,nan,0.0018646701092777797,nan
0.97,219.994873046875,-229.5347137451172,-5.005949974060059,218.8809653742396,-229.67472477458466,-4.996486249156257,1.1227123200613878,1.0196224067706854,1.0196224067706854,0.0004465631064409739,1.4366960400755209,2.0085728817355535,nan,nan,nan
0.98,219.9950408935547,-229.52813720703125,-5.00618839263916,218.88077909703964,-229.6675030598046,-5.008891390399738,1.1229467922787297,1.0199280241918878,1.0199280241918878,0.00034216164211995763,1.257716958887213,1.826191583615147,nan,0.6859877249805792,nan
0.99,219.99520874023438,-229.52154541015625,-5.0064215660095215,218.8805896284215,-229.66025470929725,-5.0093597550216815,1.1232206671181775,1.0202357821289856,1.0202357821289856,0.0004464615779017087,1.2559290041775932,1.8402983162169066,nan,nan,nan
1.0,219.99537658691406,-229.51490783691406,-5.006650447845459,218.89906306205967,-229.6247357868049,-5.015794703130878,1.1018389813219618,1.0200238006494327,1.0200238006494327,0.00034193771897979145,1.4346743754164382,2.3996883029710006,2.2444978574325605,0.17843329325948445,nan
1.01,219.9955291748047,-229.5082550048828,-5.0068745613098145,218.8990566074026,-229.61714807054804,-5.016261075822958,1.1019064830873826,1.0203251890718041,1.0203251890718041,0.00044608414187338275,1.3874356442388631,2.3712910809661025,nan,nan,nan
1.02,219.9956817626953,-229.5015869140625,-5.007094383239746,218.89904692354247,-229.60953459283584,-5.002469277572169,1.101944673474475,1.0206286132725102,1.0206286132725102,0.0003418833434018035,1.2522883181893998,2.255985907710124,nan,0.9702433111459104,nan
1.03,219.99583435058594,-229.494873046875,-5.007309913635254,218.8990342281107,-229.60189571414534,-5.002853984060661,1.1020182463460901,1.0209340742195505,1.0209340742195505,0.00044599284037363736,1.2340421446702854,2.198631537900269,nan,nan,nan
1.04,219.99598693847656,-229.48814392089844,-5.00752067565918,218.8990184975404,-229.59423175940157,-5.013367228207308,1.102101888241231,1.0212415728809257,1.0212415728809257,0.00034183036813629033,1.289328609887769,2.272994143124324,nan,0.49037696127917907,nan
1.05,219.99612426757812,-229.4813995361328,-5.00772762298584,218.92309283782552,-229.58994580307476,-5.013913778195135,1.0785253867295945,1.0210300167313848,1.0210300167313848,0.00044564885289833235,1.225092363498721,2.2618269991755486,1.1888839884189157,nan,nan
1.06,219.99627685546875,-229.474609375,-5.007930278778076,218.9233047259732,-229.5822652777768,-5.009299218652993,1.0783602635823022,1.0213314492405885,1.0213314492405885,0.00034163016711680964,1.1440570552041989,2.133873102953311,nan,0.12291690617433378,nan
1.07,219.9964141845703,-229.4678192138672,-5.008129119873047,218.92351385793503,-229.57456047601292,-5.009725062757513,1.0781981983718207,1.0216348245729303,1.0216348245729303,0.00044556639264832645,1.1436071367954483,2.184632510028898,nan,nan,nan
1.08,219.99655151367188,-229.4609832763672,-5.008323669433594,218.92372020209783,-229.5668317187452,-5.009180893793129,1.0780406535382359,1.0219401436964104,1.0219401436964104,0.00034158230867585874,1.1393714061519415,2.1377302058170047,nan,0.004476507053287774,nan
1.09,219.99667358398438,-229.45413208007812,-5.008514404296875,218.9239236516732,-229.5590792608915,-5.009596139745532,1.0778717447757433,1.022247407579029,1.022247407579029,0.000445485999332303,1.1391483527035868,2.158462521965481,nan,nan,nan
1.1,219.99681091308594,-229.447265625,-5.008701324462891,218.93335359493545,-229.5748814988013,-5.02361816244502,1.0711908283911276,1.0220362371671943,1.0220362371671943,0.0003413989317077841,1.7742573127893118,2.524296777667009,1.2961381614884462,0.8681328992911567,nan
1.11,219.9969482421875,-229.44036865234375,-5.008884906768799,218.9336374254567,-229.56730107492615,-5.024120769682077,1.0709686570568024,1.02233770940332,1.02233770940332,0.0004451768734368008,1.6431224482335884,2.380158941714879,nan,nan,nan
1.12,219.9970703125,-229.43344116210938,-5.009064197540283,218.93391864196377,-229.5596978779804,-5.011326895273948,1.0706247487647313,1.0226410400230317,1.0226410400230317,0.00034135552691591606,1.1358533538341296,1.8689925133113503,nan,0.8472559732663258,nan
1.1300000000000001,219.9971923828125,-229.426513671875,-5.00924015045166,218.93419733639303,-229.552072248162,-5.0117607615518045,1.0703876766255656,1.0229462299943297,1.0229462299943297,0.00044510402272313234,1.1342972639072364,1.9012714634500487,nan,nan,nan
1.1400000000000001,219.997314453125,-229.41954040527344,-5.00941276550293,218.93447371012888,-229.54442460440666,-5.01282340051633,1.070157997959589,1.0232532802852143,1.0232532802852143,0.0003413131889950674,1.1532828038522054,1.8825102538288805,nan,0.0019100336673350251,nan
1.1500000000000001,219.9974365234375,-229.4125518798828,-5.009582042694092,218.95267619499006,-229.54999670204094,-5.013171833756391,1.053768527540821,1.0230424613918228,1.0230424613918228,0.00044481980101441837,1.1143752069845876,1.8098399718966263,0.9887279119246959,nan,nan
1.16,219.99754333496094,-229.40554809570312,-5.009747505187988,218.9531069072297,-229.5424230463894,-5.017372760626652,1.0533946782748806,1.023343969559607,1.023343969559607,0.0003411474612580444,1.2547091006302773,1.972753614922427,nan,0.06898854913416855,nan
1.17,219.99766540527344,-229.39852905273438,-5.0099101066589355,218.9535354284015,-229.5348278770366,-5.0177985199027395,1.0530180459860505,1.0236472590857466,1.0236472590857466,0.0004447535484397101,1.2230843437751826,1.933531889635609,nan,nan,nan
1.18,219.99777221679688,-229.3914794921875,-5.010068893432617,218.95396172795355,-229.52721156312163,-5.024457856531209,1.052696810082775,1.023952330938242,1.023952330938242,0.0003411089566680345,1.6890141185715422,2.400070148044028,nan,0.186785064372984,nan
1.19,219.9978790283203,-229.3843994140625,-5.010225296020508,218.9543858211097,-229.5195744533681,-5.024907540258815,1.0523145599305583,1.0242591860850931,1.0242591860850931,0.00044468889003577316,1.5656899782168077,2.2620509081546603,nan,nan,nan
1.2,219.99798583984375,-229.3773193359375,-5.010377883911133,218.91981309559503,-229.50076949988713,-5.024226112885017,1.0853055711944515,1.02404868893353,1.02404868893353,0.00034095594834205575,1.7124975997418268,2.412410216234182,2.601012632375341,0.0058262544946853945,nan
1.21,219.9980926513672,-229.3701934814453,-5.010527610778809,218.91993460228275,-229.49299654610698,-5.024661496902488,1.0852212393022966,1.024350229709075,1.024350229709075,0.0004444309300074844,1.59900325702346,2.2572214793281096,nan,nan,nan
1.22,219.99819946289062,-229.36306762695312,-5.010674476623535,218.92005396373298,-229.4852035399527,-5.038074721509198,1.085387337321527,1.024653481312749,1.024653481312749,0.00034092081516438736,3.3511812982421745,4.041088776969191,nan,0.8104121114459268,nan
1.23,219.998291015625,-229.3559112548828,-5.0108184814453125,218.9201711328324,-229.47739081116086,-5.038563208449257,1.0852969796985419,1.0249584447125524,1.0249584447125524,0.00044437198898074793,2.880701197799681,3.5568324804510145,nan,nan,nan
1.24,219.99839782714844,-229.3487548828125,-5.010959148406982,218.92028623872557,-229.4695586396632,-5.029668357292278,1.0850198980931383,1.0252651208764856,1.0252651208764856,0.00034088651793151657,2.1747517597036587,2.8781632811783187,nan,0.4234603064530012,nan
1.25,219.9984893798828,-229.341552734375,-5.011097431182861,218.9256439004202,-229.50122084432934,-5.029819881265211,1.0848234226254725,1.025054919395365,1.025054919395365,0.0004441330719167977,1.9369806668665461,2.1809295678255882,3.534291229316094,nan,nan
1.26,219.9985809326172,-229.3343505859375,-5.011232852935791,218.9257980135258,-229.493674012061,-5.016657190644426,1.084562846978249,1.0253564898513623,1.0253564898513623,0.0003407469887630819,1.2335090300211085,1.494564975866104,nan,0.8826817707714013,nan
1.27,219.99868774414062,-229.32711791992188,-5.01136589050293,218.92595034636582,-229.48610823112892,-5.016972557149982,1.0844698605093912,1.0256597063268476,1.0256597063268476,0.0004440791796864284,1.2174077482688666,1.4618400601671098,nan,nan,nan
1.28,219.998779296875,-229.3198699951172,-5.011495590209961,218.9261009925896,-229.47852382345178,-5.003799153683666,1.084374942934885,1.0259645697898212,1.0259645697898212,0.00034071563501408055,1.3199080626428032,1.5734397107194797,nan,0.8763447509053831,nan
1.29,219.9988555908203,-229.31260681152344,-5.011623382568359,218.92624980119322,-229.4709209409149,-5.0040538098448675,1.0842526651743813,1.0262710812082834,1.0262710812082834,0.00044402654923722935,1.27449702717215,1.5367421989655072,nan,nan,nan
1.3,219.9989471435547,-229.30532836914062,-5.011748313903809,218.94127683403568,-229.48707684184103,-5.004159991684606,1.073199223630484,1.0260611524408945,1.0260611524408945,0.00034058595633923883,1.291516049798292,1.462765817331851,1.7304752401176782,3.5819965247613606e-05,nan
1.31,219.99903869628906,-229.2980194091797,-5.011870384216309,218.94153947610897,-229.47962535711648,-5.004368202591197,1.0730058731137757,1.0263627499861177,1.0263627499861177,0.00044380789735043387,1.248531631884272,1.4141614591878657,nan,nan,nan
1.32,219.99911499023438,-229.29071044921875,-5.011990547180176,218.94180040425516,-229.47215615611975,-4.991878913786928,1.0729590654237207,1.0266659338084114,1.0266659338084114,0.0003405572129901919,2.3086397318224665,2.492671435754878,nan,0.7775336262110101,nan
1.33,219.99920654296875,-229.2833709716797,-5.012108325958252,218.94205959616164,-229.46466944585035,-4.992032512879717,1.0727683077677888,1.0269707048757761,1.0269707048757761,0.00044375970035646776,2.0284511983673856,2.195344890776507,nan,nan,nan
1.34,219.99928283691406,-229.27601623535156,-5.012223243713379,218.9423172047877,-229.45716531457154,-5.009124255231632,1.0723809678132623,1.0272770641562121,1.0272770641562121,0.00034052914032721166,1.1476582392425927,1.3266455403316189,nan,1.3844218126629475,nan
1.35,219.99935913085938,-229.26864624023438,-5.012336254119873,218.92180743776538,-229.4311531926795,-5.009405186728872,1.0897406810974724,1.027067387783081,1.027067387783081,0.000443555937049117,1.1755988563137727,1.3729769455949186,1.517477265228443,nan,nan
1.36,219.9994354248047,-229.26126098632812,-5.012446880340576,218.9219038403383,-229.42347391303903,-5.001137956694901,1.089731728852923,1.0273690101129993,1.0273690101129993,0.0003404099830315765,1.5314546535222868,1.730574386471954,nan,0.3488820530786371,nan
1.37,219.99951171875,-229.2538604736328,-5.0125555992126465,218.92199876277104,-229.4157777475666,-5.001335551008695,1.089668419007529,1.0276721634847907,1.0276721634847907,0.00044351168469524197,1.4391292618577163,1.6395599138360368,nan,nan,nan
1.3800000000000001,219.9995880126953,-229.24642944335938,-5.012661933898926,218.92209220854525,-229.40806503043123,-4.9962981113547595,1.0896747430574443,1.0279768488664554,1.0279768488664554,0.00034038421765326737,1.941498800361691,2.130570527916562,nan,0.1323097246520945,nan
1.3900000000000001,219.99966430664062,-229.23899841308594,-5.012765884399414,218.92218407672127,-229.40033600814203,-4.996472755955394,1.089614120448177,1.0282830672259933,1.0282830672259933,0.0004434684532432696,1.7529581670535253,1.9559553073250973,nan,nan,nan
1.4000000000000001,219.99974060058594,-229.23153686523438,-5.0128679275512695,218.89984421923157,-229.4085387938097,-5.021554256776478,1.1140813187336143,1.0280736251755247,1.0280736251755247,0.00034027284523720355,1.4289515758433258,1.514561420279164,1.5237170159291558,3.0268518818538688,nan
1.41,219.9998016357422,-229.2240753173828,-5.012968063354492,218.8997682130433,-229.4008951223087,-5.02180148192621,1.1141888546168086,1.0283752702316737,1.0283752702316737,0.0004432806469224057,1.3831141671611105,1.4761700557725161,nan,nan,nan
1.42,219.9998779296875,-229.21658325195312,-5.013066291809082,218.89969090115494,-229.39323569627564,-5.014890133005012,1.1142804450555208,1.0286783951219882,1.0286783951219882,0.0003402491396994888,1.216779039922084,1.3036944711542784,nan,0.24769874441301018,nan
1.43,219.99993896484375,-229.20909118652344,-5.013162612915039,218.89961230111894,-229.38556065368408,-5.01510785939162,1.1143895296204094,1.0289830008144683,1.0289830008144683,0.00044324091970902456,1.215418282412316,1.3096605407722781,nan,nan,nan
1.44,220.0,-229.20156860351562,-5.013256549835205,218.8995323380197,-229.3778700804176,-4.980777018609781,1.1149736345630956,1.0292890882771144,1.0292890882771144,0.0003402259832715898,4.307411070863354,4.394201254960255,nan,5.771818238430538,nan
1.45,220.0000762939453,-229.1940460205078,-5.0133490562438965,218.88295297543232,-229.37653542098576,-4.980869034070094,1.1323965038327777,1.0290798644055086,1.0290798644055086,0.0004430649752946235,3.626092594938772,3.737910797308522,0.6056674353490948,nan,nan
1.46,220.00013732910156,-229.18649291992188,-5.013439655303955,218.88275289889881,-229.36885970211677,-4.9999350072902535,1.1322490819716355,1.0293815303418146,1.0293815303418146,0.00034012297638773053,1.7814238030747362,1.880498537885882,nan,1.7436218858825132,nan
1.47,220.0001983642578,-229.17893981933594,-5.013528347015381,218.8825513917294,-229.36116893470663,-5.0000898856691895,1.132485230779654,1.0296846285180408,1.0296846285180408,0.0004430283848056766,1.6530050642123486,1.7595462198413998,nan,nan,nan
1.48,220.00025939941406,-229.17135620117188,-5.013615131378174,218.88234860983624,-229.35346344733043,-4.998758347581512,1.1327437073684132,1.0299891599021873,1.0299891599021873,0.0003401016604269851,1.894529291361636,1.9947101197918369,nan,0.010683353588998546,nan
1.49,220.0003204345703,-229.1637725830078,-5.013700008392334,218.88214461740048,-229.34574338648002,-4.998906139810782,1.1329825197095242,1.0302951254622548,1.0302951254622548,0.0004429926361175,1.739737697911741,1.8471638867853053,nan,nan,nan
1.5,220.00038146972656,-229.1561737060547,-5.0137834548950195,218.88422679774646,-229.3111087187184,-5.013500618578547,1.1268567743633116,1.0300861052884214,1.0300861052884214,0.00034000491332369795,1.2329536940155519,1.484510842142133,1.4564760117435058,0.9979736925738579,nan
1.51,220.00042724609375,-229.14854431152344,-5.0138654708862305,218.88403612397227,-229.30317440280913,-5.0137165043047895,1.1270490782897313,1.030387790443102,1.030387790443102,0.000442829474111354,1.2328283091007048,1.4625320083106574,nan,nan,nan
1.52,220.00048828125,-229.1409149169922,-5.013945579528809,218.88384445691457,-229.29522609159966,-5.0093293418128395,1.1272651323827214,1.0306908634977165,1.0306908634977165,0.0003399852491640968,1.2955457602474347,1.5455781388470977,nan,0.10261912676545519,nan
1.53,220.00054931640625,-229.13327026367188,-5.014024257659912,218.88365173841774,-229.28726382421218,-5.009527158369341,1.1274725896031834,1.0309953254202655,1.0309953254202655,0.0004427965407026765,1.2786313991118106,1.5277440946293102,nan,nan,nan
1.54,220.00059509277344,-229.1256103515625,-5.014101028442383,218.88345787602248,-229.27928799578902,-4.99260491133622,1.127862785287173,1.0313011771787488,1.0313011771787488,0.0003399660425398391,2.5922210270559036,2.8342213168267296,nan,1.420114437212527,nan
1.55,220.0006561279297,-229.11793518066406,-5.014176845550537,218.9157382141479,-229.26646805618083,-4.992724941021791,1.0952484097052273,1.0310923476632534,1.0310923476632534,0.00044264298324369256,2.202578428288593,2.4618895025468506,2.090784021464358,nan,nan
1.56,220.00070190429688,-229.11026000976562,-5.014250755310059,218.91575958198356,-229.25843317266163,-5.003389125705078,1.0950676252847944,1.031394050535221,1.031394050535221,0.00033987605270774905,1.5096695599342507,1.788054916875398,nan,0.5379206073623768,nan
1.57,220.00074768066406,-229.10255432128906,-5.0143232345581055,218.91577983595016,-229.25038536813096,-5.0035572833573045,1.0950457288071391,1.0316970999082316,1.0316970999082316,0.00044261258193203245,1.4240389401447855,1.6830486505932267,nan,nan,nan
1.58,220.0008087158203,-229.0948486328125,-5.014394283294678,218.91579908691756,-229.24232482896664,-5.017152977998559,1.0949898326652423,1.0320014967502853,1.0320014967502853,0.00033985833632336126,1.1842081440448868,1.4545031526343977,nan,0.8744078774713208,nan
1.59,220.0008544921875,-229.08712768554688,-5.014463901519775,218.91581730047952,-229.23425155869052,-5.017367184938233,1.0949701231051647,1.0323072420293824,1.0323072420293824,0.00044258288628685474,1.1804737305420268,1.45152232485657,nan,nan,nan
1.6,220.0009002685547,-229.0793914794922,-5.014532089233398,218.91743877403917,-229.2139626472795,-5.012112318658868,1.0917893865517612,1.0320985913889356,1.0320985913889356,0.00033977345569414987,1.1721596119211581,1.5948641690853895,0.7026969186869041,0.15963417663595753,nan
1.61,220.00094604492188,-229.07164001464844,-5.014598846435547,218.9174655648728,-229.2057848048293,-5.012355836006537,1.0917553784964056,1.0324003106178625,1.0324003106178625,0.0004424397206549748,1.165889289544511,1.5851848041419085,nan,nan,nan
1.62,220.00099182128906,-229.06387329101562,-5.014664173126221,218.91749143928018,-229.19759458961155,-5.036149455435337,1.0919322693589883,1.0327033376157642,1.0327033376157642,0.0003397570823518315,2.5127800011862846,2.928351344246946,nan,2.691785033360016,nan
1.6300000000000001,220.00103759765625,-229.0561065673828,-5.014728546142578,218.9175163440059,-229.18939234037435,-5.036472162265196,1.0919048444054495,1.0330076733506406,1.0330076733506406,0.0004424123187328916,2.222354447562095,2.6541188713035093,nan,nan,nan
1.6400000000000001,220.00108337402344,-229.04832458496094,-5.014791488647461,218.91754043734508,-229.1811784420322,-5.02641068711115,1.0917190337890088,1.033313318790492,1.033313318790492,0.0003397410961491123,1.5506737466215617,1.9778021333535691,nan,0.5233736600609205,nan
1.6500000000000001,220.00112915039062,-229.04052734375,-5.014853477478027,218.88055014689917,-229.2242096304349,-5.026552221808327,1.1355938297325352,1.0331048363413355,1.0331048363413355,0.000442277039684221,1.5575632046267192,1.6882008006457259,7.9503877339450195,nan,nan
1.6600000000000001,220.00115966796875,-229.03271484375,-5.014913558959961,218.88033904634653,-229.21629603925786,-5.035793315538407,1.135947571603759,1.0334065706907227,1.0334065706907227,0.00033966174874396657,2.5317661271745773,2.655385652040486,nan,0.39234704321173,nan
1.67,220.00120544433594,-229.02490234375,-5.014973163604736,218.8801270222235,-229.20837089809467,-5.036076104416922,1.1361878687393119,1.0337095765026008,1.0337095765026008,0.00044225170846707624,2.2553644749721977,2.3904907094040078,nan,nan,nan
1.68,220.00125122070312,-229.01705932617188,-5.015030860900879,218.8799141087345,-229.20043445906927,-5.022153787861544,1.1362544143508255,1.0340138547449698,1.0340138547449698,0.0003396469849234542,1.3979340701180403,1.5266421378112538,nan,0.9801390744985451,nan
1.69,220.00128173828125,-229.00921630859375,-5.015088081359863,218.87970035249003,-229.19248682910862,-5.022389357858937,1.136479739054618,1.03431940638583,1.03431940638583,0.0004422269774433466,1.369224843997144,1.4953158098661383,nan,nan,nan
1.7,220.00132751464844,-229.00137329101562,-5.015143871307373,218.90504182698592,-229.1507114614181,-5.014256219459316,1.1064108577009877,1.0341110824107824,1.0341110824107824,0.0003395718622916947,1.1860850534665306,1.4359442110981582,3.5663741937223308,0.33140469228237174,nan
1.71,220.00137329101562,-228.99349975585938,-5.015198230743408,218.9049834829452,-229.14253390807104,-5.014444037117354,1.1064729362140693,1.0344128307535014,1.0344128307535014,0.00044210025582271367,1.1848390054464755,1.4141825592417059,nan,nan,nan
1.72,220.00140380859375,-228.98562622070312,-5.015252113342285,218.90492437536844,-229.13434539062504,-5.001322840763344,1.1066067791329242,1.0347158164647796,1.0347158164647796,0.00033955820362152936,1.7547083069506553,1.9964480037363077,nan,0.8609803969789164,nan
1.73,220.00143432617188,-228.9777374267578,-5.0153045654296875,218.9048646136685,-229.1261461388955,-5.001467623792825,1.1066533970362846,1.035020040512617,1.035020040512617,0.0004420774164885803,1.616153211307898,1.8535603798060396,nan,nan,nan
1.74,220.00148010253906,-228.9698486328125,-5.015356063842773,218.90480400805137,-229.11793661713403,-4.987978757582298,1.106967941820932,1.035325503865014,1.035325503865014,0.00033954487700580066,3.3902602547126475,3.6386770758934737,nan,0.9035788523426671,nan
1.75,220.0015106201172,-228.96194458007812,-5.015406131744385,218.90593673107668,-229.10162959565574,-4.988055828929073,1.1047814666205946,1.0351173295000131,1.0351173295000131,0.0004419572507576622,2.8709711620549054,3.1734898124117126,0.13556012038551885,nan,nan
1.76,220.0015411376953,-228.9540252685547,-5.015455722808838,218.90588153784148,-229.09335127993253,-5.012930535251908,1.1044854334804586,1.035419090805903,1.035419090805903,0.00033947433955752834,1.196936266983798,1.4929691590729335,nan,2.9865298450917015,nan
1.77,220.0015869140625,-228.9460906982422,-5.015504360198975,218.9058255762186,-229.08506267917755,-5.013103638581417,1.1045414815491676,1.035722057410139,1.035722057410139,0.00044193612399873525,1.1909695022312152,1.48030869389761,nan,nan,nan
1.78,220.00161743164062,-228.9381561279297,-5.015551567077637,218.90576883034984,-229.0767638456588,-4.991894867985542,1.1048329718907617,1.0360262302807208,1.0360262302807208,0.00033946202699100287,2.826276089343187,3.1299539079591923,nan,2.2238564428985717,nan
1.79,220.00164794921875,-228.93020629882812,-5.015598297119141,218.90571132688834,-229.06845495402575,-4.9920005757012555,1.1048740305053166,1.036331610385649,1.036331610385649,0.00044191551433562365,2.437500523464288,2.7346094341016283,nan,nan,nan
1.8,220.00167846679688,-228.92225646972656,-5.01564359664917,218.8683800567655,-229.06275655175588,-4.999571259521239,1.1420875094539245,1.0361235775224602,1.0361235775224602,0.00033939502323068445,2.019758074319285,2.3593456149077108,2.9295320729393763,0.2840739605457066,nan
1.81,220.001708984375,-228.91429138183594,-5.015688419342041,218.8681037662982,-229.05444334304903,-4.999667956513699,1.1423484660610705,1.036425350847636,1.036425350847636,0.0004418024750349893,1.8397768836379242,2.172401478853179,nan,nan,nan
1.82,220.00173950195312,-228.90631103515625,-5.015732288360596,218.86782673724235,-229.0461205768134,-5.008626840832134,1.142521489205777,1.0367282992566869,1.0367282992566869,0.00033938362959690604,1.4078236634165127,1.7336420870935825,nan,0.38225829218698004,nan
1.83,220.00177001953125,-228.89833068847656,-5.015775203704834,218.8675490171124,-229.03778850403816,-5.008751094969809,1.142783926537631,1.0370324237176134,1.0370324237176134,0.00044178344220306454,1.3709512608882704,1.708938603952482,nan,nan,nan
1.84,220.00180053710938,-228.8903350830078,-5.015817165374756,218.86727076919354,-229.0294472623553,-5.013398176681605,1.143029240324264,1.0373377251984155,1.0373377251984155,0.00033937252423412107,1.276725868424962,1.6073090462942674,nan,0.09956167800783523,nan
1.85,220.0018310546875,-228.88232421875,-5.015858173370361,218.90802672411215,-229.01127667476615,-5.0135615100666975,1.1013818248728833,1.037129826400815,1.037129826400815,0.0004416759119772626,1.1815516423959522,1.5255321402157873,3.4679129272992584,nan,nan
1.86,220.00186157226562,-228.8743133544922,-5.015898704528809,218.90798104991237,-229.0028612838261,-5.014440672201368,1.1014087766030116,1.0374316108784123,1.0374316108784123,0.000339309360016765,1.175594539291675,1.533137267190984,nan,0.0026280678865945187,nan
1.87,220.0018768310547,-228.8662872314453,-5.0159382820129395,218.9079349012646,-228.99443687345385,-5.0145874867515,1.1014232161833126,1.0377345419312347,1.0377345419312347,0.0004416583095455122,1.1731502406855392,1.5237255146800235,nan,nan,nan
1.8800000000000001,220.0019073486328,-228.85826110839844,-5.015977382659912,218.90788826285092,-228.98600352313477,-5.013237242255311,1.1014551252534799,1.0380386205272825,1.0380386205272825,0.0003392991042478065,1.1908677351730728,1.552833838937517,nan,0.010916768297906023,nan
1.8900000000000001,220.00193786621094,-228.8502197265625,-5.01601505279541,218.9078410049578,-228.9775613709952,-5.013379896869087,1.101485714958471,1.0383438476345557,1.0383438476345557,0.0004416411577657699,1.1841838405650686,1.5372348509425018,nan,nan,nan
1.9000000000000001,220.00196838378906,-228.84217834472656,-5.01605224609375,218.91899854398295,-229.00034827367736,-5.015076641594651,1.0944598449272194,1.0381360760658154,1.0381360760658154,0.00033923892583210446,1.1566442309140843,1.3136779617154775,2.330291630623335,0.014243963361315703,nan
1.9100000000000001,220.00198364257812,-228.83412170410156,-5.016088962554932,218.91901264550566,-228.99206272471997,-5.015195716128459,1.094427861662564,1.0384378708979476,1.0384378708979476,0.00044153962130773417,1.1552429866450387,1.3116944985939585,nan,nan,nan
1.92,220.00201416015625,-228.8260498046875,-5.016124725341797,218.91902615532618,-228.98376875173903,-5.027332931188972,1.094469692930405,1.0387407853682444,1.0387407853682444,0.00033922944117000735,1.5233888151467236,1.6689472065513062,nan,0.703800489854193,nan
1.93,220.00204467773438,-228.81797790527344,-5.016160011291504,218.91903921872972,-228.97546643015266,-5.027487931941869,1.0944550157447197,1.0390448204447065,1.0390448204447065,0.00044152379628649706,1.443330534587171,1.596609482952973,nan,nan,nan
1.94,220.00205993652344,-228.8098907470703,-5.0161943435668945,218.91905188624386,-228.967155926725,-5.017517525443957,1.09436763681702,1.0393499770953336,1.0393499770953336,0.00033922020949324783,1.1574572336950557,1.310332870865339,nan,0.49967042306334186,nan
1.95,220.00209045410156,-228.8018035888672,-5.016227722167969,218.94868653271877,-228.9300484057176,-5.017543088254297,1.0611824936463978,1.0391423264552215,1.0391423264552215,0.0004414269340222178,1.0876080010334463,1.5185161129091622,3.443922571372812,nan,nan
1.96,220.00210571289062,-228.793701171875,-5.016261100769043,218.94885927568956,-228.92156524052302,-5.008110470549486,1.0610107022556112,1.0394441309059619,1.0394441309059619,0.0003391632761250254,1.2788333706181854,1.7131937079053883,nan,0.44334617014967687,nan
1.97,220.00213623046875,-228.7855987548828,-5.016293525695801,218.94903152047542,-228.9130740732395,-5.008186834970269,1.060822890700801,1.0397470295088553,1.0397470295088553,0.0004414123140946792,1.2311449529242582,1.6635234048946645,nan,nan,nan
1.98,220.0021514892578,-228.77748107910156,-5.016324996948242,218.94920320310734,-228.90457496479485,-4.985706428045071,1.0610327260973162,1.0400510232319025,1.0400510232319025,0.00033915476250282763,3.8457515485141593,4.281478496474641,nan,2.480920197924003,nan
1.99,220.00218200683594,-228.7693634033203,-5.016355991363525,218.94937431497448,-228.89606813384688,-4.985718480183242,1.0608472000584193,1.0403561130431032,1.0403561130431032,0.0004413980909890746,3.207394126013069,3.640291885361883,nan,nan,nan
2.0,220.002197265625,-228.76124572753906,-5.01638650894165,218.98197285043287,-228.9316286360585,-5.003992048044834,1.0344282553810054,1.0401485775129429,1.0401485775129429,0.00033910037494314733,1.4816217525662032,1.9044499825750147,5.84139190811862,1.6336430541292242,nan
2.0100000000000002,220.00221252441406,-228.7530975341797,-5.016416549682617,218.98231520395603,-228.92334097723696,-5.004049151122481,1.0340823597415278,1.0404503909021787,1.0404503909021787,0.00044130631429616416,1.374196732075939,1.7819435568350002,nan,nan,nan
2.02,220.0022430419922,-228.74496459960938,-5.016445636749268,218.9826570413921,-228.91504575940803,-5.020104973640302,1.0336810940926822,1.0407532743000516,1.0407532743000516,0.00033909251360347587,1.066134054949312,1.4648530957696082,nan,1.2485349520652593,nan
2.0300000000000002,220.00225830078125,-228.73680114746094,-5.01647424697876,218.98299847422996,-228.9067429349431,-5.020208063387667,1.0333367053090585,1.0410572286745619,1.0410572286745619,0.00044129321683101933,1.0572521586529169,1.465545407708757,nan,nan,nan
2.04,220.0022735595703,-228.72865295410156,-5.016502380371094,218.9833395244917,-228.8984325678788,-5.021107634525548,1.0329922039695016,1.0413622549937096,1.0413622549937096,0.00033908487645876615,1.0872149533744144,1.5104144138253117,nan,0.0030925460844960805,nan
2.05,220.00230407714844,-228.72048950195312,-5.0165300369262695,218.99623955290767,-228.86528083189467,-5.021272532395888,1.0164412660972235,1.0411548291882913,1.0411548291882913,0.00044120544026847935,1.0432695682061235,1.6770358399592333,1.554347338185049,nan,nan
2.06,220.0023193359375,-228.71231079101562,-5.016557216644287,218.99664521594264,-228.85682698451663,-5.036412716434417,1.016198605924738,1.0414566508863237,1.0414566508863237,0.0003390332541589548,2.15401294305111,2.8070389991484626,nan,1.1010199685637154,nan
2.07,220.00233459472656,-228.70413208007812,-5.016583442687988,218.9970506717036,-228.84836626989897,-5.036574846118734,1.0157750359271804,1.0417595196939522,1.0417595196939522,0.00044119336584664697,1.8959077657159975,2.5574429482849004,nan,nan,nan
2.08,220.00234985351562,-228.69595336914062,-5.016609191894531,218.99745570966505,-228.8398987159456,-5.035972283526198,1.0153361180070002,1.0420634365791768,1.0420634365791768,0.00033902622861145234,2.094835142099144,2.764131304854831,nan,0.0028578535904750656,nan
2.09,220.0023651123047,-228.68775939941406,-5.016634941101074,218.99786038396655,-228.831424389277,-5.036133462176864,1.014913578040086,1.0423684025099977,1.0423684025099977,0.00044118164412072336,1.8495763066835593,2.5092599754151665,nan,nan,nan
2.1,220.00238037109375,-228.67955017089844,-5.016659736633301,219.0230818516945,-228.8140477811291,-5.009440600478597,0.9885177353907788,1.0421610814353435,1.0421610814353435,0.0003389767946719121,1.0913303970463824,2.080821874321581,1.357649407994099,3.526392135924468,nan
2.11,220.00241088867188,-228.6713409423828,-5.016684055328369,219.0236122174945,-228.80551491436557,-5.00953341493282,0.9879780489030552,1.0424629108581274,1.0424629108581274,0.00044109821643415246,1.052210803679959,2.013383262558046,nan,nan,nan
2.12,220.00242614746094,-228.6631317138672,-5.016707897186279,219.02414209893624,-228.79697552066767,-4.995595369185615,0.987623198925228,1.0427657656472056,1.0427657656472056,0.00033897032481846766,2.2499481121959897,3.2563459338100484,nan,0.9613080076283166,nan
2.13,220.00244140625,-228.65492248535156,-5.0167317390441895,219.02467155091378,-228.7884297599111,-4.995651091442237,0.9870676147396635,1.0430696467705785,1.0430696467705785,0.000441087456776801,1.9411419386055626,2.9556313623587527,nan,nan,nan
2.14,220.00245666503906,-228.6466827392578,-5.016754627227783,219.02520054925571,-228.7798775779469,-5.014478747535248,0.9862938509986486,1.0433745551962461,1.0433745551962461,0.00033896405540788583,0.9476117010135956,1.929675389580001,nan,1.7206129814458615,nan
2.15,220.00247192382812,-228.63845825195312,-5.016777038574219,219.01197887048176,-228.7700087979964,-5.014649564607584,0.9991929548576591,1.0431673342123893,1.0431673342123893,0.00044100747897725823,0.9673311566767381,1.8597352613218092,0.4298241032380685,nan,nan
2.16,220.0024871826172,-228.63021850585938,-5.016798973083496,219.01243852993568,-228.76143727667574,-5.013451765536011,0.9987121228308953,1.0434691708173232,1.0434691708173232,0.00033891699526320256,0.9889217283800249,1.8686976456173388,nan,0.008513105585267295,nan
2.17,220.00250244140625,-228.62197875976562,-5.016820907592773,219.0128980799809,-228.7528595471327,-5.0135709913946425,0.9982269955321603,1.0437720121204643,1.0437720121204643,0.00044099759368358796,0.9786093604918208,1.8675977410279094,nan,nan,nan
2.18,220.0025177001953,-228.6137237548828,-5.016841888427734,219.0133574367305,-228.74427559260795,-5.014583588091419,0.9977409027756622,1.044075859089813,1.044075859089813,0.0003389112503744075,0.9685053095687713,1.8452300372795314,nan,0.0038943210090519277,nan
2.19,220.00253295898438,-228.60546875,-5.016862869262695,219.01381644791928,-228.7356855871635,-5.014706421578962,0.9972569449245287,1.0443807126933693,1.0443807126933693,0.00044098802453082096,0.9628001166183048,1.8478417013584656,nan,nan,nan
2.2,220.00254821777344,-228.5972137451172,-5.01688289642334,219.02782067689537,-228.75038803271525,-5.012521304247584,0.9866991257793225,1.0441735874814557,1.0441735874814557,0.00033886608516683393,0.9885086681740244,1.907006338063036,1.4303906152199073,0.02518055734325679,nan
2.21,220.0025634765625,-228.5889434814453,-5.016902923583984,219.02834539055777,-228.74190012394982,-5.012631951445002,0.9861616778135186,1.044475430763648,1.044475430763648,0.00044091179176393316,0.9724577029488386,1.881800515322768,nan,nan,nan
2.22,220.0025634765625,-228.58065795898438,-5.016922473907471,219.02886991119144,-228.7334062822325,-5.023239094674987,0.9856221939455543,1.0447782590779318,1.0447782590779318,0.00033886081666124646,1.0475239635615692,1.9870665086326504,nan,0.5383524625510502,nan
2.23,220.00257873535156,-228.5723876953125,-5.016941547393799,219.02939421524354,-228.72490652750082,-5.023378367244771,0.9850845329207849,1.0450820733923074,1.0450820733923074,0.00044090305029166274,1.0224640159705711,1.9443129004469941,nan,nan,nan
2.24,220.00259399414062,-228.56410217285156,-5.016960620880127,219.02991820989783,-228.71640103476318,-5.009266465472351,0.984556917917573,1.045386874674775,1.045386874674775,0.00033885572880672156,1.101915662648273,2.0135741948600425,nan,0.992599452396245,nan
2.25,220.0026092529297,-228.55581665039062,-5.016978740692139,219.02399639875966,-228.71672301192103,-5.009379140277949,0.9917820977685622,1.0451798412078945,1.0451798412078945,0.0004408298137604425,1.0720690056033146,1.8930315504007234,0.23461047882358552,nan,nan
2.2600000000000002,220.00262451171875,-228.54751586914062,-5.01699686050415,219.02448875094814,-228.70824866978418,-5.028753856109486,0.9913237748821981,1.0454816906968418,1.0454816906968418,0.0003388126148266161,1.3478137409516653,2.1594406554531185,nan,1.8151402185080774,nan
2.27,220.0026397705078,-228.53921508789062,-5.017014503479004,219.0249806712667,-228.69976897708293,-5.028909801214197,0.9908261016807874,1.0457845064869697,1.0457845064869697,0.00044082182404704223,1.2596076610909002,2.076277993532504,nan,nan,nan
2.2800000000000002,220.0026397705078,-228.53089904785156,-5.017031669616699,219.02547228840456,-228.69128407198843,-5.037805633736434,0.9904600959315059,1.0460882895462786,1.0460882895462786,0.00033880797958618213,2.2111302366941255,3.0568861502502345,nan,0.37337205208113633,nan
2.29,220.00265502929688,-228.52259826660156,-5.0170488357543945,219.02596359983204,-228.68279401542395,-5.0379853929031215,0.9899632143448929,1.0463930408427686,1.0463930408427686,0.00044081411990174493,1.9305437085270318,2.755980838491881,nan,nan,nan
2.3000000000000003,220.00267028808594,-228.5142822265625,-5.017065525054932,219.03377983067924,-228.63548903222033,-5.029585620918818,0.9765226884163948,1.046186095360022,1.046186095360022,0.0003387665174002414,1.374064525925126,2.497447729298254,3.133371353848899,0.35226850451009317,nan
2.31,220.002685546875,-228.50595092773438,-5.0170817375183105,219.0343050502039,-228.6268060941996,-5.029727602046087,0.9759747309659003,1.046487950616648,1.046487950616648,0.00044074412876120924,1.272896056362601,2.379437806196204,nan,nan,nan
2.32,220.002685546875,-228.49761962890625,-5.0170979499816895,219.03482983342062,-228.61811811286205,-5.026567191517682,0.9753738940720154,1.0467907543177577,1.0467907543177577,0.00033876229282009396,1.1734324145247026,2.3274673037345908,nan,0.053358993929920946,nan
2.33,220.00270080566406,-228.48928833007812,-5.01711368560791,219.03535420441906,-228.60942507121328,-5.026702254669777,0.9748252274984878,1.0470945074313511,1.0470945074313511,0.00044073714086802115,1.116062641203768,2.2377412052031382,nan,nan,nan
2.34,220.00271606445312,-228.48095703125,-5.017128944396973,219.03587838916266,-228.6007270081837,-5.035037454676528,0.9743924530065896,1.0473992109254286,1.0473992109254286,0.00033875823224983155,1.8529046503773718,2.9834150745118806,nan,0.3288127343031755,nan
2.35,220.0027313232422,-228.4726104736328,-5.017143726348877,219.01551266984745,-228.59212332359255,-5.035207444643261,0.994590513143288,1.0471923499088072,1.0471923499088072,0.0004406697685626764,1.6847783930629876,2.5897386262637196,0.8543119545522728,nan,nan
2.36,220.0027313232422,-228.46426391601562,-5.017158508300781,219.01594012493644,-228.5834161439205,-5.022996619607411,0.9939759584678212,1.0474942105228136,1.0474942105228136,0.0003387185531059341,1.04378447449969,1.9907704996667306,nan,0.7487606492619675,nan
2.37,220.00274658203125,-228.45591735839844,-5.0171732902526855,219.01636734163654,-228.57470412194155,-5.023127274065127,0.993523905599626,1.0477970025429932,1.0477970025429932,0.00044066343043424146,1.022474887959584,1.943506102758172,nan,nan,nan
2.38,220.0027618408203,-228.4475555419922,-5.017187118530273,219.01679438038937,-228.56598739426866,-5.0046755302128085,0.9931336649739062,1.0481007269373463,1.0481007269373463,0.00033871488524859984,1.4030581069646826,2.307144745288292,nan,1.6894943368726514,nan
2.39,220.0027618408203,-228.43919372558594,-5.017200946807861,219.01722123060267,-228.55726621245597,-5.004761506607762,0.9926661806550704,1.0484053846738732,1.0484053846738732,0.0004406573520826544,1.2908992474785816,2.237025801097981,nan,nan,nan
2.4,220.00277709960938,-228.4308319091797,-5.017214775085449,219.02832730184238,-228.58369572242347,-5.008751360363481,0.9864032558524537,1.0481986048275966,1.0481986048275966,0.00033867665468905145,1.1396805083637078,1.9660481200329338,2.7017308543436247,0.07753354077180921,nan
2.41,220.00277709960938,-228.42245483398438,-5.017228126525879,219.02880233414092,-228.5751251222408,-5.008834157494306,0.985903402672763,1.0485004704150889,1.0485004704150889,0.000440592808183213,1.0868942648398618,1.9415818878419415,nan,nan,nan
2.42,220.00279235839844,-228.41407775878906,-5.01724100112915,219.0292771278957,-228.56655005033213,-5.006275710981824,0.9854440325544549,1.0488032511376322,1.0488032511376322,0.0003386733425730392,1.280823012683718,2.1017855315363088,nan,0.03415898977345702,nan
2.43,220.0028076171875,-228.40570068359375,-5.017253875732422,219.0297518563986,-228.5579705807479,-5.00635339234318,0.9849580984599865,1.0491069479632267,1.0491069479632267,0.0004405873529177176,1.1943051199950478,2.02038501106901,nan,nan,nan
2.44,220.0028076171875,-228.39732360839844,-5.017266273498535,219.03022663602923,-228.5493868147219,-5.00767122921597,0.9844435222515054,1.0494115618598725,1.0494115618598725,0.0003386701803597975,1.1952521425238127,2.064668998585167,nan,0.007518429803432523,nan
2.45,220.00282287597656,-228.38893127441406,-5.017278671264648,219.04382392686048,-228.54006057279358,-5.007740583205141,0.9708810557211733,1.0492048600918726,1.0492048600918726,0.00044052511129964576,1.1048326467658571,2.090074090193931,0.34013745491496017,nan,nan
2.46,220.00282287597656,-228.3805389404297,-5.017291069030762,219.04435698100565,-228.5314650687623,-5.011918734317611,0.9702908996873737,1.049506730293227,1.049506730293227,0.00033863350804407564,0.9822574362721633,2.0145582720140895,nan,0.0822199627222779,nan
2.47,220.00283813476562,-228.3721466064453,-5.017302513122559,219.04488987330512,-228.52286537244206,-5.012009376838201,0.969746892416007,1.0498095000786578,1.0498095000786578,0.0004405202202686037,0.9593639535859647,1.953921058473544,nan,nan,nan
2.48,220.00283813476562,-228.36373901367188,-5.017314434051514,219.04542273301416,-228.51426142279917,-5.00165721579015,0.9693020146703916,1.0501131704161653,1.0501131704161653,0.0003386306882464521,1.618416749596329,2.64553562134764,nan,0.533957309994751,nan
2.49,220.0028533935547,-228.3553466796875,-5.017325401306152,219.04595561975776,-228.50565339425526,-5.00172441001847,0.9687563413319283,1.0504177422737495,1.0504177422737495,0.0004405155670853727,1.4457255369532294,2.450579644697783,nan,nan,nan
2.5,220.0028533935547,-228.34693908691406,-5.017336845397949,219.0374603691517,-228.5207996454239,-4.97994380690577,0.9816360958619021,1.0502111156790424,1.0502111156790424,0.0003385952933479223,5.0457371123209205,5.924425490686667,1.3720553079197078,2.358211826448772,nan
2.5100000000000002,220.00286865234375,-228.33851623535156,-5.017347812652588,219.03795331891595,-228.51228741822297,-4.979978209404337,0.9811495869272614,1.0505129901569847,1.0505129901569847,0.0004404558031340269,4.085587008509934,4.917771067195063,nan,nan,nan
2.52,220.00286865234375,-228.33010864257812,-5.017358303070068,219.03844585493275,-228.5037712095737,-5.002086696449955,0.980052672722399,1.0508157493448802,1.0508157493448802,0.0003385927830493818,1.6026307288689376,2.4864486881392818,nan,2.3858962579140393,nan
2.5300000000000002,220.0028839111328,-228.32168579101562,-5.017368793487549,219.0389381287469,-228.4952510312143,-5.002175629355207,0.9795647993987717,1.051119394210729,1.051119394210729,0.00044045169454322715,1.4367423621465711,2.2739794690818367,nan,nan,nan
2.54,220.0028839111328,-228.31326293945312,-5.017378807067871,219.0394302074776,-228.48672693402554,-5.020608985765445,0.9789500654039348,1.0514239257225315,1.0514239257225315,0.0003385904106051751,0.9422780045632185,1.8224593562299936,nan,1.6478159409404753,nan
2.5500000000000003,220.00289916992188,-228.30482482910156,-5.017389297485352,219.04203291919856,-228.45611684976294,-5.0207108507761165,0.9727097511648283,1.0512173715682493,1.0512173715682493,0.00044039396535512296,0.9251067111024138,1.8554955393198622,0.980400829555758,nan,nan
2.56,220.00289916992188,-228.29640197753906,-5.017398834228516,219.04253371031876,-228.4474899133478,-5.013917628605035,0.9721838813404748,1.0515192500061228,1.0515192500061228,0.00033855638410838654,0.9346182012649004,1.926902452698551,nan,0.23461940946558524,nan
2.57,220.00291442871094,-228.2879638671875,-5.01740837097168,219.0430343995992,-228.43885925992706,-5.0140298662496505,0.9716740729955273,1.051821998916759,1.051821998916759,0.00044039034874680474,0.9235410815280262,1.8628118439849326,nan,nan,nan
2.58,220.00291442871094,-228.27952575683594,-5.017417907714844,219.04353504912189,-228.43022500215886,-5.027730844313145,0.9711979268835237,1.0521256192681583,1.0521256192681583,0.00033855431153813033,1.2105434469995051,2.1958460831665754,nan,0.9043782381239706,nan
2.59,220.00291442871094,-228.2710723876953,-5.017427444458008,219.04403563312871,-228.42158708912427,-5.0278768046602895,0.9706762637934957,1.052430112028321,1.052430112028321,0.0004403869512070643,1.1431084529894644,2.1175123756807466,nan,nan,nan
2.6,220.0029296875,-228.26263427734375,-5.017436504364014,219.03159336189316,-228.43391913270213,-5.032157825696639,0.9864327024284628,1.0522236277402093,1.0522236277402093,0.0003385214172455648,1.5647372939857223,2.3095878705192465,1.2069220500177666,0.08537865009926614,nan
2.61,220.0029296875,-228.25418090820312,-5.0174455642700195,219.03203900406572,-228.42536304040948,-5.0323075300742115,0.9859781537101906,1.0525255098404043,1.0525255098404043,0.0004403314025415948,1.425046194321875,2.202109595242001,nan,nan,nan
2.62,220.00294494628906,-228.2457275390625,-5.017454147338867,219.03248453468956,-228.41680357584158,-5.021919895306289,0.9854340991394736,1.0528282487762424,1.0528282487762424,0.0003385196149646579,0.981247184431161,1.722214301321048,nan,0.5441317707924891,nan
2.63,220.00294494628906,-228.23727416992188,-5.017462730407715,219.03292996000286,-228.40824062701174,-5.022046816946492,0.9849769626336825,1.0531318455157237,1.0531318455157237,0.000440328482997429,0.9689359843391054,1.7512845375297486,nan,nan,nan
2.64,220.00294494628906,-228.2288055419922,-5.017470836639404,219.03337544283997,-228.39967424600673,-5.0337161075656605,0.9846446287151511,1.0534363010268486,1.0534363010268486,0.00033851794017754756,1.699695392577762,2.476309288836771,nan,0.6527017370063648,nan
2.65,220.00296020507812,-228.22035217285156,-5.017479419708252,219.03887441736688,-228.3961080627751,-5.033871208372231,0.9801123556231846,1.0532298841770609,1.0532298841770609,0.0004402747414536772,1.5220953916010682,2.321352934140027,0.09883298342019146,nan,nan
2.66,220.00296020507812,-228.21188354492188,-5.017487525939941,219.0393405494832,-228.3875558163548,-5.024772059282433,0.9795287908097957,1.0535317696595963,1.0535317696595963,0.00033848625286233853,1.067443428669438,1.9020481115523689,nan,0.41976333166531776,nan
2.67,220.0029754638672,-228.2034149169922,-5.017495155334473,219.0398065573913,-228.37900027522448,-5.024907241741346,0.9790707326094581,1.0538344989066302,1.0538344989066302,0.0004402722524441691,1.0343431214763608,1.8305388466829486,nan,nan,nan
2.68,220.0029754638672,-228.1949462890625,-5.017502784729004,219.0402724081177,-228.37044171307605,-5.040666437967664,0.9788423633203057,1.0541380728861631,1.0541380728861631,0.00033848484172576505,2.493582428112958,3.332424905177165,nan,1.1962295413837436,nan
2.69,220.0029754638672,-228.18646240234375,-5.017510414123535,219.04073813322452,-228.36188000674463,-5.040839415837922,0.9783742937838538,1.0544424925661953,1.0544424925661953,0.00044026996631560595,2.14343347466564,2.9768978006638624,nan,nan,nan
2.7,220.00299072265625,-228.177978515625,-5.017518043518066,219.03924907962704,-228.35308818433515,-5.040093233608826,0.9797810927916766,1.0542361408622367,1.0542361408622367,0.00033845416260694334,2.415886004232777,3.1920759029738552,0.04550303291805573,0.0036821704928800257,nan
2.71,220.00299072265625,-228.16949462890625,-5.0175251960754395,219.0397066173529,-228.3445193086596,-5.040256169161199,0.97931945921149,1.054538029463469,1.054538029463469,0.0004402181518878513,2.0827058796837066,2.901851594087565,nan,nan,nan
2.72,220.00299072265625,-228.1610107421875,-5.0175323486328125,219.04016402072102,-228.33594727006079,-5.020918526676547,0.9785956841032831,1.0548407492924485,1.0548407492924485,0.00033845298829811483,0.9417290972087264,1.7627625863432936,nan,1.8643266006810877,nan
2.73,220.0030059814453,-228.15252685546875,-5.0175395011901855,219.0406212498937,-228.32737208725624,-5.021038895498152,0.9781449137847785,1.0551443013171757,1.0551443013171757,0.00044021628688614874,0.9345705675947135,1.7164126831024242,nan,nan,nan
2.74,220.0030059814453,-228.14402770996094,-5.0175461769104,219.04107830338646,-228.31879385039417,-5.0253887023937995,0.977706278420871,1.055448686505651,1.055448686505651,0.00033845193251820336,1.0873570433383497,1.9043014036018733,nan,0.08766306225095032,nan
2.75,220.0030059814453,-228.1355438232422,-5.017552852630615,219.07259781505292,-228.28649131949922,-5.025502490151946,0.9426068636778797,1.0552423977803465,1.0552423977803465,0.00044016608463826496,0.985508799812633,2.2726227046467806,2.992836022808735,nan,nan
2.7600000000000002,220.0030059814453,-228.12704467773438,-5.01755952835083,219.0731808049716,-228.27781057172075,-5.036729804753546,0.94216384620258,1.0555442892517963,1.0555442892517963,0.0003384223222466688,1.926533702094615,3.201510976544452,nan,0.6040427852564905,nan
2.77,220.00302124023438,-228.11854553222656,-5.017566204071045,219.07376371392266,-228.2691270945614,-5.0368837307003265,0.9415771471086405,1.0558469999193387,1.0558469999193387,0.00044016459758615265,1.6871101057537614,2.9134880452558294,nan,nan,nan
2.7800000000000002,220.00302124023438,-228.1100311279297,-5.017572402954102,219.07434655788683,-228.26044096707727,-5.027516041572421,0.9408287098588636,1.0561505307509735,1.0561505307509735,0.00033842149908290493,1.130173389235715,2.3959683013743063,nan,0.4446217728684188,nan
2.79,220.00302124023438,-228.10153198242188,-5.017578601837158,219.07492935796566,-228.25175213231512,-5.027650071398821,0.940224478444467,1.0564548827147011,1.0564548827147011,0.0004401632993771563,1.067133070865889,2.349784473653604,nan,nan,nan
2.8000000000000003,220.00303649902344,-228.093017578125,-5.017584800720215,219.04555048030502,-228.25733135922607,-5.022309930695175,0.971494118126429,1.056248654917072,1.056248654917072,0.00033839279046373014,0.9594983438340843,1.8054115545704243,2.2007582535821255,0.15014089888365906,nan
2.81,220.00303649902344,-228.0845184326172,-5.017590522766113,219.0460130302245,-228.24869414150808,-5.02244390380238,0.9710155192010518,1.0565505490243559,1.0565505490243559,0.0004401148068177862,0.9459036683183949,1.848340082439654,nan,nan,nan
2.82,220.00303649902344,-228.0760040283203,-5.017596244812012,219.0464755170879,-228.24005421794692,-5.023478783113589,0.9705441675343015,1.056853250773958,1.056853250773958,0.00033839217540115136,0.9935116745837262,1.8871034740745412,nan,0.003972536080231975,nan
2.83,220.00303649902344,-228.06747436523438,-5.01760196685791,219.04693779805828,-228.23141171438715,-5.023616690674126,0.9700702847407938,1.0571567611338786,1.0571567611338786,0.0004401138808840384,0.9723225569319233,1.8568738343459845,nan,nan,nan
2.84,220.0030517578125,-228.0589599609375,-5.017607688903809,219.04739983980087,-228.22276669262249,-5.016799207089533,0.9695895458323894,1.0574610810721177,1.0574610810721177,0.00033839167106567965,0.890950844050427,1.7460083607300623,nan,0.23732839559615673,nan
2.85,220.0030517578125,-228.05044555664062,-5.017613410949707,219.0632918447074,-228.17813528646695,-5.016809121044966,0.948395491482674,1.0572549122590746,1.0572549122590746,0.0004400668325844416,0.8522140471829684,2.0739007571274666,3.2811155361751014,nan,nan
2.86,220.0030517578125,-228.0419158935547,-5.017618656158447,219.06381473172027,-228.169342916182,-5.013860199138433,0.9478491247437036,1.057556808780928,1.057556808780928,0.00033836391240499265,0.8912567689835416,2.0948070881501306,nan,0.045564805295731155,nan
2.87,220.0030517578125,-228.03338623046875,-5.0176239013671875,219.06433752371257,-228.16054800396086,-5.013953096682174,0.947295099082919,1.0578595018438914,1.0578595018438914,0.0004400662393403226,0.8788937805748127,2.0858882879813865,nan,nan,nan
2.88,220.00306701660156,-228.0248565673828,-5.017629146575928,219.06486019448752,-228.15175060430664,-5.0291360510078915,0.9468191730830964,1.058162992415965,1.058162992415965,0.00033836361394486706,1.2383874136479769,2.401335260915658,nan,1.1169187252527288,nan
2.89,220.00306701660156,-228.01632690429688,-5.01763391494751,219.06538275500873,-228.14295054610824,-5.029263587717238,0.9462666486742541,1.058467281465149,1.058467281465149,0.00044006582269830066,1.153170603383368,2.367929791564234,nan,nan,nan
2.9,220.00306701660156,-228.00778198242188,-5.01763916015625,219.03294778375522,-228.1346883941159,-5.033592561301564,0.9785147286962695,1.058261169793911,1.058261169793911,0.00033833666488169653,1.6567790473950432,2.5087145346277575,2.1253896699443966,0.08655557875246715,nan
2.91,220.00306701660156,-227.99925231933594,-5.017643928527832,219.0333422552775,-228.12588565161516,-5.033731065946092,0.9780904403783354,1.058563068521296,1.058563068521296,0.0004400202964763879,1.4916364883758177,2.369931278312208,nan,nan,nan
2.92,220.00308227539062,-227.99070739746094,-5.017648696899414,219.03373667990533,-228.1170804675997,-5.0106469945831975,0.9775735574259146,1.0588657531175707,1.0588657531175707,0.0003383365497249439,1.0473727589597506,1.8689495769825255,nan,2.6462324998561613,nan
2.93,220.00308227539062,-227.982177734375,-5.017653465270996,219.03413085694947,-228.10827286769873,-5.010736988256956,0.9771461874260846,1.0591692245507354,1.0591692245507354,0.00044002020991291377,1.0101468723501301,1.895532036093112,nan,nan,nan
2.94,220.00308227539062,-227.9736328125,-5.01765775680542,219.03452479984247,-228.0994630849596,-5.0097560619059855,0.9767288660061979,1.0594734837887902,1.0594734837887902,0.00033833653846976135,1.084928116005372,1.951557070798261,nan,0.005638121340903664,nan
2.95,220.00308227539062,-227.965087890625,-5.017662525177002,219.0358192865935,-228.09485220899631,-5.009957902477269,0.9759589279421939,1.0592674275099598,1.0592674275099598,0.00043997598252038954,1.0340655828525076,1.928056275574061,0.3201484741986257,nan,nan
2.96,220.00308227539062,-227.95652770996094,-5.017666816711426,219.03621638036316,-228.08605437066583,-4.993258360986948,0.9758086838676325,1.0595693282452485,1.0595693282452485,0.00033831043648283905,2.659130915888677,3.5362549120983626,nan,1.3877898594608369,nan
2.97,220.0030975341797,-227.94798278808594,-5.01767110824585,219.03661333104816,-228.07725440412253,-4.993340115917691,0.9753947215374762,1.0598720045842065,1.0598720045842065,0.000439976189483201,2.242613126131203,3.1053472441198884,nan,nan,nan
2.98,220.0030975341797,-227.93942260742188,-5.017675399780273,219.03701022048327,-228.0684522604321,-4.997199544060294,0.9748808182073191,1.060175457494834,1.060175457494834,0.0003383106079395998,2.1353302842922406,3.01966130066113,nan,0.06999939105614297,nan
2.99,220.0030975341797,-227.93087768554688,-5.017679691314697,219.03740714830602,-228.05964796577194,-4.997291384962738,0.9744513274012121,1.0604796879451317,1.0604796879451317,0.00043997656231941506,1.8397942921936306,2.7495731671460977,nan,nan,nan
3.0,220.0030975341797,-227.9223175048828,-5.017683506011963,219.03037074594852,-228.0116063370549,-5.003818786488168,0.9769145973628696,1.0602736853963521,1.0602736853963521,0.0003382852355992915,1.4681775204001042,2.560245665847416,3.1205854323172724,0.20320326768248004,nan
3.0100000000000002,220.0030975341797,-227.91375732421875,-5.017687797546387,219.0307394090797,-228.0026486905511,-5.003926317324291,0.9765097934963566,1.060575587952576,1.060575587952576,0.000439933694273576,1.3293990376121143,2.426409707505911,nan,nan,nan
3.02,220.0030975341797,-227.9051971435547,-5.017691612243652,219.03110801658505,-227.99368877486572,-5.022266668958805,0.9760201443975877,1.0608782562337193,1.0608782562337193,0.0003382855688432682,0.9598041649682976,2.062322184816904,nan,1.6315993028231046,nan
3.0300000000000002,220.00311279296875,-227.89663696289062,-5.017695426940918,219.03147665027504,-227.98472675171627,-5.022414606941707,0.9756325513962415,1.0611816912077823,1.0611816912077823,0.0004399343605530338,0.9475818162836883,2.0181454766079003,nan,nan,nan
3.04,220.00311279296875,-227.8880615234375,-5.017699241638184,219.0318452225568,-227.97576273472896,-5.019731170458284,0.9752211669824737,1.0614858938427654,1.0614858938427654,0.00033828599998829455,0.9081679678418055,1.9870995971867198,nan,0.039379138685260114,nan
3.0500000000000003,220.00311279296875,-227.87950134277344,-5.017702579498291,218.99632357253532,-227.9980140500247,-5.0199133347405205,1.0137429080391744,1.0612799434429103,1.0612799434429103,0.00043989266474863585,0.9794410802083412,1.6207063739403864,4.4626801074938784,nan,nan
3.06,220.00311279296875,-227.8709259033203,-5.017706394195557,218.9965575397614,-227.98916312892726,-5.0269512805362355,1.0135181237659234,1.0615818476430727,1.0615818476430727,0.0003382613852457569,1.220218285550022,1.8400358090493196,nan,0.2326620780805413,nan
3.0700000000000003,220.00311279296875,-227.8623504638672,-5.017709732055664,218.99679147846223,-227.98031035470223,-5.027120523105643,1.013254995972946,1.0618845080566848,1.0618845080566848,0.0004398935904982187,1.1680973018583551,1.7924204494258649,nan,nan,nan
3.08,220.00311279296875,-227.85379028320312,-5.0177130699157715,218.997025457113,-227.97145579635978,-5.037690185663636,1.0131416413855072,1.0621879256517466,1.0621879256517466,0.0003382619789392909,2.145795190248473,2.7981598216127836,nan,0.5309506220234963,nan
3.09,220.0031280517578,-227.84521484375,-5.017716884613037,218.99725957881782,-227.96259928632333,-5.037883090745841,1.012895437882251,1.0624921013962585,1.0624921013962585,0.00043989467267369005,1.8897158120130637,2.4948561611765068,nan,nan,nan
3.1,220.0031280517578,-227.8366241455078,-5.0177202224731445,218.99250263783722,-227.8742377185253,-5.014531299911929,1.0113301525043215,1.0622862016400956,1.0622862016400956,0.00033823802406858505,0.9928741031155328,2.2711656149594432,12.520859631945612,2.7405856754855917,nan
3.11,220.0031280517578,-227.8280487060547,-5.017723083496094,218.99271828861612,-227.8650830903564,-5.014692204446391,1.0110927857029128,1.0625881073165375,1.0625881073165375,0.00043985419437845153,0.9829691049736444,2.3153338466669897,nan,nan,nan
3.12,220.0031280517578,-227.81947326660156,-5.017726421356201,218.99293363719852,-227.8559266830304,-5.025951390633138,1.0108853826699318,1.0628907600442803,1.0628907600442803,0.0003382387607914908,1.1613678890838397,2.4985867152142465,nan,0.604689060349539,nan
3.13,220.0031280517578,-227.81088256835938,-5.017729759216309,218.99314862230298,-227.8467682680127,-5.026137549728485,1.0106517314598589,1.0631941607913242,1.0631941607913242,0.0004398555380385841,1.1213534250964594,2.416489304338476,nan,nan,nan
3.14,220.0031280517578,-227.80230712890625,-5.017732620239258,218.99336353645785,-227.8376079131613,-5.03542592828424,1.0105362808318983,1.0634983105256695,1.0634983105256695,0.00033823959011648654,1.88545407604656,3.2358862510839894,nan,0.40671700722033943,nan
3.15,220.0031280517578,-227.79371643066406,-5.017735481262207,219.03109510316582,-227.81983585118252,-5.035565321360827,0.9725472638769779,1.063292459978955,1.063292459978955,0.000439816121281477,1.6120569431356337,3.2975334138254015,3.012904648416186,nan,nan
3.16,220.00314331054688,-227.78512573242188,-5.017738342285156,219.03144752450532,-227.81064051131676,-5.034332157021663,0.9721723402979902,1.0635943669727717,1.0635943669727717,0.00033821631465850565,1.7024874731177895,3.3556318365195725,nan,0.00997622272855413,nan
3.17,220.00314331054688,-227.7765350341797,-5.017741680145264,219.0318000105417,-227.8014435906728,-5.034522158885926,0.9718075051769649,1.0638970121882372,1.0638970121882372,0.00043981769465988344,1.527654434327042,3.222086911342737,nan,nan,nan
3.18,220.00314331054688,-227.7679443359375,-5.017744064331055,219.03215238288016,-227.7922450520097,-5.019242723344538,0.9712961198272829,1.064200396593352,1.064200396593352,0.00033821728889951003,0.8931408782214582,2.593866749117453,nan,1.1754030727226716,nan
3.19,220.00314331054688,-227.7593536376953,-5.017746925354004,219.03250460968877,-227.7830448580062,-5.019403090200558,0.9709291963914386,1.064504521156116,1.064504521156116,0.00043981941610864357,0.8918134209434604,2.5970498563711826,nan,nan,nan
3.2,220.00314331054688,-227.75076293945312,-5.017749786376953,218.98316404077076,-227.7622602970798,-5.036367749958459,1.0202139621536923,1.0642987184510777,1.0642987184510777,0.0003381946121450676,2.002567744536079,3.529535158878714,5.099457265577517,1.3882878587368956,nan
3.21,220.00314331054688,-227.74215698242188,-5.017752647399902,218.98333647229052,-227.75301513456336,-5.036562665878147,1.0200380892974088,1.06460062661158,1.06460062661158,0.0004397810926739536,1.781537870605265,3.2575776894542,nan,nan,nan
3.22,220.00314331054688,-227.7335662841797,-5.017755031585693,218.9835089923851,-227.74376830320153,-5.03099762841048,1.0197713421821533,1.0649032644807974,1.0649032644807974,0.0003381957129895874,1.4949226560034752,3.0341178507272515,nan,0.1630191248374428,nan
3.23,220.00314331054688,-227.72496032714844,-5.017757415771484,218.9836817253464,-227.73451977145348,-5.031182773306322,1.0195947954456337,1.0652066330267302,1.0652066330267302,0.00043978304760459834,1.3856057922780556,2.874284380363747,nan,nan,nan
3.24,220.00315856933594,-227.71636962890625,-5.017760276794434,218.98385450352546,-227.72526969084632,-5.009302170290529,1.0193780109684192,1.0655107332173788,1.0655107332173788,0.00033819690173730806,1.1867078175439314,2.7127972338058624,nan,2.391749796591484,nan
3.25,220.00315856933594,-227.707763671875,-5.017762660980225,218.98707289831975,-227.70588481134254,-5.009405942237809,1.0161217720871114,1.0653049770485545,1.0653049770485545,0.0004397456884735254,1.1279508371663427,2.7875365206504608,0.2562658172840448,nan,nan
3.2600000000000002,220.00315856933594,-227.69915771484375,-5.017765045166016,218.98725669283638,-227.696595261556,-5.026365217775424,1.015941510034451,1.0656068862327717,1.0656068862327717,0.00033817483578075266,1.187233727921854,2.8523515269162787,nan,1.3906971389371439,nan
3.27,220.00315856933594,-227.6905517578125,-5.017767429351807,218.98744042788135,-227.68730428408384,-5.026534463324367,1.0157611677211575,1.065909516914676,1.065909516914676,0.00043974784701883695,1.1426840565058924,2.811980668290258,nan,nan,nan
3.2800000000000002,220.00315856933594,-227.68194580078125,-5.017769813537598,218.98762408612777,-227.67801182241848,-5.020475576166669,1.01554570745095,1.0662128700622675,1.0662128700622675,0.0003381761539592792,0.9889283450360604,2.663660090438325,nan,0.19061424860216541,nan
3.29,220.00315856933594,-227.67333984375,-5.0177717208862305,218.98780777783506,-227.66871780801927,-5.020633980892973,1.0153653458475445,1.0665169466435465,1.0665169466435465,0.00043975014621494156,0.9852893344138387,2.6657231896854054,nan,nan,nan
3.3000000000000003,220.00315856933594,-227.6647186279297,-5.0177741050720215,218.99247169996062,-227.64633945668066,-5.0083650284887336,1.0108977557525964,1.0663112357639384,1.0663112357639384,0.0003381546328576411,1.2200863871261012,3.04562990488542,0.6232344651579153,0.7442671732082491,nan
3.31,220.00315856933594,-227.65611267089844,-5.0177764892578125,218.99267134532693,-227.63699653951912,-5.008478143583177,1.010710797209882,1.0666131458361587,1.0666131458361587,0.00043971377121434797,1.1542834559811184,3.048387043813573,nan,nan,nan
3.3200000000000003,220.00315856933594,-227.64749145507812,-5.017778396606445,218.99287111503241,-227.62765203102103,-5.003303994628375,1.0105858951037427,1.0669157694830238,1.0669157694830238,0.0003381560631961772,1.5765947085152399,3.414145024081099,nan,0.13739964943529492,nan
3.33,220.00315856933594,-227.63888549804688,-5.017780303955078,218.99307096294703,-227.6183059385904,-5.003408161453833,1.0103994503798839,1.0672191076725335,1.0672191076725335,0.0004397162792539588,1.4261653696606764,3.332011700966865,nan,nan,nan
3.34,220.003173828125,-227.63026428222656,-5.017782688140869,218.99327083881232,-227.60895841612208,-5.014562409099847,1.0101328417343176,1.0675231613726879,1.0675231613726879,0.00033815757725509047,0.9864848856978705,2.8080811636366403,nan,0.5998379053635957,nan
3.35,220.003173828125,-227.6216583251953,-5.017784595489502,218.99940805706473,-227.62859309521716,-5.014700135408528,1.0037944650581967,1.0673174945902129,1.0673174945902129,0.0004396807828048601,0.9656813764434601,2.55307614850977,1.7171768595330923,nan,nan
3.36,220.003173828125,-227.613037109375,-5.017786502838135,218.99962887391283,-227.6193439925215,-5.011073112622124,1.0035872266564227,1.0676194054215569,1.0676194054215569,0.0003381366064902147,1.0766414311820993,2.6117646269813393,nan,0.0694149664253508,nan
3.37,220.003173828125,-227.6044158935547,-5.017788410186768,218.99984955023348,-227.61009347704413,-5.011197977395333,1.0033619862069734,1.0679220221793955,1.0679220221793955,0.00043968347146415945,1.0414484394375516,2.5810734990813042,nan,nan,nan
3.38,220.003173828125,-227.59579467773438,-5.0177903175354,219.00007017737056,-227.60084145563653,-4.992464498327918,1.003435997581614,1.068225345831729,1.068225345831729,0.0003381382363261863,2.838824612424351,4.3837321607481385,nan,1.7477985538520808,nan
3.39,220.003173828125,-227.58717346191406,-5.017792224884033,219.00029083557516,-227.5915880663391,-4.99255366192205,1.0032102324729069,1.0685293773465578,1.0685293773465578,0.0004396862941612166,2.3900141252543534,3.9386814624507873,nan,nan,nan
3.4,220.003173828125,-227.5785369873047,-5.017794132232666,218.9690481850012,-227.5940549637719,-4.992312563499926,1.0345559258468842,1.06832375352076,1.06832375352076,0.0003381177628255014,2.9216151026351334,4.122171777331112,2.2684004082432065,0.00036619214688466377,nan
3.41,220.003173828125,-227.56991577148438,-5.017795562744141,218.9691598794078,-227.58483975153544,-4.992392157135956,1.0344336152401326,1.0686256649887855,1.0686256649887855,0.00043965168545597285,2.4685596077168306,3.7268953915826253,nan,nan,nan
3.42,220.003173828125,-227.56129455566406,-5.017797470092773,218.96927152664983,-227.5756233262879,-4.986772564440408,1.0344669291156552,1.0689282749977216,1.0689282749977216,0.00033811949207176724,3.846975299595506,5.109018218446865,nan,0.15970538971521328,nan
3.43,220.003173828125,-227.5526580810547,-5.017799377441406,218.96938302894563,-227.56640565902615,-4.986843195585374,1.0343455406986142,1.0692315845155682,1.0692315845155682,0.0004396546952342783,3.179332930780753,4.392248914893928,nan,nan,nan
3.44,220.003173828125,-227.54403686523438,-5.017800807952881,218.96949448813447,-227.55718679207908,-5.011876502102189,1.033779955260831,1.0695355945103258,1.0695355945103258,0.00033812130130168286,1.102988055910417,2.373470214659669,nan,3.062301568430146,nan
3.45,220.003173828125,-227.535400390625,-5.017802715301514,218.9634550732504,-227.5337007335533,-5.011951919012105,1.0397366060158544,1.0693300125493315,1.0693300125493315,0.0004396208891672307,1.0887968519934448,2.4614561466944465,0.5315785622735111,nan,nan
3.46,220.00318908691406,-227.5267791748047,-5.017804145812988,218.96354542515436,-227.52443075215808,-4.993584817767853,1.0399283794459104,1.0696319245376675,1.0696319245376675,0.0003381013246587151,2.745412732721107,4.164483644762811,nan,1.6785723248991702,nan
3.47,220.00318908691406,-227.5181427001953,-5.017805576324463,218.96363576213318,-227.51515963395067,-4.993662017878133,1.039837932161382,1.069934527932279,1.069934527932279,0.00043962405923230635,2.335974684134011,3.7168838006466802,nan,nan,nan
3.48,220.00318908691406,-227.50950622558594,-5.017807483673096,218.9637260585135,-227.5058873497692,-4.9915410039609815,1.0398011404255816,1.0702378237011663,1.0702378237011663,0.00033810323758177204,3.0501691049651436,4.434125501126298,nan,0.02376934743051639,nan
3.49,220.00318908691406,-227.50086975097656,-5.01780891418457,218.96381631014532,-227.49661387533132,-4.991615560404654,1.039711485628449,1.0705418128123294,1.0705418128123294,0.00043962735742053625,2.5697493708765675,3.9582559917031284,nan,nan,nan
3.5,220.00318908691406,-227.4922332763672,-5.017810344696045,218.9951078018495,-227.53099372718452,-5.000363346362806,1.0089770302617376,1.0703362716700242,1.0703362716700242,0.00033808371598876153,1.8512129994095388,2.9352891425132333,5.703174580144698,0.3648317846437923,nan
3.5100000000000002,220.00318908691406,-227.4835968017578,-5.0178117752075195,218.9953036747054,-227.52186614530416,-5.000467447260095,1.0087608103561612,1.07063818406803,1.07063818406803,0.00043959435370016054,1.6345043480219332,2.7216218523358773,nan,nan,nan
3.52,220.00318908691406,-227.47496032714844,-5.017813205718994,218.99549950831462,-227.51273737783313,-5.016512039786495,1.0083982771748146,1.0709407809776692,1.0709407809776692,0.00033808571702662483,0.954514351919321,2.0454441519083244,nan,1.249035924058543,nan
3.5300000000000002,220.00318908691406,-227.46632385253906,-5.017814636230469,218.99569535358077,-227.50360754076056,-5.016648985612606,1.0081840381867853,1.0712440633669422,1.0712440633669422,0.00043959781967798956,0.9519257199588957,2.045872486320265,nan,nan,nan
3.54,220.00318908691406,-227.4576873779297,-5.017816066741943,218.9958912777863,-227.49447655605638,-5.0137399587677365,1.0079776458617615,1.0715480322038493,1.0715480322038493,0.0003380877946988618,0.9973061376683998,2.09594668998845,nan,0.045644106158326564,nan
3.5500000000000003,220.00318908691406,-227.44903564453125,-5.01781702041626,218.99464832807402,-227.5014706841169,-5.013933035775066,1.0099103826353544,1.0713425308772548,1.0713425308772548,0.00043956555115343615,0.9863054932990466,1.9233320144283401,0.6138042551096834,nan,nan
3.56,220.00318908691406,-227.44039916992188,-5.017818450927734,218.9948396040264,-227.49239183680513,-5.01531337453649,1.0096921275602695,1.0716444435797026,1.0716444435797026,0.0003380687224918325,0.9698779717981691,1.9497825819424384,nan,0.007466029010000194,nan
3.5700000000000003,220.00318908691406,-227.43174743652344,-5.017819881439209,218.9950308795998,-227.48331185665342,-5.015464900025078,1.0094787795372016,1.0719470341287929,1.0719470341287929,0.00043956915937548493,0.9632624777522183,1.9066198550538358,nan,nan,nan
3.58,220.00318908691406,-227.42311096191406,-5.017821311950684,218.995222151524,-227.47423079135285,-5.019945713868683,1.0092646297602106,1.072250303492526,1.072250303492526,0.0003380708931251821,0.9633241429531003,1.9505780412850482,nan,0.09209865352932264,nan
3.59,220.00318908691406,-227.41445922851562,-5.017822265625,218.99541334555164,-227.4651487044635,-5.0201077113218195,1.0090523232778785,1.0725542526389018,1.0725542526389018,0.0004395728904137178,0.9611878204741688,1.9108788631148859,nan,nan,nan
3.6,220.00318908691406,-227.40582275390625,-5.017823696136475,219.0247011789658,-227.42734759231215,-5.02461451885272,0.9787481902626972,1.0723487901657396,1.0723487901657396,0.000338052238394519,1.0296892065644732,2.5268952310003954,3.3215313918443026,0.09070670889753607,nan
3.61,220.00318908691406,-227.3971710205078,-5.017824649810791,219.02498914467796,-227.4181677884263,-5.024795798475139,0.9784500948783426,1.0726507030725199,1.0726507030725199,0.00043954134831347474,1.0030396965378974,2.454336315360628,nan,nan,nan
3.62,220.00320434570312,-227.38851928710938,-5.017826080322266,219.02527705654717,-227.4089868192548,-5.036232017961622,0.9783146126315538,1.0729532873808316,1.0729532873808316,0.00033805448710141293,1.8938495192171079,3.312999929003866,nan,0.6227672817476916,nan
3.63,220.00320434570312,-227.37986755371094,-5.017827033996582,219.02556509793752,-227.3998047763849,-5.0364369793552575,0.9780195916677283,1.073256544058675,1.073256544058675,0.00043954522998160446,1.6788390998779024,3.137416256955764,nan,nan,nan
3.64,220.00320434570312,-227.3712158203125,-5.017827987670898,219.02585330966596,-227.39062184335907,-5.040589654877282,0.9778086391863258,1.07356047407405,1.07356047407405,0.0003380568094314394,2.4226778060907854,3.8835492421678848,nan,0.07659119407707786,nan
3.65,220.00320434570312,-227.36256408691406,-5.017829418182373,218.99322722314176,-227.3701533087387,-5.040849780856192,1.01026794539017,1.0733550495304733,1.0733550495304733,0.00043951436296092353,2.1561283916484966,3.567377228479289,2.4336093039875384,nan,nan
3.66,220.00320434570312,-227.35391235351562,-5.0178303718566895,218.99340711068257,-227.3609313476098,-5.038058969133042,1.0100242166804836,1.073656962546319,1.073656962546319,0.00033803856180686094,2.160283074452086,3.5761059238874338,nan,0.04475628392511397,nan
3.67,220.00320434570312,-227.3452606201172,-5.017831325531006,218.9935869225826,-227.35170834811282,-5.03828010221621,1.0098450706582371,1.0739595407292268,1.0739595407292268,0.00043951837081002897,1.9005567424101146,3.3186891564848393,nan,nan,nan
3.68,220.00320434570312,-227.33660888671875,-5.017832279205322,218.99376655869753,-227.34248440537186,-5.029604231983046,1.0095235244541838,1.0742627850471969,1.0742627850471969,0.00033804096753530427,1.3585036802707622,2.77897182047309,nan,0.38934553096381685,nan
3.69,220.00320434570312,-227.3279571533203,-5.017833232879639,218.99394607742434,-227.3332594491351,-5.029810094930558,1.0093432575960402,1.0745666964682292,1.0745666964682292,0.00043952249669931896,1.2743112805935415,2.6978781914175918,nan,nan,nan
3.7,220.00320434570312,-227.31930541992188,-5.017834186553955,219.0039682871463,-227.35367240598072,-5.013219889393196,0.9998375278960181,1.074361308966711,1.074361308966711,0.00033802310383651514,0.9934523229871949,2.1638593656055134,1.9862835134927814,1.3774486514603856,nan
3.71,220.00320434570312,-227.31063842773438,-5.0178351402282715,219.00417992119412,-227.34454238220619,-5.013384233173655,0.9996094684765542,1.0746632220009407,1.0746632220009407,0.00043949228838529577,0.9748550279130368,2.102207965529498,nan,nan,nan
3.72,220.00320434570312,-227.30198669433594,-5.017836093902588,219.0043916544637,-227.33541150955963,-5.029457652743309,0.9994393783935033,1.074965794169663,1.074965794169663,0.00033802557868361854,1.3286511842081161,2.504537859801722,nan,1.2446834693615267,nan
3.73,220.00320434570312,-227.29331970214844,-5.017837047576904,219.00460343015922,-227.32627975769157,-5.029653906191229,0.9992145875306462,1.0752690264408786,1.0752690264408786,0.00043949654959238375,1.2461326288802876,2.3789300450366007,nan,nan,nan
3.74,220.00320434570312,-227.28466796875,-5.017838001251221,219.00481521840567,-227.31714724863537,-5.025868711631003,0.998949571017904,1.0755729197825876,1.0755729197825876,0.0003380281244387786,1.1185146487498359,2.2988744511711245,nan,0.07799982318632984,nan
3.75,220.00320434570312,-227.2760009765625,-5.017838954925537,218.99839668574717,-227.3252928477648,-5.026071641886284,1.0060496504682992,1.075367568469952,1.075367568469952,0.0004394669626046638,1.0953626996241184,2.0623944079797476,0.676283458842777,nan,nan
3.7600000000000002,220.00320434570312,-227.26734924316406,-5.0178399085998535,218.998587240072,-227.3162146452276,-5.01775263285107,1.005804833982493,1.0756694814362298,1.0756694814362298,0.0003380106300722674,0.9405004177160471,1.950999026241856,nan,0.35652114689836656,nan
3.77,220.00320434570312,-227.25868225097656,-5.01784086227417,218.99877783812786,-227.3071357107034,-5.017932227675434,1.0055945282403693,1.0759720476980534,1.0759720476980534,0.0004394713356471367,0.9398392707639899,1.9120184489730598,nan,nan,nan
3.7800000000000002,220.00320434570312,-227.25001525878906,-5.017841815948486,218.99896857442556,-227.29805606138018,-5.019668366564098,1.0053858658814507,1.0762752682234231,1.0762752682234231,0.00033801325067879496,0.9490328143052957,1.923248001946432,nan,0.011904875073830886,nan
3.79,220.00320434570312,-227.24136352539062,-5.0178422927856445,218.99915929909545,-227.28897562318866,-5.019852506712569,1.0051753122884406,1.076579143980339,1.076579143980339,0.00043947582241965824,0.9476985217798516,1.9658749552926327,nan,nan,nan
3.8000000000000003,220.00320434570312,-227.23269653320312,-5.017843246459961,218.97364902699198,-227.29417613045567,-5.015090681644509,1.0313929764051182,1.0763738280359232,1.0763738280359232,0.0003379961101894734,1.0107010746249896,1.824922439470178,2.182788838147471,0.12816380195365262,nan
3.81,220.00320434570312,-227.22402954101562,-5.017844200134277,218.97375742078057,-227.28513974570606,-5.015296749043363,1.0312622934330857,1.0766757408520349,1.0766757408520349,0.00043944683355515976,1.00252577211858,1.8195882692959167,nan,nan,nan
3.8200000000000003,220.00320434570312,-227.21536254882812,-5.0178446769714355,218.97386593162798,-227.27610247483324,-5.020725165644895,1.0311329722770153,1.0769783013105227,1.0769783013105227,0.00033799879190458753,1.011779566150841,1.8326737815443892,nan,0.13411834364788763,nan
3.83,220.00320434570312,-227.20669555664062,-5.017845630645752,218.97397440138099,-227.2670643463599,-5.020942843284626,1.0310035217144766,1.0772815103793867,1.0772815103793867,0.00043945144194109433,1.0085335087250216,1.8308014976081293,nan,nan,nan
3.84,220.00320434570312,-227.19802856445312,-5.017846584320068,218.97408263603796,-227.25802534580282,-5.020927097134794,1.0308737054730184,1.0775853690266273,1.0775853690266273,0.0003380015420731923,1.0142536050129214,1.8388535629708678,nan,0.0002702538521542945,nan
3.85,220.00320434570312,-227.18936157226562,-5.017847061157227,218.95000118523342,-227.26513502475203,-5.021146348295436,1.0559305841866256,1.0773800876605657,1.0773800876605657,0.00043942302619837895,1.0596698058415728,1.70315936923467,1.6593758872586382,nan,nan
3.86,220.0032196044922,-227.18069458007812,-5.017848014831543,218.9500320746954,-227.25614577434052,-5.033354796852272,1.056000623069759,1.0776820002482077,1.0776820002482077,0.0003379847370689317,1.7459854151128793,2.379483760881959,nan,0.7070785531900856,nan
3.87,220.0032196044922,-227.17202758789062,-5.017848491668701,218.95006295061586,-227.2471557794451,-5.033598271897688,1.0559503957797893,1.0779845550033942,1.0779845550033942,0.0004394277335706011,1.5986333707571527,2.24706230396273,nan,nan,nan
3.88,220.0032196044922,-227.16336059570312,-5.017848968505859,218.950093811454,-227.2381652742411,-5.016932629957668,1.055779577170266,1.0782877528941253,1.0782877528941253,0.00033798755442749284,1.0362247993227325,1.6857357478025268,nan,1.4067970420812939,nan
3.89,220.0032196044922,-227.15469360351562,-5.017849922180176,218.9501245580302,-227.22917440567085,-5.01714647151286,1.0557258458592735,1.0785915948884013,1.0785915948884013,0.00043943255077307126,1.0344704786946526,1.6843155135468413,nan,nan,nan
3.9,220.0032196044922,-227.14601135253906,-5.017850399017334,218.94240554896925,-227.22975971546248,-5.0052595242896665,1.0641892589261492,1.0783863473400208,1.0783863473400208,0.0003379710763121383,1.5190962519958822,2.0734535497545563,0.2983303798206171,0.7212405577802949,nan
3.91,220.0032196044922,-227.13734436035156,-5.01785135269165,218.94241171878096,-227.2207980521287,-5.005453835200637,1.0641576892069617,1.078688259624604,1.078688259624604,0.00043940467879778183,1.3994682679693775,1.984193686372504,nan,nan,nan
3.92,220.0032196044922,-227.12867736816406,-5.017851829528809,218.94241775518176,-227.21183566538153,-5.016655538482875,1.064056998947325,1.0789908087731779,1.0789908087731779,0.0003379739475940611,1.0535629410314176,1.6418622912302,nan,0.5960459812713353,nan
3.93,220.0032196044922,-227.1199951171875,-5.017852306365967,218.94242362729156,-227.20287265566353,-5.016872112165287,1.064029018593736,1.0792939957537433,1.0792939957537433,0.0004394096053136172,1.051165577526034,1.6117558316387566,nan,nan,nan
3.94,220.0032196044922,-227.111328125,-5.017853260040283,218.94242956528714,-227.1939089920926,-5.016588520575822,1.0640003319794211,1.0795978215343,1.0795978215343,0.00033797688510491864,1.0533594727144855,1.6449663050187575,nan,0.0012356471765178664,nan
3.95,220.0032196044922,-227.10264587402344,-5.017853736877441,218.89897798773848,-227.14717313546268,-5.016769671005555,1.1051395388732335,1.0793926070706183,1.0793926070706183,0.0004393822631126728,1.1341741892540675,1.9132047066966242,6.546107044046312,nan,nan
3.96,220.0032196044922,-227.09397888183594,-5.0178542137146,218.8988479463678,-227.13809003668925,-5.024223709044906,1.1052706110820445,1.079694518981083,1.079694518981083,0.0003379607120619972,1.2514599127949604,2.073003884276215,nan,0.25819642942486243,nan
3.97,220.0032196044922,-227.08529663085938,-5.017854690551758,218.89871779525103,-227.12900647728608,-5.0244481611235585,1.1053860281122683,1.0799970626165587,1.0799970626165587,0.00043938727707439323,1.2302735889386165,2.0114126678916286,nan,nan,nan
3.98,220.0032196044922,-227.0766143798828,-5.017855167388916,218.89858758839944,-227.11992249060938,-4.999829195224791,1.1056276132153637,1.080300238945046,1.080300238945046,0.0003379637098765456,2.0926993705683317,2.8758105937442298,nan,3.0372521222390483,nan
3.99,220.0032196044922,-227.0679473876953,-5.017856121063232,218.8984572823549,-227.11083801640734,-5.000010132252505,1.1057386100530686,1.080604048934545,1.080604048934545,0.0004393923973293023,1.855980611164321,2.6812535633726293,nan,nan,nan
4.0,220.0032196044922,-227.05926513671875,-5.017856597900391,218.92975185586974,-227.09363067190301,-4.999081072434098,1.0741817898743138,1.0803988668488647,1.0803988668488647,0.00033794783941848395,2.1107948117794284,2.9456901864207095,2.2854280876234796,0.005000679077758043,nan
4.01,220.0032196044922,-227.0505828857422,-5.017857074737549,218.92971897731147,-227.0845196837311,-4.999242611548401,1.0741982131129062,1.0807007783175075,1.0807007783175075,0.00043936554999638507,1.856047304950371,2.6927131981445713,nan,nan,nan
4.0200000000000005,220.0032196044922,-227.0419158935547,-5.017857551574707,218.92968610099743,-227.07540811261,-5.001537148211157,1.0741798114975576,1.0810033165303847,1.0810033165303847,0.0003379508846939126,1.855301727049898,2.739487062887606,nan,0.022365091573945516,nan
4.03,220.0032196044922,-227.03323364257812,-5.017858028411865,218.92965333037156,-227.0662958360597,-5.0017049051730735,1.074196712412311,1.0813064824554963,1.0813064824554963,0.00043937076849577615,1.660749349823984,2.5032307296221696,nan,nan,nan
4.04,220.0032196044922,-227.02455139160156,-5.017858505249023,218.92962055851928,-227.05718276596147,-5.022864346700988,1.0741065014956415,1.0816102770608427,1.0816102770608427,0.00033795399417750225,1.1407791307500406,1.9864390529172677,nan,2.168248259433201,nan
4.05,220.0032196044922,-227.015869140625,-5.017858982086182,218.95112487160688,-226.99976094656404,-5.023010733014113,1.0522306502941916,1.081405126671433,1.081405126671433,0.0004393444118567496,1.0842281212579494,2.4418277701136217,5.610234276897999,nan,nan
4.0600000000000005,220.0032196044922,-227.00718688964844,-5.01785945892334,218.95115838525726,-226.99049752446854,-5.039970683593508,1.0524258882147512,1.081707037633744,1.081707037633744,0.00033793840139428974,2.4702172580743573,3.829672513973341,nan,1.3833510115571102,nan
4.07,220.0032196044922,-226.99850463867188,-5.017859935760498,218.95119172844792,-226.9812335619972,-5.040196702043725,1.0524067052198494,1.0820095705116572,1.0820095705116572,0.0004393497074101645,2.1587653806774787,3.5188566491085336,nan,nan,nan
4.08,220.0032196044922,-226.9898223876953,-5.017860412597656,218.9512248442382,-226.97196916706565,-5.029304718715911,1.0522084799274474,1.0823127262731729,1.0823127262731729,0.0003379415649761565,1.410379112859057,2.771373871737848,nan,0.60845600666282,nan
4.09,220.0032196044922,-226.98114013671875,-5.0178608894348145,218.9512578435156,-226.96270436042124,-5.029512570717955,1.052187809319879,1.0826165058862913,1.0826165058862913,0.0004393551060414691,1.331491119167799,2.6935166776948796,nan,nan,nan
4.1,220.0032196044922,-226.9724578857422,-5.017861366271973,218.9478679327261,-226.93736703563545,-5.019915236748884,1.055936900219246,1.082411386535153,1.082411386535153,0.00033792625283636545,1.0425892004309738,2.5921022806695677,0.5715774895510575,0.46904415504432706,nan
4.11,220.0032196044922,-226.96377563476562,-5.017861843109131,218.9478901419149,-226.92805207963298,-5.0200993458350744,1.055936292298644,1.082713296929663,1.082713296929663,0.00043932920016853064,1.0412124930999176,2.5932511556040625,nan,nan,nan
4.12,220.0032196044922,-226.95509338378906,-5.017862319946289,218.94791250886914,-226.91873647536102,-5.036260968119325,1.056093462302176,1.0830158245575239,1.0830158245575239,0.00033792945805209413,2.0312464839470685,3.584919662640051,nan,1.2563191628662023,nan
4.13,220.0032196044922,-226.9464111328125,-5.017862796783447,218.94793508535267,-226.90942010965787,-5.036475846669119,1.0560966801176865,1.0833189703867359,1.0833189703867359,0.0004393346870585001,1.8178074456125421,3.374084197398411,nan,nan,nan
4.14,220.0032196044922,-226.93772888183594,-5.017862796783447,218.94795788153073,-226.90010316143102,-5.029982222722564,1.056001836773343,1.0836227353852994,1.0836227353852994,0.00033793272563637194,1.4635935909446598,3.0213248483042876,nan,0.2215671024258276,nan
4.15,220.0032196044922,-226.9290313720703,-5.0178632736206055,218.9543619552153,-226.86189328661624,-5.030171651892236,1.0510762993906648,1.0834176464370024,1.0834176464370024,0.0004393092365603708,1.364411426923321,3.2672375638704105,1.7260596194964455,nan,nan
4.16,220.0032196044922,-226.92034912109375,-5.017863750457764,218.9544043848947,-226.8524878584827,-5.025415536854936,1.0510354633884993,1.0837195562051378,1.0837195562051378,0.0003379176664296093,1.188051847932632,3.1633876827471843,nan,0.1210162944284196,nan
4.17,220.0032196044922,-226.9116668701172,-5.017864227294922,218.95444704924213,-226.8430821838154,-5.025609770160273,1.0510412576464925,1.0840220786652661,1.0840220786652661,0.0004393147911238866,1.1555698983208262,3.1307190001214527,nan,nan,nan
4.18,220.0032196044922,-226.90296936035156,-5.01786470413208,218.9544897483837,-226.83367609115908,-5.019384707940178,1.0510176871300845,1.0843252147853875,1.0843252147853875,0.00033792098250677946,1.0255682811799516,2.9287962071824327,nan,0.20289496881196029,nan
4.19,220.0032196044922,-226.894287109375,-5.01786470413208,218.95453228156836,-226.8242696322659,-5.019569160614665,1.0510235266319043,1.0846289655335024,1.0846289655335024,0.0004393204458363612,1.0250694949243122,3.0004589773946626,nan,nan,nan
4.2,220.0032196044922,-226.88560485839844,-5.017865180969238,218.9532092952249,-226.83416227730208,-5.017579398448089,1.051269741973534,1.084423906374097,1.084423906374097,0.00033790618408843743,1.019370825923837,2.7599855875197057,0.7399229056077348,0.023621528843234825,nan
4.21,220.0032196044922,-226.8769073486328,-5.0178656578063965,218.95324750094346,-226.82481303861076,-5.017764562916628,1.0512636422836026,1.084725815460046,1.084725815460046,0.0004392954062344614,1.0188569827374427,2.6923646541142228,nan,nan,nan
4.22,220.0032196044922,-226.86822509765625,-5.017866134643555,218.95328569621387,-226.81546326587466,-5.011408972863331,1.0512786108276873,1.0850283328322954,1.0850283328322954,0.00033790953653299745,1.1419310740248134,2.884558843243793,nan,0.21065830085208692,nan
4.23,220.0032196044922,-226.85952758789062,-5.017866134643555,218.95332364010608,-226.80611296629877,-5.011584361407722,1.051272618548123,1.085331459458845,1.085331459458845,0.0004393011401757171,1.1080722461659676,2.784895001814256,nan,nan,nan
4.24,220.0032196044922,-226.85084533691406,-5.017866611480713,218.95336147040868,-226.79676218887622,-5.013673531363542,1.0512586125801093,1.0856351963076951,1.0856351963076951,0.0003379129496680507,1.0699852842733588,2.8145940188540735,nan,0.018010144518372604,nan
4.25,220.0032196044922,-226.84214782714844,-5.017867088317871,218.9579490623059,-226.8214676108902,-5.013917454846651,1.0454825571531496,1.0854301663436856,1.0854301663436856,0.00043927652395598965,1.042502825122447,2.3814574988755908,2.449096457705788,nan,nan
4.26,220.0032196044922,-226.83346557617188,-5.017867088317871,218.95800055172225,-226.8122176821545,-5.029320701261205,1.0454977410415165,1.085732074694269,1.085732074694269,0.00033789838178778275,1.3948723199826647,2.7955676960450737,nan,1.1384904814505954,nan
4.2700000000000005,220.0032196044922,-226.82476806640625,-5.017867565155029,218.95805201019795,-226.80296713545775,-5.029545071911773,1.0454601594116761,1.086034587056142,1.086034587056142,0.00043928231708378386,1.3167009253477922,2.659686821892725,nan,nan,nan
4.28,220.0032196044922,-226.8160858154297,-5.0178680419921875,218.958103369429,-226.79371624196787,-5.021343145668876,1.0453613819895278,1.0863377043973053,1.0863377043973053,0.00033790183834083565,1.0416587696089552,2.4430517279588573,nan,0.3496369946784507,nan
4.29,220.0032196044922,-226.80738830566406,-5.0178680419921875,218.95815464855613,-226.78446510243506,-5.021554519403651,1.0453228331418065,1.0866414276857588,1.0866414276857588,0.0004392882076871638,1.0364995088245859,2.3810973995885525,nan,nan,nan
4.3,220.0032196044922,-226.79869079589844,-5.017868518829346,218.93895201130863,-226.7451276050053,-5.0173762403170326,1.065614736974631,1.08643642634314,1.08643642634314,0.00033788751324232726,1.045909090234214,2.705082205633774,2.5240879265417426,0.09363517046084986,nan
4.3100000000000005,220.0032196044922,-226.79000854492188,-5.017868995666504,218.9389459395009,-226.73578618963856,-5.01757614324634,1.065654063741594,1.0867383339076904,1.0867383339076904,0.0004392639662390864,1.045174020967745,2.772446205954858,nan,nan,nan
4.32,220.0032196044922,-226.78131103515625,-5.017868995666504,218.93893977200457,-226.7264444141645,-5.021717997369079,1.0657001092019385,1.0870408413344506,1.0870408413344506,0.0003378910013923271,1.0886096588303191,2.7498894808145633,nan,0.07646550418435652,nan
4.33,220.0032196044922,-226.77261352539062,-5.017869472503662,218.9389333444732,-226.71710222319913,-5.021926900300409,1.0657406864038252,1.0873439495914208,1.0873439495914208,0.00043926992788769696,1.082028952946473,2.7425498998991253,nan,nan,nan
4.34,220.00323486328125,-226.763916015625,-5.017869472503662,218.93892667036386,-226.70775956505514,-5.020268153416532,1.0657913633173317,1.0876476596466012,1.0876476596466012,0.0003378945486992237,1.0613969847524911,2.71563321088986,nan,0.017192436856253903,nan
4.3500000000000005,220.00323486328125,-226.75523376464844,-5.01786994934082,218.93990560513683,-226.69342363213613,-5.020543759408656,1.065127575911652,1.0874426863699493,1.0874426863699493,0.00043924608078001133,1.0595400206094454,2.9176910133501885,0.20532410425495662,nan,nan
4.36,220.00323486328125,-226.7465362548828,-5.01786994934082,218.9399015198215,-226.6840653610881,-5.0211154927661585,1.065171791513908,1.0877445931001986,1.0877445931001986,0.0003378804338241511,1.0742331188906737,2.8637652876008284,nan,0.0005937881480388513,nan
4.37,220.00323486328125,-226.7378387451172,-5.0178704261779785,218.93989744246727,-226.6747066546552,-5.021341552038686,1.0652155556807115,1.0880470956649728,1.0880470956649728,0.00043925209391986017,1.0702821060326138,2.8596713918934356,nan,nan,nan
4.38,220.00323486328125,-226.72914123535156,-5.017870903015137,218.93989331508246,-226.66534750322433,-4.995092789606592,1.0654969407909995,1.0883501950322723,1.0883501950322723,0.00033788401994459057,2.5782105802429935,4.36725771219096,nan,3.451310074050588,nan
4.39,220.00323486328125,-226.72044372558594,-5.017870903015137,218.93988917781127,-226.65598797715705,-4.995273723047077,1.0655370584149875,1.0886538921700974,1.0886538921700974,0.00043925820209078176,2.204930395463397,3.9959379214927417,nan,nan,nan
4.4,220.00323486328125,-226.7117462158203,-5.017871379852295,218.94036099053434,-226.66162093953162,-4.985666049067047,1.0645424350499189,1.088448946421715,1.088448946421715,0.00033787013148694475,4.10997732494293,5.70190359943922,0.5555359832486264,0.4650458042838474,nan
4.41,220.00323486328125,-226.7030487060547,-5.017871379852295,218.94035842471501,-226.65230489317415,-4.985818372973892,1.0645697034270916,1.0887508522716856,1.0887508522716856,0.000439234696954449,3.379039557858354,4.972780870855344,nan,nan,nan
4.42,220.00323486328125,-226.69435119628906,-5.017871856689453,218.94035560909947,-226.64298856081078,-5.0043338266817115,1.0642056697602127,1.089053350045562,1.089053350045562,0.000337873744874112,1.582202604561906,3.1756919672061725,nan,1.6602201817198803,nan
4.43,220.00323486328125,-226.68565368652344,-5.017871856689453,218.9403527359585,-226.6336718684001,-5.004520540583862,1.064236244280045,1.0893564407113447,1.0893564407113447,0.0004392408687385858,1.4453628593114929,3.0407713637075764,nan,nan,nan
4.44,220.00323486328125,-226.6769561767578,-5.017871856689453,218.94034985601013,-226.62435485207007,-4.9954963228266935,1.0644210175284394,1.089660125237034,1.089660125237034,0.00033787741601417807,2.521100410917361,4.116472218956235,nan,0.4178339404900633,nan
4.45,220.00323486328125,-226.6682586669922,-5.017872333526611,218.92022223641035,-226.56708112539596,-4.995656693171014,1.0879553205723411,1.0894552064961425,1.0894552064961425,0.0004392177315262097,2.209671957344002,4.439190329087572,5.316734657920094,nan,nan
4.46,220.00323486328125,-226.65956115722656,-5.017872333526611,218.9201606160233,-226.55762398576448,-4.990308150872596,1.0882099044598095,1.0897571114220461,1.0897571114220461,0.0003378637193147062,3.334756540811005,5.5657971367969665,nan,0.14999029603206726,nan
4.47,220.00323486328125,-226.65086364746094,-5.0178728103637695,218.920098962927,-226.54816659333886,-4.990469759342727,1.0883386379095554,1.0900596044741666,1.0900596044741666,0.0004392239478098603,2.7955996769900673,5.023532175446104,nan,nan,nan
4.48,220.00323486328125,-226.6421661376953,-5.0178728103637695,218.92003728916615,-226.5387089485687,-5.0174852948465505,1.0881270719539606,1.0903626866205038,1.0903626866205038,0.000337867425082242,1.0863403625075112,3.3160209746303555,nan,3.550841475288871,nan
4.49,220.00323486328125,-226.6334686279297,-5.017873287200928,218.91997547294997,-226.5292509122352,-5.017695777699778,1.0882611223943879,1.090666358829058,1.090666358829058,0.0004392302568854525,1.0859328995947828,3.3132318478292153,nan,nan,nan
4.5,220.00323486328125,-226.62477111816406,-5.017873287200928,218.89410034325218,-226.53764708526012,-5.024811544796743,1.1125727482048247,1.0904614665910373,1.0904614665910373,0.00033785393989929543,1.2775741217313157,3.256193645140089,1.9834533252799307,0.2379429107363091,nan
4.51,220.00323486328125,-226.61607360839844,-5.017873764038086,218.89396381961288,-226.52824020600028,-5.0250271052315325,1.112765979524979,1.0907633705511794,1.0907633705511794,0.0004392074318033174,1.251671482685271,3.2290948348202195,nan,nan,nan
4.5200000000000005,220.00323486328125,-226.6073760986328,-5.017873764038086,218.8938274502464,-226.51883303436804,-5.01022880711802,1.1129614223738407,1.0910658589488256,1.0910658589488256,0.00033785766899514634,1.308230949657737,3.2864045865610176,nan,1.1102732332080407,nan
4.53,220.00323486328125,-226.59866333007812,-5.017873764038086,218.8936910698895,-226.5094257267798,-5.010420359775566,1.1131515317025151,1.0913689327519756,1.0913689327519756,0.00043921379772934795,1.2618013424469539,3.1634191775841343,nan,nan,nan
4.54,220.00323486328125,-226.5899658203125,-5.017874240875244,218.89355458599042,-226.50001827919968,-5.026711270645937,1.1133548271129354,1.0916725929286297,1.0916725929286297,0.000337861454556397,1.3665355710877036,3.3415873562002862,nan,1.2762254344873851,nan
4.55,220.00323486328125,-226.58126831054688,-5.017874240875244,218.90142315466383,-226.48437254400142,-5.026872894369732,1.1061007217182264,1.0914677267042996,1.0914677267042996,0.0004391913164969771,1.3052304015994964,3.360975579556995,0.32725728374527535,nan,nan
4.5600000000000005,220.00323486328125,-226.57257080078125,-5.017874240875244,218.90130973714275,-226.4749465956532,-5.033648683907506,1.1063536062648347,1.0917696296589874,1.0917696296589874,0.0003378481443150869,1.857427847596613,3.9127902253583544,nan,0.21239721557184008,nan
4.57,220.00323486328125,-226.56385803222656,-5.017874717712402,218.90119644812944,-226.4655203315755,-5.033869828700452,1.1065327900316242,1.0920721134676632,1.0920721134676632,0.0004391977205577814,1.7034754996573855,3.679720512097556,nan,nan,nan
4.58,220.00323486328125,-226.55516052246094,-5.017874717712402,218.90108319774967,-226.4560937666765,-5.038130260704604,1.10678037702048,1.092375179098327,1.092375179098327,0.00033785196069084904,2.335398763779681,4.389704122937407,nan,0.08031118607117847,nan
4.59,220.00323486328125,-226.5464630126953,-5.017874717712402,218.90096979222858,-226.4466669010574,-5.038360629746305,1.1069630632286953,1.092678827518979,1.092678827518979,0.00043920421535623486,2.076579472533297,4.130223370354508,nan,nan,nan
4.6000000000000005,220.00323486328125,-226.53775024414062,-5.0178751945495605,218.92228698609264,-226.45349077524574,-5.041808703302522,1.0844910253839035,1.0924739868339188,1.0924739868339188,0.00033783884837271623,2.771563009412657,4.557746310436323,1.4229693583689724,0.05126086923690527,nan
4.61,220.00323486328125,-226.529052734375,-5.0178751945495605,218.92223474987728,-226.44410975678696,-5.042044827448366,1.0846016438192363,1.0927758887453758,1.0927758887453758,0.0004391820190543051,2.4060884669465255,4.266278424684083,nan,nan,nan
4.62,220.00323486328125,-226.52035522460938,-5.0178751945495605,218.92218247321253,-226.4347283459389,-5.009068022517842,1.0844739732715283,1.0930783680288854,1.0930783680288854,0.0003378426844880344,1.30545924115149,3.164982048958154,nan,5.433308158773445,nan
4.63,220.00323486328125,-226.5116424560547,-5.017875671386719,218.9221303405361,-226.4253465649293,-5.009248228727143,1.084577522675054,1.0933814256524474,1.0933814256524474,0.00043918856453797683,1.2452543584868596,3.030851499362916,nan,nan,nan
4.64,220.00323486328125,-226.50294494628906,-5.017875671386719,218.9220782336579,-226.41596446233348,-5.016885016780681,1.0846502863892071,1.0936850625840622,1.0936850625840622,0.0003378465758863068,1.078594106511176,2.9380127739380377,nan,0.2737693607577401,nan
4.65,220.00323486328125,-226.49424743652344,-5.017875671386719,218.92881994924144,-226.37475914111013,-5.017073263375937,1.0810390853759904,1.0934802469779712,1.0934802469779712,0.0004391666901068281,1.070204976945665,3.4139316231446486,2.0817740571255983,nan,nan
4.66,220.00323486328125,-226.48553466796875,-5.017876148223877,218.9287872605133,-226.3652859604424,-5.01073962916785,1.0811791399485013,1.093782147810255,1.093782147810255,0.0003378336231669478,1.219429183279531,3.477638536350478,nan,0.2099157795314531,nan
4.67,220.00323486328125,-226.47683715820312,-5.017876148223877,218.9287546567074,-226.35581260984486,-5.010923958099629,1.0812969012125226,1.0940846226307748,1.0940846226307748,0.0004391732679207348,1.1786688600091724,3.5195700442477245,nan,nan,nan
4.68,220.00323486328125,-226.46812438964844,-5.017876148223877,218.92872200725176,-226.346338942713,-5.007330988441327,1.0814438373085982,1.0943876724075308,1.0943876724075308,0.0003378375419003869,1.3977049423668444,3.6561064158098717,nan,0.07031558483369343,nan
4.69,220.00323486328125,-226.4594268798828,-5.017876625061035,218.92868924027135,-226.33686486088175,-5.007510997332756,1.0815623840858861,1.094691298108523,1.094691298108523,0.00043917993458478737,1.3131447510141232,3.6533466432334762,nan,nan,nan
4.7,220.00323486328125,-226.45071411132812,-5.017876625061035,218.9240614259768,-226.37361493354726,-5.010478789841098,1.0819493144154,1.0944865071346122,1.0944865071346122,0.0003378247746821464,1.231506773462861,2.874856237930477,4.24715124227552,0.0387596003903938,nan
4.71,220.00323486328125,-226.4420166015625,-5.017876625061035,218.92401571582818,-226.36427091150154,-5.010662208509161,1.0820399291886502,1.094788406853537,1.094788406853537,0.00043915832024794344,1.1879095433611362,2.902288426435167,nan,nan,nan
4.72,220.00323486328125,-226.4333038330078,-5.017876625061035,218.92397009551786,-226.35492652666701,-5.032755957086913,1.0822092383666577,1.0950908772716859,1.0950908772716859,0.00033782870987921995,1.7246224475483158,3.3698947462213225,nan,2.3644287808023337,nan
4.73,220.00323486328125,-226.4246063232422,-5.017877101898193,218.92392445774846,-226.34558165594544,-5.032979123181643,1.0823049110946383,1.095393919357059,1.095393919357059,0.00043916503196691494,1.5884928909544622,3.3030586188197972,nan,nan,nan
4.74,220.00323486328125,-226.4158935546875,-5.017877101898193,218.92387883658157,-226.3362363687902,-5.041275466902525,1.0825443100043917,1.095697534077657,1.095697534077657,0.00033783269927170753,2.689625080706695,4.335637648136762,nan,0.3209597082260795,nan
4.75,220.00323486328125,-226.4071807861328,-5.017877101898193,218.9118991747485,-226.3804482224098,-5.041538593584223,1.0919194481358356,1.0954927673020747,1.0954927673020747,0.0004391437194008011,2.3627509588837583,3.447682995401778,5.936293584580188,nan,nan
4.76,220.00323486328125,-226.3984832763672,-5.017877101898193,218.91182027656427,-226.37125279337084,-5.06202374601742,1.09264643205833,1.0957946658751379,1.0957946658751379,0.00033782007762995706,6.8568534902518365,7.99696423602828,nan,2.0179109992804176,nan
4.7700000000000005,220.00323486328125,-226.3897705078125,-5.017877578735352,218.91174117806412,-226.36205707796947,-5.062305147623505,1.0927489684002678,1.0960971319500425,1.0960971319500425,0.000439150458147271,5.582217622145947,6.6671275122807865,nan,nan,nan
4.78,220.00323486328125,-226.38107299804688,-5.017877578735352,218.9116619709245,-226.35286101114275,-5.036600879109194,1.0920979157154456,1.0964001664947887,1.0964001664947887,0.0003378240911773113,2.1251984837546933,3.266293074154489,nan,3.326538599465358,nan
4.79,220.00323486328125,-226.3723602294922,-5.017877578735352,218.91158259796663,-226.34366449346055,-5.036839696639849,1.092193973407822,1.0967037704773765,1.0967037704773765,0.00043915728400713045,1.906129166076257,2.9940473709595263,nan,nan,nan
4.8,220.00323486328125,-226.3636474609375,-5.017877578735352,218.9258665859849,-226.34220116155058,-5.0230596162364565,1.077594173237114,1.0964990274786655,1.0964990274786655,0.0003378116436664221,1.1384833302501396,2.196662709344021,0.5514678134992459,0.9731526913866436,nan
4.8100000000000005,220.00323486328125,-226.35494995117188,-5.01787805557251,218.92582762609734,-226.3330258054564,-5.023283326741034,1.0776438372013337,1.096800924874978,1.096800924874978,0.0004391362088197229,1.1253275034909536,2.2353199123434986,nan,nan,nan
4.82,220.00323486328125,-226.3462371826172,-5.01787805557251,218.92578870956135,-226.3238502740935,-5.041181556863835,1.0779306290348645,1.0971033866643345,1.0971033866643345,0.0003378156706820728,2.666140811486242,3.725450419992012,nan,1.5387372916793278,nan
4.83,220.00323486328125,-226.3375244140625,-5.01787805557251,218.92574988372758,-226.31467455062813,-5.041437434686451,1.0779847131416034,1.097406413814735,1.097406413814735,0.0004391430745842219,2.3223269435114062,3.382001229859562,nan,nan,nan
4.84,220.00323486328125,-226.32882690429688,-5.01787805557251,218.9257110052611,-226.30549856219352,-5.026572435068324,1.0778114252422604,1.09771000729418,1.09771000729418,0.00033781975089153054,1.28196968317861,2.3941615485991017,nan,1.1264496623487363,nan
4.8500000000000005,220.00323486328125,-226.3201141357422,-5.01787805557251,218.92253040553683,-226.28279190588995,-5.026803411668018,1.0813855629752185,1.0975052876627607,1.0975052876627607,0.0004391222827565484,1.2468418541453303,2.4449864499836997,0.379183607021743,nan,nan
4.86,220.00323486328125,-226.3114013671875,-5.017878532409668,218.92248315508834,-226.27357789208466,-5.006759124648452,1.0814705318498976,1.09780718385298,1.09780718385298,0.00033780743612109093,1.4312753373736329,2.6288114178053315,nan,2.025593961213281,nan
4.87,220.00323486328125,-226.3026885986328,-5.017878532409668,218.92243595446163,-226.2643636130674,-5.0069583153229535,1.0815333267937168,1.0981096414131128,1.0981096414131128,0.00043912917069635995,1.3366614266523937,2.5362050764752833,nan,nan,nan
4.88,220.00323486328125,-226.2939910888672,-5.017878532409668,218.92238859656638,-226.25514907684203,-4.983561613180761,1.082088261240737,1.0984126613111596,1.0984126613111596,0.00033781153757380343,4.551052520725518,5.809094747462959,nan,2.7431584701293765,nan
4.89,220.00323486328125,-226.2852783203125,-5.017878532409668,218.92234104843556,-226.2459344418683,-4.983723061420931,1.0821487771749196,1.0987162445151202,1.0987162445151202,0.0004391361441494908,3.7213400133345376,4.9226548765836355,nan,nan,nan
4.9,220.00323486328125,-226.2765655517578,-5.017878532409668,218.90520521581686,-226.24238982519586,-4.993964814481351,1.098821620146763,1.098511547852804,1.098511547852804,0.0003377993865106749,2.791526957485871,3.9385160442693765,0.6378530383095731,0.501102795074552,nan
4.91,220.00323486328125,-226.26785278320312,-5.017879009246826,218.90511035785207,-226.23319084000352,-4.994144367325174,1.0989277560229382,1.0988134428090708,1.0988134428090708,0.0004391155688916736,2.381410878431326,3.5279976796870494,nan,nan,nan
4.92,220.00323486328125,-226.2591552734375,-5.017879009246826,218.90501546770452,-226.2239915761421,-5.0115214359802795,1.098800593905122,1.0991158961949885,1.0991158961949885,0.00033780349868858854,1.2181002340629588,2.4225003144639516,nan,1.4569380816128445,nan
4.93,220.00323486328125,-226.2504425048828,-5.017879009246826,218.90492063839196,-226.2147921263454,-5.011732227837411,1.0989098548132712,1.099418908978557,1.099418908978557,0.00043912257753092176,1.1844085263427404,2.3337019375293733,nan,nan,nan
4.94,220.00323486328125,-226.24172973632812,-5.017879009246826,218.90482590857928,-226.2055924252274,-5.011809124127435,1.0990200091574402,1.099722482127777,1.099722482127777,0.0003378076631367174,1.2073509997397516,2.357327421472851,nan,8.954198671198436e-05,nan
4.95,220.00323486328125,-226.23301696777344,-5.017879009246826,218.8883249585825,-226.2202156708717,-5.0119819627596085,1.114998988320174,1.0995178080473011,1.0995178080473011,0.0004391022687436574,1.209862547415198,2.142815172699378,1.7017335652685077,nan,nan
4.96,220.00323486328125,-226.22430419921875,-5.017879009246826,218.8881849324137,-226.2110809600011,-5.037018018287486,1.1152925643301743,1.0998197017431808,1.0998197017431808,0.0003377956330459649,2.2150384544676514,3.1488681038927817,nan,3.038081947913679,nan
4.97,220.00323486328125,-226.21559143066406,-5.017879486083984,218.888044823669,-226.20194610623884,-5.037265350619787,1.1154419891114287,1.1001221510086285,1.1001221510086285,0.00043910929511150243,1.9864836777452992,2.9191749616212093,nan,nan,nan
4.98,220.00323486328125,-226.20689392089844,-5.017879486083984,218.88790466822914,-226.19281107586116,-5.028415927209286,1.1154688642498758,1.1004251568116448,1.1004251568116448,0.00033779981606770214,1.4592634446185295,2.4419556407012326,nan,0.4077865627104229,nan
4.99,220.00323486328125,-226.19818115234375,-5.017879486083984,218.8877643735859,-226.18367584918263,-5.0286497205085885,1.1156167868719755,1.1007287201202298,1.1007287201202298,0.00043911640551665994,1.3947630274069784,2.3293843652773267,nan,nan,nan
5.0,220.00323486328125,-226.18946838378906,-5.017879486083984,218.90700731240787,-226.18816098903883,-5.016655643217302,1.0962290136491752,1.100524068244819,1.100524068244819,0.0003377879401147205,1.0963834778759107,1.8878557061142454,1.3022795686059283,0.7259796873468907,nan
5.01,220.00323486328125,-226.18075561523438,-5.017879486083984,218.90691990346923,-226.17906272632504,-5.0168538532761024,1.096316746612559,1.1008259606552422,1.1008259606552422,0.0004390962942088964,1.094220701368623,1.8866655408657875,nan,nan,nan
5.0200000000000005,220.00323486328125,-226.1720428466797,-5.017879486083984,218.90683259843306,-226.16996413193132,-5.0320776722844025,1.096496163199232,1.1011284058527522,1.1011284058527522,0.00033779213134583336,1.6884830070110521,2.4823902747562663,nan,1.1122587206715058,nan
5.03,220.00323486328125,-226.163330078125,-5.017879486083984,218.90674553473036,-226.16086533416447,-5.032303197163714,1.0965869623655387,1.1014314048053495,1.1014314048053495,0.00043910343547085777,1.565366365189314,2.3594809639601615,nan,nan,nan
5.04,220.00323486328125,-226.1546173095703,-5.017879962921143,218.90665862933022,-226.1517664960523,-5.029614513380353,1.096642723806806,1.101734958481034,1.101734958481034,0.0003377963739944682,1.4990901085828643,2.2924965975458833,nan,0.0418723159336186,nan
5.05,220.00323486328125,-226.14590454101562,-5.017879962921143,218.8896597581207,-226.1330068723782,-5.0297551004627366,1.1137131064961219,1.1015303284439826,1.1015303284439826,0.0004390835751185884,1.4470690047203876,2.2874601197136144,0.9935117075143554,nan,nan
5.0600000000000005,220.00323486328125,-226.13719177246094,-5.017879962921143,218.8895267306036,-226.12388154352018,-5.051133149194868,1.1142839590446263,1.1018322195451922,1.1018322195451922,0.00033778460820944547,4.3994808419294005,5.239743681247636,nan,2.2091261401765436,nan
5.07,220.00323486328125,-226.12847900390625,-5.017879962921143,218.88939354826664,-226.1147562500161,-5.05137387237118,1.1144292848709847,1.1021346607261309,1.1021346607261309,0.00043909073002812524,3.68076382087537,4.520140459934262,nan,nan,nan
5.08,220.00323486328125,-226.11976623535156,-5.017879962921143,218.88926016216243,-226.10563093132154,-5.04067477525301,1.1142975567693003,1.1024376529547988,1.1024376529547988,0.00033778886698041346,2.664062969759164,3.5034209456452983,nan,0.5897919020313875,nan
5.09,220.00323486328125,-226.11105346679688,-5.017879962921143,218.88912657053186,-226.096505393999,-5.040898898380513,1.1144410284015847,1.102741197199196,1.102741197199196,0.00043909796761184487,2.3325115259042017,3.172595733425584,nan,nan,nan
5.1000000000000005,220.00323486328125,-226.1023406982422,-5.017879962921143,218.90681415690196,-226.08033138055666,-5.023775919725916,1.0966574386511452,1.1025365886434715,1.1025365886434715,0.000337777246535642,1.193692994638246,2.146213499661346,0.9921354177188488,1.5010332066819811,nan
5.11,220.00323486328125,-226.0936279296875,-5.017880439758301,218.90672893191694,-226.07118657965307,-5.023992703675067,1.0967525844412944,1.1028384784129706,1.1028384784129706,0.00043907828720080836,1.1757532074105348,2.1274919293791914,nan,nan,nan
5.12,220.00323486328125,-226.0849151611328,-5.017880439758301,218.90664371274838,-226.06204167356964,-5.024267093718173,1.0968482744705927,1.1031409156275838,1.1031409156275838,0.0003377815112053655,1.2113111585717173,2.1649601560638527,nan,1.5729640577561438e-05,nan
5.13,220.00323486328125,-226.07620239257812,-5.017880439758301,218.90655841454532,-226.052896566396,-5.02448614982922,1.0969439503236404,1.1034439012553117,1.1034439012553117,0.00043908555166361586,1.1898206558028948,2.144275505240601,nan,nan,nan
5.14,220.00323486328125,-226.06748962402344,-5.017880439758301,218.9064730639657,-226.0437512374276,-5.01877883399052,1.0970190347246667,1.103747436264154,1.103747436264154,0.0003377858265045396,1.0927203379739596,2.0483500450003698,nan,0.17312599445658022,nan
5.15,220.00323486328125,-226.05877685546875,-5.017880439758301,218.90395007540886,-226.02498548253527,-5.019020978800194,1.0998046201765501,1.1035428488420196,1.1035428488420196,0.00043906610793635473,1.0990405944659383,2.168373196044721,0.22923021059162607,nan,nan
5.16,220.00323486328125,-226.05006408691406,-5.017880439758301,218.90385803315044,-226.01581373368674,-5.018029924063376,1.0999102343692495,1.1038447372585214,1.1038447372585214,0.0003377743062945881,1.0960558905223259,2.1666609648554527,nan,0.0072207767662113625,nan
5.17,220.00323486328125,-226.04135131835938,-5.017880439758301,218.9037659632599,-226.00664169149957,-5.018248416402746,1.100016707017541,1.1041471705559776,1.1041471705559776,0.0004390733822962188,1.0962099645537988,2.167623360864023,nan,nan,nan
5.18,220.00323486328125,-226.0326385498047,-5.017880439758301,218.903673852325,-225.99746944947904,-5.000617602247871,1.1002587368395484,1.104450149702388,1.104450149702388,0.00033777863546230317,1.978064467128049,3.0500391394216897,nan,1.5701359904096972,nan
5.19,220.00323486328125,-226.02392578125,-5.017880439758301,218.90358165988638,-225.9882970148142,-5.000808138672379,1.1003626857535174,1.104753675665753,1.104753675665753,0.0004390807380700597,1.7595291261570032,2.8315738712544074,nan,nan,nan
5.2,220.00323486328125,-226.0152130126953,-5.017880916595459,218.9303796125167,-225.960622656474,-5.006003442437886,1.0743088803867327,1.1045491090384099,1.1045491090384099,0.0003377672524943938,1.4624363100196698,2.762637356271973,2.128508275423273,0.12158095752819591,nan
5.21,220.00323486328125,-226.00650024414062,-5.017880916595459,218.93035972643742,-225.9514004097263,-5.006211056966257,1.0743524731827667,1.1048509960817907,1.1048509960817907,0.0004390614581503801,1.354746974622652,2.6569389656819546,nan,nan,nan
5.22,220.00323486328125,-225.99778747558594,-5.017880916595459,218.93033985624413,-225.94217805798698,-4.99709244354461,1.074536301882193,1.1051534255102207,1.1051534255102207,0.00033777158543590223,2.3238226718730015,3.62607373851724,nan,0.428726671528408,nan
5.23,220.00323486328125,-225.9890594482422,-5.017880916595459,218.93031996880657,-225.9329555601516,-4.997286526372991,1.0745781246392117,1.1054563982916996,1.1054563982916996,0.0004390688371438533,2.0101523005955753,3.254975574642403,nan,nan,nan
5.24,220.00323486328125,-225.9803466796875,-5.017880916595459,218.93030012195396,-225.92373291331796,-4.99646583184818,1.0746407230066852,1.1057599153942277,1.1057599153942277,0.00033777596827774543,2.4017045443970195,3.7041434326984257,nan,0.005083229821116915,nan
5.25,220.00323486328125,-225.9716339111328,-5.017880916595459,218.91782381346624,-225.9148901107991,-4.996686762067827,1.0870999025494261,1.1055553692314741,1.1055553692314741,0.00043904978076343443,2.0916470251787214,3.4068354200818316,0.3323504246323665,nan,nan
5.26,220.00323486328125,-225.96292114257812,-5.017880916595459,218.91777113653987,-225.9056683240637,-4.97881954703128,1.0876742057672242,1.1058572548827286,1.1058572548827286,0.00033776467640087975,5.585728809497676,6.900673991447735,nan,1.6089467752055282,nan
5.2700000000000005,220.00323486328125,-225.95420837402344,-5.017880916595459,218.91771846456393,-225.89644645681693,-4.9789920231210605,1.0877475060873492,1.1061596804892648,1.1061596804892648,0.00043905716620275004,4.512805636907235,5.828874597406382,nan,nan,nan
5.28,220.00323486328125,-225.94549560546875,-5.017880916595459,218.9176657680086,-225.88722432389437,-4.993809113207996,1.087398388165877,1.1064626470190833,1.1064626470190833,0.0003377690710364206,2.7836651885575963,4.100200487810349,nan,1.056761724811775,nan
5.29,220.00323486328125,-225.93678283691406,-5.017880916595459,218.91761306656514,-225.8780020552836,-4.994007569461431,1.087474046815642,1.106766155440184,1.106766155440184,0.0004390646318897435,2.3660734379760804,3.6811961138699734,nan,nan,nan
5.3,220.00323486328125,-225.9280548095703,-5.017880916595459,218.92298980546013,-225.84135560655247,-5.024149667092745,1.0837367918381628,1.1065616294200902,1.1065616294200902,0.00033775790893805443,1.1776945805914207,2.7720394061442066,1.6149900902858363,4.402227848769868,nan
5.3100000000000005,220.00323486328125,-225.91934204101562,-5.017881393432617,218.9229512861641,-225.83205978594034,-5.0244100481143175,1.0838235199385504,1.1068635136612874,1.1068635136612874,0.0004390457244569919,1.1583063692711744,2.8176841589812156,nan,nan,nan
5.32,220.00323486328125,-225.91062927246094,-5.017881393432617,218.92291284559838,-225.8227637349571,-5.035250639442174,1.0840284614705347,1.1071659354921013,1.1071659354921013,0.00033776230539072575,1.9543062151665729,3.6152708253179693,nan,0.5515737090880957,nan
5.33,220.00323486328125,-225.90191650390625,-5.017881393432617,218.92287444342713,-225.8134675984073,-5.035530653326581,1.084118693707534,1.1074688958805325,1.1074688958805325,0.0004390532099928033,1.7704524924261986,3.4298729413189952,nan,nan,nan
5.34,220.00323486328125,-225.89320373535156,-5.017881393432617,218.9228360404747,-225.80417137825359,-5.030812174522551,1.0841381747876113,1.1077723957945809,1.1077723957945809,0.00033776675106849714,1.55588850726709,3.2139172074157947,nan,0.12316995415480403,nan
5.3500000000000005,220.00323486328125,-225.8844757080078,-5.017881393432617,218.89577181668605,-225.78555383898242,-5.031126795179413,1.111951157386345,1.1075678896031809,1.1075678896031809,0.0004390345139786642,1.5157990093387934,3.247639351437244,1.6720788503518196,nan,nan
5.36,220.00323486328125,-225.87576293945312,-5.017881393432617,218.89566170751377,-225.77623251132033,-5.03662451560939,1.1121941854415405,1.1078697724174238,1.1078697724174238,0.0003377556716339078,2.156333048965327,3.957080036845881,nan,0.1339815237759712,nan
5.37,220.00323486328125,-225.86705017089844,-5.017881393432617,218.89555153283834,-225.76691115906564,-5.036918048342449,1.1123635091381334,1.1081721905177602,1.1081721905177602,0.0004390420027806499,1.9416640708277924,3.740878315330332,nan,nan,nan
5.38,220.00323486328125,-225.85833740234375,-5.017881393432617,218.89544145581925,-225.75758970135817,-5.028404752707736,1.1124149738117408,1.1084751448721901,1.1084751448721901,0.00033776012719298536,1.4441379472790359,3.243150173527374,nan,0.382344332333498,nan
5.39,220.00323486328125,-225.84962463378906,-5.017881393432617,218.89533146690462,-225.74826814196027,-5.028685761333461,1.112582495145616,1.1087786364487138,1.1087786364487138,0.00043904957074998005,1.382173816193584,3.178767051567003,nan,nan,nan
5.4,220.00323486328125,-225.8408966064453,-5.017881393432617,218.90622727618776,-225.74403010820086,-5.025979985314235,1.1013057485608981,1.1085741497797106,1.1085741497797106,0.00033774917065040216,1.288214888924505,3.0034004524737057,0.33423516265740616,0.04524966929779092,nan
5.41,220.00323486328125,-225.83218383789062,-5.017881393432617,218.90614611254884,-225.73472193539476,-5.026265781676235,1.1014412591636173,1.1088760311510968,1.1088760311510968,0.0004390310099806342,1.2541136709380514,3.036350934790991,nan,nan,nan
5.42,220.00323486328125,-225.82347106933594,-5.017881393432617,218.90606483896173,-225.72541361412573,-5.036632586552689,1.1017027430441635,1.109178445565307,1.109178445565307,0.0003377536262227914,2.134977358837485,3.917254105502529,nan,0.5007829465828251,nan
5.43,220.00323486328125,-225.81475830078125,-5.017881393432617,218.905983529417,-225.71610510734013,-5.036936935298719,1.1018421193250958,1.1094813939903416,1.1094813939903416,0.00043903859469022566,1.9209936643464278,3.7011794461112477,nan,nan,nan
5.44,220.00323486328125,-225.8060302734375,-5.017881393432617,218.90590219490286,-225.70679649643762,-5.034728134772643,1.1019392634269218,1.1097848773942007,1.1097848773942007,0.0003377581303944104,1.9341772024144248,3.644573485026888,nan,0.03114782848059732,nan
5.45,220.00323486328125,-225.7973175048828,-5.017881393432617,218.89326180134017,-225.71362324197344,-5.035083551125813,1.1132568625919599,1.1095804099486861,1.1095804099486861,0.00043902023415049124,1.7907120429562862,3.451267436477984,0.9322571439603212,nan,nan
5.46,220.00323486328125,-225.78860473632812,-5.017881870269775,218.89314754459267,-225.70435646020545,-5.029106900681346,1.1133362602783563,1.1098822898622696,1.1098822898622696,0.00033774724873984047,1.4897513584314708,3.148173498770878,nan,0.19513450809268484,nan
5.47,220.00323486328125,-225.77989196777344,-5.017881870269775,218.89303328785041,-225.69508958595713,-5.029412958562633,1.113495374057766,1.1101847006338437,1.1101847006338437,0.00043902781919340775,1.419560779131622,3.078306937365096,nan,nan,nan
5.48,220.00323486328125,-225.7711639404297,-5.017881870269775,218.89291883238602,-225.6858226577224,-5.011020957169759,1.1136120936509424,1.1104876432314088,1.1104876432314088,0.00033775176102811787,1.256071956290692,2.8493660763403215,nan,1.7233256224317222,nan
5.49,220.00323486328125,-225.762451171875,-5.017881870269775,218.89280430609764,-225.67655559281718,-5.011297917874343,1.113767220409146,1.110791118622965,1.110791118622965,0.0004390354824020237,1.215447865137737,2.8723706607943176,nan,nan,nan
5.5,220.00323486328125,-225.7537384033203,-5.017881870269775,218.9106190640044,-225.6377588819739,-5.024163382235089,1.098772038046877,1.1105866701091514,1.1105866701091514,0.00033774099590463914,1.203874934685309,3.2150659122291088,2.3528946133376367,0.7828593473602798,nan
5.51,220.00323486328125,-225.74501037597656,-5.017881870269775,218.9105512844556,-225.6284142605996,-5.024460090772899,1.0989064248338878,1.110888548550907,1.110888548550907,0.00043901724445723374,1.1855824355993314,3.1212283371929432,nan,nan,nan
5.5200000000000005,220.00323486328125,-225.73629760742188,-5.017881870269775,218.9104834559088,-225.61906970114603,-5.027576726392555,1.0990641521583362,1.1111909557225041,1.1111909557225041,0.0003377455065414625,1.3652722597493259,3.3721363761534215,nan,0.03916716797017752,nan
5.53,220.00323486328125,-225.7275848388672,-5.017881870269775,218.91041546002668,-225.60972526888574,-5.02787999430534,1.0992020236744966,1.111493892591943,1.111493892591943,0.0004390249215362572,1.314648203358392,3.318088525068416,nan,nan,nan
5.54,220.00323486328125,-225.71885681152344,-5.017881870269775,218.91034737549327,-225.60038105042662,-5.026449104502071,1.099323866944303,1.1117973601272237,1.1117973601272237,0.0003377500651968704,1.3042373661168893,3.2306525513175135,nan,0.014835293592980359,nan
5.55,220.00323486328125,-225.71014404296875,-5.017881870269775,218.9101230617808,-225.58121269189544,-5.02670152251242,1.100724529632555,1.1115929302601901,1.1115929302601901,0.00043900687348126017,1.267079312566384,3.3733512740807607,0.2848208714359546,nan,nan
5.5600000000000005,220.00323486328125,-225.70143127441406,-5.017881870269775,218.91005466964967,-225.57184260460917,-5.0329735833609215,1.1009377452400337,1.111894807216979,1.111894807216979,0.0003377393677791258,1.7642493974235716,3.8702872353722757,nan,0.17631101917877112,nan
5.57,220.00323486328125,-225.6927032470703,-5.017881870269775,218.90998645841273,-225.56247232507386,-5.033275801605961,1.10108543760854,1.1121972108304556,1.1121972108304556,0.0004390145481854878,1.6296558247633064,3.6574934309802702,nan,nan,nan
5.58,220.00323486328125,-225.68399047851562,-5.017881870269775,218.90991829898093,-225.55310189279538,-5.026561379413509,1.1011576933047713,1.1125001420686202,1.1125001420686202,0.00033774393292113964,1.3129134506689615,3.4164121773482408,nan,0.2427431940178475,nan
5.59,220.00323486328125,-225.67527770996094,-5.017881870269775,218.90985021521445,-225.54373137528415,-5.026854181854504,1.101306010684694,1.112803601899473,1.112803601899473,0.0004390223001259548,1.2732222659259842,3.374662433218372,nan,nan,nan
5.6000000000000005,220.00323486328125,-225.6665496826172,-5.017881870269775,218.9055736565105,-225.52339244977952,-5.020108201531093,1.1069593825945085,1.1125991904009207,1.1125991904009207,0.00033773334615306265,1.1160196380772591,3.3004138706315898,0.27193685716835925,0.24400259358646,nan
5.61,220.00323486328125,-225.6578369140625,-5.017881870269775,218.90549493817258,-225.51399313904605,-5.020390643704887,1.107127033692484,1.1129010658604566,1.1129010658604566,0.00043900436297597247,1.115714163458914,3.3782886514023125,nan,nan,nan
5.62,220.00323486328125,-225.6491241455078,-5.017881870269775,218.9054163412009,-225.50459368993964,-5.039767002428653,1.107507796369425,1.1132034659568941,1.1132034659568941,0.0003377379081055761,2.519549157978598,4.778850992017242,nan,1.7969631884169353,nan
5.63,220.00323486328125,-225.64039611816406,-5.017881870269775,218.90533793419937,-225.49519405287086,-5.040082244688481,1.1076796302528877,1.1135063916582337,1.1135063916582337,0.00043901212613462013,2.2240899700044574,4.402583110897226,nan,nan,nan
5.64,220.00323486328125,-225.63168334960938,-5.017881870269775,218.90525965912556,-225.48579433744683,-5.0296512594032885,1.1076875332561356,1.1138098439324755,1.1138098439324755,0.00033774251753759094,1.511605049109694,3.7666079318246783,nan,0.5693224769890347,nan
5.65,220.00323486328125,-225.6229705810547,-5.017881870269775,218.89797698043745,-225.51055924539023,-5.030037296841336,1.1110261249715812,1.1136054505304962,1.1136054505304962,0.0004389943693098906,1.4448947856610461,3.365391418461024,2.6898955642907474,nan,nan
5.66,220.00323486328125,-225.61424255371094,-5.017882347106934,218.89787978482985,-225.50124804976488,-5.0242135299841335,1.111133516395276,1.1139073244813145,1.1139073244813145,0.00033773199183441865,1.2270160900652043,3.075195167212764,nan,0.1861192132119194,nan
5.67,220.00323486328125,-225.60552978515625,-5.017882347106934,218.8977827490514,-225.49193683535006,-5.0245254286893335,1.1112928802227717,1.114209721101046,1.114209721101046,0.00043900212759056856,1.2088687129160023,3.126568356149086,nan,nan,nan
5.68,220.00323486328125,-225.5968017578125,-5.017882347106934,218.8976858581899,-225.48262566829186,-5.012437958958664,1.1114424966857273,1.114512641357691,1.114512641357691,0.0003377366062458022,1.196118944268331,3.041318399371198,nan,0.757951756466734,nan
5.69,220.00323486328125,-225.5880889892578,-5.017882347106934,218.89758922313075,-225.4733144361685,-5.012731235151257,1.1115988546121478,1.1148160862192493,1.1148160862192493,0.0004390099622443731,1.1688075443169725,3.0828749275915426,nan,nan,nan
5.7,220.00323486328125,-225.57937622070312,-5.017882347106934,218.9095646514861,-225.49999725529813,-5.015910222746464,1.096548877885201,1.1146117106481028,1.1146117106481028,0.00033772618574900927,1.090291331330425,2.579885646368527,3.0495540129899106,0.043652630876795516,nan
5.71,220.00323486328125,-225.57064819335938,-5.017882347106934,218.90949946853894,-225.4907786199117,-5.01619295749799,1.0966490398081243,1.1149135830795303,1.1149135830795303,0.0004389923055111384,1.0851824846427343,2.5156417793165518,nan,nan,nan
5.72,220.00323486328125,-225.5619354248047,-5.017882347106934,218.90943418616578,-225.4815596526138,-5.024888025090618,1.0967722031203864,1.115215976262165,1.115215976262165,0.00033773079554851027,1.2239108850613136,2.713865689942263,nan,0.3487750963917819,nan
5.73,220.00323486328125,-225.55320739746094,-5.017882347106934,218.90936865979074,-225.47234049602122,-5.025186287783862,1.0968755966091175,1.1155188911640073,1.1155188911640073,0.0004390001489296234,1.200016630596978,2.6299321189615554,nan,nan,nan
5.74,220.00323486328125,-225.54449462890625,-5.017882347106934,218.90930312922112,-225.4631212920914,-5.017388946578399,1.09695419328807,1.1158223287530575,1.1158223287530575,0.0003377354523266253,1.0791257056470112,2.5681063329613227,nan,0.3231452386749728,nan
5.75,220.00323486328125,-225.53578186035156,-5.017882347106934,218.89164346413125,-225.46843586131078,-5.017702368884177,1.113629630821315,1.1156179707529603,1.1156179707529603,0.0004389826636659781,1.111718594783405,2.495286873857528,1.0518171863752572,nan,nan
5.76,220.00323486328125,-225.5270538330078,-5.017882347106934,218.89153284698622,-225.45925402074928,-5.0303915250851094,1.1138378100560287,1.1159198416550853,1.1159198416550853,0.0003377250867486984,1.5749534926298723,2.9018652202718234,nan,0.7573782729843349,nan
5.7700000000000005,220.00323486328125,-225.51834106445312,-5.017882347106934,218.89142217886382,-225.45007214297377,-5.030706873231232,1.113980502226928,1.116222231439533,1.116222231439533,0.00043899049989053234,1.4862474792142135,2.8686371082066575,nan,nan,nan
5.78,220.00323486328125,-225.50961303710938,-5.017882347106934,218.89131169234892,-225.44089021496777,-5.005968570258421,1.1141085685058292,1.1165251410743033,1.1165251410743033,0.00033772974711118937,1.5318412798445806,2.8576942489873036,nan,3.0944454153524608,nan
5.79,220.00323486328125,-225.5009002685547,-5.017882347106934,218.89120127264033,-225.43170813987985,-5.006244955138889,1.11424489510884,1.1168285715273967,1.1168285715273967,0.000438998411686057,1.4200411087111258,2.801999783629468,nan,nan,nan
5.8,220.00323486328125,-225.49217224121094,-5.017882347106934,218.90491116792242,-225.4022052719768,-5.014376844608605,1.1020078420263686,1.116624230844318,1.116624230844318,0.0003377194816973029,1.1239586226829676,2.629485461177374,1.2341337880371566,0.30740447733002024,nan
5.8100000000000005,220.00323486328125,-225.48345947265625,-5.017882347106934,218.9048362402559,-225.39297087584794,-5.014660172044933,1.1021243594206944,1.1169261002079627,1.1169261002079627,0.0004389810165018847,1.111160643172654,2.6788719722055827,nan,nan,nan
5.82,220.00323486328125,-225.47474670410156,-5.017882347106934,218.90476124484246,-225.38373633578342,-5.009951667195943,1.10226588136949,1.1172284866324556,1.1172284866324556,0.00033772413613126486,1.2736812708032528,2.841659502596893,nan,0.12289746115001755,nan
5.83,220.00323486328125,-225.4660186767578,-5.017882347106934,218.90468610376536,-225.37450179661883,-5.010229102654586,1.1023807366490614,1.1175313910857965,1.1175313910857965,0.0004389889347903333,1.2208081898701315,2.725882267371569,nan,nan,nan
5.84,220.00323486328125,-225.45730590820312,-5.017882347106934,218.90461092852453,-225.3652673178427,-5.026594160725412,1.1025069377706374,1.1178348145359855,1.1178348145359855,0.0003377288370781057,1.3120451103963047,2.877734639722715,nan,1.2756789925656513,nan
5.8500000000000005,220.00323486328125,-225.44857788085938,-5.017882347106934,218.93027685782283,-225.35499835702112,-5.026866659594225,1.077068580281669,1.1176304909214556,1.1176304909214556,0.0004389717028692309,1.2217859914989317,2.7543894774374897,1.3493152247944702,nan,nan
5.86,220.00323486328125,-225.4398651123047,-5.017882347106934,218.9302670427252,-225.3457612133736,-5.019268579756533,1.077087465985831,1.1179323587381498,1.1179323587381498,0.00033771862088987693,1.0434232327131479,2.637949874211134,nan,0.3074612945034019,nan
5.87,220.00323486328125,-225.43113708496094,-5.017882347106934,218.93025710231095,-225.33652410527944,-5.019556030083795,1.0771423734473382,1.1182347418402647,1.1182347418402647,0.0004389796118190384,1.043938738659189,2.5754092812562064,nan,nan,nan
5.88,220.00323486328125,-225.42242431640625,-5.017882347106934,218.9302471461217,-225.32728700086122,-5.018689144375897,1.0771974753526896,1.1185376411958008,1.1185376411958008,0.00033772332412882925,1.0393120056132839,2.6321624372291095,nan,0.0065804689247635825,nan
5.89,220.00323486328125,-225.4136962890625,-5.017882347106934,218.93023715991905,-225.31804996025858,-5.018976655395045,1.077252750817961,1.118841057772758,1.118841057772758,0.00043898759559387923,1.039937139251571,2.5688423695089018,nan,nan,nan
5.9,220.00323486328125,-225.4049835205078,-5.017882347106934,218.8937113224087,-225.30672710899842,-4.986868553844881,1.1142973864842158,1.1186367509836808,1.1186367509836808,0.00033771320342974257,3.957257642270986,5.615119396430857,2.841841866078294,5.202937220994646,nan
5.91,220.00323486328125,-225.39625549316406,-5.017882347106934,218.89360841272043,-225.29748482007085,-4.987122259576101,1.1144382839046785,1.1189386172456355,1.1189386172456355,0.0004389704444741275,3.264569875149915,4.859938941144228,nan,nan,nan
5.92,220.00323486328125,-225.38754272460938,-5.017882347106934,218.89350544594873,-225.28824232129833,-4.993419448232592,1.1144318656661967,1.1192409970623154,1.1192409970623154,0.00033771789952031795,2.881100735338357,4.5412995771486635,nan,0.17998839734068106,nan
5.93,220.00323486328125,-225.37881469726562,-5.017882347106934,218.89340265438602,-225.2789996724869,-4.9936853800329235,1.1145743870592126,1.1195438914017213,1.1195438914017213,0.00043897843263658614,2.4428670223292928,4.039970564340236,nan,nan,nan
5.94,220.00323486328125,-225.37010192871094,-5.017882347106934,218.89330006337795,-225.26975678939442,-4.995787539494447,1.114680486751366,1.1198473012318528,1.1198473012318528,0.0003377226416904701,2.554608815589595,4.2168283190612055,nan,0.0166005347153598,nan
5.95,220.00323486328125,-225.3613739013672,-5.017882347106934,218.8724970438244,-225.2563354227375,-4.996078196049291,1.1358153544243865,1.1196430110303293,1.1196430110303293,0.0004389614371686396,2.234855375607312,3.9202387981534383,0.8928599473666458,nan,nan
5.96,220.00323486328125,-225.3526611328125,-5.017882347106934,218.87234223577212,-225.24708149512685,-5.0206601957607555,1.1358137661128576,1.1199448757304118,1.1199448757304118,0.00033771256493879696,1.1747497626744603,2.92543117697687,nan,2.912554970100723,nan
5.97,220.00323486328125,-225.34393310546875,-5.017882347106934,218.87218741483545,-225.23782735304263,-5.020976969099867,1.1360177542710073,1.120247252297985,1.120247252297985,0.00043896941400463086,1.1738180127055848,2.858850174523619,nan,nan,nan
5.98,220.00323486328125,-225.33522033691406,-5.017882347106934,218.87203251357522,-225.22857325323858,-4.999249260554481,1.1363712194311324,1.120550141701049,1.120550141701049,0.00033771730820295124,2.18016067841405,3.928532065768142,nan,2.3960256678722653,nan
5.99,220.00323486328125,-225.3264923095703,-5.017882347106934,218.87187763547453,-225.2193193963429,-4.999532539686843,1.1365702466950742,1.120853544907604,1.120853544907604,0.0004389774649714979,1.919251834656276,3.6011527463862354,nan,nan,nan
6.0,220.00323486328125,-225.31777954101562,-5.017882347106934,218.86180767631004,-225.1902274660863,-4.992535229470677,1.1488115734741973,1.1206492710607632,1.1206492710607632,0.0003377073226027126,3.0795733294712337,5.105354024978714,1.0147122515514397,0.26445349800691914,nan
6.01,220.00323486328125,-225.30905151367188,-5.017882347106934,218.8616278565117,-225.18092390214835,-4.992816819759848,1.1490480944683161,1.120951134192474,1.120951134192474,0.000438960541699847,2.6085807092224416,4.561940257097626,nan,nan,nan
6.0200000000000005,220.00323486328125,-225.3003387451172,-5.017882347106934,218.86144816278392,-225.17162029368347,-5.025639803753725,1.149045467901819,1.1212535075466727,1.1212535075466727,0.0003377120575873828,1.3556662422489294,3.379205952208276,nan,5.2204698318438485,nan
6.03,220.00323486328125,-225.29161071777344,-5.017882823944092,218.86126855643292,-225.1623166396724,-5.025976077780278,1.14929087065306,1.1215563920913596,1.1215563920913596,0.00043896859510168,1.3268679151802665,3.2754315177339253,nan,nan,nan
6.04,220.00323486328125,-225.28289794921875,-5.017882823944092,218.86108894068883,-225.15301292567034,-5.033986126668744,1.149620260866736,1.1218597887945347,1.1218597887945347,0.000337716838248216,1.9456879527789996,3.9651848189341514,nan,0.290242207945004,nan
6.05,220.00323486328125,-225.274169921875,-5.017882823944092,218.85697001322285,-225.13990199946033,-5.034309926921907,1.154218710289,1.1216555310743703,1.1216555310743703,0.0004389518204171389,1.8022459574054714,3.7990812602508575,0.08825240574783186,nan,nan
6.0600000000000005,220.00323486328125,-225.2654571533203,-5.017882823944092,218.85678034320094,-225.13058841347546,-5.025225440148824,1.1543835833953309,1.1219573926318198,1.1219573926318198,0.000337706891697994,1.3473462415118775,3.4156184991197636,nan,0.4384534448210194,nan
6.07,220.00323486328125,-225.25672912597656,-5.017882823944092,218.85659081656152,-225.1212747705545,-5.02555706241252,1.15464251879821,1.122259762807799,1.122259762807799,0.00043895986064859254,1.322074219038321,3.3158746352303217,nan,nan,nan
6.08,220.00323486328125,-225.24801635742188,-5.017882823944092,218.85640144396692,-225.11196109306812,-5.03085011749159,1.1549485171714469,1.1225626425703086,1.1225626425703086,0.00033771167234113175,1.686030953714859,3.7498962736472565,nan,0.12131309998226929,nan
6.09,220.00323486328125,-225.23928833007812,-5.017882823944092,218.85621208068105,-225.1026473043813,-5.031191586444943,1.1552095727038878,1.1228660328873483,1.1228660328873483,0.0004389679743645614,1.5918260553755994,3.5811200040883557,nan,nan,nan
6.1000000000000005,220.00323486328125,-225.23057556152344,-5.017882823944092,218.87944762495286,-225.07366925344556,-5.0254868625879805,1.1347136942630407,1.1226617910705634,1.1226617910705634,0.00033770181291446744,1.3180637661887504,3.6042860711014266,1.8437605470774043,0.1796661614277954,nan
6.11,220.00323486328125,-225.2218475341797,-5.017882823944092,218.87931697053875,-225.06430618824606,-5.02581848440876,1.1349333372548027,1.12296365104845,1.12296365104845,0.0004389512638892961,1.2904408142348949,3.497470056462757,nan,nan,nan
6.12,220.00323486328125,-225.213134765625,-5.017882823944092,218.87918634694657,-225.05494302770526,-5.021875543487475,1.1351324305250106,1.123266018080805,1.123266018080805,0.00033770658422847485,1.194316105565113,3.4780975033679202,nan,0.09013979509370726,nan
6.13,220.00323486328125,-225.20440673828125,-5.017882823944092,218.8790558539965,-225.0455797215026,-5.022202514551159,1.135351542872152,1.1235688931356287,1.1235688931356287,0.00043895937822776356,1.1897501536510486,3.3935022731783935,nan,nan,nan
6.140000000000001,220.00323486328125,-225.1956787109375,-5.017882823944092,218.8789254874234,-225.03621629539063,-4.99851684376731,1.1357265849675766,1.1238722771809215,1.1238722771809215,0.0003377114008428786,2.257909764063956,4.459567538835376,nan,2.8430392304284804,nan
6.15,220.00323486328125,-225.1869659423828,-5.017882823944092,218.88519088608896,-224.9956588686409,-4.998849727498354,1.1344527271596427,1.123668051048779,1.123668051048779,0.0004389428097774107,1.970316835100662,4.728895157929134,2.0691512136156787,nan,nan
6.16,220.00323486328125,-225.17823791503906,-5.017882823944092,218.88507634512297,-224.9862171819439,-5.008624319158766,1.13456430120958,1.1239699094423674,1.1239699094423674,0.00033770157591874286,1.399015605082366,4.065699353532502,nan,0.4425040311998808,nan
6.17,220.00323486328125,-225.16952514648438,-5.017882823944092,218.8849617518522,-224.9767755373483,-5.00894150848463,1.1347982687198173,1.1242722733651496,1.1242722733651496,0.0004389509092337746,1.3274839658816815,4.077863964417759,nan,nan,nan
6.18,220.00323486328125,-225.16079711914062,-5.017882823944092,218.88484721744163,-224.96733387497562,-5.016397955714206,1.1349983075067518,1.1245751437851257,1.1245751437851257,0.0003377063914831561,1.1520449659762606,3.8119655491699582,nan,0.2512360869593818,nan
6.19,220.00323486328125,-225.15208435058594,-5.017882823944092,218.8847326356289,-224.95789215861507,-5.01672846469545,1.135235294214821,1.1248785216702963,1.1248785216702963,0.0004389590815724927,1.1487219306995904,3.8925401889221325,nan,nan,nan
6.2,220.00323486328125,-225.1433563232422,-5.017882823944092,218.92024037543888,-224.9357211315463,-5.016858051140707,1.102719585246786,1.1246743110084765,1.1246743110084765,0.0003376966499397466,1.084302274279433,3.962075637924932,2.8178573264239,0.0001863698189666036,nan
6.21,220.00323486328125,-225.1346435546875,-5.017882823944092,218.92021461977532,-224.926247787585,-5.017188931362861,1.1028880836588968,1.1249761678135783,1.1249761678135783,0.00043894256991257763,1.082330179507999,4.048620192039983,nan,nan,nan
6.22,220.00323486328125,-225.12591552734375,-5.017882823944092,218.92018889914758,-224.9167745172596,-5.011325948148101,1.103073667143525,1.125278528660312,1.125278528660312,0.00033770145520025443,1.2085783125594438,4.079162029211876,nan,0.18922390439363473,nan
6.23,220.00323486328125,-225.1171875,-5.017882823944092,218.9201631264483,-224.90730112598135,-5.011648807093214,1.1032386596249855,1.1255813945166773,1.1255813945166773,0.0004389507411902194,1.1698409529223226,4.037240891690124,nan,nan,nan
6.24,220.00323486328125,-225.1084747314453,-5.017882823944092,218.9201373203032,-224.89782754117323,-5.008963487027924,1.1034274244125033,1.1258847663506746,1.1258847663506746,0.0003377063054109268,1.3169206132505675,4.2753015870979185,nan,0.04464780683573284,nan
6.25,220.00323486328125,-225.09974670410156,-5.017882823944092,218.87676019876307,-224.8839002194376,-5.009338106713385,1.146999514793139,1.1256805709491375,1.1256805709491375,0.00043893436545555344,1.3349970102811273,4.332143155475275,3.858467437916394,nan,nan
6.26,220.00323486328125,-225.09103393554688,-5.017882823944092,218.8766264400814,-224.87441523894648,-5.035892985820591,1.1473859703136227,1.1259824261620912,1.1259824261620912,0.00033769659414449604,2.129433028547694,5.216963504384393,nan,3.390147043740482,nan
6.2700000000000005,220.00323486328125,-225.08230590820312,-5.017882823944092,218.8764924268951,-224.86493027038745,-5.036269698986668,1.1476666602472054,1.126284783965788,1.126284783965788,0.00043894252026093253,1.9393625924785034,4.927350588077578,nan,nan,nan
6.28,220.00323486328125,-225.07359313964844,-5.017882823944092,218.87635831267892,-224.85544524904208,-5.030014437365263,1.1478616809170072,1.1265876453282277,1.1265876453282277,0.0003377014423459469,1.6052238517284647,4.684555933272107,nan,0.21692980589033123,nan
6.29,220.00323486328125,-225.0648651123047,-5.017882823944092,218.876224331115,-224.84596013387576,-5.030382523051219,1.1481412681688592,1.1268910112174109,1.1268910112174109,0.00043895074738732197,1.5255989518045006,4.506379111075165,nan,nan,nan
6.3,220.00323486328125,-225.05613708496094,-5.017882823944092,218.8792248033703,-224.83111130492193,-5.014205504159767,1.1463196496370296,1.1266868308702653,1.1266868308702653,0.00033769181097993765,1.2063270172937806,4.324690098594249,0.10787503279822055,1.3555777233891348,nan
6.3100000000000005,220.00323486328125,-225.04742431640625,-5.017882823944092,218.879098962831,-224.82161270463752,-5.014555424184846,1.1465964757838123,1.126988684487917,1.126988684487917,0.00043893442154731494,1.1917593759057612,4.401328272221127,nan,nan,nan
6.32,220.00323486328125,-225.0386962890625,-5.017882823944092,218.87897327580507,-224.81211418503773,-5.021937741572797,1.1468740163137958,1.1272910392810909,1.1272910392810909,0.0003376966479716093,1.215472322644511,4.325500272469936,nan,0.24377348665150225,nan
6.33,220.00323486328125,-225.0299835205078,-5.017882823944092,218.8788476568227,-224.80261564663587,-5.022301163680431,1.1471539834925106,1.1275938962177876,1.1275938962177876,0.00043894264604770784,1.211510496593956,4.413532406193442,nan,nan,nan
6.34,220.00323486328125,-225.02125549316406,-5.017882823944092,218.87872185450328,-224.79311693315745,-5.01816973649962,1.1474218020377607,1.127897256266007,1.127897256266007,0.0003377015295868462,1.1675280179073517,4.270191464813547,nan,0.09965534990975443,nan
6.3500000000000005,220.00323486328125,-225.0125274658203,-5.017882823944092,218.88027026593815,-224.77771588831453,-5.018482195178594,1.1472516389452572,1.1276930907713842,1.1276930907713842,0.0004389264504595216,1.1679675540849348,4.345221467614396,0.15858654204564077,nan,nan
6.36,220.00323486328125,-225.00381469726562,-5.017882823944092,218.88014828098568,-224.76820214596924,-5.029878451847827,1.1475977695819828,1.1279949427910696,1.1279949427910696,0.00033769192456879006,1.5935271990594932,4.866368834943424,nan,0.6018635942378963,nan
6.37,220.00323486328125,-224.99508666992188,-5.017882823944092,218.88002625704155,-224.75868822308271,-5.030245194577577,1.1478826712720152,1.1282972946057515,1.1282972946057515,0.0004389346570094207,1.515852427990618,4.684652428378975,nan,nan,nan
6.38,220.00323486328125,-224.9863739013672,-5.017882823944092,218.8799043156841,-224.7491741972399,-5.0392070916141956,1.1482987168827965,1.1286001471834302,1.1286001471834302,0.0003376968032828638,2.5144845266594738,5.778977389730841,nan,0.36418653894532593,nan
6.390000000000001,220.00323486328125,-224.97764587402344,-5.017882823944092,218.87978246684688,-224.7396600062092,-5.039589813450564,1.148587721389564,1.1289035014921056,1.1289035014921056,0.0004389429353568583,2.241670785135753,5.404970264036244,nan,nan,nan
6.4,220.00323486328125,-224.9689178466797,-5.017882823944092,218.87818716609155,-224.72172984294318,-5.052955787623009,1.1524167401267267,1.1286993506520377,1.1286993506520377,0.0003376872749270099,4.8182999401946995,8.081468994171507,0.3222861008318656,0.8415238643351922,nan
6.41,220.00323486328125,-224.960205078125,-5.017882823944092,218.87806170644302,-224.71219475803028,-5.05334589039894,1.1527277999706498,1.1290012010715649,1.1290012010715649,0.0004389267832494854,4.041075692195238,7.397500818172102,nan,nan,nan
6.42,220.00323486328125,-224.95147705078125,-5.017882823944092,218.87793616009392,-224.7026598556793,-5.05158056410937,1.1529712510144097,1.129303549939315,1.129303549939315,0.0003376921415889036,4.538771199283934,7.788747456512897,nan,0.022929186473795698,nan
6.43,220.00323486328125,-224.94276428222656,-5.017882823944092,218.877810436139,-224.69312514397137,-5.051969322072745,1.1532830224675819,1.1296063982232882,1.1296063982232882,0.0004389350575153433,3.8234917086165074,7.167706112031557,nan,nan,nan
6.44,220.00323486328125,-224.9340362548828,-5.017882823944092,218.87768464641005,-224.68359040080796,-5.023282706171045,1.153089578155211,1.129909746891485,1.129909746891485,0.0003376970525696842,1.2630649494113675,4.502964027720485,nan,4.168655551777066,nan
6.45,220.00323486328125,-224.92530822753906,-5.017882823944092,218.85101416327421,-224.68107838175968,-5.023615458903401,1.177834293182917,1.1297056105117897,1.1297056105117897,0.0004389190303795782,1.3028571205920552,4.488025243515477,1.4893985375587695,nan,nan
6.46,220.00323486328125,-224.91659545898438,-5.017882823944092,218.85082331440316,-224.6715606099409,-5.026966568175781,1.1782092215063602,1.1300074593294218,1.1300074593294218,0.0003376875469061401,1.472745417782638,4.752109777926611,nan,0.044639628814011,nan
6.47,220.00323486328125,-224.90786743164062,-5.017882823944092,218.85063259444763,-224.66204281031224,-5.027314634340336,1.1785629782149944,1.130309805281343,1.130309805281343,0.0004389272853198792,1.4314711556861854,4.606647861803271,nan,nan,nan
6.48,220.00323486328125,-224.89915466308594,-5.017882823944092,218.8504417502216,-224.6525249250217,-5.0124790342781615,1.178892442149903,1.1306126493355535,1.1306126493355535,0.0003376924541558671,1.3156800695402395,4.585486971840492,nan,1.1369325396329963,nan
6.49,220.00323486328125,-224.8904266357422,-5.017882823944092,218.85025081706644,-224.64300692641507,-5.0128047145183965,1.1792431939955108,1.1309159924600536,1.1309159924600536,0.0004389356115692582,1.2883621305781494,4.456188178513553,nan,nan,nan
6.5,220.00323486328125,-224.88169860839844,-5.017882823944092,218.8643899447561,-224.6368997637637,-4.994878796961869,1.1650851505544266,1.1307118703502215,1.1307118703502215,0.0003376830221397569,2.7671418522613083,5.983665383995042,0.7516236381482087,1.662650599754602,nan
6.51,220.00323486328125,-224.87298583984375,-5.017882823944092,218.86423429151543,-224.6273902686748,-4.995197914547596,1.1653986837880848,1.1310137175646608,1.1310137175646608,0.0004389196219451295,2.3728099063000765,5.680633618734333,nan,nan,nan
6.5200000000000005,220.00323486328125,-224.8642578125,-5.017882823944092,218.8640785161211,-224.61788085466515,-5.006926487166091,1.165546579911237,1.1313160606314112,1.1313160606314112,0.0003376879165534428,1.5561867575592239,4.76325707068127,nan,0.6418058685729169,nan
6.53,220.00323486328125,-224.85552978515625,-5.017882823944092,218.86392267993537,-224.6083714208009,-5.007265886300415,1.1658611527776794,1.131618900518473,1.131618900518473,0.00043892794275824325,1.4578460316834208,4.66078859899759,nan,nan,nan
6.54,220.00323486328125,-224.84681701660156,-5.017882823944092,218.8637668801932,-224.59886197490007,-5.013579633791575,1.1661421459811114,1.131922238193846,1.131922238193846,0.0003376928550016217,1.2562153908014129,4.551875851162892,nan,0.17594301501049026,nan
6.55,220.00323486328125,-224.8380889892578,-5.017882823944092,218.829102690965,-224.6116173558632,-5.013870319695123,1.1957808574278497,1.1317181301669341,1.1317181301669341,0.00043891207318860244,1.3001377724855063,4.210247528417709,3.469661968054196,nan,nan
6.5600000000000005,220.00323486328125,-224.82937622070312,-5.017882823944092,218.82886228355164,-224.6021627552141,-5.0084773381047025,1.1961878523393308,1.1320199757773062,1.1320199757773062,0.00033768344227455647,1.5258855889081093,4.5222460104544595,nan,0.161955339235946,nan
6.57,220.00323486328125,-224.82064819335938,-5.017882823944092,218.82862190485957,-224.5927080837306,-5.0088068508545724,1.1965595133369764,1.1323223159891105,1.1323223159891105,0.0004389203733962911,1.4520406795510763,4.353310530429934,nan,nan,nan
6.58,220.00323486328125,-224.81192016601562,-5.017882823944092,218.82838164519055,-224.5832532207931,-5.005622935885486,1.1969623890292853,1.1326251517703474,1.1326251517703474,0.0003376883762190691,1.7099207972217338,4.60743573457802,nan,0.06089820874502453,nan
6.59,220.00323486328125,-224.80320739746094,-5.017882823944092,218.82814162369272,-224.57379826942528,-5.005948634032786,1.1973366672083485,1.132928484089017,1.132928484089017,0.00043892874445709346,1.5897637483676943,4.574804537522306,nan,nan,nan
6.6000000000000005,220.00323486328125,-224.7944793701172,-5.017882823944092,218.83728633405076,-224.56329010791552,-5.009770273972732,1.1886758436340554,1.1327243899615451,1.1327243899615451,0.0003376790343311298,1.4422324202999208,4.401481467299299,0.2530848057859434,0.05841315607322231,nan
6.61,220.00323486328125,-224.78575134277344,-5.017882823944092,218.8370693732258,-224.5538323049612,-5.010113439551137,1.1890284915130787,1.1330262339673831,1.1330262339673831,0.00043891290684051524,1.3852746886569194,4.342498906164078,nan,nan,nan
6.62,220.00323486328125,-224.77703857421875,-5.017882823944092,218.83685249270738,-224.54437431339335,-4.998205880583026,1.1895241379438197,1.1333285713540442,1.1333285713540442,0.0003376839547097846,2.3947457797545146,5.439818314055521,nan,0.7402051365700167,nan
6.63,220.00323486328125,-224.768310546875,-5.017882823944092,218.83663572679592,-224.5349162556402,-4.998531455168768,1.1898743277770085,1.133631403089529,1.133631403089529,0.00043892127120352057,2.1017496103479707,5.05141149980124,nan,nan,nan
6.640000000000001,220.00323486328125,-224.75958251953125,-5.017882823944092,218.83641898857746,-224.52545816285325,-5.029349783459896,1.1901281405845274,1.1339347301418372,1.1339347301418372,0.0003376889188573987,1.6383757949603304,4.584502979494714,nan,4.584670542193723,nan
6.65,220.00323486328125,-224.75086975097656,-5.017882823944092,218.81716441730867,-224.51353072372336,-5.029729717093304,1.209641792244451,1.1337306497336894,1.1337306497336894,0.00043890554905996504,1.610282032834953,4.770597362490639,0.7261356489910397,nan,nan
6.66,220.00323486328125,-224.7421417236328,-5.017882823944092,218.81690122071046,-224.50406681830037,-5.039767685533893,1.2101843327407305,1.1340324921349203,1.1340324921349203,0.0003376795930883843,2.7093755084750186,5.770644770725204,nan,0.4601453909214829,nan
6.67,220.00323486328125,-224.73341369628906,-5.017882823944092,218.81663801983956,-224.4946031175935,-5.040162479284644,1.2105944591004825,1.1343348267258306,1.1343348267258306,0.00043891389162560275,2.422478223080874,5.478574054878546,nan,nan,nan
6.68,220.00323486328125,-224.72470092773438,-5.017882823944092,218.81637485609585,-224.4851395327254,-5.046811611805592,1.2111412854832042,1.1346376544744203,1.1346376544744203,0.0003376845520126387,3.7703394181517518,6.912776842624681,nan,0.19283385908849862,nan
6.69,220.00323486328125,-224.71597290039062,-5.017882823944092,218.81611176508338,-224.47567590219128,-5.047218341317476,1.211554567569325,1.1349409763486897,1.1349409763486897,0.00043892230461857565,3.2532306700566584,6.299689382272991,nan,nan,nan
6.7,220.00323486328125,-224.70726013183594,-5.017882823944092,218.77903663546024,-224.49113593246128,-5.006404815848289,1.243182494738917,1.1347369094830184,1.1347369094830184,0.0003376752944653907,1.7520279422773495,4.7428627070144245,3.902115059773369,8.387878647517475,nan
6.71,220.00323486328125,-224.6985321044922,-5.017882823944092,218.77868432246623,-224.4817326193366,-5.006752201002609,1.2436438133730807,1.1350387502799482,1.1350387502799482,0.00043890660924902523,1.6448028572076983,4.545978107102442,nan,nan,nan
6.72,220.00323486328125,-224.68980407714844,-5.017882823944092,218.7783322686327,-224.4723291793925,-4.997038285355127,1.2442331744169473,1.135341082104099,1.135341082104099,0.0003376802391439126,2.6498913672535847,5.548770955248667,nan,0.49932230943577516,nan
6.73,220.00323486328125,-224.68109130859375,-5.017882823944092,218.77798040781275,-224.46292564145034,-4.997372083948895,1.2446949141941144,1.135643905923471,1.135643905923471,0.00043891501436878655,2.3223253398446175,5.30345373143189,nan,nan,nan
6.74,220.00323486328125,-224.67236328125,-5.017882823944092,218.77762866459435,-224.45352211655867,-4.999537982811168,1.245125914443761,1.1359472227060645,1.1359472227060645,0.0003376852273433437,2.3610902286866304,5.2534080941020775,nan,0.016530847603737,nan
6.75,220.00323486328125,-224.66363525390625,-5.017882823944092,218.77643721867932,-224.48205634696052,-4.9998502065500965,1.2402937295409215,1.1357431692091995,1.1357431692091995,0.00043889943020133655,2.0950702850596965,4.533312957518617,2.8649763302582194,nan,nan
6.76,220.00323486328125,-224.65492248535156,-5.017882823944092,218.77608385480153,-224.47274447525507,-5.017056986447896,1.240600301057149,1.1360450084024996,1.1360450084024996,0.0003376759829605435,1.3567973936547728,3.866115037582205,nan,1.404044388114166,nan
6.7700000000000005,220.00323486328125,-224.6461944580078,-5.017882823944092,218.77573059225443,-224.4634325998826,-5.01741838512326,1.2410353934831502,1.136347337488492,1.136347337488492,0.0004389078124130772,1.35585929132107,3.7882303428864006,nan,nan,nan
6.78,220.00323486328125,-224.63746643066406,-5.017882823944092,218.77537731040266,-224.45412067518444,-5.043427003607602,1.241733603204839,1.136650157435177,1.136650157435177,0.0003376809652658744,3.288270361432554,5.717828405431548,nan,3.243503683217063,nan
6.79,220.00323486328125,-224.62875366210938,-5.017882823944092,218.77502410756986,-224.44480869508254,-5.043831155161774,1.2421798288624004,1.136953469210555,1.136953469210555,0.00043891626465434637,2.8905945908840094,5.389531301883131,nan,nan,nan
6.8,220.00323486328125,-224.62002563476562,-5.017882823944092,218.80555199198454,-224.41012779017686,-5.032697149826518,1.2160266566206037,1.1367494289119149,1.1367494289119149,0.0003376717866642191,1.9505732715231356,4.494626676137017,3.412787644614211,0.6454910956880104,nan
6.8100000000000005,220.00323486328125,-224.61129760742188,-5.017882823944092,218.8052738571016,-224.4007541156379,-5.033066598845314,1.2164167383260434,1.1370512665026091,1.1370512665026091,0.00043890070243302965,1.8264019812398151,4.367505750439635,nan,nan,nan
6.82,220.00323486328125,-224.6025848388672,-5.017882823944092,218.80499571975832,-224.39138051354405,-5.039620204368963,1.2169046083459019,1.1373535928786638,1.1373535928786638,0.000337676754090141,2.700912062696415,5.3193703008556605,nan,0.18853699171412114,nan
6.83,220.00323486328125,-224.59385681152344,-5.017882823944092,218.80471770951812,-224.38200699306702,-5.040001556169728,1.2172973965961524,1.137656409008079,1.137656409008079,0.0004389091457053551,2.416752330302419,4.949507181076232,nan,nan,nan
6.84,220.00323486328125,-224.5851287841797,-5.017882823944092,218.8044398065136,-224.37263339317354,-5.050463724754984,1.2179184678897943,1.137959715858855,1.137959715858855,0.0003376817648051676,4.446099627640944,6.976099907290704,nan,0.501032061562505,nan
6.8500000000000005,220.00323486328125,-224.576416015625,-5.017882823944092,218.81518133168473,-224.38080218555575,-5.050806122088896,1.2044998580382082,1.1377556885908624,1.1377556885908624,0.00043889369070278814,3.743924538999336,6.076650776625986,0.9810747380349301,nan,nan
6.86,220.00323486328125,-224.56768798828125,-5.017882823944092,218.81493013019562,-224.37147073314293,-5.022625073724678,1.2044051805022715,1.1380575245803142,1.1380575245803142,0.00033767259661309315,1.3412008964904099,3.5935374849489787,nan,4.024959247458384,nan
6.87,220.00323486328125,-224.5589599609375,-5.017882823944092,218.81467887602471,-224.36213926417338,-5.02296806058933,1.2047529129036416,1.1383598482742798,1.1383598482742798,0.0004389021100316622,1.3339144380483536,3.584259873644757,nan,nan,nan
6.88,220.00323486328125,-224.5502471923828,-5.017882823944092,218.8144276182781,-224.3528078243867,-5.014871755562592,1.2050950320781655,1.1386626606407595,1.1386626606407595,0.0003376776008085832,1.3022449404316825,3.625965124158343,nan,0.3513190303777058,nan
6.890000000000001,220.00323486328125,-224.54151916503906,-5.017882823944092,218.81417620067833,-224.34347642035053,-5.015203303380536,1.2054412518514779,1.1389659626477533,1.1389659626477533,0.00043891059901834007,1.2921483388675328,3.536204060839527,nan,nan,nan
6.9,220.00323486328125,-224.5327911376953,-5.017882823944092,218.826016063657,-224.30565738174096,-5.0236092581307386,1.1989439675527802,1.1387619482457532,1.1387619482457532,0.00033766849612078807,1.3593908701035085,3.9429676527793607,1.8864712213830435,0.32177158656254556,nan
6.91,220.00323486328125,-224.52407836914062,-5.017882823944092,218.82579367985429,-224.29625727968514,-5.023954947927685,1.1992944008542055,1.1390637826356536,1.1390637826356536,0.00043889516145915634,1.3466854479993111,4.012599059840901,nan,nan,nan
6.92,220.00323486328125,-224.51535034179688,-5.017882823944092,218.82557125238532,-224.2868570784584,-5.016880041113013,1.1996256738636917,1.139366103675017,1.139366103675017,0.00033767348484595877,1.266049356661736,3.843711638814873,nan,0.2716367369618933,nan
6.93,220.00323486328125,-224.50662231445312,-5.017882823944092,218.82534883486508,-224.27745650268514,-5.017215965309055,1.1999720454751153,1.1396689123318433,1.1396689123318433,0.0004389036404549352,1.2644788066625992,3.8416894903269454,nan,nan,nan
6.94,220.00323486328125,-224.49790954589844,-5.017882823944092,218.82512635371188,-224.26805560836777,-5.0086429134655965,1.2003573921394255,1.1399722095741331,1.1399722095741331,0.0003376785166435644,1.5166983624589634,4.177285050503494,nan,0.3915047900167822,nan
6.95,220.00323486328125,-224.4891815185547,-5.017882823944092,218.7963797470851,-224.23954526148015,-5.008934228320246,1.2324356411994317,1.1397682078763145,1.1397682078763145,0.00043888830639767683,1.515022021833187,4.426397867145164,2.365833805187986,nan,nan
6.96,220.00323486328125,-224.48045349121094,-5.017882823944092,218.79608843407254,-224.23009833121824,-5.009087746237059,1.2328655892181308,1.1400700406686697,1.1400700406686697,0.0003376694197953756,1.5622265853645758,4.471098456643791,nan,0.00013247235802250855,nan
6.97,220.00323486328125,-224.47174072265625,-5.017882823944092,218.7957971541613,-224.22065153499494,-5.009405967721944,1.2332977980425668,1.1403723590805632,1.1403723590805632,0.00043889676048424056,1.4974545154967673,4.491171457356839,nan,nan,nan
6.98,220.00323486328125,-224.4630126953125,-5.017882823944092,218.7955058366797,-224.21120494693062,-5.01199138981031,1.2337144129972886,1.1406751640799953,1.1406751640799953,0.0003376744444899833,1.4371003278509862,4.335808832960109,nan,0.02532619880408967,nan
6.99,220.00323486328125,-224.45428466796875,-5.017882823944092,218.79521442839945,-224.2017583230865,-5.0123154169271,1.234145016589422,1.1409784566349663,1.1409784566349663,0.0004389052838810597,1.405513129857554,4.301447665663777,nan,nan,nan
7.0,220.00323486328125,-224.44557189941406,-5.017882823944092,218.772067246739,-224.15648156152128,-5.029388487890999,1.26470522406929,1.1407744674822857,1.1407744674822857,0.00033766540902103716,1.7940292423455975,5.42881930955172,3.5637863364608586,1.3859667261635926,nan
7.01,220.00323486328125,-224.4368438720703,-5.017882823944092,218.7717208419529,-224.1469493352877,-5.0297380064753305,1.265229691612375,1.1410762986794056,1.1410762986794056,0.000438889963065826,1.7229974056576527,5.24810724638743,nan,nan,nan
7.0200000000000005,220.00323486328125,-224.42811584472656,-5.017882823944092,218.77137450937363,-224.13741701867988,-5.032380243744846,1.2657787777393035,1.1413786144906162,1.1413786144906162,0.00033767041769404156,2.0259803034149275,5.5465450477757825,nan,0.025901899977266458,nan
7.03,220.00323486328125,-224.41940307617188,-5.017882823944092,218.77102832974938,-224.1278846023412,-5.032735430496473,1.2663082412211428,1.1416814158839177,1.1416814158839177,0.0004388984755181947,1.9069679569376148,5.523627286946869,nan,nan,nan
7.04,220.00323486328125,-224.41067504882812,-5.017882823944092,218.77068224976648,-224.11835219581613,-5.013792936632579,1.2667499053299285,1.1419847038273105,1.1419847038273105,0.000337675469236854,1.4546676813075223,4.96309164790738,nan,1.8367315434352418,nan
7.05,220.00323486328125,-224.40194702148438,-5.017882823944092,218.78278218959068,-224.08718291979957,-5.014096745790127,1.2603949788918143,1.14178072706342,1.14178072706342,0.000438883254735245,1.4239800050428368,5.2390034031349515,1.2490454482013071,nan,nan
7.0600000000000005,220.00323486328125,-224.39321899414062,-5.017882823944092,218.78246590645296,-224.07759858642373,-5.0181093535126875,1.2609096474524513,1.1420825566679071,1.1420825566679071,0.0003376664392090055,1.392251936900726,5.199893114772748,nan,0.06716031463974043,nan
7.07,220.00323486328125,-224.38450622558594,-5.017882823944092,218.78214972160873,-224.0680143581849,-5.0184386213593895,1.2614342369918252,1.1423848699048837,1.1423848699048837,0.0004388917413772098,1.3935934609993594,5.3035410324728876,nan,nan,nan
7.08,220.00323486328125,-224.3757781982422,-5.017882823944092,218.78183342308427,-224.05843030931595,-5.003186066007399,1.262040869154029,1.14268766774235,1.14268766774235,0.0003376714831042774,2.033330702601915,5.826118588863175,nan,1.1975501749018918,nan
7.09,220.00323486328125,-224.36705017089844,-5.017882823944092,218.78151692877051,-224.0488462995478,-5.003492703439841,1.2625591038901283,1.1429909511483065,1.1429909511483065,0.0004389002970044084,1.8662595839519158,5.654719522524089,nan,nan,nan
7.1000000000000005,220.00323486328125,-224.35833740234375,-5.017882823944092,218.77379787756615,-224.02505429408777,-5.012529828890629,1.2738216463261391,1.142786986619482,1.142786986619482,0.00033766251247151837,1.5047175017502088,5.688145350929341,0.5370763888653945,0.378754281162058,nan
7.11,220.00323486328125,-224.349609375,-5.017882823944092,218.77346358924265,-224.01543650577142,-5.012845642160011,1.27437603013369,1.143088814634221,1.143088814634221,0.0004388850855416368,1.4785326394349831,5.539734734963059,nan,nan,nan
7.12,220.00323486328125,-224.34088134765625,-5.017882823944092,218.77312938085686,-224.00581874148213,-5.0342702638323304,1.2750274491683815,1.143391125323083,1.143391125323083,0.00033766753983064827,2.2168874577754814,6.27052819748088,nan,2.1973865450383085,nan
7.13,220.00323486328125,-224.33216857910156,-5.017882823944092,218.7727951267367,-223.99620097201927,-5.034621181666161,1.2755925489338933,1.1436939196540679,1.1436939196540679,0.0004388936293342542,2.060818759611014,6.221082877835804,nan,nan,nan
7.140000000000001,220.00323486328125,-224.3234405517578,-5.017882823944092,218.77246101862966,-223.9865832770865,-5.053545575880137,1.276537861582294,1.1439971985951758,1.1439971985951758,0.00033767260987007145,5.1897870461455025,9.226348667807546,nan,1.701148295603756,nan
7.15,220.00323486328125,-224.31471252441406,-5.017882823944092,218.75756256489265,-224.02640867585217,-5.0539473258418965,1.2791087648693014,1.1437932461502507,1.1437932461502507,0.0004388785146635881,4.392868039376012,7.773040837121378,5.248713302382967,nan,nan
7.16,220.00323486328125,-224.30599975585938,-5.017882823944092,218.75719400647364,-224.01690908985418,-5.060483056933092,1.2798460883465197,1.144095072578398,1.144095072578398,0.00033766364243896063,6.804637797810649,10.278699104409474,nan,0.18641565834674026,nan
7.17,220.00323486328125,-224.29727172851562,-5.017882823944092,218.75682551152696,-224.00740924954619,-5.060881560876804,1.2803926820443323,1.1443973807449415,1.1443973807449415,0.00043888703180451416,5.643615206086736,9.014191951713292,nan,nan,nan
7.18,220.00323486328125,-224.28854370117188,-5.017882823944092,218.7564569080467,-223.99790920245493,-5.0489565320692815,1.2805816088168591,1.144700171617881,1.144700171617881,0.0003376687043224099,4.291283890717702,7.657463344019092,nan,0.7491328279189529,nan
7.19,220.00323486328125,-224.27981567382812,-5.017882823944092,218.75608816567194,-223.98840913045316,-5.049337870608508,1.2811253173832022,1.145003446165217,1.145003446165217,0.0004388956176266555,3.6869057280327806,7.047547094577294,nan,nan,nan
7.2,220.00323486328125,-224.27110290527344,-5.017882823944092,218.7495399980087,-223.95993495238565,-5.037079950122933,1.2918764800741185,1.1447995056555156,1.1447995056555156,0.00033765979443306244,2.5489500693194627,6.368296785445745,0.7852784743224502,0.7873278087425969,nan
7.21,220.00323486328125,-224.2623748779297,-5.017882823944092,218.74915677186016,-223.95038971118012,-5.037442287539488,1.2924508409491884,1.1451013305004887,1.1451013305004887,0.0004388805086137351,2.3301280038460366,6.036201459750281,nan,nan,nan
7.22,220.00323486328125,-224.25364685058594,-5.017882823944092,218.74877347838054,-223.94084458649607,-5.047213243206492,1.2932048933254379,1.1454036361701943,1.1454036361701943,0.00033766483929992855,4.007041313829396,7.705614647237241,nan,0.43650736354053027,nan
7.23,220.00323486328125,-224.24493408203125,-5.017882823944092,218.74839009485922,-223.9312995242806,-5.0475922776514945,1.2937869532079767,1.1457064236326324,1.1457064236326324,0.0004388890817700391,3.4713403477003815,7.267837467703459,nan,nan,nan
7.24,220.00323486328125,-224.2362060546875,-5.017882823944092,218.7480067612402,-223.92175447863542,-5.041276265156921,1.2942274278221018,1.1460096938558033,1.1460096938558033,0.00033766992666975815,3.081811842902683,6.766386148415304,nan,0.22112914221290275,nan
7.25,220.00323486328125,-224.22747802734375,-5.017882823944092,218.7563798069466,-223.87867486737275,-5.041565974812278,1.294940951375038,1.1458057651350786,1.1458057651350786,0.00043887406652217743,2.7410217824709244,6.891964146601444,2.641503900240761,nan,nan
7.26,220.00323486328125,-224.21876525878906,-5.017882823944092,218.75601749445343,-223.8690503085181,-5.036019418032757,1.2954461191396376,1.1461075884005467,1.1461075884005467,0.0003376610178903314,2.4381171070610175,6.697019461423411,nan,0.17163708073793438,nan
7.2700000000000005,220.00323486328125,-224.2100372314453,-5.017882823944092,218.75565532809483,-223.8594257912151,-5.0363638843558,1.2960419083618406,1.1464098915985863,1.1464098915985863,0.00043888261224110935,2.24313169952927,6.378741118416262,nan,nan,nan
7.28,220.00323486328125,-224.20130920410156,-5.017882823944092,218.75529331371965,-223.84980119906464,-5.039121352842841,1.2966753887681493,1.1467126756971973,1.1467126756971973,0.0003376660966292932,2.8017177056251947,6.931225671073332,nan,0.028690556844885196,nan
7.29,220.00323486328125,-224.19259643554688,-5.017882823944092,218.7549313620007,-223.84017650252332,-5.039471674814957,1.2972769630975325,1.14701594166438,1.14701594166438,0.00043889122635674103,2.528761407237651,6.764633551629696,nan,nan,nan
7.3,220.00323486328125,-224.18386840820312,-5.017882823944092,218.7906012133119,-223.85984452587493,-5.024042242494401,1.255193126094106,1.1468120245887525,1.1468120245887525,0.0003376572436598528,1.4861416911204945,4.984572390179529,4.307529776163705,1.22111691187925,nan
7.3100000000000005,220.00323486328125,-224.17514038085938,-5.017882823944092,218.7903245095106,-223.85028933000464,-5.024361421210416,1.2556757956367475,1.147113846278627,1.147113846278627,0.0004388762133452041,1.470111046982535,4.961653201391606,nan,nan,nan
7.32,220.00323486328125,-224.16641235351562,-5.017882823944092,218.79004771606336,-223.8407343213277,-5.0329056782756645,1.2562304410325231,1.14741614702987,1.14741614702987,0.0003376623049334591,2.0435456459134937,5.52870608191344,nan,0.3335771252716181,nan
7.33,220.00323486328125,-224.15769958496094,-5.017882823944092,218.78977074839105,-223.83117935865462,-5.033239768696896,1.2567205146990819,1.1477189278104818,1.1477189278104818,0.000438884814018433,1.9132210309136009,5.498064276811572,nan,nan,nan
7.34,220.00323486328125,-224.1489715576172,-5.017882823944092,218.78949371650344,-223.82162448317513,-5.029392500797721,1.2571619431038132,1.1480221895884624,1.1480221895884624,0.00033766740854405453,1.768878952507838,5.24050088404321,nan,0.08626641313461123,nan
7.3500000000000005,220.00323486328125,-224.14024353027344,-5.017882823944092,218.79521285952904,-223.7839056403371,-5.029694713556869,1.25953696813154,1.147818284016361,1.147818284016361,0.0004388698919430117,1.6999169365521791,5.626584145326569,1.6648193994755789,nan,nan
7.36,220.00323486328125,-224.13153076171875,-5.017882823944092,218.79494994519442,-223.77428435222822,-5.011234225520005,1.2600085889512744,1.1481201041347868,1.1481201041347868,0.00033765855473006994,1.5136754141276345,5.549638090857623,nan,1.7404120392003404,nan
7.37,220.00323486328125,-224.122802734375,-5.017882823944092,218.79468702951155,-223.76466307281197,-5.011530200756876,1.2605126891528202,1.1484224024638072,1.1484224024638072,0.0004388784644448442,1.4754604201644506,5.390585442879771,nan,nan,nan
7.38,220.00323486328125,-224.11407470703125,-5.017882823944092,218.79442411514432,-223.75504181711443,-5.019739426198439,1.2610041585281584,1.1487251799714224,1.1487251799714224,0.00033766364926605887,1.3944628361748597,5.302675146316104,nan,0.30875456673574947,nan
7.390000000000001,220.00323486328125,-224.1053466796875,-5.017882823944092,218.7941611971173,-223.7454204545915,-5.02004997515935,1.261511281862908,1.149028437625633,1.149028437625633,0.00043888710507712577,1.3957024507025975,5.299104316028318,nan,nan,nan
7.4,220.00323486328125,-224.0966339111328,-5.017882823944092,218.84504773648362,-223.7193943789331,-5.004610653097267,1.2181474606356157,1.1488245434177393,1.1488245434177393,0.000337654849643318,1.8131882692046686,6.057282897124779,5.687611697893579,1.2219119210973552,nan
7.41,220.00323486328125,-224.08790588378906,-5.017882823944092,218.8449058232941,-223.70973401975868,-5.00489648941905,1.218568327385104,1.1491263619690846,1.1491263619690846,0.00043887218204053996,1.6763287218739786,5.792447126044621,nan,nan,nan
7.42,220.00323486328125,-224.0791778564453,-5.017882823944092,218.844763908871,-223.70007380123315,-5.017015807369058,1.2189239470156763,1.1494286579001662,1.1494286579001662,0.0003376599262946043,1.2948465745514863,5.402480103956085,nan,0.6905473651910304,nan
7.43,220.00323486328125,-224.07046508789062,-5.017882823944092,218.84462206837196,-223.6904137198659,-5.01732214516612,1.2193535029783937,1.1497314321789844,1.1497314321789844,0.00043888080850467434,1.2939075479914957,5.513622126387676,nan,nan,nan
7.44,220.00323486328125,-224.06173706054688,-5.017882823944092,218.8444803555308,-223.68075377709076,-5.005445453844818,1.2198421863831261,1.1500346857735393,1.1500346857735393,0.0003376650451275229,1.7518638253784733,5.843460931281314,nan,0.7321571944131056,nan
7.45,220.00323486328125,-224.05300903320312,-5.017882823944092,218.85676495257061,-223.66425024816758,-5.005644739866237,1.2106512378918486,1.1498308027927315,1.1498308027927315,0.0004388659737595189,1.6158260411549041,5.786716690784143,0.7398897178737437,nan,nan
7.46,220.00323486328125,-224.04429626464844,-5.017882823944092,218.85665255404416,-223.65457440209244,-5.000260329803229,1.2111336318958865,1.1501326197815809,1.1501326197815809,0.00033765624283336516,2.1948291972975347,6.478331722036859,nan,0.15765016194633905,nan
7.47,220.00323486328125,-224.0355682373047,-5.017882823944092,218.85654001153407,-223.64489863463564,-5.0005215022888345,1.2115416777654446,1.150434913338724,1.150434913338724,0.0004388745713662497,1.9624240764290457,6.117685652023739,nan,nan,nan
7.48,220.00323486328125,-224.02684020996094,-5.017882823944092,218.85642741650548,-223.635222873985,-5.0170004267102914,1.2118301186396276,1.1507376844321608,1.1507376844321608,0.00033766135217690933,1.2784711956201038,5.425428445169661,nan,1.2970779006012874,nan
7.49,220.00323486328125,-224.0181121826172,-5.017882823944092,218.8563149449686,-223.62554721129024,-5.017288975695993,1.2122429246611257,1.151040934029892,1.151040934029892,0.0004388832368541318,1.2775023093505014,5.4169857163870265,nan,nan,nan
7.5,220.00323486328125,-224.0093994140625,-5.017882823944092,218.8996047666577,-223.60612143646875,-5.00346973062722,1.1750915941510236,1.1508370621411932,1.1508370621411932,0.0003376526025604124,1.8149164144315506,6.3055764746256,3.9444703631712925,0.9762136092726031,nan
7.51,220.00323486328125,-224.00067138671875,-5.017882823944092,218.89959459053492,-223.59642264440419,-5.003730522009737,1.1754314888331636,1.1511388775723383,1.1511388775723383,0.00043886839815866687,1.6564356736033474,6.0160034275001575,nan,nan,nan
7.5200000000000005,220.00323486328125,-223.991943359375,-5.017882823944092,218.89958437551505,-223.58672381498477,-4.996473356139434,1.175885046938724,1.1514411687792647,1.1514411687792647,0.00033765769362726955,2.557934933243483,6.9091131544428475,nan,0.27884635968557814,nan
7.53,220.00323486328125,-223.9832305908203,-5.017882823944092,218.89957424153835,-223.57702518510987,-4.996724451354465,1.1762301119870022,1.1517439367299727,1.1517439367299727,0.0004388770487999516,2.220898619669767,6.688890363348886,nan,nan,nan
7.54,220.00323486328125,-223.97450256347656,-5.017882823944092,218.89956423137068,-223.56732664462885,-5.002015622671,1.1764917597278817,1.1520471823924625,1.1520471823924625,0.000337662826730268,1.9468562329432442,6.283504936736225,nan,0.12523221404163878,nan
7.55,220.00323486328125,-223.9657745361328,-5.017882823944092,218.8931472531018,-223.56909936366108,-5.002296598506589,1.1789353778527412,1.1518433214629893,1.1518433214629893,0.0004388622959226813,1.7599996474220458,5.935781239492788,0.3567901977484408,nan,nan
7.5600000000000005,220.00323486328125,-223.95704650878906,-5.017882823944092,218.89312198812078,-223.5594278561634,-5.004145222192539,1.1792539634085457,1.152145135341421,1.152145135341421,0.00033765407273422603,1.765757094221688,5.933441295033373,nan,0.012341725409104866,nan
7.57,220.00323486328125,-223.94833374023438,-5.017882823944092,218.89309670763438,-223.54975625773594,-5.004415353081002,1.1795982820220048,1.1524474242215799,1.1524474242215799,0.0004388709170652177,1.6205027533673217,5.905279109590605,nan,nan,nan
7.58,220.00323486328125,-223.93960571289062,-5.017882823944092,218.89307142920362,-223.54008445316057,-5.006332912618385,1.1799209667562334,1.1527501890714666,1.1527501890714666,0.00033765919596003555,1.6026906909416503,5.759031104874275,nan,0.013372579307236815,nan
7.59,220.00323486328125,-223.93087768554688,-5.017882823944092,218.8930462243292,-223.53041255529521,-5.006607256516819,1.1802619510204073,1.1530534308590812,1.1530534308590812,0.0004388796058554544,1.4976908513749416,5.647055834341547,nan,nan,nan
7.6000000000000005,220.00323486328125,-223.9221649169922,-5.017882823944092,218.85682498611035,-223.53560543334808,-5.014192587306885,1.2098336491917498,1.1528495807579935,1.1528495807579935,0.00033765049322596733,1.3099537549285896,5.2666064167228726,3.2844132099909142,0.27066182697105595,nan
7.61,220.00323486328125,-223.91343688964844,-5.017882823944092,218.85671477391108,-223.525968318969,-5.01446198314704,1.2102280408028496,1.153151393088894,1.153151393088894,0.0004388648462325859,1.2967842107762786,5.13148817461293,nan,nan,nan
7.62,220.00323486328125,-223.9047088623047,-5.017882823944092,218.85660462843313,-223.51633117185398,-5.032196254572601,1.210703514574908,1.1534536796654673,1.1534536796654673,0.00033765559780856433,1.877372455131193,5.703723663507654,nan,1.5042993100072688,nan
7.63,220.00323486328125,-223.89598083496094,-5.017882823944092,218.85649457090656,-223.50669411962073,-5.032495110171285,1.2111032011371843,1.1537564414557138,1.1537564414557138,0.0004388735195417618,1.7576310990893873,5.57828208062637,nan,nan,nan
7.640000000000001,220.00323486328125,-223.88726806640625,-5.017882823944092,218.85638447053677,-223.49705712137762,-5.042459330320558,1.2116659645397247,1.1540596794276339,1.1540596794276339,0.0003376607442910585,3.060415852551044,6.9906253531304925,nan,0.4606542094689815,nan
7.65,220.00323486328125,-223.8785400390625,-5.017882823944092,218.8802314325288,-223.4837651964321,-5.0427747375238825,1.1906315505719165,1.153855840026089,1.153855840026089,0.0004388588434235235,2.639902650589466,6.563270759769839,1.1571492864037716,nan,nan
7.66,220.00323486328125,-223.86981201171875,-5.017882823944092,218.88017734632177,-223.47411959948332,-5.0317520478450515,1.1908077203610572,1.1541576508148244,1.1541576508148244,0.00033765203557981603,1.7981401557325012,5.714542696149154,nan,0.6342408113554087,nan
7.67,220.00323486328125,-223.86109924316406,-5.017882823944092,218.88012346921244,-223.46447415521175,-5.032052147969881,1.1911722938449023,1.1544599351107319,1.1544599351107319,0.0004388674866341737,1.6863505711999411,5.7129429561081215,nan,nan,nan
7.68,220.00323486328125,-223.8523712158203,-5.017882823944092,218.88006962979756,-223.45482894957922,-5.047845998656026,1.191821205967317,1.1547626938818116,1.1547626938818116,0.000337657171822394,3.8881772658526184,7.787629425736891,nan,1.1838721816231923,nan
7.69,220.00323486328125,-223.84364318847656,-5.017882823944092,218.88001564428703,-223.4451836702735,-5.04817245132651,1.192186589041987,1.1550659280960638,1.1550659280960638,0.00043887619727389117,3.320185033578897,7.215337730176541,nan,nan,nan
7.7,220.00323486328125,-223.8349151611328,-5.017882823944092,218.8693971301871,-223.39380146316375,-5.029538129320757,1.216677913692617,1.1548620992671683,1.1548620992671683,0.00033764851304862644,1.684014938127878,6.385284568410718,3.652072233910081,1.7737548928504094,nan
7.71,220.00323486328125,-223.82620239257812,-5.017882823944092,218.869318155941,-223.38405813984625,-5.0298373483402745,1.2171284032766436,1.1551639085192813,1.1551639085192813,0.00043886151179524504,1.6079325629273002,6.431151881659414,nan,nan,nan
7.72,220.00323486328125,-223.81747436523438,-5.017882823944092,218.86923926583646,-223.3743149909606,-5.0111047327071985,1.2175311858641258,1.155466190557185,1.155466190557185,0.0003376536303051667,1.4189542456996849,6.098436654356885,nan,1.7867223100759029,nan
7.73,220.00323486328125,-223.80874633789062,-5.017882823944092,218.86916042248848,-223.36457187077667,-5.011375789504689,1.217972961930026,1.1557689463488794,1.1557689463488794,0.00043887020636040387,1.3799665955670817,6.053086328147348,nan,nan,nan
7.74,220.00323486328125,-223.80003356933594,-5.017882823944092,218.86908160801167,-223.35482870015466,-4.999991855320699,1.2185364453883163,1.156072176862365,1.156072176862365,0.0003376587893339641,2.2320580825439422,7.027049364938123,nan,0.6701017544243552,nan
7.75,220.00323486328125,-223.7913055419922,-5.017882823944092,218.85586053510158,-223.36555922344027,-5.000263711645887,1.2239437118774807,1.1558683584811318,1.1558683584811318,0.0004388556022215716,2.0031294350441673,6.339014578408693,1.178759194957315,nan,nan
7.76,220.00323486328125,-223.78257751464844,-5.017882823944092,218.8557509632458,-223.35586400018295,-5.007654098042581,1.2242991264807797,1.1561701662023347,1.1561701662023347,0.00033765012308833954,1.606219788514263,5.934417359753368,nan,0.2507918391237247,nan
7.7700000000000005,220.00323486328125,-223.7738494873047,-5.017882823944092,218.85564140274863,-223.34616875919465,-5.007926200959773,1.2247369881714243,1.1564724460046445,1.1564724460046445,0.00043886426612713456,1.5228337324819576,5.844931065911404,nan,nan,nan
7.78,220.00323486328125,-223.76513671875,-5.017882823944092,218.85553181320986,-223.33647333688768,-5.023261541045016,1.2251544868670459,1.1567751988560613,1.1567751988560613,0.00033765527153787017,1.383231671877903,5.824218170027081,nan,1.1190290116894472,nan
7.79,220.00323486328125,-223.75640869140625,-5.017882823944092,218.8554221894211,-223.32677784135365,-5.023559044605771,1.2255973323534652,1.1570784257245852,1.1570784257245852,0.0004388729972569056,1.3715600229206006,5.6792920417543575,nan,nan,nan
7.8,220.00323486328125,-223.7476806640625,-5.017882823944092,218.83106943357083,-223.2927405728624,-5.039772671422316,1.2575458029876971,1.1568746176678892,1.1568746176678892,0.00033764665399018475,2.785695945563535,7.6671744908977795,2.458738474788949,1.2386401719872389,nan
7.8100000000000005,220.00323486328125,-223.73895263671875,-5.017882823944092,218.83090311253227,-223.28298818132302,-5.0401101668314405,1.2580776498969874,1.1571764238640563,1.1571764238640563,0.00043885838131105123,2.4931227872051718,7.365005634505489,nan,nan,nan
7.82,220.00323486328125,-223.73023986816406,-5.017882823944092,218.83073669361684,-223.27323583652722,-5.0084222425728875,1.2584491032213403,1.1574787014529335,1.1574787014529335,0.00033765178313293227,1.6332238135249555,6.628123677850736,nan,5.059205701636124,nan
7.83,220.00323486328125,-223.7215118408203,-5.017882823944092,218.83057019906576,-223.26348336366874,-5.008711280677082,1.2589744309505704,1.1577814514025215,1.1577814514025215,0.000438867095810934,1.560608248727679,6.414482887932751,nan,nan,nan
7.84,220.00323486328125,-223.71278381347656,-5.017882823944092,218.83040363467825,-223.25373058984417,-5.025146638692759,1.2594902603507592,1.1580846746808202,1.1580846746808202,0.00033765695392833306,1.5259918410095166,6.374259835802876,nan,1.285740903837962,nan
7.8500000000000005,220.00323486328125,-223.70407104492188,-5.017882823944092,218.8260794877571,-223.24603653885424,-5.025472881555376,1.2631500290339766,1.1578808768273576,1.1578808768273576,0.00043885255917872995,1.5092118307792277,6.51489104899161,0.04679121761271316,nan,nan
7.86,220.00323486328125,-223.69534301757812,-5.017882823944092,218.82590309920528,-223.23628827629346,-5.031333959922327,1.2637334652755199,1.1581826815045195,1.1581826815045195,0.0003376483275100439,1.9146098277385344,6.777581876192745,nan,0.1514816319171482,nan
7.87,220.00323486328125,-223.68661499023438,-5.017882823944092,218.82572673899912,-223.226540072494,-5.031662896695601,1.2642722029251692,1.158484956901883,1.158484956901883,0.0004388612424940108,1.8122444543730483,6.6644194709652425,nan,nan,nan
7.88,220.00323486328125,-223.67788696289062,-5.017882823944092,218.82555028625669,-223.21679194323076,-5.035835614214828,1.264860420281686,1.158787703987448,1.158787703987448,0.0003376534874086019,2.3349014445421234,7.177298336389938,nan,0.07284304903397067,nan
7.890000000000001,220.00323486328125,-223.66917419433594,-5.017882823944092,218.8253737663056,-223.207043788378,-5.0361723786157535,1.2654073587938428,1.159090923729215,1.159090923729215,0.0004388699928415928,2.1433894756233487,7.109838569454405,nan,nan,nan
7.9,220.00323486328125,-223.6604461669922,-5.017882823944092,218.79188180128995,-223.19246505076245,-5.032407055770257,1.2986891542064551,1.158887135959462,1.158887135959462,0.0003376449085279493,2.079952708808269,7.109454583392905,2.2580927520222644,0.08184423080261512,nan
7.91,220.00323486328125,-223.65171813964844,-5.017882823944092,218.79162756634113,-223.1827055416565,-5.03273374567196,1.299301969886079,1.1591889391237984,1.1591889391237984,0.0004388554421124469,1.9587174296882692,6.979192960776752,nan,nan,nan
7.92,220.00323486328125,-223.6429901123047,-5.017882823944092,218.79137323708113,-223.17294601650275,-5.0429188065806665,1.3000680187902616,1.159491212351327,1.159491212351327,0.00033765004881955234,3.313508917285337,8.325863739994217,nan,0.47926504117773616,nan
7.930000000000001,220.00323486328125,-223.63427734375,-5.017882823944092,218.79111891267715,-223.1631864055369,-5.043263287828308,1.3006905541758842,1.159793956610048,1.159793956610048,0.00043886417531038445,2.9259555285718246,8.063816973482762,nan,nan,nan
7.94,220.00323486328125,-223.62554931640625,-5.017882823944092,218.7908646005102,-223.15342686088132,-5.046717776978634,1.301373398213963,1.1600971728679617,1.1600971728679617,0.000337655230651743,3.9215738396883557,8.91323641393009,nan,0.047675454004603275,nan
7.95,220.00323486328125,-223.6168212890625,-5.017882823944092,218.75098061479926,-223.13863947404232,-5.047044571074374,1.3407643187946474,1.1598933950641357,1.1598933950641357,0.00043884970199802573,3.486916984727332,8.760316879098001,3.1704391656422923,nan,nan
7.96,220.00323486328125,-223.6081085205078,-5.017882823944092,218.75063402896754,-223.12886823316347,-5.036704971228712,1.341280871542457,1.1601951967219697,1.1601951967219697,0.00033764664159115264,2.5995679831899814,7.999258288065581,nan,0.5632851261901792,nan
7.97,220.00323486328125,-223.59938049316406,-5.017882823944092,218.75028738405572,-223.11909694002577,-5.037035798166948,1.3419823074594999,1.1604974678011077,1.1604974678011077,0.0004388584035199629,2.387420502714133,7.640170600648571,nan,nan,nan
7.98,220.00323486328125,-223.5906524658203,-5.017882823944092,218.74994066389,-223.1093256315362,-5.026511250497632,1.3425707882173468,1.1608002092695502,1.1608002092695502,0.000337651812229229,1.7732334781681398,7.0154343903030085,nan,0.5813377446386948,nan
7.99,220.00323486328125,-223.58192443847656,-5.017882823944092,218.7495940175233,-223.09955441029996,-5.0268268729524275,1.343270713686741,1.1611034220952972,1.1611034220952972,0.0004388671718943182,1.7362280291033216,6.965489984548811,nan,nan,nan
8.0,220.00323486328125,-223.57321166992188,-5.017882823944092,218.7836725399714,-223.13114783010087,-5.002037395021599,1.2973063541553833,1.160899654141319,1.160899654141319,0.0003376432696198758,2.1931426937614633,6.604841826076717,6.044882815682502,3.0822896102854704,nan
8.01,220.00323486328125,-223.56448364257812,-5.017882823944092,218.78340568900546,-223.1214726379058,-5.002295480485803,1.2978770858410318,1.1612014542991105,1.1612014542991105,0.00043885268234130785,2.004067905581543,6.285518339631386,nan,nan,nan
8.02,220.00323486328125,-223.55575561523438,-5.017882823944092,218.78313862725557,-223.11179728547071,-5.0050855873128075,1.2984211924471865,1.1615037232510712,1.1615037232510712,0.0003376484203700053,1.936366395309093,6.211040428738145,nan,0.03160170546220741,nan
8.03,220.00323486328125,-223.54702758789062,-5.017882823944092,218.7828714086986,-223.10212179255763,-5.005349462190768,1.2989939234494523,1.1618064619652015,1.1618064619652015,0.0004388614330794336,1.810183371587763,6.0788546285526905,nan,nan,nan
8.040000000000001,220.00323486328125,-223.53831481933594,-5.017882823944092,218.78260416131832,-223.09244625282017,-5.004549501937935,1.2995829587437149,1.1621096714095018,1.1621096714095018,0.0003376536125556767,1.9796742874120923,6.362862804044643,nan,0.005592267654156796,nan
8.05,220.00323486328125,-223.5295867919922,-5.017882823944092,218.82018109469257,-223.10125155137865,-5.004756168115927,1.2582764429236366,1.1619059131909593,1.1619059131909593,0.00043884701916699223,1.7551322709192592,5.595027065221634,3.6376351674978915,nan,nan
8.06,220.00323486328125,-223.52085876464844,-5.017882823944092,218.82000152781575,-223.0916191006451,-4.979172887675417,1.259280061970509,1.1622077118552987,1.1622077118552987,0.00033764505854048585,5.801142527494927,9.634741724435184,nan,3.2923973540816562,nan
8.07,220.00323486328125,-223.51214599609375,-5.017882823944092,218.8198222552461,-223.08198665225612,-4.9793855812892325,1.259755730147482,1.1625099787010684,1.1625099787010684,0.0004388557377690854,4.740911202467833,8.686402231449676,nan,nan,nan
8.08,220.00323486328125,-223.50341796875,-5.017882823944092,218.81964305483802,-223.0723543011745,-4.982547276347114,1.2601404903587234,1.1628127146962686,1.1628127146962686,0.00033765023925370213,5.062453009102947,8.881674029223435,nan,0.042870278054849144,nan
8.09,220.00323486328125,-223.49468994140625,-5.017882823944092,218.81946379718755,-223.06272208751915,-4.982766547514801,1.2606122784515057,1.1631159208088993,1.1631159208088993,0.00043886452305498975,4.175092296042856,7.988688086064082,nan,nan,nan
8.1,220.00323486328125,-223.4859619140625,-5.017882823944092,218.84202232729876,-223.05249979524754,-4.975661873258902,1.2401961824030867,1.1629121722130111,1.1629121722130111,0.00033764173067231943,6.600669759164654,10.436891454851725,1.0199372784787029,0.26442280329304674,nan
8.11,220.00323486328125,-223.4772491455078,-5.017882823944092,218.84189561790063,-223.04286628275253,-4.975871387977335,1.2406297896909808,1.1632139693906154,1.1632139693906154,0.0004388500908945266,5.343465669786077,9.2923957082417,nan,nan,nan
8.120000000000001,220.00323486328125,-223.46852111816406,-5.017882823944092,218.8417689049587,-223.0332328296815,-4.987430575070384,1.240728175666865,1.163516234150957,1.163516234150957,0.0003376468912345079,4.068744073784622,7.8939666133345225,nan,0.6352642719672247,nan
8.13,220.00323486328125,-223.4597930908203,-5.017882823944092,218.84164228624076,-223.02359941854917,-4.987660331007165,1.241158988141441,1.1638189674620365,1.1638189674620365,0.00043885885808858335,3.40415857815468,7.223750376135129,nan,nan,nan
8.14,220.00323486328125,-223.45106506347656,-5.017882823944092,218.84151573462432,-223.0139661448767,-4.989208722361903,1.2415591015453644,1.164122170291854,1.164122170291854,0.0003376520931337412,3.7585037677667055,7.57189474065742,nan,0.008559137998840002,nan
8.15,220.00323486328125,-223.44235229492188,-5.017882823944092,218.79726587404386,-223.0204169755934,-4.989400326722641,1.2779678671027068,1.1639184312074362,1.1639184312074362,0.0004388444999050472,3.2511064410652315,6.975916331948077,4.425386831786616,nan,nan
8.16,220.00323486328125,-223.43362426757812,-5.017882823944092,218.79703739943778,-223.01082092714213,-5.007135381049603,1.2781981434797236,1.164220226905141,1.164220226905141,0.00033764357199846475,1.7453343589172068,5.351252823888277,nan,1.512340467465577,nan
8.17,220.00323486328125,-223.42489624023438,-5.017882823944092,218.79680906237022,-223.00122485283393,-5.007389130603059,1.2786988602503664,1.1645224896005981,1.1645224896005981,0.0004388532345322799,1.6548964125776748,5.254229162869909,nan,nan,nan
8.18,220.00323486328125,-223.4161834716797,-5.017882823944092,218.7965806499409,-222.9916288462017,-5.0133478237701565,1.2791722271896628,1.164825220261808,1.164825220261808,0.0003376487621645967,1.4656367622238398,5.172082664218689,nan,0.16048109899165058,nan
8.19,220.00323486328125,-223.40745544433594,-5.017882823944092,218.79635214868068,-222.98203287995813,-5.013612579279643,1.279675146305859,1.1651284198567706,1.1651284198567706,0.00043886203568525666,1.4470182205577722,5.034177585182606,nan,nan,nan
8.2,220.00323486328125,-223.3987274169922,-5.017882823944092,218.80228403374971,-222.98231691002542,-5.032990980166865,1.2711840392520894,1.1649246901742023,1.1649246901742023,0.00033764028551007966,2.0629741740669343,5.528503067143853,0.2852812508791635,1.7972091266469379,nan
8.21,220.00323486328125,-223.38999938964844,-5.017882823944092,218.80206966965363,-222.97274376469954,-5.033292328248069,1.2716672252428525,1.165226484398958,1.165226484398958,0.0004388476573736491,1.928709879203084,5.388086244304935,nan,nan,nan
8.22,220.00323486328125,-223.38128662109375,-5.017882823944092,218.8018551052812,-222.9631706669793,-5.038590765970226,1.2722276104849626,1.1655287450498582,1.1655287450498582,0.00033764545527878995,2.6583534090663843,6.222537991371114,nan,0.12312200145417952,nan
8.23,220.00323486328125,-223.37255859375,-5.017882823944092,218.80164036937876,-222.95359749007628,-5.038901922501415,1.2727134542670826,1.165831473094903,1.165831473094903,0.00043885644000801776,2.395728331107944,5.843796831801706,nan,nan,nan
8.24,220.00323486328125,-223.36383056640625,-5.017882823944092,218.80142568506147,-222.94402434698912,-5.022592722318562,1.273029750578238,1.1661346695020929,1.1661346695020929,0.0003376506662922121,1.45540297108189,4.895776369936252,nan,1.3627113464648393,nan
8.25,220.00323486328125,-223.3551025390625,-5.017882823944092,218.79636235230612,-222.94694206314273,-5.02289983819097,1.2740335169383992,1.1659309491132843,1.1659309491132843,0.00043884213411482883,1.4494939916349614,4.755293186995287,0.37090721040290836,nan,nan
8.26,220.00323486328125,-223.3463897705078,-5.017882823944092,218.79613665776233,-222.93739786376804,-5.028429219415336,1.274547638969631,1.16623274187215,1.16623274187215,0.00033764217600841745,1.7222481066830888,5.130039958599234,nan,0.1352644318718644,nan
8.27,220.00323486328125,-223.33766174316406,-5.017882823944092,218.79591093409516,-222.92785370294226,-5.028731310309788,1.275026034821328,1.1665350004986081,1.1665350004986081,0.0004388508837789084,1.6616830221250305,4.956193630354493,nan,nan,nan
8.28,220.00323486328125,-223.3289337158203,-5.017882823944092,218.79568506891067,-222.9183096030526,-5.034510630142943,1.275564640388597,1.1668377259606584,1.1668377259606584,0.00033764737504457943,2.2130399727454027,5.502535502547351,nan,0.14791883911499826,nan
8.290000000000001,220.00323486328125,-223.32020568847656,-5.017882823944092,218.79545905267753,-222.90876562312167,-5.034823335416318,1.2760455779429103,1.1671409192263011,1.1671409192263011,0.0004388596998205425,2.0487902169956675,5.330015995004713,nan,nan,nan
8.3,220.00323486328125,-223.31149291992188,-5.017882823944092,218.7825248235428,-222.923180003738,-5.041303040209208,1.2811980442240043,1.1669372080246625,1.1669372080246625,0.0003376389283486388,3.030712518176693,6.0814393817591235,1.5481700596198966,0.19114974185442643,nan
8.31,220.00323486328125,-223.30276489257812,-5.017882823944092,218.78226982971006,-222.91369126350025,-5.041615999516724,1.2816774811433969,1.167238999324802,1.167238999324802,0.00043884537203801876,2.6903659162962867,5.636643364982187,nan,nan,nan
8.32,220.00323486328125,-223.29403686523438,-5.017882823944092,218.78201486693192,-222.90420231889394,-5.038678478909457,1.2821005078656507,1.1675412559467238,1.1675412559467238,0.00033764410675656627,2.6883438228218433,5.630212983005498,nan,0.05214700480003614,nan
8.33,220.00323486328125,-223.2853240966797,-5.017882823944092,218.7817600409576,-222.89471327374147,-5.038988290814843,1.2825844990872437,1.1678439788584274,1.1678439788584274,0.00043885416916126634,2.4232253844675355,5.459907179918725,nan,nan,nan
8.34,220.00323486328125,-223.27659606933594,-5.017882823944092,218.78150527696127,-222.88522400608923,-5.01826018569343,1.2828855819524456,1.1681471690279133,1.1681471690279133,0.0003376493263226358,1.4093155192850757,4.343773967016205,nan,2.183348637503032,nan
8.35,220.00323486328125,-223.2678680419922,-5.017882823944092,218.77758152957284,-222.90463494121607,-5.018539129087025,1.2783445586642144,1.167943466908324,1.167943466908324,0.0004388399123369142,1.40016259594359,3.9775853885188903,1.6727653104083382,nan,nan
8.36,220.00323486328125,-223.25914001464844,-5.017882823944092,218.77731813585353,-222.89521195021513,-4.984251799867786,1.2792366882049926,1.168245256757,1.168245256757,0.00033764086498989986,4.749653524959962,7.322636619081648,nan,5.894314537349525,nan
8.370000000000001,220.00323486328125,-223.25042724609375,-5.017882823944092,218.7770549026711,-222.88578892489258,-4.984478926237179,1.2796852040530666,1.168547511394085,1.168547511394085,0.00043884867611189757,3.9430465705255684,6.603992269248992,nan,nan,nan
8.38,220.00323486328125,-223.24169921875,-5.017882823944092,218.77679191823358,-222.87636571034636,-4.9862136067796605,1.280091328435401,1.1688502317875789,1.1688502317875789,0.00033764607234996466,4.371447781031527,6.93917493242684,nan,0.011195897053671827,nan
8.39,220.00323486328125,-223.23297119140625,-5.017882823944092,218.77652893714298,-222.86694227868952,-4.986445153309181,1.280536185081187,1.1691534189054817,1.1691534189054817,0.0004388575061254036,3.6537304592818662,6.219642462311168,nan,nan,nan
8.4,220.00323486328125,-223.2242431640625,-5.017882823944092,218.83180445823092,-222.8456384041844,-5.001745280516236,1.2311990815406828,1.1689497257642611,1.1689497257642611,0.0003376376537683404,2.067841724121631,4.699280924275927,6.3708971177500375,1.1231186265777124,nan
8.41,220.00323486328125,-223.2155303955078,-5.017882823944092,218.8316691934521,-222.83618763369094,-5.001998295629217,1.2315516099233907,1.1692515141688307,1.1692515141688307,0.0004388432257614972,1.8719175257007632,4.594826552913901,nan,nan,nan
8.42,220.00323486328125,-223.20680236816406,-5.017882823944092,218.83153407766298,-222.8267368611852,-5.017973113200133,1.231800523122849,1.1695537668405758,1.1695537668405758,0.0003376428402839262,1.2973843543496355,3.9222535442428033,nan,1.2191050155286514,nan
8.43,220.00323486328125,-223.1980743408203,-5.017882823944092,218.8313991278309,-222.8172860111962,-5.018252846340615,1.2321521333719114,1.1698564847474968,1.1698564847474968,0.00043885203648207717,1.2980769383706314,3.920236194222614,nan,nan,nan
8.44,220.00323486328125,-223.18934631347656,-5.017882823944092,218.83126424869968,-222.8078350711933,-5.023771449786645,1.2325180020371032,1.170159668857594,1.170159668857594,0.000337648067876449,1.400868199265317,4.019499675309968,nan,0.1353257714167526,nan
8.45,220.00323486328125,-223.18063354492188,-5.017882823944092,218.84453457520019,-222.81954937031958,-5.024109397204313,1.2136749601775298,1.1699559845924725,1.1699559845924725,0.00043883782570783026,1.3473419671768267,3.8360730413440836,1.3374098509010337,nan,nan
8.46,220.00323486328125,-223.17190551757812,-5.017882823944092,218.84443028031075,-222.81014699295596,-5.019372108494308,1.2139602586652982,1.1702577715603821,1.1702577715603821,0.0003376396337139463,1.2658619310185932,3.6635988427297215,nan,0.12527434664177792,nan
8.47,220.00323486328125,-223.16317749023438,-5.017882823944092,218.84432603519448,-222.80074450522633,-5.019667577324905,1.2142613086909713,1.1705600222860848,1.1705600222860848,0.0004388466027259617,1.26684984931737,3.6626408187771013,nan,nan,nan
8.48,220.00323486328125,-223.1544647216797,-5.017882823944092,218.8442219728843,-222.79134201338508,-5.031721780447513,1.2146441858020038,1.1708627377375806,1.1708627377375806,0.0003376448488860995,1.8271126632025068,4.307997295157768,nan,0.6819118702236031,nan
8.49,220.00323486328125,-223.14573669433594,-5.017882823944092,218.8441179245283,-222.78193951123643,-5.032037681182607,1.2149488993857354,1.17116591888287,1.17116591888287,0.0004388554458522808,1.7167487965813542,4.105915902023649,nan,nan,nan
8.5,220.00323486328125,-223.1370086669922,-5.017882823944092,218.85510129600382,-222.76634131585237,-5.033258696636965,1.2065825255535831,1.1709622433929618,1.1709622433929618,0.0003376364566904829,1.9432975382059727,4.414448329642513,0.35450947342678657,0.004356335651355217,nan
8.51,220.00323486328125,-223.12828063964844,-5.017882823944092,218.85502250118213,-222.75692460850496,-5.03357150089614,1.2068732596790652,1.1712640289317429,1.1712640289317429,0.0004388412099919883,1.8042288600413703,4.270396976223428,nan,nan,nan
8.52,220.00323486328125,-223.11956787109375,-5.017882823944092,218.8549435971195,-222.74750787660372,-5.02467238699686,1.207082254699207,1.1715662777305031,1.1715662777305031,0.0003376416508155347,1.3801654068101608,3.934825027260513,nan,0.4186896750199383,nan
8.53,220.00323486328125,-223.11083984375,-5.017882823944092,218.854864741022,-222.73809098692178,-5.024972884893756,1.2073714908547186,1.1718689907572428,1.1718689907572428,0.00043885003347434907,1.3584536864906107,3.8198308615258796,nan,nan,nan
8.540000000000001,220.00323486328125,-223.10211181640625,-5.017882823944092,218.85478606722873,-222.7286740114843,-5.02603196951466,1.2076658643320788,1.1721721689799622,1.1721721689799622,0.00033764688594136274,1.440858209207197,3.899182278525292,nan,0.002830816802008266,nan
8.55,220.00323486328125,-223.0933837890625,-5.017882823944092,218.85826612662905,-222.7666039759136,-5.02632692378444,1.1907181685918322,1.171968502165738,1.171968502165738,0.00043883586592099896,1.3721887162420883,3.280966058770945,4.44710992351185,nan,nan
8.56,220.00323486328125,-223.0846710205078,-5.017882823944092,218.8581956139971,-222.75729551678464,-5.029902788149363,1.1909803031027353,1.1722702862830032,1.1722702862830032,0.0003376384772800141,1.6377776443156786,3.620015433136051,nan,0.052852847707296674,nan
8.57,220.00323486328125,-223.07594299316406,-5.017882823944092,218.8581250804421,-222.74798715352205,-5.030211386398837,1.191210913718225,1.1725725331737278,1.1725725331737278,0.0004388446553689828,1.5563650345675784,3.4590364889779797,nan,nan,nan
8.58,220.00323486328125,-223.0672149658203,-5.017882823944092,218.8580544596768,-222.73867877140628,-5.015229692834541,1.1913778690845327,1.1728752438059118,1.1728752438059118,0.0003376436997845698,1.2310141098590497,3.1310809993424655,nan,1.1533827733114024,nan
8.59,220.00323486328125,-223.05848693847656,-5.017882823944092,218.85798375811547,-222.729370395636,-5.015516227304109,1.1916053849468884,1.1731784191475554,1.1731784191475554,0.00043885351080289646,1.2230793056074805,3.120789926589146,nan,nan,nan
8.6,220.00323486328125,-223.04977416992188,-5.017882823944092,218.8422911009653,-222.7376422385996,-5.03634378776612,1.2023134237778996,1.1729747609108159,1.1729747609108159,0.0003376353323549907,2.2414896769150614,4.114017058289465,1.3932982565418175,2.0604740245346997,nan
8.61,220.00323486328125,-223.04104614257812,-5.017882823944092,218.84218460750327,-222.72837413845374,-5.036683518633439,1.2025618257395627,1.1732765436142543,1.1732765436142543,0.0004388393167139617,2.0377336324854354,3.837605934298105,nan,nan,nan
8.620000000000001,220.00323486328125,-223.03231811523438,-5.017882823944092,218.8420782491139,-222.71910600135777,-5.056275858454938,1.203270765872154,1.1735787886156583,1.1735787886156583,0.00033764053362253114,5.598121882517706,7.396266479743804,nan,1.8282386035547427,nan
8.63,220.00323486328125,-223.02359008789062,-5.017882823944092,218.84197187619702,-222.7098379372536,-5.0566477130702046,1.2035260087883837,1.1738814968830282,1.1738814968830282,0.000438848152174903,4.656868155398973,6.452107546424983,nan,nan,nan
8.64,220.00323486328125,-223.01487731933594,-5.017882823944092,218.84186533253336,-222.70056992731026,-5.040559170438924,1.2033630126948043,1.174184669384364,1.174184669384364,0.000337645775819377,2.755775703483633,4.618911818052363,nan,1.3366470517034261,nan
8.65,220.00323486328125,-223.0061492919922,-5.017882823944092,218.82507421171817,-222.67999277838408,-5.040924558356575,1.2226902771287846,1.1739810196282148,1.1739810196282148,0.0004388340251903895,2.48281412518127,4.435033588645082,0.81389322585086,nan,nan
8.66,220.00323486328125,-222.99742126464844,-5.017882823944092,218.82492954482447,-222.67069915701637,-5.027302626348606,1.2227998576203754,1.174282800925588,1.174282800925588,0.00033763739109463184,1.5360505505893638,3.485150369298084,nan,0.9634429798609274,nan
8.67,220.00323486328125,-222.98870849609375,-5.017882823944092,218.82478488765747,-222.66140567680603,-5.02763511344698,1.223097129304097,1.1745850440561985,1.1745850440561985,0.00043884282630583674,1.490254446297895,3.510730600553184,nan,nan,nan
8.68,220.00323486328125,-222.97998046875,-5.017882823944092,218.82464011944978,-222.65211222581206,-5.041526534950233,1.22357761502265,1.1748877499880466,1.1748877499880466,0.00033764262048189886,2.9294804069818907,4.873384920074276,nan,0.9067504680089027,nan
8.69,220.00323486328125,-222.97125244140625,-5.017882823944092,218.82449529721973,-222.64281874125447,-5.041882120377552,1.223875657991283,1.1751909196891324,1.1751909196891324,0.0004388516932925063,2.5865265047889454,4.52820132669496,nan,nan,nan
8.700000000000001,220.00323486328125,-222.9625244140625,-5.017882823944092,218.80144220633093,-222.6453659434348,-5.04515020782046,1.2432371439166658,1.1749872783179596,1.1749872783179596,0.00033763427629971056,3.516935693666429,5.342600059581728,1.416444459132207,0.04357249079363831,nan
8.71,220.00323486328125,-222.9538116455078,-5.017882823944092,218.80124498039186,-222.6360994171383,-5.0455012309229375,1.2435769035439783,1.175289058217097,1.175289058217097,0.00043883753841355547,3.05335838914257,4.948034368266827,nan,nan,nan
8.72,220.00323486328125,-222.94508361816406,-5.017882823944092,218.80104768188914,-222.6268327945445,-5.036934378046273,1.2437445748833376,1.1755912994952549,1.1755912994952549,0.0003376394842719197,2.3905380260405384,4.21195791838744,nan,0.392396608656444,nan
8.73,220.00323486328125,-222.9363555908203,-5.017882823944092,218.8008502450509,-222.61756609607923,-5.037273443626553,1.244078578002973,1.1758940031204335,1.1758940031204335,0.0004388463851187994,2.1726801241430094,3.991600003429825,nan,nan,nan
8.74,220.00323486328125,-222.92762756347656,-5.017882823944092,218.80065266571012,-222.6082992848389,-5.033035991638193,1.2443488698688472,1.1761971700606333,1.1761971700606333,0.00033764473310641174,1.996313671421555,3.814112197375315,nan,0.10335812847285195,nan
8.75,220.00323486328125,-222.91891479492188,-5.017882823944092,218.7719869333903,-222.61174019138642,-5.033338484839442,1.2690809979554516,1.1759935369800787,1.1759935369800787,0.0004388322962167818,1.9136817364365761,3.7370450022712847,1.9590211177229164,nan,nan
8.76,220.00323486328125,-222.91018676757812,-5.017882823944092,218.77172428100982,-222.60250193669512,-5.024764468858205,1.2693839554834203,1.176295315488875,1.176295315488875,0.0003376363708514281,1.5100595761275515,3.264424955049397,nan,0.3909057927331342,nan
8.77,220.00323486328125,-222.90145874023438,-5.017882823944092,218.77146160137346,-222.5932636429102,-5.0250794852243885,1.2697643004507593,1.1765975549327383,1.1765975549327383,0.0004388411082848844,1.4882840532733659,3.2404182003575728,nan,nan,nan
8.78,220.00323486328125,-222.89273071289062,-5.017882823944092,218.77119896425648,-222.5840252289496,-5.018116429797962,1.2701226660731317,1.1769002562796693,1.1769002562796693,0.000337641606699784,1.3708908138025035,3.121547990168966,nan,0.2613639867883341,nan
8.790000000000001,220.00323486328125,-222.88401794433594,-5.017882823944092,218.77093622271587,-222.57478668469398,-5.0184221353254514,1.2705054908719566,1.177203420497668,1.177203420497668,0.00043884998611660694,1.3718649630991941,3.189182766982802,nan,nan,nan
8.8,220.00323486328125,-222.8752899169922,-5.017882823944092,218.77531060357796,-222.55024846140398,-5.018674297336367,1.2702167381391625,1.1769997956146065,1.1769997956146065,0.0003376332843410877,1.372671172702251,3.3008887387791583,0.5304724801788263,3.562586694054827e-05,nan
8.81,220.00323486328125,-222.86656188964844,-5.017882823944092,218.77505826510478,-222.54097505787203,-5.018987492068377,1.2706005515606393,1.1773015727410165,1.1773015727410165,0.0004388358680460563,1.374073013224317,3.299391250844232,nan,nan,nan
8.82,220.00323486328125,-222.8578338623047,-5.017882823944092,218.77480600419145,-222.53170177182398,-5.014897521240272,1.2709872203599168,1.1776038103685627,1.1776038103685627,0.0003376384986074733,1.3981635111905646,3.3199521879769227,nan,0.09568136718974059,nan
8.83,220.00323486328125,-222.84912109375,-5.017882823944092,218.7745538269991,-222.52242870892007,-5.015205878915585,1.2713741263923606,1.1779065094652452,1.1779065094652452,0.0004388447253071407,1.3885816904923007,3.3794243491159817,nan,nan,nan
8.84,220.00323486328125,-222.84039306640625,-5.017882823944092,218.77430170122136,-222.51315564221872,-5.014345684854056,1.271760024514196,1.1782096709990644,1.1782096709990644,0.00033764375367324176,1.4097825896352918,3.326961571208888,nan,0.006747301991301157,nan
8.85,220.00323486328125,-222.8316650390625,-5.017882823944092,218.75536197151726,-222.4658749167867,-5.014666196372278,1.3003843717327968,1.1780060542215804,1.1780060542215804,0.00043883067215625207,1.459045168793665,3.8902624521557234,3.5427576632968067,nan,nan
8.86,220.00323486328125,-222.82293701171875,-5.017882823944092,218.75506696270932,-222.45651519262202,-5.009423912380934,1.3008687907368388,1.1783078299736165,1.1783078299736165,0.00033763541251259583,1.6480415364719838,4.078048402593586,nan,0.15220610816966212,nan
8.870000000000001,220.00323486328125,-222.81422424316406,-5.017882823944092,218.75477182259343,-222.44715538767517,-5.009728942168683,1.301332391981934,1.1786100658026444,1.1786100658026444,0.00043883949450674876,1.5882803799429552,4.09987734403218,nan,nan,nan
8.88,220.00323486328125,-222.8054962158203,-5.017882823944092,218.75447659867498,-222.43779556119543,-5.0115446581769625,1.30178383273849,1.1789127626766644,1.1789127626766644,0.00033764065442668445,1.55640653439053,3.980398697355057,nan,0.011242367775840012,nan
8.89,220.00323486328125,-222.79676818847656,-5.017882823944092,218.75418139030725,-222.42843583659584,-5.011853988802529,1.302244081055297,1.1792159215636768,1.1792159215636768,0.00043884838251983616,1.5209002630134771,3.940243060477031,nan,nan,nan
8.9,220.00323486328125,-222.78805541992188,-5.017882823944092,218.73733013811088,-222.41698158914244,-5.028254540333778,1.3192111785452967,1.1790123128010437,1.1790123128010437,0.00033763235255623495,1.7945985423739348,4.45936786744048,0.6413710920080017,1.2682458644904455,nan
8.91,220.00323486328125,-222.77932739257812,-5.017882823944092,218.73699727593527,-222.40761710636522,-5.028601016169366,1.3197124854031024,1.1793140871867713,1.1793140871867713,0.0004388342990056795,1.7385116764950796,4.314298818912767,nan,nan,nan
8.92,220.00323486328125,-222.77059936523438,-5.017882823944092,218.73666442500266,-222.39825273321497,-5.033994582831514,1.320265987697881,1.179616321234904,1.179616321234904,0.00033763757273183777,2.2463042583630006,4.81606014288879,nan,0.1256148283537166,nan
8.93,220.00323486328125,-222.76187133789062,-5.017882823944092,218.73633157324832,-222.38888845715252,-5.034350584625776,1.3207692314563602,1.1799190159134418,1.1799190159134418,0.00043884316617697335,2.0961624252748425,4.660726873010364,nan,nan,nan
8.94,220.00323486328125,-222.75315856933594,-5.017882823944092,218.73599868341375,-222.37952421026827,-5.01372430257374,1.3211765450313808,1.1802221721903852,1.1802221721903852,0.00033764283364779693,1.5301682299219506,4.17442864060029,nan,2.171903298141939,nan
8.950000000000001,220.00323486328125,-222.7444305419922,-5.017882823944092,218.7744972911402,-222.3594417946109,-5.014049963239171,1.2876439910248891,1.1800185713530424,1.1800185713530424,0.00043882914659089227,1.4385504180920212,4.015966617020732,3.1993237430877715,nan,nan
8.96,220.00323486328125,-222.73570251464844,-5.017882823944092,218.7742528715286,-222.35005327531218,-5.01299282924472,1.288078407512951,1.1803203443805774,1.1803203443805774,0.0003376345122916151,1.4764763360512103,4.0499824784209615,nan,0.009443738220618069,nan
8.97,220.00323486328125,-222.7269744873047,-5.017882823944092,218.7740083075413,-222.34066469493052,-5.013318197532824,1.2885084465515773,1.1806225766652645,1.1806225766652645,0.00043883797859512656,1.453714846706388,4.0251917311573076,nan,nan,nan
8.98,220.00323486328125,-222.71826171875,-5.017882823944092,218.7737635188514,-222.33127583333993,-5.000700254897858,1.289051241401893,1.1809252691751038,1.1809252691751038,0.00033763975990062857,2.2812523560488525,4.938183746089708,nan,0.8265376019933766,nan
8.99,220.00323486328125,-222.70953369140625,-5.017882823944092,218.77351866146066,-222.32188687683316,-5.0010075371299925,1.2894792612422226,1.1812284228780956,1.1812284228780956,0.00043884687616722363,2.0563266465292775,4.6224736014187355,nan,nan,nan
9.0,220.00323486328125,-222.7008056640625,-5.017882823944092,218.7772099234147,-222.33790880820374,-5.004038961420785,1.2786801530079945,1.1810248298776282,1.1810248298776282,0.00033763147726617495,1.9518862354408575,4.23698522386802,1.305497840128041,0.03636414036334215,nan
9.01,220.00323486328125,-222.69207763671875,-5.017882823944092,218.77697400984664,-222.32857759814954,-5.004354118139674,1.2790742685969179,1.1813266015551331,1.1813266015551331,0.00043883282509735936,1.801829305625203,4.084320285584097,nan,nan,nan
9.02,220.00323486328125,-222.68336486816406,-5.017882823944092,218.7767381266841,-222.3192464138172,-4.9977400760772905,1.2795632942418298,1.1816288320936528,1.1816288320936528,0.00033763670298993633,2.586948380246604,4.944807024837117,nan,0.2369139636191384,nan
9.03,220.00323486328125,-222.6746368408203,-5.017882823944092,218.77650221820812,-222.30991528361182,-4.9980461558584315,1.2799563626082897,1.1819315224611873,1.1819315224611873,0.0004388417015733215,2.282441728102411,4.55742370376678,nan,nan,nan
9.040000000000001,220.00323486328125,-222.66590881347656,-5.017882823944092,218.77626636299814,-222.30058422944722,-4.9966524338147025,1.2803766952925342,1.1822346736257368,1.1822346736257368,0.00033764196939866677,2.721217797525306,4.992737034634578,nan,0.014269030440498995,nan
9.05,220.00323486328125,-222.6571807861328,-5.017882823944092,218.79915802470578,-222.30925357320754,-4.996940903317013,1.253512242751305,1.1820310883748555,1.1820310883748555,0.00043882771350141234,2.328344202717877,4.358843471395255,1.7058450423080143,nan,nan
9.06,220.00323486328125,-222.64846801757812,-5.017882823944092,218.79897470023454,-222.29996349381466,-5.019530364550595,1.2536748612678423,1.1823328587105364,1.1823328587105364,0.0003376336666371136,1.3373587999179701,3.4398001310142705,nan,2.450397305620923,nan
9.07,220.00323486328125,-222.63973999023438,-5.017882823944092,218.7987914525932,-222.2906734572025,-5.019868212986938,1.2540077016519433,1.1826350875199976,1.1826350875199976,0.00043883655456981185,1.3386666737921755,3.364505356246285,nan,nan,nan
9.08,220.00323486328125,-222.63101196289062,-5.017882823944092,218.79860825203656,-222.28138338030763,-5.017852594402587,1.2543386381642272,1.1829377757712392,1.1829377757712392,0.00033763891959327747,1.330051886196835,3.35469520105088,nan,0.027349848483140836,nan
9.09,220.00323486328125,-222.62228393554688,-5.017882823944092,218.79842526102777,-222.27209323061695,-5.018189176109981,1.2546711925254164,1.1832409244322615,1.1832409244322615,0.0004388454611171345,1.3306273670261828,3.354057343770992,nan,nan,nan
9.1,220.00323486328125,-222.6135711669922,-5.017882823944092,218.78285477416696,-222.26020002145037,-5.011591124878326,1.270526785977085,1.1830373468447821,1.1830373468447821,0.0003376306550202173,1.4816978053582506,3.6021557194731897,0.6185961786751735,0.23260052439955012,nan
9.11,220.00323486328125,-222.60484313964844,-5.017882823944092,218.78263721210874,-222.2509041342109,-5.0119061262559885,1.2708922718048177,1.1833391158468851,1.1833391158468851,0.00043883144051045037,1.4462932254990872,3.4884253693218747,nan,nan,nan
9.120000000000001,220.00323486328125,-222.5961151123047,-5.017882823944092,218.78241981125464,-222.24160819028143,-5.007400904650396,1.2712884879716397,1.1836413429442298,1.1836413429442298,0.0003376358859534652,1.690744563730561,3.731644349930982,nan,0.11466982595001078,nan
9.13,220.00323486328125,-222.58738708496094,-5.017882823944092,218.78220252143484,-222.23231223138228,-5.007710707438534,1.2716530986998913,1.1839440291048164,1.1839440291048164,0.00043884032572308156,1.6015574177486744,3.640544961324067,nan,nan,nan
9.14,220.00323486328125,-222.57867431640625,-5.017882823944092,218.78198533191576,-222.22301624566697,-5.001550501377984,1.2720887649463823,1.1842471752966455,1.1842471752966455,0.0003376411575196728,2.1562451867271886,4.267514639405329,nan,0.20655935884103785,nan
9.15,220.00323486328125,-222.5699462890625,-5.017882823944092,218.7938961165078,-222.26026031315854,-5.00181134778576,1.248464617225929,1.1840436052874705,1.1840436052874705,0.0004388263672418077,1.9047705340035703,3.4490868930112284,4.633708705504825,nan,nan
9.16,220.00323486328125,-222.56121826171875,-5.017882823944092,218.79370633681495,-222.25106978265347,-5.005314079384846,1.2487230712780315,1.1843453729642792,1.1843453729642792,0.0003376328722179007,1.7843517272630554,3.3278904047506375,nan,0.05081307456040358,nan
9.17,220.00323486328125,-222.55250549316406,-5.017882823944092,218.79351653107972,-222.24187933877195,-5.0056134032890185,1.249022653813813,1.1846475983662847,1.1846475983662847,0.0004388352168212761,1.6598103282132675,3.262896134799697,nan,nan,nan
9.18,220.00323486328125,-222.5437774658203,-5.017882823944092,218.79332655844723,-222.2326888602903,-5.006595089986309,1.2493124667331368,1.1849502824614873,1.1849502824614873,0.0003376381301949604,1.6944284144221642,3.2361365065265497,nan,0.0022904060298147757,nan
9.19,220.00323486328125,-222.53504943847656,-5.017882823944092,218.79313658359095,-222.22349820814264,-5.006897471020012,1.2496090162970448,1.185253426217887,1.185253426217887,0.0004388441317961926,1.5923476259417753,3.133663967676956,nan,nan,nan
9.200000000000001,220.00323486328125,-222.5263214111328,-5.017882823944092,218.7754686949517,-222.203889758807,-5.020258898739573,1.2694004806394146,1.1850498637029871,1.1850498637029871,0.00033762988258141603,1.376471980660867,3.064977527622009,0.8167126002609915,0.8407131145371687,nan
9.21,220.00323486328125,-222.51760864257812,-5.017882823944092,218.77523938715743,-222.19467559093104,-5.020584380173632,1.269750346970905,1.1853516300628195,1.1853516300628195,0.0004388301397942272,1.3767837209413605,3.128776078952039,nan,nan,nan
9.22,220.00323486328125,-222.50888061523438,-5.017882823944092,218.77500994054142,-222.1854615081526,-5.008503999752641,1.2701276872850384,1.1856538537861,1.1856538537861,0.0003376351184064072,1.6210706710216172,3.3076177414803682,nan,0.759387300177753,nan
9.23,220.00323486328125,-222.50015258789062,-5.017882823944092,218.77478014514577,-222.17624744222604,-5.008812507902527,1.2704714906405465,1.185956535840829,1.185956535840829,0.0004388390332106478,1.548413245010258,3.2332738129654714,nan,nan,nan
9.24,220.00323486328125,-222.49142456054688,-5.017882823944092,218.77455016359679,-222.16703344947436,-5.026548329541102,1.2708150043058255,1.1862596771950065,1.1862596771950065,0.0003376403948155717,1.5837333438859105,3.2664785056231436,nan,1.498028503082024,nan
9.25,220.00323486328125,-222.4827117919922,-5.017882823944092,218.75717492918378,-222.1578369274796,-5.026903822963696,1.2877462542668836,1.1860561220914008,1.1860561220914008,0.0004388251025154749,1.5835326312254412,3.4146149343580094,0.5938002429052545,nan,nan
9.26,220.00323486328125,-222.47398376464844,-5.017882823944092,218.75690611414342,-222.1486230873147,-5.040236151665496,1.288291346141379,1.1863578871426064,1.1863578871426064,0.00033763212590890655,2.8784899528858796,4.642684494205595,nan,0.8323913777760243,nan
9.27,220.00323486328125,-222.4652557373047,-5.017882823944092,218.75663747816137,-222.13940929559848,-5.040600027513912,1.2886803387568073,1.1866601092036155,1.1866601092036155,0.0004388339600871132,2.575042543540543,4.336793792047991,nan,nan,nan
9.28,220.00323486328125,-222.45652770996094,-5.017882823944092,218.75636903149655,-222.13019554304864,-5.053151302915048,1.2893451637334192,1.1869627892424284,1.1869627892424284,0.000337637388600776,5.083538713464019,6.842555546350152,nan,0.7325924851109327,nan
9.290000000000001,220.00323486328125,-222.44781494140625,-5.017882823944092,218.75610056312834,-222.12098169046342,-5.053536084145335,1.289742257779715,1.1872659282270452,1.1872659282270452,0.0004388428829758641,4.2965990360693995,6.1180398493292,nan,nan,nan
9.3,220.00323486328125,-222.4390869140625,-5.017882823944092,218.7632024320093,-222.09182972721467,-5.055111338280451,1.2882755709487634,1.1870623804527847,1.1870623804527847,0.00033762915691295473,5.501934982377023,7.5189446825390815,1.1303663475440593,0.005952976843736692,nan
9.31,220.00323486328125,-222.43035888671875,-5.017882823944092,218.76295057037697,-222.08257071003484,-5.055516905602635,1.2886729869010454,1.187364144203741,1.187364144203741,0.0004388289178349792,4.624941510917319,6.639115729531262,nan,nan,nan
9.32,220.00323486328125,-222.421630859375,-5.017882823944092,218.76269862790022,-222.07331143804242,-5.036949912782175,1.288650505159392,1.1876663646187728,1.1876663646187728,0.0003376343973316012,2.474682840740372,4.488839752257603,nan,1.7759410792459915,nan
9.33,220.00323486328125,-222.4129180908203,-5.017882823944092,218.7624467019322,-222.06405187334616,-5.037328282788304,1.2890465565325262,1.1879690426658802,1.1879690426658802,0.00043883781895525466,2.260058761765461,4.341832638543047,nan,nan,nan
9.34,220.00323486328125,-222.40419006347656,-5.017882823944092,218.76219484125397,-222.05479223740997,-5.0398419608275455,1.2894732958949529,1.1882721793130637,1.1882721793130637,0.00033763967828861146,2.8270481875347415,4.835136525805916,nan,0.022473040645486157,nan
9.35,220.00323486328125,-222.3954620361328,-5.017882823944092,218.75999146212072,-222.0312622276913,-5.040147991528681,1.2956818254052993,1.1880686387872137,1.1880686387872137,0.00043882391435307386,2.5423213156732065,4.64464762785313,0.6715353337338863,nan,nan
9.36,220.00323486328125,-222.38673400878906,-5.017882823944092,218.75973492064097,-222.0219704196978,-5.027250733244526,1.2959291419664094,1.188370401246325,1.188370401246325,0.0003376314247781196,1.673070789700937,3.7730523120414508,nan,0.8678829731659796,nan
9.370000000000001,220.00323486328125,-222.37802124023438,-5.017882823944092,218.75947839735997,-222.01267853161008,-5.027597645866476,1.2963409347200732,1.188672620031517,1.188672620031517,0.0004388327794300309,1.6287477386076465,3.8009457754426137,nan,nan,nan
9.38,220.00323486328125,-222.36929321289062,-5.017882823944092,218.75922192815958,-222.00338669733668,-5.015451333149147,1.2967118697005737,1.18897529611079,1.18897529611079,0.00033763669189761016,1.4317161829894633,3.526691925286522,nan,0.77010208969139,nan
9.39,220.00323486328125,-222.36056518554688,-5.017882823944092,218.75896542819234,-221.9940948977909,-5.015781065512595,1.2971165392103114,1.1892784304521444,1.1892784304521444,0.0004388417097505012,1.4247951980646398,3.516457666615502,nan,nan,nan
9.4,220.00323486328125,-222.35183715820312,-5.017882823944092,218.73802662540135,-222.00765291077653,-5.029584905204042,1.3112404890337999,1.1890748970947675,1.1890748970947675,0.00033762847516550327,1.8514321323833534,3.7617278560967073,1.9605341132671794,0.9028798958036215,nan
9.41,220.00323486328125,-222.34312438964844,-5.017882823944092,218.73772322383815,-221.99841277851718,-5.0299269446673875,1.3116748321358769,1.1893766582704608,1.1893766582704608,0.0004388277698346932,1.7769908180045586,3.7522554349086468,nan,nan,nan
9.42,220.00323486328125,-222.3343963623047,-5.017882823944092,218.73741984843045,-221.9891727503489,-5.023151153887044,1.3120574489609527,1.1896788754417953,1.1896788754417953,0.00033763371989809236,1.529206753163569,3.43363226769179,nan,0.2500056584258081,nan
9.43,220.00323486328125,-222.32566833496094,-5.017882823944092,218.73711659933684,-221.97993285214596,-5.0234842444580705,1.3124861364154194,1.1899815495767712,1.1899815495767712,0.00043883667818971425,1.5190737152556906,3.4197633254960005,nan,nan,nan
9.44,220.00323486328125,-222.3169403076172,-5.017882823944092,218.73681334572385,-221.97069303846456,-5.011316292003475,1.3129180289986797,1.1902846816433885,1.1902846816433885,0.0003376390051260387,1.5758583042581464,3.4745758058227776,nan,0.7710298204201802,nan
9.450000000000001,220.00323486328125,-222.3082275390625,-5.017882823944092,218.76523274878002,-222.0037868632748,-5.011682354096769,1.274900704529538,1.1900811553755282,1.1900811553755282,0.00043882279809183574,1.4533444918285907,3.0157672283813044,5.27211595229525,nan,nan
9.46,220.00323486328125,-222.29949951171875,-5.017882823944092,218.76499428490936,-221.9946424006582,-4.993362967219057,1.275452394824969,1.1903829152762513,1.1903829152762513,0.00033763076607437994,3.1468088522352478,4.6531512664468115,nan,1.715494174912755,nan
9.47,220.00323486328125,-222.290771484375,-5.017882823944092,218.7647558034025,-221.9854978392183,-4.9936635198802914,1.2757777842848472,1.190685130849557,1.190685130849557,0.0004388316702172026,2.7031325287612704,4.209219738693739,nan,nan,nan
9.48,220.00323486328125,-222.28204345703125,-5.017882823944092,218.76451737899077,-221.97635327317803,-4.994152157165434,1.2760997762467075,1.190987803063445,1.190987803063445,0.00033763603735197534,3.0347254412787583,4.538697082040972,nan,0.0001728354613497502,nan
9.49,220.00323486328125,-222.27333068847656,-5.017882823944092,218.76427892729555,-221.96720881910312,-4.994454612170593,1.2764291172367532,1.1912909328859158,1.1912909328859158,0.00043884060751706727,2.617943914693833,4.174339252130297,nan,nan,nan
9.5,220.00323486328125,-222.2646026611328,-5.017882823944092,218.7588111790571,-221.98271725072507,-5.013741520400974,1.275957225322936,1.1910874136295806,1.1910874136295806,0.0003376278346653616,1.4176567016059238,2.807135712035651,1.3056115592763167,1.7698353559041315,nan
9.51,220.00323486328125,-222.25587463378906,-5.017882823944092,218.75856071611074,-221.9736284089501,-5.01408349392249,1.2762801804380972,1.1913891722638,1.1913891722638,0.0004388266912910986,1.4001022065164446,2.7892449945387128,nan,nan,nan
9.52,220.00323486328125,-222.24716186523438,-5.017882823944092,218.7583101989238,-221.96453957672958,-5.015320493771663,1.2766046151495474,1.1916913862547536,1.1916913862547536,0.00033763308344940136,1.387008545813529,2.8234491261857952,nan,0.00394232091107366,nan
9.53,220.00323486328125,-222.23843383789062,-5.017882823944092,218.75805969939276,-221.9554507163371,-5.015666038931968,1.2769281694694845,1.1919940565704419,1.1919940565704419,0.00043883560644064086,1.3791081631059252,2.7676007494043486,nan,nan,nan
9.540000000000001,220.00323486328125,-222.22970581054688,-5.017882823944092,218.75780943690157,-221.94636172248482,-5.00794589468907,1.2772889678830508,1.192297184178865,1.192297184178865,0.0003376383726884296,1.660707148230107,3.048016788704394,nan,0.32100091312463225,nan
9.55,220.00323486328125,-222.22097778320312,-5.017882823944092,218.76427350472204,-221.94840415368702,-5.008322304136275,1.268626436367088,1.192093671857012,1.192093671857012,0.0004388217493561424,1.5582890440495467,2.9133713678490034,0.40821003119732274,nan,nan
9.56,220.00323486328125,-222.21226501464844,-5.017882823944092,218.76403831143787,-221.93934013529653,-5.014192704354553,1.2689009815002723,1.1923954292332095,1.1923954292332095,0.0003376301472159417,1.3906348664663915,2.788540829789351,nan,0.15058306643364788,nan
9.57,220.00323486328125,-222.2035369873047,-5.017882823944092,218.76380297884984,-221.9302761549723,-5.014547583523508,1.269202112534035,1.1926976416573387,1.1926976416573387,0.00043883062810120844,1.3759533616340636,2.727700213659854,nan,nan,nan
9.58,220.00323486328125,-222.19480895996094,-5.017882823944092,218.76356743103375,-221.92121213047463,-5.013662495005277,1.2695071401360545,1.1930003100973996,1.1930003100973996,0.0003376354223987412,1.4036580942642514,2.7552417872677917,nan,0.00759566700466254,nan
9.59,220.00323486328125,-222.1860809326172,-5.017882823944092,218.7633317520956,-221.91214811342633,-5.014017278621664,1.2698085906932284,1.1933034355213923,1.1933034355213923,0.0004388395719559391,1.385256021319521,2.7352974643130032,nan,nan,nan
9.6,220.00323486328125,-222.1773681640625,-5.017882823944092,218.80479429727575,-221.86358695730476,-5.020745670337784,1.238840842017813,1.1930999300579135,1.1930999300579135,0.00033762723290338393,1.3106034594094769,2.9917608555091326,6.604096525006312,0.1966873078386027,nan
9.61,220.00323486328125,-222.16864013671875,-5.017882823944092,218.80465250967802,-221.8544338371765,-5.0211234950128825,1.2390866632282318,1.1934016861845846,1.1934016861845846,0.0004388256779790248,1.310443659051041,2.9345726419637606,nan,nan,nan
9.620000000000001,220.00323486328125,-222.159912109375,-5.017882823944092,218.8045107378895,-221.84528056601786,-5.025198202542525,1.239349043504511,1.1937038970572682,1.1937038970572682,0.00033763248549253217,1.4451947942460108,3.0691317500038906,nan,0.06738161779341507,nan
9.63,220.00323486328125,-222.15118408203125,-5.017882823944092,218.80436892109216,-221.83612716298836,-5.025583750916073,1.2395965931922985,1.194006563643964,1.194006563643964,0.00043883459950994443,1.4220180747878897,3.043385167859879,nan,nan,nan
9.64,220.00323486328125,-222.14247131347656,-5.017882823944092,218.80422716607325,-221.82697352228305,-5.0198971692962635,1.2398235244579041,1.1943096869126724,1.1943096869126724,0.0003376377784987418,1.299086021821702,2.975830924597731,nan,0.18192952455351094,nan
9.65,220.00323486328125,-222.1337432861328,-5.017882823944092,218.76780309183997,-221.83553374778688,-5.0203249255448394,1.2709156362667313,1.1941061882323778,1.1941061882323778,0.00043882076403960055,1.366251417336347,2.9817742416271553,3.3246423325166163,nan,nan
9.66,220.00323486328125,-222.12501525878906,-5.017882823944092,218.76757935710498,-221.82641973249798,-5.014206380553005,1.271226704604963,1.1944079431180294,1.1944079431180294,0.00033762956577987265,1.3930075133169184,3.007121831927087,nan,0.20899866283717758,nan
9.67,220.00323486328125,-222.1162872314453,-5.017882823944092,218.767355514169,-221.81730567467568,-5.014587523250003,1.2715339538750756,1.1947101524544996,1.1947101524544996,0.0004388296490019658,1.3780340703111242,2.990808491358825,nan,nan,nan
9.68,220.00323486328125,-222.10757446289062,-5.017882823944092,218.76713173746276,-221.80819156218217,-5.018099347612368,1.2718416197692786,1.1950128172097882,1.1950128172097882,0.00033763484463050173,1.3537486542857287,3.0170978282121284,nan,0.048318609344528175,nan
9.69,220.00323486328125,-222.09884643554688,-5.017882823944092,218.7669080547553,-221.79907737948773,-5.018487291216882,1.272150081488511,1.1953159383518959,1.1953159383518959,0.00043883859901312484,1.3547553768253262,2.9643708336538688,nan,nan,nan
9.700000000000001,220.00323486328125,-222.09011840820312,-5.017882823944092,218.78126573482035,-221.80072330122883,-5.028120478498975,1.255811645280827,1.1951124463805005,1.1951124463805005,0.0003376266675246572,1.6299363978464143,3.104879712397876,0.7161926568451331,0.4260574972964906,nan
9.71,220.00323486328125,-222.08139038085938,-5.017882823944092,218.7810751368954,-221.79163335938622,-5.028515402182138,1.2560838268254733,1.1954142000336487,1.1954142000336487,0.0004388247259330093,1.5773618461091807,3.0515772694353958,nan,nan,nan
9.72,220.00323486328125,-222.0726776123047,-5.017882823944092,218.7808844337634,-221.78254338799312,-5.030868332776194,1.2563785512730639,1.1957164078489932,1.1957164078489932,0.00033763192368767574,1.8194070240217952,3.341886247065035,nan,0.01889074967117321,nan
9.73,220.00323486328125,-222.06394958496094,-5.017882823944092,218.78069365692588,-221.77345336729957,-5.031268495934512,1.2566519923698243,1.196019070794534,1.196019070794534,0.0004388336534575113,1.728509915476982,3.201236456562385,nan,nan,nan
9.74,220.00323486328125,-222.0552215576172,-5.017882823944092,218.78050300793015,-221.76436324670385,-5.0338853071909755,1.256951799627881,1.1963221898382714,1.1963221898382714,0.00033763722023217484,2.078885680225441,3.5507792154648317,nan,0.024217747046856843,nan
9.75,220.00323486328125,-222.04649353027344,-5.017882823944092,218.73209961956206,-221.74213599465838,-5.034292092244485,1.3071677709448235,1.1961187045023804,1.1961187045023804,0.00043881983828802994,2.0419112955853125,3.753192966712653,4.924688985926826,nan,nan
9.76,220.00323486328125,-222.03778076171875,-5.017882823944092,218.73180113930042,-221.7330163362106,-5.050385357552942,1.3078537701983666,1.196420456931548,1.196420456931548,0.00033762901949204436,4.55770436174703,6.318746282357807,nan,1.2139562967583408,nan
9.77,220.00323486328125,-222.029052734375,-5.017882823944092,218.7315027078347,-221.72389661327458,-5.050817226326474,1.3082460045045379,1.1967226632407106,1.1967226632407106,0.00043882872908999643,3.9010057894370296,5.608182434103352,nan,nan,nan
9.78,220.00323486328125,-222.02032470703125,-5.017882823944092,218.73120416914432,-221.7147768236207,-5.036531713150829,1.3083460463317016,1.1970253243978688,1.1970253243978688,0.00033763430178769776,2.4597813483003597,4.164022132767463,nan,1.0686680953915781,nan
9.790000000000001,220.00323486328125,-222.0115966796875,-5.017882823944092,218.73090568886522,-221.70565702641875,-5.03694259791334,1.30873369120541,1.1973284413710226,1.1973284413710226,0.0004388376848836191,2.258012953078305,3.959065470668097,nan,nan,nan
9.8,220.00323486328125,-222.0028839111328,-5.017882823944092,218.72012049507768,-221.69482788670368,-5.025546260405403,1.319598319313846,1.1971249625981175,1.1971249625981175,0.00033762613631880655,1.6284970521260402,3.4276037188258717,0.2512197112619988,0.6842418903439591,nan
9.81,220.00323486328125,-221.99415588378906,-5.017882823944092,218.719798479879,-221.6857040823875,-5.025935236888475,1.3200061762669029,1.1974267138118322,1.1974267138118322,0.00043882383143099303,1.6028415315367077,3.3478372719207954,nan,nan,nan
9.82,220.00323486328125,-221.9854278564453,-5.017882823944092,218.71947648306582,-221.67658024052312,-5.014967400555474,1.3203904454091235,1.1977289186296156,1.1977289186296156,0.0003376313958386696,1.480781334732462,3.223660599330671,nan,0.6363985926052655,nan
9.83,220.00323486328125,-221.97669982910156,-5.017882823944092,218.71915451952464,-221.66745643116806,-5.015340673949493,1.3207953175697418,1.198031578019468,1.198031578019468,0.00043883276458509885,1.4708600385218547,3.209749973698149,nan,nan,nan
9.84,220.00323486328125,-221.96798706054688,-5.017882823944092,218.71883270344875,-221.6583327829066,-5.008336308668403,1.3212364723232592,1.1983346929493892,1.1983346929493892,0.00033763669570658933,1.726590195409209,3.5166189188093444,nan,0.2685778678102175,nan
9.85,220.00323486328125,-221.95925903320312,-5.017882823944092,218.71987504061335,-221.66286729480876,-5.008740571484887,1.3171727592865923,1.1981312206678145,1.1981312206678145,0.0004388189684837162,1.6384395951717536,3.3362618917399036,0.442764734727824,nan,nan
9.86,220.00323486328125,-221.95053100585938,-5.017882823944092,218.7195563967237,-221.65377452533727,-5.0369473550655774,1.3176715336464861,1.1984329706746073,1.1984329706746073,0.0003376285062178353,2.5249683163925054,4.22297295929663,nan,3.821589401005626,nan
9.870000000000001,220.00323486328125,-221.94180297851562,-5.017882823944092,218.71923780872436,-221.64468164050348,-5.037365749159567,1.3180702219486844,1.1987351740156735,1.1987351740156735,0.0004388278647707596,2.31396457760142,4.008396363952208,nan,nan,nan
9.88,220.00323486328125,-221.93309020996094,-5.017882823944092,218.71891926998626,-221.63558877330914,-5.029339984007458,1.3183720698297836,1.1990378316590133,1.1990378316590133,0.0003376337917493728,1.838257276985472,3.5776051410781338,nan,0.351818009402065,nan
9.89,220.00323486328125,-221.9243621826172,-5.017882823944092,218.71860067425834,-221.62649599223616,-5.0297470226510335,1.31876837473061,1.199340944572627,1.199340944572627,0.0004388368259957419,1.7707259706098797,3.4603333385759316,nan,nan,nan
9.9,220.00323486328125,-221.91563415527344,-5.017882823944092,218.73882977574678,-221.5910724467909,-5.028998983009501,1.3054440229242041,1.199137478711577,1.199137478711577,0.0003376256372109962,1.78706596398201,3.535344921181972,2.391074912779293,0.0057016192244528745,nan
9.91,220.00323486328125,-221.90692138671875,-5.017882823944092,218.73855728292546,-221.58192053582655,-5.029391117258886,1.3058205757875991,1.1994392275199792,1.1994392275199792,0.0004388229909791405,1.72333593845164,3.526113478072264,nan,nan,nan
9.92,220.00323486328125,-221.898193359375,-5.017882823944092,218.73828475461602,-221.57276847436432,-5.03854680175236,1.3063028489501411,1.1997414293988513,1.1997414293988513,0.0003376308998839665,2.6866677868851943,4.431607133367038,nan,0.3787937097913672,nan
9.93,220.00323486328125,-221.88946533203125,-5.017882823944092,218.73801198122118,-221.5636162903433,-5.038954446617189,1.306679207969357,1.2000440853161936,1.2000440853161936,0.00043883192942116415,2.4342270055144692,4.177897866155738,nan,nan,nan
9.94,220.00323486328125,-221.8807373046875,-5.017882823944092,218.7377391161643,-221.5544640053914,-5.027103971998564,1.30691192563848,1.200347196240006,1.200347196240006,0.0003376362028736046,1.6747042865075583,3.416363420844883,nan,0.7413776029642217,nan
9.950000000000001,220.00323486328125,-221.8720245361328,-5.017882823944092,218.72726595565354,-221.57902373392713,-5.027483386109845,1.3092128528698967,1.2001437367295111,1.2001437367295111,0.00043881815123065587,1.6381606327551232,3.2258456689819375,2.4522585382255233,nan,nan
9.96,220.00323486328125,-221.86329650878906,-5.017882823944092,218.72697020054085,-221.56994717793222,-5.02922515638183,1.3095930542650103,1.2004454843480536,1.2004454843480536,0.00033762802395342575,1.8095936501263323,3.3483728858516675,nan,0.00902806246760798,nan
9.97,220.00323486328125,-221.8545684814453,-5.017882823944092,218.7266746550082,-221.56087052601055,-5.029617224796105,1.3099626523439742,1.2007476847791179,1.2007476847791179,0.00043882705266989934,1.7427789827641815,3.2804775465362637,nan,nan,nan
9.98,220.00323486328125,-221.84584045410156,-5.017882823944092,218.72637923662487,-221.55179387372667,-5.022487461342675,1.3102842765750538,1.2010503389907037,1.2010503389907037,0.00033763331252448844,1.4922332095184927,3.027512386380014,nan,0.2791854629972589,nan
9.99,220.00323486328125,-221.83712768554688,-5.017882823944092,218.72608392526533,-221.54271723878855,-5.022869973894389,1.310655142018681,1.2013534479508114,1.2013534479508114,0.0004388360189967166,1.4865570768735135,3.0676578980183464,nan,nan,nan
10.0,220.00323486328125,-221.82839965820312,-5.017882823944092,218.7219392847141,-221.5219727796955,-5.010529681279359,1.3174482381614536,1.2011499947217263,1.2011499947217263,0.0003376251682534623,1.6051059282315858,3.290431286139335,0.36230303054879065,0.8046460518569742,nan
10.01,220.00323486328125,-221.81967163085938,-5.017882823944092,218.72163530648288,-221.51287004051986,-5.010903391065046,1.3178290299974222,1.2014517411589376,1.2014517411589376,0.00043882220129759134,1.5564458664848875,3.2404050146262247,nan,nan,nan
10.02,220.00323486328125,-221.81094360351562,-5.017882823944092,218.72133139431716,-221.5037675276499,-5.007888628793814,1.3182312123687303,1.2017539401564439,1.2017539401564439,0.00033763043388826744,1.7417527368830783,3.4221454832208806,nan,0.056675631569230486,nan
10.03,220.00323486328125,-221.80223083496094,-5.017882823944092,218.72102764340625,-221.49466522536318,-5.008259111619952,1.318614642246069,1.2020565926822453,1.2020565926822453,0.00043883114470675487,1.657448954754143,3.3865668303521295,nan,nan,nan
10.040000000000001,220.00323486328125,-221.7935028076172,-5.017882823944092,218.72072404469847,-221.48556295853217,-4.9903682981107895,1.319249028640235,1.2023596997043422,1.2023596997043422,0.0003376357398102704,3.6890790463159373,5.367440087385578,nan,1.6452782060970386,nan
10.05,220.00323486328125,-221.78477478027344,-5.017882823944092,218.7492002759027,-221.4593158094421,-4.990718332928118,1.295864266660846,1.2021562526883338,1.2021562526883338,0.0004388173833406625,3.0778499136451654,4.808371238615903,2.214813517158845,nan,nan
10.06,220.00323486328125,-221.7760467529297,-5.017882823944092,218.74896162549396,-221.4501751953489,-4.986876238546258,1.2962850903283485,1.2024579979527374,1.2024579979527374,0.0003376275708176179,4.244174882474535,5.971649294596814,nan,0.0865550724204064,nan
10.07,220.00323486328125,-221.767333984375,-5.017882823944092,218.74872296460427,-221.44103470408177,-4.987217257854007,1.29661547930974,1.2027601955308016,1.2027601955308016,0.0004388262896196713,3.5399494071039883,5.3220476448822565,nan,nan,nan
10.08,220.00323486328125,-221.75860595703125,-5.017882823944092,218.7484842688469,-221.43189423312808,-5.016853893122536,1.2965880855027754,1.2030628463905264,1.2030628463905264,0.0003376328622438885,1.4005186797819988,3.125543149327661,nan,4.233579585485901,nan
10.09,220.00323486328125,-221.7498779296875,-5.017882823944092,218.74824557264745,-221.4227538473436,-5.017242207268882,1.2969227792141622,1.2033659514999122,1.2033659514999122,0.0004388352607389175,1.3986881097011379,3.122896612766496,nan,nan,nan
10.1,220.00323486328125,-221.74114990234375,-5.017882823944092,218.76658751163566,-221.405040934025,-5.004402779069342,1.2815801272359668,1.2031625106294472,1.2031625106294472,0.0003376247276175914,1.9031635501595883,3.574055711072703,1.1408517964933382,0.8498483523645693,nan
10.11,220.00323486328125,-221.73243713378906,-5.017882823944092,218.76639038061225,-221.39588146548857,-5.0047534323532465,1.2818839156091635,1.2034642547295606,1.2034642547295606,0.000438821459307129,1.7580973041112746,3.4857596138679243,nan,nan,nan
10.120000000000001,220.00323486328125,-221.7237091064453,-5.017882823944092,218.76619318341284,-221.38672190088488,-4.996789881269115,1.282293806689318,1.203766450902165,1.203766450902165,0.00033762999603466066,2.6833251703248004,4.352811924504828,nan,0.3411045425029098,nan
10.13,220.00323486328125,-221.71498107910156,-5.017882823944092,218.76599598546827,-221.37756238107212,-4.997129810339454,1.2825919484097386,1.2040691001152608,1.2040691001152608,0.0004388304073822743,2.3473221725371767,4.015836322658919,nan,nan,nan
10.14,220.00323486328125,-221.7062530517578,-5.017882823944092,218.76579874004486,-221.36840285372165,-5.01157002513942,1.2827434532408015,1.2043722033368482,1.2043722033368482,0.00033763530471122633,1.4842123988445748,3.152044404292338,nan,0.9806525891737077,nan
10.15,220.00323486328125,-221.69754028320312,-5.017882823944092,218.75738359965442,-221.39655260064194,-5.011914799556086,1.2817076786261459,1.2041687685451807,1.2041687685451807,0.00043881666182058235,1.4453766342910053,2.9018981562504056,2.8945491670492096,nan,nan
10.16,220.00323486328125,-221.68881225585938,-5.017882823944092,218.757167676454,-221.38747652145227,-5.023378380353822,1.2819972153083994,1.2044705114895133,1.2044705114895133,0.00033762714504426605,1.4539400743870892,2.862425115512865,nan,0.6082266362327899,nan
10.17,220.00323486328125,-221.68008422851562,-5.017882823944092,218.7569516681171,-221.37840054572754,-5.023756558479746,1.282290664306087,1.204772706270509,1.204772706270509,0.00043882557264597746,1.4433883393145335,2.8505003719628617,nan,nan,nan
10.18,220.00323486328125,-221.67135620117188,-5.017882823944092,218.75673578003463,-221.36932470230747,-5.0119631760646985,1.2825825638421715,1.2050753538561676,1.2050753538561676,0.0003376324391526752,1.4688338554332672,2.8746039695022856,nan,0.730967777858562,nan
10.19,220.00323486328125,-221.6626434326172,-5.017882823944092,218.7565198405682,-221.36024889200922,-5.012324493435981,1.2828763389687912,1.2053784552144897,1.2053784552144897,0.0004388345482671553,1.4357336688420468,2.886420639499292,nan,nan,nan
10.200000000000001,220.00323486328125,-221.65391540527344,-5.017882823944092,218.7949512423923,-221.33131024051656,-5.019096778622043,1.250609801065977,1.2051750264356504,1.2051750264356504,0.0003376243135865348,1.30212110086991,2.7741802707815504,3.7546089387455734,0.20475710046845907,nan
10.21,220.00323486328125,-221.6451873779297,-5.017882823944092,218.7948216203479,-221.32219000397978,-5.019463935854711,1.2508366676709213,1.2054767682327028,1.2054767682327028,0.00043882076211673287,1.3035981967476478,2.7740819068957876,nan,nan,nan
10.22,220.00323486328125,-221.63645935058594,-5.017882823944092,218.7946919262281,-221.31306978576168,-5.019471966374497,1.251063294446746,1.20577896163581,1.20577896163581,0.00033762958461724046,1.3055259517182354,2.7748845375535645,nan,0.0006395188465742058,nan
10.23,220.00323486328125,-221.62774658203125,-5.017882823944092,218.79456208775812,-221.3039494159885,-5.019840440050208,1.2512946556622486,1.2060816076129726,1.2060816076129726,0.0004388297145750718,1.3069323637424837,2.8283725590163553,nan,nan,nan
10.24,220.00323486328125,-221.6190185546875,-5.017882823944092,218.79443218437902,-221.29482882542996,-5.0056824816171375,1.2515796999912476,1.2063847071321903,1.2063847071321903,0.00033763489588145676,1.7392004069866631,3.2066998365061012,nan,1.0410981837530964,nan
10.25,220.00323486328125,-221.61029052734375,-5.017882823944092,218.80511947950532,-221.2376841266322,-5.0060243154192205,1.2547735361076906,1.2061812843009752,1.2061812843009752,0.0004388159838600726,1.6256696486260398,3.4935911009263423,4.781349977585752,nan,nan
10.26,220.00323486328125,-221.6015625,-5.017882823944092,218.8050136159062,-221.22845595865113,-5.0014544913252115,1.2550747144974936,1.2064830249592364,1.2064830249592364,0.00033762674497509154,2.1047739683256443,3.9709041083353003,nan,0.11926792133517936,nan
10.27,220.00323486328125,-221.5928497314453,-5.017882823944092,218.80490772219383,-221.21922788836957,-5.001794846832795,1.2553246758100434,1.2067852169980469,1.2067852169980469,0.00043882489895638913,1.8954113237948786,3.8254656567179968,nan,nan,nan
10.28,220.00323486328125,-221.58412170410156,-5.017882823944092,218.80480184194346,-221.2099999390629,-5.020382059454126,1.2554740331391203,1.2070878613854064,1.2070878613854064,0.0003376320416031363,1.324294548854818,3.1845066589733944,nan,1.6423730975442072,nan
10.290000000000001,220.00323486328125,-221.5753936767578,-5.017882823944092,218.80469606285308,-221.20077190501218,-5.020752323127343,1.2557248751311705,1.2073909590893153,1.2073909590893153,0.00043883387880675503,1.3247502831496887,3.184515829477968,nan,nan,nan
10.3,220.00323486328125,-221.56666564941406,-5.017882823944092,218.7959339040451,-221.1486397046604,-5.033635308112989,1.2777204065902554,1.207187542141274,1.207187542141274,0.00033762392454824976,2.0871307800607806,4.378824764469994,3.804938327253889,0.7760195560267678,nan
10.31,220.00323486328125,-221.55795288085938,-5.017882823944092,218.7958088822962,-221.1393157242687,-5.034021259875765,1.2780434333583341,1.2074892816692213,1.2074892816692213,0.00043882010701188045,1.9460257790233384,4.314760822249078,nan,nan,nan
10.32,220.00323486328125,-221.54922485351562,-5.017882823944092,218.7956838914615,-221.12999167661897,-5.026144341879237,1.2782816821156018,1.2077914723571983,1.2077914723571983,0.0003376291980342829,1.554982167330155,3.8409145967494602,nan,0.3369073282109701,nan
10.33,220.00323486328125,-221.54049682617188,-5.017882823944092,218.79555907801108,-221.12066758840686,-5.026519495104671,1.278597662792721,1.2080941151732052,1.2080941151732052,0.0004388290635879105,1.5231338336687725,3.805557611889322,nan,nan,nan
10.34,220.00323486328125,-221.53176879882812,-5.017882823944092,218.7954344128337,-221.11134347690225,-5.029124625462001,1.2789314905494802,1.2083972110852423,1.2083972110852423,0.0003376345117294068,1.7277827339159892,4.006812832117166,nan,0.024511865472847172,nan
10.35,220.00323486328125,-221.52305603027344,-5.017882823944092,218.8004990173489,-221.11196826825173,-5.02945219944647,1.2711020862323146,1.2081937999566688,1.2081937999566688,0.00043881534682031634,1.6422019175931903,3.8536385228063805,0.3709424801808805,nan,nan
10.36,220.00323486328125,-221.5143280029297,-5.017882823944092,218.80038598238343,-221.10266611648,-5.026243008895387,1.271369667612399,1.208495538362765,1.208495538362765,0.00033762636905301704,1.5444690489658035,3.678060021688415,nan,0.06316928717942039,nan
10.370000000000001,220.00323486328125,-221.50559997558594,-5.017882823944092,218.80027287835625,-221.09336402123424,-5.026607825604859,1.2716651072074463,1.2087977277132458,1.2087977277132458,0.00043882426592891115,1.51121552907173,3.641490636364354,nan,nan,nan
10.38,220.00323486328125,-221.4968719482422,-5.017882823944092,218.80015969470955,-221.0840620013657,-5.018598673157586,1.2719286245360168,1.2091003689761115,1.2091003689761115,0.0003376316680481135,1.3395389380400964,3.4692321095956506,nan,0.3460403899662302,nan
10.39,220.00323486328125,-221.4881591796875,-5.017882823944092,218.80004649025295,-221.07475996443478,-5.018952840070479,1.272227305593053,1.2094034631193622,1.2094034631193622,0.00043883324975229384,1.340922699833214,3.543020553054008,nan,nan,nan
10.4,220.00323486328125,-221.47943115234375,-5.017882823944092,218.77982337235272,-221.04944071048288,-5.005624404675198,1.296833730695896,1.209200057747282,1.209200057747282,0.00033762355898904933,1.8357722308695332,4.166086480003235,1.305256802372856,0.9227849072548382,nan
10.41,220.00323486328125,-221.470703125,-5.017882823944092,218.7796655503211,-221.0401027907392,-5.00595796475038,1.2971818352682998,1.209501795039975,1.209501795039975,0.0004388194914436597,1.7151568715241077,4.0437167838820525,nan,nan,nan
10.42,220.00323486328125,-221.4619903564453,-5.017882823944092,218.77950776292036,-221.0307648912942,-5.0119455782589375,1.2974970785473008,1.2098039830661715,1.2098039830661715,0.00033762883478174533,1.49592471821037,3.903180264168639,nan,0.15764815488929892,nan
10.43,220.00323486328125,-221.45326232910156,-5.017882823944092,218.7793499743549,-221.02142712385984,-5.012290098360299,1.2978471190428849,1.210106622793872,1.210106622793872,0.0004388284518880587,1.4632009811981346,3.7854411669251666,nan,nan,nan
10.44,220.00323486328125,-221.4445343017578,-5.017882823944092,218.77919238264735,-221.0120892367338,-4.99950141541178,1.2983168353062515,1.2104097151910762,1.2104097151910762,0.0003376341507605934,2.393045986622353,4.71440765304785,nan,0.8510158026735863,nan
10.450000000000001,220.00323486328125,-221.43580627441406,-5.017882823944092,218.76454167473815,-221.00479797088542,-4.9997805532415915,1.3116617953033036,1.2102063155132377,1.2102063155132377,0.00043881474822342787,2.168118455779249,4.4576341489556395,0.5200186286049971,nan,nan
10.46,220.00323486328125,-221.42709350585938,-5.017882823944092,218.76435195547234,-220.99546470867563,-4.998132251215846,1.3120687340770125,1.2105080517009585,1.2105080517009585,0.00033762601581591373,2.5772044069518145,4.944653912701954,nan,0.01903804393098929,nan
10.47,220.00323486328125,-221.41836547851562,-5.017882823944092,218.76416219583467,-220.9861315096049,-4.998446366449003,1.3124424006307722,1.2108102384159587,1.2108102384159587,0.0004388236711013587,2.283176385857579,4.566937800956283,nan,nan,nan
10.48,220.00323486328125,-221.40963745117188,-5.017882823944092,218.76397239910244,-220.97679823719548,-5.014317287856983,1.3126819696049081,1.2111128766262385,1.2111128766262385,0.0003376313170347524,1.4604122216536535,3.742650460313391,nan,1.193762409714221,nan
10.49,220.00323486328125,-221.40090942382812,-5.017882823944092,218.7637825802646,-220.96746492057162,-5.0146575923142604,1.3130599763139252,1.211415967299798,1.211415967299798,0.00043883265865727954,1.446927919674147,3.726350923311381,nan,nan,nan
10.5,220.00323486328125,-221.39219665527344,-5.017882823944092,218.72935206551773,-220.93756215018527,-5.029543733957836,1.3526292516713225,1.2112125732546615,1.2112125732546615,0.00033762321548751336,1.9131922031253463,4.616170244462478,3.1536832147585905,1.0458118100684397,nan
10.51,220.00323486328125,-221.3834686279297,-5.017882823944092,218.7290858107999,-220.92818280997685,-5.029905809843394,1.3531021898430573,1.2115143083458233,1.2115143083458233,0.00043881891301852455,1.8405298630041815,4.453276463041644,nan,nan,nan
10.52,220.00323486328125,-221.37474060058594,-5.017882823944092,218.72881951244693,-220.91880342775983,-5.022208930609846,1.3535257320072298,1.2118164937625922,1.2118164937625922,0.00033762849344726013,1.5672222737732269,4.174858020074625,nan,0.3204886192077769,nan
10.53,220.00323486328125,-221.3660125732422,-5.017882823944092,218.72855331206122,-220.90942402129846,-5.022560564346209,1.3539970620507384,1.2121191304729682,1.2121191304729682,0.00043882787709715525,1.5623266380677545,4.166523029177242,nan,nan,nan
10.540000000000001,220.00323486328125,-221.3572998046875,-5.017882823944092,218.72828732072836,-220.900044537149,-5.011589469069969,1.354478948625242,1.2124222194449514,1.2124222194449514,0.0003376338115716205,1.630453008660842,4.316234261459956,nan,0.6325562123585097,nan
10.55,220.00323486328125,-221.34857177734375,-5.017882823944092,218.7502898362305,-220.91124187726797,-5.011991169114598,1.327088314283608,1.2122188309716802,1.2122188309716802,0.0004388141857424381,1.5319173376857185,3.9231139598096165,2.003591113720233,nan,nan
10.56,220.00323486328125,-221.33984375,-5.017882823944092,218.75007363408025,-220.9019084984918,-5.013011612300032,1.3274878830290675,1.212520564974677,1.212520564974677,0.00033762568389070994,1.5236175597254857,3.9115845130907245,nan,0.002201882058776297,nan
10.57,220.00323486328125,-221.33111572265625,-5.017882823944092,218.74985743534128,-220.89257515875042,-5.01336608800434,1.3278905090269304,1.212822749106058,1.212822749106058,0.0004388231121616375,1.5003486545514848,3.885350983386313,nan,nan,nan
10.58,220.00323486328125,-221.32240295410156,-5.017882823944092,218.74964143690067,-220.883241722696,-5.0189362022670485,1.3282922025819974,1.2131253843338228,1.2131253843338228,0.0003376309871987393,1.4576777959807299,3.921365323129886,nan,0.13414443064645007,nan
10.59,220.00323486328125,-221.3136749267578,-5.017882823944092,218.74942555111696,-220.873908253014,-5.019300885049942,1.3286965528302115,1.213428471625972,1.213428471625972,0.00043883210322422447,1.4594951045600675,3.838743619449581,nan,nan,nan
10.6,220.00323486328125,-221.30494689941406,-5.017882823944092,218.76039267715967,-220.84736948595665,-5.01939683170163,1.3244002722475299,1.2132250886644214,1.2132250886644214,0.0003376228927087834,1.4525505130725198,4.0320327589839176,0.8308838062505571,0.0003520246052804784,nan
10.61,220.00323486328125,-221.2962188720703,-5.017882823944092,218.76020157369368,-220.8379976875765,-5.019762668189665,1.3248026067140006,1.2135268215876267,1.2135268215876267,0.0004388183694886967,1.4543320681963103,4.029063345827426,nan,nan,nan
10.620000000000001,220.00323486328125,-221.28750610351562,-5.017882823944092,218.76001054175399,-220.82862586862174,-5.031208428726087,1.325275577137072,1.2138290044463425,1.2138290044463425,0.0003376281727044758,1.9727469828257083,4.628198632477268,nan,0.6055709990888924,nan
10.63,220.00323486328125,-221.27877807617188,-5.017882823944092,218.75981959605562,-220.8192540687722,-5.031592769719328,1.3256816370303957,1.2141316382085687,1.2141316382085687,0.00043882733698168353,1.8756549477812545,4.439547926523754,nan,nan,nan
10.64,220.00323486328125,-221.27005004882812,-5.017882823944092,218.7596286757427,-220.80988231665694,-5.046476490213164,1.3263213370697304,1.2144347238423057,1.2144347238423057,0.000337633492844525,3.869396945297175,6.429292935803183,nan,1.0369843450465732,nan
10.65,220.00323486328125,-221.26132202148438,-5.017882823944092,218.79478348607364,-220.8652787488322,-5.046800926566018,1.272022508270694,1.2142313463330145,1.2142313463330145,0.0004388136571921299,3.237597106412226,5.009414667626278,11.052283357060215,nan,nan
10.66,220.00323486328125,-221.2526092529297,-5.017882823944092,218.7946713249185,-220.85605131120917,-5.0620743926139875,1.2727281414909402,1.2145330781847803,1.2145330781847803,0.00033762537198795496,7.1163098324269605,8.95279957181872,nan,1.0928574327475058,nan
10.67,220.00323486328125,-221.24388122558594,-5.017882823944092,218.7945590774829,-220.84682391776943,-5.062488410116704,1.2730048386332187,1.2148352597834344,1.2148352597834344,0.000438822586938372,5.866405584942327,7.6337017693962,nan,nan,nan
10.68,220.00323486328125,-221.2351531982422,-5.017882823944092,218.79444672714754,-220.83759643745276,-5.062556055459361,1.273269741147176,1.2151378920969773,1.2151378920969773,0.0003376306772587964,7.243429705351886,9.009056772336166,nan,0.0005954410747041326,nan
10.69,220.00323486328125,-221.22642517089844,-5.017882823944092,218.79433413427998,-220.82836879730527,-5.062971641972619,1.273547349197962,1.215440976093409,1.215440976093409,0.0004388315812955002,5.965519219526227,7.729583456041462,nan,nan,nan
10.700000000000001,220.00323486328125,-221.21771240234375,-5.017882823944092,218.78768805299796,-220.80903390366745,-5.038995968760273,1.2825825229411982,1.2152376039775896,1.2152376039775896,0.00033762258939924706,2.6735979576146045,4.632338229504768,0.28764367383732564,2.9374011785446608,nan
10.71,220.00323486328125,-221.208984375,-5.017882823944092,218.7875609683383,-220.79978351015401,-5.039377858535597,1.2828758330986387,1.2155393347662453,1.2155393347662453,0.0004388178587432033,2.4064742466057263,4.293902777484211,nan,nan,nan
10.72,220.00323486328125,-221.20025634765625,-5.017882823944092,218.78743401592158,-220.79053302452127,-5.037465233505875,1.2831322506762581,1.2158415151173236,1.2158415151173236,0.00033762787130773046,2.4896111460044326,4.373507995784228,nan,0.025994402827565363,nan
10.73,220.00323486328125,-221.1915283203125,-5.017882823944092,218.78730716818004,-220.78128249901923,-5.0378453980154685,1.2834252210262582,1.2161441459988247,1.2161441459988247,0.00043882682944402124,2.262213860953547,4.144142685557712,nan,nan,nan
10.74,220.00323486328125,-221.1828155517578,-5.017882823944092,218.78718021068963,-220.7720319960636,-5.019663201812311,1.283563484002204,1.2164472283787486,1.2164472283787486,0.0003376331933415733,1.3637683390530175,3.3122917324436547,nan,1.699976790101162,nan
10.75,220.00323486328125,-221.17408752441406,-5.017882823944092,218.76455648554398,-220.79706486568924,-5.019980628676206,1.294787476557629,1.2162438615982778,1.2162438615982778,0.0004388131605201962,1.3884285633383002,2.9630933173588763,3.3743763857315794,nan,nan
10.76,220.00323486328125,-221.1653594970703,-5.017882823944092,218.76437946349577,-220.78789067012121,-5.022371972308172,1.2950928805877209,1.2165455913321286,1.2165455913321286,0.00033762507889662776,1.4383839273457695,3.0126750437012406,nan,0.02063796432178772,nan
10.77,220.00323486328125,-221.15663146972656,-5.017882823944092,218.76420254843833,-220.77871646059089,-5.022722018002677,1.2953934727155878,1.2168477704479992,1.2168477704479992,0.00043882209339228523,1.432355070311645,3.0028204463248387,nan,nan,nan
10.78,220.00323486328125,-221.14791870117188,-5.017882823944092,218.76402574233705,-220.76954230572701,-5.025633232691681,1.2957113918218386,1.21715039991389,1.21715039991389,0.0003376303860115886,1.5572067548079076,3.1866731972944238,nan,0.03233744167760504,nan
10.790000000000001,220.00323486328125,-221.13919067382812,-5.017882823944092,218.7638489705474,-220.76036805541656,-5.025989189650829,1.2960129939521614,1.217453480697801,1.217453480697801,0.00043883109084474794,1.5293337175656343,3.0979711545767965,nan,nan,nan
10.8,220.00323486328125,-221.13046264648438,-5.017882823944092,218.74576913294382,-220.7603000497787,-5.02478053689927,1.3108348444472135,1.2172501191952119,1.2172501191952119,0.0003376223043815114,1.5524975711501383,3.0685044616421333,0.8286932665393036,0.011579016639434222,nan
10.81,220.00323486328125,-221.12173461914062,-5.017882823944092,218.74555267682945,-220.75114597683444,-5.025129639561475,1.311164726592781,1.2175518478825385,1.2175518478825385,0.0004388173787994321,1.5316089820416283,3.0464888574224838,nan,nan,nan
10.82,220.00323486328125,-221.11302185058594,-5.017882823944092,218.74533619332072,-220.74199185321268,-5.002930531012477,1.3115623865844772,1.2178540257754542,1.2178540257754542,0.00033762758808714643,2.074480055496456,3.645377615739968,nan,2.50849513958081,nan
10.83,220.00323486328125,-221.1042938232422,-5.017882823944092,218.74511964133552,-220.7328377861336,-5.003247034324381,1.311887078042074,1.218156653841959,1.218156653841959,0.00043882635251413997,1.9007883226177,3.4141169994486793,nan,nan,nan
10.84,220.00323486328125,-221.09556579589844,-5.017882823944092,218.74490320590272,-220.72368382042885,-5.029586820679564,1.3121858660951038,1.218459733050053,1.218459733050053,0.00033763291190028183,1.8187265373241073,3.3306136992401028,nan,3.3405564169551503,nan
10.85,220.00323486328125,-221.0868377685547,-5.017882823944092,218.7627167796642,-220.68196103516541,-5.0299221801817735,1.3049732683543742,1.2182563767685246,1.2182563767685246,0.00043881269379910835,1.728058068919732,3.477265891079048,2.7582486184042274,nan,nan
10.86,220.00323486328125,-221.078125,-5.017882823944092,218.7625404081821,-220.67273445382503,-5.03307020502297,1.3053332457215059,1.2185581044175815,1.2185581044175815,0.00033762480347933056,2.0812726411239315,3.896134866037601,nan,0.038503721833120126,nan
10.870000000000001,220.00323486328125,-221.06939697265625,-5.017882823944092,218.76236398465937,-220.6635079021159,-5.03342976997489,1.3056600562653458,1.2188602810996796,1.2188602810996796,0.0004388216296080942,1.9492533052838799,3.6932257209248363,nan,nan,nan
10.88,220.00323486328125,-221.0606689453125,-5.017882823944092,218.76218748916384,-220.65428138121024,-5.0145704085226726,1.3058944862264419,1.219162907782819,1.219162907782819,0.00033763011232693823,1.4312845584042646,3.173281355592139,nan,1.8223581092197882,nan
10.89,220.00323486328125,-221.05194091796875,-5.017882823944092,218.76201089281017,-220.6450547576948,-5.014901933217626,1.3062167423532764,1.219465985435,1.219465985435,0.000438830629968727,1.4193801237635675,3.1594060450599097,nan,nan,nan
10.9,220.00323486328125,-221.04322814941406,-5.017882823944092,218.7374719825847,-220.67731715117694,-5.008975941217138,1.3176212890432555,1.2192626343183501,1.2192626343183501,0.000337622036549757,1.6588240023749803,3.1467480597957738,4.597087587390347,0.19126122746935034,nan
10.91,220.00323486328125,-221.0345001220703,-5.017882823944092,218.7372408621103,-220.66818286512122,-5.009293799861736,1.3179540640986804,1.2195643609373652,1.2195643609373652,0.0004388169277952828,1.5923351251278313,3.0244889711101797,nan,nan,nan
10.92,220.00323486328125,-221.02577209472656,-5.017882823944092,218.73700977828227,-220.659048669967,-4.9983849442122965,1.318405174239727,1.2198665364206696,1.2198665364206696,0.00033762732194392173,2.550588829059855,3.981519524889988,nan,0.6219146119251061,nan
10.93,220.00323486328125,-221.01705932617188,-5.017882823944092,218.73677853570766,-220.64991446430062,-4.9986875131838815,1.3187400953959176,1.2201691617362633,1.2201691617362633,0.000438825904341714,2.2646215816867117,3.7498419593717047,nan,nan,nan
10.94,220.00323486328125,-221.00833129882812,-5.017882823944092,218.73654707021396,-220.6407802933667,-5.004157491300563,1.3190072370830883,1.2204722378521469,1.2204722378521469,0.00033763264742880787,1.9833008809858326,3.4117440994021595,nan,0.1316847110181482,nan
10.950000000000001,220.00323486328125,-220.99960327148438,-5.017882823944092,218.77811592690682,-220.64102764684566,-5.004541302711609,1.2765856348232403,1.220268891844823,1.220268891844823,0.0004388122552184694,1.740987353869265,3.1199634588569642,3.846628415932515,nan,nan
10.96,220.00323486328125,-220.99087524414062,-5.017882823944092,218.77797743956108,-220.63191428714336,-5.012415126698943,1.276768819615726,1.220570617441996,1.220570617441996,0.0003376245446677756,1.424077253002581,2.8028136222889604,nan,0.28077633942214036,nan
10.97,220.00323486328125,-220.98216247558594,-5.017882823944092,218.7778391133208,-220.6228008130731,-5.012757541104638,1.2770128492029056,1.2208727917384177,1.2208727917384177,0.0004388211937868158,1.3955744760257403,2.8249742760870316,nan,nan,nan
10.98,220.00323486328125,-220.9734344482422,-5.017882823944092,218.77770101483114,-220.61368735973713,-4.996271040715465,1.2774264168863627,1.2211754157020882,1.2211754157020882,0.000337629855143303,2.719262435070462,4.096923621970084,nan,1.3973564330436774,nan
10.99,220.00323486328125,-220.96470642089844,-5.017882823944092,218.77756309569813,-220.60457380071034,-4.996589586728449,1.2776620006578427,1.221478490301008,1.221478490301008,0.0004388301968799015,2.3692644603342874,3.747770189058769,nan,nan,nan
11.0,220.00323486328125,-220.9559783935547,-5.017882823944092,218.78898064172319,-220.63343134298688,-4.998868811808008,1.2565076390770904,1.2212751493480793,1.2212751493480793,0.0003376217848653349,2.3632819944003662,3.5563036736928697,3.188162146565507,0.017945543592706132,nan
11.01,220.00323486328125,-220.947265625,-5.017882823944092,218.7888684782896,-220.62440185729187,-4.999202054240997,1.2566923651606525,1.221576873931581,1.221576873931581,0.00043881650398176086,2.0877869289114255,3.319445920825114,nan,nan,nan
11.02,220.00323486328125,-220.93853759765625,-5.017882823944092,218.78875626490387,-220.61537233933248,-5.015452373499466,1.2567418021190848,1.2218790470529193,1.2218790470529193,0.0003376270718459983,1.3100903294323651,2.5015816973808462,nan,1.2497826445821196,nan
11.03,220.00323486328125,-220.9298095703125,-5.017882823944092,218.78864399913866,-220.60634269821875,-5.015811839372613,1.2569272347983629,1.2221816696800942,1.2221816696800942,0.00043882548318880527,1.3024308418039532,2.494019749113412,nan,nan,nan
11.040000000000001,220.00323486328125,-220.92108154296875,-5.017882823944092,218.7885318810511,-220.5973130533937,-5.036018100281996,1.257242322755782,1.222484742781106,1.222484742781106,0.00033763239890162813,2.2668206586987862,3.457985949881303,nan,1.9429838315541712,nan
11.05,220.00323486328125,-220.91236877441406,-5.017882823944092,218.79271110425213,-220.57731453780605,-5.036447676118061,1.256174257967103,1.2222814068282548,1.2222814068282548,0.0004388118430777537,2.0761498273082664,3.4256048832464243,0.3352826569032303,nan,nan
11.06,220.00323486328125,-220.9036407470703,-5.017882823944092,218.79260856994117,-220.56826030830624,-5.021218407668013,1.2562273627615008,1.2225831304062273,1.2225831304062273,0.00033762430145851626,1.3237424901773664,2.628133836701267,nan,1.205408734608851,nan
11.07,220.00323486328125,-220.89491271972656,-5.017882823944092,218.79250612748683,-220.55920601160165,-5.0215968759291565,1.2564142866668493,1.222885302364171,1.222885302364171,0.0004388207842387798,1.322285946290461,2.625231159672067,nan,nan,nan
11.08,220.00323486328125,-220.8861846923828,-5.017882823944092,218.79240379138042,-220.5501517967627,-5.033668727835216,1.25669375202593,1.2231879236700862,1.2231879236700862,0.00033762961346362396,2.0289850541298873,3.3323945876111427,nan,0.6744405158814157,nan
11.09,220.00323486328125,-220.87747192382812,-5.017882823944092,218.7923015418568,-220.5410975612384,-5.034067506231429,1.2568886842853033,1.2234909952919732,1.2234909952919732,0.0004388297898992293,1.8878986094441401,3.2345407889194933,nan,nan,nan
11.1,220.00323486328125,-220.86874389648438,-5.017882823944092,218.75626992048703,-220.48631439796105,-5.032885924095632,1.3043768561703144,1.223287664285487,1.223287664285487,0.0003376215483526376,2.0573594309930288,3.609161346973364,7.114846836976786,0.010490402026175608,nan
11.11,220.00323486328125,-220.86001586914062,-5.017882823944092,218.75608823961568,-220.47715868736614,-5.033261074317828,1.3046803490285623,1.223589386866041,1.223589386866041,0.0004388161057160337,1.9298808577983824,3.4793978799300715,nan,nan,nan
11.120000000000001,220.00323486328125,-220.85128784179688,-5.017882823944092,218.7559067253209,-220.4680029277095,-5.034473755038695,1.3049942789564968,1.2238915576721694,1.2238915576721694,0.00033762683682396824,2.2065222849535138,3.7548562129428116,nan,0.0034527402255254383,nan
11.13,220.00323486328125,-220.8425750732422,-5.017882823944092,218.75572525476676,-220.45884697881223,-5.034852018823408,1.3053028106020748,1.224194177671872,1.224194177671872,0.00043882508742297283,2.0477421975527568,3.651123789731249,nan,nan,nan
11.14,220.00323486328125,-220.83384704589844,-5.017882823944092,218.7555436587551,-220.44969088921795,-5.050885497131682,1.3059090592399472,1.2244972478331495,1.2244972478331495,0.000337632165355439,4.617770288614412,6.163590536681643,nan,1.2089229134799104,nan
11.15,220.00323486328125,-220.8251190185547,-5.017882823944092,218.75240999499863,-220.43477875630177,-5.051331366877011,1.3107429864295475,1.2242939217199138,1.2242939217199138,0.0004388114557797158,3.9520083355985545,5.607859001916663,0.15828521122304143,nan,nan
11.16,220.00323486328125,-220.81639099121094,-5.017882823944092,218.75222150757912,-220.42561001749243,-5.03330698912631,1.3107181582769998,1.224595643311129,1.224595643311129,0.00033762407290903104,2.1073474451079166,3.7621478507841752,nan,1.6774827800692875,nan
11.17,220.00323486328125,-220.80767822265625,-5.017882823944092,218.7520330085089,-220.41644115902537,-5.033694773460734,1.311038725244908,1.2248978129769121,1.2248978129769121,0.0004388203993768158,1.9727829833019348,3.684748059885882,nan,nan,nan
11.18,220.00323486328125,-220.7989501953125,-5.017882823944092,218.75184475411476,-220.40727225900798,-5.033222335027457,1.3113443909621039,1.2252004316852636,1.2252004316852636,0.00033762938635133075,2.1002728772944645,3.7511796601664256,nan,0.0036589452312349746,nan
11.19,220.00323486328125,-220.79022216796875,-5.017882823944092,218.75165655489016,-220.39810332865076,-5.033610779263222,1.3116603275092626,1.2255035004041834,1.2255035004041834,0.0004388294074495575,1.9673734115346164,3.6171382767917315,nan,nan,nan
11.200000000000001,220.00323486328125,-220.781494140625,-5.017882823944092,218.75799261380655,-220.37691941870068,-5.034569032834726,1.3094225425981076,1.225300179131673,1.225300179131673,0.0003376213260952561,2.2237730859376295,3.9175352762277917,0.5244024484833956,0.002033152291607043,nan
11.21,220.00323486328125,-220.7727813720703,-5.017882823944092,218.75781868178174,-220.3677234879109,-5.034946550067406,1.309742159896264,1.2256018997415972,1.2256018997415972,0.00043881573145494794,2.0629588870536315,3.8184056114114937,nan,nan,nan
11.22,220.00323486328125,-220.76405334472656,-5.017882823944092,218.7576449199646,-220.35852739341263,-5.021955933920781,1.3099474013507244,1.225904068278398,1.225904068278398,0.0003376266159672098,1.448876680927805,3.1410047446112843,nan,0.8817926933075417,nan
11.23,220.00323486328125,-220.7553253173828,-5.017882823944092,218.75747127260374,-220.3493311873673,-5.022314997703946,1.3102586773721474,1.2262066857100757,1.2262066857100757,0.0004388247155107861,1.4448215066576533,3.1350439439152153,nan,nan,nan
11.24,220.00323486328125,-220.74659729003906,-5.017882823944092,218.75729750829862,-220.34013491958868,-5.01830757846766,1.3105616092155539,1.226509753004631,1.226509753004631,0.00033763194588540583,1.4009076915134886,3.089971123572273,nan,0.094099665201009,nan
11.25,220.00323486328125,-220.73788452148438,-5.017882823944092,218.76718725699928,-220.38608531540277,-5.018623132658827,1.285136924398344,1.2263064365209038,1.2263064365209038,0.0004388110918239556,1.348038241854069,2.6362062500614405,6.266443213652084,nan,nan
11.26,220.00323486328125,-220.72915649414062,-5.017882823944092,218.76703570964946,-220.37701132834155,-5.023172560806524,1.2853880918040579,1.2266081561575513,1.2266081561575513,0.0003376238581339501,1.429839180174072,2.6699158062086195,nan,0.08716061372016067,nan
11.27,220.00323486328125,-220.72042846679688,-5.017882823944092,218.76688418161177,-220.36793740136852,-5.023526177565972,1.2856301204901432,1.2269103235766259,1.2269103235766259,0.0004388200377100216,1.4197094560585868,2.6596573099598864,nan,nan,nan
11.28,220.00323486328125,-220.71170043945312,-5.017882823944092,218.76673263065055,-220.358863532485,-5.022615610414518,1.2858670434719555,1.227212939746128,1.227212939746128,0.00033762917292665616,1.4136490513180664,2.652132984360585,nan,0.007896572704876753,nan
11.290000000000001,220.00323486328125,-220.70298767089844,-5.017882823944092,218.76658116584952,-220.34978974339708,-5.022969277227804,1.2861131425227872,1.2275160056340575,1.2275160056340575,0.00043882904804940545,1.406443331561822,2.690516551325034,nan,nan,nan
11.3,220.00323486328125,-220.6942596435547,-5.017882823944092,218.7986785209072,-220.29834143640807,-5.023596657933046,1.2679668199927756,1.2273126938877452,1.2273126938877452,0.0003376211172323305,1.4066408056552178,2.8629809350814055,5.950490493760817,0.0007240478411351325,nan
11.31,220.00323486328125,-220.68553161621094,-5.017882823944092,218.79859831836995,-220.2891736195422,-5.023932137298278,1.2681819510823902,1.2276144125590975,1.2276144125590975,0.00043881537974890437,1.3934534076651253,2.8484210200870375,nan,nan,nan
11.32,220.00323486328125,-220.6768035888672,-5.017882823944092,218.79851811247474,-220.2800058432443,-5.016238370621426,1.2683822786652004,1.2279165788715964,1.2279165788715964,0.0003376264084203505,1.3181888374458597,2.7730944885630127,nan,0.3181428903662399,nan
11.33,220.00323486328125,-220.6680908203125,-5.017882823944092,218.7984378857972,-220.27083813208466,-5.016563892610029,1.268600486693432,1.228219193793242,1.228219193793242,0.0004388243660118283,1.314272198665482,2.827827905815184,nan,nan,nan
11.34,220.00323486328125,-220.65936279296875,-5.017882823944092,218.79835769737124,-220.2616704668238,-5.009563121776376,1.2688409627096953,1.2285222582920345,1.2285222582920345,0.00033763173964154237,1.5154352395581994,2.969578789900929,nan,0.2648747174713547,nan
11.35,220.00323486328125,-220.650634765625,-5.017882823944092,218.7734129554811,-220.27165906536578,-5.009895466035298,1.2869142567314065,1.2283189512323376,1.2283189512323376,0.00043881074980103797,1.4936409907842725,2.8352582123291423,1.9550668136207914,nan,nan
11.36,220.00323486328125,-220.64190673828125,-5.017882823944092,218.7732776920301,-220.26253380494495,-5.007469629651857,1.287177882142055,1.2286206689463415,1.2286206689463415,0.0003376236563015782,1.6696078058749657,3.0094264664317505,nan,0.03722965220861917,nan
11.370000000000001,220.00323486328125,-220.63319396972656,-5.017882823944092,218.7731424927236,-220.2534086526069,-5.007787523814547,1.287426130808497,1.2289228341633103,1.2289228341633103,0.0004388196978378968,1.5808797661593503,2.972816184833776,nan,nan,nan
11.38,220.00323486328125,-220.6244659423828,-5.017882823944092,218.77300732795518,-220.2442833850844,-5.0016722994025935,1.2877349675512877,1.2292254478512437,1.2292254478512437,0.00033762897236317194,2.127128945172497,3.466538261469524,nan,0.20422983972964245,nan
11.39,220.00323486328125,-220.61573791503906,-5.017882823944092,218.77287223827537,-220.23515783639252,-5.001982271873197,1.287977566897084,1.2295285109781422,1.2295285109781422,0.0004388287103070362,1.9251413158008406,3.2655103401065366,nan,nan,nan
11.4,220.00323486328125,-220.6070098876953,-5.017882823944092,218.74418914488123,-220.23388730295392,-4.996560905607428,1.3133435226425225,1.2293252085548205,1.2293252085548205,0.000337620920955194,2.7492864807410644,4.123061218083979,1.7999345402221154,0.16490305027866048,nan
11.41,220.00323486328125,-220.59829711914062,-5.017882823944092,218.7439908625291,-220.22477894444341,-4.996873348842339,1.3136410005414194,1.2296269253193883,1.2296269253193883,0.00043881504923618024,2.4089226507373835,3.8338453795529093,nan,nan,nan
11.42,220.00323486328125,-220.58956909179688,-5.017882823944092,218.74379268200218,-220.2156705125124,-5.014217336143684,1.3137763094898436,1.2299290894517687,1.2299290894517687,0.0003376262133798389,1.4431235701254046,2.817290332043114,nan,1.4308835566901135,nan
11.43,220.00323486328125,-220.58084106445312,-5.017882823944092,218.74359457305823,-220.2065618420446,-5.014557940007136,1.314073685884109,1.230231701919962,1.230231701919962,0.0004388240375729614,1.4288126260083147,2.8015570296256618,nan,nan,nan
11.44,220.00323486328125,-220.57211303710938,-5.017882823944092,218.7433967503526,-220.19745304031355,-5.021042429162134,1.314371396178354,1.2305347636919681,1.2305347636919681,0.00033763154582537396,1.4334797721564416,2.805727703395995,nan,0.18616187063307107,nan
11.450000000000001,220.00323486328125,-220.5634002685547,-5.017882823944092,218.75677510827603,-220.19909174587025,-5.02143010067701,1.2986127997676633,1.2303314658553353,1.2303314658553353,0.0004388104283869524,1.3993490511339293,2.775561503462917,0.6477595818644172,nan,nan
11.46,220.00323486328125,-220.55467224121094,-5.017882823944092,218.756607394228,-220.19000665081052,-5.0461012008466986,1.2991756294724686,1.2306331816783433,1.2306331816783433,0.0003376234666306228,3.7293644900322045,5.057092654737687,nan,2.915618221234124,nan
11.47,220.00323486328125,-220.5459442138672,-5.017882823944092,218.75643958833925,-220.18092141282852,-5.046500684743441,1.2994456836869115,1.2309353447369744,1.2309353447369744,0.00043881937844473894,3.2374342032430654,4.564474135832345,nan,nan,nan
11.48,220.00323486328125,-220.53721618652344,-5.017882823944092,218.75627163896974,-220.17183612937404,-5.041125755574306,1.299599978000396,1.2312379559992286,1.2312379559992286,0.00033762878388449917,2.971401279437335,4.29636449532801,nan,0.16455058579345347,nan
11.49,220.00323486328125,-220.52850341796875,-5.017882823944092,218.7561034778903,-220.16275093014428,-5.041518316506623,1.299873151998159,1.231541016433106,1.231541016433106,0.00043882839291511987,2.644561242399491,4.016604657548206,nan,nan,nan
11.5,220.00323486328125,-220.519775390625,-5.017882823944092,218.78846163358045,-220.13984185083862,-5.035501612586453,1.2729233739567891,1.2313377231340223,1.2313377231340223,0.00033762073650417477,2.2351005060886475,3.6533579901981397,2.4660803541085388,0.20319610459057347,nan
11.51,220.00323486328125,-220.51104736328125,-5.017882823944092,218.78836566813408,-220.13072604397274,-5.03588774755699,1.2731361453169139,1.231639438023311,1.231639438023311,0.00043881473863755297,2.054524339348141,3.4711663032457896,nan,nan,nan
11.52,220.00323486328125,-220.50233459472656,-5.017882823944092,218.78826984010814,-220.12161004992763,-5.035155213866539,1.273337944930575,1.2319416000189298,1.2319416000189298,0.00033762603009081054,2.199510078041996,3.66732747434139,nan,0.006183753893575111,nan
11.53,220.00323486328125,-220.4936065673828,-5.017882823944092,218.78817405920134,-220.11249393457084,-5.035541593797985,1.2735507169535694,1.2322442100888789,1.2322442100888789,0.0004388237289230279,2.026597954223462,3.4424489724791547,nan,nan,nan
11.540000000000001,220.00323486328125,-220.48487854003906,-5.017882823944092,218.78807826463992,-220.10337776078575,-5.059068144150476,1.2743016261438862,1.2325472692011583,1.2325472692011583,0.00033763136368680487,6.340007283974936,7.753851697943466,nan,2.64139490230696,nan
11.55,220.00323486328125,-220.4761505126953,-5.017882823944092,218.81700255130497,-220.09662593718957,-5.0595402260254705,1.246162646101054,1.2323439803910237,1.2323439803910237,0.0004388101263378232,5.213375100106692,6.696748272344147,1.775171302007439,nan,nan
11.56,220.00323486328125,-220.46743774414062,-5.017882823944092,218.81697099352849,-220.08751507619084,-5.0370027682495255,1.2457643334809072,1.2326456943543964,1.2326456943543964,0.0003376232883870882,2.341507572704955,3.8733580009572433,nan,2.603864662545783,nan
11.57,220.00323486328125,-220.45870971679688,-5.017882823944092,218.81693946800777,-220.0784043475649,-5.037404457825283,1.245917345935557,1.2329478552976387,1.2329478552976387,0.000438819078294615,2.1271681846230583,3.60643490841052,nan,nan,nan
11.58,220.00323486328125,-220.44998168945312,-5.017882823944092,218.81690793682216,-220.06929350289394,-5.035304371664028,1.2460331384648422,1.2332504641887507,1.2332504641887507,0.00033762860676131174,2.157649501017364,3.637282656157398,nan,0.030903062553957264,nan
11.59,220.00323486328125,-220.44125366210938,-5.017882823944092,218.81687644698263,-220.06018261282213,-5.035704355940165,1.2461857981577749,1.2335535219957328,1.2335535219957328,0.0004388280946454677,1.9824517421769425,3.4608760018887263,nan,nan,nan
11.6,220.00323486328125,-220.4325408935547,-5.017882823944092,218.80426993647873,-220.045982701207,-5.024632564360493,1.2597577905174309,1.2333502376264802,1.2333502376264802,0.00033762056316559555,1.4216352350513883,2.9582821174401572,0.40013229532046685,0.6453786221135218,nan
11.61,220.00323486328125,-220.42381286621094,-5.017882823944092,218.80421096299747,-220.03686052654447,-5.025010370667841,1.2599369938799998,1.2336519506717032,1.2336519506717032,0.00043881444675125653,1.402511756159365,2.88576320154395,nan,nan,nan
11.620000000000001,220.00323486328125,-220.4150848388672,-5.017882823944092,218.80415201660173,-220.02773838159467,-5.018208823155072,1.2600940669006047,1.233954110573105,1.233954110573105,0.00033762585784411435,1.2871024561798934,2.7702890697012337,nan,0.254367934603447,nan
11.63,220.00323486328125,-220.40635681152344,-5.017882823944092,218.80409300458018,-220.01861632737078,-5.01857771820144,1.2602715434453085,1.2342567182986854,1.2342567182986854,0.00043882343886784725,1.2879346927026658,2.768865644308307,nan,nan,nan
11.64,220.00323486328125,-220.39764404296875,-5.017882823944092,218.8040339067059,-220.00949439780493,-5.017138008838145,1.2604537421268387,1.2345597748164454,1.2345597748164454,0.00033763119252113247,1.2885334303294063,2.8210055733828296,nan,0.016154437697541848,nan
11.65,220.00323486328125,-220.388916015625,-5.017882823944092,218.81792984950002,-220.04266882811294,-5.017488602549535,1.2348421947623298,1.2343564948405341,1.2343564948405341,0.0004388098424851636,1.2356821235737416,2.4594298970124964,3.928064518905576,nan,nan
11.66,220.00323486328125,-220.38018798828125,-5.017882823944092,218.8179017968514,-220.03364053940254,-5.019654218636945,1.2349545540364983,1.2346582069753358,1.2346582069753358,0.0003376231208814478,1.2445423415297023,2.4686671809646974,nan,0.015991601016540898,nan
11.67,220.00323486328125,-220.3714599609375,-5.017882823944092,218.81787382538195,-220.02461211635847,-5.020023246136251,1.235066313549998,1.2349603658453336,1.2349603658453336,0.0004388187962263811,1.2456088771790386,2.4700703603545335,nan,nan,nan
11.68,220.00323486328125,-220.3627471923828,-5.017882823944092,218.81784591953846,-220.0155836267273,-5.016995705747292,1.235180260627977,1.2352629724185278,1.2352629724185278,0.00033762844030842245,1.2374278189508836,2.502337185626379,nan,0.056952688646487074,nan
11.69,220.00323486328125,-220.35401916503906,-5.017882823944092,218.81781792600339,-220.00655504363797,-5.017361599326576,1.2352914241268593,1.2355660276629183,1.2355660276629183,0.00043882781434424783,1.2356357544546503,2.4600137643577735,nan,nan,nan
11.700000000000001,220.00323486328125,-220.3452911376953,-5.017882823944092,218.8641366089526,-219.9887213975149,-5.011387178440878,1.1936201263540251,1.2353627520333275,1.2353627520333275,0.0003376204002689874,1.2782267493723682,2.63663228482936,4.437785948774357,0.19590929666651202,nan
11.71,220.00323486328125,-220.33656311035156,-5.017882823944092,218.8642111714608,-219.97967336460525,-5.011737964070833,1.193642752438949,1.2356644632653977,1.2356644632653977,0.00043881417244827825,1.2390680355218635,2.5980914086155633,nan,nan,nan
11.72,220.00323486328125,-220.32785034179688,-5.017882823944092,218.8642858343443,-219.97062533625987,-5.01001601607259,1.1936819014140454,1.2359666211143296,1.2359666211143296,0.00033762569597349957,1.336093382020403,2.7372808734742837,nan,0.02121702865455538,nan
11.73,220.00323486328125,-220.31912231445312,-5.017882823944092,218.8643604158723,-219.96157730758932,-5.010365705040689,1.193704295866802,1.2362692265481234,1.2362692265481234,0.0004388231662854977,1.2813287583260091,2.6402292144094552,nan,nan,nan
11.74,220.00323486328125,-220.31039428710938,-5.017882823944092,218.86443505479733,-219.95252919909126,-5.002302697116796,1.1938070050796277,1.2365722805347794,1.2365722805347794,0.0003376310316663391,1.8712759564517596,3.231574570516577,nan,0.34923771235139406,nan
11.75,220.00323486328125,-220.30166625976562,-5.017882823944092,218.8672286435473,-219.9867816567239,-5.002626098664255,1.1789381714802696,1.2363690092050024,1.2363690092050024,0.00043880957573116805,1.654439366466643,2.8082578690813946,3.7249107098569563,nan,nan
11.76,220.00323486328125,-220.29295349121094,-5.017882823944092,218.8673098435393,-219.97782914280538,-5.006550603701239,1.1788797329029952,1.2366707195419924,1.2366707195419924,0.0003376229634658899,1.5040483398323514,2.688076536985302,nan,0.06352122947723868,nan
11.77,220.00323486328125,-220.2842254638672,-5.017882823944092,218.86739106623864,-219.96887671478515,-5.006893463393343,1.1788582318807865,1.2369728763800991,1.2369728763800991,0.0004388185311491668,1.3985835203621364,2.553628756850319,nan,nan,nan
11.78,220.00323486328125,-220.27549743652344,-5.017882823944092,218.8674723072268,-219.95992423166228,-5.021901699380177,1.1787956492630383,1.237275480687323,1.237275480687323,0.0003376282838821104,1.1709045110489822,2.3262285611633295,nan,1.060907157150851,nan
11.790000000000001,220.00323486328125,-220.2667694091797,-5.017882823944092,218.86755357314092,-219.95097169295636,-5.022269077623008,1.1787787873761564,1.2375785334316642,1.2375785334316642,0.0004388275509274737,1.1665995127479267,2.3222177525553054,nan,nan,nan
11.8,220.00323486328125,-220.258056640625,-5.017882823944092,218.87993219142274,-219.92138233992728,-5.010970003570399,1.172691888110551,1.2373752663557014,1.2373752663557014,0.00033762024718443,1.2528921272827773,2.5977838308902217,1.144114474490659,0.673148650401313,nan
11.81,220.00323486328125,-220.24932861328125,-5.017882823944092,218.88004045490553,-219.91238453022842,-5.011323547236318,1.1726636424063521,1.2376769758052228,1.2376769758052228,0.00043881391466789977,1.209076969708014,2.5186661564208244,nan,nan,nan
11.82,220.00323486328125,-220.2406005859375,-5.017882823944092,218.8801487622268,-219.90338673890395,-5.004273730443094,1.172698075567088,1.2379791316426487,1.2379791316426487,0.00033762554385306066,1.6592685019822024,2.968658186616791,nan,0.27047568065894284,nan
11.83,220.00323486328125,-220.23187255859375,-5.017882823944092,218.8802570970509,-219.89438886451777,-5.004617915814553,1.1726680114177936,1.238281734835979,1.238281734835979,0.00043882291012197383,1.5113656687827868,2.8223492127375605,nan,nan,nan
11.84,220.00323486328125,-220.22315979003906,-5.017882823944092,218.88036536562055,-219.8853909060072,-5.016318985149754,1.1725724597604656,1.238584786353214,1.238584786353214,0.0003376308805004479,1.1173197784659856,2.4637833227068757,nan,0.636163632689196,nan
11.85,220.00323486328125,-220.2144317626953,-5.017882823944092,218.90470953531943,-219.880295795558,-5.01664556431824,1.148218738533648,1.2383815234855668,1.2383815234855668,0.00043880932504444987,1.0681077521477826,2.438307059046952,1.2501144422244224,nan,nan
11.86,220.00323486328125,-220.20570373535156,-5.017882823944092,218.90487152031668,-219.87130635972284,-5.023613114462597,1.1481535063854145,1.238683232055192,1.238683232055192,0.00033762281553179405,1.1614708177524127,2.532924040225578,nan,0.21566273873441769,nan
11.870000000000001,220.00323486328125,-220.1969757080078,-5.017882823944092,218.90503350426002,-219.8623167782813,-5.023980147538571,1.148076653171204,1.238985386901985,1.238985386901985,0.0004388182820381147,1.1485297352148638,2.518014563001455,nan,nan,nan
11.88,220.00323486328125,-220.18826293945312,-5.017882823944092,218.90519544425914,-219.85332720897182,-5.014516270072325,1.1479912207697587,1.239287988993946,1.239287988993946,0.00033762813687760357,1.0969795679062972,2.5009696477763117,nan,0.47688528160228155,nan
11.89,220.00323486328125,-220.17953491210938,-5.017882823944092,218.90535742811568,-219.8443375514531,-5.014870078304493,1.147911673376031,1.2395910392990757,1.2395910392990757,0.0004388273033766703,1.083689378672051,2.4537979300963633,nan,nan,nan
11.9,220.00323486328125,-220.17080688476562,-5.017882823944092,218.90549300872615,-219.82479966334716,-5.013357683222014,1.1509902924935291,1.2393877805947413,1.2393877805947413,0.0003376201033201219,1.1295318105792014,2.542733110312475,0.23272782543387646,0.01681019906642789,nan
11.91,220.00323486328125,-220.16207885742188,-5.017882823944092,218.90565512874412,-219.81578658505342,-5.013706442922679,1.1509200900701813,1.2396894882920018,1.2396894882920018,0.0004388136724135798,1.108241496273847,2.5211987884146203,nan,nan,nan
11.92,220.00323486328125,-220.1533660888672,-5.017882823944092,218.90581731589927,-219.8067738289387,-5.008250065747718,1.1508884646110085,1.2399916421581154,1.2399916421581154,0.0003376254008947299,1.3429445296135392,2.791423774887197,nan,0.16631089686200087,nan
11.93,220.00323486328125,-220.14463806152344,-5.017882823944092,218.9059794878338,-219.79776131413664,-5.008591937444678,1.1508167349312868,1.2402942431610824,1.2402942431610824,0.00043882266938700173,1.26443419442506,2.6770514647119543,nan,nan,nan
11.94,220.00323486328125,-220.1359100341797,-5.017882823944092,218.90614165480966,-219.7887488300092,-4.98485506368956,1.151184278342532,1.2405972922689026,1.2405972922689026,0.0003376307384390999,4.298182287122398,5.709265650124953,nan,2.860503229268738,nan
11.950000000000001,220.00323486328125,-220.12718200683594,-5.017882823944092,218.93345574519344,-219.76913833727505,-4.985090222766956,1.1285822900884617,1.2403940376833673,1.2403940376833673,0.0004388090894560153,3.476603367420397,5.030246666257484,1.9008645267716253,nan,nan
11.96,220.00323486328125,-220.11846923828125,-5.017882823944092,218.93367805914707,-219.7601022686076,-5.003436660577783,1.128090126656024,1.2406957445157547,1.2406957445157547,0.00033762267650735376,1.6436573057882182,3.2390376816101836,nan,1.6084094249539902,nan
11.97,220.00323486328125,-220.1097412109375,-5.017882823944092,218.93390043465405,-219.75106602069178,-5.003756026781596,1.1279732172101142,1.240997897411048,1.240997897411048,0.0004388180479302828,1.4798631760623704,3.0340058899683076,nan,nan,nan
11.98,220.00323486328125,-220.10101318359375,-5.017882823944092,218.93412268466534,-219.74202972091484,-4.9935959803773935,1.128033611073814,1.2413004973372477,1.2413004973372477,0.00033762799872667787,2.7716703883201443,4.323691595483945,nan,0.5418604055855707,nan
11.99,220.00323486328125,-220.09228515625,-5.017882823944092,218.93434471965426,-219.7329934953962,-4.993900786026783,1.1279147905957614,1.2416035452623537,1.2416035452623537,0.00043882707073503375,2.3347987874575753,3.885356818107099,nan,nan,nan
12.0,220.00323486328125,-220.0835723876953,-5.017882823944092,218.93210752208344,-219.73486804520257,-4.986349371489658,1.1268996664115554,1.2414002947515874,1.2414002947515874,0.0003376199681200502,3.96735988219195,5.459375218443005,0.29762150785838326,0.3013596652082405,nan
12.01,220.00323486328125,-220.07484436035156,-5.017882823944092,218.93232404032918,-219.72585608786085,-4.986636219426644,1.1267737817973082,1.2417020007265518,1.2417020007265518,0.0004388134447490388,3.2466747503089497,4.701774310691062,nan,nan,nan
12.02,220.00323486328125,-220.0661163330078,-5.017882823944092,218.93254074147893,-219.71684409694114,-5.014730194178702,1.1262268583298334,1.242004152660791,1.242004152660791,0.00033762526654600535,1.0506722866351283,2.507566663932093,nan,3.8144766855900962,nan
12.030000000000001,220.00323486328125,-220.05738830566406,-5.017882823944092,218.93275745006662,-219.70783219295828,-5.015062019460646,1.1261080432492274,1.2423067515223052,1.2423067515223052,0.00043882244315021087,1.038904010918508,2.494337265847097,nan,nan,nan
12.040000000000001,220.00323486328125,-220.04867553710938,-5.017882823944092,218.9329740900583,-219.69882024799952,-4.996465467942385,1.1261951647720794,1.2426097982790945,1.2426097982790945,0.0003376306049332788,2.378912423588757,3.871081626230913,nan,1.7676836411384793,nan
12.05,220.00323486328125,-220.03994750976562,-5.017882823944092,218.89261765343036,-219.71627110086766,-4.996741172435477,1.1570151139559774,1.2424065517995444,1.2424065517995444,0.0004388088680553941,2.09572999883983,3.2052513648224483,4.667048534479856,nan,nan
12.06,220.00323486328125,-220.03121948242188,-5.017882823944092,218.89274483619025,-219.70731724217677,-4.995884189434398,1.15697221290084,1.242708256924495,1.242708256924495,0.00033762254585530804,2.5101373885543583,3.6199606217807863,nan,0.006590852261118469,nan
12.07,220.00323486328125,-220.02249145507812,-5.017882823944092,218.8928718017785,-219.69836320541222,-4.996182176519776,1.156908020838239,1.2430104079073534,1.2430104079073534,0.00043881782792102594,2.149542729230123,3.259846932939407,nan,nan,nan
12.08,220.00323486328125,-220.01377868652344,-5.017882823944092,218.89299863717474,-219.68940908968142,-5.012268619354905,1.156664010163645,1.24331300571612,1.24331300571612,0.0003376278688954928,1.169383535884803,2.3095985399221277,nan,1.2296270580533153,nan
12.09,220.00323486328125,-220.0050506591797,-5.017882823944092,218.89312544108836,-219.680454828546,-5.012592851385244,1.156604239278017,1.243616051318795,1.243616051318795,0.0004388268521035664,1.1394274544863665,2.2507122249288605,nan,nan,nan
12.1,220.00323486328125,-219.99632263183594,-5.017882823944092,218.89306319873126,-219.65770145888848,-4.999444628131152,1.160812383894509,1.2434128088273804,1.2434128088273804,0.0003376198410618037,2.090377993192493,3.253312719191669,0.3855927951848034,0.8931994079383444,nan
12.11,220.00323486328125,-219.98760986328125,-5.017882823944092,218.8931895175915,-219.64871676410303,-4.999746665057434,1.1607661790460813,1.2437145131096843,1.2437145131096843,0.00043881323079458535,1.8326533175044752,3.029412123328535,nan,nan,nan
12.120000000000001,220.00323486328125,-219.9788818359375,-5.017882823944092,218.89331583593165,-219.63973218871695,-5.000347371481349,1.1607110848852917,1.2440166631507439,1.2440166631507439,0.0003376251402877853,1.993486877801378,3.157790517160632,nan,0.00043688885051260465,nan
12.13,220.00323486328125,-219.97015380859375,-5.017882823944092,218.89344211407794,-219.63074764991805,-5.000652009583874,1.160660754783562,1.2443192599185595,1.2443192599185595,0.00043882223053740065,1.7589741699655017,2.9233706377779987,nan,nan,nan
12.14,220.00323486328125,-219.96142578125,-5.017882823944092,218.89356827333006,-219.62176306566263,-4.9941009621359385,1.1607309241013382,1.2446223043811313,1.2446223043811313,0.0003376304794671266,2.757175606327773,3.921789674474287,nan,0.23193122162246113,nan
12.15,220.00323486328125,-219.9527130126953,-5.017882823944092,218.88123637723817,-219.6459900854855,-4.9944098709877185,1.1634047173187934,1.2444190658352385,1.2444190658352385,0.0004388086599872227,2.342847720366535,3.3757236156785106,2.4903368027579496,nan,nan
12.16,220.00323486328125,-219.94398498535156,-5.017882823944092,218.88133535774875,-219.6370787545092,-4.998185195532663,1.1632875532769045,1.244720769282221,1.244720769282221,0.00033762242307089753,2.2360728148745395,3.246274277042979,nan,0.05958595360181859,nan
12.17,220.00323486328125,-219.9352569580078,-5.017882823944092,218.88143443155383,-219.62816751030763,-4.998491518977065,1.1632352127669432,1.2450229183909731,1.2450229183909731,0.000438817621160336,1.9434180085402992,2.9541038526434575,nan,nan,nan
12.18,220.00323486328125,-219.92652893066406,-5.017882823944092,218.88153354401427,-219.61925628741264,-5.000947423036382,1.1631496613677426,1.2453255141294945,1.2453255141294945,0.000337627746882456,1.9356454405637642,2.9482950727837154,nan,0.022773532846962315,nan
12.19,220.00323486328125,-219.91781616210938,-5.017882823944092,218.88163261379955,-219.6103450917023,-5.001259216542455,1.163102063235518,1.2456285574657855,1.2456285574657855,0.0004388266466376044,1.7155559371830358,2.7521936514403196,nan,nan,nan
12.200000000000001,220.00323486328125,-219.90908813476562,-5.017882823944092,218.87016119292497,-219.5951260839282,-5.006694673276649,1.175820261152214,1.245425322823261,1.245425322823261,0.000337619721654549,1.4807613471646202,2.425624356158107,0.47831852180405,0.13294178940177329,nan
12.21,220.00323486328125,-219.90036010742188,-5.017882823944092,218.87023443287848,-219.5862008846097,-5.0070034146489295,1.1757994531881,1.2457270254422055,1.2457270254422055,0.00043881302972369657,1.3794333352993593,2.325986222299993,nan,nan,nan
12.22,220.00323486328125,-219.89163208007812,-5.017882823944092,218.87030761856838,-219.57727559236744,-5.012017883981811,1.1757459507475512,1.2460291736280507,1.2460291736280507,0.0003376250216323127,1.2112803406371329,2.15751220498582,nan,0.10920340977943141,nan
12.23,220.00323486328125,-219.88291931152344,-5.017882823944092,218.87038084875587,-219.56835024795035,-5.012335730887943,1.175730702254938,1.2463317683487964,1.2463317683487964,0.00043882203072727804,1.1792243848351067,2.1523658821294935,nan,nan,nan
12.24,220.00323486328125,-219.8741912841797,-5.017882823944092,218.87045422042638,-219.55942481300542,-5.027537131177427,1.1757393936797154,1.2466348105724434,1.2466348105724434,0.0003376303615559888,1.3848592474050658,2.3326110552960753,nan,1.0926942169389735,nan
12.25,220.00323486328125,-219.86546325683594,-5.017882823944092,218.85350955417405,-219.54674355969925,-5.027848122670326,1.193126078385366,1.2464315797915901,1.2464315797915901,0.0004388084644477842,1.3683315844657673,2.257249606395937,0.643681028510761,nan,nan
12.26,220.00323486328125,-219.8567352294922,-5.017882823944092,218.8535456122452,-219.53780973968847,-5.026286797142036,1.1931343045776066,1.246733281589737,1.246733281589737,0.0003376223076798466,1.350971662246513,2.2398970408902326,nan,0.017763589139165255,nan
12.27,220.00323486328125,-219.8480224609375,-5.017882823944092,218.85358177298858,-219.5288757758182,-5.0266208806005555,1.1931610068537557,1.247035428861987,1.247035428861987,0.0004388174268495657,1.3155514763206986,2.2314136775498525,nan,nan,nan
12.280000000000001,220.00323486328125,-219.83929443359375,-5.017882823944092,218.85361794917108,-219.51994169721627,-5.015058910074202,1.1931526280947955,1.2473380225763404,1.2473380225763404,0.0003376276322162894,1.1649338838339423,2.0547410834267694,nan,0.6982674451278592,nan
12.290000000000001,220.00323486328125,-219.83056640625,-5.017882823944092,218.85365411306836,-219.5110074660401,-5.0153764526275015,1.1931722840500805,1.2476410637007975,1.2476410637007975,0.0004388264535435263,1.155391655212614,2.0453690401071603,nan,nan,nan
12.3,220.00323486328125,-219.82183837890625,-5.017882823944092,218.8604701522972,-219.53252273355028,-5.014054285370855,1.1788254260176878,1.247437836740368,1.247437836740368,0.0003376196094370809,1.15738998938362,2.002662284737231,1.938667294717418,0.013685269911510034,nan
12.31,220.00323486328125,-219.81312561035156,-5.017882823944092,218.8605213042007,-219.5236555023544,-5.014375648689638,1.1788127594358346,1.247739537724915,1.247739537724915,0.0004388128407597576,1.1417145367639803,2.0047205542078546,nan,nan,nan
12.32,220.00323486328125,-219.8043975830078,-5.017882823944092,218.86057264825843,-219.51478826450426,-5.016147063708737,1.1787932422051597,1.2480416840927933,1.2480416840927933,0.0003376249101213274,1.122308383698196,1.9691425218927416,nan,0.01036059385972436,nan
12.33,220.00323486328125,-219.79566955566406,-5.017882823944092,218.860624118146,-219.50592091013337,-5.016472630297853,1.1787771549922013,1.2483442768120032,1.2483442768120032,0.0004388218429481277,1.1176170275393793,1.9660813018751235,nan,nan,nan
12.34,220.00323486328125,-219.7869415283203,-5.017882823944092,218.8606755977594,-219.49705346674142,-5.0140192875549845,1.178767021251105,1.248647316850545,1.248647316850545,0.0003376302507444739,1.1569964372946822,2.006036612212387,nan,0.03812486352100088,nan
12.35,220.00323486328125,-219.77822875976562,-5.017882823944092,218.86454288857578,-219.46296950746668,-5.014273252724887,1.181533257434216,1.248444093669737,1.248444093669737,0.0004388082806819127,1.1478898891625882,2.044691889543476,1.4956751329296194,nan,nan
12.36,220.00323486328125,-219.76950073242188,-5.017882823944092,218.86460258653833,-219.454046520144,-5.000592274667317,1.1816487569404546,1.2487457938478383,1.2487457938478383,0.00033762219923652863,2.0034134991434307,2.876371374395637,nan,0.965483750590403,nan
12.370000000000001,220.00323486328125,-219.76077270507812,-5.017882823944092,218.8646622519777,-219.44512340606119,-5.0008799454361945,1.1816391873402017,1.2490479393204805,1.2490479393204805,0.00043881724423832833,1.776448473315118,2.650798561311574,nan,nan,nan
12.38,220.00323486328125,-219.75204467773438,-5.017882823944092,218.86472199849894,-219.43620026462185,-4.998369499945662,1.1816725461745723,1.2493505310556634,1.2493505310556634,0.00033762752445416094,2.24513666215001,3.1202826051414703,nan,0.038652722180888034,nan
12.39,220.00323486328125,-219.7433319091797,-5.017882823944092,218.86478178931938,-219.42727718669389,-4.998654689679017,1.1816664970989588,1.249653570021387,1.249653570021387,0.0004388262720756271,1.9596052019316805,2.860022546852944,nan,nan,nan
12.4,220.00323486328125,-219.73460388183594,-5.017882823944092,218.89818296305805,-219.41857887530242,-4.999073491598865,1.1495065454031552,1.249450350579838,1.249450350579838,0.00033761950397608254,2.105172643654499,3.117762153338745,2.195869730213773,7.65149401102621e-05,nan
12.41,220.00323486328125,-219.7258758544922,-5.017882823944092,218.89831645282217,-219.40965604844666,-4.999362447518088,1.1494271024514104,1.2497520499586052,1.2497520499586052,0.0004388126631730922,1.8385460119378085,2.8522704869716726,nan,nan,nan
12.42,220.00323486328125,-219.71714782714844,-5.017882823944092,218.89844996457518,-219.4007330242778,-4.980932796417392,1.1497970709733412,1.2500541945450596,1.2500541945450596,0.00033762480532423283,5.100339973073513,6.115712309570689,nan,1.7288301169825244,nan
12.43,220.00323486328125,-219.70843505859375,-5.017882823944092,218.89858366688892,-219.39180995207616,-4.981194950128011,1.1497181062562318,1.2503567853072013,1.2503567853072013,0.0004388216664748461,4.1234085782067265,5.165317059996886,nan,nan,nan
12.44,220.00323486328125,-219.69970703125,-5.017882823944092,218.89871756353088,-219.3828868390359,-4.9941164353585945,1.1493034154951518,1.2506598232130308,1.2506598232130308,0.000337630146604695,2.728668042617117,3.7476320391980797,nan,0.7904809005702643,nan
12.450000000000001,220.00323486328125,-219.69097900390625,-5.017882823944092,218.8916401698298,-219.3679905349068,-4.994393791633999,1.1578065677197127,1.250456607470813,1.250456607470813,0.0004388081079800671,2.3289283411429675,3.338231255478064,0.1748281167971285,nan,nan
12.46,220.00323486328125,-219.6822509765625,-5.017882823944092,218.89175807722492,-219.3590543776225,-5.004834018152787,1.1575866960366596,1.250758306057314,1.250758306057314,0.00033762209732223576,1.5755447026550873,2.5845280295687596,nan,0.5089928660769126,nan
12.47,220.00323486328125,-219.6735382080078,-5.017882823944092,218.89187573095097,-219.35011833936,-5.005133463925821,1.1575327548846972,1.2510604497665434,1.2510604497665434,0.00043881707262148915,1.4412861445158558,2.475964310198976,nan,nan,nan
12.48,220.00323486328125,-219.66481018066406,-5.017882823944092,218.89199320266547,-219.34118229142237,-5.021072379309925,1.1574122913839173,1.2513630395665014,1.2513630395665014,0.0003376274231799961,1.100638742901995,2.109085556683812,nan,1.2065544571686817,nan
12.49,220.00323486328125,-219.6560821533203,-5.017882823944092,218.89211066569146,-219.33224619261014,-5.021397736254764,1.1573586594168557,1.2516660764251883,1.2516660764251883,0.0004388261015332495,1.0983007808444967,2.1071592880769763,nan,nan,nan
12.5,220.00323486328125,-219.64735412597656,-5.017882823944092,218.89895358338717,-219.36012542966157,-5.01123587126172,1.141044105673083,1.2514628643428036,1.2514628643428036,0.00033761940486438187,1.1711957549069918,2.051879541688705,2.9560488143615467,0.5343748801704343,nan
12.51,220.00323486328125,-219.63864135742188,-5.017882823944092,218.89908595734136,-219.35127033364697,-5.0115320197019715,1.1409501498786994,1.251764562144062,1.251764562144062,0.00043881249627806385,1.1318268583664441,2.0292400328866265,nan,nan,nan
12.52,220.00323486328125,-219.62991333007812,-5.017882823944092,218.89921835165075,-219.34241497343436,-5.01889096614015,1.140836876760364,1.2520667049849434,1.2520667049849434,0.00033762470683643077,1.0424978562586833,1.9243858211934692,nan,0.24604187726449972,nan
12.530000000000001,220.00323486328125,-219.62118530273438,-5.017882823944092,218.89935082400598,-219.33355961035812,-5.019199654229783,1.1407410946939756,1.252369293833448,1.252369293833448,0.00043882150062612903,1.0430129240867414,1.925308264807487,nan,nan,nan
12.540000000000001,220.00323486328125,-219.61245727539062,-5.017882823944092,218.89948319650057,-219.3247042738527,-5.017274779632201,1.1406445114640709,1.252672329657576,1.252672329657576,0.0003376300487346073,1.039730203458246,1.9234482477588284,nan,0.024635263700210328,nan
12.55,220.00323486328125,-219.60374450683594,-5.017882823944092,218.89027083608346,-219.33070560776102,-5.017605099734622,1.145966510581834,1.2524691211959513,1.2524691211959513,0.000438807945675481,1.0486959675828125,1.9069771204319905,0.6311354287722981,nan,nan
12.56,220.00323486328125,-219.5950164794922,-5.017882823944092,218.89038281585408,-219.32188309697818,-5.015784220121181,1.1458821615874761,1.2527708182189474,1.2527708182189474,0.0003376220015435142,1.0611545039916184,1.9092539245813356,nan,0.022481719403463624,nan
12.57,220.00323486328125,-219.58628845214844,-5.017882823944092,218.89049482275934,-219.31306065653416,-5.016095852678898,1.1457953653874013,1.253072960200273,1.253072960200273,0.00043881691133656537,1.0549764200030403,1.9047070823859074,nan,nan,nan
12.58,220.00323486328125,-219.5775604248047,-5.017882823944092,218.89060688022064,-219.30423824858127,-5.013760517397124,1.145715075451258,1.2533755481079285,1.2533755481079285,0.0003376273280028448,1.0976205534599293,1.94817333026841,nan,0.03459311956421714,nan
12.59,220.00323486328125,-219.56884765625,-5.017882823944092,218.8907189594425,-219.29541576083645,-5.014069992694527,1.1456313435856,1.253678582909914,1.253678582909914,0.0004388259412580414,1.0800130533107635,1.9422565118272543,nan,nan,nan
12.6,220.00323486328125,-219.56011962890625,-5.017882823944092,218.86195258621285,-219.3041496755541,-5.019776873861443,1.1696364565088677,1.2534753780303958,1.2534753780303958,0.00033761931171939503,1.1020279053752138,1.911338010724906,2.4808089031412552,0.1390309343011148,nan
12.61,220.00323486328125,-219.5513916015625,-5.017882823944092,218.8620012054591,-219.2953662725772,-5.02011297885946,1.1696017289740452,1.2537770742820655,1.2537770742820655,0.0004388123394304347,1.1024079408472431,1.912480805591723,nan,nan,nan
12.620000000000001,220.00323486328125,-219.54266357421875,-5.017882823944092,218.86204987710084,-219.28658289407457,-5.022023062856504,1.169571557881317,1.2540792154125442,1.2540792154125442,0.0003376246142777578,1.1415159986656342,1.9514364881191515,nan,0.012209420756412431,nan
12.63,220.00323486328125,-219.53395080566406,-5.017882823944092,218.86209838293954,-219.27779947378573,-5.022363282341063,1.1695409552885117,1.2543818023898317,1.2543818023898317,0.00043882134476174,1.1361687893519827,1.9524592961143918,nan,nan,nan
12.64,220.00323486328125,-219.5252227783203,-5.017882823944092,218.86214683790132,-219.2690160558852,-5.038371599738543,1.1696766887563257,1.2546848361819283,1.2546848361819283,0.0003376299567564122,2.3334367527579296,3.144605958810235,nan,1.2109328567641833,nan
12.65,220.00323486328125,-219.51649475097656,-5.017882823944092,218.8410863623491,-219.2339387202187,-5.038677218861514,1.1961853767691928,1.2544816348462784,1.2544816348462784,0.0004388077931417172,2.125666379206822,2.8679725524918576,2.4069601110029413,nan,nan
12.66,220.00323486328125,-219.5077667236328,-5.017882823944092,218.84108814323986,-219.22509723826838,-5.029572294505379,1.196086819834231,1.2547833303335136,1.2547833303335136,0.0003376219115306918,1.5447512216547674,2.2878564014837126,nan,0.44134810096027816,nan
12.67,220.00323486328125,-219.49905395507812,-5.017882823944092,218.84108982414597,-219.2162557738552,-5.029912023832879,1.1961189760804318,1.2550854706217702,1.2550854706217702,0.00043881675976102603,1.4695617116987658,2.227238718230845,nan,nan,nan
12.68,220.00323486328125,-219.49032592773438,-5.017882823944092,218.84109146809664,-219.2074144610335,-5.014931806737497,1.1960873201671438,1.2553880566790487,1.2553880566790487,0.0003376272385553472,1.1653740806640265,1.9096293832207318,nan,1.1580305337836574,nan
12.69,220.00323486328125,-219.48159790039062,-5.017882823944092,218.8410931671784,-219.19857322505754,-5.0152499435830205,1.1961117091338922,1.2556910894733488,1.2556910894733488,0.0004388257906313819,1.1551505357391594,1.9010428811833107,nan,nan,nan
12.700000000000001,220.00323486328125,-219.47286987304688,-5.017882823944092,218.86452769825087,-219.20274753609857,-5.020045826366672,1.1703096868732754,1.2554878916437398,1.2554878916437398,0.000337619224181634,1.1047642081559885,1.9229518354686004,1.4614945124499998,0.09718273553605779,nan
12.71,220.00323486328125,-219.4641571044922,-5.017882823944092,218.86458103457628,-219.19393489925224,-5.020380009458784,1.170281512186163,1.255789586373388,1.255789586373388,0.0004388121920248553,1.104801753727596,1.9335633887276982,nan,nan,nan
12.72,220.00323486328125,-219.45542907714844,-5.017882823944092,218.86463442818098,-219.18512230973832,-5.014376452940007,1.1702516797492137,1.2560917258279656,1.2560917258279656,0.00033762452729096926,1.126683187962884,1.9472330947743304,nan,0.19823088337008699,nan
12.73,220.00323486328125,-219.4467010498047,-5.017882823944092,218.86468782765965,-219.17630960304268,-5.014703067616104,1.170218354690733,1.256394310975473,1.256394310975473,0.00043882119828016257,1.1129860849378326,1.935012008562866,nan,nan,nan
12.74,220.00323486328125,-219.43798828125,-5.017882823944092,218.86474119956614,-219.16749675721087,-5.021583843994147,1.1701910888593692,1.2566973427839103,1.2566973427839103,0.00033762987031514313,1.130198416331307,1.9640159060328441,nan,0.21184813255994556,nan
12.75,220.00323486328125,-219.42926025390625,-5.017882823944092,218.8599879220438,-219.19365713907425,-5.021933104089217,1.167278373455342,1.2564941484229195,1.2564941484229195,0.0004388076497901059,1.1217690708309542,1.9299407442474854,2.464481704810168,nan,nan
12.76,220.00323486328125,-219.4205322265625,-5.017882823944092,218.8600306163239,-219.1849211493448,-5.025216620225479,1.1672541773482232,1.2567958424017833,1.2567958424017833,0.00033762182693639005,1.2433533807844601,2.0525374896485995,nan,0.04268429921527025,nan
12.77,220.00323486328125,-219.41180419921875,-5.017882823944092,218.86007329157798,-219.176185071113,-5.025564229635205,1.1672162424083237,1.2570979810311431,1.2570979810311431,0.0004388166173099107,1.2181756769158405,2.0275926148089347,nan,nan,nan
12.780000000000001,220.00323486328125,-219.40309143066406,-5.017882823944092,218.8601160611886,-219.1674488871071,-5.023006630826023,1.1671650514938807,1.2574005652789988,1.2574005652789988,0.0003376271544923199,1.1611428253726592,1.97077823848715,nan,0.041664663597265235,nan
12.790000000000001,220.00323486328125,-219.3943634033203,-5.017882823944092,218.86015888367436,-219.1587127294677,-5.0233517379104935,1.1671263188967216,1.2577035961133505,1.2577035961133505,0.0004388256490719893,1.1512054088031354,1.9633444278576602,nan,nan,nan
12.8,220.00323486328125,-219.38563537597656,-5.017882823944092,218.85103908554603,-219.17163176986352,-5.019628752558673,1.1719025991638428,1.2575004051839567,1.2575004051839567,0.00033761914191327816,1.1011577091077942,1.8855801811269792,1.1251788747424893,0.08033982260939937,nan
12.81,220.00323486328125,-219.3769073486328,-5.017882823944092,218.85106191742875,-219.16294331345824,-5.019963848771271,1.1718734727635662,1.2578020984187945,1.2578020984187945,0.0004388120534924793,1.101680810451297,1.888764164370056,nan,nan,nan
12.82,220.00323486328125,-219.36819458007812,-5.017882823944092,218.85108484769404,-219.15425493427603,-5.005119098206287,1.1719141364273438,1.2581042362313162,1.2581042362313162,0.00033762444554040824,1.57402561002564,2.355954494862274,nan,1.137013534773442,nan
12.83,220.00323486328125,-219.35946655273438,-5.017882823944092,218.85110774172972,-219.1455666422568,-5.005433186863774,1.1718809962536134,1.258406819589522,1.258406819589522,0.0004388210606161394,1.4443856184262027,2.2346803941918036,nan,nan,nan
12.84,220.00323486328125,-219.35073852539062,-5.017882823944092,218.8511305146408,-219.1368783466214,-5.000352130995061,1.171916350007422,1.258709849461412,1.258709849461412,0.0003376297890772381,2.0011066074974195,2.792780526014259,nan,0.14365351714597208,nan
12.85,220.00323486328125,-219.34201049804688,-5.017882823944092,218.86108974230422,-219.0978401081817,-5.000538622156709,1.1680819654434313,1.2585066619269911,1.2585066619269911,0.0004388075150674989,1.7694581314164253,2.461522798473133,2.6651359286870786,nan,nan
12.86,220.00323486328125,-219.3332977294922,-5.017882823944092,218.86113441377626,-219.08908508758074,-5.003692934000794,1.168004539462703,1.258808354424516,1.258808354424516,0.0003376217474341918,1.6799771548363593,2.3754327104177984,nan,0.040741485257294416,nan
12.870000000000001,220.00323486328125,-219.32456970214844,-5.017882823944092,218.86117912363008,-219.08033008705706,-5.003979005432839,1.16796302091263,1.2591104914284996,1.2591104914284996,0.0004388164834335729,1.5238001140927444,2.218871668863949,nan,nan,nan
12.88,220.00323486328125,-219.3158416748047,-5.017882823944092,218.8612238713914,-219.07157516257556,-5.006049299931017,1.1679020793219004,1.2594130739069413,1.2594130739069413,0.0003376270754893865,1.4976835606331371,2.1947851177038995,nan,0.015685934767707885,nan
12.89,220.00323486328125,-219.30711364746094,-5.017882823944092,218.8612686563822,-219.06282032721117,-5.006340305978291,1.1678609821973809,1.2597161028278416,1.2597161028278416,0.00043882551603363406,1.3862031573014906,2.0848155641074713,nan,nan,nan
12.9,220.00323486328125,-219.29840087890625,-5.017882823944092,218.83330638708247,-219.04252256586776,-5.019849902437975,1.197585161857819,1.2595129186521614,1.2595129186521614,0.0003376190645969214,1.1501600373035352,1.7980275898765135,1.8141184859899064,0.8632547949001201,nan
12.91,220.00323486328125,-219.2896728515625,-5.017882823944092,218.83328939331844,-219.0337422301484,-5.020161558295595,1.1976134928657751,1.2598146104190426,1.2598146104190426,0.00043881192329881343,1.1503127082808209,1.7943526838974813,nan,nan,nan
12.92,220.00323486328125,-219.28094482421875,-5.017882823944092,218.8332723334709,-219.02496183062104,-5.010411285008639,1.1976624892120376,1.2601167466227077,1.2601167466227077,0.00033762436871065437,1.3036025081504672,1.9487265003332803,nan,0.499591376466505,nan
12.93,220.00323486328125,-219.272216796875,-5.017882823944092,218.8332551014847,-219.01618136083064,-5.010709545412991,1.197688708909302,1.2604193282311569,1.2604193282311569,0.00043882093123851846,1.2552988499591247,1.901726591375121,nan,nan,nan
12.94,220.00323486328125,-219.2635040283203,-5.017882823944092,218.83323771050857,-219.0074007340806,-5.01939765602552,1.197699682530162,1.2607223562123904,1.2607223562123904,0.0003376297127292597,1.144622197379506,1.7977900598068661,nan,0.34717379105082113,nan
12.950000000000001,220.00323486328125,-219.25477600097656,-5.017882823944092,218.8136212191078,-219.0408214486154,-5.019627725810954,1.2087018729042438,1.2605191753596057,1.2605191753596057,0.00043880738845413663,1.1659507955639308,1.7338424250009794,4.579154489847536,nan,nan
12.96,220.00323486328125,-219.2460479736328,-5.017882823944092,218.81356055672137,-219.03213350739944,-5.017326746868519,1.2087533510912618,1.2608208664024667,1.2608208664024667,0.0003376216727173785,1.159751680061654,1.7285151250538981,nan,0.03324432847562652,nan
12.97,220.00323486328125,-219.23731994628906,-5.017882823944092,218.81349978302407,-219.0234454983366,-5.017618511203786,1.2088059854843343,1.2611230018139548,1.2611230018139548,0.0004388163576154605,1.158818461112577,1.728387837363762,nan,nan,nan
12.98,220.00323486328125,-219.22860717773438,-5.017882823944092,218.81343888842775,-219.01475746445888,-5.041638668744333,1.2090949101736244,1.26142558256207,1.26142558256207,0.0003376270012417548,2.8299778281915895,3.3940068032976827,nan,2.777478175184533,nan
12.99,220.00323486328125,-219.21987915039062,-5.017882823944092,218.81337806701865,-219.0060695599917,-5.0419690690494665,1.209154201813046,1.2617286096148124,1.2617286096148124,0.000438825391003054,2.4803563492241905,3.0526056642576473,nan,nan,nan
13.0,220.00323486328125,-219.21115112304688,-5.017882823944092,218.8093234108144,-218.9337827442062,-5.017416480767135,1.225707139323335,1.261525432049462,1.261525432049462,0.0003376189919342835,1.1915498034501415,1.7421196636467342,8.101199868110836,3.041714198667853,nan
13.01,220.00323486328125,-219.20242309570312,-5.017882823944092,218.80925392354544,-218.9249549235355,-5.017700432213468,1.2257973340993993,1.2618271223748818,1.2618271223748818,0.00043881180094158524,1.1908721129043147,1.7424616584895996,nan,nan,nan
13.02,220.00323486328125,-219.19371032714844,-5.017882823944092,218.8091844274478,-218.91612704888468,-5.010349934621581,1.225914215639596,1.2621292570022558,1.2621292570022558,0.0003376242965053124,1.35876307685339,1.9245035376151516,nan,0.2876321124279226,nan
13.030000000000001,220.00323486328125,-219.1849822998047,-5.017882823944092,218.80911493530624,-218.90729924489452,-5.010624298551437,1.2260028415799706,1.262431836899584,1.262431836899584,0.0004388208096482037,1.3106464244268683,1.865302845773214,nan,nan,nan
13.040000000000001,220.00323486328125,-219.17625427246094,-5.017882823944092,218.80904558959426,-218.89847140351026,-5.009607170946534,1.2260994372823362,1.2627348630348665,1.2627348630348665,0.0003376296409766834,1.3933175158405284,1.9494526378608517,nan,0.00824090910014632,nan
13.05,220.00323486328125,-219.1675262451172,-5.017882823944092,218.84349252439063,-218.9031581323717,-5.009891171444373,1.1895195072640836,1.262531688721868,1.262531688721868,0.0004388072694615453,1.2662247292160165,1.8615742398127137,2.716149602238242,nan,nan
13.06,220.00323486328125,-219.1588134765625,-5.017882823944092,218.84349928377338,-218.8943599700553,-5.0241105344995045,1.189521355781042,1.2628333783363803,1.2628333783363803,0.0003376216024977062,1.235309935617693,1.8395369083003277,nan,0.9589917107874586,nan
13.07,220.00323486328125,-219.15008544921875,-5.017882823944092,218.84350597780943,-218.8855617567675,-5.0244102658227785,1.1895320420918654,1.2631355121876253,1.2631355121876253,0.00043881623937025693,1.2172801939505757,1.8141818177025009,nan,nan,nan
13.08,220.00323486328125,-219.141357421875,-5.017882823944092,218.84351266074873,-218.87676339785952,-5.0207194825804375,1.1895266416620542,1.2634380912436036,1.2634380912436036,0.0003376269314630196,1.143765571682157,1.742187628230599,nan,0.07859993059655436,nan
13.09,220.00323486328125,-219.13262939453125,-5.017882823944092,218.84351945160202,-218.8679650310159,-5.021015137496463,1.1895364108716897,1.2637411164723151,1.2637411164723151,0.0004388252734979478,1.1420394166953407,1.7421882480841056,nan,nan,nan
13.1,220.00323486328125,-219.12391662597656,-5.017882823944092,218.8451972335977,-218.84637892255316,-5.034979362960596,1.1909536599847081,1.2635379453769608,1.2635379453769608,0.0003376189236450816,1.988051934257919,2.6002847613010167,0.36419004912416925,0.9263629107939806,nan
13.11,220.00323486328125,-219.1151885986328,-5.017882823944092,218.8452078044083,-218.83755260400514,-5.035291461699031,1.190970812095468,1.2638396342870544,1.2638396342870544,0.00043881168594882215,1.8127030381439573,2.4138540799455064,nan,nan,nan
13.120000000000001,220.00323486328125,-219.10646057128906,-5.017882823944092,218.8452184116244,-218.82872630654293,-5.046918816334159,1.1912101044635666,1.2641417673700792,1.2641417673700792,0.00033762422864587217,3.618941031414667,4.220638170441443,nan,0.6315617408103036,nan
13.13,220.00323486328125,-219.0977325439453,-5.017882823944092,218.8452289965176,-218.8198998716214,-5.047250083238689,1.1912308832414376,1.2644443455940355,1.2644443455940355,0.000438820695376138,3.0869237730169603,3.688419342612117,nan,nan,nan
13.14,220.00323486328125,-219.08901977539062,-5.017882823944092,218.84523966984347,-218.8110734742416,-5.0320189834168625,1.1909688683387483,1.2647473699269236,1.2647473699269236,0.00033762957354272285,1.7132008396080463,2.326526620718012,nan,1.1949103547351467,nan
13.15,220.00323486328125,-219.08029174804688,-5.017882823944092,218.83914335815984,-218.8159420710101,-5.0322848139740755,1.1938162343351184,1.264544202014877,1.264544202014877,0.00043880715763078965,1.5995646118278986,2.1428051513187074,0.52639034118762,nan,nan
13.16,220.00323486328125,-219.07156372070312,-5.017882823944092,218.8391405295373,-218.80714604063635,-5.029061215338405,1.1937995157566537,1.2648458902269952,1.2648458902269952,0.00033762153650434483,1.496753030736769,2.040341787299539,nan,0.0612550550212808,nan
13.17,220.00323486328125,-219.06283569335938,-5.017882823944092,218.83913767678482,-218.798349941614,-5.029356536983303,1.1938201784926157,1.265148022549632,1.265148022549632,0.00043881612824187515,1.4264125287859635,1.9699665368241126,nan,nan,nan
13.18,220.00323486328125,-219.0541229248047,-5.017882823944092,218.83913489935227,-218.7895538385864,-5.0293093853236295,1.193840899662426,1.2654505999507877,1.2654505999507877,0.0003376268658840398,1.5128980520001853,2.065422803017739,nan,0.0005814668598738564,nan
13.19,220.00323486328125,-219.04539489746094,-5.017882823944092,218.83913204954806,-218.78075765881394,-5.029606094214357,1.1938616603635774,1.2657536233984623,1.2657536233984623,0.00043882516306509154,1.4391330820900128,1.9854123544719378,nan,nan,nan
13.200000000000001,220.00323486328125,-219.0366668701172,-5.017882823944092,218.83218746587255,-218.78431488524902,-5.003742081648001,1.1980123087169339,1.2655504586357527,1.2655504586357527,0.00033761885946593866,1.7261876864433499,2.2428495692824746,0.4111609983670036,3.371028497666168,nan
13.21,220.00323486328125,-219.02793884277344,-5.017882823944092,218.83216965236872,-218.77554594856917,-5.003996382601999,1.1980353644644892,1.2658521461562944,1.2658521461562944,0.0004388115778770169,1.573143780062959,2.091378719991159,nan,nan,nan
13.22,220.00323486328125,-219.01922607421875,-5.017882823944092,218.8321518441234,-218.7667771212002,-4.98769413037266,1.198364414049253,1.2661542777263,1.2661542777263,0.0003376241648705921,3.8328088510811895,4.356469685945525,nan,1.352542408014871,nan
13.23,220.00323486328125,-219.010498046875,-5.017882823944092,218.8321340093572,-218.75800832898216,-4.987924794843608,1.1983846424294888,1.2664568543137698,1.2664568543137698,0.00043882058798162777,3.1784800760096266,3.6992063788088974,nan,nan,nan
13.24,220.00323486328125,-219.00177001953125,-5.017882823944092,218.83211611588533,-218.74923960585008,-4.9922822724269285,1.1983096922641332,1.2667598768867039,1.2667598768867039,0.0003376295101673131,3.0741870757382093,3.59672239798675,nan,0.08398101150131133,nan
13.25,220.00323486328125,-218.9930419921875,-5.017882823944092,218.83785557546577,-218.71869266933848,-4.992527059763471,1.1975054697972036,1.2665567152397232,1.2665567152397232,0.0004388070525305696,2.596853518912093,3.156636856670411,1.003113142883808,nan,nan
13.26,220.00323486328125,-218.9843292236328,-5.017882823944092,218.83785059575695,-218.70987597611696,-4.990506561988415,1.1975786136132434,1.2668584020750417,1.2668584020750417,0.0003376214744827804,3.3513183111159606,3.923481710344722,nan,0.025238033492019536,nan
13.27,220.00323486328125,-218.97560119628906,-5.017882823944092,218.83784567631278,-218.70105933030035,-4.990745282757468,1.1975982796519231,1.2671605329000981,1.2671605329000981,0.00043881602380173144,2.8095307268078926,3.3724282045806895,nan,nan,nan
13.280000000000001,220.00323486328125,-218.9668731689453,-5.017882823944092,218.8378407202199,-218.69224277392968,-5.012726445732174,1.1973270024451979,1.2674631086828927,1.2674631086828927,0.00033762680425190975,1.2098013289059053,1.773544926241292,nan,2.3320265285239,nan
13.290000000000001,220.00323486328125,-218.95814514160156,-5.017882823944092,218.8378357063152,-218.68342619856585,-5.013000503953859,1.1973510470068285,1.2677661303914256,1.2677661303914256,0.0004388250592785961,1.1851483635623827,1.7507689349315343,nan,nan,nan
13.3,220.00323486328125,-218.94943237304688,-5.017882823944092,218.83846267268345,-218.65489833411823,-5.018686515916446,1.2014346432488157,1.2675629718269246,1.2675629718269246,0.000337618799149332,1.1406688634136835,1.7292395460722174,0.8398588722555909,0.1471170056610354,nan
13.31,220.00323486328125,-218.94070434570312,-5.017882823944092,218.8384589507918,-218.64603877541887,-5.018961460352654,1.2014707187789058,1.2678646579833281,1.2678646579833281,0.0004388114763093767,1.1412040772993304,1.7136905296444063,nan,nan,nan
13.32,220.00323486328125,-218.93197631835938,-5.017882823944092,218.83845505079324,-218.6371793435623,-5.005098118500884,1.2015742659621036,1.268166788071043,1.268166788071043,0.0003376241049335423,1.6224640950779836,2.196690376478215,nan,0.98632134851805,nan
13.33,220.00323486328125,-218.9232635498047,-5.017882823944092,218.83845126531176,-218.62832002465765,-5.005353341022865,1.2016112104450343,1.2684693630580695,1.2684693630580695,0.0004388204870505115,1.495903040014122,2.08721383312844,nan,nan,nan
13.34,220.00323486328125,-218.91453552246094,-5.017882823944092,218.83844753456316,-218.6194607946751,-5.020015805706372,1.201583607466129,1.2687723839124077,1.2687723839124077,0.00033762945060605365,1.1514244373245237,1.727881536066502,nan,1.0238761648920336,nan
13.35,220.00323486328125,-218.9058074951172,-5.017882823944092,218.8445447129044,-218.63119825786436,-5.020234375830701,1.1907890776964654,1.2685692283974912,1.2685692283974912,0.000438806953755589,1.1303754131446104,1.6404133506985104,1.075218750675777,nan,nan
13.36,220.00323486328125,-218.89707946777344,-5.017882823944092,218.84455438670219,-218.62238408529262,-5.003687945656661,1.190881813838537,1.268870913881243,1.268870913881243,0.00033762141619384287,1.7143336343637468,2.2257015229617387,nan,1.3945975570350364,nan
13.370000000000001,220.00323486328125,-218.88836669921875,-5.017882823944092,218.8445640686333,-218.61356968813462,-5.003929529655123,1.1908929851554213,1.2691730432391506,1.2691730432391506,0.00043881592564709826,1.5609689847548327,2.0847901994228994,nan,nan,nan
13.38,220.00323486328125,-218.879638671875,-5.017882823944092,218.84457372380095,-218.6047552607602,-5.005076016311654,1.1908906499631444,1.2694756174392139,1.2694756174392139,0.0003376267463289502,1.6028270938989193,2.1185222925402973,nan,0.004029171743941513,nan
13.39,220.00323486328125,-218.87091064453125,-5.017882823944092,218.8445834212456,-218.5959408649607,-5.005321207058073,1.1908985422894551,1.2697786374494333,1.2697786374494333,0.00043882496173822713,1.476377806609281,1.9932177768342694,nan,nan,nan
13.4,220.00323486328125,-218.8621826171875,-5.017882823944092,218.85601418945416,-218.56753201823474,-4.9985527211234455,1.1846129759522996,1.2695754849515566,1.2695754849515566,0.00033761874246269357,2.2117722627203267,2.7997985760694295,1.019499687808771,0.24359311405698245,nan
13.41,220.00323486328125,-218.8534698486328,-5.017882823944092,218.8560490876776,-218.55867483423248,-4.998791204975254,1.1846112417909445,1.2698771697688749,1.2698771697688749,0.0004388113808542678,1.9354135086053843,2.539692848596633,nan,nan,nan
13.42,220.00323486328125,-218.84474182128906,-5.017882823944092,218.85608387593734,-218.5498178025195,-4.977484550339858,1.185144541868835,1.2701792984044364,1.2701792984044364,0.00033762404860360423,5.938357379189114,6.528317792355756,nan,2.2903184779365566,nan
13.43,220.00323486328125,-218.8360137939453,-5.017882823944092,218.8561185839543,-218.54096073866532,-4.977691815436776,1.1851360178864712,1.2704818718262414,1.2704818718262414,0.0004388203921935972,4.78529591794028,5.3768422826430236,nan,nan,nan
13.44,220.00323486328125,-218.82728576660156,-5.017882823944092,218.85615320630023,-218.53210357610197,-4.983488777783634,1.1849522369200096,1.2707848910022899,1.2707848910022899,0.0003376293946292778,4.607681066940383,5.200130248113248,nan,0.1540956333648197,nan
13.450000000000001,220.00323486328125,-218.81857299804688,-5.017882823944092,218.87273356975484,-218.52830586612913,-4.9837229941610355,1.1676707911511022,1.2705817414892553,1.2705817414892553,0.0004388068609250022,3.731419501029235,4.393695337739475,0.6029931456737656,nan,nan
13.46,220.00323486328125,-218.80984497070312,-5.017882823944092,218.87280417245617,-218.51945954848097,-4.98692682896342,1.1675425104995754,1.2708834256463128,1.2708834256463128,0.00033762136141278704,3.9101592956507636,4.558653503018072,nan,0.0438512632067773,nan
13.47,220.00323486328125,-218.80111694335938,-5.017882823944092,218.8728747414446,-218.51061315076365,-4.98715491091966,1.1674976073593877,1.2711855535669172,1.2711855535669172,0.0004388158333994609,3.22323500096842,3.874020190397102,nan,nan,nan
13.48,220.00323486328125,-218.79238891601562,-5.017882823944092,218.87294540520946,-218.50176670635355,-4.980819744245699,1.1676425821516654,1.2714881262190687,1.2714881262190687,0.00033762669189182513,5.139809596917842,5.7923025800571155,nan,0.21258221906366342,nan
13.49,220.00323486328125,-218.78367614746094,-5.017882823944092,218.87301619448516,-218.49292018587343,-4.981039614244952,1.1676003985074757,1.2717911445707673,1.2717911445707673,0.00043882487006789223,4.16418977853766,4.832561251743839,nan,nan,nan
13.5,220.00323486328125,-218.7749481201172,-5.017882823944092,218.85892541617943,-218.47762834742022,-5.008761458905981,1.182339357910073,1.2715879980107199,1.2715879980107199,0.0003376186891874534,1.3457191436789857,1.9819539845159522,0.4797263089392124,3.7292512562983346,nan
13.51,220.00323486328125,-218.76622009277344,-5.017882823944092,218.85896479058627,-218.4687675527795,-5.0090272559208495,1.1823326240526542,1.2718896815136447,1.2718896815136447,0.00043881129114364223,1.277732405043922,1.9161775144557227,nan,nan,nan
13.52,220.00323486328125,-218.7574920654297,-5.017882823944092,218.8590041803571,-218.4599067772315,-5.006569752683952,1.1823488677536844,1.2721918087266093,1.2721918087266093,0.0003376239956635889,1.4778273525664625,2.1171442542291197,nan,0.03661782505905676,nan
13.530000000000001,220.00323486328125,-218.748779296875,-5.017882823944092,218.85904356503696,-218.4510460559158,-5.006833473605047,1.1823455069872517,1.2724943806176139,1.2724943806176139,0.00043882030304516863,1.3767062093785043,2.0345437364037653,nan,nan,nan
13.540000000000001,220.00323486328125,-218.74005126953125,-5.017882823944092,218.85908279548565,-218.4421854353043,-4.991966414358594,1.182573325306497,1.2727973981546585,1.2727973981546585,0.00033762934202116854,3.087559375281457,3.729691096992048,nan,1.129609400564965,nan
13.55,220.00323486328125,-218.7313232421875,-5.017882823944092,218.8716858061583,-218.44330437986898,-4.992271312358042,1.1679101349217,1.2725942545160824,1.2725942545160824,0.0004388067736808534,2.566170153332375,3.284103347087078,0.6803122482253201,nan,nan
13.56,220.00323486328125,-218.72259521484375,-5.017882823944092,218.87175254993863,-218.43446560487166,-5.01055801879051,1.1676148981236765,1.2728959373709576,1.2728959373709576,0.000337621309928388,1.2299135406754265,1.9488986921241747,nan,1.603585883679518,nan
13.57,220.00323486328125,-218.71388244628906,-5.017882823944092,218.87181913472457,-218.42562681867258,-5.010844698804912,1.1675797158581838,1.273198063883529,1.273198063883529,0.00043881574670319776,1.1835678861477552,1.916190051403249,nan,nan,nan
13.58,220.00323486328125,-218.7051544189453,-5.017882823944092,218.8718855479382,-218.41678793637402,-5.0022826052933755,1.167625739875438,1.2735006350217966,1.2735006350217966,0.00033762664073066324,1.7911782612668068,2.510776592285917,nan,0.38636423255015206,nan
13.59,220.00323486328125,-218.69642639160156,-5.017882823944092,218.87195161290373,-218.40794889895218,-5.002557450302571,1.1675855101136077,1.2738036517537605,1.2738036517537605,0.0004388247839141704,1.605258505582675,2.3260939401395095,nan,nan,nan
13.6,220.00323486328125,-218.6876983642578,-5.017882823944092,218.8965007617943,-218.42560712232137,-5.01127330885449,1.1373635637665005,1.2736005110054751,1.2736005110054751,0.00033761863911822187,1.1450591669876944,1.9054838399488934,2.600004388377319,0.35414403556891394,nan
13.61,220.00323486328125,-218.67898559570312,-5.017882823944092,218.8966203199847,-218.41682648444305,-5.011557241091424,1.1372612540883247,1.2739021932183385,1.2739021932183385,0.00043881120683164106,1.106430243844165,1.8727457707428274,nan,nan,nan
13.620000000000001,220.00323486328125,-218.67025756835938,-5.017882823944092,218.89673996468755,-218.40804592843912,-5.018283557978443,1.1371394221076438,1.2742043190376926,1.2742043190376926,0.0003376239459094064,1.0152939753200987,1.7771887762926348,nan,0.20471051707152702,nan
13.63,220.00323486328125,-218.66152954101562,-5.017882823944092,218.896859597585,-218.39926533237622,-5.018579223683396,1.137035280301489,1.2745068894315372,1.2745068894315372,0.0004388202192614887,1.0154965077052305,1.7782343329931856,nan,nan,nan
13.64,220.00323486328125,-218.65280151367188,-5.017882823944092,218.8969791913529,-218.3904847964843,-5.0091976903231705,1.1369639850653739,1.2748099053678725,1.2748099053678725,0.00033762929257889155,1.2373795408356156,2.0010453328951883,nan,0.4620932164782417,nan
13.65,220.00323486328125,-218.6440887451172,-5.017882823944092,218.89685100749656,-218.37566501889026,-5.009501180398829,1.1385107751317312,1.2746067674790293,1.2746067674790293,0.00043880669168683994,1.1769890149592748,1.9758920437212786,0.09133564783743327,nan,nan
13.66,220.00323486328125,-218.63536071777344,-5.017882823944092,218.89697014647183,-218.36687100351395,-5.0273016298429845,1.1384186682522073,1.2749084490558742,1.2749084490558742,0.00033762126154218187,1.2792332985285761,2.072390408486183,nan,1.5129882906682381,nan
13.67,220.00323486328125,-218.6266326904297,-5.017882823944092,218.89708926159267,-218.35807698936338,-5.027618065605952,1.138321146092096,1.275210574189117,1.275210574189117,0.00043881566522408145,1.2320309144876123,2.0250801475906233,nan,nan,nan
13.68,220.00323486328125,-218.61790466308594,-5.017882823944092,218.89720825639736,-218.34928298291524,-5.017468747182313,1.1381795261084153,1.2755131438467582,1.2755131438467582,0.0003376265926482329,1.016140227409281,1.809651068162286,nan,0.5404633160939256,nan
13.69,220.00323486328125,-218.60919189453125,-5.017882823944092,218.8973270593718,-218.3404890303338,-5.01777090911104,1.1380831746848104,1.2758161589967976,1.2758161589967976,0.00043882470294493104,1.0152479298624333,1.8165956720928986,nan,nan,nan
13.700000000000001,220.00323486328125,-218.6004638671875,-5.017882823944092,218.91589157939927,-218.36989129683897,-5.033076342899784,1.1116249233525792,1.2756130239368757,1.2756130239368757,0.00033761859206199083,1.6522766196355436,2.6022598637806786,3.803418613032473,1.0967287593553152,nan
13.71,220.00323486328125,-218.59173583984375,-5.017882823944092,218.91605098315057,-218.36118096087225,-5.033421103754483,1.1114700983710866,1.2759147048836506,1.2759147048836506,0.00043881112759325166,1.5182401948597102,2.4695571462460397,nan,nan,nan
13.72,220.00323486328125,-218.5830078125,-5.017882823944092,218.9162103544464,-218.35247058124318,-5.02995596552748,1.11126750089746,1.2762168293378195,1.2762168293378195,0.00033762389914923955,1.3992486475370765,2.350038395627611,nan,0.07164961196236551,nan
13.73,220.00323486328125,-218.5742950439453,-5.017882823944092,218.91636970938725,-218.34376021001168,-5.030296987237179,1.1111148832843945,1.2765193982673828,1.2765193982673828,0.0004388201405196132,1.3182168926022062,2.267635234660233,nan,nan,nan
13.74,220.00323486328125,-218.56556701660156,-5.017882823944092,218.9165291973009,-218.33504990771317,-5.01738623044216,1.110885947597317,1.2768224126403407,1.2768224126403407,0.00033762924611186623,0.9672448756329285,1.9224940576142826,nan,0.8665178741790953,nan
13.75,220.00323486328125,-218.5568389892578,-5.017882823944092,218.91343199849953,-218.3031391012057,-5.017750094158451,1.118943222376048,1.2766192803791445,1.2766192803791445,0.00043880661462688636,0.9807819685977883,1.962478610990237,1.1568740877589665,nan,nan
13.76,220.00323486328125,-218.54811096191406,-5.017882823944092,218.91358407386878,-218.2943779358448,-5.019591746338293,1.1188039201760236,1.2769209607017526,1.2769209607017526,0.00033762121606764904,0.9889136972237937,1.9718364055932627,nan,0.011216550757681345,nan
13.77,220.00323486328125,-218.53939819335938,-5.017882823944092,218.91373614994734,-218.28561682243713,-5.019929026733421,1.1186673399761309,1.2772230844838164,1.2772230844838164,0.0004388155886480264,0.9893330553699936,1.97642130051758,nan,nan,nan
13.780000000000001,220.00323486328125,-218.53067016601562,-5.017882823944092,218.9138883607188,-218.27685571882787,-5.031889003330276,1.1186124213986102,1.2775256526933356,1.2775256526933356,0.0003376265474591949,1.5603487273096133,2.5440716261587077,nan,0.6663484479432106,nan
13.790000000000001,220.00323486328125,-218.52194213867188,-5.017882823944092,218.91404066843722,-218.26809462158087,-5.032245863999652,1.118476129801093,1.2778286662983107,1.2778286662983107,0.00043882462684806465,1.4489467700024798,2.433034651819816,nan,nan,nan
13.8,220.00323486328125,-218.51321411132812,-5.017882823944092,218.92357774251352,-218.26658337468837,-5.009018504923814,1.1075038577050818,1.2776255368059648,1.2776255368059648,0.00033761854783735673,1.192709633829973,2.2044821789179716,0.30475021992207807,2.7373560008786866,nan
13.81,220.00323486328125,-218.50450134277344,-5.017882823944092,218.9237506683548,-218.25783819190994,-5.009335151782878,1.1073400109222375,1.2779272165102653,1.2779272165102653,0.0004388110531230199,1.125968380131737,2.138724434453813,nan,nan,nan
13.82,220.00323486328125,-218.4957733154297,-5.017882823944092,218.9239236544994,-218.24909299212524,-4.995329358318793,1.1073719005462697,1.2782293396271243,1.2782293396271243,0.00033762385520286003,2.4655389064501962,3.477648379790243,nan,1.0121455025828903,nan
13.83,220.00323486328125,-218.48704528808594,-5.017882823944092,218.92409664051783,-218.2403477452677,-4.995625620333452,1.107201140070812,1.278531907124542,1.278531907124542,0.0004388200665160188,2.0873402762551305,3.1002840576909483,nan,nan,nan
13.84,220.00323486328125,-218.4783172607422,-5.017882823944092,218.9242695481697,-218.2316025804989,-5.001309964456238,1.1069367390835574,1.2788349199705187,1.2788349199705187,0.00033762920244097993,1.7714249712823327,2.785203172065149,nan,0.14317110219674598,nan
13.85,220.00323486328125,-218.4696044921875,-5.017882823944092,218.94250542969942,-218.26453177293703,-5.001605135120304,1.080493736493205,1.2786317932174658,1.2786317932174658,0.00043880654220396307,1.5166789338961548,2.6529018626613805,4.07817548631377,nan,nan
13.86,220.00323486328125,-218.46087646484375,-5.017882823944092,218.94271797173536,-218.25587815198242,-5.005473651629194,1.0802195948452733,1.2789334723092731,1.2789334723092731,0.0003376211733295085,1.368356095930427,2.514738912217317,nan,0.06265772329575511,nan
13.870000000000001,220.00323486328125,-218.4521484375,-5.017882823944092,218.94293039303966,-218.24722454592168,-5.005784744660727,1.0799933955706615,1.279235594767761,1.279235594767761,0.00043881551667988963,1.2452112168549807,2.3925974737841953,nan,nan,nan
13.88,220.00323486328125,-218.44342041015625,-5.017882823944092,218.94314292822574,-218.23857093715895,-5.0070862389573785,1.0797568168825706,1.2795381615609296,1.2795381615609296,0.00033762650498935615,1.2563293973024448,2.4049367565764963,nan,0.0048292852780097775,nan
13.89,220.00323486328125,-218.43470764160156,-5.017882823944092,218.94335558597334,-218.2299172143587,-5.007400826604956,1.0795337298228715,1.2798411736567792,1.2798411736567792,0.00043882455533024564,1.1608690558224464,2.298021050888352,nan,nan,nan
13.9,220.00323486328125,-218.4259796142578,-5.017882823944092,218.9360586095482,-218.20663665575833,-5.010332219167734,1.0895106707175821,1.2796380496137758,1.2796380496137758,0.00033761850627387827,1.0964517425644102,2.1578358399678104,0.5724614662929746,0.034711374324809204,nan
13.91,220.00323486328125,-218.41725158691406,-5.017882823944092,218.9362546275985,-218.19795078612188,-5.010645694897446,1.0893080558788573,1.27993972809886,1.27993972809886,0.0004388109831339277,1.0463867567743057,2.1091164622965417,nan,nan,nan
13.92,220.00323486328125,-218.4085235595703,-5.017882823944092,218.93645058607657,-218.18926500454015,-5.002439684832154,1.0891930492757693,1.2802418499057435,1.2802418499057435,0.000337623813900884,1.6328474374876492,2.694639530797283,nan,0.3581607971633044,nan
13.93,220.00323486328125,-218.39981079101562,-5.017882823944092,218.9366465368501,-218.18057935304722,-5.002741752266,1.0889914294999963,1.2805444160024266,1.2805444160024266,0.0004388199969654718,1.4483417324676862,2.5039630389086565,nan,nan,nan
13.94,220.00323486328125,-218.39108276367188,-5.017882823944092,218.9368427147074,-218.1718937570589,-5.01534438919027,1.088688421363481,1.2808474273569093,1.2808474273569093,0.0003376291613979126,0.9444380154963206,2.0101019834996805,nan,0.7463050216599687,nan
13.950000000000001,220.00323486328125,-218.38235473632812,-5.017882823944092,218.9329335445034,-218.18118385213202,-5.015662687476929,1.08904525462983,1.2806443059950225,1.2806443059950225,0.00043880647413895463,0.9373405220022962,2.0107684588199,0.6722090415605786,nan,nan
13.96,220.00323486328125,-218.37364196777344,-5.017882823944092,218.93312098559707,-218.1725375221372,-5.017828093459952,1.0888465053727074,1.280945983879109,1.280945983879109,0.0003376211331630465,0.9255644569988755,1.9877012612585614,nan,0.016746086066707525,nan
13.97,220.00323486328125,-218.3649139404297,-5.017882823944092,218.93330859486943,-218.16389130209006,-5.018155022405938,1.0886470479704,1.2812481050410887,1.2812481050410887,0.0004388154490422456,0.9251671469739765,2.001242810722081,nan,nan,nan
13.98,220.00323486328125,-218.35618591308594,-5.017882823944092,218.93349618680796,-218.15524513929284,-4.98887213932985,1.0888340784238826,1.2815506704489614,1.2815506704489614,0.0003376264650750342,3.417195334374474,4.493216976897903,nan,4.3256551760046085,nan
13.99,220.00323486328125,-218.3474578857422,-5.017882823944092,218.9336836382169,-218.14659892137547,-4.989155504282464,1.0886273033035923,1.2818536810707277,1.2818536810707277,0.0004388244881158361,2.8044967075723863,3.882462140202616,nan,nan,nan
14.0,220.00323486328125,-218.3387451171875,-5.017882823944092,218.94385118731898,-218.11838367753165,-4.992646416706713,1.0823538299617053,1.2816505623613323,1.2816505623613323,0.0003376184672113615,2.7999294277985447,3.913121704066103,0.9571026641085222,0.05033259229802771,nan
14.01,220.00323486328125,-218.33001708984375,-5.017882823944092,218.94406056329592,-218.1096943463108,-4.992939132688938,1.0821342323393786,1.2819522396501026,1.2819522396501026,0.00043881091735622715,2.33087136670573,3.4531238275716785,nan,nan,nan
14.02,220.00323486328125,-218.3212890625,-5.017882823944092,218.94427002922828,-218.10100508760604,-4.987995820004111,1.0820465712530258,1.2822543601738137,1.2822543601738137,0.0003376237750841299,3.5580481259597367,4.681794625260846,nan,0.1353162774158846,nan
14.030000000000001,220.00323486328125,-218.31256103515625,-5.017882823944092,218.94447958159296,-218.09231593791816,-4.988282524441739,1.0818256916393232,1.2825569249004654,1.2825569249004654,0.0004388199315999379,2.908495515633815,4.032941474854673,nan,nan,nan
14.040000000000001,220.00323486328125,-218.30384826660156,-5.017882823944092,218.94468936284582,-218.08362690276672,-5.007186992752775,1.0812633473794633,1.2828599347980578,1.2828599347980578,0.00033762912282449026,1.2500934388470368,2.3698206766657877,nan,1.7098394633099838,nan
14.05,220.00323486328125,-218.2951202392578,-5.017882823944092,218.92761298979963,-218.03090326727627,-5.007470109470443,1.1076468063502554,1.2826568187128322,1.2826568187128322,0.0004388064101694948,1.2035210964961265,2.202597332122981,4.470160247634141,nan,nan
14.06,220.00323486328125,-218.28639221191406,-5.017882823944092,218.92778493207896,-218.02211735075758,-5.010403345758096,1.107469954155061,1.2829584954119235,1.2829584954119235,0.0003376210954134462,1.1216382623587455,2.1205034421188307,nan,0.03393548522357977,nan
14.07,220.00323486328125,-218.2776641845703,-5.017882823944092,218.9279567657282,-218.0133313653631,-5.010718812005486,1.1073148375482056,1.2832606153039359,1.2832606153039359,0.00043881538547446014,1.0724109267248791,2.071612101259873,nan,nan,nan
14.08,220.00323486328125,-218.26895141601562,-5.017882823944092,218.9281285377738,-218.00454537285188,-5.013781124648967,1.1071499404980085,1.2835631793568694,1.2835631793568694,0.00033762642756241055,1.0047999095351274,2.0109329409968306,nan,0.037198324193859815,nan
14.09,220.00323486328125,-218.26022338867188,-5.017882823944092,218.92830035849187,-217.99575942317577,-5.014102833413836,1.1069957845272624,1.2838661885387244,1.2838661885387244,0.00043882442494580623,0.9870410742175214,1.988663897791962,nan,nan,nan
14.1,220.00323486328125,-218.25149536132812,-5.017882823944092,218.91944495073295,-217.9934165546236,-5.021263517553226,1.1140990414234997,1.2836630750496478,1.2836630750496478,0.0003376184304992701,1.000776564431834,1.9508936311947478,0.24771367266393546,0.23156521433680635,nan
14.11,220.00323486328125,-218.24276733398438,-5.017882823944092,218.9195970355477,-217.98464473920856,-5.021595204347567,1.1139622962188418,1.2839647511646533,1.2839647511646533,0.000438810855536427,0.9978652450734465,1.9480654556797434,nan,nan,nan
14.120000000000001,220.00323486328125,-218.2340545654297,-5.017882823944092,218.9197490297178,-217.97587282918116,-5.0178993329785735,1.1138219609693263,1.2842668704314728,1.2842668704314728,0.0003376237386030151,0.965998910162789,1.9217618182620078,nan,0.08006878599948923,nan
14.13,220.00323486328125,-218.22532653808594,-5.017882823944092,218.91990096092653,-217.9671008454429,-5.018226840816095,1.1136844125153675,1.2845694338181066,1.2845694338181066,0.00043881987016746745,0.9658016623063879,1.9173454126723208,nan,nan,nan
14.14,220.00323486328125,-218.2165985107422,-5.017882823944092,218.92005275911941,-217.95832875845173,-5.02180862712383,1.113553836891258,1.2848724422925548,1.2848724422925548,0.00033762908657204266,1.0107135416392306,1.963276699515534,nan,0.05221308138132441,nan
14.15,220.00323486328125,-218.20787048339844,-5.017882823944092,218.93766457895208,-217.95710932014765,-5.022212522001296,1.0946871416644577,1.2846693313719042,1.2846693313719042,0.00043880635004910177,0.9755067973254277,2.08996985882292,0.9272897569311989,nan,nan
14.16,220.00323486328125,-218.19915771484375,-5.017882823944092,218.9378544769535,-217.948353827314,-5.022241550827269,1.0945122000562308,1.284971006908373,1.284971006908373,0.00033762105993524803,0.9885401398578028,2.1050942245871958,nan,0.0005134424325188462,nan
14.17,220.00323486328125,-218.1904296875,-5.017882823944092,218.93804424093724,-217.93959826502586,-5.022593752381452,1.0943352581712558,1.2852731255564416,1.2852731255564416,0.00043881532573156114,0.9823199672599867,2.0976167764838,nan,nan,nan
14.18,220.00323486328125,-218.18170166015625,-5.017882823944092,218.9382339140252,-217.9308427250149,-5.026739564705386,1.0941826488815463,1.28557568828411,1.28557568828411,0.00033762639230692403,1.1635559807566878,2.2786314711368725,nan,0.07096110579154691,nan
14.19,220.00323486328125,-218.1729736328125,-5.017882823944092,218.93842360443935,-217.9220873921655,-5.0270996611142,1.0940072544502946,1.2858786960593789,1.2858786960593789,0.0004388243655767207,1.124285325928266,2.240519435847832,nan,nan,nan
14.200000000000001,220.00323486328125,-218.1642608642578,-5.017882823944092,218.9330719285345,-217.91371415056452,-5.028227312092099,1.0991493852444836,1.285675587679725,1.285675587679725,0.00033761839599613907,1.2565520717568501,2.4420601580007375,0.37619975358723706,0.0021668286569461424,nan
14.21,220.00323486328125,-218.15553283691406,-5.017882823944092,218.9332492851833,-217.90495940274508,-5.028609995614654,1.09898646736931,1.285977262643163,1.285977262643163,0.0004388107974363087,1.2013325720152441,2.3845342450537275,nan,nan,nan
14.22,220.00323486328125,-218.1468048095703,-5.017882823944092,218.93342656215188,-217.8962044615407,-5.0200725453342505,1.0987698259770533,1.2862793806788595,1.2862793806788595,0.00033762370431694033,0.9527929121375209,2.1357349137791544,nan,0.392641927032286,nan
14.23,220.00323486328125,-218.13807678222656,-5.017882823944092,218.93360379268793,-217.88744935826062,-5.020443487685358,1.0986042462239092,1.2865819427548149,1.2865819427548149,0.0004388198124313647,0.9530285234946952,2.136897917780713,nan,nan,nan
14.24,220.00323486328125,-218.12936401367188,-5.017882823944092,218.93378102569497,-217.87869420695705,-5.014197201601871,1.0984445577900233,1.2868849498390296,1.2868849498390296,0.0003376290525008852,0.9778201523860247,2.1648196413883016,nan,0.21609451250381403,nan
14.25,220.00323486328125,-218.12063598632812,-5.017882823944092,218.94654143475458,-217.86952897900122,-5.0145639774729505,1.0861246455918518,1.2866818439732346,1.2866818439732346,0.00043880629354610135,0.941921668569104,2.208354750299339,0.3135625514746569,nan,nan
14.26,220.00323486328125,-218.11190795898438,-5.017882823944092,218.9467465264137,-217.8607726807941,-5.019180744946398,1.0859273541484196,1.2869835183691032,1.2869835183691032,0.00033762102659173806,0.9212690521630259,2.1884863134366883,nan,0.08919553549168448,nan
14.27,220.00323486328125,-218.10317993164062,-5.017882823944092,218.94695163422614,-217.85201632598134,-5.019553202644847,1.0857348695495923,1.2872856357987439,1.2872856357987439,0.00043881526958333293,0.9220972149587987,2.1900279768497812,nan,nan,nan
14.280000000000001,220.00323486328125,-218.09446716308594,-5.017882823944092,218.94715676226232,-217.8432600924672,-5.0086067286985765,1.0855837110622053,1.2875881972301566,1.2875881972301566,0.0003376263591727279,1.1700595865555377,2.440852367454866,nan,0.6321877421532889,nan
14.290000000000001,220.00323486328125,-218.0857391357422,-5.017882823944092,218.9473619678988,-217.83450397943832,-5.008963913735329,1.085387590644783,1.2878912036313415,1.2878912036313415,0.00043882430977981376,1.0959360979795763,2.365869603262686,nan,nan,nan
14.3,220.00323486328125,-218.07701110839844,-5.017882823944092,218.95478711483577,-217.81612937005292,-5.0033288076133315,1.0805155167853617,1.2876881002525555,1.2876881002525555,0.0003376183635689984,1.5339028428338635,2.7945841780347793,0.43612948260657014,0.1730066291126318,nan
14.31,220.00323486328125,-218.0682830810547,-5.017882823944092,218.95500797438817,-217.80735228014765,-5.003665503337104,1.0803085789096094,1.2879897740862736,1.2879897740862736,0.0004388107428319757,1.3665942964060305,2.6283116668108146,nan,nan,nan
14.32,220.00323486328125,-218.0595703125,-5.017882823944092,218.95522891449363,-217.7985752120736,-5.002350406916519,1.080127847580808,1.288291890916112,1.288291890916112,0.0003376236720938053,1.6199826647413027,2.889048751576322,nan,0.013480030141887863,nan
14.33,220.00323486328125,-218.05084228515625,-5.017882823944092,218.95544995640464,-217.78979813646848,-5.002686984879559,1.079920447147583,1.2885944517100714,1.2885944517100714,0.0004388197581691518,1.431074721757737,2.6968352531463147,nan,nan,nan
14.34,220.00323486328125,-218.0421142578125,-5.017882823944092,218.95567089762727,-217.78102112133575,-5.018259890019835,1.079611055070658,1.2888974574361516,1.2888974574361516,0.00033762902047973107,0.9047288040108802,2.1706288182224878,nan,1.1450862946086742,nan
14.35,220.00323486328125,-218.03338623046875,-5.017882823944092,218.94702442231835,-217.73669670037015,-5.0185599291035174,1.0970896186458838,1.2886943565178097,1.2886943565178097,0.000438806240442774,0.9350173795128291,2.1403373656300473,2.8223361523972144,nan,nan
14.36,220.00323486328125,-218.02467346191406,-5.017882823944092,218.94722554425462,-217.72784153333237,-4.999926179748275,1.0970812717239267,1.2889960297947525,1.2889960297947525,0.00033762099525443703,1.888528543018484,3.1106876762021876,nan,1.77786096776717,nan
14.370000000000001,220.00323486328125,-218.0159454345703,-5.017882823944092,218.9474265832375,-217.71898634629227,-5.000247330124603,1.0969169681257207,1.2892981460309818,1.2892981460309818,0.00043881521681344324,1.6417513216400013,2.8487040548831053,nan,nan,nan
14.38,220.00323486328125,-218.00721740722656,-5.017882823944092,218.94762766215882,-217.71013112214868,-5.008715343656214,1.0966543970356977,1.289600706194498,1.289600706194498,0.0003376263280321362,1.1814332034492525,2.3898279977963734,nan,0.3273558902260593,nan
14.39,220.00323486328125,-217.9984893798828,-5.017882823944092,218.94782888404112,-217.7012758218089,-5.009051255461703,1.0964924426190261,1.2899037112533012,1.2899037112533012,0.00043882425734007605,1.1097612090400337,2.320065687520855,nan,nan,nan
14.4,220.00323486328125,-217.98977661132812,-5.017882823944092,218.91117596976824,-217.69625187906266,-5.01253994258581,1.1308306423747052,1.28970061276912,1.28970061276912,0.00033761833309291873,1.0760609383255046,2.022133102043411,3.1493283660606557,0.05289280885546153,nan
14.41,220.00323486328125,-217.98104858398438,-5.017882823944092,218.91129617613944,-217.68740501249835,-5.012859793893975,1.1307439473120893,1.2900022854946194,1.2900022854946194,0.000438810691513048,1.0486256386978245,1.9808826374710224,nan,nan,nan
14.42,220.00323486328125,-217.97232055664062,-5.017882823944092,218.9114163631976,-217.67855810049582,-5.017125511187944,1.1306478635224033,1.2903044011433709,1.2903044011433709,0.00033762364180945097,0.9924447764423879,1.9254859497105832,nan,0.07677576742468524,nan
14.43,220.00323486328125,-217.96359252929688,-5.017882823944092,218.91153645919553,-217.66971114668988,-5.017453223519722,1.130562628553956,1.2906069606833748,1.2906069606833748,0.00043881970717175146,0.9907853500610957,1.9225595619668199,nan,nan,nan
14.44,220.00323486328125,-217.9548797607422,-5.017882823944092,218.91165650809953,-217.66086422081628,-4.999873092903263,1.1306249571061682,1.2909099650826312,1.2909099650826312,0.0003376289903852007,1.9506614729532923,2.8977111438956937,nan,1.5822208101694546,nan
14.450000000000001,220.00323486328125,-217.94615173339844,-5.017882823944092,218.88939167781209,-217.67139624834368,-5.000166577097442,1.1473670222671124,1.2907068690066061,1.2907068690066061,0.0004388061905345303,1.7349737887269616,2.5564948932033795,1.7336912847268613,nan,nan
14.46,220.00323486328125,-217.9374237060547,-5.017882823944092,218.8894628172709,-217.6625919635383,-4.995824786585075,1.1473914825293157,1.291008541185951,1.291008541185951,0.00033762096580260977,2.4605079694008065,3.28294874925531,nan,0.1063414532862745,nan
14.47,220.00323486328125,-217.92869567871094,-5.017882823944092,218.88953397207493,-217.65378747787864,-4.996119421625609,1.147335103463274,1.2913106562532959,1.2913106562532959,0.0004388151672185237,2.0984194033776977,2.922126820913517,nan,nan,nan
14.48,220.00323486328125,-217.91998291015625,-5.017882823944092,218.88960501031067,-217.6449827959325,-5.0299689139346695,1.1471454074447607,1.2916132151766408,1.2916132151766408,0.00033762629876516836,1.4513720037241356,2.283945410074092,nan,5.554459253762257,nan
14.49,220.00323486328125,-217.9112548828125,-5.017882823944092,218.88967589739843,-217.6361781589478,-5.03031695537405,1.1470986802078338,1.2919162189239861,1.2919162189239861,0.00043882420805546255,1.3707172715408416,2.194771384256401,nan,nan,nan
14.5,220.00323486328125,-217.90252685546875,-5.017882823944092,218.89557941194587,-217.62820142677992,-5.046071439871606,1.141468193935421,1.291713125230389,1.291713125230389,0.00033761830445047333,3.3616234274450054,4.200502925083282,0.07345348374883812,1.1728996523167132,nan
14.51,220.00323486328125,-217.893798828125,-5.017882823944092,218.89566326706924,-217.6193986882382,-5.046442572861696,1.1414140076080015,1.2920147968688258,1.2920147968688258,0.00043881064328179354,2.866531872376292,3.705258308887257,nan,nan,nan
14.52,220.00323486328125,-217.8850860595703,-5.017882823944092,218.89574712601024,-217.61059593146405,-5.042713108305473,1.1412670422188373,1.2923169113607753,1.2923169113607753,0.0003376236133471935,2.833520548287881,3.682223962516815,nan,0.08299979256776822,nan
14.530000000000001,220.00323486328125,-217.87635803222656,-5.017882823944092,218.89583098465866,-217.60179329037615,-5.043080111502718,1.1412116592271806,1.2926194696742377,1.2926194696742377,0.0004388196592426934,2.453890792930665,3.294471202105834,nan,nan,nan
14.540000000000001,220.00323486328125,-217.8676300048828,-5.017882823944092,218.89591479976337,-217.59299077457015,-5.0489498467356775,1.1412929465308603,1.292922472777213,1.292922472777213,0.0003376289621013507,3.8653402550325775,4.707090837629069,nan,0.1493211949188169,nan
14.55,220.00323486328125,-217.85890197753906,-5.017882823944092,218.95645891396626,-217.58396340916542,-5.049365475279868,1.082738316389874,1.2927193814405882,1.2927193814405882,0.00043880614362903615,3.1648575296846078,4.331701473432335,7.2805891303567964,nan,nan
14.56,220.00323486328125,-217.85018920898438,-5.017882823944092,218.95667505212953,-217.57516034014972,-5.053736977567352,1.0826882456840663,1.2930210525433201,1.2930210525433201,0.0003376209381227663,4.71316034160523,5.888493781588464,nan,0.07831169702720624,nan
14.57,220.00323486328125,-217.84146118164062,-5.017882823944092,218.9568909065241,-217.5663572594619,-5.054131547258717,1.0825118076872156,1.293323166465826,1.293323166465826,0.0004388151206075315,3.899405539171705,5.064324353205332,nan,nan,nan
14.58,220.00323486328125,-217.83273315429688,-5.017882823944092,218.9571065076202,-217.55755421434463,-5.046925627779707,1.082105110405613,1.293625724176106,1.293625724176106,0.00033762627125907255,3.402796680238668,4.567120136918805,nan,0.2850677220134829,nan
14.59,220.00323486328125,-217.8240203857422,-5.017882823944092,218.95732203750296,-217.54875111162983,-5.047310557624596,1.0819301289396834,1.2939287266421604,1.2939287266421604,0.0004388241617360982,2.8774325772432467,4.050992062439317,nan,nan,nan
14.6,220.00323486328125,-217.81529235839844,-5.017882823944092,218.92767698781577,-217.500440690227,-5.043015605768839,1.1209763481663624,1.2937256376373218,1.2937256376373218,0.0003376182775313146,2.841725577868277,3.9362297797571006,4.8418673951488,0.10822875725302161,nan
14.61,220.00323486328125,-217.8065643310547,-5.017882823944092,218.92782706310626,-217.49155089027656,-5.04339611118366,1.12088640475913,1.29402730820951,1.29402730820951,0.0004388105979523953,2.4538000415412573,3.548792225727782,nan,nan,nan
14.620000000000001,220.00323486328125,-217.79783630371094,-5.017882823944092,218.92797710747175,-217.4826608643341,-5.027040580695088,1.1205349898702786,1.2943294215684653,1.2943294215684653,0.0003376235865973856,1.2184082647322967,2.313922550809424,nan,1.3820473969937248,nan
14.63,220.00323486328125,-217.78912353515625,-5.017882823944092,218.92812715522112,-217.473770660131,-5.027397396953865,1.1204439061445917,1.294631978682188,1.294631978682188,0.00043881961419727693,1.175919126375096,2.2921093928742162,nan,nan,nan
14.64,220.00323486328125,-217.7803955078125,-5.017882823944092,218.92827705465646,-217.46488045101353,-5.040762800119494,1.12053894831909,1.2949349805186787,1.2949349805186787,0.00033762893551919545,2.5197244782377304,3.61464967614674,nan,0.8347195206872046,nan
14.65,220.00323486328125,-217.77166748046875,-5.017882823944092,218.9466899900252,-217.4856330893416,-5.041099217119746,1.0948249828274945,1.294731893820708,1.294731893820708,0.0004388060995456192,2.1537024928032724,3.245661416582339,2.473182550284458,nan,nan
14.66,220.00323486328125,-217.762939453125,-5.017882823944092,218.946880201801,-217.47680801800823,-5.049062297767703,1.0948646165535432,1.295033563867471,1.295033563867471,0.00033762091210828176,3.8043256917830637,4.8969099991912355,nan,0.28443688738225187,nan
14.67,220.00323486328125,-217.7542266845703,-5.017882823944092,218.94707056575396,-217.46798307065032,-5.049445252688508,1.0947212507252866,1.295335676668711,1.295335676668711,0.00043881507680089,3.194582572870185,4.299699027026543,nan,nan,nan
14.68,220.00323486328125,-217.74549865722656,-5.017882823944092,218.9472610429524,-217.45915831509345,-5.034456462521416,1.0942331498581674,1.2956382331924279,1.2956382331924279,0.0003376262454078783,1.7375028092152038,2.8300247454537795,nan,1.1658821137171216,nan
14.69,220.00323486328125,-217.7367706298828,-5.017882823944092,218.94745157677957,-217.4503336010298,-5.034817549960065,1.0940801179528243,1.295941234406622,1.295941234406622,0.0004388241182035332,1.5769709210254343,2.6693288552898915,nan,nan,nan
14.700000000000001,220.00323486328125,-217.72804260253906,-5.017882823944092,218.92153897904421,-217.46396816617244,-5.035766403604454,1.1136072540798045,1.2957381499908645,1.2957381499908645,0.0003376182522317426,1.9041202042709866,2.8219962668189478,2.3916984518360582,0.0019486878525783332,nan
14.71,220.00323486328125,-217.71932983398438,-5.017882823944092,218.92167220224238,-217.4551924525123,-5.036122400282451,1.1134985532947101,1.2960398195172789,1.2960398195172789,0.0004388105553502278,1.7145559616956159,2.636693831799306,nan,nan,nan
14.72,220.00323486328125,-217.71060180664062,-5.017882823944092,218.92180528337246,-217.4464167491815,-5.024119841705478,1.113248661026334,1.2963419317665803,1.2963419317665803,0.0003376235614569548,1.07120341869723,1.9882324481055376,nan,0.7536281667832627,nan
14.73,220.00323486328125,-217.70187377929688,-5.017882823944092,218.92193818354744,-217.43764110684072,-5.024458645821592,1.1131328115863137,1.2966444877067689,1.2966444877067689,0.0004388195718620002,1.0541002001213493,1.97147657050312,nan,nan,nan
14.74,220.00323486328125,-217.69314575195312,-5.017882823944092,218.9220710247248,-217.42886550345136,-5.003178682727323,1.1130927667176675,1.2969474883058447,1.2969474883058447,0.00033762891053634156,1.5955173683504658,2.513182578151821,nan,2.3059147023449094,nan
14.75,220.00323486328125,-217.68443298339844,-5.017882823944092,218.937221028187,-217.37794570045344,-5.003471872318117,1.1092914976443893,1.2967444061479079,1.2967444061479079,0.0004388060581144472,1.4220500497494153,2.4786365942841737,3.960341716059768,nan,nan
14.76,220.00323486328125,-217.6757049560547,-5.017882823944092,218.93738679189897,-217.36907761858728,-5.006158405860227,1.1091392596653828,1.297046075159008,1.297046075159008,0.0003376208876589359,1.3554979859821306,2.3951587278785347,nan,0.027986322754488754,nan
14.77,220.00323486328125,-217.66697692871094,-5.017882823944092,218.9375524494457,-217.36020957831002,-5.006467957089024,1.1090155605832162,1.2973481868620906,1.2973481868620906,0.000438815035629836,1.2448564374178581,2.2852546015253794,nan,nan,nan
14.780000000000001,220.00323486328125,-217.6582489013672,-5.017882823944092,218.93771808898666,-217.35134136382868,-4.996517635521359,1.109042246344766,1.2976507422251562,1.2976507422251562,0.00033762622111200284,2.299497347761861,3.3411665562996578,nan,0.5194247855853295,nan
14.790000000000001,220.00323486328125,-217.6495361328125,-5.017882823944092,218.93788384990293,-217.34247293314758,-4.996813332957491,1.1089204271475506,1.2979537422162044,1.2979537422162044,0.0004388240772900691,1.9586963497916483,3.019078438587675,nan,nan,nan
14.8,220.00323486328125,-217.64080810546875,-5.017882823944092,218.92497667999336,-217.36828425543902,-5.012757512942622,1.1121763472917323,1.2977506622919541,1.2977506622919541,0.00033761822845427615,1.0309246048463614,1.9308412935009929,2.7673325017554875,1.214744399067998,nan
14.81,220.00323486328125,-217.632080078125,-5.017882823944092,218.92511365339163,-217.3594918462339,-5.013071100082831,1.112057930175348,1.298052330792733,1.298052330792733,0.00043881051531115435,1.0054587052178574,1.9062015768829308,nan,nan,nan
14.82,220.00323486328125,-217.62335205078125,-5.017882823944092,218.92525064385663,-217.3506993433099,-5.032672099962742,1.1120288660395092,1.2983544419552602,1.2983544419552602,0.0003376235378290663,1.6001043146397977,2.5015807633234566,nan,1.835131915486073,nan
14.83,220.00323486328125,-217.61463928222656,-5.017882823944092,218.9253876842995,-217.3419067671479,-5.03301725553664,1.111920238614127,1.298656996747536,1.298656996747536,0.0004388195320737702,1.473829281377365,2.383112034768942,nan,nan,nan
14.84,220.00323486328125,-217.6059112548828,-5.017882823944092,218.92552460679354,-217.33311428152376,-5.024886647759516,1.1117223750382519,1.2989599961375609,1.2989599961375609,0.00033762888705654603,1.0967245798735534,1.9981560196354127,nan,0.35448383120787874,nan
14.85,220.00323486328125,-217.59718322753906,-5.017882823944092,218.9077058185848,-217.3012843381542,-5.0252206592784585,1.1348100653149542,1.298756918423118,1.298756918423118,0.00043880601917591457,1.1142226745192896,1.982306248960259,1.684285400644349,nan,nan
14.86,220.00323486328125,-217.5884552001953,-5.017882823944092,218.90780327308246,-217.29244141842273,-5.020852061097248,1.1347261097613026,1.2990585864185265,1.2990585864185265,0.0003376208646805434,1.0172883267139152,1.8859298337355566,nan,0.10915305324399371,nan
14.870000000000001,220.00323486328125,-217.57974243164062,-5.017882823944092,218.90790067495516,-217.28359860903478,-5.021180901668454,1.1346669225372947,1.2993606970461054,1.2993606970461054,0.0004388149969357863,1.0156276209407886,1.8993686470379945,nan,nan,nan
14.88,220.00323486328125,-217.57101440429688,-5.017882823944092,218.90799807247245,-217.27475577315406,-5.0330966733840485,1.1347000774136544,1.2996632512738546,1.2996632512738546,0.00033762619827783864,1.6760518583165964,2.547020781929371,nan,0.6622290610127514,nan
14.89,220.00323486328125,-217.56228637695312,-5.017882823944092,218.90809547047368,-217.26591285695375,-5.033445532678842,1.134640802606231,1.2999662500697746,1.2999662500697746,0.00043882403883808356,1.5420794686998405,2.413734491116357,nan,nan,nan
14.9,220.00323486328125,-217.55355834960938,-5.017882823944092,218.9079103621965,-217.22953346679427,-5.035938556570071,1.1423895556422754,1.2997631745415146,1.2997631745415146,0.000337618206107336,1.9694355248904332,2.91049834960964,1.4981011234726322,0.022780880669017033,nan
14.91,220.00323486328125,-217.5448455810547,-5.017882823944092,218.90800717822074,-217.220629843139,-5.036291700226124,1.1423565177129174,1.3000648420364627,1.3000648420364627,0.00043881047768095315,1.7758037585819206,2.738411990043118,nan,nan,nan
14.92,220.00323486328125,-217.53611755371094,-5.017882823944092,218.90810377905467,-217.21172618266255,-5.042561182082102,1.1424319999940162,1.3003669521346444,1.3003669521346444,0.0003376235156227007,2.8070581325388044,3.7475479243660517,nan,0.17263567432654733,nan
14.93,220.00323486328125,-217.5273895263672,-5.017882823944092,218.9082001905913,-217.20282242661597,-5.042925423754581,1.1423974214078918,1.3006695058040598,1.3006695058040598,0.0004388194946793155,2.432036404838356,3.372640781196849,nan,nan,nan
14.94,220.00323486328125,-217.51866149902344,-5.017882823944092,218.9082967107434,-217.19391872507913,-5.04063295751984,1.142306874569946,1.3009725040127094,1.3009725040127094,0.00033762886498936093,2.5355453658282148,3.476108595166613,nan,0.034844924950799654,nan
14.950000000000001,220.00323486328125,-217.50994873046875,-5.017882823944092,218.95178996301757,-217.17506957332247,-5.041041236314773,1.1037285627567224,1.300769430647257,1.300769430647257,0.0004388059825800438,2.158330918673689,3.4058314957023312,4.0080381930331335,nan,nan
14.96,220.00323486328125,-217.501220703125,-5.017882823944092,218.9519815906342,-217.16614393543486,-5.05532986976291,1.1039982630137386,1.3010710976466133,1.3010710976466133,0.0003376208430845961,5.089118431932826,6.311691398348845,nan,0.9552649491003623,nan
14.97,220.00323486328125,-217.49249267578125,-5.017882823944092,218.95217342264158,-217.15721818767625,-5.055726139200006,1.103889147914395,1.3013732072208941,1.3013732072208941,0.0004388149605696404,4.198872941078452,5.421548398295746,nan,nan,nan
14.98,220.00323486328125,-217.4837646484375,-5.017882823944092,218.952365333616,-217.14829242248874,-5.038505522308725,1.1033103273556892,1.3016757603380997,1.3016757603380997,0.0003376261768174294,2.194511976963311,3.41579921280687,nan,1.531289669354593,nan
14.99,220.00323486328125,-217.4750518798828,-5.017882823944092,218.95255726719242,-217.13936664745276,-5.0388765421118755,1.1031993121812274,1.3019787579662303,1.3019787579662303,0.0004388240026994594,1.9387875362830347,3.185966101244856,nan,nan,nan
15.0,220.00323486328125,-217.46632385253906,-5.017882823944092,218.95240625592749,-217.12003536953753,-5.028673406129171,1.106468667498744,1.3017756867404588,1.3017756867404588,0.00033761818510483514,1.285251112220284,2.587354592860084,0.26450084551515796,0.5561139908269213,nan
15.01,220.00323486328125,-217.4575958251953,-5.017882823944092,218.95259771259717,-217.11108693309168,-5.029038023665472,1.1063594683398676,1.3020773532490506,1.3020773532490506,0.0004388104423146658,1.2235461688997384,2.525696553559915,nan,nan,nan
15.02,220.00323486328125,-217.44886779785156,-5.017882823944092,218.95278917582434,-217.10213835991505,-5.037864847981332,1.106370971561179,1.302379462304872,1.302379462304872,0.0003376234947523165,2.1221781619603943,3.424597885618768,nan,0.35320242437120347,nan
15.030000000000001,220.00323486328125,-217.44015502929688,-5.017882823944092,218.95298054032074,-217.09318982013346,-5.038244600877469,1.1062701303148976,1.3026820148759233,1.3026820148759233,0.0004388194595346078,1.883966136764358,3.214233195346975,nan,nan,nan
15.040000000000001,220.00323486328125,-217.43142700195312,-5.017882823944092,218.95317195091667,-217.08424137176056,-5.0191710620594385,1.1059709043610682,1.3029850119302044,1.3029850119302044,0.00033762884424978973,0.943659806352232,2.2463450522646897,nan,1.8671569562690868,nan
15.05,220.00323486328125,-217.42269897460938,-5.017882823944092,218.9476709597009,-217.07624363908275,-5.0194451108416365,1.1109675489396635,1.3027819428212324,1.3027819428212324,0.00043880594818582116,0.9529552016772062,2.1522083127337495,0.3344725983816227,nan,nan
15.06,220.00323486328125,-217.41397094726562,-5.017882823944092,218.94784980262054,-217.0672973703258,-5.029823465920945,1.1109287889621382,1.3030836088438464,1.3030836088438464,0.0003376208227878891,1.3693049224635667,2.5684470060767017,nan,0.4976745870030511,nan
15.07,220.00323486328125,-217.40525817871094,-5.017882823944092,218.9480285320667,-217.05835115538744,-5.030174723891816,1.1108357102068525,1.3033857173865957,1.3033857173865957,0.0004388149263913535,1.2909308708134692,2.5180798302100693,nan,nan,nan
15.08,220.00323486328125,-217.3965301513672,-5.017882823944092,218.9482072387694,-217.04940499968063,-5.020009219422587,1.110668123686925,1.3036882694174803,1.3036882694174803,0.0003376261566481179,0.9596146913107718,2.158574040889704,nan,0.5457606603235174,nan
15.09,220.00323486328125,-217.38780212402344,-5.017882823944092,218.94838606788258,-217.04045903678278,-5.020346278168804,1.1105670938824963,1.3039912659045005,1.3039912659045005,0.00043882396873499985,0.9596585931017608,2.1582663533813684,nan,nan,nan
15.1,220.00323486328125,-217.3790740966797,-5.017882823944092,218.93381759232582,-217.02675200265728,-4.994738582713086,1.126197057914932,1.3037881988896887,1.3037881988896887,0.00033761816536587695,2.5589581620084116,3.6163714948705827,0.933270692491666,3.289294756393791,nan
15.11,220.00323486328125,-217.370361328125,-5.017882823944092,218.93396429511145,-217.01779527806693,-4.995014200099854,1.1261284747151388,1.3040898644310712,1.3040898644310712,0.0004388104090760679,2.1638507330728114,3.2533829765957822,nan,nan,nan
15.120000000000001,220.00323486328125,-217.36163330078125,-5.017882823944092,218.93411101026595,-217.0088385200393,-5.019489118515769,1.1258297165145785,1.3043919724660822,1.3043919724660822,0.00033762347513753175,0.9793516111323604,2.039370273049081,nan,2.8888708065799253,nan
15.13,220.00323486328125,-217.3529052734375,-5.017882823944092,218.93425777838965,-216.99988205126655,-5.0198040821656695,1.12576245036351,1.3046945239627217,1.3046945239627217,0.0004388194265042284,0.9797788875429284,2.039750607755693,nan,nan,nan
15.14,220.00323486328125,-217.34417724609375,-5.017882823944092,218.93440470204814,-216.99092577579967,-5.001805847215093,1.1258077029436553,1.3049975198889898,1.3049975198889898,0.0003376288247579285,1.7365668619203145,2.798264678268816,nan,1.6547256137726045,nan
15.15,220.00323486328125,-217.33546447753906,-5.017882823944092,218.9009490788422,-216.96747405591526,-5.002032116404422,1.1621971200759398,1.304794454945939,1.304794454945939,0.0004388059158608021,1.6075563399820794,2.5876634596353263,2.8184136663796693,nan,nan
15.16,220.00323486328125,-217.3267364501953,-5.017882823944092,218.90102241922548,-216.9584859649921,-5.01672219268164,1.1621024217979754,1.3050961200107958,1.3050961200107958,0.0003376208037122572,1.0387647635719912,1.9852678532986967,nan,1.025130687656043,nan
15.17,220.00323486328125,-217.31800842285156,-5.017882823944092,218.90109587896907,-216.94949786177938,-5.017020706743125,1.1621149330459881,1.3053982275433487,1.3053982275433487,0.00043881489426927326,1.036251906895126,1.983269142452754,nan,nan,nan
15.18,220.00323486328125,-217.3092803955078,-5.017882823944092,218.9011693263869,-216.94050970010562,-5.008919550115717,1.162162042778612,1.3057007785115982,1.3057007785115982,0.00033762613769221456,1.2722976582893213,2.219409397820254,nan,0.34815528521003974,nan
15.19,220.00323486328125,-217.30056762695312,-5.017882823944092,218.90124269740664,-216.93152154612633,-5.009207062943351,1.1621777025272688,1.3060037738835444,1.3060037738835444,0.0004388239368138792,1.205657091062209,2.1876866004431137,nan,nan,nan
15.200000000000001,220.00323486328125,-217.29183959960938,-5.017882823944092,218.92719108191557,-216.91935425979975,-5.007622178880039,1.138736505354063,1.3058007109900929,1.3058007109900929,0.0003376181468144387,1.3047999357550277,2.32954369283369,1.4434635931216926,0.016245469099421508,nan
15.21,220.00323486328125,-217.28311157226562,-5.017882823944092,218.92732124179196,-216.9103590876763,-5.007897873080658,1.138698482881862,1.3061023755830896,1.3061023755830896,0.00043881037783713976,1.219877987343723,2.2449926313406743,nan,nan,nan
15.22,220.00323486328125,-217.27439880371094,-5.017882823944092,218.92745145977275,-216.9013639055804,-5.018465788562279,1.1386243042967776,1.3064044826184127,1.3064044826184127,0.0003376234567027771,0.9933982889146953,2.0544100385195603,nan,0.5225130149072242,nan
15.23,220.00323486328125,-217.2656707763672,-5.017882823944092,218.9275817687533,-216.89236886410308,-5.018759451065648,1.1385888924202223,1.3067070330640622,1.3067070330640622,0.0004388193954609885,0.9938511184173648,2.0206283543374557,nan,nan,nan
15.24,220.00323486328125,-217.25694274902344,-5.017882823944092,218.9277120800439,-216.88337402266498,-5.022648762861589,1.1385629384225768,1.3070100278880388,1.3070100278880388,0.0003376288064387142,1.0590834643065519,2.0857370190073183,nan,0.0637421580104698,nan
15.25,220.00323486328125,-217.2482147216797,-5.017882823944092,218.91309558558785,-216.87131548165078,-5.023011843611493,1.1534656426383032,1.3068069670222602,1.3068069670222602,0.0004388058854804769,1.0780483081702095,2.1250981796241657,0.6164602989164875,nan,nan
15.26,220.00323486328125,-217.239501953125,-5.017882823944092,218.91319317751797,-216.86231404435784,-5.017803828203238,1.153456371720285,1.3071086311480222,1.3071086311480222,0.00033762078578422584,1.0178846066220861,2.1007805371075703,nan,0.15058980209106765,nan
15.27,220.00323486328125,-217.23077392578125,-5.017882823944092,218.9132905614968,-216.85331241674464,-5.018113048853017,1.1534538676514443,1.307410737691291,1.307410737691291,0.00043881486407967445,1.0177472563001537,2.0653014517245767,nan,nan,nan
15.280000000000001,220.00323486328125,-217.2220458984375,-5.017882823944092,218.91338789450964,-216.8443106763503,-5.003912315602921,1.1535360802546455,1.3077132876200666,1.3077132876200666,0.00033762611987671424,1.595467438697711,2.6445776414826203,nan,1.0388547592485986,nan
15.290000000000001,220.00323486328125,-217.21331787109375,-5.017882823944092,218.9134851431343,-216.83530892164146,-5.004201496676959,1.1535304058160685,1.3080162819023493,1.3080162819023493,0.00043882390681315475,1.4436935960689687,2.4931863335976923,nan,nan,nan
15.3,220.00323486328125,-217.20460510253906,-5.017882823944092,218.8754070502375,-216.7975851820349,-5.001739824784575,1.1991335988888494,1.3078132230425494,1.3078132230425494,0.00033761812937904825,1.871153401671652,3.061808806564425,4.578302323501257,0.038723926099508234,nan
15.31,220.00323486328125,-217.1958770751953,-5.017882823944092,218.8754206152705,-216.78852046432417,-5.002036282241099,1.1992312117854482,1.3081148867056627,1.3081148867056627,0.0004388103484775417,1.671477076867532,2.819496957299528,nan,nan,nan
15.32,220.00323486328125,-217.18714904785156,-5.017882823944092,218.87543421131087,-216.7794557313052,-4.99503014813981,1.1994458702804338,1.3084169927620009,1.3084169927620009,0.00033762343937706273,2.6459774616438714,3.7936204619727825,nan,0.26317938485737,nan
15.33,220.00323486328125,-217.1784210205078,-5.017882823944092,218.87544782282166,-216.77039111505832,-4.995317382550439,1.1995420840950206,1.3087195421795643,1.3087195421795643,0.00043881936628531763,2.2594678634518597,3.406469473890466,nan,nan,nan
15.34,220.00323486328125,-217.16970825195312,-5.017882823944092,218.87546148423968,-216.76132648037873,-5.000986052524252,1.1995557372267036,1.3090225359263534,1.3090225359263534,0.0003376287892215866,1.944630844754804,3.1362795406678066,nan,0.142825676615317,nan
15.35,220.00323486328125,-217.16098022460938,-5.017882823944092,218.83231022539607,-216.80602118388106,-5.001301971607086,1.2236565502074208,1.3088194790510683,1.3088194790510683,0.0004388058569278319,1.770354148860773,2.634319737361884,9.39990460496658,nan,nan
15.36,220.00323486328125,-217.15225219726562,-5.017882823944092,218.83222908822265,-216.7970739984182,-5.020645859960904,1.22368856843771,1.3091211422560791,1.3091211422560791,0.0003376207689347436,1.1664377071499843,2.031124227824228,nan,1.788778406534196,nan
15.370000000000001,220.00323486328125,-217.14352416992188,-5.017882823944092,218.83214790105131,-216.78812685576332,-5.0209789663015565,1.2238306705233157,1.3094232478305596,1.3094232478305596,0.00043881483570629745,1.165671097278997,2.0315915771040114,nan,nan,nan
15.38,220.00323486328125,-217.1348114013672,-5.017882823944092,218.83206667054299,-216.77917975175444,-5.0179543619977,1.223972553207705,1.3097257967425102,1.3097257967425102,0.0003376261031329852,1.1438490883126886,2.0389008821215895,nan,0.0556589625001582,nan
15.39,220.00323486328125,-217.12608337402344,-5.017882823944092,218.83198536192398,-216.770232724837,-5.018284403343183,1.2241140634034342,1.310028789959931,1.310028789959931,0.0004388238786172629,1.1442011967715788,2.0105797132344208,nan,nan,nan
15.4,220.00323486328125,-217.1173553466797,-5.017882823944092,218.82569825924463,-216.75292347608118,-5.030729030239915,1.2327076162538355,1.309825735047924,1.309825735047924,0.000337618112992569,1.6487959131310217,2.56161038396908,0.21494046002408543,0.7233347661398547,nan
15.41,220.00323486328125,-217.10862731933594,-5.017882823944092,218.82560356369586,-216.7439580100625,-5.031080816533456,1.2328720006138187,1.310127397799339,1.310127397799339,0.000438810320884211,1.5569920859876876,2.4706708630008714,nan,nan,nan
15.42,220.00323486328125,-217.09991455078125,-5.017882823944092,218.82550899156664,-216.73499257304218,-5.033718650968307,1.23306814578939,1.3104295028969837,1.3104295028969837,0.00033762342309365793,1.9028431801073182,2.8474430285354506,nan,0.025758559443871645,nan
15.43,220.00323486328125,-217.0911865234375,-5.017882823944092,218.8254144530801,-216.72602719873012,-5.034075964569851,1.2332333391984176,1.3107320513088583,1.3107320513088583,0.00043881933886484484,1.7576697626089808,2.670703152465294,nan,nan,nan
15.44,220.00323486328125,-217.08245849609375,-5.017882823944092,218.82531982185384,-216.71706163463992,-5.009698172794599,1.2333149231626486,1.311035044002963,1.311035044002963,0.0003376287730402341,1.3585598559862204,2.2715433913052165,nan,3.0185633306544575,nan
15.450000000000001,220.00323486328125,-217.07373046875,-5.017882823944092,218.83149706746212,-216.70135498979886,-5.010004519734422,1.2295100760678528,1.3108319910332227,1.3108319910332227,0.00043880583009291553,1.2946326850359573,2.2311375163861413,0.17676369374144293,nan,nan
15.46,220.00323486328125,-217.0650177001953,-5.017882823944092,218.83141634230267,-216.69237470859852,-5.016664701874471,1.229643415432295,1.3111336533355102,1.3111336533355102,0.0003376207530989225,1.1576118033817333,2.1281321351273284,nan,0.19840828502753227,nan
15.47,220.00323486328125,-217.05628967285156,-5.017882823944092,218.83133565734119,-216.68339462672404,-5.0169940436142735,1.2297964279667906,1.311435757961291,1.311435757961291,0.00043881480903981674,1.1550388421277256,2.0911853644681537,nan,nan,nan
15.48,220.00323486328125,-217.0475616455078,-5.017882823944092,218.8312550425576,-216.67441459355712,-5.0080742366128534,1.229988467811142,1.311738305878565,1.311738305878565,0.0003376260873965429,1.4382155048473708,2.375298114192403,nan,0.4221240022694966,nan
15.49,220.00323486328125,-217.03883361816406,-5.017882823944092,218.83117438774332,-216.6654346142902,-5.008391226673644,1.230139286760218,1.3120412980553324,1.3120412980553324,0.00043882385211761174,1.3585809398310014,2.295587963051073,nan,nan,nan
15.5,220.00323486328125,-217.03012084960938,-5.017882823944092,218.81851206862999,-216.67699295029232,-5.029106720322502,1.2362820832206114,1.3118382470070702,1.3118382470070702,0.00033761809759188415,1.5381128069456982,2.343601239579939,1.505043687873829,2.075112376149573,nan
15.51,220.00323486328125,-217.02139282226562,-5.017882823944092,218.81840405448764,-216.66805810622833,-5.029436364461758,1.2364477147547164,1.3121399088646588,1.3121399088646588,0.00043881029495086883,1.4692160890157346,2.2486880260327715,nan,nan,nan
15.52,220.00323486328125,-217.01266479492188,-5.017882823944092,218.81829616890482,-216.6591232611767,-5.025872815918627,1.2365820496372912,1.312442013023497,1.312442013023497,0.0003376234077898467,1.3541445290480396,2.133589630889756,nan,0.07481641228594388,nan
15.530000000000001,220.00323486328125,-217.00393676757812,-5.017882823944092,218.81818815380709,-216.65018820892303,-5.026198389815476,1.2367469001464553,1.312744560451585,1.312744560451585,0.00043881931309397914,1.322675070286278,2.1031793492695066,nan,nan,nan
15.540000000000001,220.00323486328125,-216.99522399902344,-5.017882823944092,218.81808003539123,-216.64125289941205,-5.035294168753241,1.2370087551667417,1.313047552116923,1.313047552116923,0.00033762875783234253,2.063036771445928,2.871297374163386,nan,0.3793683327758942,nan
15.55,220.00323486328125,-216.9864959716797,-5.017882823944092,218.8035753780837,-216.60337747293536,-5.035613292544644,1.259474904085561,1.312844502969571,1.312844502969571,0.0004388058048723295,1.9244560202514114,2.8236041664099676,2.0842520828556,nan,nan
15.56,220.00323486328125,-216.97776794433594,-5.017882823944092,218.80343577284717,-216.59437879961058,-5.021614242211866,1.2595709655203966,1.3131461643868514,1.3131461643868514,0.00033762073821575465,1.249410993123211,2.1485380076430207,nan,1.0139773962767946,nan
15.57,220.00323486328125,-216.9690399169922,-5.017882823944092,218.8032962490541,-216.58538013960938,-5.021930313829273,1.2597872379370783,1.31344826808362,1.31344826808362,0.0004388147839775659,1.2456388374277663,2.145819405200702,nan,nan,nan
15.58,220.00323486328125,-216.9603271484375,-5.017882823944092,218.80315686184406,-216.57638143987015,-5.0165638934890495,1.260001292157399,1.3137508150278765,1.3137508150278765,0.0003376260726067879,1.2136018800236912,2.1500060568424515,nan,0.1593716769870364,nan
15.59,220.00323486328125,-216.95159912109375,-5.017882823944092,218.80301747159822,-216.56738273528305,-5.016873530267536,1.2602162660026137,1.3140538061876217,1.3140538061876217,0.0004388238272121493,1.2109050784538977,2.112748690510981,nan,nan,nan
15.6,220.00323486328125,-216.94287109375,-5.017882823944092,218.77343311116945,-216.58763659072497,-5.005158612031954,1.2801428854645371,1.3138507589208301,1.3138507589208301,0.00033761808311768367,1.7267290041534884,2.5809551634774435,3.4195112515457513,0.7164709991028636,nan
15.610000000000001,220.00323486328125,-216.93414306640625,-5.017882823944092,218.77322948789129,-216.57870182739305,-5.005456515151644,1.2803929518041148,1.3141524199021541,1.3141524199021541,0.000438810270577659,1.5992737009080855,2.45267794070764,nan,nan,nan
15.620000000000001,220.00323486328125,-216.92543029785156,-5.017882823944092,218.77302576522965,-216.5697670758015,-4.994379989617074,1.2808056588215746,1.3144545231416762,1.3144545231416762,0.00033762339340669795,2.8836907921517394,3.7640880205763283,nan,0.6383823618011433,nan
15.63,220.00323486328125,-216.9167022705078,-5.017882823944092,218.77282195243336,-216.56083250151454,-4.994662012519273,1.281053640464648,1.3147570696073965,1.3147570696073965,0.0004388192888734238,2.476569753920085,3.329652551016581,nan,nan,nan
15.64,220.00323486328125,-216.90797424316406,-5.017882823944092,218.77261806872647,-216.55189804229042,-5.009588577342031,1.2811232377861148,1.3150600602673155,1.3150600602673155,0.00033762874353932405,1.4517677946641707,2.305317109640248,nan,1.0579066044990075,nan
15.65,220.00323486328125,-216.8992462158203,-5.017882823944092,218.78575135833978,-216.56595401649048,-5.009842323462891,1.2623052026299624,1.3148570148609502,1.3148570148609502,0.0004388057811689791,1.3591354908488258,2.0756501244442305,1.5173304297267325,nan,nan
15.66,220.00323486328125,-216.89053344726562,-5.017882823944092,218.78557660592395,-216.55707018699175,-5.026543018293143,1.2625230202372792,1.315158675410631,1.315158675410631,0.0003376207242279358,1.4340766370145477,2.1710317625617743,nan,1.3278848508893084,nan
15.67,220.00323486328125,-216.88180541992188,-5.017882823944092,218.785401873841,-216.54818634325386,-5.0268642359054665,1.262734946157185,1.315460778197682,1.315460778197682,0.00043881476042302077,1.3958875836499682,2.1138238526311284,nan,nan,nan
15.68,220.00323486328125,-216.87307739257812,-5.017882823944092,218.78522728028398,-216.5393025315236,-5.038519221580594,1.2630811498151049,1.3157633241901028,1.3157633241901028,0.00033762605870676015,2.4735236461218735,3.191265683849388,nan,0.6336181063281208,nan
15.69,220.00323486328125,-216.86434936523438,-5.017882823944092,218.785052684163,-216.53041878398778,-5.038859807892481,1.2632962789736089,1.3160663143558937,1.3160663143558937,0.00043882380380495773,2.215065286161578,2.93310322922913,nan,nan,nan
15.700000000000001,220.00323486328125,-216.8556365966797,-5.017882823944092,218.7728700519741,-216.53035149364283,-5.018859794929342,1.2726385667709676,1.315863270790034,1.315863270790034,0.0003376180695142314,1.2336600998664622,1.927994761811056,0.5804306848408838,2.0275419576990683,nan
15.71,220.00323486328125,-216.84690856933594,-5.017882823944092,218.77266883476565,-216.52148705453712,-5.01915818608014,1.2728682333137173,1.3161649309123478,1.3161649309123478,0.00043881024767066824,1.2347013167613976,1.9126429021733564,nan,nan,nan
15.72,220.00323486328125,-216.8381805419922,-5.017882823944092,218.77246764863307,-216.51262251638903,-5.010391145450679,1.273119039969994,1.3164670332516544,1.3164670332516544,0.000337623379888801,1.3973920114402836,2.0758634835354477,nan,0.4055377681076134,nan
15.73,220.00323486328125,-216.82945251464844,-5.017882823944092,218.77226654243992,-216.50375794955127,-5.010677559935682,1.273346721234315,1.316769578775954,1.316769578775954,0.0004388192661099365,1.3496243835722659,2.0290794483274115,nan,nan,nan
15.74,220.00323486328125,-216.82073974609375,-5.017882823944092,218.77206543018707,-216.49489325772726,-5.027197603509644,1.273593684062769,1.3170725684532465,1.3170725684532465,0.00033762873010614777,1.4884680496922784,2.1859064547920193,nan,1.2999341090187861,nan
15.75,220.00323486328125,-216.81201171875,-5.017882823944092,218.77594003764474,-216.49740178184177,-5.027448976194367,1.2670136197785777,1.3168695267081834,1.3168695267081834,0.0004388057588915752,1.4275219260195875,2.0307390191335344,0.45854202485209056,nan,nan
15.76,220.00323486328125,-216.80328369140625,-5.017882823944092,218.77574757089263,-216.48856171610464,-5.031188772278305,1.2672616237282481,1.3171711864073679,1.3171711864073679,0.00033762071108159525,1.7435086746651567,2.3479233938789688,nan,0.05837943594620753,nan
15.77,220.00323486328125,-216.7945556640625,-5.017882823944092,218.77555513491993,-216.4797216196958,-5.031494889590191,1.2674791040694846,1.3174732883036098,1.3174732883036098,0.0004388147382854677,1.6414886943437677,2.2454301754944606,nan,nan,nan
15.780000000000001,220.00323486328125,-216.7858428955078,-5.017882823944092,218.7753627997241,-216.47088154603153,-5.024354350482477,1.2676404603765876,1.3177758333649092,1.3177758333649092,0.0003376260456429352,1.3434252339230193,1.9621656119028192,nan,0.27364562764985295,nan
15.790000000000001,220.00323486328125,-216.77711486816406,-5.017882823944092,218.77517044399593,-216.46204154897364,-5.024651136835466,1.2678561528973413,1.3180788225592663,1.3180788225592663,0.00043882378180589923,1.3239051958041457,1.9304325502078543,nan,nan,nan
15.8,220.00323486328125,-216.7683868408203,-5.017882823944092,218.77929447321802,-216.43048171129973,-5.01998599383263,1.2697300415080524,1.3178757826154996,1.3178757826154996,0.00033761805672912024,1.2364414055518236,1.9311500397843755,1.1486870650751673,0.12429518906385935,nan
15.81,220.00323486328125,-216.75967407226562,-5.017882823944092,218.77911163597886,-216.42159231922787,-5.020287620185234,1.2699538300281827,1.3181774418957553,1.3181774418957553,0.0004388102261417146,1.2366689421983403,1.952191650970544,nan,nan,nan
15.82,220.00323486328125,-216.75094604492188,-5.017882823944092,218.77892893611542,-216.4127028090951,-5.044839291239245,1.270456666323172,1.3184795433535648,1.3184795433535648,0.000337623367184111,3.3758854585583657,4.07152646332121,nan,2.9010383659192844,nan
15.83,220.00323486328125,-216.74221801757812,-5.017882823944092,218.77874636636872,-216.40381315342108,-5.045180030649085,1.270682914282766,1.3187820879569283,1.3187820879569283,0.000438819244715849,2.9218240978047634,3.61668332512128,nan,nan,nan
15.84,220.00323486328125,-216.73348999023438,-5.017882823944092,218.77856386751287,-216.39492337542887,-5.064748311677685,1.2714726794067082,1.3190850766738464,1.3190850766738464,0.00033762871748107984,7.729207394933395,8.42473810821773,nan,1.8236886317685626,nan
15.85,220.00323486328125,-216.7247772216797,-5.017882823944092,218.7600652971816,-216.42868707020568,-5.065121785228809,1.2788164322292532,1.318882038512083,1.318882038512083,0.0004388057379543247,6.323714181819755,6.998734017937963,4.254584208186449,nan,nan
15.860000000000001,220.00323486328125,-216.71604919433594,-5.017882823944092,218.75984269409332,-216.41989083614556,-5.028835910678339,1.278222918599448,1.319183697377573,1.319183697377573,0.0003376206987261122,1.5937829441103197,2.2602662471938677,nan,6.630401092985455,nan
15.870000000000001,220.00323486328125,-216.7073211669922,-5.017882823944092,218.75962004808983,-216.4110947086224,-5.02915407107374,1.2784580416320928,1.3194857984015362,1.3194857984015362,0.00043881471747966036,1.5281191707384854,2.196316191263229,nan,nan,nan
15.88,220.00323486328125,-216.69859313964844,-5.017882823944092,218.75939745558543,-216.40229864929955,-5.015673622391662,1.278642562394223,1.3197883425519727,1.3197883425519727,0.00033762603336498503,1.25323140133692,1.9220058388041354,nan,0.9395038877534468,nan
15.89,220.00323486328125,-216.68988037109375,-5.017882823944092,218.7591749874867,-216.39350262725742,-5.015972917666608,1.278877785148168,1.3200913307968827,1.3200913307968827,0.00043882376113023585,1.2472607167116276,1.9256220536874258,nan,nan,nan
15.9,220.00323486328125,-216.68115234375,-5.017882823944092,218.76434902551873,-216.41416710760845,-5.014747640154008,1.2673314738865709,1.319888294398034,1.319888294398034,0.00033761804471312863,1.245973872028911,1.950793369125753,1.8949689805137373,0.01248522364972987,nan
15.91,220.00323486328125,-216.67242431640625,-5.017882823944092,218.76413871223332,-216.40543556856517,-5.0150589265747145,1.267537075359889,1.3201899528528844,1.3201899528528844,0.00043881020590788605,1.235150870583214,1.9410348853557964,nan,nan,nan
15.92,220.00323486328125,-216.6636962890625,-5.017882823944092,218.76392842252014,-216.39670426681147,-4.989941050345145,1.2680480814107664,1.3204920534475406,1.3204920534475406,0.00033762335524370056,3.529562234601438,4.235896612260452,nan,3.1905101638788014,nan
15.93,220.00323486328125,-216.6549835205078,-5.017882823944092,218.76371813446718,-216.3879731205789,-4.990215110877341,1.2682514644290663,1.3207945971500028,1.3207945971500028,0.0004388192246087709,2.961678454060868,3.6676709239700944,nan,nan,nan
15.94,220.00323486328125,-216.64625549316406,-5.017882823944092,218.76350777784978,-216.3792420590568,-4.981180550109309,1.2686869106484877,1.321097584928271,1.321097584928271,0.0003376287056155005,5.207094049707782,5.916420670582363,nan,0.4275742226466924,nan
15.950000000000001,220.00323486328125,-216.6375274658203,-5.017882823944092,218.7759718694363,-216.37552199292412,-4.98141070348928,1.2554487402754926,1.3208945502734508,1.3208945502734508,0.00043880571827661593,4.223683876891059,4.887377653009337,0.4115814826380492,nan,nan
15.96,220.00323486328125,-216.62879943847656,-5.017882823944092,218.77578920541524,-216.36680205661378,-4.985638767433305,1.2555099164472399,1.321196208321751,1.321196208321751,0.00033762068711389173,4.271732172988169,4.93659161476644,nan,0.07785427556249497,nan
15.97,220.00323486328125,-216.62008666992188,-5.017882823944092,218.77560630360122,-216.35808220764085,-4.985901515237232,1.2556834883456232,1.3214983084915939,1.3214983084915939,0.000438814697925462,3.5232062295599125,4.1874870245157085,nan,nan,nan
15.98,220.00323486328125,-216.61135864257812,-5.017882823944092,218.77542330006247,-216.34936235136425,-4.969718912044679,1.2563769552936819,1.3218008517509796,1.3218008517509796,0.0003376260218256434,8.0632408380148,8.731509153553505,nan,1.3344255948332766,nan
15.99,220.00323486328125,-216.60263061523438,-5.017882823944092,218.7752404088833,-216.3406425402665,-4.969958311374431,1.256544822265628,1.3221038390679087,1.3221038390679087,0.0004388237416983621,6.426397931159045,7.096440625355239,nan,nan,nan
16.0,220.00323486328125,-216.59390258789062,-5.017882823944092,218.75146345953843,-216.35684524423186,-4.9893319020271,1.2743402161719348,1.3219008061384316,1.3219008061384316,0.00033761803341998263,3.642304252384344,4.4097318200230555,2.3312986735026047,1.803490152042385,nan
16.01,220.00323486328125,-216.58518981933594,-5.017882823944092,218.75122898268162,-216.34818016055803,-4.989605555219864,1.2745555724787234,1.3222024637842342,1.3222024637842342,0.00043881018689128026,3.050230057723299,3.809224515799846,nan,nan,nan
16.02,220.00323486328125,-216.5764617919922,-5.017882823944092,218.75099439354497,-216.33951512586088,-5.010377888536013,1.2744827345600076,1.322504563533712,1.322504563533712,0.00033762334402158764,1.3949871723406353,2.1667130109782535,nan,2.072827138374783,nan
16.03,220.00323486328125,-216.56773376464844,-5.017882823944092,218.75075988371296,-216.33085002839,-5.0106853341561575,1.2746996833794226,1.3228071063548659,1.3228071063548659,0.000438819205711289,1.3463555067501753,2.117756793907594,nan,nan,nan
16.04,220.00323486328125,-216.5590057373047,-5.017882823944092,218.750525567949,-216.32218492987056,-4.999181739830279,1.2750350599072078,1.3231100932156954,1.3231100932156954,0.00033762869446371627,2.2642861752297083,3.0371593415559524,nan,0.6883291975088273,nan
16.05,220.00323486328125,-216.55029296875,-5.017882823944092,218.7395619350408,-216.2976064792624,-4.999479797697064,1.28882054721067,1.322907061993074,1.322907061993074,0.000438805699782636,2.0271589015587193,2.820241770041883,0.7292525354055776,nan,nan
16.06,220.00323486328125,-216.54156494140625,-5.017882823944092,218.73930432859038,-216.28890634744238,-4.994089155958422,1.2891558867196646,1.3232087192403952,1.3232087192403952,0.00033762067620021644,2.932399791060031,3.7321080152211024,nan,0.15943532222722856,nan
16.07,220.00323486328125,-216.5328369140625,-5.017882823944092,218.73904672188115,-216.2802063425551,-4.994375516196496,1.2893977105743342,1.3235108185739117,1.3235108185739117,0.00043881467954758947,2.515033100485827,3.316064275997156,nan,nan,nan
16.080000000000002,220.00323486328125,-216.52410888671875,-5.017882823944092,218.73878912749626,-216.2715065451763,-5.023811739868332,1.289444110359813,1.3238133609616238,1.3238133609616238,0.00033762601098048074,1.360055942654732,2.160972817839637,nan,4.191790663956421,nan
16.09,220.00323486328125,-216.51539611816406,-5.017882823944092,218.73853145093875,-216.2628067382045,-5.024144828565517,1.2896958280001531,1.3241163473715316,1.3241163473715316,0.0004388237234354372,1.3454991232790292,2.141537657560353,nan,nan,nan
16.1,220.00323486328125,-216.5066680908203,-5.017882823944092,218.7840379133469,-216.2393182185519,-5.025954416887966,1.2481916149148735,1.323913317837475,1.323913317837475,0.0003376180228061971,1.3697230024044045,2.0290822357349914,4.643618090554445,0.011497244362326714,nan
16.11,220.00323486328125,-216.49794006347656,-5.017882823944092,218.7838802751231,-216.2305861735644,-5.0262822903106965,1.248348615230837,1.324214974690295,1.324214974690295,0.00043881016901859814,1.3375535128974485,1.997441549763695,nan,nan,nan
16.12,220.00323486328125,-216.4892120361328,-5.017882823944092,218.7837224563283,-216.2218541738284,-5.00979530580756,1.2485015599500826,1.324517073612209,1.324517073612209,0.00033762333347455884,1.3705298157349073,2.03148346010164,nan,1.395080233655985,nan
16.13,220.00323486328125,-216.48049926757812,-5.017882823944092,218.78356478519754,-216.21312220757798,-5.010099238730291,1.2486577496599385,1.3248196155712169,1.3248196155712169,0.00043881918795056105,1.3148904560081194,1.9748990659414383,nan,nan,nan
16.14,220.00323486328125,-216.47177124023438,-5.017882823944092,218.78340727860828,-216.20439017075253,-5.016000161751104,1.248789620818206,1.3251226015353192,1.3251226015353192,0.0003376286839827839,1.1873490593280576,1.8508275625284925,nan,0.1544853897829337,nan
16.15,220.00323486328125,-216.46304321289062,-5.017882823944092,218.74440410052736,-216.21611461886658,-5.016206433270486,1.2828216672974917,1.3249195736717305,1.3249195736717305,0.0004388056824011504,1.2484636526599333,1.9170501701619318,4.327594560897605,nan,nan
16.16,220.00323486328125,-216.45431518554688,-5.017882823944092,218.74416168353628,-216.20742736481893,-5.008437859407913,1.2830853733606364,1.3252212301339934,1.3252212301339934,0.00033762066594307413,1.5064455469450404,2.175498405702305,nan,0.3204379560285752,nan
16.17,220.00323486328125,-216.4456024169922,-5.017882823944092,218.74391938089246,-216.1987402690575,-5.008716905967824,1.2833161801829551,1.3255233286486194,1.3255233286486194,0.00043881466227525134,1.4338464076723783,2.0957405543095544,nan,nan,nan
16.18,220.00323486328125,-216.43687438964844,-5.017882823944092,218.7436772175687,-216.19005325295524,-5.028247407009568,1.2835550478937843,1.3258258701836085,1.3258258701836085,0.00033762600078769765,1.560727177734381,2.231527344575936,nan,1.8282415469826985,nan
16.19,220.00323486328125,-216.4281463623047,-5.017882823944092,218.7434351398202,-216.18136630723694,-5.028558178534897,1.2837872495111484,1.326128855706961,1.326128855706961,0.00043882370627116945,1.5024131677501265,2.173073323700151,nan,nan,nan
16.2,220.00323486328125,-216.41941833496094,-5.017882823944092,218.7180495198962,-216.19090149555547,-5.020616941543609,1.3053462330518555,1.325925829495935,1.325925829495935,0.00033761801283088596,1.3072220014418856,2.0775059838565553,1.9343053599833826,0.3334131216908376,nan
16.21,220.00323486328125,-216.41070556640625,-5.017882823944092,218.71775231554915,-216.18225489867254,-5.02091060848565,1.3056279162115916,1.32622748557155,1.32622748557155,0.00043881015222112723,1.3062330716231727,2.0633643647600226,nan,nan,nan
16.22,220.00323486328125,-216.4019775390625,-5.017882823944092,218.71745516084943,-216.17360856697027,-5.03451090361943,1.306008546539348,1.3265295836831592,1.3265295836831592,0.0003376233235619942,2.1045359059736963,2.8756857460160425,nan,0.8734412741074983,nan
16.23,220.00323486328125,-216.39324951171875,-5.017882823944092,218.71715807690614,-216.16496227316162,-5.034827027422627,1.306290805974106,1.3268321247987631,1.3268321247987631,0.0004388191712583151,1.9401206848344237,2.7104120189449525,nan,nan,nan
16.240000000000002,220.00323486328125,-216.384521484375,-5.017882823944092,218.71686103446206,-216.15631583735401,-5.0389205700529764,1.3066284979153642,1.327135109886362,1.327135109886362,0.0003376286741323558,2.5969736638400116,3.36750208548566,nan,0.07035827223817391,nan
16.25,220.00323486328125,-216.3758087158203,-5.017882823944092,218.71176714986595,-216.16120570193195,-5.039150204341197,1.309349307798752,1.3269320853101843,1.3269320853101843,0.0004388056660653115,2.322414414409458,3.056916734965924,0.8019093349548728,nan,nan
16.26,220.00323486328125,-216.36708068847656,-5.017882823944092,218.71145967838171,-216.15258884284634,-5.0172795600365925,1.3094618146748032,1.3272337410030242,1.3272337410030242,0.00033762065630296473,1.293005501689218,2.0443235961654107,nan,2.4257892498212827,nan
16.27,220.00323486328125,-216.3583526611328,-5.017882823944092,218.71115229055903,-216.14397203510688,-5.017549674268161,1.309746745953756,1.3275358387158445,1.3275358387158445,0.00043881464604191575,1.2924488733835995,2.0441453694337177,nan,nan,nan
16.28,220.00323486328125,-216.34962463378906,-5.017882823944092,218.71084478772423,-216.13535525538668,-5.027722041003982,1.310068808922486,1.3278383794166455,1.3278383794166455,0.0003376259912080858,1.5792021015600026,2.331782136816768,nan,0.4836512872670108,nan
16.29,220.00323486328125,-216.34091186523438,-5.017882823944092,218.71053736423656,-216.12673823419073,-5.028009399812334,1.3103586210689189,1.3281413640734276,1.3281413640734276,0.0004388236901393791,1.5264240986556845,2.2604769442851147,nan,nan,nan
16.3,220.00323486328125,-216.33218383789062,-5.017882823944092,218.69143486422223,-216.11853434389442,-5.006795339264676,1.3291306467509474,1.3279383411145718,1.3279383411145718,0.0003376180034556535,1.6943480402117306,2.5862811710225957,0.8242779707905296,2.2951152432516553,nan
16.31,220.00323486328125,-216.32345581054688,-5.017882823944092,218.69108617843062,-216.10991807087572,-5.007064086707541,1.329454618441144,1.3282399964284746,1.3282399964284746,0.0004388101364340576,1.5973150741265272,2.489602962967216,nan,nan,nan
16.32,220.00323486328125,-216.31472778320312,-5.017882823944092,218.69073744295548,-216.10130168302933,-4.997044092658435,1.3299001584024224,1.3285420937466912,1.3285420937466912,0.00033762331424572976,2.6171375300804156,3.5088870763560025,nan,0.5223552928179405,nan
16.330000000000002,220.00323486328125,-216.30601501464844,-5.017882823944092,218.6903887528557,-216.09268534969428,-4.997298816946657,1.330224852028029,1.3288446340372215,1.3288446340372215,0.00043881915557017226,2.2968365339166326,3.1714826811717507,nan,nan,nan
16.34,220.00323486328125,-216.2972869873047,-5.017882823944092,218.6900400937682,-216.0840689848444,-5.000863580801923,1.3305006854138435,1.3291476182680655,1.3291476182680655,0.0003376286648744608,2.1895461067691677,3.081630266459254,nan,0.05401980467034676,nan
16.35,220.00323486328125,-216.28855895996094,-5.017882823944092,218.70316736887838,-216.08833963724086,-5.001080145030697,1.315502032386154,1.3289445969091906,1.3289445969091906,0.0004388056507121749,1.9453886085018965,2.782450285417898,0.7772230296626129,nan,nan
16.36,220.00323486328125,-216.2798309326172,-5.017882823944092,218.70284821026326,-216.07975128257803,-5.016709168895602,1.3156894356850735,1.3292462518479597,1.3292462518479597,0.0003376206472427517,1.3063497703067766,2.1424723473125185,nan,1.1665607494205983,nan
16.37,220.00323486328125,-216.2711181640625,-5.017882823944092,218.70252916117482,-216.07116298438683,-5.016985924921295,1.3159856389030844,1.3295483487757147,1.3295483487757147,0.000438814630785166,1.3043938608297283,2.120515445121809,nan,nan,nan
16.38,220.00323486328125,-216.26239013671875,-5.017882823944092,218.70221020967693,-216.0625749050518,-5.029921104746098,1.3163343786048485,1.3298508886604556,1.3298508886604556,0.00033762598220473707,1.732079249291705,2.5699515180477244,nan,0.7903737212812666,nan
16.39,220.00323486328125,-216.253662109375,-5.017882823944092,218.70189131003386,-216.05398684271248,-5.030219658021901,1.3166310998796744,1.330153872470183,1.330153872470183,0.0004388236749780718,1.6499619753943326,2.487889661828449,nan,nan,nan
16.4,220.00323486328125,-216.24493408203125,-5.017882823944092,218.6894335420028,-216.01938851521845,-5.032571196107614,1.3331018201092946,1.3299508526941328,1.3299508526941328,0.00033761799464439106,1.9751287697487214,2.7499743083885653,1.9030078631384801,0.022786133217359766,nan
16.41,220.00323486328125,-216.23622131347656,-5.017882823944092,218.68908801768254,-216.01074337846237,-5.032856947701994,1.3334340836192966,1.3302525072615368,1.3302525072615368,0.00043881012159673494,1.8474374152584243,2.609804007346416,nan,nan,nan
16.42,220.00323486328125,-216.2274932861328,-5.017882823944092,218.68874243532252,-216.00209823266323,-5.04797419722546,1.3340160284027103,1.3305546038029308,1.3305546038029308,0.0003376233054899029,4.018761613677548,4.794120416933229,nan,1.0851003673313746,nan
16.43,220.00323486328125,-216.21876525878906,-5.017882823944092,218.6883969954591,-215.99345318084104,-5.048284874615741,1.3343494429171807,1.3308571432863152,1.3308571432863152,0.00043881914082573433,3.4434562409440304,4.2183395231347305,nan,nan,nan
16.44,220.00323486328125,-216.21005249023438,-5.017882823944092,218.68805170928653,-215.98480822284714,-5.036190317662155,1.3344575200689457,1.3311601266796902,1.3311601266796902,0.000337628656173497,2.330212361794578,3.091385059869848,nan,0.7593230990562219,nan
16.45,220.00323486328125,-216.20132446289062,-5.017882823944092,218.6944469218967,-215.98099673068913,-5.0365076942308376,1.3273345738297588,1.330957108469491,1.330957108469491,0.0004388056362825605,2.1139839171948895,2.895382848730039,0.1609398442839471,nan,nan
16.46,220.00323486328125,-216.19259643554688,-5.017882823944092,218.6941164134314,-215.97236223607302,-5.0224966508093205,1.3275223183636118,1.3312587626692636,1.3312587626692636,0.00033762063872756597,1.3868316060314034,2.1686339798418603,nan,1.0104792571874952,nan
16.47,220.00323486328125,-216.18386840820312,-5.017882823944092,218.69378597590236,-215.96372779517148,-5.0227759413414725,1.3278336570375189,1.3315608588283554,1.3315608588283554,0.00043881461644612835,1.3786608953525883,2.1602809062493167,nan,nan,nan
16.48,220.00323486328125,-216.17515563964844,-5.017882823944092,218.6934557094922,-215.95509331636163,-5.00201787413284,1.3282321161842268,1.3318633979147667,1.3318633979147667,0.00033762597374299014,2.0699112961496926,2.8371038434982045,nan,2.1836385123151034,nan
16.490000000000002,220.00323486328125,-216.1664276123047,-5.017882823944092,218.69312559687842,-215.94645890278204,-5.0022668581631615,1.3285391907922397,1.3321663808964976,1.3321663808964976,0.0004388236607287662,1.8804481180258434,2.662360629533164,nan,nan,nan
16.5,220.00323486328125,-216.15769958496094,-5.017882823944092,218.6892026430405,-215.94379073185672,-5.004406453966823,1.3313974935439041,1.331963364235355,1.331963364235355,0.00033761798636317285,1.868618714230352,2.70176406598157,0.10437674894606243,0.017298026578123543,nan
16.51,220.00323486328125,-216.1489715576172,-5.017882823944092,218.68886482240612,-215.9351695241634,-5.004663597820019,1.3317111780706778,1.3322650180711961,1.3322650180711961,0.0004388101076519215,1.7292577471442065,2.5621867778700667,nan,nan,nan
16.52,220.00323486328125,-216.1402587890625,-5.017882823944092,218.6885270201484,-215.92654829440963,-5.012948613645375,1.3319734362032452,1.3325671138520032,1.3325671138520032,0.00033762329726075724,1.4034729828119432,2.220188537641259,nan,0.3178793697997828,nan
16.53,220.00323486328125,-216.13153076171875,-5.017882823944092,218.68818909744022,-215.917927021552,-5.013220137705929,1.3322888818543115,1.3328696525457768,1.3328696525457768,0.0004388191269682932,1.3812355702464916,2.215766967828679,nan,nan,nan
16.54,220.00323486328125,-216.122802734375,-5.017882823944092,218.68785118030428,-215.90930586946658,-5.027811632831556,1.3326341305901297,1.3331726351205169,1.3331726351205169,0.00033762864799593016,1.6240031820389096,2.45807533123018,nan,1.0114997797246943,nan
16.55,220.00323486328125,-216.11407470703125,-5.017882823944092,218.69111674568936,-215.8607225991844,-5.028086469552442,1.3363926666391992,1.3329696199918157,1.3329696199918157,0.00043880562272101945,1.577014057444789,2.323623340336981,3.1981648065369543,nan,nan
16.56,220.00323486328125,-216.10536193847656,-5.017882823944092,218.6907866812903,-215.85201394385393,-5.010851225165326,1.3366955076501406,1.333271273467391,1.333271273467391,0.0003376206307246073,1.4865380162530675,2.228514864315732,nan,1.5156260480755073,nan
16.57,220.00323486328125,-216.0966339111328,-5.017882823944092,218.6904566716305,-215.84330523934116,-5.0111172713310355,1.337014498473257,1.3335733688738904,1.3335733688738904,0.00043881460296972156,1.4447400723192092,2.192360299651054,nan,nan,nan
16.580000000000002,220.00323486328125,-216.08790588378906,-5.017882823944092,218.6901266028247,-215.83459664012923,-5.015377860907424,1.337320137978391,1.3338759071793138,1.3338759071793138,0.00033762596579027217,1.3593537393739317,2.106501134538047,nan,0.07868306773157714,nan
16.59,220.00323486328125,-216.0791778564453,-5.017882823944092,218.6897964490999,-215.8258880052255,-5.01565198902227,1.337640158339537,1.3341788893516613,1.3341788893516613,0.0004388236473366043,1.3524475069631077,2.100946946794999,nan,nan,nan
16.6,220.00323486328125,-216.07046508789062,-5.017882823944092,218.6990390764714,-215.8228210499602,-4.997437354858,1.327656671380526,1.3339758757389626,1.3339758757389626,0.0003376179785801156,2.5591907289734235,3.262250315168407,0.25181998054324584,1.6837166741387068,nan
16.61,220.00323486328125,-216.06173706054688,-5.017882823944092,218.69872983521364,-215.81412463588302,-4.9976820275255625,1.3279508098109398,1.3342775288579043,1.3342775288579043,0.0004388100945459261,2.2512999127131703,2.9607749356611994,nan,nan,nan
16.62,220.00323486328125,-216.05300903320312,-5.017882823944092,218.6984206923053,-215.8054282801918,-4.995099204330457,1.3282903836752105,1.3345796238940317,1.3345796238940317,0.0003376232895266501,2.859134465110957,3.5689610515004633,nan,0.03946861951451561,nan
16.63,220.00323486328125,-216.04428100585938,-5.017882823944092,218.69811163339995,-215.79673197051125,-4.995341506161752,1.328583938291051,1.334882161815345,1.334882161815345,0.0004388191139443903,2.479840157291674,3.1909307864436,nan,nan,nan
16.64,220.00323486328125,-216.0355682373047,-5.017882823944092,218.69780267003787,-215.78803561667397,-4.995133675891171,1.3288879310045898,1.3351851435898443,1.3351851435898443,0.00033762864031028974,2.855052235393736,3.5593771283756785,nan,0.0010036843872337487,nan
16.65,220.00323486328125,-216.02684020996094,-5.017882823944092,218.71074505997848,-215.78324770365504,-4.99531305409243,1.315437796051636,1.334982131476884,1.334982131476884,0.0004388056099752064,2.4566640138288838,3.0757112839487717,0.5580102148059076,nan,nan
16.66,220.00323486328125,-216.0181121826172,-5.017882823944092,218.71046504186654,-215.774559957119,-4.985740563381983,1.3159044884108326,1.3352837842427907,1.3352837842427907,0.0003376206232030671,4.356049937006729,4.977226942776675,nan,0.4740219462689801,nan
16.67,220.00323486328125,-216.00938415527344,-5.017882823944092,218.710184862163,-215.7658723320436,-4.985956120969107,1.3161670212429202,1.3355858789124424,1.3355858789124424,0.00043881459030395344,3.6191489666688774,4.241903406087203,nan,nan,nan
16.68,220.00323486328125,-216.00067138671875,-5.017882823944092,218.70990476104436,-215.75718479476123,-5.004047382233466,1.3161230539970454,1.3358884164538394,1.3358884164538394,0.00033762595831592155,1.863463982147703,2.4799870730481977,nan,1.576257374014612,nan
16.69,220.00323486328125,-215.991943359375,-5.017882823944092,218.70962469999898,-215.74849729631833,-5.004292722534416,1.3163882144038241,1.3361913978349818,1.3361913978349818,0.00043882363475008786,1.717617490051283,2.3432318221331485,nan,nan,nan
16.7,220.00323486328125,-215.98321533203125,-5.017882823944092,218.70759313601084,-215.72823876870007,-5.001033146763922,1.3206000321495912,1.3359883872056681,1.3359883872056681,0.00033761797126523503,2.146102091765034,2.751037266988046,0.3129407501079707,0.05933782511101066,nan
16.71,220.00323486328125,-215.9744873046875,-5.017882823944092,218.70730926740853,-215.71952625117603,-5.001268121011713,1.320872566601057,1.3362900396221051,1.3362900396221051,0.0004388100822283767,1.9345102848833429,2.539355403878832,nan,nan,nan
16.72,220.00323486328125,-215.9657745361328,-5.017882823944092,218.70702545434506,-215.71081391700696,-5.0011333293044276,1.3211526386797388,1.3365921339291376,1.3365921339291376,0.0003376232822577812,2.1366242028802374,2.7385654947168683,nan,0.0006777881290650185,nan
16.73,220.00323486328125,-215.95704650878906,-5.017882823944092,218.70674146232423,-215.70210156414092,-5.001369648532691,1.3214252716248882,1.3368946710947656,1.3368946710947656,0.0004388191017040012,1.9273372196633805,2.5347462214135565,nan,nan,nan
16.740000000000002,220.00323486328125,-215.9483184814453,-5.017882823944092,218.70645748927583,-215.69338908536884,-5.024760579531639,1.3216156242411108,1.3371976520869897,1.3371976520869897,0.0003376286330869884,1.4462849792029693,2.053938308651086,nan,2.6447280528653283,nan
16.75,220.00323486328125,-215.93959045410156,-5.017882823944092,218.68833868500573,-215.67556423821628,-5.024987864175412,1.341160797188373,1.3369946429254027,1.3369946429254027,0.0004388055979961583,1.4603453679812197,2.108406192434624,0.8892853774703912,nan,nan
16.76,220.00323486328125,-215.93087768554688,-5.017882823944092,218.68801574386495,-215.6668318230292,-5.017167348046427,1.3414626575110613,1.3372962949959024,1.3372962949959024,0.0003376206161339865,1.3471578335274614,1.9946765817734264,nan,0.3224914782194691,nan
16.77,220.00323486328125,-215.92214965820312,-5.017882823944092,218.6876927802871,-215.65809942689617,-5.0174203089447,1.3417800530273007,1.3375983889441327,1.3375983889441327,0.0004388145784000575,1.3464621255828746,1.9954580183995774,nan,nan,nan
16.78,220.00323486328125,-215.91342163085938,-5.017882823944092,218.68736980322444,-215.64936701518846,-5.040965482337967,1.342295982804817,1.3379009257380938,1.3379009257380938,0.00033762595129120177,2.9244119884013404,3.573816353200302,nan,2.676322616870514,nan
16.79,220.00323486328125,-215.90469360351562,-5.017882823944092,218.68704687321312,-215.64063474380558,-5.04125630376257,1.3426184216484516,1.3382039063457858,1.3382039063457858,0.0004388236229206522,2.591603128151683,3.240747015101748,nan,nan,nan
16.8,220.00323486328125,-215.89598083496094,-5.017882823944092,218.6819552113812,-215.6408228724256,-5.029192370595387,1.3457389829442346,1.338000898636174,1.338000898636174,0.00033761796439038267,1.7322740906853624,2.4007447333173477,0.21335782042158655,0.7508256483305368,nan
16.81,220.00323486328125,-215.8872528076172,-5.017882823944092,218.68162201348377,-215.63210999236452,-5.029462604379465,1.346065552727575,1.3383025503642358,1.3383025503642358,0.0004388100706517183,1.659352783123937,2.331076768772135,nan,nan,nan
16.82,220.00323486328125,-215.87852478027344,-5.017882823944092,218.6812889354592,-215.62339713125465,-5.0412995750405205,1.3465435372133527,1.3386046439574422,1.3386046439574422,0.00033762327542616896,2.9782502945562825,3.6504240939534482,nan,0.6599455668162122,nan
16.830000000000002,220.00323486328125,-215.8697967529297,-5.017882823944092,218.68095607895054,-215.6146842971267,-5.041589641601345,1.3468725113389,1.338907180383793,1.338907180383793,0.0004388190901998936,2.6352055692809655,3.3062183649146437,nan,nan,nan
16.84,220.00323486328125,-215.861083984375,-5.017882823944092,218.68062334520832,-215.60597149141861,-5.038767920626423,1.3471524780309907,1.3392101606112887,1.3392101606112887,0.0003376286262981737,2.6467305318621577,3.3142473254418237,nan,0.04780061770912637,nan
16.85,220.00323486328125,-215.85235595703125,-5.017882823944092,218.66862778063063,-215.59109652309664,-5.038995888389481,1.36010231908166,1.3390071543380688,1.3390071543380688,0.000438805586737711,2.3970488224549227,3.0867197175172207,0.4990429626638909,nan,nan
16.86,220.00323486328125,-215.8436279296875,-5.017882823944092,218.66826938423694,-215.5823700463612,-5.0320096846073135,1.360363216215562,1.3393088057271598,1.3393088057271598,0.00033762060949013106,1.9727015261990493,2.6630013214162105,nan,0.2600866080648425,nan
16.87,220.00323486328125,-215.83489990234375,-5.017882823944092,218.66791097550737,-215.5736434498405,-5.032274018593141,1.3607174305187575,1.3396108989690818,1.3396108989690818,0.00043881456721229134,1.8539700220742927,2.543975125856369,nan,nan,nan
16.88,220.00323486328125,-215.82618713378906,-5.017882823944092,218.66755266411718,-215.56491675090427,-5.038144039660547,1.3611464531779214,1.3399134350318342,1.3399134350318342,0.0003376259446890449,2.598302090701666,3.286020235824882,nan,0.15497378859748673,nan
16.89,220.00323486328125,-215.8174591064453,-5.017882823944092,218.667194315405,-215.55619003431391,-5.03841895315189,1.361501967029323,1.340216414883418,1.340216414883418,0.0004388236118028734,2.3438635728970687,3.0335801198612753,nan,nan,nan
16.9,220.00323486328125,-215.80873107910156,-5.017882823944092,218.70154855224393,-215.52153524972127,-5.041520112471403,1.333201942004396,1.3400134100311714,1.3400134100311714,0.00033761795792908004,2.980900593591812,3.513599337313404,3.732072450279142,0.04020447705843742,nan
16.91,220.00323486328125,-215.8000030517578,-5.017882823944092,218.70126610166838,-215.51275202772558,-5.0417957674632365,1.3334945203828408,1.3403150610847265,1.3403150610847265,0.00043881005977151275,2.629417324748692,3.1620540582475885,nan,nan,nan
16.92,220.00323486328125,-215.79129028320312,-5.017882823944092,218.70098332233198,-215.503968902223,-5.03460819873203,1.3336762688279633,1.3406171539790652,1.3406171539790652,0.00033762326900552034,2.155113847014669,2.6945193934448093,nan,0.27486320632062883,nan
16.93,220.00323486328125,-215.78256225585938,-5.017882823944092,218.70070047316645,-215.49518577138625,-5.034874250284304,1.3339676869508288,1.3409196896821876,1.3409196896821876,0.0004388190793877837,1.9847580621147851,2.518407686446483,nan,nan,nan
16.94,220.00323486328125,-215.77383422851562,-5.017882823944092,218.70041775903297,-215.486402582582,-5.031206748681749,1.3342139577955223,1.3412226691620939,1.3412226691620939,0.00033762861991775306,1.8529149650869763,2.387553977435739,nan,0.07637688353118112,nan
16.95,220.00323486328125,-215.76510620117188,-5.017882823944092,218.70595296649032,-215.49839706338477,-5.031436076349115,1.3244839653885507,1.3410196657155673,1.3410196657155673,0.0004388055761564542,1.7266303075268044,2.22058459938855,0.967477620872554,nan,nan
16.96,220.00323486328125,-215.7563934326172,-5.017882823944092,218.70568291388102,-215.48965929461747,-5.022398267452288,1.3246918702086405,1.3413213164369888,1.3413213164369888,0.00033762060324593775,1.3686443451093497,1.8626669527056559,nan,0.42611824280308536,nan
16.97,220.00323486328125,-215.74766540527344,-5.017882823944092,218.70541281843356,-215.4809215129893,-5.022640730382563,1.324959245349534,1.3416234089874075,1.3416234089874075,0.0004388145566974523,1.360073439057311,1.85569737213418,nan,nan,nan
16.98,220.00323486328125,-215.7389373779297,-5.017882823944092,218.70514266619756,-215.47218374556567,-5.018749600743299,1.3252175684811072,1.3419259443348242,1.3419259443348242,0.00033762593848403726,1.310941919146862,1.8067756684547422,nan,0.08433647636401634,nan
16.990000000000002,220.00323486328125,-215.73020935058594,-5.017882823944092,218.7048724169959,-215.46344597656983,-5.01898747834253,1.325484424616858,1.3422289234472384,1.3422289234472384,0.000438823601353843,1.3117286626355689,1.807883264171108,nan,nan,nan
17.0,220.00323486328125,-215.72149658203125,-5.017882823944092,218.71357761633598,-215.4432931419267,-5.021232403998077,1.319327172603899,1.3420259213913397,1.3420259213913397,0.0003376179518564514,1.3302358870480422,1.786586103443827,0.4571951848346343,0.02060217671155771,nan
17.01,220.00323486328125,-215.7127685546875,-5.017882823944092,218.71332700417565,-215.43453055218407,-5.021468387944023,1.3195800571729932,1.3423275717839986,1.3423275717839986,0.00043881004954576195,1.3265064798445363,1.7807064924008351,nan,nan,nan
17.02,220.00323486328125,-215.70404052734375,-5.017882823944092,218.71307657798548,-215.42576804821078,-5.025848768967148,1.3198512908810032,1.342629663994124,1.342629663994124,0.0003376232629710719,1.485362065365205,1.9406200495324728,nan,0.08469194549641842,nan
17.03,220.00323486328125,-215.6953125,-5.017882823944092,218.71282643211444,-215.4170055479789,-5.026093360453581,1.320104576039124,1.3429321989897158,1.3429321989897158,0.00043881906922610755,1.4512382603457128,1.9065710834996616,nan,nan,nan
17.04,220.00323486328125,-215.6865997314453,-5.017882823944092,218.71257637866856,-215.40824297651878,-5.028216505184938,1.320374413522145,1.3432351777387743,1.3432351777387743,0.0003376286139211291,1.6141026004209489,2.073278246798921,nan,0.01739211755901743,nan
17.05,220.00323486328125,-215.67787170410156,-5.017882823944092,218.71939644187302,-215.4051451181424,-5.028444593310089,1.3125290221343935,1.3430321770585723,1.3430321770585723,0.0004388055662117601,1.536850635015964,1.964097501410542,0.18253461835777235,nan,nan
17.06,220.00323486328125,-215.6691436767578,-5.017882823944092,218.7191617120311,-215.39639502175066,-5.02161457625827,1.312726023412734,1.343333827125808,1.343333827125808,0.00033762059737735267,1.324052660853823,1.75195487236609,nan,0.24700407178342257,nan
17.07,220.00323486328125,-215.66043090820312,-5.017882823944092,218.7189268665581,-215.38764500406887,-5.021850280728404,1.3129641734086757,1.3436359189992284,1.3436359189992284,0.00043881454681518703,1.3188518622578675,1.7490029426666538,nan,nan,nan
17.080000000000002,220.00323486328125,-215.65170288085938,-5.017882823944092,218.71869205183148,-215.37889507088994,-5.007229573052104,1.3132356328481807,1.343938453646834,1.343938453646834,0.00033762593265229706,1.6192962211393027,2.0489987307287656,nan,1.0890340815190904,nan
17.09,220.00323486328125,-215.64297485351562,-5.017882823944092,218.71845723153007,-215.37014506348945,-5.007444517163223,1.3134681631552243,1.344241432036625,1.344241432036625,0.00043882359153333823,1.5316145623291706,1.9631070456225708,nan,nan,nan
17.1,220.00323486328125,-215.63424682617188,-5.017882823944092,218.74733840468582,-215.40431552247264,-4.99484350085686,1.2769789072422806,1.344038432717347,1.344038432717347,0.00033761794614911914,2.785092452011256,3.2461631697349995,5.52028336992809,0.8212309255026287,nan
17.11,220.00323486328125,-215.6255340576172,-5.017882823944092,218.74716750974957,-215.39565947811917,-4.9950567006334,1.2771329417147046,1.3443400824624672,1.3443400824624672,0.0004388100399350974,2.4002727126515855,2.8506898391002222,nan,nan,nan
17.12,220.00323486328125,-215.61680603027344,-5.017882823944092,218.74699661708206,-215.38700341013404,-4.996737828180761,1.2772591304360976,1.3446421740027352,1.3446421740027352,0.0003376232572996335,2.5372095269348627,3.0011684570332178,nan,0.01061639004551794,nan
17.13,220.00323486328125,-215.6080780029297,-5.017882823944092,218.74682580157648,-215.37834727777403,-4.996955424411247,1.2774106201475,1.3449447083061512,1.3449447083061512,0.0004388190596756399,2.2109753476325804,2.6765749785971193,nan,nan,nan
17.14,220.00323486328125,-215.59934997558594,-5.017882823944092,218.74665497042037,-215.36969118270957,-5.019484255175468,1.2773953001595428,1.3452476863407155,1.3452476863407155,0.0003376286082852303,1.220559252698956,1.6871441421241586,nan,2.4555840008502603,nan
17.150000000000002,220.00323486328125,-215.59063720703125,-5.017882823944092,218.7605437963306,-215.39924805810244,-5.019751890817777,1.2573441802535987,1.3450446883677463,1.3450446883677463,0.0004388055568652482,1.183320564566414,1.7231488404060966,3.282130120954769,nan,nan
17.16,220.00323486328125,-215.5819091796875,-5.017882823944092,218.76040365899595,-215.39067535142132,-5.0196442349288315,1.257458898726806,1.3453463377940276,1.3453463377940276,0.0003376205918617867,1.1845000886919401,1.7489487298351347,nan,0.0006602921965683018,nan
17.17,220.00323486328125,-215.57318115234375,-5.017882823944092,218.7602635095983,-215.38210273129638,-5.019903000118902,1.2575741847613398,1.3456484290046589,1.3456484290046589,0.0004388145375273447,1.1845617799738128,1.7507817694018561,nan,nan,nan
17.18,220.00323486328125,-215.564453125,-5.017882823944092,218.76012334267088,-215.37353009214493,-5.015832416761631,1.2576891751615011,1.3459509629676398,1.3459509629676398,0.0003376259271713309,1.1876642523400183,1.7546166594346806,nan,0.09251658943105974,nan
17.19,220.00323486328125,-215.5557403564453,-5.017882823944092,218.759983039097,-215.36495728559248,-5.016086711531741,1.2578062269210286,1.3462539406509708,1.3462539406509708,0.0004388235823036161,1.1825185735706452,1.7279351272079722,nan,nan,nan
17.2,220.00323486328125,-215.54701232910156,-5.017882823944092,218.76508123074322,-215.34306973481898,-5.011549475823505,1.2548534220490628,1.3460509440098505,1.3460509440098505,0.0003376179407850931,1.288611681196236,1.84018389250812,0.4430003908149878,0.11505029232474202,nan
17.21,220.00323486328125,-215.5382843017578,-5.017882823944092,218.76495250831073,-215.3344677502762,-5.011805124450772,1.2549586908421864,1.3463525931205391,1.3463525931205391,0.00043881003090260836,1.2539200464021167,1.8058780154911265,nan,nan,nan
17.22,220.00323486328125,-215.52955627441406,-5.017882823944092,218.76482373147792,-215.3258657519924,-5.0146721201186635,1.255054687620372,1.346654684005013,1.346654684005013,0.00033762325196934817,1.2002106111776196,1.7524787010165819,nan,0.033623201682739245,nan
17.23,220.00323486328125,-215.52084350585938,-5.017882823944092,218.7646948479953,-215.31726380640043,-5.014933488771126,1.255163241205824,1.3469572176312727,1.3469572176312727,0.00043881905069973246,1.1894411864247336,1.7244410113832034,nan,nan,nan
17.240000000000002,220.00323486328125,-215.51211547851562,-5.017882823944092,218.76456585363087,-215.30866190282362,-5.007281143905709,1.2553113831037115,1.3472601949673182,1.3472601949673182,0.0003376286029883634,1.5024517456123418,2.058297697297849,nan,0.309053660172379,nan
17.25,220.00323486328125,-215.50338745117188,-5.017882823944092,218.75522706065277,-215.285597591272,-5.007533579016611,1.266910811922979,1.347057199643741,1.347057199643741,0.0004388055480809383,1.4355407341201187,1.9699756869930047,0.5805610252624884,nan,nan
17.26,220.00323486328125,-215.49465942382812,-5.017882823944092,218.7550777555136,-215.2769639630557,-5.004574752085256,1.267069289379393,1.3473588484420524,1.3473588484420524,0.00033762058667800626,1.7160002346838774,2.2504844161062647,nan,0.05087891077132543,nan
17.27,220.00323486328125,-215.48594665527344,-5.017882823944092,218.75492830632749,-215.2683301708529,-5.004822999800633,1.2672003604134499,1.3476609390038135,1.3476609390038135,0.0004388145287981673,1.580098342491402,2.100072492583328,nan,nan,nan
17.28,220.00323486328125,-215.4772186279297,-5.017882823944092,218.75477888342576,-215.25969643086265,-5.02667479397131,1.26729457451327,1.3479634722970242,1.3479634722970242,0.00033762592202007903,1.4203438372308974,1.956333734115235,nan,2.302344925893623,nan
17.29,220.00323486328125,-215.46849060058594,-5.017882823944092,218.75462967583377,-215.25106276155253,-5.026958079166476,1.2674273705285235,1.348266449289685,1.348266449289685,0.0004388235736290391,1.3790583520224906,1.9152494121256323,nan,nan,nan
17.3,220.00323486328125,-215.4597625732422,-5.017882823944092,218.7445390252652,-215.24975993226542,-5.021394394271391,1.2760989981119464,1.3480634552694977,1.3480634552694977,0.0003376179357437374,1.2444910214543952,1.8041160083632757,0.3135101508663408,0.167551737123119,nan
17.31,220.00323486328125,-215.4510498046875,-5.017882823944092,218.74436832495135,-215.24114225892478,-5.021666892134055,1.2762525056848637,1.3483651037586164,1.3483651037586164,0.00043881002241339046,1.2406178038639373,1.7839328587195333,nan,nan,nan
17.32,220.00323486328125,-215.44232177734375,-5.017882823944092,218.74419764818032,-215.23252455182796,-5.034032756837008,1.2764992773894068,1.3486671940010728,1.3486671940010728,0.0003376232469597,1.9805185936880707,2.5419946344940914,nan,0.7214130584488936,nan
17.330000000000002,220.00323486328125,-215.43359375,-5.017882823944092,218.7440269313662,-215.2239068055857,-5.03432582540363,1.276653282121892,1.3489697269648673,1.3489697269648673,0.0004388190422637249,1.8241493950322618,2.3856159353374804,nan,nan,nan
17.34,220.00323486328125,-215.42486572265625,-5.017882823944092,218.7438561409573,-215.21528898557193,-5.052223934672314,1.2771595385288734,1.349272703618,1.349272703618,0.0003376285980100945,4.700953021376149,5.2630214282118715,nan,1.5288855247900897,nan
17.35,220.00323486328125,-215.41615295410156,-5.017882823944092,218.75428443466615,-215.19841364644594,-5.05251381084882,1.2682613628468677,1.349069710887199,1.349069710887199,0.0004388055398250771,3.924517685554354,4.42025548756858,0.40237539571476105,nan,nan
17.36,220.00323486328125,-215.4074249267578,-5.017882823944092,218.75413678331816,-215.18977775845994,-5.045917242992077,1.2682279889227013,1.34937135907028,1.34937135907028,0.00033762058180603695,3.5192274641098926,4.029704471288132,nan,0.23571159085340393,nan
17.37,220.00323486328125,-215.39869689941406,-5.017882823944092,218.7539890999831,-215.18114193956575,-5.046223033188487,1.2683644212658252,1.3496734489968059,1.3496734489968059,0.00043881452059413837,3.021670597693882,3.53298862135962,nan,nan,nan
17.38,220.00323486328125,-215.3899688720703,-5.017882823944092,218.75384141208428,-215.17250608475223,-5.04149745931546,1.2683973000466917,1.3499759816347765,1.3499759816347765,0.00033762591717868785,2.8430183611124367,3.3558676832616126,nan,0.12494731365586975,nan
17.39,220.00323486328125,-215.38125610351562,-5.017882823944092,218.7536937177886,-215.16387017853657,-5.0417978701413135,1.2685352356528041,1.3502789579521923,1.3502789579521923,0.0004388235654763322,2.4946409250185972,2.994292520129083,nan,nan,nan
17.400000000000002,220.00323486328125,-215.37252807617188,-5.017882823944092,218.74989373047697,-215.1340456083703,-5.042297475972624,1.2760618942126305,1.350075966496924,1.350075966496924,0.000337617931005648,2.971195839586361,3.4765149765648173,0.9348315765853452,0.00014398374583110438,nan
17.41,220.00323486328125,-215.36380004882812,-5.017882823944092,218.7497379898595,-215.12536326631718,-5.042605335578653,1.2762122525323782,1.3503776143770918,1.3503776143770918,0.00043881001443487266,2.5985313743168716,3.1054073910894906,nan,nan,nan
17.42,220.00323486328125,-215.35507202148438,-5.017882823944092,218.74958207150505,-215.1166809573014,-5.035547134840623,1.2762396521382675,1.3506797039910257,1.3506797039910257,0.000337623242251403,2.129860772789875,2.6369528489602976,nan,0.2677642265413398,nan
17.43,220.00323486328125,-215.3463592529297,-5.017882823944092,218.74942602544658,-215.10799886048022,-5.035845579891135,1.2763913738043666,1.3509822363067256,1.3509822363067256,0.00043881903433513913,1.9409730960491531,2.4411486723177,nan,nan,nan
17.44,220.00323486328125,-215.33763122558594,-5.017882823944092,218.7492700669843,-215.09931689076996,-5.029651570693703,1.2764638404321798,1.351285212292192,1.351285212292192,0.00033762859333129943,1.6159070118193328,2.1255316066518475,nan,0.208023415435678,nan
17.45,220.00323486328125,-215.3289031982422,-5.017882823944092,218.7195411809451,-215.05572177906677,-5.029968187946092,1.3124951862294576,1.3510822220987495,1.3510822220987495,0.00043880553206577735,1.60775118910031,2.1807930924735217,4.163842724586221,nan,nan
17.46,220.00323486328125,-215.32017517089844,-5.017882823944092,218.7193207334816,-215.0469635005614,-5.025876555646142,1.3126857998980903,1.3513838696790996,1.3513838696790996,0.0003376205772271379,1.4643135632083777,2.0381111641100165,nan,0.09505369884905851,nan
17.47,220.00323486328125,-215.31146240234375,-5.017882823944092,218.71910021245785,-215.03820538474085,-5.026168416442562,1.3129127351646905,1.351685958983746,1.351685958983746,0.00043881451288354373,1.4316475454981232,2.0079908094636147,nan,nan,nan
17.48,220.00323486328125,-215.302734375,-5.017882823944092,218.7188796270814,-215.02944721451115,-5.007763779378559,1.3131476078129725,1.3519884909806894,1.3519884909806894,0.00033762591262852384,1.5786264695513936,2.1526697784655457,nan,1.724693094337937,nan
17.490000000000002,220.00323486328125,-215.29400634765625,-5.017882823944092,218.71865899358042,-215.02068899914255,-5.008028513595398,1.3133676733682207,1.35229146663793,1.35229146663793,0.0004388235578140046,1.496782818115207,2.0717112273665297,nan,nan,nan
17.5,220.00323486328125,-215.2852783203125,-5.017882823944092,218.74208881327422,-215.01097704926042,-5.01139026113753,1.2906481705410324,1.3520884776927538,1.3520884776927538,0.00033761792655254293,1.3568238518543683,1.8883667198618321,1.1068156165902703,0.04741949129747923,nan
17.51,220.00323486328125,-215.2765655517578,-5.017882823944092,218.74192007062442,-215.0022167968136,-5.011660905741686,1.2908218148840325,1.3523901249763515,1.3523901249763515,0.000438810006936297,1.3202488305242914,1.85591330170412,nan,nan,nan
17.52,220.00323486328125,-215.26783752441406,-5.017882823944092,218.74175138151313,-214.9934566847806,-5.003594687421287,1.2910575396848467,1.3526922139749815,1.3526922139749815,0.0003376232378263143,1.836750891973308,2.3698781382198715,nan,0.34297522766882454,nan
17.53,220.00323486328125,-215.2591094970703,-5.017882823944092,218.74158270937062,-214.98469659318138,-5.003854401148788,1.2912263147621392,1.352994745656644,1.352994745656644,0.0004388190268835417,1.680601161274799,2.2158857215958507,nan,nan,nan
17.54,220.00323486328125,-215.25038146972656,-5.017882823944092,218.74141405933324,-214.97593651400416,-5.009348911836238,1.291349914877197,1.353297720989339,1.353297720989339,0.00033762858893394434,1.4478874453047337,1.9843882607561534,nan,0.13513259628528498,nan
17.55,220.00323486328125,-215.24166870117188,-5.017882823944092,218.7795789010549,-214.96212807856153,-5.009532650804113,1.2552077911537052,1.3530947332790124,1.3530947332790124,0.00043880552477328896,1.3232489167247055,1.7757775395966544,3.281263453287683,nan,nan
17.56,220.00323486328125,-215.23294067382812,-5.017882823944092,218.77949404906198,-214.95335674197125,-4.995430168024177,1.2554731686087317,1.3533963802688944,1.3533963802688944,0.0003376205729236718,2.6574232365527086,3.107704725538262,nan,1.0164494534684636,nan
17.57,220.00323486328125,-215.22421264648438,-5.017882823944092,218.7794090969866,-214.94458525390831,-4.995660198288109,1.2555615596284497,1.3536984689647449,1.3536984689647449,0.0004388145056368327,2.289581710978972,2.741601305535371,nan,nan,nan
17.580000000000002,220.00323486328125,-215.21548461914062,-5.017882823944092,218.77932389660484,-214.93581378008895,-5.005879629917116,1.2555149976139317,1.354001000334564,1.354001000334564,0.00033762590835207924,1.590820794822313,2.043710863073328,nan,0.492214852972158,nan
17.59,220.00323486328125,-215.20677185058594,-5.017882823944092,218.7792384284665,-214.92704244185617,-5.006126875055566,1.2556090223002518,1.3543039753463517,1.3543039753463517,0.00043882355061256647,1.4789427009383838,1.9377714209446468,nan,nan,nan
17.6,220.00323486328125,-215.1980438232422,-5.017882823944092,218.79950493608516,-214.91980561431902,-5.007137871788994,1.2355151526910146,1.354100988857602,1.354100988857602,0.0003376179223673237,1.46919568092197,1.9514383060070188,0.8331299079459626,0.0027284715750601,nan
17.61,220.00323486328125,-215.18931579589844,-5.017882823944092,218.7994637956729,-214.91103754741627,-5.007392020879116,1.235562067942447,1.3544026355567755,1.3544026355567755,0.00043880999988873124,1.3778755268391123,1.8614769390718688,nan,nan,nan
17.62,220.00323486328125,-215.1805877685547,-5.017882823944092,218.79942275819846,-214.90226956334703,-5.020259241744614,1.2355687981878751,1.35470472395305,1.35470472395305,0.0003376232336674149,1.143632613346293,1.6296783436173352,nan,0.784745202387276,nan
17.63,220.00323486328125,-215.171875,-5.017882823944092,218.79938165788545,-214.8935016636442,-5.020535007263825,1.235621822651238,1.3550072550144256,1.3550072550144256,0.0004388190198801171,1.142779435761683,1.6336571252681025,nan,nan,nan
17.64,220.00323486328125,-215.16314697265625,-5.017882823944092,218.7993404005426,-214.884733719496,-5.009392068523647,1.23569733748829,1.3553102297089024,1.3553102297089024,0.0003376285848011056,1.3401150092657006,1.828943979029129,nan,0.6433658118923494,nan
17.650000000000002,220.00323486328125,-215.1544189453125,-5.017882823944092,218.76744549895633,-214.86590201219784,-5.0096325828326895,1.2690490298451305,1.3551072444285974,1.3551072444285974,0.0004388055179194335,1.3435234924416553,1.8183065354285826,2.2210282679184874,nan,nan
17.66,220.00323486328125,-215.14569091796875,-5.017882823944092,218.76733427044763,-214.85711209661326,-4.995224413971958,1.269346845839966,1.3554088908400412,1.3554088908400412,0.0003376205688790725,2.709022993576978,3.183921121280551,nan,1.061019474117093,nan
17.67,220.00323486328125,-215.13697814941406,-5.017882823944092,218.76722298752486,-214.84832225964345,-4.995459395631526,1.2694685462221502,1.3557109789399102,1.3557109789399102,0.0004388144988259993,2.3341790376150127,2.8179767334324373,nan,nan,nan
17.68,220.00323486328125,-215.1282501220703,-5.017882823944092,218.76711169588586,-214.83953242946848,-4.985309557581223,1.269810776720094,1.3560135096962047,1.3560135096962047,0.0003376259043328481,4.330889311508896,4.809970064134428,nan,0.5321661660714756,nan
17.69,220.00323486328125,-215.11952209472656,-5.017882823944092,218.76700021102204,-214.8307425827248,-4.985530793302905,1.2699277049836486,1.3563164840769248,1.3563164840769248,0.00043882354384435813,3.5734057803086805,4.054634525865387,nan,nan,nan
17.7,220.00323486328125,-215.11080932617188,-5.017882823944092,218.80024790879628,-214.80273673023896,-5.015851433006256,1.2418093507358567,1.3561134999920732,1.3561134999920732,0.00033761791843384646,1.1493591731531878,1.656990455595586,2.968281000728773,4.48076404994812,nan
17.71,220.00323486328125,-215.10208129882812,-5.017882823944092,218.80020919783655,-214.793904723487,-5.016113951176803,1.241872248751259,1.3564151461187373,1.3564151461187373,0.00043880999326515553,1.1441301008836042,1.6407868073036185,nan,nan,nan
17.72,220.00323486328125,-215.09335327148438,-5.017882823944092,218.80017052371028,-214.785072841271,-5.0193456554185385,1.2419350903633457,1.3567172339253388,1.3567172339253388,0.0003376232297586805,1.1432003248587588,1.6411074338714058,nan,0.043463152174923914,nan
17.73,220.00323486328125,-215.08462524414062,-5.017882823944092,218.80013182245762,-214.77624106466473,-5.019614850137756,1.2419986831332923,1.357019764379878,1.357019764379878,0.0004388190132980333,1.1435609225392207,1.64275822915986,nan,nan,nan
17.740000000000002,220.00323486328125,-215.07591247558594,-5.017882823944092,218.80009313210337,-214.76740922208194,-5.008323565193276,1.24210130913389,1.357322738450355,1.357322738450355,0.000337628580916881,1.407244307213701,1.9205091852158107,nan,0.6594379269223704,nan
17.75,220.00323486328125,-215.0671844482422,-5.017882823944092,218.80588354814307,-214.77263051709377,-5.008536445622415,1.2330853762030596,1.3571197555481034,1.3571197555481034,0.0004388055114778326,1.319396833571854,1.7811089727469076,0.5298224035156065,nan,nan
17.76,220.00323486328125,-215.05845642089844,-5.017882823944092,218.8058577199161,-214.76382952396048,-5.003740448275849,1.2331735638757853,1.3574214013929098,1.3574214013929098,0.00033762056507777175,1.712552153921758,2.175747087514024,nan,0.12537021557147235,nan
17.77,220.00323486328125,-215.0497283935547,-5.017882823944092,218.8058321552465,-214.75502843628507,-5.003978453474772,1.2332131371104644,1.3577234889093492,1.3577234889093492,0.0004388144924248249,1.560555518363234,2.024468797447385,nan,nan,nan
17.78,220.00323486328125,-215.041015625,-5.017882823944092,218.80580665306053,-214.7462273622371,-5.0019943427124085,1.233282969286049,1.3580260190654223,1.3580260190654223,0.0003376259005553997,1.8675152600384255,2.3417205016014275,nan,0.02438074582260976,nan
17.79,220.00323486328125,-215.03228759765625,-5.017882823944092,218.80578109107472,-214.73742624239756,-5.002230800868936,1.2333222373828272,1.358328992829129,1.358328992829129,0.0004388235374832212,1.6779181537854477,2.144684934516051,nan,nan,nan
17.8,220.00323486328125,-215.0235595703125,-5.017882823944092,218.79833771709554,-214.73896149294157,-5.016436306883012,1.2380530242850336,1.3581260110967608,1.3581260110967608,0.00033761791473698436,1.134791816645819,1.6110542470080371,0.3514495794961479,0.9580807235347181,nan
17.81,220.00323486328125,-215.01483154296875,-5.017882823944092,218.79829623018264,-214.73018280614394,-5.016702403403751,1.2381047638637648,1.358427656662603,1.358427656662603,0.0004388099870399416,1.1316138495636385,1.6092191803658762,nan,nan,nan
17.82,220.00323486328125,-215.00611877441406,-5.017882823944092,218.7982547876916,-214.72140404026732,-5.0232850331715415,1.2381714930787324,1.3587297438919541,1.3587297438919541,0.0003376232260850694,1.2147278834385127,1.6986295426901568,nan,0.1967852627097658,nan
17.830000000000002,220.00323486328125,-214.9973907470703,-5.017882823944092,218.79821333361502,-214.7126251835231,-5.023562764842563,1.2382247675079439,1.3590322737528144,1.3590322737528144,0.0004388190071118481,1.201651821902384,1.6818201609755106,nan,nan,nan
17.84,220.00323486328125,-214.98866271972656,-5.017882823944092,218.7981719599435,-214.70384635243948,-5.026864513954208,1.2382962629479592,1.3593352472131839,1.3593352472131839,0.0003376285772662764,1.3669090142996754,1.8475371217018723,nan,0.04508658179988412,nan
17.85,220.00323486328125,-214.9799346923828,-5.017882823944092,218.7890696553069,-214.65026393670666,-5.027114108359547,1.2581594398228961,1.3591322666381185,1.3591322666381185,0.00043880550542375424,1.3588267279560506,1.8783661747502702,4.179044195004322,nan,nan
17.86,220.00323486328125,-214.97122192382812,-5.017882823944092,218.78900857241337,-214.64138723204306,-5.0105724410106935,1.2582487238373672,1.3594339119278624,1.3594339119278624,0.00033762056150511883,1.322844855049061,1.8616173398409464,nan,1.3955849984199589,nan
17.87,220.00323486328125,-214.96249389648438,-5.017882823944092,218.788947297514,-214.63251064454374,-5.01082468319171,1.2583453644723892,1.3597359988731668,1.3597359988731668,0.0004388144864087573,1.278005562077936,1.7997896442216006,nan,nan,nan
17.88,220.00323486328125,-214.95376586914062,-5.017882823944092,218.78888602436763,-214.6236340861631,-5.0253961028837395,1.25844608389204,1.3600385284420315,1.3600385284420315,0.0003376258970051705,1.3315959032430464,1.8545302334414981,nan,1.0114031627038755,nan
17.89,220.00323486328125,-214.94503784179688,-5.017882823944092,218.7888246184263,-214.61475760854893,-5.025672391991075,1.2585459676361954,1.3603415016024574,1.3603415016024574,0.0004388235315047888,1.3025961044545245,1.8256924768717826,nan,nan,nan
17.900000000000002,220.00323486328125,-214.9363250732422,-5.017882823944092,218.8012677867305,-214.61168391698385,-5.011402624203306,1.2450537042382444,1.3601385221722482,1.3601385221722482,0.00033761791126251045,1.2640558504937367,1.8402079181007633,0.454937735571682,1.0515565631210704,nan
17.91,220.00323486328125,-214.92759704589844,-5.017882823944092,218.801233475764,-214.60282043753722,-5.011668260103408,1.24512079804962,1.3604401671887323,1.3604401671887323,0.0004388099811892366,1.227560819096614,1.7879702645367477,nan,nan,nan
17.92,220.00323486328125,-214.9188690185547,-5.017882823944092,218.80119917214847,-214.59395709229955,-5.029505503236658,1.2452279507197945,1.3607422538530003,1.3607422538530003,0.0003376232226324401,1.5395311879503035,2.10164426713148,nan,1.5231084858988735,nan
17.93,220.00323486328125,-214.91014099121094,-5.017882823944092,218.80116495384007,-214.58509374807667,-5.029800391763889,1.245299082901713,1.3610447831330523,1.3610447831330523,0.00043881900129774643,1.4629528564229892,2.0264069637696345,nan,nan,nan
17.94,220.00323486328125,-214.90142822265625,-5.017882823944092,218.8011305954886,-214.57623039828619,-5.017835658773018,1.2453145377152357,1.3613477559968885,1.3613477559968885,0.00033762857383528,1.1391778907199486,1.7203868962906221,nan,0.7416078150688344,nan
17.95,220.00323486328125,-214.8927001953125,-5.017882823944092,218.76919579713214,-214.58640274325452,-5.018123093829051,1.2714836230360929,1.3611447776992214,1.3611447776992214,0.000438805499733789,1.1878601349041387,1.7173303807523106,2.7291194175132736,nan,nan
17.96,220.00323486328125,-214.88397216796875,-5.017882823944092,218.76909151232724,-214.57758083835503,-5.009062772366091,1.271638018807358,1.3614464224452565,1.3614464224452565,0.00033762055814737566,1.4181131142034502,1.9494016693400331,nan,0.430525052411951,nan
17.97,220.00323486328125,-214.875244140625,-5.017882823944092,218.76898699901162,-214.56875878745856,-5.009330589554542,1.271760277282146,1.3617485088314671,1.3617485088314671,0.0004388144807545071,1.3543429983775337,1.8869570605445618,nan,nan,nan
17.98,220.00323486328125,-214.8665313720703,-5.017882823944092,218.76888223039512,-214.5599367907676,-5.001353992249524,1.2719669264073992,1.3620510378258537,1.3620510378258537,0.0003376258936684987,1.9968266553940879,2.5417222845750933,nan,0.33541004709486,nan
17.990000000000002,220.00323486328125,-214.85780334472656,-5.017882823944092,218.76877728552,-214.55111468758747,-5.0016111089613915,1.2720881307591954,1.3623540103964162,1.3623540103964162,0.00043882352588594246,1.7909690093451691,2.3267333062929243,nan,nan,nan
18.0,220.00323486328125,-214.8490753173828,-5.017882823944092,218.80501591095833,-214.58627505935516,-4.998154464911521,1.2268585254524462,1.3621510332191085,1.3621510332191085,0.00033761790799700806,2.2575244958459737,2.7897433394440943,6.430113683167022,0.0678095170845725,nan
18.01,220.00323486328125,-214.84034729003906,-5.017882823944092,218.8049906510726,-214.57754898133035,-4.998406690028688,1.2268787482648849,1.3624526776974781,1.3624526776974781,0.0004388099756904751,1.9689453698251782,2.5034064410666774,nan,nan,nan
18.02,220.00323486328125,-214.83163452148438,-5.017882823944092,218.80496535854266,-214.56882272540028,-5.003127014352301,1.2268404868050788,1.3627547638085797,1.3627547638085797,0.0003376232193874844,1.7492239192654488,2.283450690281553,nan,0.0984451802764558,nan
18.03,220.00323486328125,-214.82290649414062,-5.017882823944092,218.80494003555307,-214.5600963293477,-5.003388222913359,1.2268617568159959,1.3630572925204139,1.3630572925204139,0.0004388189958334364,1.5828908317067367,2.1205559103473894,nan,nan,nan
18.04,220.00323486328125,-214.81417846679688,-5.017882823944092,218.8049146735209,-214.5513699556649,-5.018157234572241,1.2268005811915315,1.3633602648009804,1.3633602648009804,0.0003376285706106622,1.1041422427968166,1.6445252546748916,nan,1.0381953186814201,nan
18.05,220.00323486328125,-214.80545043945312,-5.017882823944092,218.8035152762474,-214.53215843328138,-5.018415308430972,1.230453530894112,1.3631572887319794,1.3631572887319794,0.00043880549438615453,1.1113144770763352,1.629407266227827,0.25513333140984473,nan,nan
18.06,220.00323486328125,-214.79673767089844,-5.017882823944092,218.80348688230734,-214.52340912288372,-5.034644522444582,1.2306033754006322,1.3634589329454405,1.3634589329454405,0.0003376205549916071,1.942647853377419,2.463554490485517,nan,1.2549501949282402,nan
18.07,220.00323486328125,-214.7880096435547,-5.017882823944092,218.8034585252645,-214.51465973534462,-5.034950373618804,1.2306399696236343,1.3637610187843514,1.3637610187843514,0.0004388144754404416,1.7741366126611735,2.2939918237506873,nan,nan,nan
18.080000000000002,220.00323486328125,-214.77928161621094,-5.017882823944092,218.80343012467213,-214.50591024733106,-5.0375463682314425,1.230711164768603,1.3640635472167122,1.3640635472167122,0.000337625890532549,2.255329193556719,2.7766114405436864,nan,0.025853606268296858,nan
18.09,220.00323486328125,-214.7705535888672,-5.017882823944092,218.80340165450122,-214.49716055634295,-5.037857716481014,1.2307487458681632,1.364366519210523,1.364366519210523,0.00043882352060506033,2.019165234260664,2.541149479436121,nan,nan,nan
18.1,220.00323486328125,-214.7618408203125,-5.017882823944092,218.854516324049,-214.48317158214996,-5.062094775719276,1.1828632733134168,1.3641635442379045,1.3641635442379045,0.0003376179049279518,6.8138965645967176,7.383528210589404,5.625023283500796,2.8519458969547795,nan
18.11,220.00323486328125,-214.75311279296875,-5.017882823944092,218.85459985580047,-214.474410631717,-5.062422483690847,1.1828022050990246,1.3644651881891874,1.3644651881891874,0.00043880997052242574,5.544692597975733,6.111749838533815,nan,nan,nan
18.12,220.00323486328125,-214.744384765625,-5.017882823944092,218.85468346671425,-214.46564952262818,-5.059495899490216,1.1826222111481375,1.364767273758795,1.364767273758795,0.00033762321633772763,6.15245439161647,6.719779448885238,nan,0.05227642575696923,nan
18.13,220.00323486328125,-214.73565673828125,-5.017882823944092,218.85476695200003,-214.45688823007578,-5.059820404635161,1.18256043612323,1.3650698019147276,1.3650698019147276,0.00043881899069775473,5.03110522020442,5.598663061876385,nan,nan,nan
18.14,220.00323486328125,-214.72694396972656,-5.017882823944092,218.85485042757543,-214.44812691310796,-5.059859112904555,1.1824921868950062,1.3653727736249852,1.3653727736249852,0.00033762856758001546,6.241595343435729,6.812721374626156,nan,0.00040565437014040447,nan
18.150000000000002,220.00323486328125,-214.7182159423828,-5.017882823944092,218.8806624223892,-214.40952317186083,-5.060148592499291,1.1650092303558888,1.3651697997369523,1.3651697997369523,0.00043880548936016145,5.063928681712451,5.736598494862737,3.1251290148135342,nan,nan
18.16,220.00323486328125,-214.70948791503906,-5.017882823944092,218.8808023147065,-214.40069639331986,-5.038401414872133,1.1643144088086088,1.36547144342876,1.36547144342876,0.00033762055202566634,2.239482125045334,2.9129581735736805,nan,2.4022169540217124,nan
18.17,220.00323486328125,-214.7007598876953,-5.017882823944092,218.88094223056552,-214.39186950452722,-5.038687119768852,1.1642108232560335,1.365773528731922,1.365773528731922,0.0004388144704459966,1.9784146013795125,2.6522332719446684,nan,nan,nan
18.18,220.00323486328125,-214.69204711914062,-5.017882823944092,218.88108216037486,-214.38304260793234,-5.034868595652647,1.164044240150573,1.366076056614438,1.366076056614438,0.00033762588758520686,1.8462249085592497,2.5322204798394363,nan,0.08313764627531905,nan
18.19,220.00323486328125,-214.68331909179688,-5.017882823944092,218.8812220716234,-214.3742157760973,-5.035149855357816,1.163939738471957,1.3663790280443089,1.3663790280443089,0.0004388235156418781,1.6707063096849555,2.3460994923638503,nan,nan,nan
18.2,220.00323486328125,-214.67459106445312,-5.017882823944092,218.8624603163723,-214.37495599687006,-5.008040810309328,1.1795103245979672,1.3661760552291906,1.3661760552291906,0.00033761790204349547,1.3051863943463977,1.8942694098790502,0.8872891673889663,3.70017379176369,nan
18.21,220.00323486328125,-214.66586303710938,-5.017882823944092,218.86255870622344,-214.36614965046053,-5.008281158689017,1.1794330847455348,1.3664776986642007,1.3664776986642007,0.00043880996566530506,1.2280192741579956,1.8190863285824819,nan,nan,nan
18.22,220.00323486328125,-214.6571502685547,-5.017882823944092,218.8626569537382,-214.35734314940046,-5.025134663115498,1.1793451003012339,1.366779783703745,1.366779783703745,0.0003376232134714162,1.173338880536646,1.7758537399990493,nan,1.3614441830158133,nan
18.23,220.00323486328125,-214.64842224121094,-5.017882823944092,218.86275517806595,-214.34853652173817,-5.0254029793738075,1.1792717709969023,1.367082311315824,1.367082311315824,0.0004388189858710613,1.1460962466290165,1.7404756320998531,nan,nan,nan
18.240000000000002,220.00323486328125,-214.6396942138672,-5.017882823944092,218.86285340242043,-214.33972974610066,-5.021465426943669,1.1791782703398896,1.3673852824684376,1.3673852824684376,0.00033762856473168115,1.0548819783105847,1.6509115604359834,nan,0.08731154184506726,nan
18.25,220.00323486328125,-214.63096618652344,-5.017882823944092,218.88258361669818,-214.27997535258385,-5.021754285524918,1.1743375878309268,1.3671823107146874,1.3671823107146874,0.0004388054846364692,1.0428400199935917,1.854533772145785,5.9145393909146415,nan,nan
18.26,220.00323486328125,-214.62225341796875,-5.017882823944092,218.8827249316779,-214.2710569080746,-5.032264118864077,1.1743459102952396,1.367483953895551,1.367483953895551,0.0003376205492381382,1.6209207448088037,2.457573806521985,nan,0.5172563687007962,nan
18.27,220.00323486328125,-214.613525390625,-5.017882823944092,218.88286630106563,-214.26213860032954,-5.032551269803848,1.1742714996537975,1.3677860386742766,1.3677860386742766,0.00043881446575194715,1.4983067624971924,2.309755627458368,nan,nan,nan
18.28,220.00323486328125,-214.60479736328125,-5.017882823944092,218.88300765201294,-214.2532203656356,-5.039215897485222,1.1742957422073141,1.3680885660188646,1.3680885660188646,0.00033762588481516887,2.355563206072566,3.1679868739563655,nan,0.20059637132701535,nan
18.29,220.00323486328125,-214.59608459472656,-5.017882823944092,218.88314915407176,-214.2443020781365,-5.039515040862682,1.1742277835933574,1.3683915368973152,1.3683915368973152,0.0004388235109771873,2.0736527725769935,2.9127735591766166,nan,nan,nan
18.3,220.00323486328125,-214.5873565673828,-5.017882823944092,218.92556780830182,-214.19900860863348,-5.038852032609384,1.145696349895931,1.3681885661935098,1.3681885661935098,0.00033761789933255126,2.2614467163970504,3.469687683593051,6.1594013750514005,0.004808380711137215,nan
18.31,220.00323486328125,-214.57862854003906,-5.017882823944092,218.92580170272225,-214.19001088681685,-5.039156225213403,1.1455734168832885,1.3684902091228521,1.3684902091228521,0.00043880996110028667,1.9899667718045762,3.1976094921911375,nan,nan,nan
18.32,220.00323486328125,-214.5699005126953,-5.017882823944092,218.92603562931552,-214.18101315886304,-5.030096358499321,1.145312504975543,1.368792293643529,1.368792293643529,0.00033762321077752185,1.4000359553177568,2.608736090075755,nan,0.43271011106616003,nan
18.330000000000002,220.00323486328125,-214.56118774414062,-5.017882823944092,218.9262696523848,-214.1720154109582,-5.030388508244207,1.1451923692269725,1.3690948207235405,1.3690948207235405,0.0004388189813346721,1.3141860947740547,2.5588673141707785,nan,nan,nan
18.34,220.00323486328125,-214.55245971679688,-5.017882823944092,218.9265036235306,-214.16301768827,-5.0210308019140895,1.1450000724905574,1.3693977913308868,1.3693977913308868,0.00033762856205465377,0.9867173574451655,2.1948538796168457,nan,0.45949470241386586,nan
18.35,220.00323486328125,-214.54373168945312,-5.017882823944092,218.9230517514462,-214.16441554269025,-5.021306365085206,1.1448528354870082,1.3691948216657248,1.3691948216657248,0.0004388054801969603,0.983970945661229,2.128073472720346,0.24080840649094146,nan,nan
18.36,220.00323486328125,-214.53500366210938,-5.017882823944092,218.92327753839538,-214.15544070920262,-5.032614572941793,1.1448112871659086,1.369496464346146,1.369496464346146,0.00033762054661827534,1.599636156129285,2.7427673523989524,nan,0.6001329963651103,nan
18.37,220.00323486328125,-214.5262908935547,-5.017882823944092,218.92350333326516,-214.14646593276686,-5.032911678750854,1.1446890600617994,1.369798548611515,1.369798548611515,0.00043881446134031387,1.471128413755002,2.6472885546794553,nan,nan,nan
18.38,220.00323486328125,-214.51756286621094,-5.017882823944092,218.92372914403066,-214.13749114749893,-5.003440724676,1.1445504285485635,1.3701010754298317,1.3701010754298317,0.00033762588221175025,1.5737457597373885,2.717560109331431,nan,4.372072391279373,nan
18.39,220.00323486328125,-214.5088348388672,-5.017882823944092,218.92395506962808,-214.12851631487445,-5.0036940900737035,1.1444161711758944,1.3704040457690971,1.3704040457690971,0.00043882350659315303,1.4143206780393933,2.5594928218122748,nan,nan,nan
18.400000000000002,220.00323486328125,-214.50010681152344,-5.017882823944092,218.91598464141217,-214.15823040984267,-5.016448800515654,1.1397344319637592,1.3702010771313977,1.3702010771313977,0.0003376178967846884,0.9541215559259083,1.93429758363181,3.096921421665396,0.768861829415693,nan
18.41,220.00323486328125,-214.49139404296875,-5.017882823944092,218.9161926068045,-214.14934003303586,-5.016726697995221,1.139589026669034,1.3705027195654715,1.3705027195654715,0.0004388099568099099,0.950626644875602,1.9529047415030905,nan,nan,nan
18.42,220.00323486328125,-214.482666015625,-5.017882823944092,218.91640057390083,-214.14044962248943,-5.0094148645023235,1.1394702886169827,1.3708048035782452,1.3708048035782452,0.00033762320824567564,1.159508741447635,2.1416903823922286,nan,0.28427716690734944,nan
18.43,220.00323486328125,-214.47393798828125,-5.017882823944092,218.91660859082901,-214.13155929282553,-5.009683209222475,1.1393186827077775,1.3711073301377183,1.3711073301377183,0.00043881897707112496,1.0998804422850246,2.0829539025497903,nan,nan,nan
18.44,220.00323486328125,-214.4652099609375,-5.017882823944092,218.91681660709204,-214.12266903583574,-4.991632656448133,1.1394419616831424,1.3714103002118916,1.3714103002118916,0.00033762855953867014,2.9871229486800015,3.9699751580198783,nan,1.6557219774279537,nan
18.45,220.00323486328125,-214.4564971923828,-5.017882823944092,218.9296399457964,-214.0643662582199,-4.991857706528176,1.1432628845166353,1.3712073325905931,1.3712073325905931,0.00043880547602444204,2.4962410240866433,3.7683742725717,5.148441246611914,nan,nan
18.46,220.00323486328125,-214.44776916503906,-5.017882823944092,218.9298754612259,-214.0553679338642,-4.991610424540074,1.1431401362819118,1.3715089747808693,1.3715089747808693,0.0003376205441560083,2.9967158397600917,4.23439486353357,nan,0.001166776284281164,nan
18.47,220.00323486328125,-214.4390411376953,-5.017882823944092,218.93011097459288,-214.0463697387816,-4.991849927323534,1.1430063078150339,1.371811058543732,1.371811058543732,0.0004388144571939852,2.4962851129961683,3.734502301932416,nan,nan,nan
18.48,220.00323486328125,-214.43031311035156,-5.017882823944092,218.93034641776123,-214.03737161135152,-5.017969032849607,1.142581570654256,1.3721135848471813,1.3721135848471813,0.0003376258797649347,0.9514684907841595,2.1894227451444324,nan,3.303957762844649,nan
18.490000000000002,220.00323486328125,-214.42160034179688,-5.017882823944092,218.930581793934,-214.0283734847542,-5.0182503798676175,1.1424587972338707,1.3724165546592173,1.3724165546592173,0.00043882350247279555,0.9513397952065797,2.2243141874444787,nan,nan,nan
18.5,220.00323486328125,-214.41287231445312,-5.017882823944092,218.89288641189756,-214.035559669374,-5.010313627375291,1.1727300662827083,1.372213588043377,1.372213588043377,0.0003376178943900579,1.1719013934283102,2.148423959694903,3.361157394701363,0.3340724760335044,nan
18.51,220.00323486328125,-214.40414428710938,-5.017882823944092,218.89303902694934,-214.02659693824782,-5.0105862959828045,1.1726593857388388,1.3725152299923795,1.3725152299923795,0.0004388099527776169,1.1231929310237458,2.1007334289775734,nan,nan,nan
18.52,220.00323486328125,-214.39541625976562,-5.017882823944092,218.89319185746,-214.01763417269854,-4.974758735738728,1.1733603312985157,1.3728173135079875,1.3728173135079875,0.00033762320586611436,6.509700727668337,7.488418626416208,nan,6.429934565484135,nan
18.53,220.00323486328125,-214.38670349121094,-5.017882823944092,218.89334477598715,-214.00867139031286,-4.97497785461868,1.1732881622073696,1.3731198395582016,1.3731198395582016,0.0004388189730640977,5.196176627236902,6.206609272193879,nan,nan,nan
18.54,220.00323486328125,-214.3779754638672,-5.017882823944092,218.89349766858984,-213.9997086815037,-4.991341973931716,1.1727347597136155,1.3734228091110214,1.3734228091110214,0.0003376285571740237,3.0872248014527983,4.067543917229552,nan,1.2857909068176427,nan
18.55,220.00323486328125,-214.36924743652344,-5.017882823944092,218.90722876357168,-214.0100178493465,-4.991482742743044,1.1536776981424752,1.3732198434898129,1.3732198434898129,0.0004388054721029744,2.557048870393038,3.4537541553903215,1.5867625354888877,nan,nan
18.56,220.00323486328125,-214.3605194091797,-5.017882823944092,218.90741133463303,-214.00109757663222,-5.018526383773978,1.1532621878046996,1.373521485200041,1.373521485200041,0.00033762054184184966,0.96955032305033,1.8680010250817758,nan,3.5491825274545516,nan
18.57,220.00323486328125,-214.351806640625,-5.017882823944092,218.90759405723298,-213.99217733191708,-5.018791022139021,1.1531534331492033,1.3738235684710234,1.3738235684710234,0.00043881445329713425,0.9698074582233376,1.893524125889106,nan,nan,nan
18.580000000000002,220.00323486328125,-214.34307861328125,-5.017882823944092,218.90777686061259,-213.9832571456558,-5.035738694173263,1.1531775909531816,1.37412609427076,1.37412609427076,0.00033762587746531333,1.9118593167980387,2.8110046527382497,nan,1.372958620460809,nan
18.59,220.00323486328125,-214.3343505859375,-5.017882823944092,218.90795966908223,-213.97433718424892,-5.036030850638806,1.1530684070322932,1.3744290635672514,1.3744290635672514,0.00043882349860026293,1.717651215640487,2.6162930637345756,nan,nan,nan
18.6,220.00323486328125,-214.32562255859375,-5.017882823944092,218.92944428742922,-213.95126965378236,-5.033260345036115,1.1372786669432844,1.3742260989299637,1.3742260989299637,0.0003376178921394875,1.6414159458475739,2.7193862549601557,1.2913760670603043,0.04629747896687928,nan
18.61,220.00323486328125,-214.31690979003906,-5.017882823944092,218.92967379279278,-213.94231858299744,-5.0335497964107,1.1371444052922688,1.3745277404038925,1.3745277404038925,0.00043880994898782275,1.4999419593795786,2.608684965246381,nan,nan,nan
18.62,220.00323486328125,-214.3081817626953,-5.017882823944092,218.9299034588811,-213.9333673002793,-5.0203278247786605,1.136895845245669,1.3748298234328509,1.3748298234328509,0.0003376232036296955,0.9578416143603963,2.039037306297988,nan,0.9008313608103762,nan
18.63,220.00323486328125,-214.29945373535156,-5.017882823944092,218.9301332761015,-213.92441594888194,-5.020598886833625,1.1367531546845953,1.3751323489848388,1.3751323489848388,0.0004388189692980381,0.9565026566013269,2.038754024279494,nan,nan,nan
18.64,220.00323486328125,-214.2907257080078,-5.017882823944092,218.93036319423257,-213.9154645191728,-5.016962641133144,1.136606979051943,1.3754353180278565,1.3754353180278565,0.00033762855495161805,0.9417556799610564,2.0243171998850844,nan,0.0753571638575162,nan
18.650000000000002,220.00323486328125,-214.28201293945312,-5.017882823944092,218.9706568028831,-213.8939141231995,-5.01719460713636,1.1031040819593827,1.3752323543638936,1.3752323543638936,0.00043880546841735933,0.8859030625744719,2.3135752073905844,3.5373499844139618,nan,nan
18.66,220.00323486328125,-214.27328491210938,-5.017882823944092,218.9709744042927,-213.8849349212476,-5.0184716815801655,1.102895152472312,1.3755339956039734,1.3755339956039734,0.00033762053966689305,0.8853217130563781,2.279949532826751,nan,0.005106980033719005,nan
18.67,220.00323486328125,-214.26455688476562,-5.017882823944092,218.9712919344241,-213.8759557475083,-5.018733989977292,1.1026866176659496,1.375836078393482,1.375836078393482,0.0004388144496346534,0.8854169328753912,2.2791970833442154,nan,nan,nan
18.68,220.00323486328125,-214.25582885742188,-5.017882823944092,218.9716093946087,-213.86697659569376,-5.0003427938797405,1.1026172689195501,1.376138603700419,1.376138603700419,0.00033762587530399143,1.7944610452781,3.188762496071132,nan,1.7168362211244035,nan
18.69,220.00323486328125,-214.2471160888672,-5.017882823944092,218.97192674515804,-213.85799732884405,-5.000578584129851,1.1024106678658014,1.3764415724927852,1.3764415724927852,0.00043882349496071306,1.5650806088683615,2.9912033291080413,nan,nan,nan
18.7,220.00323486328125,-214.23838806152344,-5.017882823944092,218.9790411905695,-213.87240094530728,-5.025747017622072,1.0876493433093366,1.376238609791664,1.376238609791664,0.0003376178900242825,1.04271270144207,2.4301565409917156,1.1995323655474104,3.0590975896063584,nan
18.71,220.00323486328125,-214.2296600341797,-5.017882823944092,218.97937367549875,-213.8634726935413,-5.026029022945548,1.0874057480303205,1.3765402508003215,1.3765402508003215,0.00043880994542605083,1.010182579275806,2.3982080950238056,nan,nan,nan
18.72,220.00323486328125,-214.22093200683594,-5.017882823944092,218.9797062658509,-213.85454445199517,-5.0317801070473465,1.0872183610377464,1.3768423333529278,1.3768423333529278,0.0003376232015277971,1.4304190942549782,2.817546108483131,nan,0.14751560120717974,nan
18.73,220.00323486328125,-214.21221923828125,-5.017882823944092,218.98003885029044,-213.84561626544834,-5.0320722889289575,1.0869816749176455,1.3771448584174832,1.3771448584174832,0.0004388189657585795,1.3166339662991762,2.727840017783707,nan,nan,nan
18.740000000000002,220.00323486328125,-214.2034912109375,-5.017882823944092,218.98037118484385,-213.83668798681722,-5.046852691476686,1.0870298814275439,1.3774478269619879,1.3774478269619879,0.00033762855286290647,3.342963123163124,4.727214002179881,nan,1.0354216482738932,nan
18.75,220.00323486328125,-214.19476318359375,-5.017882823944092,218.95451028643456,-213.83932936658263,-5.047136745032237,1.1077058401292301,1.377244865213337,1.377244865213337,0.00043880546495341703,2.8405729122098,3.976232344288211,1.666418749438313,nan,nan
18.76,220.00323486328125,-214.18603515625,-5.017882823944092,218.95478529210524,-213.83042653373857,-5.04555779961449,1.1074610151070714,1.3775465059929748,1.3775465059929748,0.00033762053762276885,3.158309029655491,4.295194999478223,nan,0.017609619900759495,nan
18.77,220.00323486328125,-214.1773223876953,-5.017882823944092,218.95506037653482,-213.8215236815814,-5.045866154252831,1.107269407467601,1.3778485883112002,1.3778485883112002,0.0004388144461924461,2.6737631653578164,3.831485430531422,nan,nan,nan
18.78,220.00323486328125,-214.16859436035156,-5.017882823944092,218.9553354274118,-213.81262071668488,-5.032612708871203,1.1068095735901555,1.3781511131360134,1.3781511131360134,0.00033762587327269193,1.5313674632477725,2.6672034213320095,nan,0.9074995898341532,nan
18.79,220.00323486328125,-214.1598663330078,-5.017882823944092,218.95561060818758,-213.8037176458587,-5.03290214643218,1.10660925681407,1.3784540814354145,1.3784540814354145,0.0004388234915400338,1.4022677362862268,2.539115042477101,nan,nan,nan
18.8,220.00323486328125,-214.15113830566406,-5.017882823944092,218.96039186575064,-213.78157882832664,-5.024969921274573,1.1064112941113315,1.378251120628974,1.378251120628974,0.00033761788803631654,1.0369200691062144,2.258396041973075,0.3861014798612341,0.33368850573859377,nan
18.81,220.00323486328125,-214.14242553710938,-5.017882823944092,218.96067694406602,-213.7726472062646,-5.025249068389169,1.1062175601742907,1.3785527611819706,1.3785527611819706,0.00043880994207846165,1.011299403313888,2.2574714993876905,nan,nan,nan
18.82,220.00323486328125,-214.13369750976562,-5.017882823944092,218.96096195414634,-213.76371565771464,-5.020026651877969,1.105994567781339,1.3788548432683096,1.3788548432683096,0.00033762319955233375,0.9007398232006868,2.1199500261610793,nan,0.14936942770204098,nan
18.830000000000002,220.00323486328125,-214.12496948242188,-5.017882823944092,218.9612470036535,-213.75478402345038,-5.020299111143068,1.105794651863246,1.3791573678559914,1.3791573678559914,0.0004388189624319937,0.8999158166299029,2.1200591385756398,nan,nan,nan
18.84,220.00323486328125,-214.11624145507812,-5.017882823944092,218.9615321756613,-213.74585243896263,-5.030884992622775,1.1056679289207958,1.379460335913016,1.379460335913016,0.00033762855089980795,1.3868118189402163,2.606854674742627,nan,0.5246431879880691,nan
18.85,220.00323486328125,-214.10752868652344,-5.017882823944092,218.95892269696134,-213.75541623887517,-5.031206446839979,1.1021563389282454,1.3792573760386353,1.3792573760386353,0.00043880546169787997,1.285148252120629,2.4824980671852703,0.7348481143856849,nan,nan
18.86,220.00323486328125,-214.0988006591797,-5.017882823944092,218.95920140302457,-213.74652504379287,-5.010280293256872,1.1018900915266263,1.379559016367346,1.379559016367346,0.00033762053570159177,1.0512603114527512,2.227119037254646,nan,2.2225676674945603,nan
18.87,220.00323486328125,-214.09007263183594,-5.017882823944092,218.95948009624462,-213.73763387389963,-5.0105472293632936,1.1016764056451591,1.3798610982242676,1.3798610982242676,0.0004388144429573528,1.0021637198579971,2.178815793762288,nan,nan,nan
18.88,220.00323486328125,-214.0813446044922,-5.017882823944092,218.9597587612065,-213.72874279452859,-5.0322649670080075,1.1015340476035365,1.3801636225774003,1.3801636225774003,0.0003376258713635744,1.4916534374237183,2.6683471644938397,nan,2.2698484865577693,nan
18.89,220.00323486328125,-214.0726318359375,-5.017882823944092,218.9600374100064,-213.71985173855768,-5.032567115904398,1.1013311727436073,1.3804665903947442,1.3804665903947442,0.0004388234883251798,1.3698602693108548,2.567637008315653,nan,nan,nan
18.900000000000002,220.00323486328125,-214.06390380859375,-5.017882823944092,218.95293881259562,-213.65954670620346,-5.017785536060226,1.1254450096758348,1.3802636314423815,1.3802636314423815,0.0003376178861679425,0.9176979863983266,2.252056220451771,5.327992697071157,1.12312564747514,nan
18.91,220.00323486328125,-214.05517578125,-5.017882823944092,218.9532016430264,-213.65054331151228,-5.018067249270975,1.125298730656669,1.3805652715491383,1.3805652715491383,0.0004388099389322818,0.9173084638771163,2.2513717577314645,nan,nan,nan
18.92,220.00323486328125,-214.0464630126953,-5.017882823944092,218.95346454071648,-213.64154003395066,-5.000826544771247,1.125287192459063,1.3808673531790854,1.3808673531790854,0.0003376231976957027,1.7784615940377502,3.1490957216157245,nan,1.514975631443872,nan
18.93,220.00323486328125,-214.03773498535156,-5.017882823944092,218.95372724742842,-213.63253684551714,-5.001083451251624,1.1251373192554028,1.381169877300223,1.381169877300223,0.0004388189593054765,1.5594950578610995,2.8921237690235007,nan,nan,nan
18.94,220.00323486328125,-214.0290069580078,-5.017882823944092,218.95398990427233,-213.62353374001515,-4.99634097523239,1.1250722491293026,1.3814728448805513,1.3814728448805513,0.0003376285490548082,2.2903666998919667,3.623252684049488,nan,0.12334658956512905,nan
18.95,220.00323486328125,-214.02027893066406,-5.017882823944092,218.971307922581,-213.6334254388257,-4.996619145560196,1.1022617561672667,1.3812698868402717,1.3812698868402717,0.00043880545863811404,1.9096816680637807,3.312570899396833,1.312328197895938,nan,nan
18.96,220.00323486328125,-214.01156616210938,-5.017882823944092,218.9716080846514,-213.62446334906397,-5.003079154632151,1.1019625886929993,1.3815715267273838,1.3815715267273838,0.0003376205338959825,1.5278810413270705,2.9616095904209607,nan,0.18976226696528342,nan
18.97,220.00323486328125,-214.00283813476562,-5.017882823944092,218.97190831020174,-213.61550131364316,-5.003347786428311,1.1017602004972313,1.3818736081327738,1.3818736081327738,0.0004388144399167916,1.3597246778241123,2.7622327483018383,nan,nan,nan
18.98,220.00323486328125,-213.99411010742188,-5.017882823944092,218.97220857475318,-213.60653956304336,-5.005846293186423,1.10153121271188,1.3821761320244426,1.3821761320244426,0.00033762586956929573,1.306873547369344,2.707898909200166,nan,0.024512754883044042,nan
18.990000000000002,220.00323486328125,-213.98538208007812,-5.017882823944092,218.97250891008096,-213.59757794636366,-5.006120150891682,1.1013293772546027,1.3824790993703902,1.3824790993703902,0.00043882348530367303,1.1925546718194149,2.5946521767018766,nan,nan,nan
19.0,220.00323486328125,-213.97666931152344,-5.017882823944092,218.97167367532398,-213.61860163922006,-4.998873443396057,1.0921045275052128,1.382276142232365,1.382276142232365,0.00033761788441192777,1.9328974241635892,3.1877363649897235,2.052360323181664,0.27199623043043536,nan
19.01,220.00323486328125,-213.9679412841797,-5.017882823944092,218.97197107666292,-213.60970557502554,-4.999119914054454,1.0918744743289246,1.382577781902118,1.382577781902118,0.0004388099359753593,1.6643165843928989,2.8981351679300684,nan,nan,nan
19.02,220.00323486328125,-213.95921325683594,-5.017882823944092,218.9722683985797,-213.60080944129146,-5.006411605173291,1.0915478620730008,1.3828798630853438,1.3828798630853438,0.00033762319595074066,1.2512464155987875,2.485153272123601,nan,0.2448083443856179,nan
19.03,220.00323486328125,-213.9504852294922,-5.017882823944092,218.97256586191534,-213.59191318866672,-5.006670836614642,1.091319480032411,1.3831823867500423,1.3831823867500423,0.0004388189563670839,1.147421614187981,2.3824607441785526,nan,nan,nan
19.04,220.00323486328125,-213.9417724609375,-5.017882823944092,218.97286338823207,-213.58301711247628,-5.0274929327826925,1.091083466484778,1.3834853538642138,1.3834853538642138,0.00033762854732078415,1.1339523051525635,2.389544334157108,nan,2.085786682325601,nan
19.05,220.00323486328125,-213.93304443359375,-5.017882823944092,218.95247663039595,-213.63239372939512,-5.027799448349647,1.0929693725585237,1.3832823976187203,1.3832823976187203,0.0004388054557624638,1.0876211442565007,2.107600096657705,7.558919278120402,nan,nan
19.06,220.00323486328125,-213.92431640625,-5.017882823944092,218.952729239146,-213.62362541298484,-5.003485990756134,1.0927874489471427,1.3835840370733778,1.3835840370733778,0.0003376205321989819,1.4768701568003664,2.4978305186522403,nan,2.988279907475491,nan
19.07,220.00323486328125,-213.91558837890625,-5.017882823944092,218.9529819029926,-213.61485704531938,-5.00374664900174,1.0925522628405469,1.3838861180368063,1.3838861180368063,0.00043881443705919335,1.3177946197989683,2.3406937565397423,nan,nan,nan
19.080000000000002,220.00323486328125,-213.90687561035156,-5.017882823944092,218.9532346822425,-213.60608875785027,-4.994017763678775,1.0924937766049228,1.384188641477006,1.384188641477006,0.0003376258678829592,2.5487573923390014,3.5771467464291296,nan,0.49243544121980065,nan
19.09,220.00323486328125,-213.8981475830078,-5.017882823944092,218.95348764158794,-213.59732071310066,-4.994265318799765,1.0922562985216429,1.3844916083619767,1.3844916083619767,0.00043882348246389216,2.1323979545315295,3.158835094310572,nan,nan,nan
19.1,220.00323486328125,-213.88941955566406,-5.017882823944092,218.9840918109487,-213.58253848201463,-5.004518523577267,1.0644280901057652,1.3842886529993952,1.3842886529993952,0.00033761788276155853,1.3473608790540699,2.6090187582954334,1.8949725028153825,0.4926437374505133,nan
19.11,220.00323486328125,-213.8806915283203,-5.017882823944092,218.9844112152663,-213.5737575578163,-5.004785685972856,1.0641342128824158,1.3845902922411981,1.3845902922411981,0.000438809933196249,1.2086317220259548,2.471725937249931,nan,nan,nan
19.12,220.00323486328125,-213.87197875976562,-5.017882823944092,218.9847307691982,-213.5649766423388,-5.016624366905682,1.063768054362709,1.3848923729871718,1.3848923729871718,0.000337623194310748,0.8217946240217202,2.0909402253479197,nan,0.6604899234356578,nan
19.13,220.00323486328125,-213.86325073242188,-5.017882823944092,218.98505038521898,-213.55619555961013,-5.01691136110062,1.0634770586418105,1.3851948962053167,1.3851948962053167,0.0004388189536053774,0.818629612569358,2.0827466419119953,nan,nan,nan
19.14,220.00323486328125,-213.85452270507812,-5.017882823944092,218.98537010661178,-213.54741449689087,-5.0260049229086805,1.0632168560069832,1.3854978628636327,1.3854978628636327,0.0003376285456910672,1.0112418805323347,2.2764424934428122,nan,0.382519466988812,nan
19.150000000000002,220.00323486328125,-213.84579467773438,-5.017882823944092,218.9782134270807,-213.55445774371796,-5.026311222975487,1.0656534106842372,1.385294908374447,1.385294908374447,0.0004388054530597573,0.9816036836575268,2.1975334246542912,0.6054813487619678,nan,nan
19.16,220.00323486328125,-213.8370819091797,-5.017882823944092,218.97851687727646,-213.5457114059333,-5.0436481519909755,1.0656488976830611,1.3855965474056138,1.3855965474056138,0.00033762053060405956,2.785368210538917,4.003029585778732,nan,1.4312590438826185,nan
19.17,220.00323486328125,-213.82835388183594,-5.017882823944092,218.97882053088975,-213.53696493584616,-5.043980011356112,1.0653700321695643,1.3858986279364511,1.3858986279364511,0.00043881443437345115,2.370534238861111,3.5882042254849305,nan,nan,nan
19.18,220.00323486328125,-213.8196258544922,-5.017882823944092,218.9791242986715,-213.52821844432228,-5.030299099720589,1.064835616962251,1.386201150934959,1.386201150934959,0.0003376258662980315,1.274473276770866,2.492568216671737,nan,0.9688805374477388,nan
19.19,220.00323486328125,-213.81089782714844,-5.017882823944092,218.97942807002778,-213.5194720697218,-5.0306116922468735,1.064552181009424,1.3865041173691377,1.3865041173691377,0.0004388234797949712,1.1864657806611099,2.4056838670323084,nan,nan,nan
19.2,220.00323486328125,-213.80218505859375,-5.017882823944092,219.02052852067456,-213.48258447921165,-5.036533116866147,1.033539607159236,1.3863011637439329,1.3863011637439329,0.000337617881210451,1.800549417081513,3.3718243414432107,4.888601772389287,0.15713764927142032,nan
19.21,220.00323486328125,-213.79345703125,-5.017882823944092,219.0209221377953,-213.47377673970215,-5.036849997430431,1.0331957864440784,1.3866028025666601,1.3866028025666601,0.00043880993058436555,1.5894424738053832,3.1527617959056577,nan,nan,nan
19.22,220.00323486328125,-213.78472900390625,-5.017882823944092,219.0213159568389,-213.46496903916454,-5.016027900930524,1.032673527606844,1.3869048828846546,1.3869048828846546,0.00033762319276939913,0.7791054908687457,2.3423487517226187,nan,2.2048438694893435,nan
19.23,220.00323486328125,-213.7760009765625,-5.017882823944092,219.0217098739538,-213.45616148998846,-5.01631446888302,1.032323138161594,1.3872074056659167,1.3872074056659167,0.00043881895100985734,0.7738312183714405,2.337108324906743,nan,nan,nan
19.240000000000002,220.00323486328125,-213.7672882080078,-5.017882823944092,219.02210387495927,-213.44735405715755,-5.023327294694706,1.0319910461761255,1.3875103718784465,1.3875103718784465,0.0003376285441593925,0.8553399290539676,2.4274056829792654,nan,0.22313167901466313,nan
19.25,220.00323486328125,-213.75856018066406,-5.017882823944092,219.03436224572803,-213.42023667503963,-5.0236314741235715,1.026260196286162,1.3873074191079087,1.3873074191079087,0.00043880545051959885,0.8344630453338153,2.5529704656841274,0.941297702386728,nan,nan
19.26,220.00323486328125,-213.7498321533203,-5.017882823944092,219.03478216163336,-213.41138927131746,-5.035934984204675,1.0260458567713089,1.3876090577243707,1.3876090577243707,0.00033762052910507904,1.7236858589384507,3.4404898733997484,nan,0.710749312026305,nan
19.27,220.00323486328125,-213.74110412597656,-5.017882823944092,219.03520206529092,-213.40254199888142,-5.0362553351185975,1.0256945749369244,1.3879111378317923,1.3879111378317923,0.00043881443184922916,1.5269958237778716,3.242465852259818,nan,nan,nan
19.28,220.00323486328125,-213.73239135742188,-5.017882823944092,219.03562217183674,-213.39369476943241,-5.026717339128135,1.0252159518943984,1.3882136603981738,1.3882136603981738,0.0003376258648084547,0.9882497233169404,2.7190193916983647,nan,0.4795669326621198,nan
19.29,220.00323486328125,-213.72366333007812,-5.017882823944092,219.03604251624068,-213.38484744198766,-5.027024475575659,1.024861362327082,1.388516626391515,1.388516626391515,0.00043882347728653513,0.9468285214964366,2.6624843019820243,nan,nan,nan
19.3,220.00323486328125,-213.71493530273438,-5.017882823944092,219.03409508752753,-213.38015488456892,-5.01901681334059,1.025334637699786,1.3883136744664304,1.3883136744664304,0.00033761787975265063,0.7610655396030189,2.479328732777722,0.06932942700865696,0.3435502029426326,nan
19.31,220.00323486328125,-213.70620727539062,-5.017882823944092,219.03451013785747,-213.37131658338376,-5.019318687209648,1.0249787465813809,1.3886153128787804,1.3886153128787804,0.00043880992812952665,0.7612645674217922,2.4790838117654297,nan,nan,nan
19.32,220.00323486328125,-213.69749450683594,-5.017882823944092,219.03492537213725,-213.362478356131,-5.031711577166369,1.0247196330159725,1.3889173927778755,1.3889173927778755,0.00033762319132076696,1.3222967767949225,3.0537926195884357,nan,0.7211352017573565,nan
19.330000000000002,220.00323486328125,-213.6887664794922,-5.017882823944092,219.03534083037596,-213.35364022869453,-5.032033894204303,1.0243674710263277,1.3892199151317157,1.3892199151317157,0.00043881894857043,1.2115374022443093,2.9281361453492427,nan,nan,nan
19.34,220.00323486328125,-213.68003845214844,-5.017882823944092,219.03575641667166,-213.3448020461752,-5.004038122271168,1.0240066739569467,1.3895228809083011,1.3895228809083011,0.0003376285427198237,1.3222141117449564,3.038366323342135,nan,3.956387231792883,nan
19.35,220.00323486328125,-213.6713104248047,-5.017882823944092,219.04712564426595,-213.3417030424948,-5.0042966640798685,1.0114200160660685,1.3893199298195542,1.3893199298195542,0.000438805448132278,1.156827870482937,2.9659700684495163,0.32340323449826314,nan,nan
19.36,220.00323486328125,-213.66259765625,-5.017882823944092,219.0475653021518,-213.33287685480997,-5.01253577136044,1.0109642466194966,1.3896215680299235,1.3896215680299235,0.00033762052769625384,0.820150251272912,2.639942660997001,nan,0.3128146077991343,nan
19.37,220.00323486328125,-213.65386962890625,-5.017882823944092,219.0480051059057,-213.32405066446552,-5.012825455436185,1.0105790496822755,1.3899236477229144,1.3899236477229144,0.000438814429476902,0.7930351320383082,2.601889506336038,nan,nan,nan
19.38,220.00323486328125,-213.6451416015625,-5.017882823944092,219.04844516553047,-213.31522443635654,-5.026193495137955,1.0102166946176738,1.390226169866527,1.390226169866527,0.0003376258634084738,0.9385981417373277,2.747729062475439,nan,0.843705689368588,nan
19.39,220.00323486328125,-213.63641357421875,-5.017882823944092,219.04888532343253,-213.30639794976636,-5.026505388583726,1.0098354842315298,1.3905291354287614,1.3905291354287614,0.00043882347492905065,0.902740363729526,2.7109768627984328,nan,nan,nan
19.400000000000002,220.00323486328125,-213.62770080566406,-5.017882823944092,219.04153913195884,-213.306786509451,-5.022236706195525,1.0138360920032017,1.3903261851673339,1.3903261851673339,0.0003376178783825514,0.7954302859877856,2.50884331244058,0.33032761306137964,0.10183656328791035,nan
19.41,220.00323486328125,-213.6189727783203,-5.017882823944092,219.04196240470114,-213.29798009626117,-5.022536153765861,1.0134607516024507,1.3906278231778326,1.3906278231778326,0.00043880992582239603,0.7879195491677766,2.4921593828424635,nan,nan,nan
19.42,220.00323486328125,-213.61024475097656,-5.017882823944092,219.0423857996193,-213.2891737763362,-5.024676021905179,1.013096067229113,1.3909299026669186,1.3909299026669186,0.0003376231899592769,0.8745478389933988,2.5779788862804995,nan,0.01669338401495233,nan
19.43,220.00323486328125,-213.6015167236328,-5.017882823944092,219.04280917395926,-213.2803675186613,-5.02498032404723,1.0127214281682653,1.391232424602592,1.391232424602592,0.0004388189462777065,0.8519509256548399,2.5546893808837217,nan,nan,nan
19.44,220.00323486328125,-213.59280395507812,-5.017882823944092,219.04323245389148,-213.2715613959363,-5.028633086440728,1.0123818330955532,1.3915353899528533,1.3915353899528533,0.00033762854136686223,1.0787474777383468,2.7882979320070733,nan,0.05528071810954803,nan
19.45,220.00323486328125,-213.58407592773438,-5.017882823944092,219.04483226779686,-213.2408708558296,-5.0289879178226204,1.0180611865317442,1.391332440509824,1.391332440509824,0.00043880544588850305,1.0258865359021863,2.823021622136293,1.0326405865504271,nan,nan
19.46,220.00323486328125,-213.57534790039062,-5.017882823944092,219.04525831456442,-213.23201708861342,-5.02074922549155,1.0176459750152969,1.3916340783225412,1.3916340783225412,0.0003376205263721773,0.768493404569459,2.5647169194404067,nan,0.3615817144277346,nan
19.47,220.00323486328125,-213.56661987304688,-5.017882823944092,219.04568456812603,-213.2231633286197,-5.021059149390765,1.0172880883530662,1.3919361576098987,1.3919361576098987,0.00043881442724720966,0.7664631681871141,2.56262706713796,nan,nan,nan
19.48,220.00323486328125,-213.5579071044922,-5.017882823944092,219.0461109947814,-213.21430934375454,-5.00589428554557,1.0170001208893624,1.3922386793398969,1.3922386793398969,0.00033762586209270607,1.1684865268560818,2.9794904588405045,nan,1.1815559050600082,nan
19.490000000000002,220.00323486328125,-213.54917907714844,-5.017882823944092,219.0465374109729,-213.2054552273492,-5.006182280355791,1.0166380884534953,1.3925416444805356,1.3925416444805356,0.00043882347271334055,1.0540846089875469,2.8487825194370604,nan,nan,nan
19.5,220.00323486328125,-213.5404510498047,-5.017882823944092,219.0237245033407,-213.21352355346755,-5.004637909591798,1.0327136877413452,1.3923386958470783,1.3923386958470783,0.00033761787709483916,1.285454136086991,2.80714789795085,1.7265914823710506,0.015573577643578434,nan
19.51,220.00323486328125,-213.53172302246094,-5.017882823944092,219.02410018785713,-213.2047065692808,-5.004914587886714,1.032382026390838,1.3926403334640818,1.3926403334640818,0.0004388099236540521,1.1484500255726164,2.6701889376048262,nan,nan,nan
19.52,220.00323486328125,-213.52301025390625,-5.017882823944092,219.0244757949788,-213.19588949445176,-5.007627801037263,1.0320283283637053,1.3929424125518641,1.3929424125518641,0.00033762318867967193,1.0760400574807132,2.6083874526913187,nan,0.029261766518115063,nan
19.53,220.00323486328125,-213.5142822265625,-5.017882823944092,219.02485129859204,-213.18707232289538,-5.00791038618996,1.0316977126205984,1.3932449340784256,1.3932449340784256,0.0004388189441229528,0.9905306057687773,2.511277743569779,nan,nan,nan
19.54,220.00323486328125,-213.50555419921875,-5.017882823944092,219.02522684561006,-213.17825517785806,-5.004188179630481,1.0314125630879545,1.3935478990117665,1.3935478990117665,0.000337628540095279,1.3187214534894423,2.8395201901026854,nan,0.07915748326872643,nan
19.55,220.00323486328125,-213.49684143066406,-5.017882823944092,218.99780846691988,-213.17545507094178,-5.004474993426297,1.055628343989943,1.3933449511791502,1.3933449511791502,0.00043880544377975986,1.209318139239713,2.5192964740763095,1.6003778127924337,nan,nan
19.56,220.00323486328125,-213.4881134033203,-5.017882823944092,218.9981231970825,-213.16665091580805,-5.00195837302853,1.0553867445365124,1.3936465886024876,1.3936465886024876,0.00033762052512774414,1.5501499295962353,2.8536294014314336,nan,0.03862388142448652,nan
19.57,220.00323486328125,-213.47938537597656,-5.017882823944092,218.99843793756008,-213.15784651847576,-5.0022364536292185,1.0551061120691392,1.3939486674928259,1.3939486674928259,0.0004388144251517045,1.3563412433050241,2.6589140689423605,nan,nan,nan
19.580000000000002,220.00323486328125,-213.4706573486328,-5.017882823944092,218.99875261880655,-213.1490420765663,-5.004132617746973,1.0548033138276594,1.3942511888181652,1.3942511888181652,0.00033762586085609694,1.3578558136593513,2.6604784299175566,nan,0.012903272748764112,nan
19.59,220.00323486328125,-213.46194458007812,-5.017882823944092,218.9990672584953,-213.14023768691968,-5.004414998937884,1.0545279920028714,1.3945541535465058,1.3945541535465058,0.0004388234706308859,1.2106161595639575,2.5217902040207227,nan,nan,nan
19.6,220.00323486328125,-213.45321655273438,-5.017882823944092,218.96607419148046,-213.12014580387864,-4.996736676564926,1.0895345531108998,1.3943512065060923,1.3943512065060923,0.00033761787588460293,2.1754872367280984,3.223158365872692,2.560090514611126,0.3077892623116458,nan
19.61,220.00323486328125,-213.44448852539062,-5.017882823944092,218.96631577246586,-213.11131698455858,-4.996997025651953,1.0893303874803584,1.3946528437377903,1.3946528437377903,0.0004388099216160854,1.844627487186763,2.8929262490445478,nan,nan,nan
19.62,220.00323486328125,-213.43576049804688,-5.017882823944092,218.96655732094564,-213.10248816846342,-5.026371155135644,1.0889641060270991,1.3949549224327928,1.3949549224327928,0.00033762318747704404,1.0634511797370652,2.1136675342897053,nan,4.181444340236742,nan
19.63,220.00323486328125,-213.4270477294922,-5.017882823944092,218.96679892372862,-213.093659133783,-5.026678464323956,1.0887721413753104,1.3952574435591,1.3952574435591,0.0004388189420977477,1.025853507606685,2.0882754649178787,nan,nan,nan
19.64,220.00323486328125,-213.41831970214844,-5.017882823944092,218.96704054835448,-213.0848299631621,-5.022330642908262,1.088546667529365,1.3955604080847124,1.3955604080847124,0.00033762853890018606,0.9076539308695792,1.9595574210210116,nan,0.1069576429035519,nan
19.650000000000002,220.00323486328125,-213.4095916748047,-5.017882823944092,218.95889803990988,-213.0950864275097,-5.022628531784985,1.0906766124605363,1.3953574618279565,1.3953574618279565,0.0004388054417978293,0.9038328012226725,1.8876442348320972,0.8590794893738329,nan,nan
19.66,220.00323486328125,-213.40086364746094,-5.017882823944092,218.95912180061694,-213.08629893570713,-5.045508784129695,1.0908190680324452,1.3956590988700215,1.3956590988700215,0.0003376205239581664,3.112522750850654,4.097010650151464,nan,2.515053349023572,nan
19.67,220.00323486328125,-213.39215087890625,-5.017882823944092,218.9593457446823,-213.07751143785984,-5.045846450207195,1.0906348766590277,1.3959611773717748,1.3959611773717748,0.000438814423182214,2.6335231204525846,3.6242033626581134,nan,nan,nan
19.68,220.00323486328125,-213.3834228515625,-5.017882823944092,218.9595696391686,-213.06872382012386,-5.015274609948301,1.0900822827616217,1.3962636983012167,1.3962636983012167,0.00033762585969384447,0.8711862383130188,1.8548523163199149,nan,4.713708302143154,nan
19.69,220.00323486328125,-213.37469482421875,-5.017882823944092,218.95979339262396,-213.05993604522988,-5.0155664260187685,1.089884653225906,1.396566662626347,1.396566662626347,0.0004388234686737363,0.8627727528075679,1.8466383134112077,nan,nan,nan
19.7,220.00323486328125,-213.365966796875,-5.017882823944092,218.97939518249538,-213.06861131383852,-4.993583964354316,1.066423185147873,1.396363717144795,1.396363717144795,0.00033761787474715347,2.562844980032011,3.6912660831707256,1.3640969566742778,2.4539016571853964,nan
19.71,220.00323486328125,-213.3572540283203,-5.017882823944092,218.9796614097825,-213.05986192691847,-4.993848924580226,1.0661717990090547,1.3966653539992133,1.3966653539992133,0.00043880991970076435,2.129821514126365,3.260666502557039,nan,nan,nan
19.72,220.00323486328125,-213.34852600097656,-5.017882823944092,218.97992756673003,-213.0511125486957,-5.024841124107179,1.0656739664239507,1.396967432309782,1.396967432309782,0.0003376231863467516,0.9563209354587715,2.08581074849586,nan,4.657817226577239,nan
19.73,220.00323486328125,-213.3397979736328,-5.017882823944092,218.9801936804599,-213.04236305489755,-5.0251551129421825,1.0654265243642194,1.397269953044501,1.397269953044501,0.0004388189401944269,0.9328754979305398,2.061762176693097,nan,nan,nan
19.740000000000002,220.00323486328125,-213.33106994628906,-5.017882823944092,218.9804597751015,-213.03361337365666,-5.037035416001218,1.06532441790555,1.3975729171713707,1.3975729171713707,0.00033762853777699196,1.8982652856499165,3.028159644710198,nan,0.6598729995053285,nan
19.75,220.00323486328125,-213.32235717773438,-5.017882823944092,218.9719891085146,-213.03866798013954,-5.0374440751122975,1.0697336164220954,1.397369972456659,1.397369972456659,0.0004388054399350908,1.6906527380338316,2.841070028403801,0.7755798021097238,nan,nan
19.76,220.00323486328125,-213.31362915039062,-5.017882823944092,218.97223613298297,-213.02994839291554,-5.03160633506785,1.0694023979755534,1.3976716091253971,1.3976716091253971,0.0003376205228589451,1.3759282842944836,2.529620312526413,nan,0.1890227364019163,nan
19.77,220.00323486328125,-213.30490112304688,-5.017882823944092,218.97248335372515,-213.0212289591086,-5.031949813907267,1.0691662411674876,1.3979736872468236,1.3979736872468236,0.0004388144213311597,1.2684965138903,2.4234597007917356,nan,nan,nan
19.78,220.00323486328125,-213.29617309570312,-5.017882823944092,218.97273071167152,-213.0125096743931,-5.058416917352375,1.069601213444822,1.3982762077889392,1.3982762077889392,0.00033762585860151815,5.683379762420085,6.837998995504577,nan,3.3665775888743386,nan
19.79,220.00323486328125,-213.28746032714844,-5.017882823944092,218.97297812852645,-213.00379034205278,-5.058802494419631,1.0693792682596854,1.3985791717197438,1.3985791717197438,0.0004388234668342571,4.632171421716704,5.783080719400185,nan,nan,nan
19.8,220.00323486328125,-213.2787322998047,-5.017882823944092,218.98770650065228,-213.0129236546904,-5.048838407982892,1.0501953814907719,1.3983762277635992,1.3983762277635992,0.00033761787367812883,3.6262852122685265,4.91188344564659,1.0456808394748334,0.5294529768190084,nan
19.81,220.00323486328125,-213.27000427246094,-5.017882823944092,218.98798610078887,-213.00424312996537,-5.049211758375247,1.0499240623661508,1.398677864248603,1.398677864248603,0.0004388099179005882,3.0241650964012035,4.310162467272448,nan,nan,nan
19.82,220.00323486328125,-213.2612762451172,-5.017882823944092,218.9882659548711,-212.99556254349392,-5.037770954941311,1.0493622796842723,1.3989799421829092,1.3989799421829092,0.00033762318528445006,1.9583705948973154,3.2460933083952406,nan,0.6887378912628033,nan
19.830000000000002,220.00323486328125,-213.2525634765625,-5.017882823944092,218.98854597759257,-212.98688196789254,-5.038128376241073,1.0490901206174323,1.3992824625345177,1.3992824625345177,0.0004388189384055618,1.7203040802574976,2.9990591898974444,nan,nan,nan
19.84,220.00323486328125,-213.24383544921875,-5.017882823944092,218.98882591492497,-212.97820144973858,-5.050724854876649,1.0491260816417132,1.3995854262714285,1.3995854262714285,0.00033762853672133293,3.9802840927357335,5.266562612395833,nan,0.7388806542399629,nan
19.85,220.00323486328125,-213.235107421875,-5.017882823944092,218.95452118793796,-212.95541065458391,-5.051107695593762,1.0858796188257975,1.399382483065666,1.399382483065666,0.0004388054381844417,3.35749729494883,4.4258104235324875,2.75636147393002,nan,nan
19.86,220.00323486328125,-213.22637939453125,-5.017882823944092,218.95472532473104,-212.9466994016637,-5.038620427968779,1.085367771339212,1.399684119368863,1.399684119368863,0.00033762052182583293,2.115089880416112,3.1852154049821144,nan,0.8168989302425402,nan
19.87,220.00323486328125,-213.21766662597656,-5.017882823944092,218.95492948050583,-212.9379882292426,-5.038981987994691,1.0851771080700365,1.3999861971180487,1.3999861971180487,0.00043881441959150796,1.8553341393196152,2.9194931242773947,nan,nan,nan
19.88,220.00323486328125,-213.2089385986328,-5.017882823944092,218.95513360410308,-212.9292770056799,-5.04293713869956,1.0850597102241384,1.4002887172812233,1.4002887172812233,0.0003376258575748925,2.6995597825765856,3.76794244742526,nan,0.06368286842267123,nan
19.89,220.00323486328125,-213.20021057128906,-5.017882823944092,218.9553377764447,-212.92056585397623,-5.04330609105345,1.0848667268526586,1.400591680826387,1.400591680826387,0.00043882346510549055,2.3127505184623134,3.382271951309533,nan,nan,nan
19.900000000000002,220.00323486328125,-213.1914825439453,-5.017882823944092,218.9431593085927,-212.89392142086476,-5.021698116396886,1.101052841635543,1.4003887383629092,1.4003887383629092,0.00033761787267341987,0.9088053809934241,1.9102400933319488,0.9391864357345959,2.3817830466402192,nan
19.91,220.00323486328125,-213.18276977539062,-5.017882823944092,218.94333655030707,-212.88517102018224,-5.022034294461757,1.1008935859812061,1.4006903744862067,1.4006903744862067,0.00043880991620874133,0.9045275247892816,1.9078156425841937,nan,nan,nan
19.92,220.00323486328125,-213.17404174804688,-5.017882823944092,218.94351358893698,-212.87642053894112,-5.041916512186503,1.1009837335664632,1.400992452052251,1.400992452052251,0.00033762318428605213,2.5756434385187976,3.5780122268075214,nan,1.8846573750911282,nan
19.93,220.00323486328125,-213.16531372070312,-5.017882823944092,218.94369049006534,-212.8676698826219,-5.042284907460448,1.1008276862620996,1.4012949720290424,1.4012949720290424,0.0004388189367242679,2.2213264169441898,3.2240643001953098,nan,nan,nan
19.94,220.00323486328125,-213.15658569335938,-5.017882823944092,218.94386733108735,-212.85891913660618,-5.029038595330327,1.100449634699893,1.4015979353845813,1.4015979353845813,0.0003376285357291881,1.232521492622339,2.2349774339783206,nan,0.9145874159478774,nan
19.95,220.00323486328125,-213.1478729248047,-5.017882823944092,218.96769598848613,-212.86407948170398,-5.029395795043205,1.0737839764414585,1.401394993655378,1.401394993655378,0.0004388054365390415,1.1247323036374863,2.272842858104923,1.4897487685760922,nan,nan
19.96,220.00323486328125,-213.13914489746094,-5.017882823944092,218.96792419546833,-212.85535878066437,-5.017083317108488,1.0735005254702448,1.4016966296006639,1.4016966296006639,0.0003376205208548695,0.8240417526374754,1.974326318473185,nan,0.791310797503844,nan
19.97,220.00323486328125,-213.1304168701172,-5.017882823944092,218.9681525360893,-212.84663820124482,-5.01741681592334,1.073278143882363,1.4019987069855253,1.4019987069855253,0.00043881441795643437,0.8221259990627255,1.974126440689967,nan,nan,nan
19.98,220.00323486328125,-213.12168884277344,-5.017882823944092,218.96838104007801,-212.83791776359593,-5.011340207275211,1.073075610853587,1.4023012267779622,1.4023012267779622,0.00033762585661002183,0.947898312858747,2.1002155143514516,nan,0.20277870144156743,nan
19.990000000000002,220.00323486328125,-213.11297607421875,-5.017882823944092,218.9686097322862,-212.82919725181748,-5.011665872290246,1.0728551776534527,1.4026041899459751,1.4026041899459751,0.0004388234634806797,0.9086793744020712,2.060072812558645,nan,nan,nan
20.0,220.00323486328125,-213.104248046875,-5.017882823944092,219.0023900571589,-212.84864125699207,-5.033034190153102,1.0330802102810601,1.4024012489431217,1.4024012489431217,0.00033761787172911887,1.4408076778965957,2.862151997910237,3.7900099413209003,2.183874076220751,nan
