t,gt_x,gt_y,gt_z,est_x,est_y,est_z,err_norm,P_xx,P_yy,P_zz,nees_pos,nees_full,nis_dvl,nis_depth,nis_acoustic
0.01,219.97708129882812,-229.97702026367188,-4.976943492889404,219.33930749169252,-229.58320071867973,-5.37141144489773,0.847026698662858,1.0001000000190625,1.0001000000190625,1.0001000000190625,0.7173824899850264,0.8153905660247167,nan,nan,nan
0.02,219.97544860839844,-229.97518920898438,-4.975301265716553,219.34196957603893,-229.58217255250057,-4.96356353085384,0.7455840335820985,1.0004000001826252,1.0004000001826252,0.0008991910516330248,0.708755970282105,1.0100458575394045,nan,0.16759577486143618,nan
0.03,219.97393798828125,-229.9732666015625,-4.973775386810303,219.34474773397588,-229.58106384564945,-4.965033976886067,0.7414713683657044,1.0009000006351882,1.0009000006351882,0.0009995107999378019,0.6256587359648117,1.011281634053433,nan,nan,nan
0.04,219.9725341796875,-229.9712677001953,-4.97236442565918,219.34764065056527,-229.57987550038575,-4.9394286164189465,0.7380816650892454,1.0016000015212516,1.0016000015212516,0.0005317765199244777,2.582704898032829,3.0280714579839922,nan,0.9628313455551823,nan
0.05,219.9712371826172,-229.96920776367188,-4.971066951751709,219.3466531224534,-229.61111615203413,-4.939841176074311,0.7206315976993036,1.000136159857599,1.000136159857599,0.00047135043475060633,2.5868930464850672,14.836679211845945,0.4812243650171907,nan,nan
0.06,219.97006225585938,-229.96705627441406,-4.969882011413574,219.34897300554596,-229.61627240375148,-4.943229876258232,0.7138007544688116,1.0001960690185168,1.0001960690185168,0.0003207125249314022,2.7235706863702185,15.159408224971491,nan,0.10468931819116281,nan
0.07,219.968994140625,-229.96482849121094,-4.968808650970459,219.351404100904,-229.62135142329873,-4.9425598419181425,0.7071654356095249,1.000266870913067,1.000266870913067,0.0003466969814233004,2.4865868633248054,15.17365889269042,nan,nan,nan
0.08,219.96803283691406,-229.9625244140625,-4.967845439910889,219.35394536759202,-229.62635403544323,-4.932480079422329,0.7009740738157602,1.0003485656857503,1.0003485656857503,0.00026870186355409443,5.144576766079591,18.100125157957606,nan,0.7926850529633325,nan
0.09,219.96719360351562,-229.96014404296875,-4.966991424560547,219.3565956396478,-229.63128101902694,-4.931515682135915,0.6944345111644946,1.0004411534810664,1.0004411534810664,0.00030271740266169536,4.638204910130212,18.10256990940967,nan,nan,nan
0.1,219.96644592285156,-229.9576873779297,-4.966244697570801,219.36407588258126,-229.61205065798768,-4.932992550485403,0.6952841957597649,1.0002799430390896,1.0002799430390896,0.0002198198410369,5.512231673843383,20.204776113914473,2.65554645766336,0.675837628536371,nan
0.11,219.9658203125,-229.95516967773438,-4.96560525894165,219.36741267684027,-229.61442018156885,-4.931640669002722,0.6894603040949089,1.0003387291688073,1.0003387291688073,0.00024222993303413308,5.236431176401529,20.13205751050661,nan,nan,nan
0.12,219.9652862548828,-229.9525604248047,-4.965071678161621,219.37085498035063,-229.6167163452016,-4.931220601294885,0.6835829732749584,1.0004031143902965,1.0004031143902965,0.00020746689984599585,5.989220513418754,21.31837519624637,nan,0.010941597311429518,nan
0.13,219.96485900878906,-229.94989013671875,-4.96464204788208,219.37440180250104,-229.61893991979457,-4.930127600721247,0.6777602862387522,1.0004730988480575,1.0004730988480575,0.000232756991578682,5.575937267878551,21.294513555849726,nan,nan,nan
0.14,219.96453857421875,-229.9471435546875,-4.964316368103027,219.37805189635634,-229.62109168680635,-4.92096147695581,0.6724255278060608,1.0005486826865908,1.0005486826865908,0.00020331264016074373,9.695133931575059,25.855597038803023,nan,1.127240638865085,nan
0.15,219.9643096923828,-229.9443359375,-4.96409273147583,219.36529315274834,-229.61805710519283,-4.921595708480044,0.6834359429609299,1.000423869832177,1.000423869832177,0.0002033478705987416,9.346398869113044,26.880079899988058,1.6016970998248978,nan,nan
0.16,219.9641876220703,-229.9414520263672,-4.96397066116333,219.36804605575745,-229.6197264939284,-4.944190093948096,0.6777044755262703,1.0004822670248124,1.0004822670248124,0.000180793006185342,2.6228632248189774,20.77459159726687,nan,12.242735165882163,nan
0.17,219.96417236328125,-229.93849182128906,-4.963948726654053,219.37089931405495,-229.6213265036383,-4.944571027597578,0.673009840105998,1.00054443243672,1.00054443243672,0.00020170039831695133,2.3139688764271233,20.811142780011007,nan,nan,nan
0.18,219.96424865722656,-229.9354705810547,-4.96402645111084,219.37385180470125,-229.62285768005069,-4.953889782122246,0.6681302428450026,1.0006103662124004,1.0006103662124004,0.00018025314004452552,1.0160661288982409,19.79131499816784,nan,1.7299644252110045,nan
0.19,219.9644317626953,-229.93238830566406,-4.964201927185059,219.37690257581912,-229.624320834811,-4.954962932609738,0.6634617329205788,1.0006800684963535,1.0006800684963535,0.00020157169349108254,0.8632643197511223,19.755831499058,nan,nan,nan
0.2,219.96470642089844,-229.92922973632812,-4.964474678039551,219.3317258659594,-229.60566748903028,-4.9556310631087035,0.7109396038570304,1.0005678340570063,1.0005678340570063,0.00016562430288462397,0.9772805554305455,12.503302614821465,15.714191955251545,0.4655879848738049,nan
0.21,219.96507263183594,-229.92601013183594,-4.964843273162842,219.33255358060578,-229.60599429337114,-4.9566444992930165,0.7089130460997315,1.0006260336518868,1.0006260336518868,0.00018336416277337354,0.8687684231641339,12.502715500460726,nan,nan,nan
0.22,219.9655303955078,-229.9227294921875,-4.965307235717773,219.33347675437955,-229.60625553029604,-4.961261114583538,0.7068691144158229,1.0006870731532063,1.0006870731532063,0.00016562046358189022,0.5981515770957797,12.322255863314396,nan,0.32919264265436304,nan
0.23,219.96609497070312,-229.91937255859375,-4.965865612030029,219.33449424552992,-229.6064519824706,-4.962644205803689,0.7048752658865531,1.0007509527054648,1.0007509527054648,0.00018322045245407794,0.5531051308686444,12.388010760506745,nan,nan,nan
0.24,219.96673583984375,-229.91595458984375,-4.966516971588135,219.33560236256244,-229.60658407860421,-4.962291398604051,0.7028921928979244,1.0008176724531628,1.0008176724531628,0.00016530434522311815,0.6016516618659083,12.480320713528775,nan,0.0900862556971727,nan
0.25,219.96742248535156,-229.9124755859375,-4.967260360717773,219.35951352902248,-229.58577877684158,-4.9595532315131745,0.6901764296896473,1.0007118135101392,1.0007118135101392,0.0001701416150091115,0.8250653196229621,11.121518612028765,6.8752082622201165,nan,nan
0.26,219.96810913085938,-229.908935546875,-4.968094825744629,219.3616180401424,-229.58494935034244,-4.951419852757479,0.6878056072662067,1.0007698933505491,1.0007698933505491,0.00015459730526529573,2.2710089709239214,12.676752364283487,nan,2.7292875194598225,nan
0.27,219.9687957763672,-229.90533447265625,-4.969000339508057,219.36372752349442,-229.58405799143452,-4.952292839833329,0.685277541267845,1.0008302519759107,1.0008302519759107,0.00016941993433804899,2.11656198615117,12.692789231979054,nan,nan,nan
0.28,219.969482421875,-229.90167236328125,-4.969931602478027,219.36583242073692,-229.58310540196248,-4.963016159172886,0.6825877643746482,1.000892889530724,1.000892889530724,0.00015375146915452432,0.7765058724253702,11.49370065121711,nan,3.032144257170709,nan
0.29,219.97015380859375,-229.89794921875,-4.970867156982422,219.36792825132693,-229.58209226060865,-4.96439349706277,0.6800611355638518,1.0009578061594893,1.0009578061594893,0.00016804784254403524,0.7113817205433343,11.509536525958701,nan,nan,nan
0.3,219.9708251953125,-229.8941650390625,-4.971795082092285,219.33830002549325,-229.54209077384957,-4.959184461531599,0.724018926845852,1.0008558006496362,1.0008558006496362,0.00014536977428052428,1.6175496302553674,6.146812468540904,15.269443183156834,0.7756809909751715,nan
0.31,219.97146606445312,-229.89031982421875,-4.972710132598877,219.33931451446966,-229.53965999424975,-4.960227717545416,0.7230032566911099,1.0009138000273874,1.0009138000273874,0.00015800380722330657,1.508220620421394,6.170966245784078,nan,nan,nan
0.32,219.97210693359375,-229.88641357421875,-4.973609447479248,219.34031649395774,-229.53717060506892,-4.960750285018637,0.722007734844464,1.0009737024100318,1.0009737024100318,0.0001440576086840928,1.668483521358676,6.433609882019459,nan,0.009386694833590638,nan
0.33,219.9727325439453,-229.88246154785156,-4.97449254989624,219.34130578194134,-229.53462321734116,-4.961744771961955,0.7210088527815313,1.0010355079420696,1.0010355079420696,0.00015615947696313384,1.5597939549517252,6.398025025810835,nan,nan,nan
0.34,219.9733428955078,-229.87844848632812,-4.975358963012695,219.3422824224243,-229.5320185120048,-4.969183673030428,0.7199230389454252,1.001099216768001,1.001099216768001,0.00014231320052167967,0.7856417300935657,5.737217954378588,nan,1.5613513750510268,nan
0.35000000000000003,219.97393798828125,-229.87437438964844,-4.976207733154297,219.36641311180338,-229.55845146886733,-4.968979130150328,0.6847963347709317,1.0009997922080285,1.0009997922080285,0.00014806836890546993,0.8213212115485392,10.77508796058839,8.730786555438701,nan,nan
0.36,219.9745330810547,-229.87025451660156,-4.9770402908325195,219.36802758997595,-229.5565664155579,-4.968634146851456,0.6828761225153952,1.0010577337130937,1.0010577337130937,0.00013555602334560014,0.987041009602723,10.905642663025473,nan,0.08886591426840562,nan
0.37,219.97511291503906,-229.86605834960938,-4.977856159210205,219.36963038034747,-229.55462583766086,-4.969680488235746,0.6809303568728544,1.0011173090006462,1.0011173090006462,0.00014592245031665502,0.9211443590851467,11.031451017521585,nan,nan,nan
0.38,219.97567749023438,-229.86183166503906,-4.978655815124512,219.37122172231852,-229.5526303351178,-4.978845511950583,0.678949389701985,1.0011785182151862,1.0011785182151862,0.00013359509905498424,0.4606989709347687,10.513220449968388,nan,2.841206357542587,nan
0.39,219.97622680664062,-229.8575439453125,-4.9794392585754395,219.3728015517776,-229.5505806724924,-4.980153108875029,0.6770147698899817,1.0012413615012141,1.0012413615012141,0.00014344814323119187,0.4613325978759578,10.568256521222821,nan,nan,nan
0.4,219.9767608642578,-229.8531951904297,-4.980207443237305,219.39403491304816,-229.55514087186376,-4.980804612083273,0.6545275148071527,1.0011437865398718,1.0011437865398718,0.00012792940450190527,0.43070402390099394,14.385399078036407,2.777297689125699,0.0004799812322137431,nan
0.41000000000000003,219.977294921875,-229.8488006591797,-4.980959892272949,219.39608419763232,-229.553151595031,-4.982048830690761,0.652085470543216,1.0012016843516187,1.0012016843516187,0.00013689469498271757,0.43336595180034576,14.30345231222745,nan,nan,nan
0.42,219.97781372070312,-229.84434509277344,-4.9816975593566895,219.39812277159413,-229.5511099745764,-4.984264123927953,0.6496422232864881,1.0012610136076117,1.0012610136076117,0.00012585916837681575,0.4738352080301103,14.421596495647028,nan,0.04743625911338855,nan
0.43,219.97833251953125,-229.83984375,-4.982419967651367,219.4001507020387,-229.549016640682,-4.985512886134141,0.6472126294642229,1.0013217744523508,1.0013217744523508,0.00013437434051055236,0.48951195840623996,14.351408284182936,nan,nan,nan
0.44,219.97882080078125,-229.83529663085938,-4.983128547668457,219.40216832000206,-229.54687226282417,-4.99178069055104,0.6448190127793706,1.0013839670303364,1.0013839670303364,0.00012362220206642706,1.0206933861546124,14.915931252397119,nan,1.2867267893284204,nan
0.45,219.97930908203125,-229.83070373535156,-4.983822822570801,219.37639093888305,-229.52338900367715,-4.991829834073826,0.6767693431846624,1.0012877827263515,1.0012877827263515,0.0001288269387664247,0.9550253455297817,10.3513498984412,8.285903194784375,nan,nan
0.46,219.97979736328125,-229.8260498046875,-4.984503269195557,219.37776971967986,-229.5206700156167,-4.992111092801918,0.6750940513833547,1.0013456463278285,1.0013456463278285,0.0001189081517056733,0.9418353968300633,10.338899502452694,nan,0.058257547944477434,nan
0.47000000000000003,219.98025512695312,-229.82135009765625,-4.985169887542725,219.37913853014769,-229.51790146442846,-4.99337521543597,0.6734163373193451,1.0014047837665132,1.0014047837665132,0.00012633440687705345,0.9857162514548725,10.388425848174318,nan,nan,nan
0.48,219.98072814941406,-229.8166046142578,-4.985823154449463,219.38049765744907,-229.51508404105996,-4.992079994042152,0.6717368886608693,1.0014651951869058,1.0014651951869058,0.00011670448431741121,0.785977091245655,10.062888593610774,nan,0.37302105558244053,nan
0.49,219.98117065429688,-229.81179809570312,-4.98646354675293,219.38184737108568,-229.51221849762345,-4.993243966119109,0.6700614206708235,1.0015268807335065,1.0015268807335065,0.00012375181162976257,0.8197542395717569,10.208469267468296,nan,nan,nan
0.5,219.9816131591797,-229.8069610595703,-4.987091064453125,219.38137427109152,-229.4697649119901,-4.988455845653229,0.6884691912816334,1.0014317802140504,1.0014317802140504,0.00011261512936082361,0.48985005295809947,5.9621008551476145,11.046913593011533,1.1463547951823454,nan
0.51,219.9820556640625,-229.80206298828125,-4.987706184387207,219.38266952836895,-229.46601220532787,-4.98940763635754,0.6871657466172427,1.001489616259765,1.001489616259765,0.00011914323673518338,0.49578949707007364,5.994133932053023,nan,nan,nan
0.52,219.9824676513672,-229.79713439941406,-4.988308906555176,219.38395603345236,-229.46221297357172,-4.993665416287062,0.6858696745474265,1.001548599924324,1.001548599924324,0.00011047991921922999,0.7293662832168775,6.235710323083255,nan,0.7118926681236883,nan
0.53,219.98289489746094,-229.79214477539062,-4.988899230957031,219.38523383018392,-229.45836767306673,-4.994685901977696,0.6845724146764447,1.0016087313522277,1.0016087313522277,0.00011668240912895697,0.7548336299489069,6.236795382069355,nan,nan,nan
0.54,219.98329162597656,-229.78712463378906,-4.98947811126709,219.3865030460557,-229.45447683711058,-4.997089662326447,0.6832782021025777,1.0016700106879763,1.0016700106879763,0.000108311857888154,1.000930086025117,6.471241164335773,nan,0.13116325216129626,nan
0.55,219.9836883544922,-229.78204345703125,-4.990045547485352,219.3884183870957,-229.399364113931,-4.998564092000756,0.7077163127415661,1.001575778649722,1.001575778649722,0.00011266899507343557,1.1440619896553093,4.735915612666729,16.84624225909565,nan,nan
0.56,219.9840850830078,-229.7769317626953,-4.990601539611816,219.38968295903118,-229.39445128429912,-4.996711343718993,0.7068539672721246,1.0016335919888517,1.0016335919888517,0.00010484427823642546,0.8548394367509602,4.379964629469316,nan,0.6061776218628324,nan
0.5700000000000001,219.98446655273438,-229.7717742919922,-4.991146564483643,219.3909395765428,-229.38949462671332,-4.997668591884604,0.7060131378340421,1.0016924496011623,1.0016924496011623,0.0001103430824490797,0.8830661240698792,4.414450303847128,nan,nan,nan
0.58,219.98484802246094,-229.76657104492188,-4.991680145263672,219.39218845720018,-229.38449455357215,-4.995418799298352,0.705153730098039,1.0017523516311537,1.0017523516311537,0.00010279042950036771,0.6323389008325377,4.130347003856205,nan,0.7711989764428425,nan
0.59,219.98521423339844,-229.76132202148438,-4.992203712463379,219.39342959968454,-229.37945141994945,-4.99627640541302,0.7043087361693052,1.0018132982233263,1.0018132982233263,0.0001080226611934212,0.6486858999025076,4.158263074772053,nan,nan,nan
0.6,219.98558044433594,-229.7560272216797,-4.992716312408447,219.3662435457646,-229.36643579753132,-4.99156113039731,0.7316836790221491,1.0017197777972857,1.0017197777972857,9.971819191857399e-05,0.5478227195215115,2.938368739044126,5.851196978706274,3.0306314448547025,nan
0.61,219.98593139648438,-229.75070190429688,-4.993218898773193,219.3669947967329,-229.36117555048037,-4.992271056676776,0.731309915996034,1.001777572072588,1.001777572072588,0.00010462502815119482,0.5424512123984717,2.957622838636996,nan,nan,nan
0.62,219.9862823486328,-229.74533081054688,-4.993711471557617,219.36773902388467,-229.3558734598959,-4.991726584017119,0.7309424138364958,1.0018363244572275,1.0018363244572275,9.778191914098727e-05,0.5735850556964786,2.98945498810493,nan,0.1301083509570996,nan
0.63,219.9866180419922,-229.7399139404297,-4.994194030761719,219.36847656563194,-229.35053034374434,-4.992389194168269,0.7305626103213725,1.001896035095704,1.001896035095704,0.00010245898584604836,0.564501012611789,3.022710288036449,nan,nan,nan
0.64,219.98695373535156,-229.73446655273438,-4.994667053222656,219.36920738561142,-229.34514671925697,-4.994792829155544,0.7301920988176536,1.001956704132518,1.001956704132518,9.586359887147201e-05,0.5323042681110945,2.990538052225591,nan,0.26788854678941304,nan
0.65,219.98727416992188,-229.72897338867188,-4.995131015777588,219.36339924272207,-229.3459349149848,-4.995355691622324,0.7320781704109999,1.0018637774929615,1.0018637774929615,9.944293731340681e-05,0.5354490055132463,2.904994553344881,0.5428113998135378,nan,nan
0.66,219.9875946044922,-229.7234344482422,-4.995584964752197,219.36401581010074,-229.34056738225908,-4.994356986441329,0.7317371187523133,1.00192155551035,1.00192155551035,9.321888383694099e-05,0.55058703972849,2.9378854430044186,nan,0.25947416926819167,nan
0.67,219.98789978027344,-229.71786499023438,-4.996030330657959,219.36462584701795,-229.33516079551958,-4.994984660813339,0.7313918169855944,1.0019802187074855,1.0019802187074855,9.742452860677251e-05,0.5450990131764203,2.943982637236563,nan,nan,nan
0.68,219.98822021484375,-229.71224975585938,-4.996466636657715,219.36522957109844,-229.32971559385282,-4.992105785365252,0.7310736928109542,1.0020397672288688,1.0020397672288688,9.142481031286975e-05,0.7413690501707093,3.1351753771835407,nan,1.1840509568159703,nan
0.6900000000000001,219.98851013183594,-229.70660400390625,-4.996894359588623,219.3658270423008,-229.32423220002417,-4.992641897201589,0.7307260155717882,1.0021002012189995,1.0021002012189995,9.544232880540403e-05,0.722293162851942,3.1678937805258514,nan,nan,nan
0.7000000000000001,219.9888153076172,-229.700927734375,-4.997313499450684,219.34961961090332,-229.34411343784072,-4.996980535024624,0.7320435040174132,1.0020077776195548,1.0020077776195548,8.90465967620817e-05,0.5360588195279159,3.443346287684679,6.295824137210733,1.1572126527674373,nan
0.71,219.98910522460938,-229.69520568847656,-4.9977240562438965,219.34996429592607,-229.3389188990018,-4.99758509820805,0.7317386298274251,1.0020655415862234,1.0020655415862234,9.284882093131929e-05,0.5345456716493379,3.485502583219811,nan,nan,nan
0.72,219.9893798828125,-229.68943786621094,-4.998126983642578,219.35030317574697,-229.33368736254064,-4.994738521535656,0.7314293814517128,1.0021241282129905,1.0021241282129905,8.737029063449604e-05,0.6652574614168959,3.636136218901963,nan,1.262511732792509,nan
0.73,219.98965454101562,-229.6836395263672,-4.998521327972412,219.35063642897137,-229.3284192808714,-4.995257874172524,0.7311198400135197,1.0021835376443564,1.0021835376443564,9.100895636639887e-05,0.6503838423639258,3.6461161229877037,nan,nan,nan
0.74,219.98992919921875,-229.6778106689453,-4.998908042907715,219.35096407693476,-229.32311509087523,-4.999613675474338,0.7308117941817732,1.0022437700248215,1.0022437700248215,8.572743423223478e-05,0.5386978430889863,3.5369630604118156,nan,1.6366416323241744,nan
0.75,219.99020385742188,-229.6719512939453,-4.999286651611328,219.37333033482892,-229.3185131202895,-4.999771231957979,0.7109512784231432,1.0021517780909859,1.0021517780909859,8.867429611905479e-05,0.507014298047686,3.8263619386658334,3.515108652723653,nan,nan
0.76,219.99046325683594,-229.66604614257812,-4.999658107757568,219.37394232855732,-229.31314796020575,-5.0033038436915955,0.710386143951128,1.002209529774464,1.002209529774464,8.365406677392739e-05,0.6624078024421864,4.025004445498091,nan,1.0278956830373074,nan
0.77,219.99070739746094,-229.6601104736328,-5.000021934509277,219.37454916534102,-229.30774793696145,-5.0039194762183765,0.7098066744473397,1.0022680499342875,1.0022680499342875,8.696585699550045e-05,0.6773460514501248,4.054598045717743,nan,nan,nan
0.78,219.990966796875,-229.65414428710938,-5.000378608703613,219.37515098998506,-229.3023135518361,-5.004528830665171,0.7092469236033158,1.0023273387149567,1.0023273387149567,9.036889628861951e-05,0.6924463483454812,4.014701184021981,nan,nan,nan
0.79,219.9912109375,-229.64813232421875,-5.000728130340576,219.37574784401522,-229.2968452083532,-5.005131943319286,0.7086725977373025,1.0023873962609717,1.0023873962609717,9.386332915348456e-05,0.7076163364429499,4.078026984346369,nan,nan,nan
0.8,219.991455078125,-229.64210510253906,-5.001070499420166,219.39108121808158,-229.28768190672943,-5.003593079448655,0.6971878778072282,1.0022957788426037,1.0022957788426037,8.746598346889847e-05,0.5577042019574138,4.239115151080522,1.626279386503244,0.37647759835476213,nan
0.81,219.99168395996094,-229.6360321044922,-5.001406192779541,219.39185330477588,-229.28210084998068,-5.004142756712297,0.6964708440430116,1.0023535196802833,1.0023535196802833,9.076117673462367e-05,0.5664360738013657,4.313894584048119,nan,nan,nan
0.8200000000000001,219.99191284179688,-229.6299285888672,-5.001735210418701,219.3926206176649,-229.27648696057366,-5.006689810232088,0.6957705818552075,1.0024119815890553,1.0024119815890553,8.522620910250963e-05,0.7709415479873527,4.492876449373129,nan,0.45015821253354854,nan
0.8300000000000001,219.9921417236328,-229.62379455566406,-5.0020575523376465,219.39338336058086,-229.27084076260303,-5.007264304721689,0.695064793836674,1.0024711647134195,1.0024711647134195,8.836372347124642e-05,0.788700279261775,4.494060252781717,nan,nan,nan
0.84,219.99237060546875,-229.61761474609375,-5.002373695373535,219.39414162951851,-229.2651627044537,-5.0110561261604305,0.6943887484162421,1.0025310691978764,1.0025310691978764,8.312207449745837e-05,1.387797577201565,5.109604555764004,nan,1.227899310994534,nan
0.85,219.99258422851562,-229.61141967773438,-5.002683162689209,219.3941358725041,-229.25442604546575,-5.011081611589353,0.6968898207300507,1.0024397798249027,1.0024397798249027,8.571859493537288e-05,1.3072576956014874,4.805353763668683,1.0666359893004254,nan,nan
0.86,219.9927978515625,-229.60519409179688,-5.002986431121826,219.39487639511938,-229.24862558387892,-5.013142431930907,0.6962429987197934,1.0024975110014611,1.0024975110014611,8.079642887688931e-05,1.7600391998462825,5.234530942683765,nan,0.26726920233653445,nan
0.87,219.99301147460938,-229.59893798828125,-5.003283977508545,219.39561271333253,-229.24279406718884,-5.013764286636433,0.6955814901114086,1.00255592143017,1.00255592143017,8.363744823911374e-05,1.7957405707028469,5.227686947024287,nan,nan,nan
0.88,219.9932098388672,-229.59263610839844,-5.003575325012207,219.39634493533643,-229.23693200056422,-5.0152861496544725,0.6949174546740906,1.0026150112555297,1.0026150112555297,7.895481666632329e-05,2.2184999941518333,5.711811915533174,nan,0.10785261783200345,nan
0.89,219.993408203125,-229.58631896972656,-5.003860950469971,219.39707323033784,-229.2310397465608,-5.015913610029148,0.6942506699923123,1.0026747806220402,1.0026747806220402,8.167335766472663e-05,2.259182351140172,5.6713442504990885,nan,nan,nan
0.9,219.9936065673828,-229.57997131347656,-5.004140853881836,219.37875432029244,-229.21239775686843,-5.015401304825762,0.7164359029425386,1.0025837809993299,1.0025837809993299,7.69250643974806e-05,2.1601593785355973,4.800697310475718,3.8252774934452147,0.307598344180878,nan
0.91,219.99380493164062,-229.57359313964844,-5.004415512084961,219.37926176661426,-229.20630375906103,-5.01600245921429,0.716030060902947,1.0026415035027145,1.0026415035027145,7.951613059673222e-05,2.199643452705481,4.7913747502548745,nan,nan,nan
0.92,219.99398803710938,-229.5671844482422,-5.004683971405029,219.379765266802,-229.20018057841276,-5.015379483649624,0.7155947498521936,1.0026998680975152,1.0026998680975152,7.529381978263546e-05,2.029884031553499,4.653470298989377,nan,0.21639974894686892,nan
0.93,219.99417114257812,-229.5607452392578,-5.004947662353516,219.38026496403458,-229.19402863135443,-5.015951968929808,0.71518036978746,1.0027588749282326,1.0027588749282326,7.778035828477036e-05,2.0668359805198913,4.642315451388484,nan,nan,nan
0.9400000000000001,219.99435424804688,-229.5542755126953,-5.0052056312561035,219.3807610028704,-229.18784836652725,-5.0163382183366645,0.7147653170588059,1.0028185241393663,1.0028185241393663,7.374281359495736e-05,2.189961460833371,4.752016449118823,nan,0.0050261857959717614,nan
0.9500000000000001,219.99453735351562,-229.54779052734375,-5.005458831787109,219.359598017961,-229.17395387318518,-5.016943033097781,0.7369081969328172,1.0027277823354113,1.0027277823354113,7.587963567393628e-05,2.279531305936394,4.376431444183035,3.5038212736939416,nan,nan
0.96,219.9947052001953,-229.541259765625,-5.005706787109375,219.3598574518699,-229.1676366784179,-5.01449693750608,0.7366838817240372,1.0027854969981358,1.0027854969981358,7.204284861642008e-05,1.6136295404492682,3.717445456159208,nan,1.439265265971777,nan
0.97,219.994873046875,-229.5347137451172,-5.005949974060059,219.36011350539601,-229.1612921060526,-5.015003288759046,0.7365088991501284,1.0028438205164443,1.0028438205164443,7.433054032773166e-05,1.6435014415577278,3.7065141202213194,nan,nan,nan
0.98,219.9950408935547,-229.52813720703125,-5.00618839263916,219.36036635587504,-229.1549204098382,-5.016275726790307,0.7363452320726843,1.0029027530348373,1.0029027530348373,7.065086575033287e-05,1.9807750311862797,4.027204729326806,nan,0.09850660436509653,nan
0.99,219.99520874023438,-229.52154541015625,-5.0064215660095215,219.36061610073526,-229.1485220084303,-5.016786247372499,0.7361804826001705,1.0029622946978147,1.0029622946978147,7.285416986239927e-05,2.0147970713112797,4.039029685794376,nan,nan,nan
1.0,219.99537658691406,-229.51490783691406,-5.006650447845459,219.3617701474917,-229.16058784555824,-5.015597295259539,0.7260026325231271,1.0028717838087382,1.0028717838087382,6.913038424624418e-05,1.6833907781060573,4.2038654818417704,3.054905594126192,0.776844489782701,nan
1.01,219.9955291748047,-229.5082550048828,-5.0068745613098145,219.36202265922344,-229.15432364028112,-5.016077569118647,0.7257290206994872,1.002929491338885,1.002929491338885,7.124606663606907e-05,1.713832089398211,4.201375232638741,nan,nan,nan
1.02,219.9956817626953,-229.5015869140625,-5.007094383239746,219.3622721056023,-229.14803378825636,-5.0150226519931245,0.7254450109494222,1.0029877778266192,1.0029877778266192,6.787195603608893e-05,1.4507581756991836,3.890683236323426,nan,0.42380186673238995,nan
1.03,219.99583435058594,-229.494873046875,-5.007309913635254,219.36251836892066,-229.14171861041171,-5.015473281122366,0.7251715860367691,1.0030466434164407,1.0030466434164407,6.991405684394454e-05,1.4773885057752185,3.951529620010983,nan,nan,nan
1.04,219.99598693847656,-229.48814392089844,-5.00752067565918,219.36276137802807,-229.13537831226108,-5.017666500814933,0.7249283570192881,1.0031060882528502,1.0031060882528502,6.666677918940334e-05,2.0678551584473324,4.515493510622261,nan,0.5715548691106467,nan
1.05,219.99612426757812,-229.4813995361328,-5.00772762298584,219.356835216646,-229.1080642069095,-5.018019321557427,0.7403888692757793,1.0030157853995267,1.0030157853995267,6.846775112339453e-05,2.0934138127181425,4.061869199711387,3.2517195704003643,nan,nan
1.06,219.99627685546875,-229.474609375,-5.007930278778076,219.3570128610762,-229.10147320651637,-5.0198702683594725,0.740291576413338,1.0030734864043878,1.0030734864043878,6.535743290749489e-05,2.7274977813636063,4.7082085135922975,nan,0.3757514752323501,nan
1.07,219.9964141845703,-229.4678192138672,-5.008129119873047,219.35718753896836,-229.0948580401308,-5.020351403053318,0.7401757397865012,1.003131739331123,1.003131739331123,6.725858574795707e-05,2.767043736103188,4.6843174711529185,nan,nan,nan
1.08,219.99655151367188,-229.4609832763672,-5.008323669433594,219.35735943817392,-229.0882189077107,-5.018680637698349,0.7400182772816408,1.0031905443242328,1.0031905443242328,6.425895144473969e-05,2.2150679334880934,4.145608424420377,nan,0.9346063703613733,nan
1.09,219.99667358398438,-229.45413208007812,-5.008514404296875,219.35752832664681,-229.0815560271342,-5.019125361763077,0.7398865910548122,1.0032499015282175,1.0032499015282175,6.609921572193895e-05,2.248931689866742,4.14859812533833,nan,nan,nan
1.1,219.99681091308594,-229.447265625,-5.008701324462891,219.36937461903076,-229.08550294036104,-5.016544023688241,0.7242996969666746,1.0031597870915698,1.0031597870915698,6.30692266913886e-05,1.4981410350165782,3.5702153293777306,2.0102322932768013,1.6385101462781577,nan
1.11,219.9969482421875,-229.44036865234375,-5.008884906768799,219.36964515903472,-229.07889125805903,-5.016939463537218,0.7240441565240288,1.003217482095928,1.003217482095928,6.484638409259037e-05,1.5229488809796374,3.583367717212,nan,nan,nan
1.12,219.9970703125,-229.43344116210938,-5.009064197540283,219.36991289900172,-229.07225688192852,-5.017824954930972,0.7237798397480217,1.003275704459417,1.003275704459417,6.206331856182208e-05,1.7587246619782633,3.8588756470708567,nan,0.05282315460634258,nan
1.1300000000000001,219.9971923828125,-229.426513671875,-5.00924015045166,219.3701779607387,-229.06559999726844,-5.01822177088792,0.7235236247091259,1.0033344543265368,1.0033344543265368,6.378663166497667e-05,1.786343602213347,3.8099313825772105,nan,nan,nan
1.1400000000000001,219.997314453125,-229.41954040527344,-5.00941276550293,219.3704406385443,-229.0589206778969,-5.017262785499093,0.7232419996059598,1.0033937318417878,1.0033937318417878,6.1095641108699e-05,1.5298770387401743,3.5741222111417232,nan,0.4115002216237018,nan
1.1500000000000001,219.9974365234375,-229.4125518798828,-5.009582042694092,219.38056096426195,-229.02668048808795,-5.017823168108321,0.7276675770308526,1.003303788871462,1.003303788871462,6.264454344304305e-05,1.6118398727424001,3.5105895558402858,5.2884383467762035,nan,nan
1.16,219.99754333496094,-229.40554809570312,-5.009747505187988,219.380905738485,-229.01973305660633,-5.0189296718688,0.7274472365510946,1.003361478331909,1.003361478331909,6.0052308696300855e-05,1.9313016636502334,3.8524983547206917,nan,0.1248122582202313,nan
1.17,219.99766540527344,-229.39852905273438,-5.0099101066589355,219.38124821919808,-229.0127642238423,-5.019311523907711,0.727236575775356,1.0034196727399347,1.0034196727399347,6.16719883873271e-05,1.9601558292206633,3.8121232290378106,nan,nan,nan
1.18,219.99777221679688,-229.3914794921875,-5.010068893432617,219.38158833201348,-229.0057742806919,-5.017040531026023,0.7269798441307439,1.0034783722400396,1.0034783722400396,5.916153143659546e-05,1.3481621212589383,3.2332666218521324,nan,1.6877580930759033,nan
1.19,219.9978790283203,-229.3843994140625,-5.010225296020508,219.38192615739445,-228.9987634251632,-5.017382904522481,0.7267491221154886,1.0035375769767236,1.0035375769767236,6.073591422563928e-05,1.3697615395745006,3.2140011007856266,nan,nan,nan
1.2,219.99798583984375,-229.3773193359375,-5.010377883911133,219.34048964965422,-228.99134655302785,-5.016473729919031,0.7624391048466237,1.0034477907280157,1.0034477907280157,5.820351531479868e-05,1.2177170418909085,2.8254514635976236,12.07085104457042,0.2669735222178213,nan
1.21,219.9980926513672,-229.3701934814453,-5.010527610778809,219.34047081783714,-228.98429114843427,-5.016794287643909,0.7625131853271238,1.0035054750442935,1.0035054750442935,5.973097601430993e-05,1.2368247303819817,2.849852388468396,nan,nan,nan
1.22,219.99819946289062,-229.36306762695312,-5.010674476623535,219.34044998095226,-228.97721544739815,-5.016690023585768,0.7625958774231402,1.0035636437795126,1.0035636437795126,5.738104374503714e-05,1.2100917425888928,2.7994432822874886,nan,0.04574728986784208,nan
1.23,219.998291015625,-229.3559112548828,-5.0108184814453125,219.3404268467218,-228.97011984862542,-5.017001062564631,0.7626653907042324,1.003622297078173,1.003622297078173,5.886806553167116e-05,1.2288427238805761,2.800454140216049,nan,nan,nan
1.24,219.99839782714844,-229.3487548828125,-5.010959148406982,219.34040151226006,-228.96300449652472,-5.017310181612083,0.76276001897755,1.0036814350847751,1.0036814350847751,6.038425681208519e-05,1.2476110785638803,2.8376098889265586,nan,nan,nan
1.25,219.9984893798828,-229.341552734375,-5.011097431182861,219.3281839703258,-228.93416838436707,-5.0178850209320744,0.78442171189188,1.0035917926518205,1.0035917926518205,6.182437739335693e-05,1.3582668834322695,3.154183430469563,4.8295287354986245,nan,nan
1.26,219.9985809326172,-229.3343505859375,-5.011232852935791,219.3280557911761,-228.92683854319347,-5.020007835899978,0.7846955018426115,1.0036494721759006,1.0036494721759006,5.9223654317531125e-05,1.9135930118870563,3.724236869007568,nan,0.7872259045870481,nan
1.27,219.99868774414062,-229.32711791992188,-5.01136589050293,219.32792559627035,-228.91948972206887,-5.02033941661455,0.784960591922492,1.0037076172477457,1.0037076172477457,6.071913139882181e-05,1.9399814636511192,3.750137880849537,nan,nan,nan
1.28,219.998779296875,-229.3198699951172,-5.011495590209961,219.32779334434758,-228.9121220507377,-5.021364369213278,0.7852247623666951,1.003766228011856,1.003766228011856,5.821677027431466e-05,2.287101176420996,4.085955861104118,nan,0.11996691586327557,nan
1.29,219.9988555908203,-229.31260681152344,-5.011623382568359,219.32765920252916,-228.90473593208412,-5.021701326033797,0.7854710757845751,1.0038253046127317,1.0038253046127317,5.9669020731493495e-05,2.316651166385416,4.056942047868613,nan,nan,nan
1.3,219.9989471435547,-229.30532836914062,-5.011748313903809,219.33358744144854,-228.92479571203876,-5.022532947281808,0.7665669863911972,1.003735794634901,1.003735794634901,5.7173706829935636e-05,2.6196192876454285,4.332083925202442,5.630215251938584,0.026333866934468892,nan
1.31,219.99903869628906,-229.2980194091797,-5.011870384216309,219.33349730878933,-228.91758744955277,-5.0228739880122655,0.7666778291284679,1.0037934696783202,1.0037934696783202,5.8582133327592553e-05,2.6522826753440105,4.371416791669485,nan,nan,nan
1.32,219.99911499023438,-229.29071044921875,-5.011990547180176,219.33340540153185,-228.9103613619096,-5.024415764493022,0.7668044540380985,1.0038515928649445,1.0038515928649445,5.626498971351521e-05,3.329488513682542,4.979766925258323,nan,0.3851611646489192,nan
1.33,219.99920654296875,-229.2833709716797,-5.012108325958252,219.33331177433055,-228.90311762434536,-5.024768520765848,0.7669215941615202,1.0039101643392743,1.0039101643392743,5.763546736930874e-05,3.36665396211277,5.025033559144182,nan,nan,nan
1.34,219.99928283691406,-229.27601623535156,-5.012223243713379,219.3332165731591,-228.89585659389266,-5.022182322226265,0.7669842266640777,1.0039691842458098,1.0039691842458098,5.539804042779583e-05,2.3762149189599953,4.005575921988294,nan,2.374812072857328,nan
1.35,219.99935913085938,-229.26864624023438,-5.012336254119873,219.37365944582285,-228.88194801179677,-5.022857355774485,0.7356264740421022,1.0038797966704522,1.0038797966704522,5.6654191536809826e-05,2.492790876290444,4.154973585184379,12.985066626881453,nan,nan
1.36,219.9994354248047,-229.26126098632812,-5.012446880340576,219.37386565331028,-228.87460312593507,-5.020898543751363,0.7354680622744385,1.0039374675102937,1.0039374675102937,5.449818659077654e-05,1.8494177319363931,3.495015606145814,nan,1.4789265594949978,nan
1.37,219.99951171875,-229.2538604736328,-5.0125555992126465,219.37407023912144,-228.86724147598466,-5.021190786080064,0.7353406423112125,1.0039955703927643,1.0039955703927643,5.579658394321508e-05,1.8748978425396132,3.4856425832435045,nan,nan,nan
1.3800000000000001,219.9995880126953,-229.24642944335938,-5.012661933898926,219.37427317149232,-228.85986319447125,-5.01992093090035,0.7351903212404463,1.0040541054623642,1.0040541054623642,5.3710411722480964e-05,1.5193280681222603,3.135970768858222,nan,0.714749542580043,nan
1.3900000000000001,219.99966430664062,-229.23899841308594,-5.012765884399414,219.3744745053359,-228.85246852982996,-5.020192770948955,0.7350665255261762,1.0041130728635934,1.0041130728635934,5.4977237477373736e-05,1.5413542433566243,3.1544195866589653,nan,nan,nan
1.4000000000000001,219.99974060058594,-229.23153686523438,-5.0128679275512695,219.3815860091648,-228.8320739911712,-5.020782787309229,0.7360355505373544,1.0040237987526313,1.0040237987526313,5.289172195554343e-05,1.7239157236702383,3.322993466725585,2.492796737137094,0.10736824172908818,nan
1.41,219.9998016357422,-229.2240753173828,-5.012968063354492,219.3818346174217,-228.8245527874529,-5.0210540716007355,0.7359122713903313,1.00408146563644,1.00408146563644,5.412630134790281e-05,1.7472810881531178,3.3694719381570724,nan,nan,nan
1.42,219.9998779296875,-229.21658325195312,-5.013066291809082,219.3820821486834,-228.81701569550555,-5.02106936565341,0.7357920279419444,1.004139549626837,1.004139549626837,5.217318838061195e-05,1.766720796101754,3.3271111904641026,nan,0.020236663683267524,nan
1.43,219.99993896484375,-229.20909118652344,-5.013162612915039,219.3823284203868,-228.8094629955366,-5.02133555359543,0.7356713074567871,1.0041980508683226,1.0041980508683226,5.337976221769259e-05,1.7902368492272858,3.3734161618334273,nan,nan,nan
1.44,220.0,-229.20156860351562,-5.013256549835205,219.3825732668925,-228.8018948129192,-5.018263343578208,0.7355134109104345,1.004256969505397,1.004256969505397,5.1484791896370523e-05,1.0255625886655726,2.595194226144034,nan,3.5654001273493585,nan
1.45,220.0000762939453,-229.1940460205078,-5.0133490562438965,219.4059856397226,-228.7966870642175,-5.01854673219389,0.714748110465629,1.0041678008763908,1.0041678008763908,5.260344150784954e-05,1.022293045468347,2.9864001333507835,3.7059951483942783,nan,nan
1.46,220.00013732910156,-229.18649291992188,-5.013439655303955,219.40639030611987,-228.78910536035252,-5.020075063482002,0.7144903277454443,1.0042254640262422,1.0042254640262422,5.076813183552759e-05,1.375554170441149,3.3805629469944467,nan,0.5586481135792308,nan
1.47,220.0001983642578,-229.17893981933594,-5.013528347015381,219.40679368889144,-228.78150891209998,-5.020315067324966,0.7142314011198515,1.004283530390924,1.004283530390924,5.1921080184591144e-05,1.395012172740036,3.3962649351248304,nan,nan,nan
1.48,220.00025939941406,-229.17135620117188,-5.013615131378174,219.40719590541488,-228.7738980128667,-5.018661053898565,0.7139487241388024,1.0043420001149361,1.0043420001149361,5.0137501682926536e-05,1.0153239129895344,3.0066652381983054,nan,1.211812448025254,nan
1.49,220.0003204345703,-229.1637725830078,-5.013700008392334,219.40759695087712,-228.76627272706074,-5.018878378358023,0.713690464497628,1.004400873342779,1.004400873342779,5.126686629731005e-05,1.0301530334442153,3.0218699941465053,nan,nan,nan
1.5,220.00038146972656,-229.1561737060547,-5.0137834548950195,219.38613599265926,-228.75750859835028,-5.019343437384851,0.732299315583379,1.004311803037348,1.004311803037348,4.9480163146038245e-05,1.1586927854737725,2.7289400025701047,3.231019369787769,0.020141060620419145,nan
1.51,220.00042724609375,-229.14854431152344,-5.0138654708862305,219.38638626044886,-228.74984727572388,-5.019562080098011,0.7321462352314698,1.004369462653241,1.004369462653241,5.0585246274119754e-05,1.1751919981310663,2.763216744865858,nan,nan,nan
1.52,220.00048828125,-229.1409149169922,-5.013945579528809,219.38663528237456,-228.7421719752666,-5.0191009098664585,0.7320095731855236,1.0044275125322382,1.0044275125322382,4.890107523317205e-05,1.0769433767041874,2.6358894865504494,nan,0.1641841048450692,nan
1.53,220.00054931640625,-229.13327026367188,-5.014024257659912,219.38688296876728,-228.7344830013004,-5.019310874079525,0.7318781422938269,1.00448595281884,1.00448595281884,4.998510280752417e-05,1.0923584953406813,2.642792418892254,nan,nan,nan
1.54,220.00059509277344,-229.1256103515625,-5.014101028442383,219.3871295631528,-228.7267805539933,-5.021368019272812,0.7317499385839026,1.004544783657546,1.004544783657546,4.834483647677881e-05,1.6253261202058868,3.224383464255731,nan,1.2438585342706632,nan
1.55,220.0006561279297,-229.11793518066406,-5.014176845550537,219.37304910079868,-228.72333644720405,-5.02168925968503,0.7413873328555023,1.0044558052316765,1.0044558052316765,4.9358939572803374e-05,1.690547624216849,3.1012147537699963,1.676991464436889,nan,nan
1.56,220.00070190429688,-229.11026000976562,-5.014250755310059,219.37319962089322,-228.7156355237488,-5.021950562136252,0.7413142974919661,1.0045134614943791,1.0045134614943791,4.7763891341185414e-05,1.7882706426641155,3.2256588382976927,nan,0.00035181733870987285,nan
1.57,220.00074768066406,-229.10255432128906,-5.0143232345581055,219.37334925188446,-228.70792152381978,-5.0221810679037455,0.7412324728574915,1.0045714959176673,1.0045714959176673,4.8807317381341696e-05,1.811951711311156,3.2339024701842405,nan,nan,nan
1.58,220.0008087158203,-229.0948486328125,-5.014394283294678,219.3734979724984,-228.70019446147398,-5.0216464388796815,0.7411634619991813,1.004629908646041,1.004629908646041,4.7251769424133434e-05,1.659793111755914,3.054907786196073,nan,0.22335857013989352,nan
1.59,220.0008544921875,-229.08712768554688,-5.014463901519775,219.3736456970904,-228.69245452895578,-5.02186795507461,0.7410887890055863,1.0046886998240012,1.0046886998240012,4.827733531295976e-05,1.6821176307225818,3.0860726014764577,nan,nan,nan
1.6,220.0009002685547,-229.0793914794922,-5.014532089233398,219.36483966811045,-228.66157181940983,-5.020124719133199,0.7610372088787901,1.0045998074560205,1.0045998074560205,4.6716099407674364e-05,1.2460177237939338,2.7402632701840606,4.207380346190439,1.5870673177248533,nan
1.61,220.00094604492188,-229.07164001464844,-5.014598846435547,219.3649283641266,-228.65365932754344,-5.020324940042537,0.7610907522923709,1.0046574605294718,1.0046574605294718,4.7723100758600164e-05,1.2635909519316668,2.7508046839444105,nan,nan,nan
1.62,220.00099182128906,-229.06387329101562,-5.014664173126221,219.36501612848693,-228.64573447918792,-5.018510728873717,0.7611307008542988,1.0047154804307055,1.0047154804307055,4.624394442267357e-05,0.8965414802031357,2.3772383620370072,nan,1.6195450406291647,nan
1.6300000000000001,220.00103759765625,-229.0561065673828,-5.014728546142578,219.3651028634203,-228.6377974673021,-5.018688843383001,0.7611906287995831,1.0047738673042212,1.0047738673042212,4.723494318753197e-05,0.9086840223153789,2.389037220279878,nan,nan,nan
1.6400000000000001,220.00108337402344,-229.04832458496094,-5.014791488647461,219.36518861574893,-228.6298484610272,-5.019893208794985,0.7612558291744387,1.0048326212945198,1.0048326212945198,4.578977341993627e-05,1.1451114537855527,2.616952544505785,nan,0.429492584349186,nan
1.6500000000000001,220.00112915039062,-229.04052734375,-5.014853477478027,219.36249645308888,-228.64633816425084,-5.0201359050313785,0.7505096503963044,1.0047438097074235,1.0047438097074235,4.6723552757795346e-05,1.1577932920584377,2.484447850201563,4.164189544145942,nan,nan
1.6600000000000001,220.00115966796875,-229.03271484375,-5.014913558959961,219.36256313394406,-228.6385173060354,-5.02193871718506,0.7504975581950186,1.0048014597407737,1.0048014597407737,4.531350996032737e-05,1.6496480120647776,3.0060213115731114,nan,1.0841622318020419,nan
1.67,220.00120544433594,-229.02490234375,-5.014973163604736,219.3626288627588,-228.6306848735002,-5.022144372315855,0.7504924320892639,1.0048594659689427,1.0048594659689427,4.627343916313086e-05,1.6718192634522024,2.9828636496876983,nan,nan,nan
1.68,220.00125122070312,-229.01705932617188,-5.015030860900879,219.3626935869252,-228.62284090710412,-5.024711842702825,0.7505049866569881,1.004917828536431,1.004917828536431,4.489421749315738e-05,2.648013373618289,3.9796667939394763,nan,2.366907148502539,nan
1.69,220.00128173828125,-229.00921630859375,-5.015088081359863,219.36275730576384,-228.6149857022504,-5.024941837373648,0.750485388536715,1.004976547587739,1.004976547587739,4.584052513061833e-05,2.6784795453384955,3.96763350858307,nan,nan,nan
1.7,220.00132751464844,-229.00137329101562,-5.015143871307373,219.34297121275864,-228.59381822785565,-5.024042956230366,0.7743470432937719,1.0048878119832696,1.0048878119832696,4.44536676872428e-05,2.3781068238275522,3.778894428142123,4.075097663434866,0.6466644323830911,nan
1.71,220.00137329101562,-228.99349975585938,-5.015198230743408,219.34291352536724,-228.58586071113643,-5.024261706385807,0.7744811168460355,1.0049454591126181,1.0049454591126181,4.538564572359666e-05,2.4067560011899305,3.776797403604688,nan,nan,nan
1.72,220.00140380859375,-228.98562622070312,-5.015252113342285,219.34285506156738,-228.57789231424462,-5.024467774585674,0.7746084940781828,1.0050034524419944,1.0050034524419944,4.4066336026041154e-05,2.524232135170365,3.844773429130007,nan,6.738211797994072e-05,nan
1.73,220.00143432617188,-228.9777374267578,-5.0153045654296875,219.34279584017406,-228.56991316115895,-5.024685877978113,0.7747343389019702,1.0050617921158986,1.0050617921158986,4.4986093926701384e-05,2.5534635523555194,3.866476287987994,nan,nan,nan
1.74,220.00148010253906,-228.9698486328125,-5.015356063842773,219.34273578998227,-228.5619234323798,-5.0235648302949265,0.7748641315228322,1.0051204782788312,1.0051204782788312,4.369356019954886e-05,2.1394803529079596,3.4641449034506895,nan,0.80439305328664,nan
1.75,220.0015106201172,-228.96194458007812,-5.015406131744385,219.3368721102898,-228.58453095699815,-5.023721420952671,0.7643654464106515,1.005031814281234,1.005031814281234,4.456530161733004e-05,2.1327823431849158,3.466147414534727,6.63362970744438,nan,nan
1.76,220.0015411376953,-228.9540252685547,-5.015455722808838,219.3367762378945,-228.57669971014377,-5.022061115491923,0.7644151883955442,1.0050894586311219,1.0050894586311219,4.330054948118209e-05,1.5889647650562697,2.896469597726094,nan,1.5871335433390374,nan
1.77,220.0015869140625,-228.9460906982422,-5.015504360198975,219.33667965648982,-228.56885840890482,-5.0222454599831785,0.7644941489101377,1.0051474397697855,1.0051474397697855,4.419640438726184e-05,1.6096059069955466,2.937187075231691,nan,nan,nan
1.78,220.00161743164062,-228.9381561279297,-5.015551567077637,219.33658233257316,-228.5610069355968,-5.0241810525454,0.7645833272367818,1.0052057578417246,1.0052057578417246,4.295606919161328e-05,2.315071637815456,3.6155888002246814,nan,1.4244806163277184,nan
1.79,220.00164794921875,-228.93020629882812,-5.015598297119141,219.336484514311,-228.55314546683536,-5.024383285883653,0.764653151558895,1.0052644129914396,1.0052644129914396,4.384151837527825e-05,2.3418968374523375,3.620578597493959,nan,nan,nan
1.8,220.00167846679688,-228.92225646972656,-5.01564359664917,219.34669005414372,-228.5700788607795,-5.026008043849663,0.7437380659340677,1.0051758165992442,1.0051758165992442,4.2591935157988e-05,3.0723063699762885,4.59326731816577,5.1703370252388146,0.8256436910747045,nan
1.81,220.001708984375,-228.91429138183594,-5.015688419342041,219.34665024330653,-228.5623390337012,-5.026225829552611,0.7436958024768722,1.0052334582839386,1.0052334582839386,4.3466265355200595e-05,3.1046496328173223,4.604293350202846,nan,nan,nan
1.82,220.00173950195312,-228.90631103515625,-5.015732288360596,219.34660993297553,-228.5545895504786,-5.027801423498653,0.7436722523770868,1.0052914278811222,1.0052914278811222,4.227360053603505e-05,3.9957369249849894,5.489897134308662,nan,0.884889802028463,nan
1.83,220.00177001953125,-228.89833068847656,-5.015775203704834,219.34656909206726,-228.54683043206308,-5.028033071698667,0.743633606647911,1.0053497255352952,1.0053497255352952,4.3138602736607294e-05,4.032981736568149,5.482624891293835,nan,nan,nan
1.84,220.00180053710938,-228.8903350830078,-5.015817165374756,219.3465276267031,-228.53906183076205,-5.028824671309267,0.7436025013851494,1.005408351390958,1.005408351390958,4.196728816843204e-05,4.581399381028165,6.033166657515654,nan,0.15260208944158335,nan
1.85,220.0018310546875,-228.88232421875,-5.015858173370361,219.3887576209779,-228.53473741850615,-5.028981321002085,0.704874340452242,1.0053198189354455,1.0053198189354455,4.279106697127285e-05,4.518649143695657,6.192614564304244,12.399767590312456,nan,nan
1.86,220.00186157226562,-228.8743133544922,-5.015898704528809,219.38894969206066,-228.52696967317436,-5.027800711810702,0.7045922676450103,1.0053774580600507,1.0053774580600507,4.164200724389284e-05,3.8954539324170083,5.506896943407202,nan,0.9938082745691471,nan
1.87,220.0018768310547,-228.8662872314453,-5.0159382820129395,219.38914120268765,-228.5191929935526,-5.0280229857968095,0.7043191040389399,1.0054354167124944,1.0054354167124944,4.248860032033344e-05,3.9303971816999934,5.578151263129373,nan,nan,nan
1.8800000000000001,220.0019073486328,-228.85826110839844,-5.015977382659912,219.3893321065289,-228.51140737543352,-5.027742047986434,0.7040556417362165,1.0054936950372766,1.0054936950372766,4.135908024274276e-05,3.8393287528195335,5.391116046810826,nan,0.12720446768690513,nan
1.8900000000000001,220.00193786621094,-228.8502197265625,-5.01601505279541,219.38952240375622,-228.50361283380846,-5.027959538505976,0.7037980587477695,1.0055522931788974,1.0055522931788974,4.2197749881419535e-05,3.873458256139988,5.434863063759181,nan,nan,nan
1.9000000000000001,220.00196838378906,-228.84217834472656,-5.01605224609375,219.39031928442807,-228.50582187030534,-5.029275265247453,0.6981583966906953,1.0054638212881726,1.0054638212881726,4.1057568420300795e-05,4.7432140780349705,6.459611020852046,0.698798813074506,0.640185481710463,nan
1.9100000000000001,220.00198364257812,-228.83412170410156,-5.016088962554932,219.39051167007173,-228.49806429579468,-5.029504043531686,0.6978628226495615,1.0055214579495955,1.0055214579495955,4.1887593293248305e-05,4.78052447717053,6.525126757273371,nan,nan,nan
1.92,220.00201416015625,-228.8260498046875,-5.016124725341797,219.39070327969142,-228.49029830634532,-5.029148657478005,0.6975669745780602,1.0055794062070642,1.0055794062070642,4.0796374743735684e-05,4.641522338240947,6.354260514352832,nan,0.17627551840405264,nan
1.93,220.00204467773438,-228.81797790527344,-5.016160011291504,219.3908942768717,-228.48252406726817,-5.02937194991938,0.6972866306113797,1.0056376662050794,1.0056376662050794,4.1619315870025424e-05,4.67740333705463,6.324892661430839,nan,nan,nan
1.94,220.00205993652344,-228.8098907470703,-5.0161943435668945,219.39108477372483,-228.47474161059773,-5.0273805310480615,0.6969510198180845,1.005696238088141,1.005696238088141,4.0545249259078214e-05,3.5690661171390543,5.2657235894463765,nan,2.564969060500413,nan
1.95,220.00209045410156,-228.8018035888672,-5.016227722167969,219.3623707055793,-228.48801407531053,-5.027604231612347,0.7126251752742366,1.0056078236559243,1.0056078236559243,4.133204667673629e-05,3.636220651249538,5.60254929885887,8.700099751855863,nan,nan
1.96,220.00210571289062,-228.793701171875,-5.016261100769043,219.36240768594507,-228.48032690952354,-5.025850331353602,0.7123966222025185,1.0056654579437154,1.0056654579437154,4.027596298776688e-05,2.7876408632842784,4.761896117841511,nan,2.0283927885180972,nan
1.97,220.00213623046875,-228.7855987548828,-5.016293525695801,219.36244432929107,-228.47263173315133,-5.026033713966093,0.7122141225722322,1.0057233963138128,1.0057233963138128,4.108476269336955e-05,2.8134273979696545,4.739196171140442,nan,nan,nan
1.98,220.0021514892578,-228.77748107910156,-5.016324996948242,219.36248054737598,-228.4649283829565,-5.02656049244009,0.7120202715678183,1.0057816389107164,1.0057816389107164,4.004440770367501e-05,3.1201840995572674,5.0835424495401575,nan,0.06309381075708795,nan
1.99,220.00218200683594,-228.7693634033203,-5.016355991363525,219.36251638790142,-228.4572170965686,-5.026747994568003,0.7118394584428523,1.0058401858789268,1.0058401858789268,4.084722193437725e-05,3.147511092756176,5.04552189831651,nan,nan,nan
2.0,220.002197265625,-228.76124572753906,-5.01638650894165,219.36898417710938,-228.4548739804209,-5.026247269033965,0.7035052931494696,1.005751826037344,1.005751826037344,3.97949226012355e-05,2.935384458091468,4.975160544762858,0.5488641022819017,0.2242872679882615,nan
2.0100000000000002,220.00221252441406,-228.7530975341797,-5.016416549682617,219.3690524731113,-228.4471751171167,-5.0264281290292185,0.7032641093845028,1.005809458034435,1.005809458034435,4.0591019157933606e-05,2.9609319258401054,5.1179916397348055,nan,nan,nan
2.02,220.0022430419922,-228.74496459960938,-5.016445636749268,219.3691202410188,-228.4394688121115,-5.027513776519753,0.7030609226868656,1.0058673869868135,1.0058673869868135,3.958161985597838e-05,3.586254315616584,5.592977932777158,nan,0.4492491530820858,nan
2.0300000000000002,220.00225830078125,-228.73680114746094,-5.01647424697876,219.36918756592223,-228.4317550637345,-5.027704291438049,0.7028213019184407,1.0059256130389802,1.0059256130389802,4.037239032267023e-05,3.614688609479017,5.750383728658154,nan,nan,nan
2.04,220.0022735595703,-228.72865295410156,-5.016502380371094,219.36925440214569,-228.42403399067868,-5.026282168530153,0.7025678691769588,1.0059841363354347,1.0059841363354347,3.937682027649647e-05,2.919518519302082,4.90077633640354,nan,1.444031964091065,nan
2.05,220.00230407714844,-228.72048950195312,-5.0165300369262695,219.4037258212631,-228.4042760179072,-5.026539609595793,0.6770428992731792,1.0058958284312023,1.0058958284312023,4.013527516350444e-05,2.951947036411293,5.003563668124446,9.276281484080211,nan,nan
2.06,220.0023193359375,-228.71231079101562,-5.016557216644287,219.40396542114104,-228.3964801680224,-5.026240433418815,0.6766610336495211,1.0059534582145524,1.0059534582145524,3.915431348829543e-05,2.849814481558995,4.977458284611298,nan,0.12748012099286946,nan
2.07,220.00233459472656,-228.70413208007812,-5.016583442687988,219.40420473305517,-228.38867732196684,-5.026413531412376,0.6762896320973896,1.0060113781846136,1.0060113781846136,3.993428404533013e-05,2.8742801310199226,4.96920908697157,nan,nan,nan
2.08,220.00234985351562,-228.69595336914062,-5.016609191894531,219.40444374343795,-228.38086764368268,-5.029061837702354,0.675962868242917,1.0060695884858861,1.0060695884858861,3.8966011410484177e-05,4.433595763037621,6.48254082580586,nan,3.472615463264266,nan
2.09,220.0023651123047,-228.68775939941406,-5.016634941101074,219.4046824391045,-228.3730512005183,-5.029260434667537,0.6755925039428234,1.0061280892628703,1.0061280892628703,3.974151901065481e-05,4.464483173136664,6.523697078924994,nan,nan,nan
2.1,220.00238037109375,-228.67955017089844,-5.016659736633301,219.4275388047478,-228.36998252681735,-5.029322761208561,0.6530201412302495,1.0060398308363816,1.0060398308363816,3.876011561635765e-05,4.560756882259637,7.3324238015850725,4.491203045752211,0.04844585371534376,nan
2.11,220.00241088867188,-228.6713409423828,-5.016684055328369,219.42788864379824,-228.36217604001925,-5.029522479901034,0.6525515855881581,1.0060974584775475,1.0060974584775475,3.953041491015861e-05,4.592656968182056,7.235477002932103,nan,nan,nan
2.12,220.00242614746094,-228.6631317138672,-5.016707897186279,219.428238143969,-228.35436308551218,-5.03018220402804,0.6520824228233434,1.0061553698697001,1.0061553698697001,3.858722606405093e-05,5.127534577482304,7.793634505631356,nan,0.12203936479424146,nan
2.13,220.00244140625,-228.65492248535156,-5.0167317390441895,219.42858731783238,-228.34654375387584,-5.030387757921685,0.6516075841116167,1.0062135651573394,1.0062135651573394,3.935358187059538e-05,5.160536831426583,7.754834795259189,nan,nan,nan
2.14,220.00245666503906,-228.6466827392578,-5.016754627227783,219.42893621461005,-228.33871802053676,-5.03062427385953,0.6511223710908166,1.0062720444849655,1.0062720444849655,3.842154534071106e-05,5.427877315074553,8.161012986396699,nan,0.0005360719457399954,nan
2.15,220.00247192382812,-228.63845825195312,-5.016777038574219,219.40922334309877,-228.3191749184953,-5.030908198994866,0.6738586018269482,1.0061838332518631,1.0061838332518631,3.91584793210157e-05,5.550622513281036,7.4877015891772665,3.8999167272363446,nan,nan
2.16,220.0024871826172,-228.63021850585938,-5.016798973083496,219.40947485335266,-228.31128015696078,-5.028387775715864,0.6734386337331362,1.0062414588175028,1.0062414588175028,3.8238339513080046e-05,3.96276391757404,5.91696694281025,nan,4.391604260688178,nan
2.17,220.00250244140625,-228.62197875976562,-5.016820907592773,219.4097260588973,-228.30337936897345,-5.0285705424557205,0.6730731501055165,1.0062993620080434,1.0062993620080434,3.899652003359705e-05,3.990214331811016,5.881398280935956,nan,nan,nan
2.18,220.0025177001953,-228.6137237548828,-5.016841888427734,219.40997695652516,-228.29547241530622,-5.029127759256987,0.6727104805735595,1.0063575429679845,1.0063575429679845,3.8086605693624644e-05,4.412672416805991,6.346307576137508,nan,0.08312001879610827,nan
2.19,220.00253295898438,-228.60546875,-5.016862869262695,219.4102276624017,-228.28755929942622,-5.029315196581395,0.6723444382008902,1.006416001841827,1.006416001841827,3.884152142645216e-05,4.441142484213441,6.318488734256199,nan,nan,nan
2.2,220.00254821777344,-228.5972137451172,-5.01688289642334,219.35560447468671,-228.28210746842348,-5.029264759954077,0.7197093044245904,1.0063278356767156,1.0063278356767156,3.7917371143302285e-05,4.557851942065335,6.011115255824862,20.66219313054071,0.01977386863360659,nan
2.21,220.0025634765625,-228.5889434814453,-5.016902923583984,219.35559515828174,-228.2741943733998,-5.029450387302516,0.7195779629200978,1.006385459229035,1.006385459229035,3.8668262014056816e-05,4.58587694088868,6.059284824959164,nan,nan,nan
2.22,220.0025634765625,-228.58065795898438,-5.016922473907471,219.35558565345326,-228.26627534566845,-5.029561554737243,0.7194278820804374,1.006443354568702,1.006443354568702,3.7778667665166064e-05,4.742584799630436,6.248317080700817,nan,0.003381800018532738,nan
2.23,220.00257873535156,-228.5723876953125,-5.016941547393799,219.35557589394205,-228.25835042963743,-5.029747366882098,0.7193024885522286,1.0065015218402158,1.0065015218402158,3.852670259795687e-05,4.770393685005793,6.154001724743818,nan,nan,nan
2.24,220.00259399414062,-228.56410217285156,-5.016960620880127,219.35556570460238,-228.25041979707973,-5.03149560815621,0.7192033830480495,1.0065599611880773,1.0065599611880773,3.7646074750413235e-05,6.1255685365679815,7.5375496474162915,nan,1.4840692601854981,nan
2.25,220.0026092529297,-228.55581665039062,-5.016978740692139,219.3328269845599,-228.2240710297847,-5.031617747768742,0.7475812627012453,1.0064718381100861,1.0064718381100861,3.836687222714378e-05,6.140632712510554,7.214564081943863,6.08928855215163,nan,nan
2.2600000000000002,220.00262451171875,-228.54751586914062,-5.01699686050415,219.33271118708453,-228.2160441243277,-5.033093280168236,0.7476071661359318,1.0065294597072363,1.0065294597072363,3.749593414069424e-05,7.464975201919157,8.553485590304017,nan,0.9959878489041728,nan
2.27,220.0026397705078,-228.53921508789062,-5.017014503479004,219.3325952669428,-228.20801188308542,-5.033307654366681,0.7476099694337732,1.0065873475234794,1.0065873475234794,3.823785293919455e-05,7.497511565884341,8.5446997117092,nan,nan,nan
2.2800000000000002,220.0026397705078,-228.53089904785156,-5.017031669616699,219.3324791922698,-228.19997419190307,-5.035006190599402,0.7476292826751745,1.0066455017033156,1.0066455017033156,3.737512015724519e-05,9.199282852907697,10.2493525619403,nan,1.359051802775868,nan
2.29,220.00265502929688,-228.52259826660156,-5.0170488357543945,219.33236288958284,-228.19193110698706,-5.035236355637658,0.7476383543461705,1.0067039223912453,1.0067039223912453,3.8114714725462904e-05,9.23360448984198,10.190451610610998,nan,nan,nan
2.3000000000000003,220.00267028808594,-228.5142822265625,-5.017065525054932,219.34098106134445,-228.19458822339044,-5.0342788493913115,0.7350735929038897,1.006615840551191,1.006615840551191,3.7236716972532404e-05,8.493648106210314,9.648680717923858,1.3458059602681993,0.8293591240257921,nan
2.31,220.002685546875,-228.50595092773438,-5.0170817375183105,219.34090403741683,-228.1865830370601,-5.034498164388878,0.7350196921031436,1.0066734602476213,1.0066734602476213,3.7973211674103074e-05,8.524421465068862,9.71205798516566,nan,nan,nan
2.32,220.002685546875,-228.49761962890625,-5.0170979499816895,219.3408268260312,-228.17857263020798,-5.034782618605511,0.7349562580451385,1.0067313408466267,1.0067313408466267,3.712689294756764e-05,8.959984037503348,10.080503146217108,nan,0.0026106087391905603,nan
2.33,220.00270080566406,-228.48928833007812,-5.01711368560791,219.34074930933704,-228.17055706831832,-5.035003704340424,0.7349077857002404,1.0067894824927075,1.0067894824927075,3.7861383649492385e-05,8.989406535642827,10.083383318267293,nan,nan,nan
2.34,220.00271606445312,-228.48095703125,-5.017128944396973,219.34067168510077,-228.1625365071766,-5.034019351436046,0.7348330941330543,1.0068478853303637,1.0068478853303637,3.702223009521974e-05,8.24182239108668,9.298300699127145,nan,0.9159080025885521,nan
2.35,220.0027313232422,-228.4726104736328,-5.017143726348877,219.3400678919559,-228.14413252981112,-5.0341355825717775,0.7398035590069496,1.0067598429993085,1.0067598429993085,3.773112278467469e-05,8.195470251683256,9.079679921312628,1.1114588995845338,nan,nan
2.36,220.0027313232422,-228.46426391601562,-5.017158508300781,219.3399875246921,-228.13605637375227,-5.033767615641822,0.7397468457261652,1.0068174608460834,1.0068174608460834,3.689984722429331e-05,8.019223991790438,8.851853011314322,nan,0.21141511835792526,nan
2.37,220.00274658203125,-228.45591735839844,-5.0171732902526855,219.33990679759256,-228.1279754187737,-5.0339724027025685,0.7397193425743743,1.0068753345145813,1.0068753345145813,3.762982889723886e-05,8.042808275843342,8.855688771718246,nan,nan,nan
2.38,220.0027618408203,-228.4475555419922,-5.017187118530273,219.33982559605388,-228.11988969608237,-5.03487529589579,0.7397041589847423,1.0069334641493026,1.0069334641493026,3.6805089476646345e-05,9.043854408570047,9.898580719858629,nan,0.30992030175780977,nan
2.39,220.0027618408203,-228.43919372558594,-5.017200946807861,219.33974406631546,-228.1117993082951,-5.0350882462915205,0.7396618343982526,1.0069918498947474,1.0069918498947474,3.7533480474315676e-05,9.067518612096578,9.866365713993677,nan,nan,nan
2.4,220.00277709960938,-228.4308319091797,-5.017214775085449,219.3324525160666,-228.10549840927868,-5.034389195996317,0.7452998686389549,1.0069038454537738,1.0069038454537738,3.669252366246432e-05,8.590085174315384,9.474543472853805,0.4858078226717082,0.596377983741089,nan
2.41,220.00277709960938,-228.42245483398438,-5.017228126525879,219.33233918339818,-228.09740671104475,-5.034595117756792,0.745281754844837,1.0069614614988562,1.0069614614988562,3.741853264598955e-05,8.611813461915153,9.50867565354292,nan,nan,nan
2.42,220.00279235839844,-228.41407775878906,-5.01724100112915,219.33222559921117,-228.08931047939666,-5.037483652785661,0.7453477907909465,1.007019328505742,1.007019328505742,3.66069837766074e-05,11.744891719002023,12.633945776236226,nan,4.6348786386044,nan
2.43,220.0028076171875,-228.40570068359375,-5.017253875732422,219.332111946793,-228.08120992695348,-5.0377169306955984,0.7453493610712641,1.0070774466189314,1.0070774466189314,3.733165077212423e-05,11.767890604777449,12.620001665504034,nan,nan,nan
2.44,220.0028076171875,-228.39732360839844,-5.017266273498535,219.33199831292188,-228.07310516234244,-5.034530265607067,0.7452521512050861,1.0071358159829245,1.0071358159829245,3.6525774861933914e-05,8.711035544009437,9.507725889268677,nan,7.57297946924367,nan
2.45,220.00282287597656,-228.38893127441406,-5.017278671264648,219.3317688657333,-228.050780755246,-5.034714959679883,0.7516403943581691,1.0070478479139706,1.0070478479139706,3.722606190189515e-05,8.727678093174777,9.34752689369611,1.3904267568702584,nan,nan
2.46,220.00282287597656,-228.3805389404297,-5.017291069030762,219.33165469150444,-228.04260629507516,-5.0321133482143985,0.7515882547007449,1.0071054622024767,1.0071054622024767,3.6426569705936926e-05,6.591992020361817,7.158962998289182,nan,5.114703591485851,nan
2.47,220.00283813476562,-228.3721466064453,-5.017302513122559,219.3315405933421,-228.03442741848755,-5.032288289478004,0.751611077971232,1.0071633228002659,1.0071633228002659,3.7147970542702685e-05,6.606055487760361,7.180700091367125,nan,nan,nan
2.48,220.00283813476562,-228.36373901367188,-5.017314434051514,219.33142644000142,-228.02624426341913,-5.0328140040586815,0.7516226493292418,1.007221429851839,1.007221429851839,3.635363031821008e-05,7.168974517033683,7.748519148061417,nan,0.08007546523117609,nan
2.49,220.0028533935547,-228.3553466796875,-5.017325401306152,219.33131221280158,-228.01805694501599,-5.032993929487635,0.7516498023264795,1.0072797835016956,1.0072797835016956,3.707400666752428e-05,7.182615530138527,7.716694952231966,nan,nan,nan
2.5,220.0028533935547,-228.34693908691406,-5.017336845397949,219.290368614178,-227.96066702342924,-5.031056032316995,0.8105731823604833,1.0071918503793293,1.0071918503793293,3.626257628205504e-05,5.842517787243815,6.484300239241717,27.930443764959296,2.8672795245280893,nan
2.5100000000000002,220.00286865234375,-228.33851623535156,-5.017347812652588,219.29008267723844,-227.9522646088133,-5.031215995218112,0.8108307417691741,1.0072494629537565,1.0072494629537565,3.698112157495599e-05,5.853190423305168,6.563779815820772,nan,nan,nan
2.52,220.00286865234375,-228.33010864257812,-5.017358303070068,219.28979657147192,-227.94385811856066,-5.030322117312857,0.8110667791879818,1.0073073173798952,1.0073073173798952,3.61973045877529e-05,5.295790776287725,5.929873283685279,nan,0.7330510144399323,nan
2.5300000000000002,220.0028839111328,-228.32168579101562,-5.017368793487549,219.2895102305486,-227.93544790753856,-5.030473169215229,0.8113281921924942,1.007365413802246,1.007365413802246,3.691501618496584e-05,5.3051619636781595,6.007340332549466,nan,nan,nan
2.54,220.0028839111328,-228.31326293945312,-5.017378807067871,219.28922353233452,-227.92703401540473,-5.02909280924555,0.8115547645631355,1.007423752365309,1.007423752365309,3.613563432352449e-05,4.450931597038909,5.0837534075526705,nan,1.5532179768260983,nan
2.5500000000000003,220.00289916992188,-228.30482482910156,-5.017389297485352,219.29082729376384,-227.8947980887665,-5.029222053051749,0.8217714394582722,1.0073358528493204,1.0073358528493204,3.682985766437616e-05,4.471898049393192,5.184287239928872,3.9004396191024884,nan,nan
2.56,220.00289916992188,-228.29640197753906,-5.017398834228516,219.2905476127549,-227.8862782679064,-5.030529168468599,0.8220818717611678,1.0073934637497548,1.0073934637497548,3.605562601246929e-05,5.452345624565452,6.125886416061976,nan,0.907726631120915,nan
2.57,220.00291442871094,-228.2879638671875,-5.01740837097168,219.2902676477379,-227.87775477731552,-5.030679882337818,0.8223825538390189,1.007451312227801,1.007451312227801,3.677102009106172e-05,5.46113140170131,6.182659763898454,nan,nan,nan
2.58,220.00291442871094,-228.27952575683594,-5.017417907714844,219.28998762616013,-227.8692277470967,-5.0297483971337895,0.8226549237442294,1.0075093984279593,1.0075093984279593,3.60007927061656e-05,4.89483328964269,5.547036768712589,nan,0.7817756951359357,nan
2.59,220.00291442871094,-228.2710723876953,-5.017427444458008,219.28970757631348,-227.86069737580058,-5.02988999424912,0.8229380170107531,1.00756772249473,1.00756772249473,3.671559304085533e-05,4.902209290646908,5.5362916263548,nan,nan,nan
2.6,220.0029296875,-228.26263427734375,-5.017436504364014,219.26557733179007,-227.8771372061965,-5.02934880800458,0.8321288309583567,1.007479855323451,1.007479855323451,3.592748603810366e-05,4.636861844757909,5.849109438600753,8.978023121131223,0.19769935626715743,nan
2.61,220.0029296875,-228.25418090820312,-5.0174455642700195,219.26519997835402,-227.86870127373606,-5.029483736449322,0.8324569598092688,1.007537464587754,1.007537464587754,3.6640871804964396e-05,4.642736763224299,5.761252094667118,nan,nan,nan
2.62,220.00294494628906,-228.2457275390625,-5.017454147338867,219.2648223316407,-227.86026184560757,-5.026066047763744,0.8327562427955579,1.0075953073284458,1.0075953073284458,3.587896286868939e-05,2.7552658103177956,3.968204473865326,nan,8.475326071953322,nan
2.63,220.00294494628906,-228.23727416992188,-5.017462730407715,219.26444432045716,-227.85181917185602,-5.0261673915665765,0.8330873309647382,1.0076533836900268,1.0076533836900268,3.659189895841476e-05,2.759395608437053,3.8758043116531837,nan,nan,nan
2.64,220.00294494628906,-228.2288055419922,-5.017470836639404,219.26406601463867,-227.84337329606643,-5.02774948148288,0.83343010647325,1.0077116938169974,1.0077116938169974,3.5833400623049174e-05,3.6375669268693995,4.762220876248942,nan,1.473748088976328,nan
2.65,220.00296020507812,-228.22035217285156,-5.017479419708252,219.280950996065,-227.83249032443445,-5.027795899544335,0.8196587955445283,1.007623857801262,1.007623857801262,3.652348828669371e-05,3.5806601783464105,4.407192643430008,2.30319312277457,nan,nan
2.66,220.00296020507812,-228.21188354492188,-5.017487525939941,219.28064115610604,-227.82402828762474,-5.028307504054668,0.8199351078270534,1.0076814654652388,1.0076814654652388,3.576912464611518e-05,3.9400408660455,4.6879492746267655,nan,0.10515183661127554,nan
2.67,220.0029754638672,-228.2034149169922,-5.017495155334473,219.28033118532431,-227.8155631317999,-5.028429177296164,0.8202215026587931,1.0077393026674621,1.0077393026674621,3.648045478032661e-05,3.944652997830424,4.772606653835408,nan,nan,nan
2.68,220.0029754638672,-228.1949462890625,-5.017502784729004,219.28002099764274,-227.80709479209034,-5.026166104855407,0.8204675478366216,1.0077973695524323,1.0077973695524323,3.572914719964099e-05,2.768497330657733,3.5136663858519626,nan,3.8524320231687152,nan
2.69,220.0029754638672,-228.18646240234375,-5.017510414123535,219.27971083538284,-227.79862313832996,-5.0262656553524385,0.8207360548777738,1.0078556662646494,1.0078556662646494,3.644020516996781e-05,2.7718437202049593,3.5184863041461947,nan,nan,nan
2.7,220.00299072265625,-228.177978515625,-5.017518043518066,219.25860190021166,-227.78681729421788,-5.025254582613417,0.8409409456973342,1.0077678602823248,1.0077678602823248,3.5670314756153564e-05,2.3796502816621374,3.715492935084488,4.800106203111995,0.5607571617547066,nan
2.71,220.00299072265625,-228.16949462890625,-5.0175251960754395,219.25820973206646,-227.77832610234498,-5.025342727101192,0.8412922523756905,1.0078254663798791,1.0078254663798791,3.638026683668276e-05,2.3820773670528332,3.614987393108001,nan,nan,nan
2.72,220.00299072265625,-228.1610107421875,-5.0175323486328125,219.25781744556494,-227.76983174012176,-5.025066066174972,0.8416418367976711,1.0078832982315458,1.0078832982315458,3.5635463362101726e-05,2.2954724740174135,3.5281667423852174,nan,0.0910288177544934,nan
2.73,220.0030059814453,-228.15252685546875,-5.0175395011901855,219.25742504795178,-227.7613343055871,-5.025152392502806,0.8420097954217202,1.007941355981825,1.007941355981825,3.634524991674088e-05,2.2979365010380635,3.6330478432741247,nan,nan,nan
2.74,220.0030059814453,-228.14402770996094,-5.0175461769104,219.25703256911578,-227.75283386072275,-5.026532947686344,0.8423714867167221,1.007999639775217,1.007999639775217,3.560301378528909e-05,2.9722830329804006,4.204670915523205,nan,1.1410075913624986,nan
2.75,220.0030059814453,-228.1355438232422,-5.017552852630615,219.23625792936477,-227.71996115531965,-5.026648858027164,0.872177886993872,1.007911862766239,1.007911862766239,3.629039902493402e-05,3.034508768677088,4.971622120175216,6.9100807966159365,nan,nan
2.7600000000000002,220.0030059814453,-228.12704467773438,-5.01755952835083,219.2357865361461,-227.71136082626015,-5.026743531218841,0.8726414427073517,1.007969467329511,1.007969467329511,3.5551466521353516e-05,3.127900146009381,5.040244005072604,nan,3.171651825308171e-05,nan
2.77,220.00302124023438,-228.11854553222656,-5.017566204071045,219.2353151285839,-227.702757599216,-5.0268456202625815,0.8731199153996867,1.0080272940083566,1.0080272940083566,3.62601690539714e-05,3.1308971134751973,5.172291163044942,nan,nan,nan
2.7800000000000002,220.00302124023438,-228.1100311279297,-5.017572402954102,219.23484354696714,-227.69415153554814,-5.026769607515321,0.8735773533949626,1.0080853429472754,1.0080853429472754,3.552351456599849e-05,3.1381321477767874,5.034721772508199,nan,0.02192893747980249,nan
2.79,220.00302124023438,-228.10153198242188,-5.017578601837158,219.2343717538868,-227.68554278341065,-5.026871629690477,0.8740454261210256,1.0081436142907678,1.0081436142907678,3.623217930228048e-05,3.1412253387673323,5.065624405871473,nan,nan,nan
2.8000000000000003,220.00303649902344,-228.093017578125,-5.017584800720215,219.2255777346203,-227.7152541115567,-5.026302652145078,0.864420828042936,1.0080558652526277,1.0080558652526277,3.5476326324877294e-05,2.883476536783656,5.19353983670646,10.667153331740044,0.25780553668283834,nan
2.81,220.00303649902344,-228.0845184326172,-5.017590522766113,219.22507415577053,-227.70678558129862,-5.02639898291597,0.8648613203601058,1.0081134683121227,1.0081134683121227,3.6184108238836504e-05,2.8861712843713367,5.040735806779967,nan,nan,nan
2.82,220.00303649902344,-228.0760040283203,-5.017596244812012,219.22457063261658,-227.69831426188796,-5.027090162671832,0.8653027211933642,1.0081712899864335,1.0081712899864335,3.545247616638697e-05,3.284993587274992,5.447414577403166,nan,0.24263301130532458,nan
2.83,220.00303649902344,-228.06747436523438,-5.01760196685791,219.22406712946685,-227.68984024293235,-5.027194243559385,0.8657325342197402,1.0082293304200607,1.0082293304200607,3.616029729830357e-05,3.287836507585297,5.462034623956336,nan,nan,nan
2.84,220.0030517578125,-228.0589599609375,-5.017607688903809,219.2235637086375,-227.68136363645334,-5.027000216491326,0.866180594705906,1.008287589757504,1.008287589757504,3.543054448876284e-05,3.2339444833436435,5.522459203866059,nan,0.061567969909078375,nan
2.85,220.0030517578125,-228.05044555664062,-5.017613410949707,219.26471999698393,-227.69752311886634,-5.027025434092201,0.8183988161724067,1.0081998677411392,1.0081998677411392,3.611626597165866e-05,3.1170469507282634,4.293418273120982,16.295425670183285,nan,nan
2.86,220.0030517578125,-228.0419158935547,-5.017618656158447,219.2643722431512,-227.68913371301142,-5.0259160014168875,0.8186400541309087,1.0082574693258421,1.0082574693258421,3.538914277829295e-05,2.610011830765253,3.821012673806216,nan,1.0138178607362094,nan
2.87,220.0030517578125,-228.03338623046875,-5.0176239013671875,219.2640243316277,-227.68074180430335,-5.026007416764447,0.8188955435763928,1.0083152861551197,1.0083152861551197,3.609625193731142e-05,2.6120988626704364,3.816352263557678,nan,nan,nan
2.88,220.00306701660156,-228.0248565673828,-5.017629146575928,219.2636762820735,-227.67234735976945,-5.02640605515048,0.819169356044445,1.008373318373472,1.008373318373472,3.537077458059098e-05,2.8432931061841145,4.135185128218146,nan,0.06484889194415684,nan
2.89,220.00306701660156,-228.01632690429688,-5.01763391494751,219.26332805712082,-227.66395034509608,-5.026502321998783,0.8194276150408123,1.0084315661253993,1.0084315661253993,3.607801155499224e-05,2.8457300857127756,4.03696436030024,nan,nan,nan
2.9,220.00306701660156,-228.00778198242188,-5.01763916015625,219.25905502411044,-227.65192044395377,-5.028353116937162,0.8248066854732705,1.0083438702314418,1.0083438702314418,3.5332806844086246e-05,3.9233528250235628,5.229343289547277,0.4742736645779998,1.939579913550956,nan
2.91,220.00306701660156,-227.99925231933594,-5.017643928527832,219.2586921596618,-227.6435055253973,-5.028469412998587,0.8250859956124268,1.0084014703689237,1.0084014703689237,3.6039317035353656e-05,3.9267362429734582,5.188156600600504,nan,nan,nan
2.92,220.00308227539062,-227.99070739746094,-5.017648696899414,219.25832908100122,-227.63508823063964,-5.027610583400826,0.8253614672048619,1.0084592825044894,1.0084592825044894,3.531766476720285e-05,3.4853110024847966,4.879776665228447,nan,0.6602493213884058,nan
2.93,220.00308227539062,-227.982177734375,-5.017653465270996,219.25796588297956,-227.62666858481765,-5.027718835715737,0.8256430859280885,1.008517306782639,1.008517306782639,3.602435672567908e-05,3.488139604225732,4.7363087527519205,nan,nan,nan
2.94,220.00308227539062,-227.9736328125,-5.01765775680542,219.25760281301646,-227.61824657308352,-5.028127607219017,0.8259228933477623,1.008575543347873,1.008575543347873,3.530402868350389e-05,3.781204721017168,5.0578949152798485,nan,0.0623223176312974,nan
2.95,220.00308227539062,-227.965087890625,-5.017662525177002,219.2589200563147,-227.6110285855746,-5.0282831126836856,0.8241651513330095,1.0084878727232236,1.0084878727232236,3.598881499213548e-05,3.807639924870153,5.074012165395164,0.11183543175297539,nan,nan
2.96,220.00308227539062,-227.95652770996094,-5.017666816711426,219.2585630889483,-227.60260643374167,-5.027366935929616,0.8244168733439734,1.0085454714397386,1.0085454714397386,3.527057637173034e-05,3.341539301823771,4.64295832501565,nan,0.738398493054656,nan
2.97,220.0030975341797,-227.94798278808594,-5.01767110824585,219.25820606288187,-227.59418211887743,-5.027472179260611,0.8247025394271903,1.0086032790252895,1.0086032790252895,3.597681186289353e-05,3.344318320184809,4.699521065737813,nan,nan,nan
2.98,220.0030975341797,-227.93942260742188,-5.017675399780273,219.2578489767367,-227.5857557521829,-5.024537548860078,0.8249380255240114,1.0086612956243761,1.0086612956243761,3.5259711847716605e-05,2.0101252285114115,3.297773692884671,nan,6.431401211045969,nan
2.99,220.0030975341797,-227.93087768554688,-5.017679691314697,219.25749178848255,-227.57732731303085,-5.024614464397206,0.8252114183653211,1.008719521381499,1.008719521381499,3.596618751638876e-05,2.0121589097929826,3.2549072304953457,nan,nan,nan
3.0,220.0030975341797,-227.9223175048828,-5.017683506011963,219.24165165568226,-227.56296492064277,-5.023217172870043,0.8420004317989451,1.00863187521619,1.00863187521619,3.522891509678345e-05,1.5720811213916246,3.21486663747137,2.200434916201526,1.6972901444676074,nan
3.0100000000000002,220.0030975341797,-227.91375732421875,-5.017687797546387,219.24123893757894,-227.55451083966773,-5.0232821672509145,0.8423288282191917,1.008689472536764,1.008689472536764,3.59347685154631e-05,1.5743130758098431,3.2102517673179314,nan,nan,nan
3.02,220.0030975341797,-227.9051971435547,-5.017691612243652,219.24082617804194,-227.5460547022868,-5.021888021119731,0.8426497038244264,1.008747275708881,1.008747275708881,3.522053882872657e-05,1.2038718669427224,2.835876283315569,nan,1.4858930463476987,nan
3.0300000000000002,220.00311279296875,-227.89663696289062,-5.017695426940918,219.2404134558474,-227.5375964941959,-5.021940237140895,0.8429936864647963,1.0088052848770408,1.0088052848770408,3.592666879921015e-05,1.2059508397714942,2.9516629515680335,nan,nan,nan
3.04,220.00311279296875,-227.8880615234375,-5.017699241638184,219.2400006587602,-227.52913614515356,-5.021362589998854,0.8433154668768956,1.008863500185744,1.008863500185744,3.521332193091711e-05,1.0860287098294696,2.7448344341417967,nan,0.2775363523222369,nan
3.0500000000000003,220.00311279296875,-227.87950134277344,-5.017702579498291,219.25550877911306,-227.47963973151496,-5.0213271675357944,0.8478291144622282,1.0087758777100626,1.0087758777100626,3.589766257989593e-05,1.078522596854477,2.224537316540966,13.579134588900141,nan,nan
3.06,220.00311279296875,-227.8709259033203,-5.017706394195557,219.2551520587374,-227.47103080131407,-5.019419889449382,0.8481534581822296,1.0088334736585753,1.0088334736585753,3.518597844509484e-05,0.7965067380673095,1.9346300176614857,nan,2.6682426323633703,nan
3.0700000000000003,220.00311279296875,-227.8623504638672,-5.017709732055664,219.25479523037828,-227.4624200178555,-5.019448552313745,0.848484861163915,1.0088912725471906,1.0088912725471906,3.589181872866602e-05,0.797818050070163,1.9404901488062387,nan,nan,nan
3.08,220.00311279296875,-227.85379028320312,-5.0177130699157715,219.25443845377166,-227.45380751675552,-5.020040802505522,0.8488255992642404,1.0089492745204085,1.0089492745204085,3.518087238035957e-05,0.8681225009292379,2.0229940085194364,nan,0.22122399552842176,nan
3.09,220.0031280517578,-227.84521484375,-5.017716884613037,219.25408179152532,-227.44519332857448,-5.020076866204087,0.8491719979395875,1.0090074797227295,1.0090074797227295,3.588702488620861e-05,0.8698460467344773,2.117354023875189,nan,nan,nan
3.1,220.0031280517578,-227.8366241455078,-5.0177202224731445,219.27014407456352,-227.4286967505211,-5.020357116079947,0.8388547094772101,1.0089198802045791,1.0089198802045791,3.515553986966148e-05,0.8952332386465762,1.736083329657432,3.3014324300263875,0.005601960475480983,nan
3.11,220.0031280517578,-227.8280487060547,-5.017723083496094,219.26984451384175,-227.42005129594833,-5.020399065248042,0.8391506387476191,1.0089774748038383,1.0089774748038383,3.586113601066368e-05,0.8975847758304136,1.760633275715628,nan,nan,nan
3.12,220.0031280517578,-227.81947326660156,-5.017726421356201,219.2695449031855,-227.4114038402758,-5.0220341425435135,0.8394542566649648,1.0090352695326645,1.0090352695326645,3.515231070953109e-05,1.2262424641318865,2.092379483321669,nan,1.774385488974877,nan
3.13,220.0031280517578,-227.81088256835938,-5.017729759216309,219.26924520823297,-227.4027546042408,-5.022093699159575,0.8397449059610272,1.0090932645355577,1.0090932645355577,3.585824240263961e-05,1.2298886054450917,2.081597071398791,nan,nan,nan
3.14,220.0031280517578,-227.80230712890625,-5.017732620239258,219.26894553065767,-227.39410360599118,-5.021366158807548,0.8400400544091683,1.0091514599570184,1.0091514599570184,3.514995474425153e-05,1.074862839674462,1.9514474483220339,nan,0.434646197317901,nan
3.15,220.0031280517578,-227.79371643066406,-5.017735481262207,219.25248917149315,-227.3950941995557,-5.021372015248266,0.8499244884566055,1.0090638826994907,1.0090638826994907,3.583415929640671e-05,1.0849137940849656,2.28096976876373,2.5283237968863737,nan,nan
3.16,220.00314331054688,-227.78512573242188,-5.017738342285156,219.25213414008516,-227.38647263982,-5.0203174690287895,0.8502621444315812,1.0091214759713016,1.0091214759713016,3.512720310382439e-05,0.9057703062466649,2.209765803658007,nan,0.8605471410284962,nan
3.17,220.00314331054688,-227.7765350341797,-5.017741680145264,219.2517792421941,-227.37784946754235,-5.020360869287419,0.8505909736226622,1.0091792666582269,1.0091792666582269,3.583294611633235e-05,0.9083655330526887,2.1048092299084944,nan,nan,nan
3.18,220.00314331054688,-227.7679443359375,-5.017744064331055,219.25142440225056,-227.369224601838,-5.01921278959576,0.8509176814501378,1.0092372549047668,1.0092372549047668,3.512641660939773e-05,0.7788428019844441,1.987262019449015,nan,0.9966483246033402,nan
3.19,220.00314331054688,-227.7593536376953,-5.017746925354004,219.25106944895907,-227.3605978386957,-5.01924620480241,0.8512482178297214,1.0092954408554216,1.0092954408554216,3.58325142185755e-05,0.7806794615896475,1.991439321603904,nan,nan,nan
3.2,220.00314331054688,-227.75076293945312,-5.017749786376953,219.2266726038327,-227.35355947863695,-5.020332112141905,0.872172010601072,1.0092078851945612,1.0092078851945612,3.5105151850950024e-05,0.9436922298260617,2.804844226229265,3.9793251310538964,0.7677132560399071,nan
3.21,220.00314331054688,-227.74215698242188,-5.017752647399902,219.22623622265505,-227.34493466005333,-5.020378042871035,0.8725692461379811,1.00926547715979,1.00926547715979,3.581073083759756e-05,0.9468563658975495,2.8081204353200566,nan,nan,nan
3.22,220.00314331054688,-227.7335662841797,-5.017755031585693,219.22579972148034,-227.33630825606338,-5.0218858625982765,0.8729799883906578,1.009323263917243,1.009323263917243,3.510574524581237e-05,1.2411051679561713,3.117667741874165,nan,1.4977166900014036,nan
3.23,220.00314331054688,-227.72496032714844,-5.017757415771484,219.22536304043095,-227.327680273475,-5.021948217120932,0.8733791573219012,1.0093812456114197,1.0093812456114197,3.581169279973983e-05,1.2461056017549434,3.1185861948168756,nan,nan,nan
3.24,220.00315856933594,-227.71636962890625,-5.017760276794434,219.22492637402016,-227.31905064182794,-5.022877105280574,0.8738042739954457,1.009439422386821,1.009439422386821,3.5106980175179654e-05,1.5021437794845998,3.5115475650273984,nan,0.5257580166521849,nan
3.25,220.00315856933594,-227.707763671875,-5.017762660980225,219.20826832899263,-227.30915063977986,-5.022938817758508,0.889252290493601,1.0093518876895662,1.0093518876895662,3.579122673582971e-05,1.531996490551653,3.940016217198002,1.8201799420155833,nan,nan
3.2600000000000002,220.00315856933594,-227.69915771484375,-5.017765045166016,219.2077774362834,-227.30051362922015,-5.02243904069238,0.8897022535954283,1.009409478368199,1.009409478368199,3.5087593513675216e-05,1.4067895328281197,3.814378529579336,nan,0.23095468205827352,nan
3.27,220.00315856933594,-227.6905517578125,-5.017767429351807,219.20728644854154,-227.29187506792164,-5.022507824262976,0.8901561700421023,1.0094672613034843,1.0094672613034843,3.579340624876686e-05,1.4127312529555205,3.823414266222663,nan,nan,nan
3.2800000000000002,220.00315856933594,-227.68194580078125,-5.017769813537598,219.20679525523198,-227.28323498292983,-5.023152178898121,0.8906142903520367,1.009525236639922,1.009525236639922,3.508996322563822e-05,1.6112691693907588,4.027568179424793,nan,0.23184886961747359,nan
3.29,220.00315856933594,-227.67333984375,-5.0177717208862305,219.20630386901854,-227.2745934500134,-5.023228797678625,0.8910700755961788,1.0095834045220131,1.0095834045220131,3.57961518727049e-05,1.6183635925670137,4.042043015780732,nan,nan,nan
3.3000000000000003,220.00315856933594,-227.6647186279297,-5.0177741050720215,219.18351321364716,-227.26143531129625,-5.02415752713051,0.913507903991105,1.009495890184293,1.009495890184293,3.5071645951613464e-05,1.9884590102534445,5.22972797165734,3.555931551474496,0.4941266777059259,nan
3.31,220.00315856933594,-227.65611267089844,-5.0177764892578125,219.18294840829935,-227.2527760187439,-5.024244516647375,0.9140388386809398,1.0095534795954897,1.0095534795954897,3.5777334000536484e-05,1.9968457930043921,5.249713359225457,nan,nan,nan
3.3200000000000003,220.00315856933594,-227.64749145507812,-5.017778396606445,219.1823837467159,-227.2441152800098,-5.0237389487787585,0.9145595531412305,1.0096112588111,1.0096112588111,3.507499991216572e-05,1.8413418537008015,5.082842505149507,nan,0.2476864287798667,nan
3.33,220.00315856933594,-227.63888549804688,-5.017780303955078,219.18181916049164,-227.2354533031845,-5.023821807852371,0.91509150369868,1.0096692279756239,1.0096692279756239,3.5781071418280586e-05,1.8494228937520993,5.100408252292646,nan,nan,nan
3.34,220.003173828125,-227.63026428222656,-5.017782688140869,219.1812546165995,-227.22679007342344,-5.0230856790125324,0.9156258783783937,1.009727387233562,1.009727387233562,3.5078811921597085e-05,1.6319386155741453,5.041746712130944,nan,0.472516586425122,nan
3.35,220.003173828125,-227.6216583251953,-5.017784595489502,219.18958525046767,-227.25415984304223,-5.0231368251173665,0.8927542519872316,1.009639892678539,1.009639892678539,3.576318616677124e-05,1.5903734407151178,4.592382228659411,9.475118700728695,nan,nan
3.36,220.003173828125,-227.613037109375,-5.017786502838135,219.1890500141917,-227.2456112373772,-5.022810872679924,0.8932102776608306,1.0096974808406836,1.0096974808406836,3.5061818715646536e-05,1.5101308233749702,4.536677103986031,nan,0.11438740152229677,nan
3.37,220.003173828125,-227.6044158935547,-5.017788410186768,219.18851478473258,-227.2370613457296,-5.022885245018097,0.8936692332816113,1.0097552564345864,1.0097552564345864,3.576777692999972e-05,1.5171917634993588,4.542745609663667,nan,nan,nan
3.38,220.003173828125,-227.59579467773438,-5.0177903175354,219.18797957731678,-227.22851014200444,-5.022368580663985,0.8941255824717256,1.0098132196047478,1.0098132196047478,3.506642421426813e-05,1.3894075884577726,4.411152251455819,nan,0.24654156858995688,nan
3.39,220.003173828125,-227.58717346191406,-5.017792224884033,219.1874443549565,-227.21995762093528,-5.022439010001693,0.8945857364576227,1.0098713704956679,1.0098713704956679,3.577276540869742e-05,1.3960443551443924,4.417490725127367,nan,nan,nan
3.4,220.003173828125,-227.5785369873047,-5.017794132232666,219.21596583024973,-227.2550885022911,-5.024320471100298,0.8510922085622634,1.0097838951721105,1.0097838951721105,3.5050175324006776e-05,1.9325009856329451,4.5712218040111,19.417346019996362,2.598934218910107,nan
3.41,220.003173828125,-227.56991577148438,-5.017795562744141,219.2155241815195,-227.24667410385808,-5.024409928959969,0.8514228628173163,1.0098414821028576,1.0098414821028576,3.5756020829034265e-05,1.941378493575138,4.501473429283173,nan,nan,nan
3.42,220.003173828125,-227.56129455566406,-5.017797470092773,219.21508259680525,-227.23825836159494,-5.02589146705043,0.8517662146085027,1.0098992541687626,1.0098992541687626,3.505545741741905e-05,2.587161993843238,5.132765684068038,nan,1.3622094160400642,nan
3.43,220.003173828125,-227.5526580810547,-5.017799377441406,219.21464100895838,-227.22984117819948,-5.025996557535033,0.8520926906348701,1.0099572115143256,1.0099572115143256,3.576168929920567e-05,2.597768561431909,5.204286131762703,nan,nan,nan
3.44,220.003173828125,-227.54403686523438,-5.017800807952881,219.21419947624477,-227.22142267732434,-5.02703077877125,0.852435120420894,1.0100153542840469,1.0100153542840469,3.506105571225295e-05,3.1491845923782593,5.679525187496746,nan,0.6062104636868816,nan
3.45,220.003173828125,-227.535400390625,-5.017802715301514,219.22346205580925,-227.20533665049135,-5.02711543706143,0.8467462708659312,1.0099278976648234,1.0099278976648234,3.574558157344189e-05,3.13606921224195,5.376183352045092,1.094713624605652,nan,nan
3.46,220.00318908691406,-227.5267791748047,-5.017804145812988,219.22305156992797,-227.19689122705267,-5.0268668022969045,0.8470671373768425,1.0099854833811415,1.0099854833811415,3.5045704554924684e-05,3.053908330574254,5.358221900763688,nan,0.0940777279860168,nan
3.47,220.00318908691406,-227.5181427001953,-5.017805576324463,219.22264109793744,-227.18844450000938,-5.026981021457467,0.8473725597956776,1.0100432520087472,1.0100432520087472,3.575182381551591e-05,3.0656283015097894,5.291796335532675,nan,nan,nan
3.48,220.00318908691406,-227.50950622558594,-5.017807483673096,219.22223041938778,-227.17999662257836,-5.026127177028327,0.8476687066042707,1.0101012036921408,1.0101012036921408,3.5051835012806004e-05,2.686000674525183,4.901264949780892,nan,0.6610761251847223,nan
3.49,220.00318908691406,-227.50086975097656,-5.01780891418457,219.22181959171783,-227.1715476527843,-5.026233589028126,0.8479754168177152,1.0101593385758223,1.0101593385758223,3.575833532030042e-05,2.6966163129846117,4.906334200336263,nan,nan,nan
3.5,220.00318908691406,-227.4922332763672,-5.017810344696045,219.19132175887785,-227.16872273494465,-5.025457220449071,0.8739828965448619,1.0100719001565017,1.0100719001565017,3.5036981487326865e-05,2.4251140817308428,5.641782121544862,6.725490442475193,0.4519152320239587,nan
3.5100000000000002,220.00318908691406,-227.4835968017578,-5.0178117752075195,219.19081648546057,-227.16028919641482,-5.025555531407037,0.8743780744191875,1.0101294846747133,1.0101294846747133,3.57429829298017e-05,2.4345041650855643,5.640117857608583,nan,nan,nan
3.52,220.00318908691406,-227.47496032714844,-5.017813205718994,219.19031111851618,-227.1518544577419,-5.0238794801188424,0.8747598493510766,1.0101872499499371,1.0101872499499371,3.5043555528923064e-05,1.8075644130383677,5.00620403502307,nan,2.219682963455332,nan
3.5300000000000002,220.00318908691406,-227.46632385253906,-5.017814636230469,219.1898056869474,-227.14341853102914,-5.023961974756829,0.8751560956604807,1.0102451961266736,1.0102451961266736,3.574993898008957e-05,1.8151519190699372,5.007319320814657,nan,nan,nan
3.54,220.00318908691406,-227.4576873779297,-5.017816066741943,219.18930026327635,-227.13498135412593,-5.0236902267188785,0.8755505129899963,1.010303323349423,1.010303323349423,3.505033907769045e-05,1.7431994994769773,4.9274485604704275,nan,0.08884432083548996,nan
3.5500000000000003,220.00318908691406,-227.44903564453125,-5.01781702041626,219.1926430300397,-227.1219193833382,-5.023519903892837,0.874083795486131,1.010215902646977,1.010215902646977,3.5735002201297754e-05,1.6663767559110265,4.750353720738556,3.104834715139344,nan,nan
3.56,220.00318908691406,-227.44039916992188,-5.017818450927734,219.19214963545465,-227.1134655809613,-5.024231372789296,0.8744779522555267,1.010273485982795,1.010273485982795,3.503606409842538e-05,1.9307013178058843,4.9324888079823515,nan,0.28391374030222666,nan
3.5700000000000003,220.00318908691406,-227.43174743652344,-5.017819881439209,219.1916562937768,-227.1050107868264,-5.024315225162177,0.87486256182472,1.010331247987987,1.010331247987987,3.5742323370126694e-05,1.9378952851150268,5.000822995085649,nan,nan,nan
3.58,220.00318908691406,-227.42311096191406,-5.017821311950684,219.19116287538077,-227.09655507539512,-5.02389716870571,0.8752498107812395,1.0103891888070524,1.0103891888070524,3.504318535664445e-05,1.8115928203023857,4.803916932628865,nan,0.17812599357226605,nan
3.59,220.00318908691406,-227.41445922851562,-5.017822265625,219.19066943583996,-227.0880983397717,-5.023978152504497,0.8756354881036791,1.0104473085844918,1.0104473085844918,3.574981865220182e-05,1.8187762730900237,4.8786394080032665,nan,nan,nan
3.6,220.00318908691406,-227.40582275390625,-5.017823696136475,219.20597836407202,-227.09590129152755,-5.024560930229849,0.8553605320451161,1.0103599051360888,1.0103599051360888,3.502922626717014e-05,2.0198790482083013,4.805929566839461,3.6862189603304123,0.13681744394264447,nan
3.61,220.00318908691406,-227.3971710205078,-5.017824649810791,219.2055331634793,-227.0874923543768,-5.024649610158648,0.8556882776636717,1.010417487304652,1.010417487304652,3.573535314355785e-05,2.0280807031276677,4.903123887626073,nan,nan,nan
3.62,220.00320434570312,-227.38851928710938,-5.017826080322266,219.2050876587978,-227.07908242002068,-5.022899188319047,0.8560181990209988,1.010475246118792,1.010475246118792,3.50366199114968e-05,1.4597032104723406,4.476129854046028,nan,2.386268593317428,nan
3.63,220.00320434570312,-227.37986755371094,-5.017827033996582,219.20464206310996,-227.0706716654555,-5.022971744597204,0.8563470584649884,1.0105331817230088,1.0105331817230088,3.574312058077748e-05,1.4661677570941622,4.333942485458236,nan,nan,nan
3.64,220.00320434570312,-227.3712158203125,-5.017827987670898,219.20419648433815,-227.06226000645404,-5.022681915644933,0.8566742776906191,1.0105912942618023,1.0105912942618023,3.504414532371616e-05,1.3984886075284737,4.260327690085162,nan,0.09300306626030497,nan
3.65,220.00320434570312,-227.36256408691406,-5.017829418182373,219.20539800688965,-227.11998815855594,-5.022787820268558,0.8338840573011398,1.0105039076236828,1.0105039076236828,3.5728910410971126e-05,1.376229445366037,5.822902204383341,30.103585330900028,nan,nan
3.66,220.00320434570312,-227.35391235351562,-5.0178303718566895,219.20495757726914,-227.11177524916863,-5.02330238366943,0.8341811694890531,1.0105614886395882,1.0105614886395882,3.5030533349464564e-05,1.5433222290395592,5.985781364292656,nan,0.13761478376213548,nan
3.67,220.00320434570312,-227.3452606201172,-5.017831325531006,219.2045169542642,-227.10356143332035,-5.02338062459392,0.8344763872404465,1.0106192443384725,1.0106192443384725,3.573689229773402e-05,1.5507100668620928,5.989081387623898,nan,nan,nan
3.68,220.00320434570312,-227.33660888671875,-5.017832279205322,219.2040760982601,-227.09534668318318,-5.021927731932701,0.8347635470294924,1.0106771748648362,1.0106771748648362,3.503825656363131e-05,1.168149713159766,5.594661249812648,nan,1.6540141126617953,nan
3.69,220.00320434570312,-227.3279571533203,-5.017833232879639,219.20363518681256,-227.08713104330954,-5.021992638911977,0.8350600911134627,1.0107352803631795,1.0107352803631795,3.574498022475734e-05,1.1739042312756736,5.591739342143951,nan,nan,nan
3.7,220.00320434570312,-227.31930541992188,-5.017834186553955,219.19178394562613,-227.08463676423347,-5.023709446422291,0.8446934131992744,1.010647910109611,1.010647910109611,3.502483121224656e-05,1.6915042401461644,6.674681217264224,2.500364891750776,2.3592941819673023,nan
3.71,220.00320434570312,-227.31063842773438,-5.0178351402282715,219.19130854285265,-227.0764366916682,-5.023790931855971,0.8450211354259367,1.0107054899869428,1.0107054899869428,3.573103913683619e-05,1.6991972452934605,6.8329691892126485,nan,nan,nan
3.72,220.00320434570312,-227.30198669433594,-5.017836093902588,219.19083318623632,-227.06823560774075,-5.0238449151549025,0.8453535219958089,1.0107632426433564,1.0107632426433564,3.503270551514154e-05,1.7376121163296774,6.691283678220187,nan,0.0005691264786532684,nan
3.73,220.00320434570312,-227.29331970214844,-5.017837047576904,219.19035779891547,-227.06003352937125,-5.023927860139804,0.8456825911837822,1.010821168223352,1.010821168223352,3.573927758685002e-05,1.74550367957303,6.84864818250946,nan,nan,nan
3.74,220.00320434570312,-227.28466796875,-5.017838001251221,219.18988243748464,-227.05183047884879,-5.0240117080692706,0.8460165115099877,1.0108792668714304,1.0108792668714304,3.646020085482749e-05,1.753380279943965,6.678383147518671,nan,nan,nan
3.75,220.00320434570312,-227.2760009765625,-5.017838954925537,219.22652354406705,-227.0457453794317,-5.024107941452612,0.8101172802947678,1.0107919125937317,1.0107919125937317,3.7171707803409864e-05,1.7065049903464184,5.902210138515085,9.496203168444051,nan,nan
3.7600000000000002,220.00320434570312,-227.26734924316406,-5.0178399085998535,219.22615872435355,-227.03754674422552,-5.023598630668624,0.8103346525089529,1.01084949134609,1.01084949134609,3.638764908692772e-05,1.5609390407846138,5.575032002391487,nan,0.23117495968881932,nan
3.77,220.00320434570312,-227.25868225097656,-5.01784086227417,219.22579394079926,-227.02934719883203,-5.023679681840752,0.8105526482646597,1.0109072410299669,1.0109072410299669,3.7120785177645175e-05,1.5682754654574222,5.739163237074254,nan,nan,nan
3.7800000000000002,220.00320434570312,-227.25001525878906,-5.017841815948486,219.22542916131167,-227.02114672519932,-5.024288067850997,0.8107753062879254,1.0109651617898627,1.0109651617898627,3.633950086223629e-05,1.7936841209890209,5.955570208170774,nan,0.18110693873339676,nan
3.79,220.00320434570312,-227.24136352539062,-5.0178422927856445,219.22506431156378,-227.01294541148212,-5.024376613201705,0.8109990412048538,1.011023253770278,1.011023253770278,3.7071351827986535e-05,1.8022672172951153,5.795070076228892,nan,nan,nan
3.8000000000000003,220.00320434570312,-227.23269653320312,-5.017843246459961,219.20872885287835,-227.03422435909948,-5.024761837784307,0.8189202522214883,1.0109359150759083,1.0109359150759083,3.627009497106913e-05,1.9830631923644808,7.658745134392617,7.878806042420061,0.03570184130800024,nan
3.81,220.00320434570312,-227.22402954101562,-5.017844200134277,219.20831721636532,-227.02610827341098,-5.0248562058769295,0.8191871243993437,1.0109934927164352,1.0109934927164352,3.699980915861288e-05,1.9925995438278776,7.652865336730228,nan,nan,nan
3.8200000000000003,220.00320434570312,-227.21536254882812,-5.0178446769714355,219.20790564135737,-227.0179913052992,-5.0251194434360125,0.8194561361862522,1.0110512394950093,1.0110512394950093,3.622488735867747e-05,2.1250517185107576,7.775203354001759,nan,0.0185414554178523,nan
3.83,220.00320434570312,-227.20669555664062,-5.017845630645752,219.2074939512394,-227.00987349945615,-5.025217577717616,0.819724526689044,1.0111091555561311,1.0111091555561311,3.695346059814754e-05,2.135161702667059,7.768139658770758,nan,nan,nan
3.84,220.00320434570312,-227.19802856445312,-5.017846584320068,219.20708217375528,-227.0017547982922,-5.023976898953177,0.8199826124421425,1.0111672410443007,1.0111672410443007,3.6181130347778034e-05,1.7035926060571915,7.323509888127064,nan,1.1850217198134498,nan
3.85,220.00320434570312,-227.18936157226562,-5.017847061157227,219.18935883444166,-226.97630882502355,-5.024252845351115,0.8412948492526057,1.0110799175560097,1.0110799175560097,3.688522067645497e-05,1.8124602884610206,7.402830602940444,5.6424094315887645,nan,nan
3.86,220.0032196044922,-227.18069458007812,-5.017848014831543,219.1888961992882,-226.96813806533146,-5.0237093024558614,0.8416277294130055,1.0111374940974138,1.0111374940974138,3.611639365278731e-05,1.6517226222613823,7.388417774133156,nan,0.26754917075021456,nan
3.87,220.0032196044922,-227.17202758789062,-5.017848491668701,219.18843354160356,-226.95996652196314,-5.02379610117897,0.841951066285174,1.0111952380353597,1.0111952380353597,3.684196420439195e-05,1.661155083342258,7.228533078006599,nan,nan,nan
3.88,220.0032196044922,-227.16336059570312,-5.017848968505859,219.1879706407504,-226.95179427300235,-5.024852093145193,0.8422827467886971,1.0112531495143477,1.0112531495143477,3.6075603146082025e-05,2.0609686405547,7.619284575643612,nan,0.622389081341013,nan
3.89,220.0032196044922,-227.15469360351562,-5.017849922180176,219.18750750494286,-226.94362135278843,-5.024950149517843,0.8426079382527013,1.011311228678878,1.011311228678878,3.680022527104382e-05,2.071913567371007,7.605021708950109,nan,nan,nan
3.9,220.0032196044922,-227.14601135253906,-5.017850399017334,219.22034508257786,-226.9435923965983,-5.026249569425829,0.8086634014534618,1.01122392003391,1.01122392003391,3.601400309822535e-05,2.6054594015071277,7.790619340118943,8.08711254063562,0.9323599102765846,nan
3.91,220.0032196044922,-227.13734436035156,-5.01785135269165,219.21997789287332,-226.93544165469612,-5.0263614023631975,0.8088910324116955,1.0112814954884892,1.0112814954884892,3.673683048926998e-05,2.6182783091225863,7.585688715665076,nan,nan,nan
3.92,220.0032196044922,-227.12867736816406,-5.017851829528809,219.2196105350455,-226.92729021886012,-5.0256640907635415,0.8091112340398484,1.0113392366480536,1.0113392366480536,3.597615764989804e-05,2.343701426826957,7.303493563983072,nan,0.43811486291937396,nan
3.93,220.0032196044922,-227.1199951171875,-5.017852306365967,219.21924304689526,-226.91913816369214,-5.025769758836028,0.8093364224366683,1.0113971436571032,1.0113971436571032,3.6698162318128285e-05,2.3557345600462405,7.49890891843741,nan,nan,nan
3.94,220.0032196044922,-227.111328125,-5.017853260040283,219.21887545400645,-226.91098538697426,-5.025784302499426,0.8095652293146802,1.011455216660138,1.011455216660138,3.593975312955303e-05,2.3981020544016456,7.32142178699805,nan,0.005666889179471846,nan
3.95,220.0032196044922,-227.10264587402344,-5.017853736877441,219.23817263905485,-226.8975715923045,-5.025838859452845,0.7920960058793107,1.011367922509488,1.011367922509488,3.6637983477154934e-05,2.3606308097727906,6.911479381600802,2.964911758934487,nan,nan
3.96,220.0032196044922,-227.09397888183594,-5.0178542137146,219.23786084819372,-226.88940252961984,-5.023178356666515,0.7922460831250312,1.0114254968891512,1.0114254968891512,3.58827132328281e-05,1.4105120255738082,5.7603633389187054,nan,5.138656625216076,nan
3.97,220.0032196044922,-227.08529663085938,-5.017854690551758,219.23754916463508,-226.88123289032973,-5.023258685564785,0.7924155701600157,1.011483235330276,1.011483235330276,3.660233671631192e-05,1.4186145092514915,5.953395810331103,nan,nan,nan
3.98,220.0032196044922,-227.0766143798828,-5.017855167388916,219.23723748672742,-226.87306261205956,-5.021311724867723,0.7925742076985414,1.0115411379773624,1.0115411379773624,3.584919702326169e-05,0.9542740800632497,5.47897932160377,nan,2.7663761689876134,nan
3.99,220.0032196044922,-227.0679473876953,-5.017856121063232,219.23692575105358,-226.864891748021,-5.0213740419560695,0.7927485341448137,1.0115992049749107,1.0115992049749107,3.656816268608515e-05,0.9596621769714421,5.285191873041787,nan,nan,nan
4.0,220.0032196044922,-227.05926513671875,-5.017856597900391,219.21250728381463,-226.89704627214633,-5.021884806002475,0.8071909071310003,1.0115119249826263,1.0115119249826263,3.579515411233231e-05,1.0974402537491863,7.792117182877425,16.791780847902274,0.2796007363654437,nan
4.01,220.0032196044922,-227.0505828857422,-5.017857074737549,219.21212786534656,-226.88898828851674,-5.021951565140955,0.8074377489618452,1.011569498298913,1.011569498298913,3.6512617178654705e-05,1.1036348995983984,7.793485823998445,nan,nan,nan
4.0200000000000005,220.0032196044922,-227.0419158935547,-5.017857551574707,219.2117485433697,-226.88092984994594,-5.021072617961945,0.8076839007204576,1.0116272340793515,1.0116272340793515,3.5764459088571485e-05,0.9338654020963433,7.373642242780995,nan,0.6055202402268569,nan
4.03,220.0032196044922,-227.03323364257812,-5.017858028411865,219.21136928397954,-226.87287065621769,-5.021131868483357,0.8079318879207831,1.0116851324684417,1.0116851324684417,3.6481371380792444e-05,0.9389984940542648,7.600310526828045,nan,nan,nan
4.04,220.0032196044922,-227.02455139160156,-5.017858505249023,219.21099004174403,-226.8648108116445,-5.0210055320062885,0.8081798294653066,1.0117431936106842,1.0117431936106842,3.57351361357337e-05,0.9227077204271861,7.5740549630168434,nan,0.02353774260652002,nan
4.05,220.0032196044922,-227.015869140625,-5.017858982086182,219.21789411699157,-226.84590184997123,-5.021084033115952,0.8035144069426549,1.0116559274532129,1.0116559274532129,3.6428842691180946e-05,0.9237006096661584,7.021293535654941,1.1898240263412256,nan,nan
4.0600000000000005,220.0032196044922,-227.00718688964844,-5.01785945892334,219.2175354730807,-226.83781041178707,-5.019532354250915,0.803735493917832,1.011713499717312,1.011713499717312,3.568537984079584e-05,0.7169324523644858,6.805766865357205,nan,1.7644000140107772,nan
4.07,220.0032196044922,-226.99850463867188,-5.017859935760498,219.21717672080226,-226.8297184764483,-5.01957791794984,0.8039621477535773,1.0117712328927366,1.0117712328927366,3.640043685658872e-05,0.7199155091248679,6.805090465999734,nan,nan,nan
4.08,220.0032196044922,-226.9898223876953,-5.017860412597656,219.21681782359664,-226.82162601187542,-5.02034690368428,0.804191497388871,1.0118291271239872,1.0118291271239872,3.565876422480679e-05,0.8125405151187035,6.888772712143782,nan,0.3549205131229349,nan
4.09,220.0032196044922,-226.98114013671875,-5.0178608894348145,219.21645873586928,-226.81353302636776,-5.020401230422258,0.8044198289256734,1.0118871825555635,1.0118871825555635,3.637340818614849e-05,0.8169021170453448,6.886748705922811,nan,nan,nan
4.1,220.0032196044922,-226.9724578857422,-5.017861366271973,219.22324355549662,-226.82613125194325,-5.020144177784904,0.7935863733671733,1.0117999299211387,1.0117999299211387,3.5611776875263896e-05,0.7687639076052385,7.684310988470451,5.661399637532126,0.20468999361073592,nan
4.11,220.0032196044922,-226.96377563476562,-5.017861843109131,219.22290445666076,-226.8180946323805,-5.020199439125007,0.7938010763070641,1.0118575011439068,1.0118575011439068,3.632516196919474e-05,0.7731595818088566,7.67786807986053,nan,nan,nan
4.12,220.0032196044922,-226.95509338378906,-5.017862319946289,219.22256549600039,-226.81005740861795,-5.021104588851105,0.7940193848431014,1.0119152317680118,1.0119152317680118,3.558777122390996e-05,0.9184237013064702,7.813581976932918,nan,0.49188132849564054,nan
4.13,220.0032196044922,-226.9464111328125,-5.017862796783447,219.22222650564407,-226.80201963741305,-5.0211701752849,0.7942355212055304,1.0119731219379542,1.0119731219379542,3.6300832444744865e-05,0.924671983429154,7.811344902516103,nan,nan,nan
4.14,220.0032196044922,-226.93772888183594,-5.017862796783447,219.22188736260748,-226.79398119474678,-5.021754940640747,0.7944549191337916,1.0120311717982338,1.0120311717982338,3.55650290593721e-05,1.0495864001108628,7.930395890202525,nan,0.18356674462032938,nan
4.15,220.0032196044922,-226.9290313720703,-5.0178632736206055,219.2071625955464,-226.8183420446369,-5.021938858418328,0.8037260099628533,1.0119439323862989,1.0119439323862989,3.625533133262821e-05,1.0964849769028675,10.260173253177834,9.192197395221758,nan,nan
4.16,220.0032196044922,-226.92034912109375,-5.017863750457764,219.20678380123837,-226.8103914734979,-5.0223611073837935,0.8040030467533574,1.012001502578276,1.012001502578276,3.552194761901282e-05,1.2081355235577806,10.066235335970138,nan,0.08225548211416317,nan
4.17,220.0032196044922,-226.9116668701172,-5.017864227294922,219.20640498824275,-226.80244047814952,-5.022441365306808,0.8042791104855257,1.0120592307028724,1.0120592307028724,3.623358828567844e-05,1.2173345567091416,10.069828255642767,nan,nan,nan
4.18,220.0032196044922,-226.90296936035156,-5.01786470413208,219.20602614039262,-226.79448914326878,-5.022043228038389,0.804551326369814,1.0121171169045884,1.0121171169045884,3.5501665456325695e-05,1.1313457042046984,10.256928199198986,nan,0.15762834679687182,nan
4.19,220.0032196044922,-226.894287109375,-5.01786470413208,219.20564739509564,-226.78653747053028,-5.022120517380709,0.8048288798367437,1.0121751613279242,1.0121751613279242,3.621309442266123e-05,1.1400891357638885,9.97103594254393,nan,nan,nan
4.2,220.0032196044922,-226.88560485839844,-5.017865180969238,219.23863665125225,-226.74449666845084,-5.024274380353018,0.7775215054853042,1.0120879348485918,1.0120879348485918,3.546107085964536e-05,1.7556711967446446,8.361373760274937,16.509114828689313,2.5713097783808654,nan
4.21,220.0032196044922,-226.8769073486328,-5.0178656578063965,219.2383489237445,-226.736451501029,-5.024375689817035,0.7776872018429537,1.0121455040200178,1.0121455040200178,3.617143966513447e-05,1.7691549855574875,8.616110378613289,nan,nan,nan
4.22,220.0032196044922,-226.86822509765625,-5.017866134643555,219.2380612429669,-226.728405669221,-5.023356853488429,0.7778476321063591,1.012203229695124,1.012203229695124,3.5443133597697025e-05,1.4483244496361687,8.02593058246541,nan,0.8653528930954242,nan
4.23,220.0032196044922,-226.85952758789062,-5.017866134643555,219.23777362345484,-226.7203594355074,-5.02344932007128,0.778014457759949,1.0122611120184104,1.0122611120184104,3.6153363438981646e-05,1.4601585154707957,8.295089962704457,nan,nan,nan
4.24,220.0032196044922,-226.85084533691406,-5.017866611480713,219.2374861324568,-226.71231279931567,-5.022542046301398,0.7781779191544624,1.0123191511343774,1.0123191511343774,3.5426327360572815e-05,1.2152165513790614,7.7682705409247115,nan,0.6898982770454818,nan
4.25,220.0032196044922,-226.84214782714844,-5.017867088317871,219.2435736516574,-226.70656988244738,-5.022599524840079,0.7716642720140995,1.0122319373079198,1.0122319373079198,3.6114141437923385e-05,1.2083915893963715,8.072743806284965,0.34842978121946855,nan,nan
4.26,220.0032196044922,-226.83346557617188,-5.017867088317871,219.2433035507728,-226.69852842414818,-5.02303608375425,0.7718206800873788,1.0122895054687484,1.0122895054687484,3.538919707602804e-05,1.3434393761150418,7.942089088576478,nan,0.0855254779440596,nan
4.2700000000000005,220.0032196044922,-226.82476806640625,-5.017867565155029,219.2430334492054,-226.69048647986733,-5.0231250089470745,0.7719729113695281,1.012347228742674,1.012347228742674,3.609835738575655e-05,1.3543520064923351,8.188503033040153,nan,nan,nan
4.28,220.0032196044922,-226.8160858154297,-5.0178680419921875,219.24276323110578,-226.68244409214498,-5.0217994034309,0.7721201082922728,1.0124051072741969,1.0124051072741969,3.537456649865843e-05,1.0257621203879375,7.587631121682261,nan,1.38418755698572,nan
4.29,220.0032196044922,-226.80738830566406,-5.0178680419921875,219.24249293609134,-226.67440130289344,-5.021876020968303,0.7722737020109137,1.0124631412078173,1.0124631412078173,3.6083676850734084e-05,1.0342337544029288,7.854886516483775,nan,nan,nan
4.3,220.0032196044922,-226.79869079589844,-5.017868518829346,219.24481128831826,-226.6895114569465,-5.02171881963169,0.7662363388093938,1.012375939764188,1.012375939764188,3.533961422394819e-05,0.9994218724914743,8.943272725457179,3.7754435365190093,0.028670430661139498,nan
4.3100000000000005,220.0032196044922,-226.79000854492188,-5.017868995666504,219.24454798777063,-226.68152967996136,-5.021794584183334,0.7663978708263918,1.0124335069241004,1.0124335069241004,3.6047822623131135e-05,1.007631627374201,8.655085769767838,nan,nan,nan
4.32,220.0032196044922,-226.78131103515625,-5.017868995666504,219.24428480013546,-226.67354750820726,-5.018857215604105,0.7665481012846574,1.012491227843527,1.012491227843527,3.532703637138447e-05,0.6079897284409566,8.535238271813904,nan,6.2940122888825,nan
4.33,220.0032196044922,-226.77261352539062,-5.017869472503662,219.24402173088376,-226.6655648233554,-5.018904834082316,0.7667084895007915,1.0125491026669675,1.0125491026669675,3.6035252890437984e-05,0.6103033005969851,8.518244810204834,nan,nan,nan
4.34,220.00323486328125,-226.763916015625,-5.017869472503662,219.2437589513046,-226.65758168092356,-5.019995195148058,0.7668866737047288,1.0126071315389222,1.0126071315389222,3.53154457871959e-05,0.7087409939208682,8.719398713055877,nan,0.7524769832882605,nan
4.3500000000000005,220.00323486328125,-226.75523376464844,-5.01786994934082,219.2392385291285,-226.66690914966193,-5.020171366608907,0.769088377712729,1.0125199422173043,1.0125199422173043,3.600150347618566e-05,0.7312972157807698,9.414130870519568,2.795135335435851,nan,nan
4.36,220.00323486328125,-226.7465362548828,-5.01786994934082,219.23896450394867,-226.6589711694767,-5.019608599418331,0.7692722855014537,1.0125775083857234,1.0125775083857234,3.528349173486847e-05,0.6701009440498327,9.661930692033817,nan,0.2722471210308571,nan
4.37,220.00323486328125,-226.7378387451172,-5.0178704261779785,219.23869039883536,-226.65103287361507,-5.0196666107397006,0.7694587212587016,1.0126352269957786,1.0126352269957786,3.59909153057841e-05,0.6743174654811168,9.648603516972251,nan,nan,nan
4.38,220.00323486328125,-226.72914123535156,-5.017870903015137,219.2384163232414,-226.64309429014386,-5.018401649229587,0.7696439161455081,1.0126930981919706,1.0126930981919706,3.527377848124479e-05,0.592912803354111,9.562395161558607,nan,1.2181757767694823,nan
4.39,220.00323486328125,-226.72044372558594,-5.017870903015137,219.23814221315396,-226.6351553318239,-5.018448482720697,0.7698319342477403,1.0127511221187993,1.0127511221187993,3.598127879772891e-05,0.5944506235316782,9.569484837337917,nan,nan,nan
4.4,220.00323486328125,-226.7117462158203,-5.017871379852295,219.20332456011138,-226.62246519292023,-5.020483975843741,0.8048816185161688,1.01266394466718,1.01266394466718,3.524368800212706e-05,0.8333964997832284,10.364854140117348,8.418195771348708,2.848761050447746,nan
4.41,220.00323486328125,-226.7030487060547,-5.017871379852295,219.2029598386683,-226.61451311856914,-5.02055215206764,0.8051620034566522,1.012721509853281,1.012721509853281,3.595040917864156e-05,0.8400366500770233,10.373131299029637,nan,nan,nan
4.42,220.00323486328125,-226.69435119628906,-5.017871856689453,219.20259495855498,-226.6065606544252,-5.021976942729282,0.8054491219265375,1.012779226197611,1.012779226197611,3.52357288808621e-05,1.1188026835706952,10.629970689184045,nan,1.2801318848038319,nan
4.43,220.00323486328125,-226.68565368652344,-5.017871856689453,219.20222994056087,-226.59860785060374,-5.022060451524293,0.805731598052312,1.01283709384467,1.01283709384467,3.5942572179920654e-05,1.1290788951869692,10.64155338198932,nan,nan,nan
4.44,220.00323486328125,-226.6769561767578,-5.017871856689453,219.20186487939452,-226.59065472358748,-5.02112307242792,0.8060101502448385,1.0128951129389583,1.0128951129389583,3.5228611655181374e-05,0.9414229078956453,10.44502389079127,nan,0.7277744929097602,nan
4.45,220.00323486328125,-226.6682586669922,-5.017872333526611,219.21890492314026,-226.61646798528272,-5.021260328645915,0.7860452965474901,1.012807947113729,1.012807947113729,3.5913482810215595e-05,0.9296579834600129,12.017689317423157,10.102140136546137,nan,nan
4.46,220.00323486328125,-226.65956115722656,-5.017872333526611,219.21858513428379,-226.60860231353865,-5.021981048845392,0.7863134759797613,1.0128655113264526,1.0128655113264526,3.52010564943889e-05,1.0899935080619982,12.177588053888822,nan,0.2885532299243984,nan
4.47,220.00323486328125,-226.65086364746094,-5.0178728103637695,219.21826541890957,-226.60073617689747,-5.022066325569955,0.7865795430037984,1.0129232254472873,1.0129232254472873,3.5907319052126705e-05,1.1005452269695253,12.162170021243474,nan,nan,nan
4.48,220.00323486328125,-226.6421661376953,-5.0178728103637695,219.21794586723124,-226.5928695356871,-5.022274873170398,0.7868470883492852,1.0129810896207336,1.0129810896207336,3.51955217098355e-05,1.1617611120635691,12.21850501344369,nan,0.010406146870387748,nan
4.49,220.00323486328125,-226.6334686279297,-5.017873287200928,219.2176265049042,-226.58500250914432,-5.022363445950769,0.7871147431903543,1.0130391039912916,1.0130391039912916,3.590195757147192e-05,1.173127086683957,12.194315507297526,nan,nan,nan
4.5,220.00323486328125,-226.62477111816406,-5.017873287200928,219.22596502656188,-226.5579410548611,-5.020760055925457,0.7801429291280567,1.0129519495568677,1.0129519495568677,3.5169525784361824e-05,0.8377831148562265,10.767722578209831,3.3819095890085498,2.2155677254651844,nan
4.51,220.00323486328125,-226.61607360839844,-5.017873764038086,219.22566807248975,-226.5500237224823,-5.020834753535504,0.7803726475409837,1.0130095128049297,1.0130095128049297,3.587527519420414e-05,0.8455392277430127,10.757993953676088,nan,nan,nan
4.5200000000000005,220.00323486328125,-226.6073760986328,-5.017873764038086,219.22537107362945,-226.54210625848938,-5.019294466892025,0.7805986457075192,1.0130672247431471,1.0130672247431471,3.516545551915874e-05,0.6588697897302471,10.58582785010662,nan,1.8266886229796704,nan
4.53,220.00323486328125,-226.59866333007812,-5.017873764038086,219.2250741034778,-226.5341885449887,-5.019355406495557,0.7808286375861166,1.0131250855160208,1.0131250855160208,3.587141289466364e-05,0.6629907442252777,10.907325466171505,nan,nan,nan
4.54,220.00323486328125,-226.5899658203125,-5.017874240875244,219.2247773950206,-226.5262703562523,-5.019095028984102,0.7810599415897858,1.0131830952680507,1.0131830952680507,3.5162087291849286e-05,0.644499786980911,10.537790919984946,nan,0.07268462699650408,nan
4.55,220.00323486328125,-226.58126831054688,-5.017874240875244,219.2078961731522,-226.52515415646585,-5.019300179106108,0.7973170408339911,1.0130959519965161,1.0130959519965161,3.5846203298713085e-05,0.6842176672810226,11.455161135230435,3.1710524421090653,nan,nan
4.5600000000000005,220.00323486328125,-226.57257080078125,-5.017874240875244,219.20755718638515,-226.51725274139545,-5.0194546405968685,0.797599868899358,1.0131535142884176,1.0131535142884176,3.513818705704262e-05,0.6989850753818112,11.461714316912847,nan,0.005794314174870692,nan
4.57,220.00323486328125,-226.56385803222656,-5.017874717712402,219.20721828901037,-226.50935098879458,-5.019520143426872,0.797882266831031,1.0132112240836033,1.0132112240836033,3.584372167064323e-05,0.7038467958478096,11.785239874839469,nan,nan,nan
4.58,220.00323486328125,-226.55516052246094,-5.017874717712402,219.2068794641735,-226.50144891346616,-5.018439615205979,0.7981648812983644,1.0132690815265732,1.0132690815265732,3.5136122381702215e-05,0.6378063480543029,11.386432233945081,nan,0.9217995002270611,nan
4.59,220.00323486328125,-226.5464630126953,-5.017874717712402,219.20654054746794,-226.49354658858738,-5.018495834733087,0.7984499775038918,1.0133270867618276,1.0133270867618276,3.584190160014584e-05,0.6399009689862724,11.392617384913272,nan,nan,nan
4.6000000000000005,220.00323486328125,-226.53775024414062,-5.0178751945495605,219.19853226425667,-226.44512690002483,-5.018969404674607,0.8100163912217483,1.0132399544325947,1.0132399544325947,3.5113498162433146e-05,0.6816496790271912,9.94414318084175,12.02160673730125,0.0768573950844205,nan
4.61,220.00323486328125,-226.529052734375,-5.0178751945495605,219.19817373625008,-226.4371212041895,-5.01903261199233,0.8102938751552268,1.0132975157766335,1.0132975157766335,3.581865863026413e-05,0.6853585097258917,9.655717851326138,nan,nan,nan
4.62,220.00323486328125,-226.52035522460938,-5.0178751945495605,219.19781535981423,-226.42911523819353,-5.020131427865566,0.8105741189274446,1.0133552234671366,1.0133552234671366,3.5112628189372535e-05,0.7933450948582683,9.753483039115958,nan,0.7511561921439647,nan
4.63,220.00323486328125,-226.5116424560547,-5.017875671386719,219.1974570075325,-226.42110917460406,-5.020206756924694,0.8108511958584314,1.013413077648604,1.013413077648604,3.5818059117592184e-05,0.8004822528841483,10.048832096989676,nan,nan,nan
4.64,220.00323486328125,-226.50294494628906,-5.017875671386719,219.1970987034024,-226.41310298470768,-5.019569444802204,0.81112881541307,1.0134710784655365,1.0134710784655365,3.511233084941916e-05,0.7308873442664761,9.686052341479225,nan,0.3573402998967287,nan
4.65,220.00323486328125,-226.49424743652344,-5.017875671386719,219.19221332557282,-226.37173700401323,-5.019621079294087,0.8202242297991106,1.0133839568650287,1.0133839568650287,3.579600779098962e-05,0.748985232023618,8.400094328226247,7.817642834138827,nan,nan
4.66,220.00323486328125,-226.48553466796875,-5.017876148223877,219.1918438896656,-226.3636464067886,-5.02076885635815,0.8205001084941037,1.013441517269306,1.013441517269306,3.509139956896751e-05,0.9027392465394714,8.802605736520922,nan,0.8143339698551476,nan
4.67,220.00323486328125,-226.47683715820312,-5.017876148223877,219.19147444316428,-226.35555565468098,-5.020851820589679,0.8207758752492038,1.0134992228922928,1.0134992228922928,3.579652121065967e-05,0.9120513251305565,8.57087297887859,nan,nan,nan
4.68,220.00323486328125,-226.46812438964844,-5.017876148223877,219.19110498703333,-226.34746462090206,-5.0180423483258405,0.8210443004557487,1.013557073878489,1.013557073878489,3.509215129748516e-05,0.6658840883189231,8.581454404410099,nan,5.881153395789655,nan
4.69,220.00323486328125,-226.4594268798828,-5.017876625061035,219.19073556178398,-226.33937326836536,-5.01809882687122,0.8213209080168218,1.0136150703723947,1.0136150703723947,3.579756823351766e-05,0.6668863048954119,8.304730486925628,nan,nan,nan
4.7,220.00323486328125,-226.45071411132812,-5.017876625061035,219.19230700299815,-226.36401517365618,-5.01739344207238,0.8155494674405547,1.0135279592937425,1.0135279592937425,3.50722409908362e-05,0.662899782629802,10.143059056555941,7.420067312503105,0.4308870843795061,nan
4.71,220.00323486328125,-226.4420166015625,-5.017876625061035,219.1919424746157,-226.35600541325883,-5.01744437474225,0.8158391086852853,1.0135855187661742,1.0135855187661742,3.577708668744871e-05,0.66189438052693,9.841584390198365,nan,nan,nan
4.72,220.00323486328125,-226.4333038330078,-5.017876625061035,219.1915779020126,-226.34799536973784,-5.017626141089376,0.8161278205180654,1.0136432223576792,1.0136432223576792,3.507394434225799e-05,0.658888456269362,10.139371791350834,nan,0.011854750641494893,nan
4.73,220.00323486328125,-226.4246063232422,-5.017877101898193,219.19121325507277,-226.33998507573128,-5.017680239519381,0.8164189405462057,1.0137010702127573,1.0137010702127573,3.577910414434929e-05,0.6586141381778678,9.82000086636493,nan,nan,nan
4.74,220.00323486328125,-226.4158935546875,-5.017877101898193,219.19084849211248,-226.33197459385715,-5.019656405695552,0.816711193733508,1.0137590624759092,1.0137590624759092,3.507610446584568e-05,0.7482197351948129,10.228920761707654,nan,2.5946359432435377,nan
4.75,220.00323486328125,-226.4071807861328,-5.017877101898193,219.2442355183263,-226.35183344404797,-5.019819640875686,0.7610171531414986,1.0136719617186658,1.0136719617186658,3.575956493011795e-05,0.67685513428479,10.688525796450714,25.59398525411367,nan,nan
4.76,220.00323486328125,-226.3984832763672,-5.017877101898193,219.24400440241072,-226.34389204079258,-5.020605669557794,0.7611954681924392,1.0137295202669887,1.0137295202669887,3.5057529394857595e-05,0.7839313445716501,10.463548413693546,nan,0.3529442075203575,nan
4.7700000000000005,220.00323486328125,-226.3897705078125,-5.017877578735352,219.24377355495952,-226.3359506123993,-5.020691610411526,0.7613711176255111,1.013787221861962,1.013787221861962,3.5762457830917946e-05,0.7932216156202205,10.780356726938209,nan,nan,nan
4.78,220.00323486328125,-226.38107299804688,-5.017877578735352,219.2435429093149,-226.3280089157088,-5.020237315397655,0.7615466040320266,1.0138450666480856,1.0138450666480856,3.506051345390516e-05,0.7308492199242327,10.385793163300505,nan,0.20610714901125413,nan
4.79,220.00323486328125,-226.3723602294922,-5.017877578735352,219.24331229500277,-226.32006688147888,-5.020319745911336,0.7617236166785973,1.01390305476986,1.01390305476986,3.576577150946122e-05,0.7390173893869263,10.710514545973828,nan,nan,nan
4.8,220.00323486328125,-226.3636474609375,-5.017877578735352,219.28224506635502,-226.29564765380889,-5.018705391993179,0.724189855159577,1.0138159641397286,1.0138159641397286,3.504273629331359e-05,0.5368586201687927,9.31341015446654,12.435100770274513,2.0531217683537366,nan
4.8100000000000005,220.00323486328125,-226.35494995117188,-5.01787805557251,219.28211102379595,-226.28766467538443,-5.018772938180882,0.7242566541128201,1.013873521771509,1.013873521771509,3.574745475253437e-05,0.5397711790272325,8.991875979283652,nan,nan,nan
4.82,220.00323486328125,-226.3462371826172,-5.01787805557251,219.281976876963,-226.27968148177624,-5.019568360129808,0.7243242376669327,1.0139312214038616,1.0139312214038616,3.504645938676262e-05,0.5989583083961749,9.363842419807938,nan,0.37219771126221274,nan
4.83,220.00323486328125,-226.3375244140625,-5.01787805557251,219.28184275075688,-226.27169809004954,-5.019644924336433,0.7243913353779582,1.013989063181287,1.013989063181287,3.5751520802720953e-05,0.6048204080301249,9.374358448956858,nan,nan,nan
4.84,220.00323486328125,-226.32882690429688,-5.01787805557251,219.28170875927708,-226.26371449710265,-5.018902597109258,0.7244588283784126,1.014047047248285,1.014047047248285,3.505053851695373e-05,0.5475169919666718,8.99564892021967,nan,0.473403001901398,nan
4.8500000000000005,220.00323486328125,-226.3201141357422,-5.01787805557251,219.2463421576227,-226.25425377044726,-5.018986051055157,0.7597535016371305,1.0139599665568628,1.0139599665568628,3.5733931366027465e-05,0.6036324803241995,9.768067982823872,8.571298697945712,nan,nan
4.86,220.00323486328125,-226.3114013671875,-5.017878532409668,219.24612169329748,-226.24626576233538,-5.019057768062888,0.7599107775121016,1.0140175232795037,1.0140175232795037,3.64527636942846e-05,0.6076282052511988,9.744382977147946,nan,nan,nan
4.87,220.00323486328125,-226.3026885986328,-5.017878532409668,219.24590129858524,-226.23827753173794,-5.019130348246965,0.7600687342580243,1.0140752209821515,1.0140752209821515,3.71860468909158e-05,0.6118250939614617,9.758547546347733,nan,nan,nan
4.88,220.00323486328125,-226.2939910888672,-5.017878532409668,219.24568100455485,-226.23028916122868,-5.018826646969079,0.7602280469552094,1.0141330598093066,1.0141330598093066,3.639972068811378e-05,0.5945873015186927,9.427679689501733,nan,0.0927821104353781,nan
4.89,220.00323486328125,-226.2852783203125,-5.017878532409668,219.2454608032209,-226.22230052682013,-5.018897566843038,0.7603872480550145,1.0141910399054688,1.0141910399054688,3.713164249276638e-05,0.5980636592286296,9.740403236148829,nan,nan,nan
4.9,220.00323486328125,-226.2765655517578,-5.017878532409668,219.2536295724792,-226.1798971657186,-5.019123508115764,0.7558137461189395,1.0141039689700033,1.0141039689700033,3.632567296629637e-05,0.6059765601375761,8.07900989782631,8.727837945353611,0.026190109935535097,nan
4.91,220.00323486328125,-226.26785278320312,-5.017879009246826,219.25342972881228,-226.17182437060706,-5.019197544753165,0.7559305088681332,1.0141615247907516,1.0141615247907516,3.705538930288213e-05,0.6103671069629537,8.073952532358536,nan,nan,nan
4.92,220.00323486328125,-226.2591552734375,-5.017879009246826,219.25322976386326,-226.16375160900137,-5.020196361749341,0.7560521664961041,1.0142192205956548,1.0142192205956548,3.627607284563561e-05,0.7116304574095526,7.913457843059025,nan,0.5600683029848591,nan
4.93,220.00323486328125,-226.2504425048828,-5.017879009246826,219.25302962895628,-226.15567871101416,-5.020281577612495,0.756170511572429,1.0142770565292136,1.0142770565292136,3.7004585499652844e-05,0.7197292442723343,8.19366742643467,nan,nan,nan
4.94,220.00323486328125,-226.24172973632812,-5.017879009246826,219.25282946591688,-226.14760583599957,-5.021742617507819,0.75629524425018,1.0143350327359282,1.0143350327359282,3.622815949783393e-05,0.9759247651502878,8.452143033563416,nan,1.24402399769206,nan
4.95,220.00323486328125,-226.23301696777344,-5.017879009246826,219.21864035933814,-226.1327908017644,-5.0218846078727015,0.7909803188391983,1.0142479713790855,1.0142479713790855,3.6932140409253626e-05,1.0512856056241193,8.832806427311091,8.342843590107258,nan,nan
4.96,220.00323486328125,-226.22430419921875,-5.017879009246826,219.21835825411037,-226.12470146680369,-5.023236242452821,0.7911894184553709,1.0143055263050382,1.0143055263050382,3.6159504495177734e-05,1.4108278343909686,9.18952582238483,nan,1.03031603788876,nan
4.97,220.00323486328125,-226.21559143066406,-5.017879486083984,219.21807601202642,-226.11661202214492,-5.023352612572798,0.7913920015568601,1.0143632202432418,1.0143632202432418,3.688490787375833e-05,1.4295272980746574,9.18081444872935,nan,nan,nan
4.98,220.00323486328125,-226.20689392089844,-5.017879486083984,219.21779358103475,-226.1085225420914,-5.0236670483882016,0.7915986558243009,1.0144210533381963,1.0144210533381963,3.61150080382927e-05,1.545165290831224,9.03265317458662,nan,0.0256951452379997,nan
4.99,220.00323486328125,-226.19818115234375,-5.017879486083984,219.21751097900759,-226.10043299701454,-5.023787620103315,0.7918027723088307,1.014479025734402,1.014479025734402,3.6839417623144465e-05,1.5654881180996891,9.316131387191577,nan,nan,nan
5.0,220.00323486328125,-226.18946838378906,-5.017879486083984,219.18415504211205,-226.10551847476447,-5.023692582151018,0.8233912391795812,1.0143919737840479,1.0143919737840479,3.6049928685083296e-05,1.6056898918783538,10.671098230183915,8.935976940289667,0.01423673887247752,nan
5.01,220.00323486328125,-226.18075561523438,-5.017879486083984,219.1837928374366,-226.0974599800612,-5.023812321444769,0.8236859808778378,1.0144495278221588,1.0144495278221588,3.677250416427285e-05,1.6259572576394858,10.672403395133202,nan,nan,nan
5.0200000000000005,220.00323486328125,-226.1720428466797,-5.017879486083984,219.18343042320376,-226.08940123729877,-5.023580013652786,0.8239790358901117,1.0145072199238276,1.0145072199238276,3.60087940298024e-05,1.5716473364284602,10.601742040401765,nan,0.08306230070800859,nan
5.03,220.00323486328125,-226.163330078125,-5.017879486083984,219.18306802796346,-226.0813422597478,-5.023698239471628,0.8242751348963776,1.0145650502335544,1.0145650502335544,3.6730511271713546e-05,1.5914342543394602,10.595881846060436,nan,nan,nan
5.04,220.00323486328125,-226.1546173095703,-5.017879962921143,219.18270564975035,-226.0732830590195,-5.025242039015777,0.8245833194618531,1.0146230188958392,1.0146230188958392,3.596929546249392e-05,2.176930105045473,11.147280581743455,nan,1.3554392094400318,nan
5.05,220.00323486328125,-226.14590454101562,-5.017879962921143,219.16561116652656,-226.10331190110898,-5.0254497474911135,0.8387400622228832,1.0145359761848298,1.0145359761848298,3.6667227690638424e-05,2.2560971308306836,13.606694699311658,12.158290263498087,nan,nan
5.0600000000000005,220.00323486328125,-226.13719177246094,-5.017879962921143,219.16520908478228,-226.0953429151008,-5.02733033228015,0.8391232577948147,1.0145935293419155,1.0145935293419155,3.590937004956847e-05,3.180992046585614,14.500068742293745,nan,2.0381513499529387,nan
5.07,220.00323486328125,-226.12847900390625,-5.017879962921143,219.16480715079058,-226.08737391834032,-5.027485194249636,0.8394896768874496,1.0146512196363704,1.0146512196363704,3.6628649085132345e-05,3.2132819531006316,14.50552192510878,nan,nan,nan
5.08,220.00323486328125,-226.11976623535156,-5.017879962921143,219.16440528159447,-226.0794048915932,-5.02609842219479,0.8398402516286251,1.0147090472126943,1.0147090472126943,3.587312856915206e-05,2.5778726744659384,13.829459039217637,nan,1.597792165626812,nan
5.09,220.00323486328125,-226.11105346679688,-5.017879962921143,219.16400352070107,-226.07143559436264,-5.0262397542827175,0.8402075388240405,1.0147670122153878,1.0147670122153878,3.659172672680063e-05,2.605495111659748,13.818611205638867,nan,nan,nan
5.1000000000000005,220.00323486328125,-226.1023406982422,-5.017879962921143,219.15488486277934,-226.01377660609157,-5.026398562338064,0.8530028653563124,1.0146799785813723,1.0146799785813723,3.730099302528231e-05,2.662447295868983,11.845759549988745,17.546837049241546,nan,nan
5.11,220.00323486328125,-226.0936279296875,-5.017880439758301,219.15446218997553,-226.00568913552326,-5.026542333644868,0.853360012465605,1.0147375308641173,1.0147375308641173,3.804763931016077e-05,2.6895325780751884,11.83875032212772,nan,nan,nan
5.12,220.00323486328125,-226.0849151611328,-5.017880439758301,219.15403947975557,-225.99760142350985,-5.0272074953615355,0.8537233053778303,1.0147952193798682,1.0147952193798682,3.720467404714869e-05,3.0563852599620702,12.198449591757615,nan,0.16868044733714965,nan
5.13,220.00323486328125,-226.07620239257812,-5.017880439758301,219.15361684037356,-225.98951348532393,-5.027358661411808,0.854081722188348,1.0148530442731245,1.0148530442731245,3.794891785792107e-05,3.0859966010043864,12.196933769579442,nan,nan,nan
5.14,220.00323486328125,-226.06748962402344,-5.017880439758301,219.15319428341618,-225.98142550441133,-5.025914205731925,0.8544241110231284,1.014911005688387,1.014911005688387,3.711170426793266e-05,2.4583628693802466,11.55262120079739,nan,1.5972807263658095,nan
5.15,220.00323486328125,-226.05877685546875,-5.017880439758301,219.19363519144224,-226.00206531314436,-5.026269016358765,0.8116268821891163,1.0148239809736184,1.0148239809736184,3.782933926965147e-05,2.509195634770083,12.074592652253346,19.131024256605443,nan,nan
5.16,220.00323486328125,-226.05006408691406,-5.017880439758301,219.19330889928986,-225.99404482250313,-5.024996925950003,0.8118921538654261,1.0148815323885811,1.0148815323885811,3.6998775071904485e-05,2.01826559124815,11.574414309208468,nan,1.2626536116296967,nan
5.17,220.00323486328125,-226.04135131835938,-5.017880439758301,219.1929825132851,-225.98602442222992,-5.025127272048548,0.8121714429157447,1.0149392191533582,1.0149392191533582,3.773767855292247e-05,2.0414833678656352,11.584371428110947,nan,nan,nan
5.18,220.00323486328125,-226.0326385498047,-5.017880439758301,219.19265604656147,-225.97800394560568,-5.024261251152708,0.8124430274455414,1.0149970414124496,1.0149970414124496,3.69125134327526e-05,1.7532776394437604,11.27378339131909,nan,0.6301912450403651,nan
5.19,220.00323486328125,-226.02392578125,-5.017880439758301,219.19232962322226,-225.96998337837707,-5.024383982515436,0.8127234383547836,1.015054999310356,1.015054999310356,3.764941167809077e-05,1.7741001934572203,11.288641283238046,nan,nan,nan
5.2,220.00323486328125,-226.0152130126953,-5.017880916595459,219.1830913877673,-225.96300838954727,-5.025766811204444,0.8218411223831091,1.0149679833615124,1.0149679833615124,3.680650845972974e-05,2.3549753150010426,12.167104171604329,0.6209619613112266,1.0761665072212059,nan
5.21,220.00323486328125,-226.00650024414062,-5.017880916595459,219.18274442381073,-225.95499009272433,-5.025903567996487,0.8221448898442149,1.0150255339151295,1.0150255339151295,3.75405977925835e-05,2.380341886986642,12.175000975996129,nan,nan,nan
5.22,220.00323486328125,-225.99778747558594,-5.017880916595459,219.1823976468445,-225.9469716581178,-5.024532462915248,0.8224355453535817,1.015083218955914,1.015083218955914,3.672674909777109e-05,1.8709611219894746,11.63739747300731,nan,1.4568092376188067,nan
5.23,220.00323486328125,-225.9890594482422,-5.017880916595459,219.18205099163865,-225.93895309223956,-5.024655967744561,0.8227390225799857,1.0151410386283661,1.0151410386283661,3.7459081474113705e-05,1.8921304131168593,11.94892910604824,nan,nan,nan
5.24,220.00323486328125,-225.9803466796875,-5.017880916595459,219.18170436749304,-225.93093425623226,-5.024650904253682,0.8230429975612658,1.0151989930769858,1.0151989930769858,3.665011240310054e-05,1.9177611994193056,11.641537382541678,nan,0.010799766681018888,nan
5.25,220.00323486328125,-225.9716339111328,-5.017880916595459,219.14652719460483,-225.88387051050134,-5.024805317703442,0.8612191308779045,1.0151119857449993,1.0151119857449993,3.7357189943157816e-05,2.0140928181433386,10.948915143057135,18.905658969144007,nan,nan
5.26,220.00323486328125,-225.96292114257812,-5.017880916595459,219.14609972385236,-225.87576063196857,-5.023171665087551,0.8615715837196052,1.0151695354435917,1.0151695354435917,3.655394470855122e-05,1.4969587346632456,10.409038480138433,nan,2.00112388851798,nan
5.2700000000000005,220.00323486328125,-225.95420837402344,-5.017880916595459,219.14567213956332,-225.8676505662221,-5.023281408515407,0.8619369144635075,1.0152272187866447,1.0152272187866447,3.728217953873579e-05,1.5140489795697636,10.414967875934149,nan,nan,nan
5.28,220.00323486328125,-225.94549560546875,-5.017880916595459,219.1452444306833,-225.85954028758476,-5.0227769871071395,0.8622991769731663,1.015285035918658,1.015285035918658,3.648348113762458e-05,1.3893929890501302,10.269629218946259,nan,0.24547253847452033,nan
5.29,220.00323486328125,-225.93678283691406,-5.017880916595459,219.14481686961165,-225.85142990948827,-5.0228827087152395,0.8626653997931705,1.0153429869841324,1.0153429869841324,3.7210286648415376e-05,1.4052603036888112,10.281118027027006,nan,nan,nan
5.3,220.00323486328125,-225.9280548095703,-5.017880916595459,219.13830743325337,-225.88779989859788,-5.021526388775893,0.8658713568073746,1.0152559881240277,1.0152559881240277,3.639360239312555e-05,1.1036135091365566,12.59966908741599,13.891957409090416,1.3950984991920452,nan
5.3100000000000005,220.00323486328125,-225.91934204101562,-5.017881393432617,219.13786566174426,-225.87979202184437,-5.021620018935905,0.8662805759717074,1.0153135369738042,1.0153135369738042,3.711817124102948e-05,1.1156724260798232,12.26564816773097,nan,nan,nan
5.32,220.00323486328125,-225.91062927246094,-5.017881393432617,219.13742384883736,-225.87178407133138,-5.022883532291695,0.8666964196166517,1.0153712186446928,1.0153712186446928,3.6329062494980854e-05,1.4285097052375808,12.574115624212336,nan,0.8940007354778402,nan
5.33,220.00323486328125,-225.90191650390625,-5.017881393432617,219.13698211693674,-225.86377595284742,-5.02299063741789,0.8671070444637075,1.0154290332811942,1.0154290332811942,3.7052405751475953e-05,1.4449502421549487,12.569916710057896,nan,nan,nan
5.34,220.00323486328125,-225.89320373535156,-5.017881393432617,219.1365403095468,-225.85576771436806,-5.02217204463408,0.8675132937469968,1.015486981027808,1.015486981027808,3.6267358819748006e-05,1.2486941334450892,12.364184018644464,nan,0.5639546197776294,nan
5.3500000000000005,220.00323486328125,-225.8844757080078,-5.017881393432617,219.13289291572218,-225.8499256285124,-5.022223480201991,0.8710382697629107,1.0153999904985458,1.0153999904985458,3.696649953468083e-05,1.2572039302774982,12.992313145125802,0.2050168037761044,nan,nan
5.36,220.00323486328125,-225.87576293945312,-5.017881393432617,219.1324437333306,-225.8419223490107,-5.023383643281866,0.871465806739208,1.0154575385056075,1.0154575385056075,3.618632353706361e-05,1.5844975057277317,12.970350695284719,nan,0.7418429042053925,nan
5.37,220.00323486328125,-225.86705017089844,-5.017881393432617,219.13199447446232,-225.8339190562155,-5.023494741532482,0.871888178349947,1.0155152185292324,1.0155152185292324,3.690658451218491e-05,1.602312102024328,12.970579756261023,nan,nan,nan
5.38,220.00323486328125,-225.85833740234375,-5.017881393432617,219.13154511439615,-225.82591569932023,-5.022256822392987,0.8723034618278817,1.0155730307139208,1.0155730307139208,3.61301644760659e-05,1.2790989034348588,12.642269557742573,nan,1.2063720447390296,nan
5.39,220.00323486328125,-225.84962463378906,-5.017881393432617,219.13109576020523,-225.8179123338078,-5.02235689172007,0.8727269419293023,1.015630975204173,1.015630975204173,3.684946509384744e-05,1.2934756006638968,12.641233461317881,nan,nan,nan
5.4,220.00323486328125,-225.8408966064453,-5.017881393432617,219.14889714236318,-225.80999682749461,-5.02077098412215,0.854901215028399,1.0155439928685037,1.0155439928685037,3.605471654934909e-05,0.9512464054260383,12.191735065936339,2.790010390204455,1.6556730378482984,nan
5.41,220.00323486328125,-225.83218383789062,-5.017881393432617,219.1484896031421,-225.80199350168053,-5.020854821515226,0.855283436882398,1.0156015400388487,1.0156015400388487,3.6772242802750866e-05,0.9606970715194338,11.84455252789407,nan,nan,nan
5.42,220.00323486328125,-225.82347106933594,-5.017881393432617,219.1480821416811,-225.79399012459731,-5.020567855421929,0.8556649580535851,1.015659218439468,1.015659218439468,3.60038305089348e-05,0.9213201487960992,11.798630548607173,nan,0.09208448639737371,nan
5.43,220.00323486328125,-225.81475830078125,-5.017881393432617,219.14767467649563,-225.78598675686607,-5.020650057329209,0.8560483049756523,1.0157170282148615,1.0157170282148615,3.672056066520532e-05,0.9302238978096758,11.809491773184,nan,nan,nan
5.44,220.00323486328125,-225.8060302734375,-5.017881393432617,219.1472672169761,-225.77798318009496,-5.01856370432549,0.8564272978567947,1.01577496950953,1.01577496950953,3.59554620870952e-05,0.735024427818691,11.935133791823237,nan,3.1463077000357886,nan
5.45,220.00323486328125,-225.7973175048828,-5.017881393432617,219.17099946139967,-225.75346391240973,-5.018543640199026,0.8333902688948096,1.0156879952338527,1.0156879952338527,3.664879285322604e-05,0.6957781284316581,10.262865020707485,6.202622882555594,nan,nan
5.46,220.00323486328125,-225.78860473632812,-5.017881870269775,219.17064662553724,-225.74542265186133,-5.019088940615615,0.8337081762027917,1.0157455415733798,1.0157455415733798,3.5887795860947786e-05,0.7248925815824978,10.275598030943401,nan,0.15644631501195755,nan
5.47,220.00323486328125,-225.77989196777344,-5.017881870269775,219.1702938370299,-225.7373812061796,-5.019157124588062,0.8340261053093676,1.0158032183746328,1.0158032183746328,3.660225798207635e-05,0.7292072126251787,10.289333991297633,nan,nan,nan
5.48,220.00323486328125,-225.7711639404297,-5.017881870269775,219.1699411114215,-225.7293395918842,-5.018830556231242,0.834343246526747,1.015861025782112,1.015861025782112,3.584429972989461e-05,0.7103675806601758,10.598301743916139,nan,0.1054312935582811,nan
5.49,220.00323486328125,-225.762451171875,-5.017881870269775,219.16958822519337,-225.7212978730227,-5.018897093055965,0.834662411924105,1.0159189639403174,1.0159189639403174,3.65581761535926e-05,0.71393677637275,10.27812092436351,nan,nan,nan
5.5,220.00323486328125,-225.7537384033203,-5.017881870269775,219.14838687224963,-225.72835956071907,-5.01681039977831,0.8552253045084596,1.0158319975945453,1.0158319975945453,3.578149712008677e-05,0.7520949682240016,11.67116511787039,4.748938794672221,3.323966896419786,nan
5.51,220.00323486328125,-225.74501037597656,-5.017881870269775,219.1479869249757,-225.72035161444865,-5.016858492882599,0.855603960835424,1.0158895431090578,1.0158895431090578,3.649396556900092e-05,0.749304905102586,12.018380052330446,nan,nan,nan
5.5200000000000005,220.00323486328125,-225.73629760742188,-5.017881870269775,219.14758707977177,-225.71234371988248,-5.017080555370581,0.855983387840271,1.015947218333988,1.015947218333988,3.5742595706914404e-05,0.739170409122786,11.673839832490941,nan,0.02021843243143198,nan
5.53,220.00323486328125,-225.7275848388672,-5.017881870269775,219.14718737300646,-225.70433582755126,-5.017132551915932,0.8563634646637664,1.016005023413836,1.016005023413836,3.645460841236627e-05,0.7372074241516049,11.679102615210754,nan,nan,nan
5.54,220.00323486328125,-225.71885681152344,-5.017881870269775,219.1467877166394,-225.69632783086786,-5.01822195114373,0.8567434771361445,1.0160629584931022,1.0160629584931022,3.5705882137256895e-05,0.7256444057386202,12.009818929897893,nan,0.7279966002037191,nan
5.55,220.00323486328125,-225.71014404296875,-5.017881870269775,219.13772710253238,-225.69943822653372,-5.018290187635652,0.8655740668164301,1.0159759999505358,1.0159759999505358,3.639509533553577e-05,0.7420179262742248,12.579136164999236,1.370376500272199,nan,nan
5.5600000000000005,220.00323486328125,-225.70143127441406,-5.017881870269775,219.13730822672935,-225.6914550144857,-5.017790834326795,0.865984107209708,1.0160335446457451,1.0160335446457451,3.564978957952605e-05,0.7383266703732444,12.559365953642457,nan,0.2166185795125436,nan
5.57,220.00323486328125,-225.6927032470703,-5.017881870269775,219.13688939794838,-225.68347157303717,-5.017851151386841,0.8663946502904615,1.0160912183168216,1.0160912183168216,3.636017415559133e-05,0.7387782179676878,12.907943525477071,nan,nan,nan
5.58,220.00323486328125,-225.68399047851562,-5.017881870269775,219.13647056578606,-225.6754878964914,-5.020573816268952,0.8668101798471678,1.0161490211082653,1.0161490211082653,3.5617269617931606e-05,0.9428685950515427,12.759081868090824,nan,4.825738401770294,nan
5.59,220.00323486328125,-225.67527770996094,-5.017881870269775,219.13605173178422,-225.6675040423205,-5.020662475316815,0.8672224312285777,1.0162069531645763,1.0162069531645763,3.632736156593112e-05,0.9529085276616345,12.752554113398833,nan,nan,nan
5.6000000000000005,220.00323486328125,-225.6665496826172,-5.017881870269775,219.13275804096995,-225.6350356283779,-5.021367658511963,0.8710540652080394,1.016120002301779,1.016120002301779,3.5565327827263934e-05,1.088331537766115,12.200678559758137,4.296129978507011,0.3021675456500595,nan
5.61,220.00323486328125,-225.6578369140625,-5.017881870269775,219.13233307329554,-225.62699723659364,-5.021463894453607,0.8714550157087563,1.0161775461833085,1.0161775461833085,3.627429600243007e-05,1.1010497430380626,11.870628227676187,nan,nan,nan
5.62,220.00323486328125,-225.6491241455078,-5.017881870269775,219.13190813830644,-225.61895894423066,-5.019564055515581,0.8718503488389597,1.0162352183224463,1.0162352183224463,3.5536730043506204e-05,0.8276054379194824,11.594721783837475,nan,2.7302056746448065,nan
5.63,220.00323486328125,-225.64039611816406,-5.017881870269775,219.1314832432891,-225.61092072297618,-5.019642537415156,0.872251561093027,1.0162930188636932,1.0162930188636932,3.6245506273801185e-05,0.834148798674562,11.914084895063313,nan,nan,nan
5.64,220.00323486328125,-225.63168334960938,-5.017881870269775,219.1310583642824,-225.60288247810163,-5.0191311131898715,0.872652792474391,1.016350947951549,1.016350947951549,3.550999496573379e-05,0.7932184714197135,11.541956582648929,nan,0.23929025927779382,nan
5.65,220.00323486328125,-225.6229705810547,-5.017881870269775,219.110962203757,-225.59332905465664,-5.019089539409748,0.892765690137362,1.0162640046482314,1.0162640046482314,3.619640807017786e-05,0.8245667677137513,12.158752887692389,3.292697133631594,nan,nan
5.66,220.00323486328125,-225.61424255371094,-5.017882347106934,219.11049349494618,-225.585287616487,-5.02090371208353,0.8932159133002117,1.0163215477216188,1.0163215477216188,3.546372494432045e-05,1.042420908078301,12.688764583563325,nan,2.083076132576099,nan
5.67,220.00323486328125,-225.60552978515625,-5.017882347106934,219.1100248945922,-225.5772463181952,-5.020995222948154,0.893663075585457,1.0163792183501992,1.0163792183501992,3.61713644837941e-05,1.053645326274168,12.372841304420964,nan,nan,nan
5.68,220.00323486328125,-225.5968017578125,-5.017882347106934,219.10955638587717,-225.56920499277527,-5.020457030955317,0.8941081765718925,1.0164370166784733,1.0164370166784733,3.544052640213637e-05,0.9735408357658547,12.61446602329427,nan,0.27384382639968746,nan
5.69,220.00323486328125,-225.5880889892578,-5.017882347106934,219.10908792826967,-225.5611636364548,-5.020544470466813,0.8945562044471808,1.0164949428509413,1.0164949428509413,3.614809710311515e-05,0.9832901012077188,12.289474100356388,nan,nan,nan
5.7,220.00323486328125,-225.57937622070312,-5.017882347106934,219.10329781249544,-225.56461129936162,-5.01906155677694,0.9000589363006882,1.0164080069898505,1.0164080069898505,3.539772951178669e-05,0.8363102543623814,12.980558977739687,1.1366042172796038,1.762334406971646,nan
5.71,220.00323486328125,-225.57064819335938,-5.017882347106934,219.1028176869416,-225.55659545754162,-5.019135858023755,0.900527702028686,1.0164655492605514,1.0164655492605514,3.610439148221782e-05,0.8413328895029287,13.324089008689961,nan,nan,nan
5.72,220.00323486328125,-225.5619354248047,-5.017882347106934,219.10233766121615,-225.54857957290724,-5.017852477081802,0.9009961977504916,1.0165232183994404,1.0165232183994404,3.537781109504963e-05,0.798623946017941,12.929477915686066,nan,1.275295567833197,nan
5.73,220.00323486328125,-225.55320739746094,-5.017882347106934,219.10185778344115,-225.54056352904024,-5.01791528062287,0.9014657556193286,1.016581014551018,1.016581014551018,3.608448041125029e-05,0.799415936284601,13.258784928548511,nan,nan,nan
5.74,220.00323486328125,-225.54449462890625,-5.017882347106934,219.10137792099022,-225.53254729070363,-5.018730806070154,0.9019364739998444,1.0166389378597842,1.0166389378597842,3.5359446535252355e-05,0.8205336171734051,12.9365755165538,nan,0.390852694780331,nan
5.75,220.00323486328125,-225.53578186035156,-5.017882347106934,219.11387555853682,-225.50766099573707,-5.018955224416859,0.8898044206610164,1.016552009326595,1.016552009326595,3.6044059789618415e-05,0.8107940364941516,11.911258440838889,4.172648973005463,nan,nan
5.76,220.00323486328125,-225.5270538330078,-5.017882347106934,219.11342412374935,-225.49960761203707,-5.018690257154253,0.8902342949754963,1.0166095507999864,1.0166095507999864,3.532134788522552e-05,0.7980476077187835,12.226303854658887,nan,0.08078225825536403,nan
5.7700000000000005,220.00323486328125,-225.51834106445312,-5.017882347106934,219.11297263985483,-225.49155434690542,-5.0187643128222215,0.8906655559527684,1.0166672184695524,1.0166672184695524,3.602724789350958e-05,0.8018702478168769,11.902008461596376,nan,nan,nan
5.78,220.00323486328125,-225.50961303710938,-5.017882347106934,219.1125210796898,-225.48350117885275,-5.019583540389063,0.8910980683852904,1.0167250124797937,1.0167250124797937,3.5305904660830536e-05,0.8629617437297361,12.288275192158618,nan,0.38420026427689336,nan
5.79,220.00323486328125,-225.5009002685547,-5.017882347106934,219.1120694292302,-225.47544802754373,-5.01966686403093,0.8915306118807965,1.0167829329752103,1.0167829329752103,3.6011901935978924e-05,0.870133471567486,11.95984219607961,nan,nan,nan
5.8,220.00323486328125,-225.49217224121094,-5.017882347106934,219.1188463733599,-225.43810761750163,-5.020647694613367,0.8860438091815916,1.0166960116584243,1.0166960116584243,3.5270653903963786e-05,0.9889870615162442,10.933884477479035,7.219538597038925,0.7570758674105554,nan
5.8100000000000005,220.00323486328125,-225.48345947265625,-5.017882347106934,219.11841040588308,-225.42999027666968,-5.020740342284863,0.8864431416993693,1.0167535523398066,1.0167535523398066,3.5975900413572506e-05,0.9998703695149382,10.633329075569515,nan,nan,nan
5.82,220.00323486328125,-225.47474670410156,-5.017882347106934,219.1179744703117,-225.42187274918825,-5.019125153755971,0.8868388596792144,1.0168112185599383,1.0168112185599383,3.525789679539608e-05,0.8172862307184637,10.435576054385047,nan,2.0311682150120944,nan
5.83,220.00323486328125,-225.4660186767578,-5.017882347106934,219.11753858939986,-225.4137551024464,-5.019202751554173,0.8872379129833738,1.0168690104633198,1.0168690104633198,3.596329666956003e-05,0.8226096445780846,10.73112833155217,nan,nan,nan
5.84,220.00323486328125,-225.45730590820312,-5.017882347106934,219.11710277189982,-225.405637345333,-5.01738295722303,0.8876372981997447,1.0169269281944509,1.0169269281944509,3.524640916963719e-05,0.7818606154683831,10.382713597383713,nan,2.508385176982814,nan
5.8500000000000005,220.00323486328125,-225.44857788085938,-5.017882347106934,219.10802038901556,-225.381956138701,-5.017440396023228,0.897690150766824,1.0168400139852993,1.0168400139852993,3.5929959804509824e-05,0.7979378252641881,10.41704663278502,2.1872581901872374,nan,nan
5.86,220.00323486328125,-225.4398651123047,-5.017882347106934,219.10756596738565,-225.3738046547407,-5.0155632205823615,0.8981047452698587,1.0168975538798999,1.0168975538798999,3.5214969377710635e-05,0.9459129097681884,10.282168927595729,nan,2.6219696485346677,nan
5.87,220.00323486328125,-225.43113708496094,-5.017882347106934,219.10711159098207,-225.3656530698625,-5.015606831447582,0.8985155832600317,1.0169552186700221,1.0169552186700221,3.591986576672677e-05,0.9380183425914793,10.562748192748016,nan,nan,nan
5.88,220.00323486328125,-225.42242431640625,-5.017882347106934,219.10665732753378,-225.35750153161408,-5.015480464862333,0.898928258889713,1.0170130085001665,1.0170130085001665,3.520584354677798e-05,0.9584145144273042,10.314634021737303,nan,0.020397220359992575,nan
5.89,220.00323486328125,-225.4136962890625,-5.017882347106934,219.10620302542938,-225.34935002761213,-5.015524409107893,0.8993398241789082,1.0170709235148332,1.0170709235148332,3.591095628461075e-05,0.9500550528990944,10.599932391425199,nan,nan,nan
5.9,220.00323486328125,-225.4049835205078,-5.017882347106934,219.09215394421366,-225.39306823087495,-5.0160033448757835,0.911160768396806,1.0169840163071822,1.0169840163071822,3.517668996861093e-05,0.9167145938086623,12.98754744540086,20.505007283622493,0.21739835413648387,nan
5.91,220.00323486328125,-225.39625549316406,-5.017882347106934,219.09167039627619,-225.38502875224518,-5.016052225709615,0.9116354351176875,1.017041555420157,1.017041555420157,3.588116379298055e-05,0.9104957814330714,13.321218986250722,nan,nan,nan
5.92,220.00323486328125,-225.38754272460938,-5.017882347106934,219.09118710802068,-225.37698940687181,-5.016871593113555,0.9121093695466328,1.0170992187992471,1.0170992187992471,3.516971577302123e-05,0.8470044610034946,12.92014479958715,nan,0.414094415534354,nan
5.93,220.00323486328125,-225.37881469726562,-5.017882347106934,219.09070392373025,-225.36894999347737,-5.016929945392793,0.9125847550160445,1.0171570065889524,1.0171570065889524,3.587444594437277e-05,0.844047058674016,13.250391031963456,nan,nan,nan
5.94,220.00323486328125,-225.37010192871094,-5.017882347106934,219.09022063634615,-225.36091024422635,-5.016472918976416,0.9130615817880112,1.0172149189337734,1.0172149189337734,3.5163756404756866e-05,0.8760630995253008,12.948062129056922,nan,0.1865591435273346,nan
5.95,220.00323486328125,-225.3613739013672,-5.017882347106934,219.08652986261342,-225.3352704717872,-5.016503324522681,0.917077613394055,1.0171280186240355,1.0171280186240355,3.584676831980474e-05,0.879917755433037,12.687715689241994,2.2367327697920616,nan,nan
5.96,220.00323486328125,-225.3526611328125,-5.017882347106934,219.0860397181833,-225.3271924724696,-5.0158011425115605,0.9175510439553238,1.0171855569604724,1.0171855569604724,3.513762587290007e-05,0.9509415163612356,12.45190624471958,nan,0.4028809983847774,nan
5.97,220.00323486328125,-225.34393310546875,-5.017882347106934,219.08554956265564,-225.31911430395954,-5.015850973037194,0.918023099041236,1.0172432189470746,1.0172432189470746,3.584203709294656e-05,0.9436063130908767,12.766914852412084,nan,nan,nan
5.98,220.00323486328125,-225.33522033691406,-5.017882347106934,219.08505940680155,-225.31103588858312,-5.01862406272693,0.9184942060594838,1.0173010047283422,1.0173010047283422,3.513353270001371e-05,0.8449422202309107,12.350959189136269,nan,5.192267852852507,nan
5.99,220.00323486328125,-225.3264923095703,-5.017882347106934,219.08456928244033,-225.30295741236898,-5.018702930211124,0.9189673629485968,1.0173589144487754,1.0173589144487754,3.5838241905070056e-05,0.8488796385948895,12.669118053015945,nan,nan,nan
6.0,220.00323486328125,-225.31777954101562,-5.017882347106934,219.09694225801434,-225.3317796556653,-5.01685962194101,0.9064013104240619,1.017272020935823,1.017272020935823,3.510919630298158e-05,0.8374049952470138,13.752494263463797,10.604815248644675,2.490172439196579,nan
6.01,220.00323486328125,-225.30905151367188,-5.017882347106934,219.09647963331864,-225.32377981647636,-5.016921067478336,0.90687534646531,1.017329558500744,1.017329558500744,3.5813342070334316e-05,0.834214612221174,14.114966264755981,nan,nan,nan
6.0200000000000005,220.00323486328125,-225.3003387451172,-5.017882347106934,219.0960167583521,-225.3157799065278,-5.017190298673428,0.9073497662467152,1.0173872191129845,1.0173872191129845,3.510678614754153e-05,0.8228552742553715,13.740714482059651,nan,0.03001605638381718,nan
6.03,220.00323486328125,-225.29161071777344,-5.017882823944092,219.0955536072745,-225.30777995337272,-5.017255717892763,0.9078254787941692,1.017445002917045,1.017445002917045,3.581125731950546e-05,0.820997494542887,14.084143085756924,nan,nan,nan
6.04,220.00323486328125,-225.28289794921875,-5.017882823944092,219.09509022949774,-225.29977995345382,-5.01629212454336,0.9083029275860326,1.0175029100574253,1.0175029100574253,3.510516863405913e-05,0.8828983745483091,13.801235233056214,nan,0.7445239317778382,nan
6.05,220.00323486328125,-225.274169921875,-5.017882823944092,219.05719152813862,-225.3098581138357,-5.016414135923265,0.9467173791885956,1.01741602324251,1.01741602324251,3.578799683850609e-05,0.9412022011748847,16.555843750016425,12.117498795537545,nan,nan
6.0600000000000005,220.00323486328125,-225.2654571533203,-5.017882823944092,219.05664832489634,-225.30189638373517,-5.0167069956994075,0.9472883799228236,1.0174735600408729,1.0174735600408729,3.508317272858497e-05,0.9213516147973381,16.140247744615362,nan,0.03836116913125817,nan
6.07,220.00323486328125,-225.25672912597656,-5.017882823944092,219.05610511051333,-225.29393450555776,-5.016769424146264,0.9478608803548726,1.0175312192964736,1.0175312192964736,3.578744605472858e-05,0.9175991460295598,16.512876758832867,nan,nan,nan
6.08,220.00323486328125,-225.24801635742188,-5.017882823944092,219.0555619178046,-225.28597254111455,-5.016832783480343,0.9484333324245224,1.0175890011538127,1.0175890011538127,3.6506039097103294e-05,0.9141792315277281,16.11829469351591,nan,nan,nan
6.09,220.00323486328125,-225.23928833007812,-5.017882823944092,219.05501887684048,-225.27801042809625,-5.016897144750381,0.9490068120831613,1.0176469057573903,1.0176469057573903,3.72390963559091e-05,0.9110854029775071,16.48809944423426,nan,nan,nan
6.1000000000000005,220.00323486328125,-225.23057556152344,-5.017882823944092,219.0384337081694,-225.2391158128155,-5.018347863364404,0.9648390648491283,1.0175600255440618,1.0175600255440618,3.64256171410557e-05,0.9207865016571115,15.326845762232942,8.379847071648399,1.2402686961555176,nan
6.11,220.00323486328125,-225.2218475341797,-5.017882823944092,219.03785650301245,-225.23108824603503,-5.018428160897584,0.9654227398519598,1.0176175615807628,1.0176175615807628,3.7156390739965396e-05,0.9239085626619801,15.678375514370643,nan,nan,nan
6.12,220.00323486328125,-225.213134765625,-5.017882823944092,219.03727915945834,-225.22306069358444,-5.019364819692057,0.9660078374968155,1.0176752194970549,1.0176752194970549,3.6370085068355245e-05,0.9773493051517533,15.368065762984644,nan,0.47773991494558615,nan
6.13,220.00323486328125,-225.20440673828125,-5.017882823944092,219.03670189561808,-225.21503306690138,-5.019455598855969,0.966592659842108,1.017732999437438,1.017732999437438,3.709958651093222e-05,0.9846948159574315,15.714399147910612,nan,nan,nan
6.140000000000001,220.00323486328125,-225.1956787109375,-5.017882823944092,219.03612467428513,-225.20700540208344,-5.020977233829022,0.967181465375012,1.0177909015464126,1.0177909015464126,3.631659240604793e-05,1.1827430136499009,15.906831824478957,nan,1.338580459360887,nan
6.15,220.00323486328125,-225.1869659423828,-5.017882823944092,219.01421985507187,-225.13784151596036,-5.02111075209337,0.9902395241833505,1.0177040278404454,1.0177040278404454,3.702143982081923e-05,1.2449515268203086,13.965193416154712,28.963708840265383,nan,nan
6.16,220.00323486328125,-225.17823791503906,-5.017882823944092,219.0135975145648,-225.12968520109249,-5.022359673146956,0.9908377718803927,1.0177615631203214,1.0177615631203214,3.624263893599239e-05,1.517606513191288,14.510943668233727,nan,0.8548508699414298,nan
6.17,220.00323486328125,-225.16952514648438,-5.017882823944092,219.01297504385707,-225.12152893292023,-5.022480760795773,0.991432946550497,1.017819219714257,1.017819219714257,3.696890903173922e-05,1.5375694881539426,14.225773778066497,nan,nan,nan
6.18,220.00323486328125,-225.16079711914062,-5.017882823944092,219.01235227774387,-225.11337271691988,-5.023533091465883,0.992032911636656,1.0178769977667526,1.0178769977667526,3.619321738401885e-05,1.8488994456552605,14.798500887774239,nan,0.5707833932851653,nan
6.19,220.00323486328125,-225.15208435058594,-5.017882823944092,219.0117292634343,-225.10521636769408,-5.0236650861713885,0.9926295365868859,1.017934897422308,1.017934897422308,3.6918442003257354e-05,1.873553329963839,14.499425256597764,nan,nan,nan
6.2,220.00323486328125,-225.1433563232422,-5.017882823944092,218.9625676727913,-225.1123098152043,-5.022872535930228,1.0411421537183616,1.0178480301316284,1.0178480301316284,3.612346556377017e-05,1.7541707527142043,17.56617929307324,17.866942237479808,0.5734284020692232,nan
6.21,220.00323486328125,-225.1346435546875,-5.017882823944092,218.96184287148012,-225.1041853590469,-5.02299724244294,1.0418498642058729,1.0179055646594588,1.0179055646594588,3.684680667839283e-05,1.7762243430790527,17.25348474935096,nan,nan,nan
6.22,220.00323486328125,-225.12591552734375,-5.017882823944092,218.96111815023647,-225.09606085314198,-5.020976432436901,1.0425488552544917,1.0179632199476245,1.0179632199476245,3.607799161012307e-05,1.3329890056714273,17.08386410915017,nan,3.0582223667035637,nan
6.23,220.00323486328125,-225.1171875,-5.017882823944092,218.96039351460058,-225.0879363744585,-5.021081809141939,1.0432564116121472,1.0180209961406261,1.0180209961406261,3.680043199004107e-05,1.347188473697758,17.071345635732275,nan,nan,nan
6.24,220.00323486328125,-225.1084747314453,-5.017882823944092,218.9596688415972,-225.0798120022826,-5.0212683052792055,1.0439650641378837,1.0180788933829636,1.0180788933829636,3.603442172063657e-05,1.388568597434885,16.799751568638413,nan,0.004270226626980718,nan
6.25,220.00323486328125,-225.09974670410156,-5.017882823944092,218.9752227452266,-225.0648707781878,-5.021377545103671,1.0286094779611583,1.0179920324175795,1.0179920324175795,3.673299468702596e-05,1.3718081116899465,16.16894901523543,2.149863409001832,nan,nan
6.26,220.00323486328125,-225.09103393554688,-5.017882823944092,218.9745321544958,-225.05673241124748,-5.019919164499956,1.0292764469833475,1.0180495661980875,1.0180495661980875,3.597063888101742e-05,1.1559027183046469,15.631386664655798,nan,1.641000191981586,nan
6.2700000000000005,220.00323486328125,-225.08230590820312,-5.017882823944092,218.97384156721984,-225.048594014673,-5.020013827628375,1.0299473728876982,1.0181072201967156,1.0181072201967156,3.669056557339086e-05,1.1656903632089284,15.922374680026104,nan,nan,nan
6.28,220.00323486328125,-225.07359313964844,-5.017882823944092,218.97315093467768,-225.04045558662884,-5.020545338717728,1.0306202435293124,1.018164994557964,1.018164994557964,3.5930820846158064e-05,1.240516274587269,15.684668698875328,nan,0.12715633464143514,nan
6.29,220.00323486328125,-225.0648651123047,-5.017882823944092,218.97246031857742,-225.03231712186712,-5.020646334860858,1.0312919909916405,1.018222889426333,1.018222889426333,3.665003530184404e-05,1.2528974686809358,15.977589290766522,nan,nan,nan
6.3,220.00323486328125,-225.05613708496094,-5.017882823944092,219.02616231982284,-225.04156698460608,-5.0197126684634465,0.9771828853063241,1.018136034698268,1.018136034698268,3.587086231527067e-05,1.0312177657100667,14.23484880750778,24.80899008210973,0.43172794259115715,nan
6.3100000000000005,220.00323486328125,-225.04742431640625,-5.017882823944092,219.02558485885368,-225.0334646138008,-5.019803189607114,0.9777515493510339,1.0181935677361234,1.0181935677361234,3.6588525414160865e-05,1.0397035201767106,13.912298832313695,nan,nan,nan
6.32,220.00323486328125,-225.0386962890625,-5.017882823944092,219.02500739244581,-225.0253621020378,-5.02164596852917,0.9783255830744025,1.0182512204611027,1.0182512204611027,3.583464450639158e-05,1.3351349371299563,14.508274946110303,nan,2.063945010975899,nan
6.33,220.00323486328125,-225.0299835205078,-5.017882823944092,219.02443001883387,-225.01725944103532,-5.021755851627332,0.9788952068814722,1.0183089930177065,1.0183089930177065,3.655171532808119e-05,1.351379059253917,14.186221089939004,nan,nan,nan
6.34,220.00323486328125,-225.02125549316406,-5.017882823944092,219.02385269615922,-225.00915671117892,-5.022258632694057,0.9794666699303125,1.0183668855504349,1.0183668855504349,3.580015752234578e-05,1.476883250570768,14.603772465800517,nan,0.10357731948437139,nan
6.3500000000000005,220.00323486328125,-225.0125274658203,-5.017882823944092,219.05837628297058,-224.99848892879388,-5.022390846985518,0.9449736184572936,1.0182800369736642,1.0182800369736642,3.6493978715228684e-05,1.4337910358358785,13.307224819797113,8.562645999520965,nan,nan
6.36,220.00323486328125,-225.00381469726562,-5.017882823944092,219.05787165929848,-224.99038053833056,-5.02168576525901,0.9454663010565193,1.0183375692734842,1.0183375692734842,3.5745572270538294e-05,1.282387151738072,12.805579556539353,nan,0.45713508313230233,nan
6.37,220.00323486328125,-224.99508666992188,-5.017882823944092,219.05736710882195,-224.98227207061063,-5.021795741760142,0.9459626492664611,1.0183952207403717,1.0183952207403717,3.646072048968798e-05,1.2985960814781565,13.136447539239445,nan,nan,nan
6.38,220.00323486328125,-224.9863739013672,-5.017882823944092,219.05686262695832,-224.97416376674573,-5.02042937835058,0.946454426800193,1.018452991518827,1.018452991518827,3.5714457180684034e-05,1.0611167945360425,12.565368776525384,nan,1.4791577214984615,nan
6.390000000000001,220.00323486328125,-224.97764587402344,-5.017882823944092,219.05635823069287,-224.96605553089728,-5.020526702465529,0.9469512571876851,1.0185108817533501,1.0185108817533501,3.642916653338144e-05,1.072294270769422,12.86708824579002,nan,nan,nan
6.4,220.00323486328125,-224.9689178466797,-5.017882823944092,219.01343531096447,-224.95347950819726,-5.0221943839173475,0.9899293336450856,1.0184240392437391,1.0184240392437391,3.566327339511891e-05,1.4834655451133536,14.795702077235667,13.696234385642189,1.3435197413682007,nan
6.41,220.00323486328125,-224.960205078125,-5.017882823944092,219.01284355353494,-224.945362310442,-5.022310716410717,0.9905124231453173,1.018481570810091,1.018481570810091,3.6376701637280216e-05,1.5022698225882571,14.471615542230335,nan,nan,nan
6.42,220.00323486328125,-224.95147705078125,-5.017882823944092,219.0122516547578,-224.93724500266242,-5.022777337873803,0.9910974861413562,1.0185392210341218,1.0185392210341218,3.563536370441126e-05,1.636632611430528,14.890993028522567,nan,0.08312540370303957,nan
6.43,220.00323486328125,-224.94276428222656,-5.017882823944092,219.011659782146,-224.9291276152852,-5.022898830352175,0.9916815318104444,1.0185969900603313,1.0185969900603313,3.634845063036619e-05,1.6576504630317033,14.56635976526754,nan,nan,nan
6.44,220.00323486328125,-224.9340362548828,-5.017882823944092,219.01106807337578,-224.92101004852387,-5.022768833652702,0.9922643267468099,1.0186548780332203,1.0186548780332203,3.560899062962387e-05,1.636957174008249,14.838326687765399,nan,0.043500270273677775,nan
6.45,220.00323486328125,-224.92530822753906,-5.017882823944092,219.04171070226954,-224.9034660681866,-5.022858361241756,0.9617850841564612,1.0185680415084652,1.0185680415084652,3.6299303692959e-05,1.5901391139983674,13.324827069545659,7.393237113473527,nan,nan
6.46,220.00323486328125,-224.91659545898438,-5.017882823944092,219.04118308899115,-224.89532906600843,-5.022169445442964,0.9622963426142787,1.0186255723458668,1.0186255723458668,3.556253669824314e-05,1.4257629457932817,12.826981929789918,nan,0.4487075957446774,nan
6.47,220.00323486328125,-224.90786743164062,-5.017882823944092,219.0406553378379,-224.88719201908094,-5.022283806875019,0.9628116036577498,1.0186832213419637,1.0186832213419637,3.627417796541436e-05,1.4439368306827187,13.14580323581192,nan,nan,nan
6.48,220.00323486328125,-224.89915466308594,-5.017882823944092,219.04012739485958,-224.87905511277393,-5.022551838868352,0.9633284940002051,1.018740988641256,1.018740988641256,3.553912592235161e-05,1.5243086735175033,12.909383234562391,nan,0.015925993275298506,nan
6.49,220.00323486328125,-224.8904266357422,-5.017882823944092,219.03959948369848,-224.8709182320396,-5.022669820223085,0.9638447167111646,1.018798874388244,1.018798874388244,3.6250547920524734e-05,1.543969874494283,13.203569192268994,nan,nan,nan
6.5,220.00323486328125,-224.88169860839844,-5.017882823944092,219.0478779693347,-224.83419784297882,-5.020975453134396,0.9565420439698117,1.0187120437678152,1.0187120437678152,3.5495633577217815e-05,1.1676083701206892,11.491074743274241,6.1834858035336175,2.224316305610061,nan
6.51,220.00323486328125,-224.87298583984375,-5.017882823944092,219.04736812107652,-224.82600228547543,-5.0210773505474355,0.9570260645533074,1.0187695738807372,1.0187695738807372,3.6205989798945364e-05,1.1808740087773157,11.214926228993392,nan,nan,nan
6.5200000000000005,220.00323486328125,-224.8642578125,-5.017882823944092,219.04685818493635,-224.81780652553118,-5.020947077614946,0.9575089882573606,1.0188272216635208,1.0188272216635208,3.547501416947952e-05,1.16455547367121,11.475037466852829,nan,0.0374207832495306,nan
6.53,220.00323486328125,-224.85552978515625,-5.017882823944092,219.0463481474452,-224.80961063937076,-5.021049137160761,0.9579931004096818,1.0188849872606667,1.0188849872606667,3.618522892071869e-05,1.1777921257166677,11.480931921160565,nan,nan,nan
6.54,220.00323486328125,-224.84681701660156,-5.017882823944092,219.04583817752734,-224.80141456465606,-5.021854390119693,0.9584808656791824,1.0189428708166746,1.0189428708166746,3.545572957873494e-05,1.3464652325611135,11.355126283897802,nan,0.33899302611558896,nan
6.55,220.00323486328125,-224.8380889892578,-5.017882823944092,219.02631396758568,-224.7484212320071,-5.021970862252696,0.9810359092277006,1.0188560460217626,1.0188560460217626,3.614352880865372e-05,1.4069836026104428,10.921692779636372,16.354055992611432,nan,nan
6.5600000000000005,220.00323486328125,-224.82937622070312,-5.017882823944092,219.02576542076844,-224.74013375627433,-5.020237657303285,0.9815377087732207,1.01891357541463,1.01891357541463,3.5416313893186374e-05,1.1021004704057924,10.37083169477064,nan,2.3480585403046454,nan
6.57,220.00323486328125,-224.82064819335938,-5.017882823944092,219.02521681747277,-224.73184638948516,-5.020332856451596,0.9820443273893733,1.0189712219984284,1.0189712219984284,3.6125459546095984e-05,1.1126112151429939,10.6095394452223,nan,nan,nan
6.58,220.00323486328125,-224.81192016601562,-5.017882823944092,219.0246681619283,-224.72355905848872,-5.018764570995385,0.9825483457815347,1.0190289859176582,1.0190289859176582,3.539957666618208e-05,0.9693358423378501,10.451959038877975,nan,1.9115085695467176,nan
6.59,220.00323486328125,-224.80320739746094,-5.017882823944092,219.02411958718614,-224.7152717050596,-5.018845183074932,0.983056629099267,1.01908686731682,1.01908686731682,3.6108675543638756e-05,0.9739478940527051,10.219118952281656,nan,nan,nan
6.6000000000000005,220.00323486328125,-224.7944793701172,-5.017882823944092,219.0365284632257,-224.71355679767635,-5.017732704903492,0.9700874956283809,1.0190000482702821,1.0190000482702821,3.536268760098846e-05,0.924160023954268,10.252331793059401,1.6555128166229813,1.1007200530824284,nan
6.61,220.00323486328125,-224.78575134277344,-5.017882823944092,219.0360064443673,-224.70528291347543,-5.017804071883407,0.9705699298197685,1.0190575769474746,1.0190575769474746,3.607088845001038e-05,0.9245612971672884,10.254840095749728,nan,nan,nan
6.62,220.00323486328125,-224.77703857421875,-5.017882823944092,219.03548443956282,-224.69700899379046,-5.016854193168453,0.9710544137338533,1.0191152223463311,1.0191152223463311,3.534833034668336e-05,0.9551920747686984,10.05072356475288,nan,0.7232206559663984,nan
6.63,220.00323486328125,-224.768310546875,-5.017882823944092,219.0349623374775,-224.68873495697775,-5.016917472927019,0.9715373850945916,1.0191729846113522,1.0191729846113522,3.605654521577823e-05,0.951972920891977,10.285298748169,nan,nan,nan
6.640000000000001,220.00323486328125,-224.75958251953125,-5.017882823944092,219.03444018449616,-224.68046090322787,-5.015323498644201,0.9720236159449787,1.019230863887038,1.019230863887038,3.533510880604305e-05,1.1123685933659597,10.448866235061951,nan,1.9041337000079233,nan
6.65,220.00323486328125,-224.75086975097656,-5.017882823944092,219.08280518027883,-224.67603516853052,-5.015373721347203,0.9234702548959872,1.0191440505133487,1.0191440505133487,3.602117115808228e-05,1.011546693511379,8.808375023471333,16.606240005788074,nan,nan
6.66,220.00323486328125,-224.7421417236328,-5.017882823944092,219.08238226421582,-224.6677691273613,-5.015300761258981,0.9238546743559969,1.0192015784792032,1.0192015784792032,3.530166226075536e-05,1.0262803012501474,9.088266142723354,nan,0.01049966162517864,nan
6.67,220.00323486328125,-224.73341369628906,-5.017882823944092,219.0819593991858,-224.6595031080863,-5.015350744460342,0.9242389665120656,1.019259222706886,1.019259222706886,3.600909833781389e-05,1.0161208481697421,9.092174582579364,nan,nan,nan
6.68,220.00323486328125,-224.72470092773438,-5.017882823944092,219.08153669332677,-224.6512369750424,-5.015455493102385,0.9246244430997839,1.019316983340897,1.019316983340897,3.529058619695886e-05,1.0056777369654488,8.851579538217035,nan,0.001997929831694559,nan
6.69,220.00323486328125,-224.71597290039062,-5.017882823944092,219.08111411833153,-224.64297080593133,-5.0155081565023565,0.9250089800145374,1.0193748605257367,1.0193748605257367,3.599810768561418e-05,0.9960216204558452,9.092780893883095,nan,nan,nan
6.7,220.00323486328125,-224.70726013183594,-5.017882823944092,219.10035490966834,-224.61779201360693,-5.01587200767792,0.9073041376504057,1.0192880527509385,1.0192880527509385,3.525925251373121e-05,0.9222951237220236,7.822257989630796,4.649299714664138,0.07102201778550861,nan
6.71,220.00323486328125,-224.6985321044922,-5.017882823944092,219.09997160367055,-224.60949157374506,-5.015929485538712,0.9076434034405783,1.0193455800097502,1.0193455800097502,3.596600340115118e-05,0.9142652125410445,8.047977820842458,nan,nan,nan
6.72,220.00323486328125,-224.68980407714844,-5.017882823944092,219.09958822922823,-224.60119105406727,-5.014821939880581,0.9079861651513106,1.0194032230797592,1.0194032230797592,3.5250163909640536e-05,1.074523712320584,8.205589364495129,nan,0.945901948874526,nan
6.73,220.00323486328125,-224.68109130859375,-5.017882823944092,219.0992048444663,-224.59289050276533,-5.014869553025768,0.9083274392359669,1.019460982105466,1.019460982105466,3.5957046700062384e-05,1.061817889479492,7.9861465425353995,nan,nan,nan
6.74,220.00323486328125,-224.67236328125,-5.017882823944092,219.0988214832262,-224.5845899651041,-5.013030221325441,0.9086755553012401,1.0195188572313707,1.0195188572313707,3.524202219367514e-05,1.4780327315730335,8.641077237859125,nan,2.4817681555156597,nan
6.75,220.00323486328125,-224.66363525390625,-5.017882823944092,219.09777076348516,-224.54881663226433,-5.01297401575497,0.9127281349301849,1.0194320549830278,1.0194320549830278,3.592693958826149e-05,1.4878748253438272,7.937596088377693,5.5587809787328775,nan,nan
6.76,220.00323486328125,-224.65492248535156,-5.017882823944092,219.0973861589963,-224.540460773042,-5.0096045453927,0.9130892007549589,1.019489581539051,1.019489581539051,3.521353683307089e-05,2.7638498368551807,9.033398402722746,nan,8.060092994469777,nan
6.7700000000000005,220.00323486328125,-224.6461944580078,-5.017882823944092,219.09700159901345,-224.53210482279553,-5.009601839511836,0.9134241888802299,1.0195472234646275,1.0195472234646275,3.591985868953378e-05,2.727382880959399,9.231512616499923,nan,nan,nan
6.78,220.00323486328125,-224.63746643066406,-5.017882823944092,219.09661711139682,-224.5237489427355,-5.008928667486473,0.9137656110899673,1.0196049809042576,1.0196049809042576,3.520716499703611e-05,3.096123990275841,9.632883950330044,nan,0.3144653799227921,nan
6.79,220.00323486328125,-224.62875366210938,-5.017882823944092,219.0962326563723,-224.51539305966335,-5.008921103440424,0.9141028071059634,1.0196628540024415,1.0196628540024415,3.5913670748358385e-05,3.0556556364131255,9.435893954095079,nan,nan,nan
6.8,220.00323486328125,-224.62002563476562,-5.017882823944092,219.08087972305913,-224.50194432579485,-5.008479810111603,0.9299304365873599,1.019576057209595,1.019576057209595,3.5180411334500754e-05,3.361315932405889,10.232934460607387,2.102401051731926,0.08154642541956741,nan
6.8100000000000005,220.00323486328125,-224.61129760742188,-5.017882823944092,219.0804652727009,-224.49357848875164,-5.008468661285501,0.9302957243043075,1.0196335830670444,1.0196335830670444,3.588624050940973e-05,3.318348646044035,10.237912410911886,nan,nan,nan
6.82,220.00323486328125,-224.6025848388672,-5.017882823944092,219.080050726458,-224.4852126048424,-5.0095882738757735,0.9306524546590286,1.019691223861177,1.019691223861177,3.51756647143909e-05,2.8052061879156764,9.57616354201453,nan,0.8920786174938828,nan
6.83,220.00323486328125,-224.59385681152344,-5.017882823944092,219.07963620309098,-224.47684674647283,-5.009590411469358,0.931018047372365,1.0197489797364936,1.0197489797364936,3.588171251921206e-05,2.7663512757529896,9.77396420004475,nan,nan,nan
6.84,220.00323486328125,-224.5851287841797,-5.017882823944092,219.07922184406655,-224.46848099509282,-5.010751590257718,0.9313740499235555,1.0198068508374938,1.0198068508374938,3.517169167032269e-05,2.296452601325173,9.340072469725191,nan,0.9374901210848661,nan
6.8500000000000005,220.00323486328125,-224.576416015625,-5.017882823944092,219.08158315080044,-224.4783480163148,-5.010766293481043,0.9268817921468427,1.0197200594306177,1.0197200594306177,3.585590212396032e-05,2.2549055192631324,9.570685971013747,2.349454093418759,nan,nan
6.86,220.00323486328125,-224.56768798828125,-5.017882823944092,219.08117454978745,-224.47001825926506,-5.009702006323101,0.9272548319978341,1.0197775845936694,1.0197775845936694,3.514724610716824e-05,2.74721510824631,10.312321518863255,nan,0.8178736761031944,nan
6.87,220.00323486328125,-224.5589599609375,-5.017882823944092,219.08076613426752,-224.46168859938967,-5.0097088049081115,0.9276190426962861,1.0198352242691027,1.0198352242691027,3.5852891375030016e-05,2.7072517561389238,10.303652290300288,nan,nan,nan
6.88,220.00323486328125,-224.5502471923828,-5.017882823944092,219.0803578386849,-224.4533588577297,-5.008307786576641,0.9279984015397031,1.0198929786014177,1.0198929786014177,3.514470243624535e-05,3.452975489825499,10.877607368281833,nan,1.389739967840934,nan
6.890000000000001,220.00323486328125,-224.54151916503906,-5.017882823944092,219.07994955120813,-224.44502901002625,-5.0083026524349465,0.9283630201545617,1.0199508477351145,1.0199508477351145,3.585060255678918e-05,3.4049692501251965,11.089444573997737,nan,nan,nan
6.9,220.00323486328125,-224.5327911376953,-5.017882823944092,219.06398139139682,-224.4166161604495,-5.0085365430660636,0.9464571108884254,1.0198640616460748,1.0198640616460748,3.5121647182540047e-05,3.365402731888462,11.093614812546923,4.617285871093414,0.02209016849034549,nan
6.91,220.00323486328125,-224.52407836914062,-5.017882823944092,219.0635421193729,-224.4082465652563,-5.0085367866668715,0.946850995752708,1.0199215861188677,1.0199215861188677,3.582693772236016e-05,3.3169950598202744,10.91315086506272,nan,nan,nan
6.92,220.00323486328125,-224.51535034179688,-5.017882823944092,219.06310286878755,-224.3998770645166,-5.009650262960388,0.9472328224343234,1.019979224688108,1.019979224688108,3.512040397279307e-05,2.809399945531845,10.650868023490883,nan,0.8670839166856379,nan
6.93,220.00323486328125,-224.50662231445312,-5.017882823944092,219.062663658469,-224.3915076105881,-5.0096639198442805,0.9476249979567297,1.020036977498296,1.020036977498296,3.5825974671561e-05,2.7658015073312705,10.652463960526747,nan,nan,nan
6.94,220.00323486328125,-224.49790954589844,-5.017882823944092,219.06222438574366,-224.3831380670528,-5.011144816754472,0.9480077066842967,1.0200948446939317,1.0200948446939317,3.5119779772427334e-05,2.1737101592596764,9.901452280543706,nan,1.507504033198066,nan
6.95,220.00323486328125,-224.4891815185547,-5.017882823944092,219.07354489416971,-224.354454480828,-5.011135656189067,0.9394255359707504,1.0200080638559461,1.0200080638559461,3.580359632063225e-05,2.136664545679186,9.315322260868825,3.8763171356126254,nan,nan
6.96,220.00323486328125,-224.48045349121094,-5.017882823944092,219.0731286289163,-224.34604497361713,-5.0121770642985695,0.9397849820567774,1.020065587642583,1.020065587642583,3.509855457851537e-05,1.7933414799603336,9.00594022057343,nan,0.7175362193278376,nan
6.97,220.00323486328125,-224.47174072265625,-5.017882823944092,219.0727123792211,-224.3376354134567,-5.012218551696778,0.9401533977373561,1.0201232251179064,1.0201232251179064,3.580383350859966e-05,1.7625257448796916,8.822465993523837,nan,nan,nan
6.98,220.00323486328125,-224.4630126953125,-5.017882823944092,219.0722963085867,-224.3292257116216,-5.011951269109763,0.9405215217977011,1.0201809764264165,1.0201809764264165,3.509905937631686e-05,1.8694489809588344,9.119806675623579,nan,0.06734715371219184,nan
6.99,220.00323486328125,-224.45428466796875,-5.017882823944092,219.07188022344408,-224.32081595913,-5.011991702918563,0.940887913989888,1.0202388417126134,1.0202388417126134,3.5804642191770225e-05,1.836970924538918,9.127878097226395,nan,nan,nan
7.0,220.00323486328125,-224.44557189941406,-5.017882823944092,219.0439273613494,-224.31176723820488,-5.012127652350417,0.9686112185103454,1.0201520660602117,1.0201520660602117,3.650163564137143e-05,1.8270532803556092,9.834003917611208,5.63175504133939,nan,nan
7.01,220.00323486328125,-224.4368438720703,-5.017882823944092,219.04345717671993,-224.30335627077187,-5.012171640672966,0.9690329018850573,1.02020958916476,1.02020958916476,3.723510083389291e-05,1.7963824456192374,9.990073974946345,nan,nan,nan
7.0200000000000005,220.00323486328125,-224.42811584472656,-5.017882823944092,219.0429871101248,-224.29494506990358,-5.01223314258223,0.9694545485005636,1.0202672255582181,1.0202672255582181,3.644505693676716e-05,1.7969499683382166,10.010230127378914,nan,0.0001775787507354434,nan
7.03,220.00323486328125,-224.41940307617188,-5.017882823944092,219.04251709657095,-224.28653372909486,-5.0122792518669455,0.9698784927430495,1.0203249753850863,1.0203249753850863,3.7177125287452186e-05,1.7665013073434563,9.82600497767658,nan,nan,nan
7.04,220.00323486328125,-224.41067504882812,-5.017882823944092,219.04204696726603,-224.27812238285162,-5.011682835187745,0.970304498888993,1.020382838789865,1.020382838789865,3.63903782504554e-05,1.978965577987065,10.244060748313084,nan,0.27010208791027357,nan
7.05,220.00323486328125,-224.40194702148438,-5.017882823944092,219.08594319231568,-224.27233671223388,-5.01183041273631,0.9264229452945566,1.0202960682588527,1.0202960682588527,3.709751328976681e-05,1.8285938315478933,9.072584300348048,14.118545160866901,nan,nan
7.0600000000000005,220.00323486328125,-224.39321899414062,-5.017882823944092,219.08555991323817,-224.26393032095064,-5.0107905045511085,0.9267648978819639,1.0203535906853451,1.0203535906853451,3.631496914889756e-05,2.22684216638432,9.497366858815464,nan,0.7711764861368718,nan
7.07,220.00323486328125,-224.38450622558594,-5.017882823944092,219.08517664340695,-224.2555238392007,-5.010825953127794,0.927101477995863,1.0204112260087719,1.0204112260087719,3.704355938982437e-05,2.1866232259803615,9.310300664838385,nan,nan,nan
7.08,220.00323486328125,-224.3757781982422,-5.017882823944092,219.08479354447485,-224.24711735651502,-5.0124633571679285,0.9274251662020624,1.020468974373633,1.020468974373633,3.626413295770524e-05,1.6527443192754263,8.978208065820748,nan,1.6834357144466583,nan
7.09,220.00323486328125,-224.36705017089844,-5.017882823944092,219.08441052716864,-224.23871081394964,-5.012516866760249,0.927759637336796,1.0205268359244288,1.0205268359244288,3.699156037445869e-05,1.621777036787186,8.989624576436352,nan,nan,nan
7.1000000000000005,220.00323486328125,-224.35833740234375,-5.017882823944092,219.08142882862373,-224.20833784735586,-5.012644077801918,0.9339452213533348,1.0204400704518513,1.0204400704518513,3.770918127295924e-05,1.582547528560693,8.507315546038734,3.59612887270953,nan,nan
7.11,220.00323486328125,-224.349609375,-5.017882823944092,219.08104067721098,-224.19988806232874,-5.012701204202778,0.9342833817814374,1.0204975922042876,1.0204975922042876,3.846484935293396e-05,1.5533451294736782,8.641565226008069,nan,nan,nan
7.12,220.00323486328125,-224.34088134765625,-5.017882823944092,219.08065246734222,-224.1914382160667,-5.012300944812384,0.934624354620901,1.0205552264693047,1.0205552264693047,3.759631346399063e-05,1.6846331777634151,8.79321274638598,nan,0.12817562477061042,nan
7.13,220.00323486328125,-224.33216857910156,-5.017882823944092,219.080264226977,-224.1829884006499,-5.012355496029263,0.9349652787545831,1.0206129733914033,1.0206129733914033,3.834906770409707e-05,1.6531398640137036,8.631718773533022,nan,nan,nan
7.140000000000001,220.00323486328125,-224.3234405517578,-5.017882823944092,219.0798759737345,-224.17453864060641,-5.012891770163461,0.935301196763593,1.020670833115083,1.020670833115083,3.7487283316002225e-05,1.5215560165016246,8.668719277415953,nan,0.14185291375783174,nan
7.15,220.00323486328125,-224.31471252441406,-5.017882823944092,219.05008425924646,-224.14550264601738,-5.013165240527455,0.9680652418676118,1.0205840726391895,1.0205840726391895,3.82124137100262e-05,1.5006450896230326,9.253405289139906,10.712131647151912,nan,nan
7.16,220.00323486328125,-224.30599975585938,-5.017882823944092,219.04963894742028,-224.1370126972597,-5.014425401963913,0.9684594728163096,1.0206415937215363,1.0206415937215363,3.735829541506768e-05,1.2389097798177409,8.86193510503779,nan,0.8808698700661933,nan
7.17,220.00323486328125,-224.29727172851562,-5.017882823944092,219.04919386955495,-224.1285228153116,-5.014504367212924,0.9688559373754575,1.02069922693956,1.02069922693956,3.810473995966056e-05,1.2191766828632242,8.958578073671355,nan,nan,nan
7.18,220.00323486328125,-224.28854370117188,-5.017882823944092,219.04874892763308,-224.12003300231254,-5.012787387462997,0.9692601407533212,1.020756972437761,1.020756972437761,3.725695797617615e-05,1.6172116851100786,9.356865283517433,nan,2.0065512863802217,nan
7.19,220.00323486328125,-224.27981567382812,-5.017882823944092,219.0483040768099,-224.1115431430748,-5.0128503500496535,0.9696565254513664,1.020814830360639,1.020814830360639,3.8000953690921017e-05,1.5874887420387065,9.337492795207535,nan,nan,nan
7.2,220.00323486328125,-224.27110290527344,-5.017882823944092,219.08236989229803,-224.06209438498345,-5.0112172546766445,0.9443099523733663,1.0207280748208503,1.0207280748208503,3.713592124389137e-05,2.0699801470132715,8.267530907883561,19.856648253442064,1.7384796827151017,nan
7.21,220.00323486328125,-224.2623748779297,-5.017882823944092,219.08199202332983,-224.0535249429048,-5.011265015205567,0.9446430335921359,1.0207855952370428,1.0207855952370428,3.787667204202673e-05,2.030400152061784,8.33312187730169,nan,nan,nan
7.22,220.00323486328125,-224.25364685058594,-5.017882823944092,219.0816139938309,-224.0449555132673,-5.011651290623184,0.9449740384189359,1.0208432274192887,1.0208432274192887,3.7042034215945956e-05,1.9230281769162345,8.236381588088593,nan,0.07174571096789904,nan
7.23,220.00323486328125,-224.24493408203125,-5.017882823944092,219.08123593268735,-224.03638614842868,-5.011703963577689,0.9453107673890254,1.020900971512088,1.020900971512088,3.778062589640115e-05,1.8858063471563782,8.131728980332957,nan,nan,nan
7.24,220.00323486328125,-224.2362060546875,-5.017882823944092,219.08085804241952,-224.02781674401524,-5.011655439086911,0.945644692676699,1.0209588276599408,1.0209588276599408,3.695171775675996e-05,1.9253346664139457,8.273575515229993,nan,0.006592223904784264,nan
7.25,220.00323486328125,-224.22747802734375,-5.017882823944092,219.03131304119518,-224.00697897383583,-5.01158207067267,0.9966401358247572,1.0208720769968171,1.0208720769968171,3.7664292202586445e-05,2.0269797422699156,9.566205565519526,18.41419076731336,nan,nan
7.26,220.00323486328125,-224.21876525878906,-5.017882823944092,219.0308400273825,-223.99838570498727,-5.011212479300501,0.9970774082858755,1.02092959675076,1.02092959675076,3.6841965920086715e-05,2.181424120613131,9.668770731437071,nan,0.11289792083552634,nan
7.2700000000000005,220.00323486328125,-224.2100372314453,-5.017882823944092,219.0303668473606,-223.9897925908993,-5.011261163117286,0.9975087591007593,1.0209872279082486,1.0209872279082486,3.757570176999838e-05,2.141408775434577,9.746949905325263,nan,nan,nan
7.28,220.00323486328125,-224.20130920410156,-5.017882823944092,219.02989355004794,-223.98119960083915,-5.013671187103437,0.9979274960536718,1.0210449706137839,1.0210449706137839,3.6758717114502846e-05,1.4578651250974848,9.075334395839091,nan,3.5592611284458315,nan
7.29,220.00323486328125,-224.19259643554688,-5.017882823944092,219.02942030383912,-223.972606694462,-5.0137449523000965,0.9983623612425534,1.0211028250118659,1.0211028250118659,3.749067742015816e-05,1.4328112870089273,8.974636452786909,nan,nan,nan
7.3,220.00323486328125,-224.18386840820312,-5.017882823944092,219.01309339767985,-223.98037075706299,-5.01311119091095,1.0108482499389506,1.021016079167075,1.021016079167075,3.665617611474969e-05,1.6218956830420408,9.943952747065184,3.698930710575301,0.27614755806050373,nan
7.3100000000000005,220.00323486328125,-224.17514038085938,-5.017882823944092,219.0125896243627,-223.97180962512175,-5.013179237126207,1.0113078212640156,1.0210735982626418,1.0210735982626418,3.738556145759021e-05,1.593385792022232,9.913510822552333,nan,nan,nan
7.32,220.00323486328125,-224.16641235351562,-5.017882823944092,219.01208598457018,-223.96324857750778,-5.014761061790057,1.0117615158973616,1.0211312284062048,1.0211312284062048,3.6579708719662916e-05,1.2688836676611372,9.60719821843649,nan,1.4767840452247465,nan
7.33,220.00323486328125,-224.15769958496094,-5.017882823944092,219.01158230658652,-223.95468745305544,-5.014846157020303,1.0122242539309252,1.0211889697422647,1.0211889697422647,3.73075563076159e-05,1.2505002068565456,9.518098812683029,nan,nan,nan
7.34,220.00323486328125,-224.1489715576172,-5.017882823944092,219.0110785521882,-223.94612615076002,-5.015153318972863,1.0126834919767456,1.0212468224153215,1.0212468224153215,3.650648329427542e-05,1.2082634188855168,9.558063209467795,nan,0.03164861649728755,nan
7.3500000000000005,220.00323486328125,-224.14024353027344,-5.017882823944092,218.98363855320608,-223.95331889423997,-5.0152686611782125,1.0365926340284877,1.0211600813316086,1.0211600813316086,3.720956377649611e-05,1.2359100697852226,10.79258519079558,6.75853209667833,nan,nan
7.36,220.00323486328125,-224.13153076171875,-5.017882823944092,218.9830828989099,-223.94478792994937,-5.016073942094226,1.0371047139423728,1.021217599772644,1.021217599772644,3.6414081388203015e-05,1.1430926000993493,10.596265974381673,nan,0.3325502368420152,nan
7.37,220.00323486328125,-224.122802734375,-5.017882823944092,218.98252738411392,-223.9362569055773,-5.016172698624644,1.0376155496129342,1.0212752289129283,1.0212752289129283,3.713826162421766e-05,1.1329615022131838,10.674236796453142,nan,nan,nan
7.38,220.00323486328125,-224.11407470703125,-5.017882823944092,218.98197178221167,-223.92772575833868,-5.015337943670701,1.0381284544073326,1.0213329688969617,1.0213329688969617,3.634720455119737e-05,1.2333757401253516,10.759281735065207,nan,0.5707005259312254,nan
7.390000000000001,220.00323486328125,-224.1053466796875,-5.017882823944092,218.98141610915874,-223.91919473144657,-5.01542930848563,1.0386395591582631,1.0213908198692443,1.0213908198692443,3.707015813642408e-05,1.2185614033212038,10.75042506877578,nan,nan,nan
7.4,220.00323486328125,-224.0966339111328,-5.017882823944092,218.958526490369,-223.92450285954644,-5.019650698191063,1.058795451790644,1.021304083490403,1.021304083490403,3.626121010146099e-05,1.1838507496611146,11.724585096417083,4.775570165326028,11.140494073404396,nan
7.41,220.00323486328125,-224.08790588378906,-5.017882823944092,218.95792802502322,-223.91599862537444,-5.019785072024852,1.059349852575809,1.0213616012807232,1.0213616012807232,3.698213075775967e-05,1.1965933289248887,11.839000055231132,nan,nan,nan
7.42,220.00323486328125,-224.0791778564453,-5.017882823944092,218.95732959389,-223.9074943447514,-5.020059088560475,1.0599046168668333,1.0214192294281959,1.0214192294281959,3.6200373945284445e-05,1.2306663381372733,11.858942166182782,nan,0.012626920629056715,nan
7.43,220.00323486328125,-224.07046508789062,-5.017882823944092,218.95673106203935,-223.898990087862,-5.02019713928956,1.06046180398168,1.0214769680773212,1.0214769680773212,3.6920260007373906e-05,1.2460001637208264,11.712207338067524,nan,nan,nan
7.44,220.00323486328125,-224.06173706054688,-5.017882823944092,218.95613240194066,-223.89048600324537,-5.021241562673396,1.0610192129731901,1.0215348173725995,1.0215348173725995,3.614241873363143e-05,1.4141485151639368,11.96810316191064,nan,0.5422069630661539,nan
7.45,220.00323486328125,-224.05300903320312,-5.017882823944092,218.95265092067356,-223.88662142343046,-5.0213866208869185,1.0636840384926305,1.0214480856434447,1.0214480856434447,3.6838494836481986e-05,1.4409088593975157,12.22884099797469,0.2068430200127217,nan,nan
7.46,220.00323486328125,-224.04429626464844,-5.017882823944092,218.95204681739065,-223.87812643113762,-5.018915107760451,1.064241413872898,1.0215056027868374,1.0215056027868374,3.606535453779413e-05,1.1383107167725197,11.743282000658416,nan,4.564192339441226,nan
7.47,220.00323486328125,-224.0355682373047,-5.017882823944092,218.95144298609853,-223.86963158996502,-5.019040135782243,1.0648016074408293,1.021563229951791,1.021563229951791,3.6782528619932036e-05,1.1462819988070736,11.85182983028323,nan,nan,nan
7.48,220.00323486328125,-224.02684020996094,-5.017882823944092,218.95083922648314,-223.86113676876406,-5.018573427095063,1.0653612925711635,1.0216209672828054,1.0216209672828054,3.601298636035171e-05,1.1242172305190603,11.806163908151838,nan,0.23406924556606096,nan
7.49,220.00323486328125,-224.0181121826172,-5.017882823944092,218.9502354602595,-223.8526416997281,-5.018694571539261,1.0659216117547534,1.021678814924381,1.021678814924381,3.6729373544450004e-05,1.1300199048571196,11.772878943495176,nan,nan,nan
7.5,220.00323486328125,-224.0093994140625,-5.017882823944092,218.94944622892845,-223.83828288143326,-5.017628839270471,1.0675914097342696,1.0215920877907203,1.0215920877907203,3.594150822708543e-05,1.117456695283162,11.607805249987578,0.2445478525078673,0.9636697304915977,nan
7.51,220.00323486328125,-224.00067138671875,-5.017882823944092,218.9488419093516,-223.82977653910154,-5.017740193871325,1.0681524098095592,1.0216496042909462,1.0216496042909462,3.665629341673862e-05,1.117326856239217,11.709776303226318,nan,nan,nan
7.5200000000000005,220.00323486328125,-223.991943359375,-5.017882823944092,218.9482375897348,-223.8212700376069,-5.018807703233048,1.068713939908864,1.0217072304835026,1.0217072304835026,3.589441415267566e-05,1.1417135503032223,11.71901317792908,nan,0.6118610043706603,nan
7.53,220.00323486328125,-223.9832305908203,-5.017882823944092,218.9476332111029,-223.81276337899305,-5.018930405532201,1.069277801049387,1.02176496651289,1.02176496651289,3.660856486321221e-05,1.148976278056047,11.56746146041578,nan,nan,nan
7.54,220.00323486328125,-223.97450256347656,-5.017882823944092,218.94702881661235,-223.80425661167212,-5.018249573041135,1.0698387876828257,1.0218228125236086,1.0218228125236086,3.584982936090111e-05,1.1238628242930409,11.652912969674238,nan,0.43523459676931764,nan
7.55,220.00323486328125,-223.9657745361328,-5.017882823944092,218.9539387544885,-223.8230380511513,-5.018437325441598,1.0589600254704703,1.0217360899322172,1.0217360899322172,3.654088877193032e-05,1.105954265930566,11.925381834920438,5.759536001597045,nan,nan
7.5600000000000005,220.00323486328125,-223.95704650878906,-5.017882823944092,218.95334861578252,-223.81458317066904,-5.018768321168885,1.0595082441871828,1.02179360579301,1.02179360579301,3.578606876272435e-05,1.1205250813183851,11.906408481209336,nan,0.03021785098487043,nan
7.57,220.00323486328125,-223.94833374023438,-5.017882823944092,218.95275841533729,-223.80612820495185,-5.018890830420377,1.0600585823561899,1.021851231023126,1.021851231023126,3.649826128997599e-05,1.1275325783935204,11.752924305279112,nan,nan,nan
7.58,220.00323486328125,-223.93960571289062,-5.017882823944092,218.95216825204434,-223.79767331048464,-5.019142532919038,1.0606070973628583,1.0219089657670655,1.0219089657670655,3.5746305554541114e-05,1.145161582578136,11.90745256929072,nan,0.011078503425377308,nan
7.59,220.00323486328125,-223.93087768554688,-5.017882823944092,218.95157821147023,-223.78921845051303,-5.019268599210419,1.0611554893331219,1.0219668101693284,1.0219668101693284,3.6458056709596704e-05,1.1545185216144174,11.886649341155213,nan,nan,nan
7.6000000000000005,220.00323486328125,-223.9221649169922,-5.017882823944092,218.92752092001547,-223.74947594211568,-5.018681543141424,1.0894873141678494,1.0218800920679234,1.0218800920679234,3.568732514670917e-05,1.1794429422681325,12.223032104609867,10.63280489405257,0.3108714795764417,nan
7.61,220.00323486328125,-223.91343688964844,-5.017882823944092,218.9268866777052,-223.74096174968054,-5.018802143699611,1.0900797840748258,1.0219376072929909,1.0219376072929909,3.6397810197324815e-05,1.1859845835337073,12.320410081488859,nan,nan,nan
7.62,220.00323486328125,-223.9047088623047,-5.017882823944092,218.92625244131665,-223.73244760154842,-5.017917106695984,1.0906718481529565,1.0219952315704612,1.0219952315704612,3.565207805030305e-05,1.1639963999285434,12.275118342318937,nan,0.6890225236908796,nan
7.63,220.00323486328125,-223.89598083496094,-5.017882823944092,218.92561832680778,-223.7239335330877,-5.018029685050354,1.0912642646632982,1.022052965044835,1.022052965044835,3.636224034290617e-05,1.1657555361872236,12.245256429263497,nan,nan,nan
7.640000000000001,220.00323486328125,-223.88726806640625,-5.017882823944092,218.9249843952507,-223.71541952312631,-5.015891198293118,1.0918607787663508,1.022110807860612,1.022110807860612,3.561897434387522e-05,1.2777279122879102,12.214240181636892,nan,3.4552093079397053,nan
7.65,220.00323486328125,-223.8785400390625,-5.017882823944092,218.9126161302814,-223.7275536695095,-5.015994689600209,1.101022102236046,1.0220240941978276,1.0220240941978276,3.6306572159926874e-05,1.2843158254252796,13.261417527240859,3.9045943159761136,nan,nan
7.66,220.00323486328125,-223.86981201171875,-5.017882823944092,218.91195987902955,-223.71907900586942,-5.017229137481392,1.1016360368161113,1.022081608790852,1.022081608790852,3.556653896409626e-05,1.1993964903278678,13.180466242092265,nan,0.8896940367040995,nan
7.67,220.00323486328125,-223.86109924316406,-5.017882823944092,218.9113037435196,-223.71060438207772,-5.017334972599524,1.102253407188398,1.0221392321253144,1.0221392321253144,3.627532529615741e-05,1.1969205255249753,13.022406800182598,nan,nan,nan
7.68,220.00323486328125,-223.8523712158203,-5.017882823944092,218.91064762107754,-223.70212992002263,-5.016413508999075,1.1028696603296668,1.0221969643457152,1.0221969643457152,3.5537516390100286e-05,1.2506565069829738,13.20909068041318,nan,0.723870574981199,nan
7.69,220.00323486328125,-223.84364318847656,-5.017882823944092,218.90999127486555,-223.69365549643717,-5.0165113144544655,1.103485266060959,1.0222548055965546,1.0222548055965546,3.624612685172933e-05,1.2430648812450296,13.202177318577505,nan,nan,nan
7.7,220.00323486328125,-223.8349151611328,-5.017882823944092,218.92793846736618,-223.69239723775382,-5.016476817219992,1.0847007303432208,1.022168096321919,1.022168096321919,3.548909566672707e-05,1.2067601198546447,12.5885428016853,2.7696339273941413,0.016105778029839857,nan
7.71,220.00323486328125,-223.82620239257812,-5.017882823944092,218.9273170388121,-223.68393650283306,-5.016575483027266,1.085283583924332,1.0222256102865575,1.0222256102865575,3.619669588991826e-05,1.1994478687172074,12.435226951318537,nan,nan,nan
7.72,220.00323486328125,-223.81747436523438,-5.017882823944092,218.9266955410697,-223.67547592344894,-5.015902734456269,1.0858657331786297,1.022283232687496,1.022283232687496,3.546386543625314e-05,1.2639553290513703,12.657522499845609,nan,0.4103563410755926,nan
7.73,220.00323486328125,-223.80874633789062,-5.017882823944092,218.92607391617454,-223.66701554332593,-5.015996125999639,1.0864469079199808,1.0223409636692353,1.0223409636692353,3.617138006300567e-05,1.2529792370808208,12.647217735290342,nan,nan,nan
7.74,220.00323486328125,-223.80003356933594,-5.017882823944092,218.9254522325141,-223.6585554067925,-5.017530461506171,1.0870287916239108,1.0223988033762752,1.0223988033762752,3.5440430662926625e-05,1.1592475062853826,12.389579330724551,nan,1.4272968566266044,nan
7.75,220.00323486328125,-223.7913055419922,-5.017882823944092,218.94552485407522,-223.63997576715238,-5.017678066224183,1.0684807935819054,1.0223120984401874,1.0223120984401874,3.612575557128237e-05,1.1178950241920254,11.587021658365284,3.7338022121604437,nan,nan
7.76,220.00323486328125,-223.78257751464844,-5.017882823944092,218.9449420993483,-223.63149678272117,-5.019109342827238,1.0690231363731424,1.0223696117800722,1.0223696117800722,3.539745496583087e-05,1.1603028953232768,11.603029492372803,nan,1.2021778264652263,nan
7.7700000000000005,220.00323486328125,-223.7738494873047,-5.017882823944092,218.94435935061577,-223.62301788388064,-5.019234763206217,1.0695650291842114,1.0224272332568218,1.0224272332568218,3.610403226409949e-05,1.169498525586058,11.59974338370779,nan,nan,nan
7.78,220.00323486328125,-223.76513671875,-5.017882823944092,218.94377647973238,-223.61453901776918,-5.0215835844515,1.0701146806025192,1.022484963014936,1.022484963014936,3.537740703902398e-05,1.5070789359145313,11.788215569229772,nan,3.4114399867522236,nan
7.79,220.00323486328125,-223.75640869140625,-5.017882823944092,218.9431934888629,-223.60606016040703,-5.021733181155519,1.070657378204166,1.0225428011989153,1.0225428011989153,3.608400719317037e-05,1.531875210254007,11.899158173585647,nan,nan,nan
7.8,220.00323486328125,-223.7476806640625,-5.017882823944092,218.95774255822232,-223.58701052590317,-5.020506197149021,1.0577693204666807,1.0224561005526227,1.0224561005526227,3.533773857612096e-05,1.2890472100761765,10.958990744809581,2.4001404139027027,1.3755929008375694,nan
7.8100000000000005,220.00323486328125,-223.73895263671875,-5.017882823944092,218.95718809017276,-223.5785121901464,-5.020644382566848,1.0582828613527857,1.022513613271363,1.022513613271363,3.604351814713267e-05,1.3068792061828785,10.945807275619103,nan,nan,nan
7.82,220.00323486328125,-223.73023986816406,-5.017882823944092,218.95663354486595,-223.5700138284611,-5.0194728351508955,1.0587961237382644,1.022571233833112,1.022571233833112,3.53208119118171e-05,1.1678781926444675,10.645873542847717,nan,1.1907794955442914,nan
7.83,220.00323486328125,-223.7215118408203,-5.017882823944092,218.9560790601175,-223.56151545693362,-5.019600002207504,1.0593097128118474,1.0226289623823706,1.0226289623823706,3.6026681295918455e-05,1.1791509893683711,10.748200082542322,nan,nan,nan
7.84,220.00323486328125,-223.71278381347656,-5.017882823944092,218.9555246282969,-223.5530171435338,-5.020635084029372,1.059825315913496,1.0226867990636381,1.0226867990636381,3.530535943778978e-05,1.3128599334745221,10.848632841643548,nan,0.5707744914797567,nan
7.8500000000000005,220.00323486328125,-223.70407104492188,-5.017882823944092,218.9127891275216,-223.51600448827165,-5.0207610853887,1.1065483345772291,1.022600102659216,1.022600102659216,3.5989295474870906e-05,1.4275703826936974,12.116433093472605,17.92867776897891,nan,nan
7.86,220.00323486328125,-223.69534301757812,-5.017882823944092,218.9121558266174,-223.50745299470998,-5.0212156887040775,1.1071437273128537,1.022657614760397,1.022657614760397,3.527013101704941e-05,1.5135390893885035,12.267510721628362,nan,0.06949698517246237,nan
7.87,220.00323486328125,-223.68661499023438,-5.017882823944092,218.91152253290917,-223.49890159807646,-5.021358374209361,1.1077383307133082,1.0227152344161925,1.0227152344161925,3.5975383748439615e-05,1.535587845410507,12.271601198230336,nan,nan,nan
7.88,220.00323486328125,-223.67788696289062,-5.017882823944092,218.9108892057026,-223.49035036792804,-5.021312516984128,1.1083324288657421,1.0227729617711028,1.0227729617711028,3.525743195482014e-05,1.5346637750400915,12.241655989456461,nan,0.025044725652562754,nan
7.890000000000001,220.00323486328125,-223.66917419433594,-5.017882823944092,218.9102557952914,-223.48179930916237,-5.021455556167107,1.108929824232952,1.0228307969696284,1.0228307969696284,3.596285161826421e-05,1.5571973003972557,12.128132910964066,nan,nan,nan
7.9,220.00323486328125,-223.6604461669922,-5.017882823944092,218.9132099571488,-223.4535199589769,-5.020361635058653,1.109494883294721,1.022744104759958,1.022744104759958,3.522487326437832e-05,1.378034519303451,11.680464008126602,2.8153050089067433,1.019401143341466,nan
7.91,220.00323486328125,-223.65171813964844,-5.017882823944092,218.91258351040204,-223.44493249353496,-5.020493859585593,1.1100844537614833,1.0228016162471418,1.0228016162471418,3.592960827774362e-05,1.394555296065707,11.660681910188442,nan,nan,nan
7.92,220.00323486328125,-223.6429901123047,-5.017882823944092,218.9119571339146,-223.4363450598837,-5.0189833500101395,1.1106711806197764,1.022859235005892,1.022859235005892,3.521468944051933e-05,1.2404140871562108,11.471173522947678,nan,1.8840199606701606,nan
7.930000000000001,220.00323486328125,-223.63427734375,-5.017882823944092,218.91133092433063,-223.4277577269134,-5.01910122463685,1.1112632669779332,1.0229169611807085,1.0229169611807085,3.5919639557754805e-05,1.2485667027103462,11.37772182832237,nan,nan,nan
7.94,220.00323486328125,-223.62554931640625,-5.017882823944092,218.91070476472723,-223.41917051678124,-5.0183667165987185,1.111851815366249,1.0229747949160917,1.0229747949160917,3.520569093247822e-05,1.2151012997963093,11.40922869086168,nan,0.5082033138655104,nan
7.95,220.00323486328125,-223.6168212890625,-5.017882823944092,218.9303876814673,-223.4464545450878,-5.018546095475062,1.0862901743584974,1.022888106854841,1.022888106854841,3.588887391720058e-05,1.1658797787013757,11.094351790000436,11.957952000223337,nan,nan
7.96,220.00323486328125,-223.6081085205078,-5.017882823944092,218.92979908553556,-223.43793409052813,-5.018527080021232,1.086841350257382,1.022945617731568,1.022945617731568,3.5176676438395454e-05,1.1665272267369229,10.951421633696626,nan,0.012336926627264667,nan
7.97,220.00323486328125,-223.59938049316406,-5.017882823944092,218.92921045468375,-223.4294138723297,-5.018640433920653,1.0873902962754132,1.0230032356020453,1.0230032356020453,3.5881235680070746e-05,1.1718257329513861,11.048894149800807,nan,nan,nan
7.98,220.00323486328125,-223.5906524658203,-5.017882823944092,218.92862189129295,-223.42089380478612,-5.0176762359370475,1.0879389161346593,1.023060960610774,1.023060960610774,3.5169867869739624e-05,1.1581445991812245,11.03088619996083,nan,0.813419047888655,nan
7.99,220.00323486328125,-223.58192443847656,-5.017882823944092,218.928033364436,-223.4123735274206,-5.017781076203861,1.0884878432539191,1.0231187929022536,1.0231187929022536,3.587469435460311e-05,1.1583220160501313,11.014577380527465,nan,nan,nan
8.0,220.00323486328125,-223.57321166992188,-5.017882823944092,218.9457892804963,-223.40960315413,-5.019872332833965,1.0700293758288217,1.0230321089438574,1.0230321089438574,3.514296217191687e-05,1.2318116134657564,10.430231411617527,2.6394502505574398,2.6401221927971013,nan
8.01,220.00323486328125,-223.56448364257812,-5.017882823944092,218.94523492292848,-223.40109367281596,-5.019999170392079,1.070544083598447,1.0230896192136447,1.0230896192136447,3.5847197305219354e-05,1.2451401124679577,10.547698133427387,nan,nan,nan
8.02,220.00323486328125,-223.55575561523438,-5.017882823944092,218.94468063237963,-223.39258422625716,-5.020249143524216,1.0710590839952907,1.0231472362044907,1.0231472362044907,3.513813498722523e-05,1.280564948833784,10.564448196109737,nan,0.010429495732619334,nan
8.03,220.00323486328125,-223.54702758789062,-5.017882823944092,218.94412635252542,-223.38407467676078,-5.020379361082961,1.0715739458846596,1.023204960060895,1.023204960060895,3.584267075712713e-05,1.2961137781208896,10.549956585307923,nan,nan,nan
8.040000000000001,220.00323486328125,-223.53831481933594,-5.017882823944092,218.94357214498135,-223.37556498897916,-5.021275769343917,1.0720933242560498,1.0232627909273584,1.0232627909273584,3.513423979575811e-05,1.450902635207525,10.544438481324057,nan,0.41028357233136953,nan
8.05,220.00323486328125,-223.5295867919922,-5.017882823944092,218.93949371306257,-223.38652893920994,-5.021415381247877,1.0733234660959956,1.023176111027,1.023176111027,3.581710783174118e-05,1.474324257995876,11.178581174629452,2.7081604505415102,nan,nan
8.06,220.00323486328125,-223.52085876464844,-5.017882823944092,218.93893294816854,-223.37805505448858,-5.0217326569092124,1.0738464915256072,1.023233620693344,1.023233620693344,3.51100984684891e-05,1.5490837294413455,11.223849469228835,nan,0.021867495299170606,nan
8.07,220.00323486328125,-223.51214599609375,-5.017882823944092,218.93837210104704,-223.36958098659258,-5.02187611245481,1.0743711791928694,1.0232912368130702,1.0232912368130702,3.5814394582099755e-05,1.5732351421739081,11.058965887123826,nan,nan,nan
8.08,220.00323486328125,-223.50341796875,-5.017882823944092,218.937811271143,-223.36110679981786,-5.022309915657771,1.0748951105241082,1.0233489595306786,1.0233489595306786,3.510790402737659e-05,1.687272867996269,11.276916862210413,nan,0.058786350060423535,nan
8.09,220.00323486328125,-223.49468994140625,-5.017882823944092,218.93725043229085,-223.35263279648166,-5.022458170454234,1.0754180458471654,1.0234067889906695,1.0234067889906695,3.581253350464101e-05,1.714590398074118,11.278123579128883,nan,nan,nan
8.1,220.00323486328125,-223.4859619140625,-5.017882823944092,218.92890860072893,-223.3340218051463,-5.019638096944553,1.0850187998787877,1.0233201131042622,1.0233201131042622,3.508538936870357e-05,1.2382483088596792,10.929116879689747,1.1321685993650945,6.160897662316393,nan
8.11,220.00323486328125,-223.4772491455078,-5.017882823944092,218.9283336836248,-223.3255289653008,-5.019758671169929,1.0855574963638221,1.0233776221706377,1.0233776221706377,3.578948781002117e-05,1.2498313994709935,10.775088852782295,nan,nan,nan
8.120000000000001,220.00323486328125,-223.46852111816406,-5.017882823944092,218.92775896558283,-223.3170360412464,-5.021306346999376,1.0860975350165794,1.0234352374276305,1.0234352374276305,3.508471725685678e-05,1.4866481511665177,11.127916616505178,nan,1.4289337677061227,nan
8.13,220.00323486328125,-223.4597930908203,-5.017882823944092,218.92718449353242,-223.30854299715634,-5.021443276736259,1.086634099360974,1.0234929590197408,1.0234929590197408,3.578917114526592e-05,1.5078665186143319,11.117716559501389,nan,nan,nan
8.14,220.00323486328125,-223.45106506347656,-5.017882823944092,218.92661026050047,-223.30004988395908,-5.022658387909295,1.0871747448173923,1.0235507870914686,1.0235507870914686,3.508476035351344e-05,1.8047574244708586,11.375264724917614,nan,0.8152458027575606,nan
8.15,220.00323486328125,-223.44235229492188,-5.017882823944092,218.94626744217499,-223.23892952043266,-5.022823121077525,1.0763760314112738,1.023464115175638,1.023464115175638,3.576759805739895e-05,1.8143639907978137,9.896748150707857,21.993890200396386,nan,nan
8.16,220.00323486328125,-223.43362426757812,-5.017882823944092,218.94573050947727,-223.23033978740722,-5.022324076839556,1.076874998744054,1.0235216236454991,1.0235216236454991,3.506434702476101e-05,1.6955197014134096,9.825816018249405,nan,0.2970979626393765,nan
8.17,220.00323486328125,-223.42489624023438,-5.017882823944092,218.94519373106644,-223.2217501041563,-5.022469337580752,1.0773766408128516,1.0235792380480222,1.0235792380480222,3.576865548933346e-05,1.7220966679418044,9.797098368678245,nan,nan,nan
8.18,220.00323486328125,-223.4161834716797,-5.017882823944092,218.94465708593518,-223.21316042292793,-5.021383384813329,1.0778763950202321,1.0236369585277074,1.0236369585277074,3.506567627438762e-05,1.4844342848313188,9.448313714158028,nan,1.067830300505491,nan
8.19,220.00323486328125,-223.40745544433594,-5.017882823944092,218.94412041310434,-223.20457069870406,-5.02151821151418,1.078377881183784,1.0236947852290552,1.0236947852290552,3.577035827164676e-05,1.5054382146317207,9.513624542658729,nan,nan,nan
8.2,220.00323486328125,-223.3987274169922,-5.017882823944092,218.94594520749968,-223.18820847389057,-5.022186017411,1.078052948190095,1.023608117241122,1.023608117241122,3.5046484870451274e-05,1.6637445008692704,9.51686129394227,0.519910509367529,0.2289451411805919,nan
8.21,220.00323486328125,-223.38999938964844,-5.017882823944092,218.94541296422437,-223.17960442674124,-5.0223275837599495,1.0785513276756182,1.0236656251179022,1.0236656251179022,3.575067138682324e-05,1.6889624530635263,9.507004118086291,nan,nan,nan
8.22,220.00323486328125,-223.38128662109375,-5.017882823944092,218.94488067109305,-223.17100031135115,-5.022316377756197,1.0790521695390414,1.023723238674099,1.023723238674099,3.5048951128755495e-05,1.6981792861301876,9.407180849687585,nan,0.016626189745027078,nan
8.23,220.00323486328125,-223.37255859375,-5.017882823944092,218.944348448437,-223.16239601633285,-5.022458328054691,1.0795506860384882,1.0237809580542134,1.0237809580542134,3.575352488517443e-05,1.7238813063991674,9.477306002592913,nan,nan,nan
8.24,220.00323486328125,-223.36383056640625,-5.017882823944092,218.94381618438894,-223.15379165070047,-5.0232426054791155,1.0800523184341113,1.023838783402745,1.023838783402745,3.505195156398554e-05,1.958886482631526,9.69395781588473,nan,0.2894155491198454,nan
8.25,220.00323486328125,-223.3551025390625,-5.017882823944092,218.97934468382397,-223.16328138129853,-5.0233990531654875,1.0417182368278854,1.0237521193007086,1.0237521193007086,3.573492792589578e-05,1.9114837395126103,8.668217654067186,11.259001391158586,nan,nan
8.26,220.00323486328125,-223.3463897705078,-5.017882823944092,218.97887876526272,-223.15471002454385,-5.022849066456642,1.042147400383099,1.0238096265878212,1.0238096265878212,3.503431104908908e-05,1.7647726890063702,8.38675511112838,nan,0.3469152989471026,nan
8.27,220.00323486328125,-223.33766174316406,-5.017882823944092,218.97841281457764,-223.14613860548405,-5.0229946221378725,1.0425773229150144,1.0238672393057189,1.0238672393057189,3.5738791464061663e-05,1.7927555658663827,8.473727952056816,nan,nan,nan
8.28,220.00323486328125,-223.3289337158203,-5.017882823944092,218.97794664179,-223.13756721411517,-5.024491142066402,1.0430152179963463,1.023924957598902,1.023924957598902,3.503825473012976e-05,2.3087670283402923,8.96151577963504,nan,1.284074349192167,nan
8.290000000000001,220.00323486328125,-223.32020568847656,-5.017882823944092,218.97748028743652,-223.12899590016693,-5.024652241081056,1.0434459535693212,1.023982781611871,1.023982781611871,3.574312982035265e-05,2.3452991107116423,8.978942979889847,nan,nan,nan
8.3,220.00323486328125,-223.31149291992188,-5.017882823944092,219.00561932857624,-223.10669047374603,-5.025116272668072,1.0184464246217408,1.0238961213543938,1.0238961213543938,3.502150448674811e-05,2.5069932705431164,8.108342264325668,6.9638514287793,0.06399868459038509,nan
8.31,220.00323486328125,-223.30276489257812,-5.017882823944092,219.00520511448008,-223.09809413903633,-5.025282532482034,1.018826900181745,1.0239536280552322,1.0239536280552322,3.5725901732236075e-05,2.5463330909181225,8.183716340826521,nan,nan,nan
8.32,220.00323486328125,-223.29403686523438,-5.017882823944092,219.004790899248,-223.08949775450333,-5.025637864447689,1.0192088783886624,1.0240112399427428,1.0240112399427428,3.502626963996336e-05,2.7313859605400577,8.329776389471546,nan,0.024935076431420046,nan
8.33,220.00323486328125,-223.2853240966797,-5.017882823944092,219.00437654719622,-223.0809013433518,-5.0258080606748035,1.0195927653076118,1.024068957161426,1.024068957161426,3.573106931250577e-05,2.7729112893401053,8.261316986901054,nan,nan,nan
8.34,220.00323486328125,-223.27659606933594,-5.017882823944092,219.0039621053426,-223.07230489234234,-5.025979247250733,1.0199737652636534,1.0241267798557818,1.0241267798557818,3.645020198183513e-05,2.814174328033021,8.330656663378647,nan,nan,nan
8.35,220.00323486328125,-223.2678680419922,-5.017882823944092,218.99929037555953,-223.02158212867965,-5.026088247464788,1.0337449465405766,1.024040123402173,1.024040123402173,3.716001700664571e-05,2.8553420955917552,8.154916086471646,12.566520619746965,nan,nan
8.36,220.00323486328125,-223.25914001464844,-5.017882823944092,218.99886822669157,-223.0129089573856,-5.026231085273455,1.0341430112525354,1.0240976295201114,1.0240976295201114,3.6375205305638074e-05,2.9601796682366164,8.227518303482452,nan,0.0005486464163256659,nan
8.370000000000001,220.00323486328125,-223.25042724609375,-5.017882823944092,218.99844606479277,-223.00423581765358,-5.026403684097962,1.0345449985684962,1.0241552405850356,1.0241552405850356,3.710658500561592e-05,3.0016316135025254,8.196154249172395,nan,nan,nan
8.38,220.00323486328125,-223.24169921875,-5.017882823944092,218.99802387853802,-222.99556272932767,-5.026132639818466,1.0349397831446816,1.0242129567414457,1.0242129567414457,3.6324791236475035e-05,2.919349203123981,8.096381929067864,nan,0.12933909517025852,nan
8.39,220.00323486328125,-223.23297119140625,-5.017882823944092,218.99760166420543,-222.98688964616787,-5.0263024970308985,1.0353381809270148,1.024270778133842,1.024270778133842,3.70549374030014e-05,2.9595854852066568,8.090395631411226,nan,nan,nan
8.4,220.00323486328125,-223.2242431640625,-5.017882823944092,219.0330894083364,-222.98966458341656,-5.026377367170561,0.9981390041034631,1.024184125444043,1.024184125444043,3.777514170910984e-05,2.882864288912313,7.1409453457869185,10.202436520524579,nan,nan
8.41,220.00323486328125,-223.2155303955078,-5.017882823944092,219.0327326880863,-222.98101261992667,-5.026547662017991,0.9984729032580228,1.0242416309824365,1.0242416309824365,3.853361390613494e-05,2.9216928220533633,7.095607906817001,nan,nan,nan
8.42,220.00323486328125,-223.20680236816406,-5.017882823944092,219.03237597046703,-222.97236069855185,-5.026916332908496,0.99880503127048,1.0242992412324656,1.0242992412324656,3.766206475159287e-05,3.140615832535892,7.3339941113704405,nan,0.02367303833328066,nan
8.43,220.00323486328125,-223.1980743408203,-5.017882823944092,219.03201917325757,-222.96370869149027,-5.027090751630033,0.9991356064450624,1.0243569563386303,1.0243569563386303,3.8417536606771565e-05,3.18141158433506,7.3414932899992404,nan,nan,nan
8.44,220.00323486328125,-223.18934631347656,-5.017882823944092,219.0316624952982,-222.95505665248456,-5.026906617493268,0.9994628258849574,1.0244147764454312,1.0244147764454312,3.7552698136083776e-05,3.143427947840109,7.2554633339210834,nan,0.07903433791546767,nan
8.45,220.00323486328125,-223.18063354492188,-5.017882823944092,218.99820917910193,-222.98268307817628,-5.0269247286629,1.024374330596899,1.02432812748,1.02432812748,3.8280285261836945e-05,3.160062552839407,8.228805709081364,17.63422389886224,nan,nan
8.46,220.00323486328125,-223.17190551757812,-5.017882823944092,218.99779257273747,-222.97409684262513,-5.026562724138104,1.0247525614351822,1.0243856324421847,1.0243856324421847,3.7423093835165194e-05,3.038259298314781,8.161406702625184,nan,0.17478299834412517,nan
8.47,220.00323486328125,-223.16317749023438,-5.017882823944092,218.9973759459942,-222.96551051316192,-5.026729113944538,1.0251354311297594,1.0244432418849034,1.0244432418849034,3.817207729997672e-05,3.075858800464048,8.156248730917124,nan,nan,nan
8.48,220.00323486328125,-223.1544647216797,-5.017882823944092,218.99695932869435,-222.95692412750614,-5.0273796239491615,1.0255256832790367,1.0245009559526561,1.0245009559526561,3.732119969822299e-05,3.4430312270238743,8.414412988999066,nan,0.1445750259455834,nan
8.49,220.00323486328125,-223.14573669433594,-5.017882823944092,218.9965427188191,-222.94833768751974,-5.027552789133519,1.0259088409018693,1.024558774789943,1.024558774789943,3.806764859465038e-05,3.4835393347564265,8.496091939499804,nan,nan,nan
8.5,220.00323486328125,-223.1370086669922,-5.017882823944092,219.0294291505032,-222.92283668308036,-5.027662694607225,0.9971272991960811,1.0244721295100416,1.0244721295100416,3.719935655484191e-05,3.5415890018132785,7.489308099324608,11.16285806146303,0.010963922091094655,nan
8.51,220.00323486328125,-223.12828063964844,-5.017882823944092,219.02907265148275,-222.91421950183778,-5.027835235819596,0.9974533754111418,1.0245296338993355,1.0245296338993355,3.79424701020072e-05,3.5815403903576843,7.499092691481243,nan,nan,nan
8.52,220.00323486328125,-223.11956787109375,-5.017882823944092,219.02871617304558,-222.90560247056496,-5.025928744849577,0.9977638032547123,1.024587242542224,1.024587242542224,3.710472715135086e-05,2.7162854959019853,6.537969000722019,nan,2.711792105554076,nan
8.53,220.00323486328125,-223.11083984375,-5.017882823944092,219.02835979840742,-222.89698557907013,-5.026082891687478,0.9980893145132419,1.0246449555832076,1.0246449555832076,3.784559735753009e-05,2.7488784371668356,6.618089948231942,nan,nan,nan
8.540000000000001,220.00323486328125,-223.10211181640625,-5.017882823944092,219.02800344031814,-222.8883687157912,-5.0256548904753595,0.9984101594101246,1.0247027731667864,1.0247027731667864,3.7013584584359855e-05,2.6047021126519296,6.4423459660647,nan,0.21421937799647936,nan
8.55,220.00323486328125,-223.0933837890625,-5.017882823944092,219.01250253715813,-222.8887927315392,-5.0257808611673225,1.0116671497265346,1.024616131534166,1.024616131534166,3.77282114626354e-05,2.6521988602542073,6.924847447829108,2.1765676945640906,nan,nan
8.56,220.00323486328125,-223.0846710205078,-5.017882823944092,219.0121187792733,-222.88019201133503,-5.027517973105401,1.0120353715512669,1.024673635353868,1.024673635353868,3.6902797948442226e-05,3.515155085397357,7.694660022111888,nan,1.594540338561612,nan
8.57,220.00323486328125,-223.07594299316406,-5.017882823944092,219.0117350032595,-222.871591337735,-5.027685587023507,1.0123871125531652,1.0247312432043048,1.0247312432043048,3.763864203695281e-05,3.5531699305434117,7.772754569926628,nan,nan,nan
8.58,220.00323486328125,-223.0672149658203,-5.017882823944092,219.01135128425992,-222.86299073358484,-5.027569628577821,1.012736098669516,1.0247889552299765,1.0247889552299765,3.681858314409005e-05,3.5492884308969677,7.737730445800739,nan,0.051545756669655086,nan
8.59,220.00323486328125,-223.05848693847656,-5.017882823944092,219.01096762303877,-222.8543900005585,-5.02773648302991,1.0130878198474897,1.0248467715753833,1.0248467715753833,3.7552570628483724e-05,3.58693365141396,7.751361912016063,nan,nan,nan
8.6,220.00323486328125,-223.04977416992188,-5.017882823944092,219.0054504462545,-222.7962033854105,-5.027718588262368,1.0295477783370806,1.024760133552371,1.024760133552371,3.671489236470519e-05,3.6692230303209508,7.634693943879249,17.19762012393318,0.019173309161208733,nan
8.61,220.00323486328125,-223.04104614257812,-5.017882823944092,219.0050576895113,-222.78751303330483,-5.027885724678798,1.0299207570275863,1.0248176368057629,1.0248176368057629,3.744622096678268e-05,3.706997604321147,7.663243238146025,nan,nan,nan
8.620000000000001,220.00323486328125,-223.03231811523438,-5.017882823944092,219.00466503997768,-222.77882265263125,-5.026941470384179,1.0302833108656186,1.0248752438710262,1.0248752438710262,3.6637345769882095e-05,3.2754056824152005,7.207943254240368,nan,0.7960318801193161,nan
8.63,220.00323486328125,-223.02359008789062,-5.017882823944092,219.0042723687517,-222.77013234466068,-5.0270997226358975,1.0306560261801145,1.0249329548926618,1.0249329548926618,3.7367058300120194e-05,3.3097536239596868,7.2113630566885725,nan,nan,nan
8.64,220.00323486328125,-223.01487731933594,-5.017882823944092,219.00387967012878,-222.76144227457473,-5.0261095629756065,1.0310226977273644,1.0249907700151697,1.0249907700151697,3.6562991218002866e-05,2.888055227265558,6.7419992986033055,nan,0.8531689990384905,nan
8.65,220.00323486328125,-223.0061492919922,-5.017882823944092,219.053661785143,-222.7533572818,-5.026333249979779,0.9826821667467874,1.0249041355646555,1.0249041355646555,3.7267745168282894e-05,2.858256026666869,5.641284850412326,17.65832883799598,nan,nan
8.66,220.00323486328125,-222.99742126464844,-5.017882823944092,219.05335939064682,-222.74466875202833,-5.027312136876421,0.9829731217539152,1.0249616382550009,1.0249616382550009,3.64693100240894e-05,3.380611501207734,6.13899716487404,nan,0.44509032469316334,nan
8.67,220.00323486328125,-222.98870849609375,-5.017882823944092,219.0530570406721,-222.73598024863682,-5.027472161196349,0.9832606048397741,1.0250192445422721,1.0250192445422721,3.7195199347151246e-05,3.4153515742912535,6.125022775336015,nan,nan,nan
8.68,220.00323486328125,-222.97998046875,-5.017882823944092,219.0527547941506,-222.7272916685789,-5.027163353132772,0.9835395872910019,1.02507695457097,1.02507695457097,3.6401226038722895e-05,3.309681593959616,6.019605092150838,nan,0.1438901274212224,nan
8.69,220.00323486328125,-222.97125244140625,-5.017882823944092,219.05245273382195,-222.71860303567868,-5.027320781572054,0.9838228778382003,1.025134768485594,1.025134768485594,3.712581498142416e-05,3.3433640431936804,6.024821773186529,nan,nan,nan
8.700000000000001,220.00323486328125,-222.9625244140625,-5.017882823944092,219.09838306691523,-222.66729635089928,-5.0259417498042485,0.9518305148249532,1.0250481375710185,1.0250481375710185,3.631389453082905e-05,2.6722486692093788,4.537847504608187,27.87053319739074,1.3311618323992396,nan
8.71,220.00323486328125,-222.9538116455078,-5.017882823944092,219.0981641511509,-222.65853115164975,-5.026085098226613,0.9520561124810782,1.0251056397015634,1.0251056397015634,3.7036375308660136e-05,2.700666147627799,4.571631596741373,nan,nan,nan
8.72,220.00323486328125,-222.94508361816406,-5.017882823944092,219.09794532565917,-222.64976580095455,-5.026229359845541,0.9522769685080833,1.025163245217928,1.025163245217928,3.777329309897183e-05,2.7287882594589425,4.554553191819313,nan,nan,nan
8.73,220.00323486328125,-222.9363555908203,-5.017882823944092,219.0977265408167,-222.64100039005353,-5.026374449831702,0.9524978343192034,1.0252209542646127,1.0252209542646127,3.852479240196412e-05,2.756585155836528,4.561277573060111,nan,nan,nan
8.74,220.00323486328125,-222.92762756347656,-5.017882823944092,219.09750779877203,-222.63223507567923,-5.026313203045294,0.952716803947205,1.0252787669861176,1.0252787669861176,3.764745460035478e-05,2.773032285222535,4.5593867257398815,nan,0.026128785491496727,nan
8.75,220.00323486328125,-222.91891479492188,-5.017882823944092,219.07771979016778,-222.63252092011862,-5.026407418731557,0.9688510054705777,1.0251921395714596,1.0251921395714596,3.8371260969675356e-05,2.809367162489261,4.85607040912735,3.3196664349740006,nan,nan
8.76,220.00323486328125,-222.91018676757812,-5.017882823944092,219.07746589353277,-222.6237717069756,-5.0272882715789615,0.9691079582452718,1.0252496411454333,1.0252496411454333,3.7502869858789526e-05,3.2747722756896573,5.299420259953344,nan,0.33219934848454774,nan
8.77,220.00323486328125,-222.90145874023438,-5.017882823944092,219.07721184215987,-222.61502252487364,-5.0274414495541055,0.9693584004074575,1.0253072458978834,1.0253072458978834,3.8247760100338595e-05,3.3052015387634905,5.3148694996031125,nan,nan,nan
8.78,220.00323486328125,-222.89273071289062,-5.017882823944092,219.07695768777998,-222.60627338181803,-5.027698415428686,0.9696100010911797,1.02536495397331,1.02536495397331,3.73868993308891e-05,3.493787361214343,5.485363669699038,nan,0.006516636960115248,nan
8.790000000000001,220.00323486328125,-222.88401794433594,-5.017882823944092,219.0767033810952,-222.59752408302666,-5.027854579128774,0.969865328770569,1.0254227655162138,1.0254227655162138,3.812922139555071e-05,3.525087061179024,5.509231142947144,nan,nan,nan
8.8,220.00323486328125,-222.8752899169922,-5.017882823944092,219.07809812197982,-222.5800695910687,-5.026464266388833,0.9711367937106627,1.0253361415659783,1.0253361415659783,3.725233969332291e-05,2.896550184114248,4.816796293142712,1.0869193363033816,1.2715130230975986,nan
8.81,220.00323486328125,-222.86656188964844,-5.017882823944092,219.0778464940194,-222.57130497261963,-5.026606222049643,0.9713888915840813,1.0253936425865926,1.0253936425865926,3.799132137337551e-05,2.923182056912618,4.835440311935016,nan,nan,nan
8.82,220.00323486328125,-222.8578338623047,-5.017882823944092,219.07759482099704,-222.56254039859385,-5.0256426133519145,0.9716315824024652,1.025451246582029,1.025451246582029,3.714576909839769e-05,2.5416058597223645,4.437399380543653,nan,0.7658021230497855,nan
8.83,220.00323486328125,-222.84912109375,-5.017882823944092,219.07734317392604,-222.55377573260446,-5.0257758438782965,0.9718881635923526,1.0255089536967874,1.0255089536967874,3.78825094979569e-05,2.5655624765470835,4.478463878608107,nan,nan,nan
8.84,220.00323486328125,-222.84039306640625,-5.017882823944092,219.07709160623708,-222.54501092914413,-5.024405697990045,0.9721288430386943,1.025566764075368,1.025566764075368,3.704366387828721e-05,2.070021263985374,3.952581020818222,nan,1.423569660342343,nan
8.85,220.00323486328125,-222.8316650390625,-5.017882823944092,219.07954172555495,-222.53853323659135,-5.024596113118318,0.9691131691160669,1.025480143554575,1.025480143554575,3.775444566704044e-05,2.109520925318253,3.9695423281871176,0.2906533955165798,nan,nan
8.86,220.00323486328125,-222.82293701171875,-5.017882823944092,219.07929488070326,-222.5297724097611,-5.022817658717831,0.9693476816093624,1.0255376440250252,1.0255376440250252,3.692309325883728e-05,1.5757617980653769,3.4363145401421793,nan,2.289091814813586,nan
8.870000000000001,220.00323486328125,-222.81422424316406,-5.017882823944092,219.0790478644472,-222.52101147898927,-5.0229231660667235,0.9695982358366882,1.025595247270259,1.025595247270259,3.7654865571924556e-05,1.591315563385892,3.4674784507030436,nan,nan,nan
8.88,220.00323486328125,-222.8054962158203,-5.017882823944092,219.0788006291216,-222.51225048305986,-5.022294400786021,0.969840798831854,1.0256529534347765,1.0256529534347765,3.682970624454289e-05,1.44547915997572,3.2992062529888466,nan,0.3439677892359603,nan
8.89,220.00323486328125,-222.79676818847656,-5.017882823944092,219.07855334154686,-222.5034894302515,-5.022394597975857,0.9700869562920446,1.0257107626630777,1.0257107626630777,3.755966580450386e-05,1.4594269034846294,3.3103187381875303,nan,nan,nan
8.9,220.00323486328125,-222.78805541992188,-5.017882823944092,219.08483042902526,-222.48558033863958,-5.022235930891352,0.9669419988799178,1.0256241455372508,1.0256241455372508,3.6717910062276576e-05,1.427683322523573,3.242058436773231,0.916210853289274,0.054638784299863255,nan
8.91,220.00323486328125,-222.77932739257812,-5.017882823944092,219.08459520900732,-222.47680282400853,-5.022335647736337,0.9671813463009267,1.0256816454607158,1.0256816454607158,3.744527418816636e-05,1.4415081137864476,3.222188721825935,nan,nan,nan
8.92,220.00323486328125,-222.77059936523438,-5.017882823944092,219.08436007662453,-222.46802533021759,-5.021914681345668,0.9674183046096825,1.0257392479624707,1.0257392479624707,3.663277782719613e-05,1.3561496499189611,3.1348750088345616,nan,0.17507558980825288,nan
8.93,220.00323486328125,-222.76187133789062,-5.017882823944092,219.0841251319358,-222.45924780732034,-5.022011331815488,0.967657348489634,1.0257969531870157,1.0257969531870157,3.735859074886759e-05,1.3690388460066962,3.1494210275002428,nan,nan,nan
8.94,220.00323486328125,-222.75315856933594,-5.017882823944092,219.0838902429988,-222.45047030031662,-5.023657813664845,0.967909122568065,1.0258547612788511,1.0258547612788511,3.655156292940388e-05,1.8256275818896128,3.6325922218972213,nan,1.5503240954241588,nan
8.950000000000001,220.00323486328125,-222.7444305419922,-5.017882823944092,219.0545179268253,-222.44005935193718,-5.023848021443349,0.996364004987672,1.0257681475140068,1.0257681475140068,3.725273576682538e-05,1.9229618290943868,4.20567817924737,6.144874494264203,nan,nan
8.96,220.00323486328125,-222.73570251464844,-5.017882823944092,219.05423114366857,-222.43127902531913,-5.0257459048634745,0.9966662173143385,1.025825646893649,1.025825646893649,3.6451934723236035e-05,2.6644279191671756,4.937313327338693,nan,2.06322002790801,nan
8.97,220.00323486328125,-222.7269744873047,-5.017882823944092,219.0539443449947,-222.42249873629606,-5.025880561529063,0.9969563354869071,1.0258832486585632,1.0258832486585632,3.717408731318577e-05,2.689438460480452,4.955705732173558,nan,nan,nan
8.98,220.00323486328125,-222.71826171875,-5.017882823944092,219.05365752716523,-222.41371860547858,-5.025240140280168,0.9972450828206268,1.0259409529532493,1.0259409529532493,3.6378306513981815e-05,2.4572766405935225,4.744572216319041,nan,0.39321942899818507,nan
8.99,220.00323486328125,-222.70953369140625,-5.017882823944092,219.0533708018869,-222.40493865760965,-5.025369503680597,0.9975349217524171,1.0259987599222078,1.0259987599222078,3.709924699126273e-05,2.480628516109162,4.7291759737387,nan,nan,nan
9.0,220.00323486328125,-222.7008056640625,-5.017882823944092,219.07465247843137,-222.41352820813395,-5.024335539202483,0.9720263472110544,1.0259121494848447,1.0259121494848447,3.6286249952104375e-05,2.0684044591975366,3.935311230178296,5.370927871622033,0.9503067296985142,nan
9.01,220.00323486328125,-222.69207763671875,-5.017882823944092,219.07440418495307,-222.40477903135516,-5.024455771305442,0.9722706008537282,1.0259696483238103,1.0259696483238103,3.7005183264816844e-05,2.0888423527316755,3.9403315252037974,nan,nan,nan
9.02,220.00323486328125,-222.68336486816406,-5.017882823944092,219.0741559031251,-222.3960297592983,-5.023339257682702,0.972511671735034,1.0260272493584377,1.0260272493584377,3.621976105041561e-05,1.7437590504090212,3.609187485792061,nan,1.0087928528530035,nan
9.03,220.00323486328125,-222.6746368408203,-5.017882823944092,219.0739075821611,-222.38728054407747,-5.023449588698751,0.9727557892820624,1.0260849527332268,1.0260849527332268,3.69376885227268e-05,1.7611180177629304,3.6127158507257287,nan,nan,nan
9.040000000000001,220.00323486328125,-222.66590881347656,-5.017882823944092,219.07365939380466,-222.37853140287362,-5.024618582362418,0.9730065261954532,1.0261427585926777,1.0261427585926777,3.615665524384808e-05,2.177407212388645,4.012223927990501,nan,0.739308398107705,nan
9.05,220.00323486328125,-222.6571807861328,-5.017882823944092,219.06566637751507,-222.34349392558656,-5.024755074278737,0.9886765597534474,1.0260561514497664,1.0260561514497664,3.685092896929382e-05,2.234203847545376,4.265369721222222,5.205768528004779,nan,nan
9.06,220.00323486328125,-222.64846801757812,-5.017882823944092,219.0654045863959,-222.3346981110789,-5.0240201669194935,0.9889463329454031,1.0261136497511856,1.0261136497511856,3.607502824670789e-05,1.9972174404380578,4.059075315744206,nan,0.48939638679062153,nan
9.07,220.00323486328125,-222.63973999023438,-5.017882823944092,219.0651428725043,-222.32590234124453,-5.024136450091661,0.9892167411256794,1.0261712500619977,1.0261712500619977,3.6790321900566964e-05,2.016547530274627,4.029637865040506,nan,nan,nan
9.08,220.00323486328125,-222.63101196289062,-5.017882823944092,219.06488117157141,-222.31710667333124,-5.022449809431513,0.9894771543170066,1.0262289525267028,1.0262289525267028,3.601842270171466e-05,1.5330958802913406,3.532682621026384,nan,2.1669036138016127,nan
9.09,220.00323486328125,-222.62228393554688,-5.017882823944092,219.06461936964502,-222.30831117688854,-5.022550153582774,0.989747302112754,1.026286757289801,1.026286757289801,3.6732974169732024e-05,1.5475232800418115,3.545027463759513,nan,nan,nan
9.1,220.00323486328125,-222.6135711669922,-5.017882823944092,219.08571367236993,-222.31213812719162,-5.022705369794702,0.9657796178234521,1.0262001534087741,1.0262001534087741,3.59432328097362e-05,1.5559405076505954,3.226571858348513,4.2649289496617095,0.00291868789474496,nan
9.11,220.00323486328125,-222.60484313964844,-5.017882823944092,219.0854893768542,-222.30336499944525,-5.0228080914926165,0.9660073007684759,1.0262576511757615,1.0262576511757615,3.665623399864174e-05,1.5710477526195943,3.209226055039462,nan,nan,nan
9.120000000000001,220.00323486328125,-222.5961151123047,-5.017882823944092,219.0852650927914,-222.29459185580725,-5.0234517529334815,0.966237955532753,1.0263152507691495,1.0263152507691495,3.5892704840542995e-05,1.7736937942006006,3.408022002788528,nan,0.19559382644291112,nan
9.13,220.00323486328125,-222.58738708496094,-5.017882823944092,219.0850407302363,-222.2858187916764,-5.023561568083313,0.9664658036411375,1.0263729523334384,1.0263729523334384,3.660512375784939e-05,1.7909971391710626,3.414278498369767,nan,nan,nan
9.14,220.00323486328125,-222.57867431640625,-5.017882823944092,219.0848163477047,-222.27704575118682,-5.023051365171477,0.9666949234006462,1.0264307560131285,1.0264307560131285,3.584505163577741e-05,1.6556677417167864,3.297768671524153,nan,0.2592444776437483,nan
9.15,220.00323486328125,-222.5699462890625,-5.017882823944092,219.1056924532202,-222.25180291680752,-5.023213355487205,0.9522741190090699,1.026344155361871,1.026344155361871,3.6534539385730436e-05,1.66126725030725,3.0992969956149024,5.100255740657862,nan,nan
9.16,220.00323486328125,-222.56121826171875,-5.017882823944092,219.1055053910378,-222.24300063812947,-5.021565112851025,0.9524674380517623,1.0264016525975255,1.0264016525975255,3.5778663310060356e-05,1.2628215878480313,2.695073999664312,nan,2.0817088461693296,nan
9.17,220.00323486328125,-222.55250549316406,-5.017882823944092,219.1053185348288,-222.23419825961307,-5.021656691138101,0.952673852851027,1.0264592514798017,1.0264592514798017,3.648923951874461e-05,1.2744873891299477,2.758362548305855,nan,nan,nan
9.18,220.00323486328125,-222.5437774658203,-5.017882823944092,219.10513178579066,-222.2253957045647,-5.020685025888061,0.9528714163170311,1.0265169521532,1.0265169521532,3.5736489414722485e-05,1.104230586389167,2.5360675650866327,nan,0.7664318928490989,nan
9.19,220.00323486328125,-222.53504943847656,-5.017882823944092,219.10494510027695,-222.2165929638822,-5.020768107684829,0.9530725834854661,1.0265747547622204,1.0265747547622204,3.644668400813579e-05,1.113237079175068,2.5583375392833037,nan,nan,nan
9.200000000000001,220.00323486328125,-222.5263214111328,-5.017882823944092,219.14091053979047,-222.24053837942665,-5.021380350755988,0.9084533079849499,1.02648815730906,1.02648815730906,3.567548735449206e-05,1.1468671753071216,2.1789008258959464,16.502936888056517,0.21083748924006993,nan
9.21,220.00323486328125,-222.51760864257812,-5.017882823944092,219.14078763529548,-222.2317931970516,-5.021470304582504,0.9085805192602361,1.0265456540164652,1.0265456540164652,3.638447941524462e-05,1.157881497914829,2.1973675306179823,nan,nan,nan
9.22,220.00323486328125,-222.50888061523438,-5.017882823944092,219.1406648450457,-222.22304819460084,-5.02239103497617,0.908706516434655,1.0266032521938646,1.0266032521938646,3.5638401337249445e-05,1.3746122137393848,2.4113889266438733,nan,0.4685589278578562,nan
9.23,220.00323486328125,-222.50015258789062,-5.017882823944092,219.14054201850473,-222.21430342568956,-5.022491277854377,0.9088288759756111,1.0266609519857584,1.0266609519857584,3.6347133253931967e-05,1.3888059368280827,2.426074582039653,nan,nan,nan
9.24,220.00323486328125,-222.49142456054688,-5.017882823944092,219.14041921037227,-222.20555868457396,-5.022515228943705,0.908950828772706,1.0267187535366469,1.0267187535366469,3.560371687267954e-05,1.4073932776437856,2.441886771993561,nan,0.004072726904998008,nan
9.25,220.00323486328125,-222.4827117919922,-5.017882823944092,219.1310917245759,-222.201856581636,-5.022719344561426,0.9162623508071924,1.0266321592503453,1.0266321592503453,3.62900328510367e-05,1.4623180673624274,2.606514926389475,1.236457617002758,nan,nan
9.26,220.00323486328125,-222.47398376464844,-5.017882823944092,219.1309529585421,-222.1931207883508,-5.023072994215931,0.9163987509035362,1.0266896554325693,1.0266896554325693,3.5550019716557444e-05,1.5756749764774585,2.7153850550539813,nan,0.04239973579807909,nan
9.27,220.00323486328125,-222.4652557373047,-5.017882823944092,219.13081432792626,-222.1843849729357,-5.0231810712579925,0.9165337136248208,1.0267472529112507,1.0267472529112507,3.625750516347004e-05,1.5923472550410613,2.722031272571006,nan,nan,nan
9.28,220.00323486328125,-222.45652770996094,-5.017882823944092,219.13067580674027,-222.17564923572797,-5.022418466199739,0.9166638405052269,1.0268049518308897,1.0268049518308897,3.551987441089239e-05,1.3974872156802252,2.5173601329200577,nan,0.5203947546952061,nan
9.290000000000001,220.00323486328125,-222.44781494140625,-5.017882823944092,219.1305371717049,-222.1669137573601,-5.022519651251183,0.9168032701996046,1.0268627523359868,1.0268627523359868,3.62272484268752e-05,1.4119996155188113,2.5359735792408955,nan,nan,nan
9.3,220.00323486328125,-222.4390869140625,-5.017882823944092,219.1251093583312,-222.2034105645309,-5.020477825930461,0.9092054103488508,1.0267761611857298,1.0267761611857298,3.547060773595937e-05,0.9949388314817889,2.2418337771864314,15.158148539990167,2.7699771375411286,nan
9.31,220.00323486328125,-222.43035888671875,-5.017882823944092,219.12496128452753,-222.1947546196906,-5.020558333421795,0.9093299775822336,1.0268336568458254,1.0268336568458254,3.6177037419345e-05,1.0031356440274823,2.250998864651282,nan,nan,nan
9.32,220.00323486328125,-222.421630859375,-5.017882823944092,219.12481333600243,-222.18609880484377,-5.020702386317618,0.9094546048212261,1.0268912536318737,1.0268912536318737,3.544464615412849e-05,1.0297319008530565,2.2876466358401473,nan,0.0026896172382622416,nan
9.33,220.00323486328125,-222.4129180908203,-5.017882823944092,219.12466538956454,-222.17744308450287,-5.0207856172440835,0.9095829950895068,1.0269489516883745,1.0269489516883745,3.6151054448278073e-05,1.038705478783999,2.257194647012583,nan,nan,nan
9.34,220.00323486328125,-222.40419006347656,-5.017882823944092,219.12451743557648,-222.1687875395705,-5.0204151349227395,0.9097060396701374,1.027006751159828,1.027006751159828,3.542065476007335e-05,0.9868379442999053,2.253213927280016,nan,0.14247498747795295,nan
9.35,220.00323486328125,-222.3954620361328,-5.017882823944092,219.15029598333498,-222.15448119649113,-5.020486783229082,0.8863313593698217,1.0269201631152183,1.0269201631152183,3.610500161990112e-05,0.9527853747011825,2.0205420540491845,4.876924031928058,nan,nan
9.36,220.00323486328125,-222.38673400878906,-5.017882823944092,219.15019347378978,-222.1458161639865,-5.020291890393098,0.8864123327949586,1.0269776582562242,1.0269776582562242,3.5377342493693884e-05,0.9291294618220405,1.9985411704891165,nan,0.05281858942315311,nan
9.370000000000001,220.00323486328125,-222.37802124023438,-5.017882823944092,219.15009084200022,-222.1371511051534,-5.0203716945623835,0.8864983573016009,1.027035254355651,1.027035254355651,3.608294148946594e-05,0.936859422095115,1.9731628048503387,nan,nan,nan
9.38,220.00323486328125,-222.36929321289062,-5.017882823944092,219.14998826400887,-222.1284861953966,-5.021885595002885,0.886585473048372,1.0270929515579987,1.0270929515579987,3.535704171696356e-05,1.218437730126628,2.30169875303862,nan,1.4204109311452942,nan
9.39,220.00323486328125,-222.36056518554688,-5.017882823944092,219.14988572332405,-222.11982139965943,-5.021981825833269,0.8866674274639875,1.027150750007768,1.027150750007768,3.606272588038722e-05,1.2312869774691277,2.3264940143585333,nan,nan,nan
9.4,220.00323486328125,-222.35183715820312,-5.017882823944092,219.1746889627168,-222.0864655197525,-5.023814069226819,0.8700262039195896,1.027064165038815,1.027064165038815,3.531730668444692e-05,1.73306794306515,2.678135563593339,8.722741107072961,1.9225128572627725,nan
9.41,220.00323486328125,-222.34312438964844,-5.017882823944092,219.1746299328394,-222.07775729136813,-5.023930567481296,0.8700818368430377,1.0271216596637542,1.0271216596637542,3.6022232377022974e-05,1.7523674953710637,2.6812985465887293,nan,nan,nan
9.42,220.00323486328125,-222.3343963623047,-5.017882823944092,219.1745708561472,-222.0690491736934,-5.02369612203697,0.8701304279578399,1.0271792550824999,1.0271792550824999,3.53003801053631e-05,1.6943995311244051,2.625676101719248,nan,0.08593011536078722,nan
9.43,220.00323486328125,-222.32566833496094,-5.017882823944092,219.1745117488045,-222.06034105879368,-5.023810899438665,0.8701814213286007,1.0272369514395523,1.0272369514395523,3.600545575533036e-05,1.7131250437657088,2.631057554037457,nan,nan,nan
9.44,220.00323486328125,-222.3169403076172,-5.017882823944092,219.17445261340666,-222.05163294430736,-5.02397004780558,0.8702327671536768,1.0272947488794113,1.0272947488794113,3.528503862131798e-05,1.7872895624149918,2.7021684099201693,nan,0.001312496650965583,nan
9.450000000000001,220.00323486328125,-222.3082275390625,-5.017882823944092,219.16601156145552,-222.06805254181427,-5.024056250168312,0.8710137757891734,1.0272081669565252,1.0272081669565252,3.5968285071421233e-05,1.7981104241223356,2.772980852018749,4.900026396304327,nan,nan
9.46,220.00323486328125,-222.29949951171875,-5.017882823944092,219.16593786959942,-222.05938828857805,-5.022467764644775,0.8710572178611383,1.0272656610684066,1.0272656610684066,3.525006258592077e-05,1.334940428170289,2.3423589208029068,nan,2.0256055501619517,nan
9.47,220.00323486328125,-222.290771484375,-5.017882823944092,219.1658640516509,-222.05072398228,-5.022569508149496,0.8711111550435662,1.0273232558123415,1.0273232558123415,3.5954638491543465e-05,1.3495397842713492,2.3599371861393035,nan,nan,nan
9.48,220.00323486328125,-222.28204345703125,-5.017882823944092,219.16579020511946,-222.04205962281992,-5.022832242085442,0.8711660535778581,1.02738095133283,1.02738095133283,3.523766128465484e-05,1.4338663502437514,2.4456015235476265,nan,0.017801866241692013,nan
9.49,220.00323486328125,-222.27333068847656,-5.017882823944092,219.16571639908477,-222.0333951532783,-5.022937702825512,0.8712243056305382,1.0274387477743727,1.0274387477743727,3.59424601398708e-05,1.4496447437851954,2.418746782831906,nan,nan,nan
9.5,220.00323486328125,-222.2646026611328,-5.017882823944092,219.1413925217251,-222.00877478463133,-5.02136743088913,0.8990173894757635,1.0273521688683542,1.0273521688683542,3.520551542126097e-05,1.131605048985441,2.163122418239742,6.174783735563089,1.7597380456781755,nan
9.51,220.00323486328125,-222.25587463378906,-5.017882823944092,219.1412762872621,-222.0000826533388,-5.021457011306232,0.8991189570078842,1.027409662470172,1.027409662470172,3.590968432944233e-05,1.142583706952829,2.1703719487804105,nan,nan,nan
9.52,220.00323486328125,-222.24716186523438,-5.017882823944092,219.1411601775461,-221.9913904632208,-5.020799021883433,0.8992220404792967,1.0274672565450977,1.0274672565450977,3.519577825910746e-05,1.0286015767166825,2.041101055553087,nan,0.39118545000399896,nan
9.53,220.00323486328125,-222.23843383789062,-5.017882823944092,219.14104409432443,-221.9826981612042,-5.020883226767056,0.8993234461647897,1.0275249512376317,1.0275249512376317,3.590021503903703e-05,1.0378707398476248,2.0749664152657217,nan,nan,nan
9.540000000000001,220.00323486328125,-222.22970581054688,-5.017882823944092,219.14092780205942,-221.97400576169827,-5.021103919037135,0.8994255712774701,1.027582746692274,1.027582746692274,3.5187289611904385e-05,1.0821053715616564,2.1170372885871336,nan,0.012849347236535101,nan
9.55,220.00323486328125,-222.22097778320312,-5.017882823944092,219.15885325247226,-221.99388097866182,-5.021187462830896,0.8743936092764152,1.0274961707743082,1.0274961707743082,3.5870038641813416e-05,1.0485436770687375,2.1253526371635214,7.902634388105439,nan,nan
9.56,220.00323486328125,-222.21226501464844,-5.017882823944092,219.15876831589117,-221.98523841929037,-5.020873046417833,0.8744562688272342,1.027553663869042,1.027553663869042,3.515886554668477e-05,0.9984755780102064,2.0298645947247524,nan,0.11342704250862315,nan
9.57,220.00323486328125,-222.2035369873047,-5.017882823944092,219.1586833313543,-221.97659609182654,-5.0209584309770685,0.8745163917727385,1.0276112572806926,1.0276112572806926,3.5863011866095785e-05,1.0079842357862683,2.102513672744631,nan,nan,nan
9.58,220.00323486328125,-222.19480895996094,-5.017882823944092,219.15859828637042,-221.96795379231114,-5.023104878674969,0.8745864645652116,1.0276689511537602,1.0276689511537602,3.5152667140883944e-05,1.5200356985740309,2.6225147518543004,nan,2.9696712823306526,nan
9.59,220.00323486328125,-222.1860809326172,-5.017882823944092,219.15851327765515,-221.959311252044,-5.023213017601337,0.8746470466504608,1.027726745632745,1.027726745632745,3.585712820628422e-05,1.536678871594169,2.6383937637977137,nan,nan,nan
9.6,220.00323486328125,-222.1773681640625,-5.017882823944092,219.16836546999733,-221.9450455921052,-5.0230087328487025,0.866606575226163,1.0276401726743924,1.0276401726743924,3.512643230882145e-05,1.4787923017917266,2.465788141844924,0.9037931543895327,0.06643662023211976,nan
9.61,220.00323486328125,-222.16864013671875,-5.017882823944092,219.16829769448213,-221.93639335095654,-5.023115908327277,0.8666521969690746,1.0276976652650078,1.0276976652650078,3.583034753287104e-05,1.4951177760062027,2.529636762848651,nan,nan,nan
9.620000000000001,220.00323486328125,-222.159912109375,-5.017882823944092,219.1682299302596,-221.92774105890803,-5.022325034147798,0.8666927760613465,1.0277552580190512,1.0277552580190512,3.5122288290057307e-05,1.2926952186520433,2.32027893582083,nan,0.5667140105995401,nan
9.63,220.00323486328125,-222.15118408203125,-5.017882823944092,219.168162207584,-221.91908855261852,-5.022425241211962,0.8667383161146522,1.027812951081023,1.027812951081023,3.5826547939529706e-05,1.3068157500608286,2.332899942963425,nan,nan,nan
9.64,220.00323486328125,-222.14247131347656,-5.017882823944092,219.1680945011413,-221.9104359206131,-5.022526445682131,0.8667879851724951,1.0278707445954234,1.0278707445954234,3.654514121372524e-05,1.3209718261526746,2.3002626314407046,nan,nan,nan
9.65,220.00323486328125,-222.1337432861328,-5.017882823944092,219.17205777853647,-221.88410079836487,-5.022542335009963,0.8678700530305055,1.0277841745686138,1.0277841745686138,3.72544520464707e-05,1.3155931790004702,2.217500142349197,2.589603617906569,nan,nan
9.66,220.00323486328125,-222.12501525878906,-5.017882823944092,219.17199716876567,-221.87541755984776,-5.022229009067511,0.8679135932945713,1.0278416666580619,1.0278416666580619,3.646165748252585e-05,1.2509112826078894,2.1548377660101545,nan,0.11167751339775626,nan
9.67,220.00323486328125,-222.1162872314453,-5.017882823944092,219.17193638741853,-221.86673424150504,-5.022327363943521,0.8679594487622232,1.0278992587601012,1.0278992587601012,3.719244981619767e-05,1.2640144292895226,2.1754497916470203,nan,nan,nan
9.68,220.00323486328125,-222.10757446289062,-5.017882823944092,219.1718754321798,-221.8580508324809,-5.021524084556365,0.8680056477886636,1.027956951019232,1.027956951019232,3.640331771477466e-05,1.097149025140807,1.9840679124838632,nan,0.5311265880241343,nan
9.69,220.00323486328125,-222.09884643554688,-5.017882823944092,219.17181450492345,-221.8493673797675,-5.021615741401153,0.8680515804012617,1.028014743579954,1.028014743579954,3.713283690512622e-05,1.1082312672411752,2.028822374251016,nan,nan,nan
9.700000000000001,220.00323486328125,-222.09011840820312,-5.017882823944092,219.17081498390147,-221.82686857763832,-5.020585391091285,0.8730582069645975,1.0279281764569792,1.0279281764569792,3.632470186671783e-05,0.9425858795223887,1.8086950703738647,1.64976475112325,0.7002116329323395,nan
9.71,220.00323486328125,-222.08139038085938,-5.017882823944092,219.17075270870563,-221.8181609631044,-5.020667118142246,0.873111686070384,1.0279856680481976,1.0279856680481976,3.705211091130241e-05,0.9507899133525146,1.8156315753663446,nan,nan,nan
9.72,220.00323486328125,-222.0726776123047,-5.017882823944092,219.17069068655303,-221.80945332884994,-5.020234823562968,0.8731680030249286,1.028043259503772,1.028043259503772,3.627092699086582e-05,0.8941355560084336,1.75212417345449,nan,0.17408149738959036,nan
9.73,220.00323486328125,-222.06394958496094,-5.017882823944092,219.17062875446365,-221.80074570581198,-5.020313313214978,0.873221118455997,1.0281009509682026,1.0281009509682026,3.6997227722284956e-05,0.9013357763379295,1.7753924633950402,nan,nan,nan
9.74,220.00323486328125,-222.0552215576172,-5.017882823944092,219.1705668415865,-221.79203803902075,-5.019799571594031,0.8732727367411716,1.0281587425859897,1.0281587425859897,3.621934498291796e-05,0.8431511535968774,1.7187370477215014,nan,0.23162619676183646,nan
9.75,220.00323486328125,-222.04649353027344,-5.017882823944092,219.17551886626433,-221.77848419415403,-5.019895642468191,0.8700269118845091,1.028072178339495,1.028072178339495,3.6921346338193985e-05,0.8460055620812468,1.7195502129806575,0.35670279826158074,nan,nan
9.76,220.00323486328125,-222.03778076171875,-5.017882823944092,219.17546574035768,-221.7697681371378,-5.0192769530715875,0.8700772559930848,1.0281296694354067,1.0281296694354067,3.6147617009266695e-05,0.7900883512460227,1.6615787469160654,nan,0.31893429726365724,nan
9.77,220.00323486328125,-222.029052734375,-5.017882823944092,219.17541264353858,-221.76105203417953,-5.019346979213513,0.870124213291183,1.028187260249993,1.028187260249993,3.6871008661573574e-05,0.794499989992758,1.6867876513416176,nan,nan,nan
9.78,220.00323486328125,-222.02032470703125,-5.017882823944092,219.17535953252712,-221.75233580352523,-5.021074493006066,0.8701757307722467,1.0282449509277538,1.0282449509277538,3.610035168975894e-05,1.0185748730015791,1.9225542865616347,nan,1.8186819715861813,nan
9.790000000000001,220.00323486328125,-222.0115966796875,-5.017882823944092,219.1753063467471,-221.74361937424158,-5.021163024985082,0.8702230888935062,1.0283027416131894,1.0283027416131894,3.682285061127473e-05,1.0286365782267666,1.932185747293876,nan,nan,nan
9.8,220.00323486328125,-222.0028839111328,-5.017882823944092,219.14155665331245,-221.7547997338728,-5.020947564287813,0.8966852787768896,1.0282161802161691,1.0282161802161691,3.603301956376845e-05,1.0426382615259668,2.1613345613456643,11.491207755569368,0.13548225373888434,nan
9.81,220.00323486328125,-221.99415588378906,-5.017882823944092,219.14144524168594,-221.74611774439887,-5.021036743200095,0.8967799159705809,1.028273670819684,1.028273670819684,3.675378809837095e-05,1.0527360611897203,2.2104965675187134,nan,nan,nan
9.82,220.00323486328125,-221.9854278564453,-5.017882823944092,219.14133394098388,-221.73743606259407,-5.0195871006658255,0.8968701323122267,1.0283312609986974,1.0283312609986974,3.598988635206048e-05,0.862916946462517,2.024922470429232,nan,1.581880067180949,nan
9.83,220.00323486328125,-221.97669982910156,-5.017882823944092,219.1412226444954,-221.72875456848755,-5.019663092892658,0.8969643732917078,1.0283889508977093,1.0283889508977093,3.6709898636185806e-05,0.868667553325856,2.0330444966901853,nan,nan,nan
9.84,220.00323486328125,-221.96798706054688,-5.017882823944092,219.1411113295776,-221.72007307133202,-5.0180594972469414,0.8970609592594863,1.0284467406612199,1.0284467406612199,3.594873328245708e-05,0.783328176507804,1.9317053667180983,nan,1.888407769657642,nan
9.85,220.00323486328125,-221.95925903320312,-5.017882823944092,219.1627911175529,-221.7156504239004,-5.018152655833929,0.8750376660861847,1.028360182087009,1.028360182087009,3.6645163240133954e-05,0.7465614457707,1.8665428200782475,3.4567668741027533,nan,nan
9.86,220.00323486328125,-221.95053100585938,-5.017882823944092,219.16271732503967,-221.7069764735877,-5.021145480273324,0.8750995298867954,1.0284176722010228,1.0284176722010228,3.58875631075536e-05,1.0412467609762075,2.1856861590420573,nan,5.75780925159523,nan
9.870000000000001,220.00323486328125,-221.94180297851562,-5.017882823944092,219.16264338255894,-221.69830255449253,-5.021238966953702,0.8751558476398671,1.028475261749818,1.028475261749818,3.6605341619521665e-05,1.0523878391627763,2.194956277779945,nan,nan,nan
9.88,220.00323486328125,-221.93309020996094,-5.017882823944092,219.1625693508861,-221.6896287256818,-5.022586379383779,0.8752223268928808,1.028532950877895,1.028532950877895,3.585026823037932e-05,1.3618488087298206,2.4725819982780646,nan,1.0556168920774374,nan
9.89,220.00323486328125,-221.9243621826172,-5.017882823944092,219.1624954077078,-221.68095508888746,-5.022694327636342,0.8752788104390854,1.028590739729754,1.028590739729754,3.656746613596141e-05,1.3778875205054089,2.528429895114547,nan,nan,nan
9.9,220.00323486328125,-221.91563415527344,-5.017882823944092,219.16152927399872,-221.67159204252448,-5.022886808149896,0.8763845569624964,1.0285041839520226,1.0285041839520226,3.5792989347051954e-05,1.4463140164026331,2.5956690433118204,0.010805822601758592,0.00395446854854793,nan
9.91,220.00323486328125,-221.90692138671875,-5.017882823944092,219.16145391575415,-221.66291731120833,-5.022997732207511,0.8764469834347407,1.0285616735794172,1.0285616735794172,3.6508766056133035e-05,1.4634060733657952,2.579260980571375,nan,nan,nan
9.92,220.00323486328125,-221.898193359375,-5.017882823944092,219.1613787756958,-221.65424261974954,-5.019948123498347,0.8764918145828563,1.0286192625032902,1.0286192625032902,3.575935738978206e-05,0.8661414872620912,2.007525714776734,nan,6.755447583406936,nan
9.93,220.00323486328125,-221.88946533203125,-5.017882823944092,219.16130371488794,-221.64556780985836,-5.0200296476978705,0.8765492962801286,1.0286769508681417,1.0286769508681417,3.647466455440403e-05,0.8732724520412535,2.0156512675360276,nan,nan,nan
9.94,220.00323486328125,-221.8807373046875,-5.017882823944092,219.16122860767967,-221.63689274545632,-5.0197084722777126,0.8766059756416622,1.028734738818472,1.028734738818472,3.5727476747750624e-05,0.8402600108491154,1.9848413969926686,nan,0.1102866538738545,nan
9.950000000000001,220.00323486328125,-221.8720245361328,-5.017882823944092,219.11132931682582,-221.60298620094576,-5.019835609378419,0.9316012789649529,1.0286481858112184,1.0286481858112184,3.6419755943277266e-05,0.9484125793449628,2.373647418119677,21.69491978033615,nan,nan
9.96,220.00323486328125,-221.86329650878906,-5.017882823944092,219.11116884437726,-221.59426742821813,-5.01901572726944,0.9317508850256047,1.0287056749548629,1.0287056749548629,3.567560321802371e-05,0.879908893083483,2.314520087945869,nan,0.5517165948491551,nan
9.97,220.00323486328125,-221.8545684814453,-5.017882823944092,219.1110085780813,-221.58554861149398,-5.0190891596959135,0.9319017596701183,1.028763263259051,1.028763263259051,3.638922235298032e-05,0.8841498013690912,2.319547629222405,nan,nan,nan
9.98,220.00323486328125,-221.84584045410156,-5.017882823944092,219.11084852907155,-221.57682992186156,-5.019538912983202,0.9320529912892227,1.0288209508682833,1.0288209508682833,3.564710232327066e-05,0.9213224806086974,2.3612356753377934,nan,0.0958845725532295,nan
9.99,220.00323486328125,-221.83712768554688,-5.017882823944092,219.1106884647333,-221.56811129105773,-5.019617860520555,0.9322080799997255,1.02887873792706,1.02887873792706,3.636039209228095e-05,0.9274094735979934,2.3667310700467565,nan,nan,nan
10.0,220.00323486328125,-221.82839965820312,-5.017882823944092,219.16203419135567,-221.55507924448014,-5.0203015754756155,0.8844933404863584,1.028792187664605,1.028792187664605,3.559860887682421e-05,0.9247705748758082,2.0583022574998937,18.532205410440277,0.22519504695110998,nan
10.01,220.00323486328125,-221.81967163085938,-5.017882823944092,219.16196267775103,-221.54635329044564,-5.020388770326978,0.8845609561361945,1.0288496763273542,1.0288496763273542,3.631072443914416e-05,0.9334468297437728,2.0734483058896136,nan,nan,nan
10.02,220.00323486328125,-221.81094360351562,-5.017882823944092,219.16189115454753,-221.5376272800912,-5.018855025938853,0.8846253410641011,1.028907264017038,1.028907264017038,3.5573291414263766e-05,0.7871447507873609,1.9234611839157147,nan,1.7968288417133396,nan
10.03,220.00323486328125,-221.80223083496094,-5.017882823944092,219.16181967523275,-221.52890111999852,-5.0189279682851105,0.8846975438458177,1.0289649508781569,1.0289649508781569,3.628516637661442e-05,0.7907602260956564,1.9352258060941483,nan,nan,nan
10.040000000000001,220.00323486328125,-221.7935028076172,-5.017882823944092,219.16174812736472,-221.5201749825348,-5.017913867023716,0.8847643910394467,1.0290227370552105,1.0290227370552105,3.554949281375778e-05,0.7607566802591825,1.911805868697404,nan,0.8096951121150487,nan
10.05,220.00323486328125,-221.78477478027344,-5.017882823944092,219.16891633800208,-221.51892983376425,-5.017974393643151,0.8756488711769678,1.0289361895121913,1.0289361895121913,3.623875996143112e-05,0.745429136140535,1.8980379583725537,0.7509289829546011,nan,nan
10.06,220.00323486328125,-221.7760467529297,-5.017882823944092,219.16885711215158,-221.5102167383349,-5.018282507620465,0.8757008553077408,1.028993677696887,1.028993677696887,3.550565218400644e-05,0.7497436511326613,1.9145017757463938,nan,0.04052450514361445,nan
10.07,220.00323486328125,-221.767333984375,-5.017882823944092,219.16879794113018,-221.5015036667158,-5.018350840089079,0.8757573601602553,1.0290512647771908,1.0290512647771908,3.621627146220058e-05,0.7513469459635085,1.911259523674565,nan,nan,nan
10.08,220.00323486328125,-221.75860595703125,-5.017882823944092,219.16873870378953,-221.4927906851442,-5.0166227328881385,0.8758100175290798,1.0291089508976023,1.0291089508976023,3.548475749808777e-05,0.7900921804457062,1.9633709279122669,nan,2.2176991019623666,nan
10.09,220.00323486328125,-221.7498779296875,-5.017882823944092,219.1686793312388,-221.48407771053624,-5.016674993223971,0.8758619476941422,1.029166736202622,1.029166736202622,3.619524553068366e-05,0.785697196431218,1.9787975842481489,nan,nan,nan
10.1,220.00323486328125,-221.74114990234375,-5.017882823944092,219.17514746334112,-221.46514828787446,-5.015989050785244,0.8728741143521443,1.0290801913539862,1.0290801913539862,3.544379921186336e-05,0.8415602613801411,2.0441798177749537,1.0600662812122368,0.40874894401464396,nan
10.11,220.00323486328125,-221.73243713378906,-5.017882823944092,219.1750992278625,-221.45641783188637,-5.016036489005435,0.8729253660113162,1.0291376790634574,1.0291376790634574,3.615330630441729e-05,0.8347127215313027,2.0608408786120864,nan,nan,nan
10.120000000000001,220.00323486328125,-221.7237091064453,-5.017882823944092,219.17505090667305,-221.44768728228183,-5.015492872035351,0.8729733244881388,1.0291952655394498,1.0291952655394498,3.542561852315422e-05,0.9016944008245471,2.1405676405688334,nan,0.24146216644651916,nan
10.13,220.00323486328125,-221.71498107910156,-5.017882823944092,219.17500251258187,-221.4389567276017,-5.015536306721125,0.8730199170173745,1.0292529509264636,1.0292529509264636,3.6135063983110834e-05,0.8928732950865234,2.1499281741169805,nan,nan,nan
10.14,220.00323486328125,-221.7062530517578,-5.017882823944092,219.17495419489703,-221.4302261845728,-5.0141255488888135,0.8730714828367886,1.0293107353689992,1.0293107353689992,3.540873028810011e-05,1.1392243568099751,2.42301513489389,nan,1.460348969403212,nan
10.15,220.00323486328125,-221.69754028320312,-5.017882823944092,219.15260730530323,-221.38292247680795,-5.014105996597545,0.9069541724460835,1.0292241931899995,1.0292241931899995,3.609587913915455e-05,1.194377287023989,2.6706447927906987,13.860332583091175,nan,nan
10.16,220.00323486328125,-221.68881225585938,-5.017882823944092,219.15252088256506,-221.3741255913638,-5.0139764046408795,0.9070596639191489,1.0292816804270613,1.0292816804270613,3.537170293765542e-05,1.2307575317992483,2.693880300278994,nan,0.01786234771450205,nan
10.17,220.00323486328125,-221.68008422851562,-5.017882823944092,219.15243446362675,-221.3653286475591,-5.014007087582977,0.9071644928720947,1.0293392663037573,1.0293392663037573,3.608022782814846e-05,1.215807762354141,2.709427654551748,nan,nan,nan
10.18,220.00323486328125,-221.67135620117188,-5.017882823944092,219.15234795676383,-221.35653163978247,-5.014394599652334,0.9072679867853363,1.0293969509645873,1.0293969509645873,3.535726261187636e-05,1.1437527885361372,2.654694458938078,nan,0.08760732507890474,nan
10.19,220.00323486328125,-221.6626434326172,-5.017882823944092,219.1522613049825,-221.3477344808186,-5.014430568249002,0.9073784011733655,1.029454734554052,1.029454734554052,3.606580898820198e-05,1.130220133164775,2.705712372506034,nan,nan,nan
10.200000000000001,220.00323486328125,-221.65391540527344,-5.017882823944092,219.14255779376762,-221.3599247943053,-5.015672234175682,0.9095055711930019,1.0293681950202407,1.0293681950202407,3.532264837507272e-05,0.9419402202249322,2.4539380814557057,4.224123440403452,1.1996265116446367,nan
10.21,220.00323486328125,-221.6451873779297,-5.017882823944092,219.14245450424625,-221.35116351876098,-5.015721085481765,0.9096139452394452,1.0294256817876957,1.0294256817876957,3.603036159878476e-05,0.9334415081304694,2.4515917575163857,nan,nan,nan
10.22,220.00323486328125,-221.63645935058594,-5.017882823944092,219.1423511456889,-221.34240229973815,-5.015181857006808,0.909723924930694,1.0294832670700567,1.0294832670700567,3.531047791854984e-05,1.010491248146904,2.5381770218331625,nan,0.24040731050645475,nan
10.23,220.00323486328125,-221.62774658203125,-5.017882823944092,219.14224784283365,-221.3336410692681,-5.0152264415125085,0.9098372153217956,1.0295409510118236,1.0295409510118236,3.601826612678071e-05,0.9999552719855168,2.5702751162400608,nan,nan,nan
10.24,220.00323486328125,-221.6190185546875,-5.017882823944092,219.14214455404868,-221.32487970762742,-5.016085875307128,0.9099436306873488,1.029598733757497,1.029598733757497,3.529938673310514e-05,0.895666510835965,2.4678148515668714,nan,0.4596243793063957,nan
10.25,220.00323486328125,-221.61029052734375,-5.017882823944092,219.16518218841247,-221.316396281063,-5.016206402981793,0.8880928578920616,1.0295121968447203,1.0295121968447203,3.598510264772281e-05,0.8441955417241863,2.366454561854018,3.9041373681312312,nan,nan
10.26,220.00323486328125,-221.6015625,-5.017882823944092,219.16511847334317,-221.30763551569842,-5.018025758880422,0.8881622462218572,1.0295696831453578,1.0295696831453578,3.526803159096792e-05,0.7667558465312885,2.2896711609022695,nan,2.1597573618673507,nan
10.27,220.00323486328125,-221.5928497314453,-5.017882823944092,219.16505464895732,-221.29887466542394,-5.018100860222705,0.8882384019317081,1.0296272678382927,1.0296272678382927,3.5975152670082306e-05,0.7675865332435409,2.3228280302470816,nan,nan,nan
10.28,220.00323486328125,-221.58412170410156,-5.017882823944092,219.164990741146,-221.29011375554308,-5.017924931637401,0.8883095653447199,1.0296849510680253,1.0296849510680253,3.525896460735119e-05,0.7663952559223967,2.311742144677568,nan,0.04419291773337653,nan
10.290000000000001,220.00323486328125,-221.5753936767578,-5.017882823944092,219.16492695042402,-221.28135297676332,-5.017999595218993,0.8883806074244488,1.0297427329790558,1.0297427329790558,3.596622192609349e-05,0.766803650332867,2.323812817310289,nan,nan,nan
10.3,220.00323486328125,-221.56666564941406,-5.017882823944092,219.1621472421038,-221.2611546039221,-5.018118757055942,0.8948549832682182,1.0296561986634483,1.0296561986634483,3.5229592402494095e-05,0.7792817566413132,2.324135616700351,1.8844199784579891,0.025052258747204313,nan
10.31,220.00323486328125,-221.55795288085938,-5.017882823944092,219.16207894750747,-221.25237422500967,-5.018194313282028,0.8949422811431742,1.0297136845000443,1.0297136845000443,3.593612663924663e-05,0.7805099351143572,2.359250824177167,nan,nan,nan
10.32,220.00323486328125,-221.54922485351562,-5.017882823944092,219.16201075767623,-221.24359389219518,-5.01994454352957,0.8950265532688282,1.0297712686084106,1.0297712686084106,3.5222387204516655e-05,0.8985903626899903,2.458403444624245,nan,1.9526805154864477,nan
10.33,220.00323486328125,-221.54049682617188,-5.017882823944092,219.16194264162758,-221.2348135990789,-5.020038774736367,0.8951086446151474,1.0298289511330474,1.0298289511330474,3.592909790945264e-05,0.9073770281112569,2.4723430054553925,nan,nan,nan
10.34,220.00323486328125,-221.53176879882812,-5.017882823944092,219.161874429085,-221.2260333870376,-5.020188678751242,0.8951909512612428,1.029886732218455,1.029886732218455,3.5216066298908315e-05,0.929087732123056,2.4978948850924843,nan,0.0020794439034362215,nan
10.35,220.00323486328125,-221.52305603027344,-5.017882823944092,219.16958240449793,-221.23562064919622,-5.0202335737531465,0.8818169006971593,1.0298002004764353,1.0298002004764353,3.5900861101736145e-05,0.9090181518495262,2.407505041447555,2.8765170782034906,nan,nan
10.36,220.00323486328125,-221.5143280029297,-5.017882823944092,219.16952713223966,-221.22687201162103,-5.020490352863318,0.8818765939431762,1.0298576858517534,1.0298576858517534,3.5189344407625525e-05,0.9483702055574315,2.438500042513609,nan,0.01791049618666775,nan
10.370000000000001,220.00323486328125,-221.50559997558594,-5.017882823944092,219.16947181793245,-221.21812353303565,-5.0205895764049835,0.8819358521568125,1.029915269380358,1.029915269380358,3.589557425910493e-05,0.9593173646419371,2.4458157343216294,nan,nan,nan
10.38,220.00323486328125,-221.4968719482422,-5.017882823944092,219.16941648959647,-221.20937501033472,-5.019332133608774,0.8819918764359455,1.0299729512067493,1.0299729512067493,3.518466458627968e-05,0.8149691635364246,2.3165012367925715,nan,1.287935257480261,nan
10.39,220.00323486328125,-221.4881591796875,-5.017882823944092,219.16936112398872,-221.20062635579987,-5.019420250401401,0.8820560648703745,1.0300307314754273,1.0300307314754273,3.589111433933178e-05,0.8211941809848919,2.344783046555112,nan,nan,nan
10.4,220.00323486328125,-221.47943115234375,-5.017882823944092,219.1826873317542,-221.2021959870192,-5.018378314288861,0.8661165244344058,1.0299442022836922,1.0299442022836922,3.515954111232493e-05,0.7353305559551349,2.205245161335754,2.1092198530664144,0.8100016464638582,nan
10.41,220.00323486328125,-221.470703125,-5.017882823944092,219.18265503842855,-221.19346496587573,-5.018456534375465,0.8661481253074207,1.0300016872004831,1.0300016872004831,3.5865347245045106e-05,0.7375374160398618,2.2078392716745574,nan,nan,nan
10.42,220.00323486328125,-221.4619903564453,-5.017882823944092,219.18262287599882,-221.18473379649595,-5.018281662396804,0.8661843872863856,1.0300592701540827,1.0300592701540827,3.5156357821984e-05,0.7329053471355944,2.2014175685331208,nan,0.04508600666488031,nan
10.43,220.00323486328125,-221.45326232910156,-5.017882823944092,219.18259087193996,-221.17600247564835,-5.018358947910192,0.8662158007999423,1.0301169512889916,1.0301169512889916,3.5862413402400396e-05,0.734713836907892,2.2098895979768356,nan,nan,nan
10.44,220.00323486328125,-221.4445343017578,-5.017882823944092,219.18255891497847,-221.16727121425578,-5.019013638865027,0.8662477189327605,1.0301747307497096,1.0301747307497096,3.5153885108521226e-05,0.7647799880825907,2.249766702123613,nan,0.23250898000555303,nan
10.450000000000001,220.00323486328125,-221.43580627441406,-5.017882823944092,219.21172126669165,-221.14824026366276,-5.0190015111228945,0.842133739727023,1.03008820408523,1.03008820408523,3.583812928684825e-05,0.7233928854554448,2.2129588039978083,7.065108516431524,nan,nan
10.46,220.00323486328125,-221.42709350585938,-5.017882823944092,219.21173896984476,-221.1394917385869,-5.018846059444784,0.8421291193681061,1.0301456885462315,1.0301456885462315,3.5130873725343084e-05,0.7148378703375488,2.2271225972617086,nan,0.040247917311686726,nan
10.47,220.00323486328125,-221.41836547851562,-5.017882823944092,219.21175672453833,-221.13074309868028,-5.018928959224416,0.8421195710165644,1.0302032709295343,1.0302032709295343,3.583658072806557e-05,0.7189117571149508,2.2284125347655586,nan,nan,nan
10.48,220.00323486328125,-221.40963745117188,-5.017882823944092,219.21177439054364,-221.12199440637943,-5.018502445869894,0.8421096039440732,1.0302609513796386,1.0302609513796386,3.512970425216452e-05,0.6992479785855156,2.2158671946508997,nan,0.1826121996424824,nan
10.49,220.00323486328125,-221.40090942382812,-5.017882823944092,219.21179199414732,-221.11324578353788,-5.018582472081575,0.8421001570807964,1.0303187300410444,1.0303187300410444,3.5835689948406016e-05,0.7019246448331354,2.238320293509217,nan,nan,nan
10.5,220.00323486328125,-221.39219665527344,-5.017882823944092,219.18003613875103,-221.04938340520386,-5.020766283024029,0.8917316742314969,1.03023220588106,1.03023220588106,3.5107955652249556e-05,1.0086645610490437,2.853382358404501,28.361178956500225,2.8492969275580307,nan
10.51,220.00323486328125,-221.3834686279297,-5.017882823944092,219.17999985671327,-221.04054111905108,-5.02087021901192,0.8918094397986399,1.0302896898889977,1.0302896898889977,3.581335292364471e-05,1.0211291063423438,2.798083940261865,nan,nan,nan
10.52,220.00323486328125,-221.37474060058594,-5.017882823944092,219.17996352712714,-221.03169882632147,-5.02120106030244,0.8918880885604483,1.0303472717066633,1.0303472717066633,3.510796369369942e-05,1.0856483011969966,2.859074191459496,nan,0.035791721510870414,nan
10.53,220.00323486328125,-221.3660125732422,-5.017882823944092,219.1799273007574,-221.0228565748723,-5.021309405878543,0.8919658755748083,1.0304049514785572,1.0304049514785572,3.5813660815353545e-05,1.0999639999034445,2.878440856396547,nan,nan,nan
10.540000000000001,220.00323486328125,-221.3572998046875,-5.017882823944092,219.17989105452602,-221.0140143524503,-5.022035226688605,0.8920522246941717,1.0304627293491795,1.0304627293491795,3.5108531293019084e-05,1.2633345993412108,3.114977137544268,nan,0.26649644046540205,nan
10.55,220.00323486328125,-221.34857177734375,-5.017882823944092,219.18188697678733,-221.00547835165034,-5.022185902857639,0.8901370489369675,1.0303762076711942,1.0303762076711942,3.579248292068094e-05,1.2862961085297955,3.0683280741252377,0.08162574173234453,nan,nan
10.56,220.00323486328125,-221.33984375,-5.017882823944092,219.1818542259277,-220.99663674842375,-5.021352710246844,0.8902074126074341,1.0304336912287804,1.0304336912287804,3.5088429963585325e-05,1.1121883154273875,2.8962375972925907,nan,0.6361696641805553,nan
10.57,220.00323486328125,-221.33111572265625,-5.017882823944092,219.18182151947823,-220.9877950021165,-5.021462668730599,0.8902818732391844,1.0304912724854212,1.0304912724854212,3.579386842304753e-05,1.1271673106468258,2.8972925751571417,nan,nan,nan
10.58,220.00323486328125,-221.32240295410156,-5.017882823944092,219.18178880512124,-220.9789530311349,-5.022362515460067,0.8903659605401043,1.0305489515856163,1.0305489515856163,3.509000989701208e-05,1.3411225317181303,3.1743041512114365,nan,0.4373422551197057,nan
10.59,220.00323486328125,-221.3136749267578,-5.017882823944092,219.1817560255402,-220.97011085292638,-5.022482125693194,0.8904408499505163,1.0306067286738665,1.0306067286738665,3.579576644858623e-05,1.360269373577683,3.1156237690242436,nan,nan,nan
10.6,220.00323486328125,-221.30494689941406,-5.017882823944092,219.16850647191188,-220.97811951359472,-5.020745845562598,0.8964350642251702,1.0305202094556445,1.0305202094556445,3.507088504543624e-05,1.013511903956265,2.662090698394731,3.279790400806451,2.299314104657609,nan
10.61,220.00323486328125,-221.2962188720703,-5.017882823944092,219.16845120762724,-220.96930597642705,-5.020848695329197,0.8965180363372524,1.0305776925655794,1.0305776925655794,3.577608962232067e-05,1.025762118861877,2.6782620589047674,nan,nan,nan
10.620000000000001,220.00323486328125,-221.28750610351562,-5.017882823944092,219.1683958893057,-220.96049244342404,-5.018933110176937,0.8966020017020866,1.0306352732657604,1.0306352732657604,3.507337034455748e-05,0.8114498220135429,2.512853729074815,nan,2.8674754738657833,nan
10.63,220.00323486328125,-221.27877807617188,-5.017882823944092,219.1683405273051,-220.95167885213795,-5.019017809882114,0.8966848625920516,1.0306929517006882,1.0306929517006882,3.577890776153246e-05,0.8161031757458185,2.4665239583561105,nan,nan,nan
10.64,220.00323486328125,-221.27005004882812,-5.017882823944092,219.16828530189244,-220.9428653594618,-5.015998975584821,0.8967687215239796,1.0307507280148624,1.0307507280148624,3.5076286986646884e-05,0.8813750842154591,2.5360224530747812,nan,6.77532964360504,nan
10.65,220.00323486328125,-221.26132202148438,-5.017882823944092,219.18338192155403,-220.9570626588882,-5.016252433320735,0.87449143161028,1.0306642112344226,1.0306642112344226,3.5760117031376584e-05,0.8163138331465214,2.4635732661109833,7.03103333923535,nan,nan
10.66,220.00323486328125,-221.2526092529297,-5.017882823944092,219.18335243583638,-220.94828827807024,-5.014140186111894,0.8745470015443634,1.0307216938993935,1.0307216938993935,3.505841706901043e-05,1.1415650645115132,2.8423899577843166,nan,3.323088649323566,nan
10.67,220.00323486328125,-221.24388122558594,-5.017882823944092,219.18332291288993,-220.9395138856106,-5.014180357489589,0.8745906426986255,1.0307792740476345,1.0307792740476345,3.5763753413914904e-05,1.1253554768997773,2.815763237725382,nan,nan,nan
10.68,220.00323486328125,-221.2351531982422,-5.017882823944092,219.18329333633721,-220.9307395653985,-5.012665157589355,0.8746422077115819,1.030836951823646,1.030836951823646,3.506210132203459e-05,1.518540134141562,3.235327705877859,nan,1.7041015788147775,nan
10.69,220.00323486328125,-221.22642517089844,-5.017882823944092,219.18326356147477,-220.92196534952464,-5.0126917181134685,0.8746860386429609,1.0308947273719282,1.0308947273719282,3.5767780463152044e-05,1.4955248346857284,3.240352363061893,nan,nan,nan
10.700000000000001,220.00323486328125,-221.21771240234375,-5.017882823944092,219.16305043997264,-220.94699938229934,-5.014155829178293,0.8827283245041919,1.0308082130075409,1.0308082130075409,3.504496915631577e-05,1.152269136301285,2.926089512865362,10.73778770541685,1.4594860995929115,nan
10.71,220.00323486328125,-221.208984375,-5.017882823944092,219.16298637150715,-220.9382825515376,-5.014198461173429,0.8827856929535878,1.0308656952302233,1.0308656952302233,3.5750118715025476e-05,1.1356695059122393,2.939781741422828,nan,nan,nan
10.72,220.00323486328125,-221.20025634765625,-5.017882823944092,219.162922287544,-220.92956585296957,-5.015301280460418,0.8828393020378262,1.0309232748309989,1.0309232748309989,3.50493319425078e-05,0.9461624319910068,2.7760879979463127,nan,0.7899388241894271,nan
10.73,220.00323486328125,-221.1915283203125,-5.017882823944092,219.1628581117946,-220.92084919400577,-5.0153564905186485,0.8828967415377619,1.0309809519543678,1.0309809519543678,3.575483430415314e-05,0.9345797404182128,2.7882079331246428,nan,nan,nan
10.74,220.00323486328125,-221.1828155517578,-5.017882823944092,219.16279385851595,-220.91213243993408,-5.013866621562021,0.8829646422134079,1.0310387267448304,1.0310387267448304,3.5054019742665334e-05,1.2162843463019621,3.0707461135502845,nan,1.682382722576122,nan
10.75,220.00323486328125,-221.17408752441406,-5.017882823944092,219.16199244543023,-220.88728254246286,-5.013834117350778,0.8887982309213616,1.0309522147750125,1.0309522147750125,3.573783364547771e-05,1.224903685073424,3.0753151145514344,2.0554038319304033,nan,nan
10.76,220.00323486328125,-221.1653594970703,-5.017882823944092,219.1619270448862,-220.87853840597478,-5.0129672144355695,0.8888697018161399,1.0310096965580688,1.0310096965580688,3.503781886387228e-05,1.455934828607944,3.3359629658298107,nan,0.5809103945674883,nan
10.77,220.00323486328125,-221.15663146972656,-5.017882823944092,219.16186175971688,-220.86979430463796,-5.013000193204947,0.8889364987222264,1.0310672756158084,1.0310672756158084,3.574315385298453e-05,1.4333582674591345,3.332734651476933,nan,nan,nan
10.78,220.00323486328125,-221.14791870117188,-5.017882823944092,219.16179659182154,-220.86105010513,-5.014247406458586,0.8890023466405638,1.0311249520927317,1.0311249520927317,3.5043073152723126e-05,1.1435993495139567,3.069739197639345,nan,1.0372244558259422,nan
10.790000000000001,220.00323486328125,-221.13919067382812,-5.017882823944092,219.16173145720384,-220.8523059710057,-5.014294076234877,0.889069004219305,1.0311827261333386,1.0311827261333386,3.5748764876525104e-05,1.126795646274137,3.0685870377649893,nan,nan,nan
10.8,220.00323486328125,-221.13046264648438,-5.017882823944092,219.1685780426507,-220.8005503534487,-5.015912486122719,0.8974954103238059,1.0310962165368498,1.0310962165368498,3.502741551825947e-05,0.8920357847849284,2.985361462417379,13.178277260311011,1.6779464863189801,nan
10.81,220.00323486328125,-221.12173461914062,-5.017882823944092,219.16852468209157,-220.7917337439135,-5.015977094694592,0.8975774596302751,1.0311536978829305,1.0311536978829305,3.5732589873901666e-05,0.8829396612652418,2.9914989421900273,nan,nan,nan
10.82,220.00323486328125,-221.11302185058594,-5.017882823944092,219.16847135966137,-220.78291716321166,-5.014492712151968,0.8976695964886922,1.03121127640202,1.03121127640202,3.5033163674007204e-05,1.1094669215687518,3.29201663840878,nan,1.6932111421359253,nan
10.83,220.00323486328125,-221.1042938232422,-5.017882823944092,219.16841814554925,-220.77410049692003,-5.014543937776818,0.8977514873913349,1.031268952238619,1.031268952238619,3.573870139718265e-05,1.0934448509613146,3.2453177259253154,nan,nan,nan
10.84,220.00323486328125,-221.09556579589844,-5.017882823944092,219.1683648357779,-220.76528370574476,-5.015019710527029,0.8978320663231791,1.0313267255372274,1.0313267255372274,3.5039150743478234e-05,1.015559232504136,3.1896520912018023,nan,0.12637982924185986,nan
10.85,220.00323486328125,-221.0868377685547,-5.017882823944092,219.18652428733114,-220.7553120193108,-5.014948576113918,0.8814386519156151,1.031240218293066,1.031240218293066,3.572300634631626e-05,0.9944052753310038,3.118433729953929,3.057254342270691,nan,nan
10.86,220.00323486328125,-221.078125,-5.017882823944092,219.18650152500953,-220.74649349106542,-5.014675191635356,0.8815004778601748,1.031297699204809,1.031297699204809,3.5024163614981103e-05,1.0472174073336018,3.2569494763081517,nan,0.07650674638482131,nan
10.870000000000001,220.00323486328125,-221.06939697265625,-5.017882823944092,219.18647874668807,-220.73767495561617,-5.014729064081324,0.8815554416954088,1.0313552771895915,1.0313552771895915,3.572955068128288e-05,1.0318783851743107,3.2122075717711582,nan,nan,nan
10.88,220.00323486328125,-221.0606689453125,-5.017882823944092,219.18645586296185,-220.72885638792906,-5.014784026487391,0.8816105212313299,1.0314129523919136,1.0314129523919136,3.644926468955705e-05,1.0170057275754996,3.221925273315098,nan,nan,nan
10.89,220.00323486328125,-221.05194091796875,-5.017882823944092,219.18643294696116,-220.7200377476919,-5.014840004800745,0.8816656643492121,1.0314707249562753,1.0314707249562753,3.718345014000363e-05,1.0026103422551365,3.226804454784888,nan,nan,nan
10.9,220.00323486328125,-221.04322814941406,-5.017882823944092,219.1769591667562,-220.6909487628635,-5.015604913333535,0.8982413271126689,1.0313842200436745,1.0313842200436745,3.637535786558307e-05,0.9249291426284776,3.347152614569712,3.913374242770584,0.4318236583338139,nan
10.91,220.00323486328125,-221.0345001220703,-5.017882823944092,219.17692034273082,-220.6820958855162,-5.015668950957737,0.8983258507063979,1.031441700523706,1.031441700523706,3.71072678532625e-05,0.9144677679158364,3.2735538418026415,nan,nan,nan
10.92,220.00323486328125,-221.02577209472656,-5.017882823944092,219.1768815714317,-220.67324299878567,-5.013955556009414,0.8984163566347925,1.0314992779784815,1.0314992779784815,3.6325902107368497e-05,1.2070737052715128,3.5869976017144403,nan,2.070196211322043,nan
10.93,220.00323486328125,-221.01705932617188,-5.017882823944092,219.17684277902012,-220.66439006207375,-5.014003969499647,0.8985068348547878,1.0315569525525012,1.0315569525525012,3.7056542724576406e-05,1.1886179128373155,3.670861423270627,nan,nan,nan
10.94,220.00323486328125,-221.00833129882812,-5.017882823944092,219.17680390857637,-220.65553702338175,-5.014422448931969,0.8985899497976627,1.0316147243902651,1.0316147243902651,3.6278004605810336e-05,1.1127744981141319,3.5423657532130868,nan,0.08938657294592206,nan
10.950000000000001,220.00323486328125,-220.99960327148438,-5.017882823944092,219.1413046253273,-220.65379779860692,-5.014603590810134,0.9287173485734443,1.0315282217886887,1.0315282217886887,3.698391479193666e-05,1.126901079417572,3.6940569608662313,9.746763281270386,nan,nan
10.96,220.00323486328125,-220.99087524414062,-5.017882823944092,219.14120590601823,-220.64495676788232,-5.014921995204465,0.9288499781362245,1.0315857018396222,1.0315857018396222,3.620912222331993e-05,1.0784449042697897,3.6789558019335447,nan,0.04480297134477311,nan
10.97,220.00323486328125,-220.98216247558594,-5.017882823944092,219.14110715883947,-220.63611574990102,-5.014983461393423,0.9289891933852058,1.031643278768649,1.031643278768649,3.693651632422247e-05,1.0641294695713546,3.765091585640084,nan,nan,nan
10.98,220.00323486328125,-220.9734344482422,-5.017882823944092,219.14100829052452,-220.62727480898403,-5.016199113247366,0.9291200102790054,1.0317009527202692,1.0317009527202692,3.616441527267767e-05,0.9151245412883999,3.5536966563503434,nan,0.8783217599801214,nan
10.99,220.00323486328125,-220.96470642089844,-5.017882823944092,219.14090938088475,-220.6184339129637,-5.016273967000586,0.9292537198001615,1.0317587238389831,1.0317587238389831,3.689074895014066e-05,0.9070945489331605,3.5571389677035583,nan,nan,nan
11.0,220.00323486328125,-220.9559783935547,-5.017882823944092,219.14756254196135,-220.6110419091887,-5.017011394701799,0.9225817357333004,1.031672223528122,1.031672223528122,3.609890796392638e-05,0.846062235782617,3.471326469491021,0.3307301083231763,0.29289754686548364,nan
11.01,220.00323486328125,-220.947265625,-5.017882823944092,219.14747528211208,-220.60220323957748,-5.017094925012719,0.9227096679785228,1.0317297031525592,1.0317297031525592,3.6823337009530196e-05,0.8420673371029296,3.5519657963089974,nan,nan,nan
11.02,220.00323486328125,-220.93853759765625,-5.017882823944092,219.14738820995686,-220.59336453546814,-5.0172081768562355,0.922831724647333,1.0317872795600544,1.0317872795600544,3.605736936134484e-05,0.8380042138881998,3.4821573831660397,nan,0.0005463680279521972,nan
11.03,220.00323486328125,-220.9298095703125,-5.017882823944092,219.14730124117483,-220.58452585965995,-5.0172939404065025,0.9229537112326014,1.031844952895108,1.031844952895108,3.678087394173417e-05,0.8349818677599199,3.478029482560604,nan,nan,nan
11.040000000000001,220.00323486328125,-220.92108154296875,-5.017882823944092,219.1472143426306,-220.57568722896337,-5.016315276500374,0.9230768229823744,1.03190272330222,1.03190272330222,3.601737953615132e-05,0.8939482312117122,3.5396133558008573,nan,0.7558664490533645,nan
11.05,220.00323486328125,-220.91236877441406,-5.017882823944092,219.14995992065295,-220.5628739462019,-5.01633121016355,0.9220776378210809,1.0318162252619887,1.0318162252619887,3.6716923748492336e-05,0.8895773040261848,3.607708611708337,0.32664996662078977,nan,nan
11.06,220.00323486328125,-220.9036407470703,-5.017882823944092,219.14987786861874,-220.55402883525701,-5.014413041817223,0.922203171003646,1.0318737044625188,1.0318737044625188,3.5956781000158825e-05,1.159006489457691,3.811429595926941,nan,2.659705636609045,nan
11.07,220.00323486328125,-220.89491271972656,-5.017882823944092,219.14979569212775,-220.54518376257766,-5.014471045057604,0.9223233720137385,1.0319312803526588,1.0319312803526588,3.6677712717041114e-05,1.1417116796003186,3.82116030079303,nan,nan,nan
11.08,220.00323486328125,-220.8861846923828,-5.017882823944092,219.1497133869411,-220.53633864120874,-5.015232242450717,0.9224414321127433,1.031988953076909,1.031988953076909,3.5919899175657203e-05,1.0201060290806814,3.7023052062952533,nan,0.3303276777749022,nan
11.09,220.00323486328125,-220.87747192382812,-5.017882823944092,219.149630919759,-220.52749351219722,-5.015298833711636,0.9225677525309114,1.0320467227797698,1.0320467227797698,3.66400854150212e-05,1.0069280424679052,3.770252224533359,nan,nan,nan
11.1,220.00323486328125,-220.86874389648438,-5.017882823944092,219.18730150987065,-220.52336707903595,-5.014653351560067,0.8860264176256533,1.0319602269903028,1.0319602269903028,3.586252654600865e-05,1.0515382707904375,3.6339867718454997,10.15313598700261,0.2911307995724403,nan
11.11,220.00323486328125,-220.86001586914062,-5.017882823944092,219.1872823769471,-220.51452978988857,-5.014714413048796,0.8860864121175902,1.0320177057695032,1.0320177057695032,3.658112482568486e-05,1.0352070732288545,3.641834345323298,nan,nan,nan
11.120000000000001,220.00323486328125,-220.85128784179688,-5.017882823944092,219.18726322095304,-220.50569243491185,-5.015952629097681,0.8861431216208606,1.0320752811464244,1.0320752811464244,3.582868140256559e-05,0.8648268823318264,3.4838740672903974,nan,0.9312909596301697,nan
11.13,220.00323486328125,-220.8425750732422,-5.017882823944092,219.18724390140764,-220.49685501390667,-5.016027211062492,0.8862093728829209,1.032132953265567,1.032132953265567,3.654664994542577e-05,0.8551297674498104,3.550247480771836,nan,nan,nan
11.14,220.00323486328125,-220.83384704589844,-5.017882823944092,219.1872245755021,-220.48801752243,-5.014314628939423,0.8862751159089298,1.0321907222714306,1.0321907222714306,3.5796311869458854e-05,1.116654065197572,3.7678854708090657,nan,2.1566784871757374,nan
11.15,220.00323486328125,-220.8251190185547,-5.017882823944092,219.18558094105876,-220.50721041514677,-5.01434685469512,0.8772891881957299,1.0321042287130786,1.0321042287130786,3.64909378995563e-05,1.0883193655651209,3.602187457652237,5.492609846385982,nan,nan
11.16,220.00323486328125,-220.81639099121094,-5.017882823944092,219.18555880944828,-220.49841982954413,-5.01478399476078,0.877330833497775,1.032161707073515,1.032161707073515,3.5743555626779734e-05,1.0143728851596463,3.555375204215011,nan,0.09641620491521091,nan
11.17,220.00323486328125,-220.80767822265625,-5.017882823944092,219.1855365708903,-220.48962941851977,-5.014848402098682,0.8773794771406895,1.0322192819413145,1.0322192819413145,3.6459521350307785e-05,0.9983040245410261,3.595607913107993,nan,nan,nan
11.18,220.00323486328125,-220.7989501953125,-5.017882823944092,219.185514267068,-220.4808392088607,-5.013106002955606,0.8774305620340999,1.0322769534609775,1.0322769534609775,3.5714101029952684e-05,1.3846975811185196,3.960712681452674,nan,2.2145149688993646,nan
11.19,220.00323486328125,-220.79022216796875,-5.017882823944092,219.1854918132747,-220.47204890668039,-5.013154624891398,0.8774738035401285,1.0323347217770042,1.0323347217770042,3.642958657489584e-05,1.3594953198730781,3.9791559095175675,nan,nan,nan
11.200000000000001,220.00323486328125,-220.781494140625,-5.017882823944092,219.18437147081474,-220.45070943837783,-5.012341782118757,0.8831684312219408,1.032248230430331,1.032248230430331,3.566432663324359e-05,1.616481664292829,4.401215963325388,2.2267350426717876,0.7146769428854991,nan
11.21,220.00323486328125,-220.7727813720703,-5.017882823944092,219.18434733714076,-220.44189769928786,-5.012385516007787,0.8832276070057107,1.0323057083745566,1.0323057083745566,3.637848845972794e-05,1.586370565098501,4.455779494722843,nan,nan,nan
11.22,220.00323486328125,-220.76405334472656,-5.017882823944092,219.18432313854117,-220.43308599928125,-5.013365872616803,0.8832758343332949,1.0323632827372924,1.0323632827372924,3.563768313013024e-05,1.3282066357423927,4.16558252536656,nan,0.5958595527226438,nan
11.23,220.00323486328125,-220.7553253173828,-5.017882823944092,219.18429884085035,-220.42427449318188,-5.013420637948269,0.8833293656065817,1.0324209536630387,1.0324209536630387,3.635146118758295e-05,1.3034875100805567,4.154445459085449,nan,nan,nan
11.24,220.00323486328125,-220.74659729003906,-5.017882823944092,219.1842742850501,-220.41546319545887,-5.013812309558861,0.883381450098152,1.0324787212962958,1.0324787212962958,3.56123993206509e-05,1.2210605911625914,4.108154432039964,nan,0.07689467001396927,nan
11.25,220.00323486328125,-220.73788452148438,-5.017882823944092,219.16253018431453,-220.41927336282174,-5.013848016336728,0.8990626826497161,1.0323922321420747,1.0323922321420747,3.630332050050742e-05,1.231371175399644,4.150209551041743,4.398316829220436,nan,nan
11.26,220.00323486328125,-220.72915649414062,-5.017882823944092,219.16246921240656,-220.4104831807221,-5.01230344069814,0.8991499818680284,1.0324497096726306,1.0324497096726306,3.5566833801230606e-05,1.6582704999209172,4.5537408240203625,nan,1.7612240219228898,nan
11.27,220.00323486328125,-220.72042846679688,-5.017882823944092,219.16240827863385,-220.4016930701059,-5.012349264770954,0.899228679942258,1.0325072835343223,1.0325072835343223,3.627908039876155e-05,1.6271445649777196,4.547011630732021,nan,nan,nan
11.28,220.00323486328125,-220.71170043945312,-5.017882823944092,219.16234730388203,-220.39290310726645,-5.013291122289047,0.8993023464251657,1.03256495387165,1.03256495387165,3.554420046717122e-05,1.376387338818649,4.324218737882258,nan,0.5482081349225087,nan
11.290000000000001,220.00323486328125,-220.70298767089844,-5.017882823944092,219.16228631586804,-220.38411330027256,-5.013347936422518,0.8993863957405978,1.0326227208291134,1.0326227208291134,3.62561852245071e-05,1.3505404656356617,4.382799029792536,nan,nan,nan
11.3,220.00323486328125,-220.6942596435547,-5.017882823944092,219.15566890559384,-220.36695824477897,-5.015643958006442,0.9085699041855836,1.0325362338483242,1.0325362338483242,3.550131462925772e-05,0.9406746582331644,4.017977451214811,0.7854105790060533,3.4106289344435297,nan
11.31,220.00323486328125,-220.68553161621094,-5.017882823944092,219.1555966269709,-220.35815432079045,-5.015725085801175,0.9086644755057091,1.0325937109677406,1.0325937109677406,3.6212191199009755e-05,0.9281752952424402,4.003074749748634,nan,nan,nan
11.32,220.00323486328125,-220.6768035888672,-5.017882823944092,219.1555240399532,-220.34935053316474,-5.016620123903193,0.9087577994646172,1.03265128433237,1.03265128433237,3.548120881536959e-05,0.844663812405232,3.925636698356645,nan,0.45396850461097743,nan
11.33,220.00323486328125,-220.6680908203125,-5.017882823944092,219.15545133694002,-220.34054679501554,-5.016711066041631,0.9088582777638605,1.0327089540867131,1.0327089540867131,3.619190217259394e-05,0.8377965519276983,3.964734386252381,nan,nan,nan
11.34,220.00323486328125,-220.65936279296875,-5.017882823944092,219.15537855893095,-220.33174293402948,-5.016684770652645,0.9089535302366282,1.03276672037527,1.03276672037527,3.5462321019424985e-05,0.8404571265745453,3.9215106126975137,nan,0.00959626106349493,nan
11.35,220.00323486328125,-220.650634765625,-5.017882823944092,219.1267960525172,-220.3241804705762,-5.016754089801327,0.9352639572923157,1.0326802355490947,1.0326802355490947,3.6150530748708564e-05,0.8822787151419913,4.090930160899062,5.663755150915099,nan,nan
11.36,220.00323486328125,-220.64190673828125,-5.017882823944092,219.1266755148587,-220.3153785532323,-5.018545525984552,0.9354022589839678,1.0327377122598889,1.0327377122598889,3.5423170971667545e-05,0.859638169764006,4.074934738198582,nan,1.9896538408225675,nan
11.370000000000001,220.00323486328125,-220.63319396972656,-5.017882823944092,219.12655481982083,-220.3065767635038,-5.0186555119965615,0.935546522119212,1.032795285131401,1.032795285131401,3.613271371269541e-05,0.8639779155160104,4.11929315109508,nan,nan,nan
11.38,220.00323486328125,-220.6244659423828,-5.017882823944092,219.12643387877046,-220.2977752234711,-5.019549971325439,0.9356866845491313,1.0328529543081313,1.0328529543081313,3.540662922359092e-05,0.9261575699166377,4.131439466073268,nan,0.4233173984934769,nan
11.39,220.00323486328125,-220.61573791503906,-5.017882823944092,219.12631278677082,-220.28897382284404,-5.019669784216872,0.9358259952824606,1.0329107199345797,1.0329107199345797,3.611608563658333e-05,0.93627895361454,4.130542072460347,nan,nan,nan
11.4,220.00323486328125,-220.6070098876953,-5.017882823944092,219.16502397836788,-220.2760187935925,-5.020441862886317,0.9011987242794639,1.0328242372444016,1.0328242372444016,3.53698278087577e-05,0.9714903064768371,3.9948726326452872,10.566405644359802,0.29392902313851776,nan
11.41,220.00323486328125,-220.59829711914062,-5.017882823944092,219.16496777801888,-220.2672104138515,-5.020570149543255,0.9012864885109274,1.0328817135490798,1.0328817135490798,3.607834776881206e-05,0.9866179516493675,4.062602075202512,nan,nan,nan
11.42,220.00323486328125,-220.58956909179688,-5.017882823944092,219.16491158291979,-220.25840217350165,-5.0215195580099765,0.9013715526927997,1.0329392859313824,1.0329392859313824,3.535550062345166e-05,1.1606304706783521,4.177597433703602,nan,0.4649630082028988,nan
11.43,220.00323486328125,-220.58084106445312,-5.017882823944092,219.1648553579592,-220.24959396315785,-5.021658276100914,0.9014538763018107,1.0329969545358095,1.0329969545358095,3.606399703538777e-05,1.1818907595500745,4.173275961178464,nan,nan,nan
11.44,220.00323486328125,-220.57211303710938,-5.017882823944092,219.16479911371957,-220.24078558189828,-5.021481310111791,0.9015349897937517,1.0330547195068618,1.0330547195068618,3.534223748803235e-05,1.1531384036572074,4.126808761492296,nan,0.06942667405653591,nan
11.450000000000001,220.00323486328125,-220.5634002685547,-5.017882823944092,219.17688332455887,-220.26356098743832,-5.021657979046638,0.8790760557797411,1.0329682389342605,1.0329682389342605,3.602852998489364e-05,1.1436667535023506,4.006870654283515,8.001227633498447,nan,nan
11.46,220.00323486328125,-220.55467224121094,-5.017882823944092,219.17684753693962,-220.25480505210254,-5.021187850344017,0.8791173229105121,1.0330257148353168,1.0330257148353168,3.530867210142249e-05,1.0574919326940706,3.8846301561729137,nan,0.2575001228099163,nan
11.47,220.00323486328125,-220.5459442138672,-5.017882823944092,219.17681168805674,-220.24604929689292,-5.021322004094054,0.8791609942071247,1.0330832867322814,1.0330832867322814,3.601631825304592e-05,1.076566199738941,3.882189643920557,nan,nan,nan
11.48,220.00323486328125,-220.53721618652344,-5.017882823944092,219.17677590261738,-220.237293592725,-5.016996282644247,0.8791977945194512,1.033140954769655,1.033140954769655,3.52974352410777e-05,0.7704588184338167,3.557253510941728,nan,13.81078874587706,nan
11.49,220.00323486328125,-220.52850341796875,-5.017882823944092,219.17674026871416,-220.22853791196,-5.017088045394856,0.8792458423652966,1.0331987190919376,1.0331987190919376,3.600513269369037e-05,0.7657762360944119,3.56136745579959,nan,nan,nan
11.5,220.00323486328125,-220.519775390625,-5.017882823944092,219.1566200456598,-220.2301518185933,-5.016410379418596,0.8947852429412859,1.0331122406186866,1.0331122406186866,3.5265881132689485e-05,0.8364557135642772,3.713657323415559,3.959851721758276,0.5247928103391989,nan
11.51,220.00323486328125,-220.51104736328125,-5.017882823944092,219.15655087463767,-220.2214133522979,-5.016497425046579,0.8948539301326244,1.033169716118603,1.033169716118603,3.5972775587327876e-05,0.8284084118032152,3.7092257799996604,nan,nan,nan
11.52,220.00323486328125,-220.50233459472656,-5.017882823944092,219.15648167397947,-220.21267494174955,-5.018791839373913,0.8949270944968349,1.033227287534066,1.033227287534066,3.525653863178844e-05,0.798574990847492,3.68064384668014,nan,3.387029901547414,nan
11.53,220.00323486328125,-220.4936065673828,-5.017882823944092,219.15641244716875,-220.2039364481783,-5.018902606139661,0.8949961018609526,1.0332849550095757,1.0332849550095757,3.5963533432143754e-05,0.8041309694442292,3.6809915125422825,nan,nan,nan
11.540000000000001,220.00323486328125,-220.48487854003906,-5.017882823944092,219.15634326682317,-220.19519782078396,-5.0202142662233955,0.8950674448791937,1.033342718689632,1.033342718689632,3.52481042799113e-05,0.9295003854095325,3.804977310405354,nan,1.0018937583723424,nan
11.55,220.00323486328125,-220.4761505126953,-5.017882823944092,219.12763464069081,-220.2370328058503,-5.020349688958218,0.9076668513007583,1.0332562422976963,1.0332562422976963,3.593309867693e-05,0.9666908586886956,4.105556716037405,23.4082179611494,nan,nan
11.56,220.00323486328125,-220.46743774414062,-5.017882823944092,219.12751775217689,-220.22837825228495,-5.019273446303632,0.9077619914701277,1.033313717398944,1.033313717398944,3.521928935669232e-05,0.8523717065005404,3.9328805358929193,nan,1.0076705512334232,nan
11.57,220.00323486328125,-220.45870971679688,-5.017882823944092,219.12740065510712,-220.2197236824952,-5.019388489320778,0.9078557990272867,1.0333712883367059,1.0333712883367059,3.592566462428512e-05,0.8606868024974994,3.97600354756931,nan,nan,nan
11.58,220.00323486328125,-220.44998168945312,-5.017882823944092,219.12728360325775,-220.21106913647574,-5.02160575577778,0.9079557688171618,1.0334289552554823,1.0334289552554823,3.521256481623469e-05,1.191319213513751,4.2809518450772615,nan,3.0798510109487967,nan
11.59,220.00323486328125,-220.44125366210938,-5.017882823944092,219.12716659916,-220.20241465888654,-5.021743349274706,0.9080498755667091,1.0334867182997733,1.0334867182997733,3.591909640842968e-05,1.2127460974083488,4.280596083602634,nan,nan,nan
11.6,220.00323486328125,-220.4325408935547,-5.017882823944092,219.12608849324505,-220.17257384378766,-5.021546761741721,0.9148672285487334,1.0334002439713055,1.0334002439713055,3.5185434310480764e-05,1.1914512093294922,4.090765058272734,3.3692212925962597,0.04683534629861281,nan
11.61,220.00323486328125,-220.42381286621094,-5.017882823944092,219.12596962917357,-220.16388392753964,-5.021682283549039,0.9149709175848603,1.0334577186763434,1.0334577186763434,3.589126376388065e-05,1.2122666570159606,4.119529126380693,nan,nan,nan
11.620000000000001,220.00323486328125,-220.4150848388672,-5.017882823944092,219.12585057369984,-220.15519365102622,-5.022646869322205,0.9150788584870894,1.0335152891401702,1.0335152891401702,3.518029317464768e-05,1.4553303321651299,4.352000559688451,nan,0.4789894602136768,nan
11.63,220.00323486328125,-220.40635681152344,-5.017882823944092,219.12573152406867,-220.146503338412,-5.022792874166394,0.9151830671567791,1.0335729555072866,1.0335729555072866,3.588631640121136e-05,1.4821353608424754,4.35755267096762,nan,nan,nan
11.64,220.00323486328125,-220.39764404296875,-5.017882823944092,219.125612529066,-220.13781308151468,-5.020979727963999,0.915282841999181,1.0336307179221922,1.0336307179221922,3.5175910003191156e-05,1.0831291118684458,3.9189899801961547,nan,2.685838860296256,nan
11.65,220.00323486328125,-220.388916015625,-5.017882823944092,219.12517186533685,-220.10795653531244,-5.021062968378232,0.9219235170312279,1.0335442456395305,1.0335442456395305,3.586007564922654e-05,1.104369496247119,3.878117132351622,3.198289266684871,nan,nan
11.66,220.00323486328125,-220.38018798828125,-5.017882823944092,219.12505233873208,-220.099231291535,-5.021558174416354,0.9220383506510001,1.0336017199508059,1.0336017199508059,3.5151046287152275e-05,1.2067938306961499,3.965334350262192,nan,0.09405400946590745,nan
11.67,220.00323486328125,-220.3714599609375,-5.017882823944092,219.124932853953,-220.09050600580693,-5.021691555435043,0.9221518589305804,1.0336592899444295,1.0336592899444295,3.5856622017512066e-05,1.2272272374775517,3.9770960286213337,nan,nan,nan
11.68,220.00323486328125,-220.3627471923828,-5.017882823944092,219.12481322362643,-220.08178070566802,-5.022315644650144,0.9222724074643682,1.0337169557649015,1.0337169557649015,3.51480732537862e-05,1.381884135682464,4.095059388773005,nan,0.167933027654352,nan
11.69,220.00323486328125,-220.35401916503906,-5.017882823944092,219.1246935843918,-220.07305531556318,-5.022455540111395,0.9223862385997398,1.0337747175567222,1.0337747175567222,3.5853882991784654e-05,1.4061725490048558,4.085304032325731,nan,nan,nan
11.700000000000001,220.00323486328125,-220.3452911376953,-5.017882823944092,219.15300945874804,-220.10337062535606,-5.022644875346372,0.8839861141090932,1.033688247302387,1.033688247302387,3.5124589417416145e-05,1.4015622883990995,4.0616151974829755,16.226455279159346,7.447750450025174e-05,nan
11.71,220.00323486328125,-220.33656311035156,-5.017882823944092,219.15293729405133,-220.094710155786,-5.022787587568811,0.884037818521708,1.0337457212223355,1.0337457212223355,3.582977081648271e-05,1.42740415810084,4.062874082596802,nan,nan,nan
11.72,220.00323486328125,-220.32785034179688,-5.017882823944092,219.15286503294942,-220.0860498262399,-5.021448862688161,0.8840865649327141,1.0338032907494537,1.0338032907494537,3.512290971096787e-05,1.1181006082806626,3.6898677450019264,nan,1.5407334961718657,nan
11.73,220.00323486328125,-220.31912231445312,-5.017882823944092,219.15279281391005,-220.07738950190438,-5.021578765414102,0.884138050298005,1.0338609560282417,1.0338609560282417,3.5828353026313846e-05,1.1373465092973811,3.7254874052762483,nan,nan,nan
11.74,220.00323486328125,-220.31039428710938,-5.017882823944092,219.15272054664865,-220.06872910699005,-5.02128535636554,0.8841878981901984,1.0339187172031998,1.0339187172031998,3.512184881799512e-05,1.0857600496880322,3.6562611314663496,nan,0.12616424994837772,nan
11.75,220.00323486328125,-220.30166625976562,-5.017882823944092,219.1524261849053,-220.04690678505065,-5.021452079454479,0.888138804884567,1.0338322489598921,1.0338322489598921,3.580553022433172e-05,1.11876434060929,3.637245201140142,1.2704393826410754,nan,nan
11.76,220.00323486328125,-220.29295349121094,-5.017882823944092,219.1523537641539,-220.03822453231487,-5.021450590289405,0.8881994237270899,1.0338897224909382,1.0338897224909382,3.5100198460391736e-05,1.1256730118698217,3.5997496235843385,nan,0.012003317372528403,nan
11.77,220.00323486328125,-220.2842254638672,-5.017882823944092,219.15228129915553,-220.02954226302376,-5.02157939613949,0.888256250040557,1.0339472915552155,1.0339472915552155,3.580531810044917e-05,1.1447182988487856,3.6154948762997456,nan,nan,nan
11.78,220.00323486328125,-220.27549743652344,-5.017882823944092,219.1522088723436,-220.02086006813934,-5.021633118660644,0.8883127215904519,1.034004956297224,1.034004956297224,3.510027388859202e-05,1.1638359275506376,3.6134248780108065,nan,0.0040395485586659065,nan
11.790000000000001,220.00323486328125,-220.2667694091797,-5.017882823944092,219.152136275687,-220.01217799008415,-5.021762769459043,0.888369658677727,1.0340627168614644,1.0340627168614644,3.580568288328712e-05,1.1836247121751082,3.606864503671933,nan,nan,nan
11.8,220.00323486328125,-220.258056640625,-5.017882823944092,219.21350467137646,-220.01083124166104,-5.023253581410414,0.827540342783744,1.0339762506120618,1.0339762506120618,3.507972881994841e-05,1.4845627495688265,3.8705028033517466,26.62195963616779,1.3899419320282071,nan
11.81,220.00323486328125,-220.24932861328125,-5.017882823944092,219.21353388527052,-220.00216137150136,-5.0233981914693,0.8274960418993665,1.034033723756618,1.034033723756618,3.578456138596164e-05,1.5122498529882047,3.9118247530245975,nan,nan,nan
11.82,220.00323486328125,-220.2406005859375,-5.017882823944092,219.21356305294796,-219.99349154354448,-5.024278432063773,0.8274571594171324,1.034091292361686,1.034091292361686,3.5080835883853395e-05,1.8280606374333708,4.208850219756962,nan,0.37925413899437366,nan
11.83,220.00323486328125,-220.23187255859375,-5.017882823944092,219.21359220967955,-219.98482171226468,-5.024432372575949,0.827413160184398,1.034148956571766,1.034148956571766,3.578597807180994e-05,1.8606624464310082,4.208133968634269,nan,nan,nan
11.84,220.00323486328125,-220.22315979003906,-5.017882823944092,219.2136213898311,-219.9761519268007,-5.0243376285666725,0.8273717341427028,1.0342067165313582,1.0342067165313582,3.508243699652452e-05,1.8494793075789795,4.131439545864625,nan,0.04378537054978584,nan
11.85,220.00323486328125,-220.2144317626953,-5.017882823944092,219.19256847857267,-219.9402430051009,-5.024457768838102,0.855805288595487,1.0341202522589137,1.0341202522589137,3.5765877327891996e-05,1.916886824802324,4.075641694518031,8.271296098342038,nan,nan
11.86,220.00323486328125,-220.20570373535156,-5.017882823944092,219.19256275275643,-219.9315281440784,-5.024058540977136,0.8558035201572958,1.034177725019381,1.034177725019381,3.5063340047901464e-05,1.7958892561770954,3.945671266212283,nan,0.21539181075230907,nan
11.870000000000001,220.00323486328125,-220.1969757080078,-5.017882823944092,219.19255697252163,-219.9228132498348,-5.024208440386246,0.8558058830490172,1.0342352931688386,1.0342352931688386,3.576824381123959e-05,1.826806681318078,3.9645125651580613,nan,nan,nan
11.88,220.00323486328125,-220.18826293945312,-5.017882823944092,219.19255120712035,-219.91409826854186,-5.0245800035417405,0.855814880308151,1.0342929568517867,1.0342929568517867,3.506583490363203e-05,1.9871775866882824,4.0835712594677425,nan,0.034235792291498306,nan
11.89,220.00323486328125,-220.17953491210938,-5.017882823944092,219.19254554568022,-219.90538318088028,-5.024734122324583,0.8558173179469061,1.0343507162127257,1.0343507162127257,3.5771065610322554e-05,2.020296028620907,4.103896616977421,nan,nan,nan
11.9,220.00323486328125,-220.17080688476562,-5.017882823944092,219.20049406730217,-219.88091416067212,-5.023776714415793,0.8535017955202946,1.0342642539004638,1.0342642539004638,3.504760275449518e-05,1.695462969819162,3.7335740838049283,2.3002061121849118,0.7845712398881676,nan
11.91,220.00323486328125,-220.16207885742188,-5.017882823944092,219.20050166715492,-219.87217310033714,-5.023921264522461,0.8535000848967037,1.034321726279232,1.034321726279232,3.575229171394585e-05,1.7241267893531615,3.741774269883959,nan,nan,nan
11.92,220.00323486328125,-220.1533660888672,-5.017882823944092,219.20050925701068,-219.86343196089044,-5.024188567660648,0.8535045166441194,1.0343792939766463,1.0343792939766463,3.505090005228106e-05,1.8386385336796016,3.836468558313968,nan,0.010446428634750702,nan
11.93,220.00323486328125,-220.14463806152344,-5.017882823944092,219.20051670606094,-219.8546907544701,-5.024336339575401,0.8535030923568185,1.034436957137207,1.034436957137207,3.57559302750816e-05,1.8689581960663053,3.8480788171486293,nan,nan,nan
11.94,220.00323486328125,-220.1359100341797,-5.017882823944092,219.20052406784322,-219.8459497189925,-5.022969945460301,0.8534913498691891,1.034494715905414,1.034494715905414,3.505458276220803e-05,1.4423758884708062,3.3880944962735864,nan,1.6159692574419566,nan
11.950000000000001,220.00323486328125,-220.12718200683594,-5.017882823944092,219.14777035713792,-219.88311915316174,-5.023085823059586,0.8896141124186636,1.0344082555367295,1.0344082555367295,3.5737945148673044e-05,1.5225535404891497,3.5956915576184607,33.91030454057332,nan,nan
11.96,220.00323486328125,-220.11846923828125,-5.017882823944092,219.14769019156552,-219.8744544952496,-5.023705860241377,0.8896818464314646,1.0344657275361768,1.0344657275361768,3.5037465502418225e-05,1.7328861250544296,3.751428905452512,nan,0.16565377115823235,nan
11.97,220.00323486328125,-220.1097412109375,-5.017882823944092,219.1476101076741,-219.8657899376455,-5.0238467782682354,0.8897423868175367,1.034523294785083,1.034523294785083,3.574231256825855e-05,1.7603331891988154,3.7914346497112557,nan,nan,nan
11.98,220.00323486328125,-220.10101318359375,-5.017882823944092,219.14753011934542,-219.85712545220454,-5.023364849564359,0.8897987901325571,1.0345809574279485,1.0345809574279485,3.5041833018656786e-05,1.6228695991840056,3.6309940042307134,nan,0.27402539204595255,nan
11.99,220.00323486328125,-220.09228515625,-5.017882823944092,219.14745003491913,-219.84846088921776,-5.023501389261193,0.8898592663589063,1.0346387156092736,1.0346387156092736,3.5747030908678423e-05,1.6484106858841203,3.639907464083351,nan,nan,nan
12.0,220.00323486328125,-220.0835723876953,-5.017882823944092,219.13249646669908,-219.8395378172525,-5.022915394197561,0.9043027997396935,1.0345522571677281,1.0345522571677281,3.5025375556057896e-05,1.5135247364961764,3.5210431673313876,1.5455164194982518,0.3862435516407703,nan
12.01,220.00323486328125,-220.07484436035156,-5.017882823944092,219.132391449899,-219.83087269117001,-5.0230468335019465,0.9043876895387349,1.0346097287902212,1.0346097287902212,3.57300532239081e-05,1.536876731141626,3.580375943350938,nan,nan,nan
12.02,220.00323486328125,-220.0661163330078,-5.017882823944092,219.13228632246285,-219.82220743374776,-5.021504924765246,0.9044644998596206,1.0346672955941236,1.0346672955941236,3.503035022129663e-05,1.1651551356793,3.192507578388578,nan,1.9763261283455502,nan
12.030000000000001,220.00323486328125,-220.05738830566406,-5.017882823944092,219.13218116575518,-219.8135420950085,-5.021621877058262,0.9045493347203883,1.0347249577239355,1.0347249577239355,3.5735388551263466e-05,1.1819605460055536,3.2093995619332185,nan,nan,nan
12.040000000000001,220.00323486328125,-220.04867553710938,-5.017882823944092,219.13207595370653,-219.80487682157414,-5.021569640941991,0.9046376357678342,1.0347827153241569,1.0347827153241569,3.503561826008444e-05,1.1788135650020934,3.15887226221118,nan,0.020434568789435545,nan
12.05,220.00323486328125,-220.03994750976562,-5.017882823944092,219.15847988111508,-219.77652400169413,-5.0217298213423724,0.8848828871032792,1.0346962587934774,1.0346962587934774,3.571900451090144e-05,1.1710747948533033,3.0310580088131394,7.638481412359996,nan,nan
12.06,220.00323486328125,-220.03121948242188,-5.017882823944092,219.15841837309583,-219.7678261428593,-5.021901049775934,0.884933387071582,1.0347537300413716,1.0347537300413716,3.501999508994399e-05,1.217844546079967,3.0869054784301335,nan,0.0018798016576634744,nan
12.07,220.00323486328125,-220.02249145507812,-5.017882823944092,219.15835685454067,-219.75912831240407,-5.0220223688227215,0.8849836893437086,1.0348112964037433,1.0348112964037433,3.572488296148863e-05,1.2364936322894042,3.095557166286703,nan,nan,nan
12.08,220.00323486328125,-220.01377868652344,-5.017882823944092,219.15829546013316,-219.7504304864708,-5.022505152128798,0.8850402450629339,1.034868958025092,1.034868958025092,3.502577272861938e-05,1.3668887525826618,3.196050158478357,nan,0.09161053168806867,nan
12.09,220.00323486328125,-220.0050506591797,-5.017882823944092,219.1582341640448,-219.74173277394803,-5.022632069605893,0.8850904166961109,1.0349267150499186,1.0349267150499186,3.573102507293579e-05,1.3881790589780623,3.224782774956547,nan,nan,nan
12.1,220.00323486328125,-219.99632263183594,-5.017882823944092,219.16555446256876,-219.74135631907671,-5.02197406450436,0.8756329211657057,1.0348402604139941,1.0348402604139941,3.501063911606927e-05,1.2189933877304913,3.1189881966293513,1.5157032266288892,0.5828395910820593,nan
12.11,220.00323486328125,-219.98760986328125,-5.017882823944092,219.16550570717982,-219.73267252129202,-5.022096611498348,0.8756717097911206,1.0348977312896337,1.0348977312896337,3.571538306158434e-05,1.2380794123786458,3.1016234145723396,nan,nan,nan
12.120000000000001,220.00323486328125,-219.9788818359375,-5.017882823944092,219.16545700143334,-219.72398860465904,-5.022803749780191,0.8757091530097857,1.034955297213917,1.034955297213917,3.501686185321695e-05,1.4324810265164216,3.322513757437621,nan,0.24014148220635087,nan
12.13,220.00323486328125,-219.97015380859375,-5.017882823944092,219.1654080648681,-219.71530457035428,-5.022934387443149,0.8757439104351502,1.0350129583313445,1.0350129583313445,3.572197685757687e-05,1.4553171089923782,3.334470506415975,nan,nan,nan
12.14,220.00323486328125,-219.96142578125,-5.017882823944092,219.16535910934527,-219.7066204468755,-5.021918940365235,0.8757727032142814,1.035070714786416,1.035070714786416,3.50233020368379e-05,1.2061006537977876,3.0833939321596473,nan,0.9281556172839303,nan
12.15,220.00323486328125,-219.9527130126953,-5.017882823944092,219.1320120328026,-219.70960388924019,-5.022075698499495,0.9045158077399074,1.0349842620292964,1.0349842620292964,3.5706768581301155e-05,1.2828261579187017,3.2997706204256687,8.683294161209398,nan,nan
12.16,220.00323486328125,-219.94398498535156,-5.017882823944092,219.1319083496201,-219.700939329953,-5.022571520028816,0.9046010545472528,1.035041732535014,1.035041732535014,3.500877253472798e-05,1.4185310725663833,3.471424300478587,nan,0.09793484154250469,nan
12.17,220.00323486328125,-219.9352569580078,-5.017882823944092,219.13180488213087,-219.6922747565735,-5.02269965319806,0.9046843450097286,1.0350992980246219,1.0350992980246219,3.571375342475855e-05,1.440339625018666,3.4819341646566593,nan,nan,nan
12.18,220.00323486328125,-219.92652893066406,-5.017882823944092,219.13170148787464,-219.68361003864635,-5.019855898678589,0.9047562685998182,1.03515695864262,1.03515695864262,3.501557923098372e-05,0.9019584066601278,2.932384782939956,nan,6.235376199336552,nan
12.19,220.00323486328125,-219.91781616210938,-5.017882823944092,219.13159799510186,-219.6749452391281,-5.019956605067345,0.9048433100639591,1.0352147145335087,1.0352147145335087,3.572093090533395e-05,0.911279787660162,2.9108558869550483,nan,nan,nan
12.200000000000001,220.00323486328125,-219.90908813476562,-5.017882823944092,219.14800982382698,-219.67481360839489,-5.019054196571557,0.8867332146308841,1.0351282636394024,1.0351282636394024,3.500140157345504e-05,0.7988123022274662,2.8049153702168352,2.410889939916432,0.6850820408269238,nan
12.21,220.00323486328125,-219.90036010742188,-5.017882823944092,219.14793340607724,-219.66616300212468,-5.019146826963667,0.8867865946937393,1.0351857337775194,1.0351857337775194,3.570624981688697e-05,0.8044054532073005,2.8117345330201875,nan,nan,nan
12.22,220.00323486328125,-219.89163208007812,-5.017882823944092,219.14785706616877,-219.65751216658305,-5.019023839272652,0.8868396763812074,1.0352432988358344,1.0352432988358344,3.50085224289007e-05,0.7968972140967601,2.79841638985382,nan,0.03309062555231239,nan
12.23,220.00323486328125,-219.88291931152344,-5.017882823944092,219.1477809123853,-219.64886108966056,-5.019116139673749,0.8868969694349036,1.0353009589588476,1.0353009589588476,3.5713745793381406e-05,0.802354843950775,2.7555889887147895,nan,nan,nan
12.24,220.00323486328125,-219.8741912841797,-5.017882823944092,219.1477049026173,-219.64020984751497,-5.01849375796676,0.8869493782272558,1.0353587142910592,1.0353587142910592,3.501579975662171e-05,0.7704720208818412,2.770673712476802,nan,0.36128727002823735,nan
12.25,220.00323486328125,-219.86546325683594,-5.017882823944092,219.10731218242472,-219.58519916885305,-5.018681898901211,0.9387364100783647,1.0352722652443294,1.0352722652443294,3.569937082558802e-05,0.8690876520140467,3.022588510432017,26.621496523367508,nan,nan
12.26,220.00323486328125,-219.8567352294922,-5.017882823944092,219.10716991057046,-219.5764715148751,-5.017832541266816,0.9388717440289193,1.0353297350171558,1.0353297350171558,3.500204234538596e-05,0.8514726330157927,3.0080375627696387,nan,0.6233605541906101,nan
12.27,220.00323486328125,-219.8480224609375,-5.017882823944092,219.10702752077424,-219.56774391186477,-5.017914399812716,0.9390120695874106,1.035387299647531,1.035387299647531,3.5707136642346556e-05,0.8516354960328112,3.013365542671786,nan,nan,nan
12.280000000000001,220.00323486328125,-219.83929443359375,-5.017882823944092,219.10688506164587,-219.55901631899332,-5.015360318905172,0.9391512931617743,1.035444959279956,1.035444959279956,3.500957245182089e-05,1.0335577364755972,3.2006410381687598,nan,4.907050541983858,nan
12.290000000000001,220.00323486328125,-219.83056640625,-5.017882823944092,219.10674260800113,-219.55028861180256,-5.015417772373473,0.9392870074246792,1.0355027140589306,1.0355027140589306,3.5715038847817886e-05,1.0221433293168634,3.2054312600074915,nan,nan,nan
12.3,220.00323486328125,-219.82183837890625,-5.017882823944092,219.11402319000044,-219.50026558617057,-5.015488432714322,0.9455750599693538,1.0354162668440947,1.0354162668440947,3.499605847654567e-05,1.0273452493565438,3.2895297750021073,12.33370258445069,0.0013266998920751225,nan
12.31,220.00323486328125,-219.81312561035156,-5.017882823944092,219.11389328332646,-219.49146967201025,-5.0155488852590935,0.9457253490186734,1.0354737362539292,1.0354737362539292,3.570102182930994e-05,1.0163307505868897,3.3391636940776634,nan,nan,nan
12.32,220.00323486328125,-219.8043975830078,-5.017882823944092,219.11376341434604,-219.4826738666764,-5.01628186969708,0.945869003179349,1.0355313004596898,1.0355313004596898,3.500379982416226e-05,0.9371898908987386,3.238857524330111,nan,0.3183065991804706,nan
12.33,220.00323486328125,-219.79566955566406,-5.017882823944092,219.11363346312783,-219.47387815247254,-5.016351251686718,0.9460141140788985,1.0355889596058765,1.0355889596058765,3.570913815523394e-05,0.9298743644029778,3.2572248084712565,nan,nan,nan
12.34,220.00323486328125,-219.7869415283203,-5.017882823944092,219.11350327719052,-219.46508247468313,-5.015430415940087,0.9461614872741186,1.0356467138369896,1.0356467138369896,3.501165003843278e-05,1.0361825471090582,3.378271381843091,nan,0.6934728525098109,nan
12.35,220.00323486328125,-219.77822875976562,-5.017882823944092,219.11768427257417,-219.47194201233884,-5.015499966523866,0.9370256657959946,1.0355602684387173,1.0355602684387173,3.5695328238421526e-05,1.0069299475483846,3.3171456945757534,1.8301749667341014,nan,nan
12.36,220.00323486328125,-219.76950073242188,-5.017882823944092,219.1175609643359,-219.46317252513788,-5.015098833478342,0.9371568579772597,1.0356177374878475,1.0356177374878475,3.4998413516645526e-05,1.069505452905084,3.371583297396046,nan,0.15194425760273358,nan
12.370000000000001,220.00323486328125,-219.76077270507812,-5.017882823944092,219.1174375138021,-219.4544030040184,-5.01515780224068,0.9372869164855687,1.0356753012722888,1.0356753012722888,3.570362051888083e-05,1.0562211062134295,3.3654639657853167,nan,nan,nan
12.38,220.00323486328125,-219.75204467773438,-5.017882823944092,219.11731391127907,-219.44563352751553,-5.016223924709182,0.9374147844585982,1.0357329599365412,1.0357329599365412,3.500642867402153e-05,0.9270395294763545,3.252852179544565,nan,0.7148013391911442,nan
12.39,220.00323486328125,-219.7433319091797,-5.017882823944092,219.1171903221788,-219.4368642102891,-5.0162947913422915,0.9375499459379725,1.035790713625105,1.035790713625105,3.571200592550603e-05,0.9192407416940693,3.288518384959316,nan,nan,nan
12.4,220.00323486328125,-219.73460388183594,-5.017882823944092,219.1154870133256,-219.43793672047016,-5.0154489397599535,0.9360093875201884,1.0357042700282153,1.0357042700282153,3.499335271768457e-05,1.015188578324722,3.3954299338505596,0.7455568001861691,0.6428907785571761,nan
12.41,220.00323486328125,-219.7258758544922,-5.017882823944092,219.1153608758476,-219.4291834310194,-5.015513154166554,0.9361368634138478,1.0357617387189177,1.0357617387189177,3.5698424494213614e-05,1.0033882327730708,3.392633481484301,nan,nan,nan
12.42,220.00323486328125,-219.71714782714844,-5.017882823944092,219.1152346049262,-219.42043018068708,-5.016128956493388,0.9362632624487824,1.0358193020853073,1.0358193020853073,3.5001500602240344e-05,0.9341563198328102,3.3441649348094327,nan,0.21407982915179044,nan
12.43,220.00323486328125,-219.70843505859375,-5.017882823944092,219.11510835588618,-219.41167704431209,-5.016200624928784,0.9363956652888199,1.035876960271884,1.035876960271884,3.5706944654325006e-05,0.9257159150959904,3.361744198590045,nan,nan,nan
12.44,220.00323486328125,-219.69970703125,-5.017882823944092,219.1149822545445,-219.40292410521707,-5.018163683456501,0.936521692751642,1.035934713423148,1.035934713423148,3.5009721310815456e-05,0.84890187037576,3.2721655049525467,nan,2.5222666377567524,nan
12.450000000000001,220.00323486328125,-219.69097900390625,-5.017882823944092,219.12642038755345,-219.38597395170714,-5.0181874914073665,0.9283489643097882,1.0358482716126072,1.0358482716126072,3.5693495835828605e-05,0.834606276182794,3.177940411552778,1.6060717859631757,nan,nan
12.46,220.00323486328125,-219.6822509765625,-5.017882823944092,219.12631301559247,-219.37720761105533,-5.017227430567942,0.9284631448443821,1.0359057399471472,1.0359057399471472,3.499681528974618e-05,0.8444376223486876,3.201387615566062,nan,0.7819755978673861,nan
12.47,220.00323486328125,-219.6735382080078,-5.017882823944092,219.12620548119048,-219.3684412945788,-5.017310265778932,0.9285822480842962,1.0359633028987243,1.0359633028987243,3.570212148454267e-05,0.8415134489422385,3.23638698611461,nan,nan,nan
12.48,220.00323486328125,-219.66481018066406,-5.017882823944092,219.12609783486386,-219.35967513033472,-5.017644940735014,0.9286963024308899,1.0360209606118387,1.0360209606118387,3.500513523924529e-05,0.8341062621710424,3.2184898546202483,nan,0.04437489349755036,nan
12.49,220.00323486328125,-219.6560821533203,-5.017882823944092,219.12599012914959,-219.35090895036893,-5.017732408850968,0.9288105457982483,1.0360787132309905,1.0360787132309905,3.57108080538258e-05,0.8332816874071559,3.2187348301190015,nan,nan,nan
12.5,220.00323486328125,-219.64735412597656,-5.017882823944092,219.12718863330693,-219.31589278761555,-5.0199425569382985,0.9366578128539258,1.0359922731919107,1.0359922731919107,3.4992328495012726e-05,0.9680846432967126,3.4404824374609078,4.831379610252735,3.275852188045147,nan
12.51,220.00323486328125,-219.63864135742188,-5.017882823944092,219.12708304747238,-219.30708326950315,-5.020053103756926,0.9367910546775953,1.0360497411725422,1.0360497411725422,3.569749189700045e-05,0.9789825440208038,3.510104621769578,nan,nan,nan
12.52,220.00323486328125,-219.62991333007812,-5.017882823944092,219.12697742175052,-219.29827383682172,-5.019374437809274,0.936917329457226,1.0361073037125188,1.0361073037125188,3.500072326156624e-05,0.9107885901476737,3.3810019524710513,nan,0.44103040304171637,nan
12.530000000000001,220.00323486328125,-219.62118530273438,-5.017882823944092,219.12687166629655,-219.28946451091164,-5.019479285579709,0.9370451885829711,1.0361649609563406,1.0361649609563406,3.570625490024942e-05,0.9187841397893426,3.3956783088118487,nan,nan,nan
12.540000000000001,220.00323486328125,-219.61245727539062,-5.017882823944092,219.12676587561612,-219.2806553131017,-5.019400364470228,0.937172732982972,1.0362227130485075,1.0362227130485075,3.500916450674618e-05,0.9133692287194887,3.3849975954867033,nan,0.024117088412466174,nan
12.55,220.00323486328125,-219.60374450683594,-5.017882823944092,219.15464680842416,-219.29429905208812,-5.019487769870696,0.9032501049884513,1.0361362747661451,1.0361362747661451,3.569301728743792e-05,0.8595711339949937,3.159058098950637,8.936720321630212,nan,nan
12.56,220.00323486328125,-219.5950164794922,-5.017882823944092,219.15458730366365,-219.28552683025936,-5.01887444297584,0.9033202680862853,1.036193742395111,1.036193742395111,3.499644957502781e-05,0.8155818850572141,3.087252807515007,nan,0.3653318328977577,nan
12.57,220.00323486328125,-219.58628845214844,-5.017882823944092,219.15452778482626,-219.27675444488523,-5.018974219278808,0.9033914975334928,1.0362513045266715,1.0362513045266715,3.570183478902127e-05,0.8209284140186052,3.0952702371933682,nan,nan,nan
12.58,220.00323486328125,-219.5775604248047,-5.017882823944092,219.15446824619247,-219.26798186304396,-5.01943353271007,0.9034633699734922,1.0363089613053265,1.0363089613053265,3.500494271054983e-05,0.8563410280518031,3.124257238772199,nan,0.0907628454384763,nan
12.59,220.00323486328125,-219.56884765625,-5.017882823944092,219.15440870317008,-219.25920924694725,-5.019538848263743,0.9035400029999575,1.0363667128755762,1.0363667128755762,3.5710690139192656e-05,0.8645298756997352,3.1633719191821608,nan,nan,nan
12.6,220.00323486328125,-219.56011962890625,-5.017882823944092,219.15696146015125,-219.22121664266894,-5.0182817328188865,0.9116106987382769,1.0362802763353287,1.0362802763353287,3.499228347065103e-05,0.806486851740001,3.147503314577306,6.2014747679270155,1.175166371371774,nan
12.61,220.00323486328125,-219.5513916015625,-5.017882823944092,219.15690661605905,-219.21239615303546,-5.018374688913547,0.9116960338289328,1.036337743614861,1.036337743614861,3.5697516980679864e-05,0.8088221679618417,3.1581138931683546,nan,nan,nan
12.620000000000001,220.00323486328125,-219.54266357421875,-5.017882823944092,219.15685188729915,-219.203575566283,-5.018213390216933,0.911781184513148,1.036395305341163,1.036395305341163,3.5000810393549904e-05,0.805272357299406,3.163039315594328,nan,0.046045652336880884,nan
12.63,220.00323486328125,-219.53395080566406,-5.017882823944092,219.15679698799605,-219.1947551005282,-5.018306027145692,0.9118722400648553,1.0364529616587341,1.0364529616587341,3.570640763570649e-05,0.8072817703342506,3.2325084788602854,nan,nan,nan
12.64,220.00323486328125,-219.5252227783203,-5.017882823944092,219.15674205865554,-219.18593474492135,-5.0174072174705575,0.9119575999422084,1.0365107127120752,1.0365107127120752,3.500936534061516e-05,0.8088324618420056,3.18450812068886,nan,0.6952990509497444,nan
12.65,220.00323486328125,-219.51649475097656,-5.017882823944092,219.19238559960434,-219.176483137675,-5.017571043177526,0.8792522520827382,1.03642427789948,1.03642427789948,3.56932754531192e-05,0.7486384150165306,3.169271548128017,9.11784203638354,nan,nan
12.66,220.00323486328125,-219.5077667236328,-5.017882823944092,219.19238936016345,-219.1676618064671,-5.015418514257965,0.8792882675373835,1.0364817448317998,1.0364817448317998,3.499674356717669e-05,0.9194543449148707,3.3554048388214617,nan,3.544041946248087,nan
12.67,220.00323486328125,-219.49905395507812,-5.017882823944092,219.1923930779405,-219.1588404891112,-5.015484880734428,0.8793266477319109,1.0365393061559736,1.0365393061559736,3.570218533270419e-05,0.9070112523839289,3.4242526465874192,nan,nan,nan
12.68,220.00323486328125,-219.49032592773438,-5.017882823944092,219.19239682273871,-219.150019147431,-5.01648727392209,0.8793571403424006,1.0365969620165019,1.0365969620165019,3.500531781855833e-05,0.8016030243575452,3.2778866674024645,nan,0.617058739004332,nan
12.69,220.00323486328125,-219.48159790039062,-5.017882823944092,219.1924006974831,-219.14119762996657,-5.016565119790818,0.8793896320031277,1.0366547125578849,1.0366547125578849,3.571111730859037e-05,0.7946026332007196,3.288190429957877,nan,nan,nan
12.700000000000001,220.00323486328125,-219.47286987304688,-5.017882823944092,219.18560145273275,-219.1234167447812,-5.01784821783577,0.8891804564301988,1.0365682794586184,1.0365682794586184,3.499272224335847e-05,0.7627836716968565,3.3388177869967612,0.9819983292239708,0.942681225636828,nan
12.71,220.00323486328125,-219.4641571044922,-5.017882823944092,219.18559454541787,-219.11458064410837,-5.0179406433381475,0.8892352862956391,1.036625746045935,1.036625746045935,3.5698003372250656e-05,0.762894876025949,3.418082470809434,nan,nan,nan
12.72,220.00323486328125,-219.45542907714844,-5.017882823944092,219.18558781302525,-219.10574449486168,-5.019725355863809,0.8892858937401822,1.0366833069710855,1.0366833069710855,3.5001302667830746e-05,0.8598366380736086,3.4415927797259713,nan,2.0197021941470314,nan
12.73,220.00323486328125,-219.4467010498047,-5.017882823944092,219.1855811088575,-219.09690833985778,-5.019836621468384,0.8893348184907856,1.0367409623785697,1.0367409623785697,3.570694314200095e-05,0.8697905997748328,3.4490080788177413,nan,nan,nan
12.74,220.00323486328125,-219.43798828125,-5.017882823944092,219.18557440114762,-219.08807226148357,-5.018923514889469,0.8893879554296898,1.0367987124128883,1.0367987124128883,3.5009898888081824e-05,0.7938700161513775,3.4595807537838885,nan,0.7423849183867746,nan
12.75,220.00323486328125,-219.42926025390625,-5.017882823944092,219.15214333856343,-219.10248784708295,-5.018911041044013,0.9116677281433135,1.0367122810127627,1.0367122810127627,3.569384554285562e-05,0.831323988530437,3.256123063011827,12.100287564979844,nan,nan
12.76,220.00323486328125,-219.4205322265625,-5.017882823944092,219.1520820349119,-219.0936901123943,-5.01916122522907,0.9117502613901031,1.036769747257275,1.036769747257275,3.499730508197143e-05,0.8485029096019184,3.2733776449476926,nan,0.015495968761860606,nan
12.77,220.00323486328125,-219.41180419921875,-5.017882823944092,219.15202072631106,-219.08489243342984,-5.019265614844702,0.911832617150644,1.0368273077864802,1.0368273077864802,3.570278155747324e-05,0.8554611644547374,3.2610375617954324,nan,nan,nan
12.780000000000001,220.00323486328125,-219.40309143066406,-5.017882823944092,219.15195935309455,-219.076094822756,-5.017661208259131,0.9119193083494322,1.0368849627448784,1.0368849627448784,3.500589953254069e-05,0.8034175075493315,3.2488967434388742,nan,2.0631375758056607,nan
12.790000000000001,220.00323486328125,-219.3943634033203,-5.017882823944092,219.15189794250335,-219.0672970513189,-5.01775040212212,0.9120016276447365,1.0369427122769697,1.0369427122769697,3.571172959889084e-05,0.802605690420493,3.215787058870243,nan,nan,nan
12.8,220.00323486328125,-219.38563537597656,-5.017882823944092,219.14291825904104,-219.0602304093127,-5.01530574054523,0.9198041602535596,1.0368562825619316,1.0368562825619316,3.4993313295353014e-05,1.0057491755284345,3.503121109751654,1.1614055671548362,4.964989632477617,nan
12.81,220.00323486328125,-219.3769073486328,-5.017882823944092,219.14284235934562,-219.0514352626658,-5.015372891687689,0.9198987114526666,1.0369137484658273,1.0369137484658273,3.569862101336556e-05,0.9925533493747647,3.514710733321971,nan,nan,nan
12.82,220.00323486328125,-219.36819458007812,-5.017882823944092,219.14276666725237,-219.04264016861455,-5.0164650672624775,0.9199963050113779,1.0369713086021397,1.0369713086021397,3.5001896627565786e-05,0.8736410980579734,3.462516469052896,nan,0.7401380635015964,nan
12.83,220.00323486328125,-219.35946655273438,-5.017882823944092,219.14269105293525,-219.03384520323374,-5.016544660338348,0.9200905952444393,1.037028963115369,1.037028963115369,3.57075597801853e-05,0.866485342931579,3.419990784260564,nan,nan,nan
12.84,220.00323486328125,-219.35073852539062,-5.017882823944092,219.14261544950233,-219.025050254702,-5.0156308864943595,0.9201867724867601,1.0370867121500154,1.0370867121500154,3.501048827969614e-05,0.9613075096393368,3.5222837427556435,nan,0.6977020584037995,nan
12.85,220.00323486328125,-219.34201049804688,-5.017882823944092,219.17843181908262,-219.03377965868376,-5.015634289602125,0.8805176704419452,1.0370002841061443,1.0370002841061443,3.569445269107974e-05,0.8892873432975871,3.3235362386066836,11.269026077063224,nan,nan
12.86,220.00323486328125,-219.3332977294922,-5.017882823944092,219.1784149836078,-219.02501362250607,-5.016257563013433,0.880550717447799,1.0370577496716002,1.0370577496716002,3.4997882260755694e-05,0.8231355422652366,3.2911907606795916,nan,0.21521003928687416,nan
12.870000000000001,220.00323486328125,-219.32456970214844,-5.017882823944092,219.17839823852506,-219.0162476382816,-5.016335377439846,0.8805795518844177,1.037115309418047,1.037115309418047,3.5703374019485705e-05,0.8147370531735308,3.2819279766389275,nan,nan,nan
12.88,220.00323486328125,-219.3158416748047,-5.017882823944092,219.1783816259059,-219.00748182674445,-5.017550233685075,0.880607046145219,1.0371729634899847,1.0371729634899847,3.500645974256062e-05,0.7508352325477247,3.2300435384617385,nan,0.9107613907637966,nan
12.89,220.00323486328125,-219.30711364746094,-5.017882823944092,219.1783651760115,-218.9987160903018,-5.017641556845978,0.8806356297856766,1.0372307120319133,1.0372307120319133,3.5712301565494045e-05,0.7493122747908358,3.2358371929850884,nan,nan,nan
12.9,220.00323486328125,-219.29840087890625,-5.017882823944092,219.19172770764294,-219.0116419237781,-5.0177470220173195,0.8606826246884156,1.0371442856454205,1.0371442856454205,3.4993850746985604e-05,0.7147714732366754,3.243304949240329,4.6630694608228715,0.0016065311334225879,nan
12.91,220.00323486328125,-219.2896728515625,-5.017882823944092,219.19173335601232,-219.00291166482103,-5.017841113889116,0.8606780328676047,1.0372017508746025,1.0372017508746025,3.569916690003e-05,0.7142460180806777,3.235145848470227,nan,nan,nan
12.92,220.00323486328125,-219.28094482421875,-5.017882823944092,219.19173891986117,-218.99418143999372,-5.018801305583686,0.8606740081633488,1.0372593102341852,1.0372593102341852,3.500240748049574e-05,0.7382516050844589,3.264197715519605,nan,0.528462237713705,nan
12.93,220.00323486328125,-219.272216796875,-5.017882823944092,219.19174450947884,-218.98545135075636,-5.018905976765017,0.8606695429975896,1.0373169638686686,1.0373169638686686,3.570807582240778e-05,0.7434195295570136,3.265062554515357,nan,nan,nan
12.94,220.00323486328125,-219.2635040283203,-5.017882823944092,219.19175017771016,-218.97672142104437,-5.018520691707122,0.8606695449634987,1.0373747119225531,1.0373747119225531,3.501096855220237e-05,0.7256850985589621,3.248890045673596,nan,0.170105988172725,nan
12.950000000000001,220.00323486328125,-219.25477600097656,-5.017882823944092,219.16185502413333,-219.0033185359306,-5.018596446713862,0.8781522645358165,1.0372882871797788,1.0372882871797788,3.5694934958239173e-05,0.7576966103084903,3.343980111199775,14.878585914885495,nan,nan
12.96,220.00323486328125,-219.2460479736328,-5.017882823944092,219.16181183340865,-218.9946468117109,-5.0191571413682885,0.8781781614801005,1.037345752074842,1.037345752074842,3.499832855294197e-05,0.7898301870691362,3.358346441714686,nan,0.14848840105735372,nan
12.97,220.00323486328125,-219.23731994628906,-5.017882823944092,219.16176862589165,-218.98597514365147,-5.019264776390489,0.8782035915846039,1.0374033110505374,1.0374033110505374,3.570381951939132e-05,0.7969226577541394,3.3685069456732726,nan,nan,nan
12.98,220.00323486328125,-219.22860717773438,-5.017882823944092,219.1617253324384,-218.97730344653687,-5.018013762004264,0.8782322431782528,1.0374609642513655,1.0374609642513655,3.500686933366694e-05,0.7439315634000052,3.268269689416371,nan,1.3048808279644195,nan
12.99,220.00323486328125,-219.21987915039062,-5.017882823944092,219.16168198863642,-218.9686316644822,-5.018109944241385,0.8782577022616549,1.0375187118218265,1.0375187118218265,3.571270755484098e-05,0.7448879031044456,3.3233529210171886,nan,nan,nan
13.0,220.00323486328125,-219.21115112304688,-5.017882823944092,219.1568394489698,-218.97504802609072,-5.0184435626466435,0.878709385512425,1.0374322887092389,1.0374322887092389,3.499422157933593e-05,0.7532552726803233,3.384115044534441,1.941424621352395,0.06556211543022676,nan
13.01,220.00323486328125,-219.20242309570312,-5.017882823944092,219.15678842024653,-218.96640072560336,-5.018543652765702,0.8787369212730127,1.037489753272327,1.037489753272327,3.569953155372789e-05,0.7565079435228446,3.398619902199224,nan,nan,nan
13.02,220.00323486328125,-219.19371032714844,-5.017882823944092,219.15673740259126,-218.9577534613966,-5.019578145892393,0.878769860410867,1.0375473118670875,1.0375473118670875,3.500273742902427e-05,0.826398787425456,3.4119692714726417,nan,0.6149947070378299,nan
13.030000000000001,220.00323486328125,-219.1849822998047,-5.017882823944092,219.15668635616393,-218.9491064139375,-5.019689644839257,0.8787975153799306,1.0376049646380203,1.0376049646380203,3.5708397077853756e-05,0.8357166305552779,3.473056965378831,nan,nan,nan
13.040000000000001,220.00323486328125,-219.17625427246094,-5.017882823944092,219.15663523701974,-218.94045948886273,-5.020432468616164,0.8788268360981045,1.0376627117296262,1.0376627117296262,3.501125609008337e-05,0.9299720606817835,3.5627247876071033,nan,0.2803040055012772,nan
13.05,220.00323486328125,-219.1675262451172,-5.017882823944092,219.1644791244142,-218.92054356747514,-5.020428310546724,0.8743672638197688,1.03757629023382,1.03757629023382,3.569521215476264e-05,0.918347502578752,3.3853161900287487,2.00803166786609,nan,nan
13.06,220.00323486328125,-219.1588134765625,-5.017882823944092,219.16444101133874,-218.91187803866052,-5.0198015797625475,0.8743888826902428,1.0376337544670664,1.0376337544670664,3.499857330691527e-05,0.8420163691774544,3.2504184496710056,nan,0.39158740649183965,nan
13.07,220.00323486328125,-219.15008544921875,-5.017882823944092,219.16440285226196,-218.90321245929934,-5.0199129702362955,0.8744081068679469,1.0376913126838196,1.0376913126838196,3.570405107982764e-05,0.8522488428298576,3.292279773181533,nan,nan,nan
13.08,220.00323486328125,-219.141357421875,-5.017882823944092,219.16436462187582,-218.89454675335978,-5.020203948722863,0.8744279133403599,1.0377489650285798,1.0377489650285798,3.500706988399979e-05,0.8907060752862206,3.331992017382655,nan,0.022497192296281242,nan
13.09,220.00323486328125,-219.13262939453125,-5.017882823944092,219.16432629592984,-218.88588092234795,-5.020319242241288,0.8744474421224564,1.0378067116458474,1.0378067116458474,3.571289283150394e-05,0.9030147765831805,3.3339643250552524,nan,nan,nan
13.1,220.00323486328125,-219.12391662597656,-5.017882823944092,219.13787573452433,-218.85619227460734,-5.020391466607461,0.9058305820223904,1.0377202917535417,1.0377202917535417,3.499437846648958e-05,0.9705345264439826,3.3576045899236586,7.9130686814480615,0.0004861857758933167,nan
13.11,220.00323486328125,-219.1151885986328,-5.017882823944092,219.13779399535906,-218.8474921683361,-5.02050795047772,0.9059007484006388,1.0377777556590686,1.0377777556590686,3.5699671324197084e-05,0.9838106406004178,3.367321791384694,nan,nan,nan
13.120000000000001,220.00323486328125,-219.10646057128906,-5.017882823944092,219.137712204539,-218.83879215993122,-5.020827850924344,0.9059715913973114,1.0378353135007183,1.0378353135007183,3.500284959436045e-05,1.0386387360394256,3.40980117393566,nan,0.0289739280202306,nan
13.13,220.00323486328125,-219.0977325439453,-5.017882823944092,219.13763032852904,-218.83009239689443,-5.020948169540502,0.9060418617484683,1.037892965422991,1.037892965422991,3.5708490326460286e-05,1.0540720324412172,3.416544243461307,nan,nan,nan
13.14,220.00323486328125,-219.08901977539062,-5.017882823944092,219.13754837259378,-218.82139287460376,-5.019973880013882,0.9061134756193894,1.0379507115703865,1.0379507115703865,3.50113236313898e-05,0.9159061866377506,3.250308579948556,nan,0.8470824071115006,nan
13.15,220.00323486328125,-219.08029174804688,-5.017882823944092,219.1447931422922,-218.86651950104223,-5.020006672448272,0.8846611061059043,1.0378642932684239,1.0378642932684239,3.5695260422003294e-05,0.8804363177194864,3.459784773136362,20.73617806509705,nan,nan
13.16,220.00323486328125,-219.07156372070312,-5.017882823944092,219.14472305885977,-218.85790790850987,-5.0189886084423,0.8846991280510816,1.037921756848343,1.037921756848343,3.4998597870447356e-05,0.7890321087521108,3.3662649751456946,nan,0.9000008472504802,nan
13.17,220.00323486328125,-219.06283569335938,-5.017882823944092,219.14465286458298,-218.84929621536375,-5.019089100866017,0.8847392905570386,1.0379793143177687,1.0379793143177687,3.570405362928719e-05,0.7948757413233746,3.356244391180636,nan,nan,nan
13.18,220.00323486328125,-219.0541229248047,-5.017882823944092,219.14458256296123,-218.84068444081208,-5.020262786805414,0.8847855240210134,1.0380369658212014,1.0380369658212014,3.500705081792837e-05,0.9159563820767949,3.4105384788095883,nan,0.8114861385635636,nan
13.19,220.00323486328125,-219.04539489746094,-5.017882823944092,219.14451241183454,-218.8320726819192,-5.0203760722794115,0.8848258769665077,1.0380947115031414,1.0380947115031414,3.571285034901366e-05,0.9282433729738263,3.493356691668118,nan,nan,nan
13.200000000000001,220.00323486328125,-219.0366668701172,-5.017882823944092,219.10098912941856,-218.8282888534658,-5.020763159221983,0.9260005715053804,1.0380082947784854,1.0380082947784854,3.49943179863814e-05,1.063147729546361,3.9712562763945987,13.90555042848037,0.01594515595210685,nan
13.21,220.00323486328125,-219.02793884277344,-5.017882823944092,219.10084826131802,-218.81968485512797,-5.02088230947727,0.9261103064357098,1.0380657580348973,1.0380657580348973,3.569958625105922e-05,1.0782378932404464,3.9685411214590713,nan,nan,nan
13.22,220.00323486328125,-219.01922607421875,-5.017882823944092,219.10070743420454,-218.81108083957056,-5.0212282639023265,0.9262242659912789,1.0381233151349556,1.0381233151349556,3.500274724400256e-05,1.1461214373423143,3.9565608407727066,nan,0.03597747250541562,nan
13.23,220.00323486328125,-219.010498046875,-5.017882823944092,219.10056662140707,-218.8024769182966,-5.021351838691821,0.9263340536148795,1.03818096622316,1.03818096622316,3.57083622282805e-05,1.1635348821381748,4.040755838342115,nan,nan,nan
13.24,220.00323486328125,-219.00177001953125,-5.017882823944092,219.10042581999048,-218.79387318401777,-5.018953809451317,0.9264374829820289,1.0382387114440113,1.0382387114440113,3.5011180492475526e-05,0.8594355504520124,3.7196803748953866,nan,4.49028954724475,nan
13.25,220.00323486328125,-218.9930419921875,-5.017882823944092,219.06899177420271,-218.79084311065574,-5.018940831390969,0.955874289100536,1.0381522962837466,1.0381522962837466,3.569509218629889e-05,0.9114755738423415,4.077822272785064,7.585821740243992,nan,nan
13.26,220.00323486328125,-218.9843292236328,-5.017882823944092,219.06880034338369,-218.78224851586373,-5.018770527145256,0.956036229672087,1.0382097592187414,1.0382097592187414,3.499841680778905e-05,0.9028817039477515,3.98100173810263,nan,0.051223853709565816,nan
13.27,220.00323486328125,-218.97560119628906,-5.017882823944092,219.06860883749593,-218.77365377274188,-5.0188678449371364,0.956195346265063,1.0382673159522646,1.0382673159522646,3.5703844959060036e-05,0.9077853917397628,4.069577645741959,nan,nan,nan
13.280000000000001,220.00323486328125,-218.9668731689453,-5.017882823944092,219.06841716114954,-218.76505905599893,-5.019419837549544,0.9563552869169323,1.0383249666288166,1.0383249666288166,3.500683157608677e-05,0.9483386384899034,4.109183789481542,nan,0.14530938948450767,nan
13.290000000000001,220.00323486328125,-218.95814514160156,-5.017882823944092,219.06822542530338,-218.75646438631412,-5.01952367330879,0.9565147508259553,1.0383827113928976,1.0383827113928976,3.5712602686373125e-05,0.9564891932584161,4.118558270943195,nan,nan,nan
13.3,220.00323486328125,-218.94943237304688,-5.017882823944092,219.04142458904846,-218.7678830295365,-5.0177203836671165,0.9787947660953459,1.0382962977842267,1.0382962977842267,3.4994063733545626e-05,0.9234570944293675,4.576784626940805,7.920424863890139,2.7737530765297755,nan
13.31,220.00323486328125,-218.94070434570312,-5.017882823944092,219.0411899375571,-218.75932113539628,-5.017807923471828,0.9789945422232298,1.0383537603998836,1.0383537603998836,3.5699302968437784e-05,0.9231858351769521,4.689675656213762,nan,nan,nan
13.32,220.00323486328125,-218.93197631835938,-5.017882823944092,219.0409552883971,-218.7507593069159,-5.0191943937767824,0.9791952336950721,1.0384113167696818,1.0384113167696818,3.500245780922767e-05,0.9724998908397127,4.746501601998325,nan,1.1892781517763615,nan
13.33,220.00323486328125,-218.9232635498047,-5.017882823944092,219.04072048142203,-218.74219747378424,-5.019297042334105,0.9793982127740155,1.0384689670381213,1.0384689670381213,3.570804315664228e-05,0.9796957996626997,4.649435635832108,nan,nan,nan
13.34,220.00323486328125,-218.91453552246094,-5.017882823944092,219.04048556542443,-218.73363561774693,-5.019943203196516,0.9795995259349589,1.0385267113497025,1.0385267113497025,3.501085746568077e-05,1.0452645958945341,4.813760137970641,nan,0.20767854194959012,nan
13.35,220.00323486328125,-218.9058074951172,-5.017882823944092,219.07282773234434,-218.72295920960926,-5.02007296744917,0.9482065816793412,1.0384402992799462,1.0384402992799462,3.569474090476659e-05,1.0001909101105237,4.3612596063220765,7.405614433811324,nan,nan
13.36,220.00323486328125,-218.89707946777344,-5.017882823944092,219.07264590520876,-218.71439417274973,-5.0192263003800495,0.9483520078711677,1.0384977615783337,1.0384977615783337,3.4998063660950514e-05,0.9176017789252097,4.266995399783717,nan,0.6485145383285285,nan
13.370000000000001,220.00323486328125,-218.88836669921875,-5.017882823944092,219.0724641670206,-218.70582935390536,-5.019329353953367,0.9485020104884683,1.0385553175871935,1.0385553175871935,3.570346134387196e-05,0.9248615625418135,4.169154681508388,nan,nan,nan
13.38,220.00323486328125,-218.879638671875,-5.017882823944092,219.07228221332466,-218.69726476265333,-5.0197137048818625,0.9486497938391212,1.0386129674510258,1.0386129674510258,3.5006448204704e-05,0.9622332329228386,4.310898912604413,nan,0.055452557853440554,nan
13.39,220.00323486328125,-218.87091064453125,-5.017882823944092,219.07210006562116,-218.68870019182162,-5.019821522694075,0.9487973540451048,1.0386707113143308,1.0386707113143308,3.571218851661181e-05,0.9719425356046192,4.31083760739076,nan,nan,nan
13.4,220.00323486328125,-218.8621826171875,-5.017882823944092,219.09953933393345,-218.670723003584,-5.019613192924895,0.923756129928899,1.0385843007709246,1.0385843007709246,3.499365371667029e-05,0.9071841553757157,3.917964948185274,5.989739080737202,0.09240943906859564,nan
13.41,220.00323486328125,-218.8534698486328,-5.017882823944092,219.09940198851095,-218.66214314356614,-5.019720401418373,0.9238631664257383,1.0386417627541007,1.0386417627541007,3.569886200038359e-05,0.9163535098181669,3.8259583381955413,nan,nan,nan
13.42,220.00323486328125,-218.84474182128906,-5.017882823944092,219.09926464950192,-218.653563166393,-5.021529369364308,0.9239722521708184,1.0386993184047864,1.0386993184047864,3.5002021057137324e-05,1.2018050239865494,4.184366725198945,nan,2.0426583579473854,nan
13.43,220.00323486328125,-218.8360137939453,-5.017882823944092,219.0991273688212,-218.64498324832627,-5.021655235712518,0.9240764373085639,1.0387569678674817,1.0387569678674817,3.570757528549659e-05,1.220588550572907,4.1915371042549765,nan,nan,nan
13.44,220.00323486328125,-218.82728576660156,-5.017882823944092,219.09899017350816,-218.6364036075847,-5.020620745687292,0.9241763651107135,1.038814711286687,1.038814711286687,3.501039573930381e-05,1.0362957003772342,3.9937744439341083,nan,0.9518294863241876,nan
13.450000000000001,220.00323486328125,-218.81857299804688,-5.017882823944092,219.07904089794204,-218.62725923303748,-5.020683083527676,0.9437919705661975,1.0387283022571818,1.0387283022571818,3.569424992104069e-05,1.0772089043146649,4.089606782568776,2.8557434024393165,nan,nan
13.46,220.00323486328125,-218.80984497070312,-5.017882823944092,219.0788714679046,-218.6186791316361,-5.019935404602484,0.9439259917100484,1.0387857639271938,1.0387857639271938,3.499758059420419e-05,0.9781068084260738,4.077656646473873,nan,0.5272052759377706,nan
13.47,220.00323486328125,-218.80111694335938,-5.017882823944092,219.07870200262207,-218.61009912754034,-5.02004407106724,0.944062226438521,1.038843319222447,1.038843319222447,3.5702947133098036e-05,0.9887534243626749,4.078923980051463,nan,nan,nan
13.48,220.00323486328125,-218.79238891601562,-5.017882823944092,219.0785325410203,-218.60151916612506,-5.019597125446311,0.9441973231521608,1.038900968287442,1.038900968287442,3.5005943693741404e-05,0.9420761038989117,4.022279217782888,nan,0.21863622157358142,nan
13.49,220.00323486328125,-218.78367614746094,-5.017882823944092,219.07836321000534,-218.59293914400004,-5.019702095639343,0.9443365339073072,1.0389587112666787,1.0389587112666787,3.571165290573756e-05,0.9510086140574014,3.9247265369497666,nan,nan,nan
13.5,220.00323486328125,-218.7749481201172,-5.017882823944092,219.08219502995573,-218.59888210708843,-5.018781014773674,0.9377176666048882,1.0388723037387382,1.0388723037387382,3.499313136538073e-05,0.8694660769312312,4.112185873896297,2.0297280680726817,0.9007226523695298,nan
13.51,220.00323486328125,-218.76622009277344,-5.017882823944092,219.08203227534827,-218.5903256834422,-5.018878336846245,0.9378454255869406,1.0389297650976224,1.0389297650976224,3.5698308741451705e-05,0.8743570008891317,4.100130966638401,nan,nan,nan
13.52,220.00323486328125,-218.7574920654297,-5.017882823944092,219.08186961929476,-218.5817693314919,-5.020435679152538,0.9379759640409572,1.0389873200401631,1.0389873200401631,3.500148073716438e-05,1.0329728722149139,4.260102464018143,nan,1.5033055531704045,nan
13.530000000000001,220.00323486328125,-218.748779296875,-5.017882823944092,219.0817070175957,-218.5732132134998,-5.02054950323543,0.9381066736698946,1.0390449687108603,1.0390449687108603,3.570700422180435e-05,1.0461208119169045,4.16058676345531,nan,nan,nan
13.540000000000001,220.00323486328125,-218.74005126953125,-5.017882823944092,219.08154451561018,-218.56465729855557,-5.020289947664617,0.9382334124775389,1.0391027112542142,1.0391027112542142,3.500983915752953e-05,1.0126535894520101,4.221221270294812,nan,0.09890148620927208,nan
13.55,220.00323486328125,-218.7313232421875,-5.017882823944092,219.08211971850423,-218.58638230833753,-5.020340303066046,0.9324521561166149,1.0390163052156132,1.0390163052156132,3.569366472234583e-05,1.00600707729251,4.604823664705167,6.5329826442697945,nan,nan
13.56,220.00323486328125,-218.72259521484375,-5.017882823944092,219.08195834868746,-218.57787544454402,-5.021946613341706,0.932582834198629,1.039073766265396,1.039073766265396,3.499701124099932e-05,1.308869727078958,4.901507722381313,nan,1.5774767086267427,nan
13.57,220.00323486328125,-218.71388244628906,-5.017882823944092,219.08179683975783,-218.56936834907847,-5.022074284883311,0.9327110612789721,1.0391313208579216,1.0391313208579216,3.570234760480804e-05,1.3292508226856028,4.754398164532962,nan,nan,nan
13.58,220.00323486328125,-218.7051544189453,-5.017882823944092,219.08163527940363,-218.56086113813492,-5.021797218864444,0.9328352836262276,1.0391889691376903,1.0391889691376903,3.500536138482648e-05,1.2750697145365044,4.815248032437966,nan,0.11609947058712716,nan
13.59,220.00323486328125,-218.69642639160156,-5.017882823944092,219.08147377737163,-218.55235397979718,-5.021922399049617,0.9329612411603457,1.0392467112492025,1.0392467112492025,3.571104073717951e-05,1.2944802540850213,4.808204186061429,nan,nan,nan
13.6,220.00323486328125,-218.6876983642578,-5.017882823944092,219.08508254984716,-218.53426709862316,-5.022458571835515,0.9308951398559304,1.0391603066878274,1.0391603066878274,3.499253947236893e-05,1.4322303914834111,4.779610765998372,0.7800347340008518,0.10090681163976896,nan
13.61,220.00323486328125,-218.67898559570312,-5.017882823944092,219.08492701507146,-218.52574431912154,-5.022590055835636,0.9310179111940506,1.0392177674305239,1.0392177674305239,3.5697687423732406e-05,1.454775514110676,4.6566770751255415,nan,nan,nan
13.620000000000001,220.00323486328125,-218.67025756835938,-5.017882823944092,219.0847714580085,-218.5172213553984,-5.022523398164305,0.9311372853837083,1.0392753216757105,1.0392753216757105,3.500087903340021e-05,1.4494986761748314,4.75256082521512,nan,0.02798431493776052,nan
13.63,220.00323486328125,-218.66152954101562,-5.017882823944092,219.0846159415297,-218.50869826319726,-5.022654648367384,0.9312576942972829,1.0393329695678875,1.0393329695678875,3.570637349053487e-05,1.472108655378959,4.75250709932965,nan,nan,nan
13.64,220.00323486328125,-218.65280151367188,-5.017882823944092,219.08446050456135,-218.5001750651017,-5.0229264863729215,0.931378866828642,1.039390711251555,1.039390711251555,3.5009229158459274e-05,1.5611905277660383,4.8178022303468495,nan,0.013769768971808117,nan
13.65,220.00323486328125,-218.6440887451172,-5.017882823944092,219.09175656445487,-218.5036880953014,-5.023091615181695,0.9222430065911492,1.0393043081554008,1.0393043081554008,3.569302791470199e-05,1.5784753345181128,4.818922364611291,1.4318768100525983,nan,nan
13.66,220.00323486328125,-218.63536071777344,-5.017882823944092,219.09161305605224,-218.4951844870155,-5.02362824222826,0.9223538935334141,1.0393617685930157,1.0393617685930157,3.49963961009433e-05,1.7617217739265993,5.127082142141196,nan,0.11330784830896284,nan
13.67,220.00323486328125,-218.6266326904297,-5.017882823944092,219.09146947026008,-218.48668096233206,-5.023769372854265,0.9224626114735672,1.0394193224935175,1.0394193224935175,3.570170440858177e-05,1.7892154123373012,5.1418317628940375,nan,nan,nan
13.68,220.00323486328125,-218.61790466308594,-5.017882823944092,219.09132599877913,-218.4781775410801,-5.023190675846841,0.9225668642832389,1.0394769700014068,1.0394769700014068,3.50047408060537e-05,1.623620727282092,4.951892727476391,nan,0.366861675300129,nan
13.69,220.00323486328125,-218.60919189453125,-5.017882823944092,219.09118253916682,-218.46967419522957,-5.0233266068806435,0.9226777688411167,1.0395347112611837,1.0395347112611837,3.571039259807119e-05,1.6487926231585448,4.808542344945379,nan,nan,nan
13.700000000000001,220.00323486328125,-218.6004638671875,-5.017882823944092,219.04544588611554,-218.51637814060518,-5.023531488312074,0.9614894911563758,1.0394483096183529,1.0394483096183529,3.4991916439708806e-05,1.8011977634808793,6.594355163480282,36.048815066904396,0.021814561828389596,nan
13.71,220.00323486328125,-218.59173583984375,-5.017882823944092,219.04522846849383,-218.50796468142784,-5.023668897641159,0.9616794362388946,1.039505769752881,1.039505769752881,3.569703741947038e-05,1.8275027508532267,6.59279331091928,nan,nan,nan
13.72,220.00323486328125,-218.5830078125,-5.017882823944092,219.04501100743977,-218.49955114657266,-5.022961624171737,0.961864734358827,1.0395633233113315,1.0395633233113315,3.500025320314239e-05,1.6269207940466965,6.375680550509681,nan,0.5050182757496359,nan
13.73,220.00323486328125,-218.5742950439453,-5.017882823944092,219.04479360233492,-218.49113759069994,-5.023092748590069,0.962056108566161,1.0396209704382053,1.0396209704382053,3.5705721233932784e-05,1.6504472720699193,6.179720800342411,nan,nan,nan
13.74,220.00323486328125,-218.56556701660156,-5.017882823944092,219.04457631015904,-218.48272407146092,-5.022833351807553,0.9622440868927503,1.0396787112780024,1.0396787112780024,3.5008601783133376e-05,1.590601871664135,6.301245172346087,nan,0.10819501928983961,nan
13.75,220.00323486328125,-218.5568389892578,-5.017882823944092,219.03817236456106,-218.49483870915918,-5.022910726937716,0.9670651172371342,1.039592311076705,1.039592311076705,3.569237629246287e-05,1.6078426044201284,6.8550281021012935,3.3085719029895198,nan,nan
13.76,220.00323486328125,-218.54811096191406,-5.017882823944092,219.03794497895743,-218.4864582625449,-5.022852182191864,0.9672695129273956,1.0396497709101296,1.0396497709101296,3.4995769894081185e-05,1.6055476429712576,6.832234106561778,nan,0.024831889225807556,nan
13.77,220.00323486328125,-218.53939819335938,-5.017882823944092,219.03771739536452,-218.478077794168,-5.022980273933242,0.9674761786244183,1.0397073241291412,1.0397073241291412,3.570105298748185e-05,1.6280596939436958,6.614221251714037,nan,nan,nan
13.780000000000001,220.00323486328125,-218.53067016601562,-5.017882823944092,219.03748971769693,-218.469697307625,-5.024111978881357,0.9676880582353162,1.0397649708782397,1.0397649708782397,3.5004115354872565e-05,2.0090790646991006,7.2182191941932405,nan,0.7093420400330028,nan
13.790000000000001,220.00323486328125,-218.52194213867188,-5.017882823944092,219.03726215445252,-218.46131696974305,-5.0242525630196475,0.967894239514552,1.0398227113019256,1.0398227113019256,3.5709742532653575e-05,2.0371069730980627,7.233574027984384,nan,nan,nan
13.8,220.00323486328125,-218.51321411132812,-5.017882823944092,219.01197987400087,-218.4235572618391,-5.0245977990016755,0.9953240152450673,1.0397363125304764,1.0397363125304764,3.499129426610964e-05,2.241397091606829,7.195230825397115,10.48255656038451,0.014994137351751284,nan
13.81,220.00323486328125,-218.50450134277344,-5.017882823944092,219.01171157262965,-218.4151293529115,-5.02474305978771,0.995566598130075,1.0397937720647712,1.0397937720647712,3.569639130099014e-05,2.271595335122047,6.992129493694727,nan,nan,nan
13.82,220.00323486328125,-218.4957733154297,-5.017882823944092,219.01144335407525,-218.4067013861034,-5.024714037002163,0.99580664378124,1.0398513249469348,1.0398513249469348,3.499963385352399e-05,2.2868958171381153,7.161742482320518,nan,0.02162456039421535,nan
13.83,220.00323486328125,-218.48704528808594,-5.017882823944092,219.01117515191243,-218.39827353313382,-5.024859003544893,0.9960479719774029,1.0399089713214675,1.0399089713214675,3.570507856273749e-05,2.317019811050949,7.163588093472005,nan,nan,nan
13.84,220.00323486328125,-218.4783172607422,-5.017882823944092,219.01090680466365,-218.3898458259388,-5.025627957803887,0.9962942124666057,1.0399667113328697,1.0399667113328697,3.500798622297359e-05,2.6679241320719163,7.490186464895875,nan,0.2740254657441632,nan
13.85,220.00323486328125,-218.4696044921875,-5.017882823944092,219.01434790956714,-218.33776611433075,-5.025850600514324,0.9976684071199983,1.0398803139796877,1.0398803139796877,3.5691739457099876e-05,2.7358248313346922,6.564579977748984,13.52668590342696,nan,nan
13.86,220.00323486328125,-218.46087646484375,-5.017882823944092,219.01408546909374,-218.32926764922593,-5.025468753506032,0.9978952603841532,1.0399377732168156,1.0399377732168156,3.499516035660217e-05,2.601905264182351,6.5574510555651,nan,0.2039497655652235,nan
13.870000000000001,220.00323486328125,-218.4521484375,-5.017882823944092,219.01382297323744,-218.32076906639136,-5.025620071242352,0.9981263909489232,1.0399953257647019,1.0399953257647019,3.570042145079798e-05,2.634756326625148,6.573074331755335,nan,nan,nan
13.88,220.00323486328125,-218.44342041015625,-5.017882823944092,219.01356028897288,-218.3122704440213,-5.0238547240380536,0.9983444997797002,1.0400529717678473,1.0400529717678473,3.500351132938769e-05,1.9771318611581195,5.889192820956053,nan,2.5963746869181974,nan
13.89,220.00323486328125,-218.43470764160156,-5.017882823944092,219.01329748041374,-218.3037718478496,-5.023988894445345,0.9985777326683185,1.0401107113707515,1.0401107113707515,3.5709117151391276e-05,2.002773191554798,5.74345891216398,nan,nan,nan
13.9,220.00323486328125,-218.4259796142578,-5.017882823944092,219.02803192642045,-218.2725246250775,-5.024804750283352,0.9872269824262808,1.0400243154243596,1.0400243154243596,3.499069779252576e-05,2.306372486147152,5.610757603729034,5.163664524043265,0.3462812684878112,nan
13.91,220.00323486328125,-218.41725158691406,-5.017882823944092,219.0277933601575,-218.2639891898011,-5.024947283768328,0.9874337420696967,1.0400817743662731,1.0400817743662731,3.569577416438773e-05,2.335511989690012,5.622768592062432,nan,nan,nan
13.92,220.00323486328125,-218.4085235595703,-5.017882823944092,219.02755486133054,-218.25545367053536,-5.025446662778082,0.9876431890078575,1.0401393265824326,1.0401393265824326,3.499904439019225e-05,2.5724049718586635,5.82505805547599,nan,0.08946327381332736,nan
13.93,220.00323486328125,-218.39981079101562,-5.017882823944092,219.02731637207245,-218.24691793419356,-5.0255947137219446,0.9878525195566501,1.0401969722173383,1.0401969722173383,3.5704469083095984e-05,2.6037936290000063,5.72229583033882,nan,nan,nan
13.94,220.00323486328125,-218.39108276367188,-5.017882823944092,219.02707778089095,-218.23838217043553,-5.024655863991607,0.9880516154265238,1.0402547114154905,1.0402547114154905,3.500740445626826e-05,2.2488346598597433,5.463251182711137,nan,0.8354744475683713,nan
13.950000000000001,220.00323486328125,-218.38235473632812,-5.017882823944092,219.03158739811352,-218.2499220374431,-5.024731551775346,0.9806549451125826,1.0401683168645124,1.0401683168645124,3.5691139526923416e-05,2.2386953067737636,5.644134493327423,3.1325968161741162,nan,nan
13.96,220.00323486328125,-218.37364196777344,-5.017882823944092,219.03135630758325,-218.24141890927598,-5.0248606636189095,0.9808565412284187,1.0402257755131534,1.0402257755131534,3.4994588045836205e-05,2.3161939480818567,5.559887834225158,nan,6.352258987451487e-05,nan
13.97,220.00323486328125,-218.3649139404297,-5.017882823944092,219.03112521394243,-218.23291572032122,-5.025000246555352,0.981056246172498,1.040283327400116,1.040283327400116,3.5699830456595315e-05,2.34414254203447,5.716735160386888,nan,nan,nan
13.98,220.00323486328125,-218.35618591308594,-5.017882823944092,219.0308941650425,-218.2244126762644,-5.026790216975126,0.9812695659422348,1.0403409726699,1.0403409726699,3.500294789259363e-05,3.19218940474639,6.543179118596609,nan,1.920760905575099,nan
13.99,220.00323486328125,-218.3474578857422,-5.017882823944092,219.0306632627056,-218.21590974502044,-5.026948164126757,0.9814696184631911,1.0403987114670057,1.0403987114670057,3.570853567214616e-05,3.227220856653137,6.550154708701543,nan,nan,nan
14.0,220.00323486328125,-218.3387451171875,-5.017882823944092,219.06963307861682,-218.2266727303859,-5.026039851813639,0.9403398584106096,1.0403123183001661,1.0403123183001661,3.499014480771008e-05,2.7515061939369905,5.689988896731304,14.57651439558822,0.5615020329374192,nan
14.01,220.00323486328125,-218.33001708984375,-5.017882823944092,219.06946584606595,-218.21820083486284,-5.0261874120004695,0.9404766975167244,1.0403697766574667,1.0403697766574667,3.5695203811034127e-05,2.7821941702272293,5.868603346707587,nan,nan,nan
14.02,220.00323486328125,-218.3212890625,-5.017882823944092,219.06929855737002,-218.20972889685922,-5.0263360127947525,0.9406137094783709,1.040427328217742,1.040427328217742,3.6414562490618306e-05,2.8126099563844518,5.879549603698145,nan,nan,nan
14.030000000000001,220.00323486328125,-218.31256103515625,-5.017882823944092,219.06913128775844,-218.20125706203254,-5.026485612187135,0.9407508023930569,1.0404849731254926,1.0404849731254926,3.714836534666262e-05,2.842732083631046,5.889803662207935,nan,nan,nan
14.040000000000001,220.00323486328125,-218.30384826660156,-5.017882823944092,219.06896412050946,-218.19278528991862,-5.025775073944945,0.9408820825157097,1.0405427115252182,1.0405427115252182,3.6365496459241144e-05,2.56352850520054,5.412612131545928,nan,0.48411108563015687,nan
14.05,220.00323486328125,-218.2951202392578,-5.017882823944092,219.05744890329393,-218.2007985584684,-5.02595082428729,0.9505118380144528,1.0404563197313415,1.0404563197313415,3.707421413893066e-05,2.6240188577619907,6.0865507005123956,2.82305280568088,nan,nan
14.06,220.00323486328125,-218.28639221191406,-5.017882823944092,219.05726342300514,-218.1923534755764,-5.02570796070384,0.9506663360587422,1.040513777799223,1.040513777799223,3.629506883570614e-05,2.555600512693049,5.99832599877749,nan,0.09834926994803998,nan
14.07,220.00323486328125,-218.2776641845703,-5.017882823944092,219.0570778661128,-218.18390835497092,-5.025849513452691,0.9508242145719839,1.0405713290353014,1.0405713290353014,3.7025299385808454e-05,2.582939688311451,6.006790219870347,nan,nan,nan
14.08,220.00323486328125,-218.26895141601562,-5.017882823944092,219.0568923060228,-218.17546317401636,-5.025538767846481,0.9509799685312026,1.0406289735840766,1.0406289735840766,3.624882584646929e-05,2.4859736774915056,5.697857910929844,nan,0.13499640071748836,nan
14.09,220.00323486328125,-218.26022338867188,-5.017882823944092,219.05670683728871,-218.16701780180347,-5.0256775173944375,0.9511379198932162,1.040686711590049,1.040686711590049,3.697784067845464e-05,2.5123079879048245,5.884195087029294,nan,nan,nan
14.1,220.00323486328125,-218.25149536132812,-5.017882823944092,219.0381108898792,-218.12971444780942,-5.02590448939343,0.9728099619398475,1.0406003211580583,1.0406003211580583,3.6181466456015535e-05,2.6878291824754785,5.729385667392299,8.676065711972749,0.027279910077612046,nan
14.11,220.00323486328125,-218.24276733398438,-5.017882823944092,219.03789558400754,-218.12122234614714,-5.026045016975134,0.9729952361507789,1.0406577789384317,1.0406577789384317,3.690842108293717e-05,2.7147139516981262,5.737201884634722,nan,nan,nan
14.120000000000001,220.00323486328125,-218.2340545654297,-5.017882823944092,219.03768030557532,-218.1127302866829,-5.024142574341336,0.973167184503852,1.0407153298527834,1.0407153298527834,3.613810249853362e-05,1.9942637103226517,4.844397575460798,nan,2.763347432060653,nan
14.13,220.00323486328125,-218.22532653808594,-5.017882823944092,219.03746503559674,-218.10423830159473,-5.024264718767744,0.9733521714486797,1.0407729740456135,1.0407729740456135,3.686398509178495e-05,2.0150936553693293,5.012134094389378,nan,nan,nan
14.14,220.00323486328125,-218.2165985107422,-5.017882823944092,219.03724969777275,-218.0957462755723,-5.024176478001665,0.9735359329831819,1.0408307116614224,1.0408307116614224,3.6096164499309385e-05,2.007902794705428,4.988612638767807,nan,0.029615649781403287,nan
14.15,220.00323486328125,-218.20787048339844,-5.017882823944092,219.0008100368772,-218.05568564380994,-5.024373826988352,1.0139318966835458,1.0407443225803377,1.0407443225803377,3.679780125752261e-05,2.132759913364737,5.218339995928261,16.25405913695675,nan,nan
14.16,220.00323486328125,-218.19915771484375,-5.017882823944092,219.0005360966729,-218.04714242824906,-5.0252249509787,1.0141831051372128,1.040801780075104,1.040801780075104,3.603338152165333e-05,2.484218130551441,5.4401730349829185,nan,0.3515258189028223,nan
14.17,220.00323486328125,-218.1904296875,-5.017882823944092,219.00026224709765,-218.03859932777024,-5.025357459831611,1.0144271275609154,1.0408593306701799,1.0408593306701799,3.675640508020678e-05,2.508624614627786,5.568487660857768,nan,nan,nan
14.18,220.00323486328125,-218.18170166015625,-5.017882823944092,218.99998853649976,-218.0300564403064,-5.025274338292883,1.0146694532645781,1.0409169745100657,1.0409169745100657,3.599436242886577e-05,2.5068935583548133,5.557138984841423,nan,0.031301480147282505,nan
14.19,220.00323486328125,-218.1729736328125,-5.017882823944092,218.99971493620453,-218.02151361254639,-5.025406848845206,1.0149132932077485,1.0409747117392616,1.0409747117392616,3.6716505406629896e-05,2.5312892474079125,5.570076833965877,nan,nan,nan
14.200000000000001,220.00323486328125,-218.1642608642578,-5.017882823944092,218.98634937807404,-217.9885248338453,-5.026560909291971,1.0319954222648264,1.0408883239981994,1.0408883239981994,3.5934662612758036e-05,3.1188309937666947,6.012869667534803,5.34933470073212,0.7246205977896902,nan
14.21,220.00323486328125,-218.15553283691406,-5.017882823944092,218.98605478328454,-217.97994219538137,-5.026705707193725,1.0322621914052672,1.040945781209249,1.040945781209249,3.6655084359325414e-05,3.1472453269251934,6.119482953077151,nan,nan,nan
14.22,220.00323486328125,-218.1468048095703,-5.017882823944092,218.9857603587171,-217.97135947808187,-5.027400412160149,1.0325337845632951,1.041003331487481,1.041003331487481,3.589854728078172e-05,3.5473929580022183,6.505325643694828,nan,0.20191644817883647,nan
14.23,220.00323486328125,-218.13807678222656,-5.017882823944092,218.9854660446548,-217.96277682431833,-5.027553061166434,1.0328005407138623,1.0410609749773951,1.0410609749773951,3.6618213038637466e-05,3.5782583527727176,6.526624917569345,nan,nan,nan
14.24,220.00323486328125,-218.12936401367188,-5.017882823944092,218.98517158914504,-217.95419432504818,-5.0286726330358045,1.0330797016386002,1.041118711823492,1.041118711823492,3.5863856031769746e-05,4.271155552959483,7.102137620421255,nan,0.6267679221729882,nan
14.25,220.00323486328125,-218.12063598632812,-5.017882823944092,219.01865698192833,-217.94162570712183,-5.0288926676656915,1.000779446816177,1.0410323254116642,1.0410323254116642,3.655995832124708e-05,4.2775244633868645,6.618874976718065,8.15861252346595,nan,nan
14.26,220.00323486328125,-218.11190795898438,-5.017882823944092,219.01841705937898,-217.93303695430922,-5.028799772327683,1.0009895718529782,1.0410897823408776,1.0410897823408776,3.580864827507789e-05,4.290559068889972,6.612082859101077,nan,0.045348245834102956,nan
14.27,220.00323486328125,-218.10317993164062,-5.017882823944092,219.0181771374236,-217.9244480560241,-5.028964811048019,1.0012025854298463,1.0411473323046778,1.0411473323046778,3.652607011576035e-05,4.324940445124889,6.625361670841468,nan,nan,nan
14.280000000000001,220.00323486328125,-218.09446716308594,-5.017882823944092,219.01793721923335,-217.9158590149272,-5.029717827135889,1.001425177062965,1.0412049754475654,1.0412049754475654,3.577680982879014e-05,4.878061131749074,7.062037807447689,nan,0.23262478044501902,nan
14.290000000000001,220.00323486328125,-218.0857391357422,-5.017882823944092,219.0176973559371,-217.90726999086664,-5.029890621784223,1.0016384583589648,1.04126271191404,1.04126271191404,3.6493638631697666e-05,4.914406687010831,7.162321118718506,nan,nan,nan
14.3,220.00323486328125,-218.07701110839844,-5.017882823944092,219.03562942045778,-217.8815502897847,-5.029307441923577,0.9872161599623087,1.0411763268207528,1.0411763268207528,3.5724556111043404e-05,4.589489609465995,6.4192717152018846,4.339090534144982,0.36932843933135995,nan
14.31,220.00323486328125,-218.0682830810547,-5.017882823944092,219.03541879143856,-217.87293392618417,-5.029474574975455,0.9874024559001328,1.0412337834699998,1.0412337834699998,3.643995143873643e-05,4.623625549338074,6.436946910513089,nan,nan,nan
14.32,220.00323486328125,-218.0595703125,-5.017882823944092,219.03520800217927,-217.86431761392447,-5.028460002736712,0.9875786028601375,1.0412913331217621,1.0412913331217621,3.5695505391414295e-05,4.070725113544981,5.788980556614405,nan,0.9488868820362061,nan
14.33,220.00323486328125,-218.05084228515625,-5.017882823944092,219.03499717456546,-217.8557013075824,-5.028617475697248,0.9877648787674294,1.0413489759205399,1.0413489759205399,3.641041309325454e-05,4.101656837545261,5.877584349282021,nan,nan,nan
14.34,220.00323486328125,-218.0421142578125,-5.017882823944092,219.0347863205529,-217.84708498047087,-5.027080356657354,0.9879340026241908,1.041406712010833,1.041406712010833,3.566781232617795e-05,3.308860961126639,5.070856230497591,nan,1.9536126100212878,nan
14.35,220.00323486328125,-218.03338623046875,-5.017882823944092,219.0275477971627,-217.8508104408379,-5.02713610216167,0.9926654991023555,1.0413203282254857,1.0413203282254857,3.635969940547292e-05,3.301093595232248,5.250289911122189,1.7367032129407043,nan,nan
14.36,220.00323486328125,-218.02467346191406,-5.017882823944092,219.02732555249315,-217.84221397271878,-5.025689682561686,0.9928501372925206,1.0413777845966268,1.0413777845966268,3.561978585455486e-05,2.6575699055226787,4.500242735810909,nan,1.7199057800245872,nan
14.370000000000001,220.00323486328125,-218.0159454345703,-5.017882823944092,219.02710328771704,-217.83361754097018,-5.0258173100850545,0.9930454519650393,1.0414353339387261,1.0414353339387261,3.6332966658832546e-05,2.6795969027898234,4.600774174316927,nan,nan,nan
14.38,220.00323486328125,-218.00721740722656,-5.017882823944092,219.02688100184795,-217.82502129223883,-5.0259460337197215,0.9932408078629353,1.041492976396284,1.041492976396284,3.7060500811016377e-05,2.7014648393167775,4.617989485481447,nan,nan,nan
14.39,220.00323486328125,-217.9984893798828,-5.017882823944092,219.02665879684903,-217.81642525263823,-5.026075796340594,0.9934360999854206,1.0415507121138001,1.0415507121138001,3.780253281130635e-05,2.7231489960105906,4.627805159896708,nan,nan,nan
14.4,220.00323486328125,-217.98977661132812,-5.017882823944092,219.0412260566961,-217.78945617905316,-5.025833617310002,0.9826761596016019,1.0414643296258834,1.0414643296258834,3.695179476846046e-05,2.637891203069175,4.113003840424058,4.1381663028277265,0.0526676428258,nan
14.41,220.00323486328125,-217.98104858398438,-5.017882823944092,219.0410280678171,-217.78083079855938,-5.025960874108454,0.9828501074590769,1.0415217857207684,1.0415217857207684,3.7690782170919735e-05,2.6587432804621782,4.190013924160402,nan,nan,nan
14.42,220.00323486328125,-217.97232055664062,-5.017882823944092,219.04083021696223,-217.77220536249794,-5.024812167564756,0.9830141453642496,1.0415793347555609,1.0415793347555609,3.68694571855754e-05,2.2300150470185724,3.753096335868489,nan,1.035381102159274,nan
14.43,220.00323486328125,-217.96359252929688,-5.017882823944092,219.04063237146997,-217.76357980184287,-5.024928847647499,0.9831878227657774,1.0416369768747613,1.0416369768747613,3.76064663361528e-05,2.2481280242181905,3.7673399799253717,nan,nan,nan
14.44,220.00323486328125,-217.9548797607422,-5.017882823944092,219.0404346019668,-217.75495419705769,-5.024634493335464,0.9833616624829816,1.0416947122228697,1.0416947122228697,3.679006329218376e-05,2.167309870228629,3.616958911731901,nan,0.10833568028989982,nan
14.450000000000001,220.00323486328125,-217.94615173339844,-5.017882823944092,219.0118320648537,-217.75259959003108,-5.024565104169009,1.0101418681556895,1.0416083310219666,1.0416083310219666,3.7501313257904126e-05,2.1702845969552573,4.0795448884454455,7.287589904485286,nan,nan
14.46,220.00323486328125,-217.9374237060547,-5.017882823944092,219.01158816482842,-217.7439838374298,-5.024228173049448,1.010357570754668,1.041665786842435,1.041665786842435,3.669071489464477e-05,2.07732620845223,3.9892451195395537,nan,0.12944113346509986,nan
14.47,220.00323486328125,-217.92869567871094,-5.017882823944092,219.01134434806042,-217.73536806416968,-5.0243371589981285,1.0105760828212043,1.0417233355722586,1.0417233355722586,3.742318973601463e-05,2.0934919751159384,3.9957773118265605,nan,nan,nan
14.48,220.00323486328125,-217.91998291015625,-5.017882823944092,219.0111006627691,-217.72675239032287,-5.022664979625627,1.0107874032821658,1.0417809773559377,1.0417809773559377,3.661721077097272e-05,1.6052366887316447,3.4308157564209014,nan,2.045053021369019,nan
14.49,220.00323486328125,-217.9112548828125,-5.017882823944092,219.01085699067593,-217.718136741064,-5.022758305797523,1.0110055534132103,1.0418387123379724,1.0418387123379724,3.7348049682505874e-05,1.6175162902897253,3.514706878203861,nan,nan,nan
14.5,220.00323486328125,-217.90252685546875,-5.017882823944092,218.98255041448976,-217.72379228016536,-5.02348840215374,1.0362307730041254,1.0417523324137554,1.0417523324137554,3.65239327193e-05,1.8910348123927105,4.388203220237009,6.875254113505209,0.26747800994706,nan
14.51,220.00323486328125,-217.893798828125,-5.017882823944092,218.9822611972452,-217.71519939606867,-5.023589544094847,1.0364929090566892,1.041809787961637,1.041809787961637,3.7252326505374395e-05,1.9053899187503398,4.393589753063329,nan,nan,nan
14.52,220.00323486328125,-217.8850860595703,-5.017882823944092,218.98197205811854,-217.70660632415246,-5.0237044889706866,1.0367577465094284,1.0418673363888113,1.0418673363888113,3.645614086349066e-05,1.9612998013834595,4.35471727716015,nan,0.00010787706170535824,nan
14.530000000000001,220.00323486328125,-217.87635803222656,-5.017882823944092,218.981682816939,-217.69801318982346,-5.023807604725744,1.0370200428270953,1.0419249778397788,1.0419249778397788,3.7183113256500945e-05,1.976162824289761,4.454571026769766,nan,nan,nan
14.540000000000001,220.00323486328125,-217.8676300048828,-5.017882823944092,218.98139354155987,-217.68942006526854,-5.023131468188604,1.0372781775497983,1.0419827124590393,1.0419827124590393,3.639109768528339e-05,1.7895740910472644,4.262269196103828,nan,0.39697433813023897,nan
14.55,220.00323486328125,-217.85890197753906,-5.017882823944092,218.96057112909304,-217.70013294589288,-5.023326457938837,1.0546965919885392,1.0418963338012703,1.0418963338012703,3.709345824363285e-05,1.8665037565753142,4.990758716603452,5.916597494681653,nan,nan
14.56,220.00323486328125,-217.85018920898438,-5.017882823944092,218.96024862542686,-217.691570894121,-5.021307345305384,1.0549842603140138,1.0419537890783848,1.0419537890783848,3.6306449447959164e-05,1.3911764416878776,4.4006057567347545,nan,2.943674961746587,nan
14.57,220.00323486328125,-217.84146118164062,-5.017882823944092,218.9599258746911,-217.68300874699975,-5.021387966707046,1.0552786862921202,1.0420113372052116,1.0420113372052116,3.702995839537545e-05,1.4004892788093268,4.529339611871732,nan,nan,nan
14.58,220.00323486328125,-217.83273315429688,-5.017882823944092,218.95960287748912,-217.6744466824658,-5.0191390122643735,1.0555680494133264,1.042068978326251,1.042068978326251,3.624683159904013e-05,1.1127755651378484,4.250510970062056,nan,3.5715469905591166,nan
14.59,220.00323486328125,-217.8240203857422,-5.017882823944092,218.9592798353522,-217.66588461068494,-5.0191989863942075,1.0558649326381253,1.042126712586003,1.042126712586003,3.696920104996758e-05,1.116640079488294,4.151510326391343,nan,nan,nan
14.6,220.00323486328125,-217.81529235839844,-5.017882823944092,218.97726332818982,-217.7058970518715,-5.018429754222219,1.0317873923637164,1.0420403351845327,1.0420403351845327,3.6167701285980046e-05,1.0299057586487208,4.549027082991891,18.686420268492505,0.4581850308971361,nan
14.61,220.00323486328125,-217.8065643310547,-5.017882823944092,218.97696995684703,-217.6974131884975,-5.01848350023066,1.0320532887947116,1.0420977901926896,1.0420977901926896,3.6888117901583844e-05,1.031886510075583,4.555860934695123,nan,nan,nan
14.620000000000001,220.00323486328125,-217.79783630371094,-5.017882823944092,218.97667667299783,-217.68892938333863,-5.020284179837854,1.0323217530659166,1.0421553380214523,1.0421553380214523,3.611328862261144e-05,1.1822537668791486,4.716747662097202,nan,2.0191222224410503,nan
14.63,220.00323486328125,-217.78912353515625,-5.017882823944092,218.97638335414402,-217.68044558285052,-5.020357205174424,1.0325894836270835,1.0422129788153212,1.0422129788153212,3.68327415002067e-05,1.189275060905166,4.56539061510928,nan,nan,nan
14.64,220.00323486328125,-217.7803955078125,-5.017882823944092,218.97608988900248,-217.6719617539204,-5.0216809944256875,1.0328596725926862,1.0422707127187967,1.0422707127187967,3.6061371752733685e-05,1.4235627579017665,4.959383829965163,nan,1.0378399133290834,nan
14.65,220.00323486328125,-217.77166748046875,-5.017882823944092,219.00154452363824,-217.6472254227228,-5.0216789304736995,1.0093977277044697,1.0421843365635621,1.0421843365635621,3.6757101859818676e-05,1.3696733828590832,4.207154947731719,6.778750792525646,nan,nan
14.66,220.00323486328125,-217.762939453125,-5.017882823944092,219.00129243864703,-217.63871543602224,-5.021420462975905,1.009620098649473,1.042241791304561,1.042241791304561,3.5989998534763396e-05,1.32573988002109,4.160868028607632,nan,0.07938151285425461,nan
14.67,220.00323486328125,-217.7542266845703,-5.017882823944092,219.00104023641833,-217.63020556899897,-5.021504415131694,1.0098457422513547,1.0422993388375257,1.0422993388375257,3.670686097728041e-05,1.335705346277276,4.027109681347267,nan,nan,nan
14.68,220.00323486328125,-217.74549865722656,-5.017882823944092,219.00078808322738,-217.62169576185977,-5.021807833479947,1.0100703487586573,1.0423569793069567,1.0423569793069567,3.5942951041862303e-05,1.4073843362022411,4.238481747952706,nan,0.03194884801399837,nan
14.69,220.00323486328125,-217.7367706298828,-5.017882823944092,219.00053605675535,-217.6131857746369,-5.021895857650418,1.0102941242500356,1.0424147128573542,1.0424147128573542,3.665907718853138e-05,1.418450755215615,4.24715930273442,nan,nan,nan
14.700000000000001,220.00323486328125,-217.72804260253906,-5.017882823944092,218.99843311257845,-217.59958055951554,-5.02375710761597,1.0129973158512506,1.0423283379383796,1.0423283379383796,3.587647604784362e-05,1.9462923982814568,4.741367659939399,0.20498950669545082,2.1213763674496016,nan
14.71,220.00323486328125,-217.71932983398438,-5.017882823944092,218.99817828472112,-217.59106203754104,-5.023864446392279,1.0132261018738788,1.04238579241401,1.04238579241401,3.659104590992238e-05,1.962677380936591,4.608249240412434,nan,nan,nan
14.72,220.00323486328125,-217.71060180664062,-5.017882823944092,218.99792369262286,-217.582543386258,-5.023132433386384,1.0134481078381494,1.0424433396534254,1.0424433396534254,3.58340558168357e-05,1.754289035187894,4.530370260536809,nan,0.47525377357947557,nan
14.73,220.00323486328125,-217.70187377929688,-5.017882823944092,218.9976693159544,-217.5740247058266,-5.023233429264911,1.0136745456680185,1.0425009798011258,1.0425009798011258,3.654803066304474e-05,1.7689424947408783,4.534246550639241,nan,nan,nan
14.74,220.00323486328125,-217.69314575195312,-5.017882823944092,218.99741505220837,-217.5655059966806,-5.020907008947648,1.013890795484235,1.0425587130016112,1.0425587130016112,3.579384720929926e-05,1.241512658480256,4.006190047837504,nan,3.9778162147219893,nan
14.75,220.00323486328125,-217.68443298339844,-5.017882823944092,218.97534304205905,-217.53611788281722,-5.020924455547851,1.038541389025356,1.042472339309006,1.042472339309006,3.6484774415998876e-05,1.288188540299925,4.031317939551046,6.490506389352546,nan,nan
14.76,220.00323486328125,-217.6757049560547,-5.017882823944092,218.97505358893446,-217.5275657443206,-5.022581977997803,1.038808953089743,1.042529793521048,1.042529793521048,3.573418690627935e-05,1.6530332342313452,4.514276397155676,nan,1.6865595990902649,nan
14.77,220.00323486328125,-217.66697692871094,-5.017882823944092,218.97476405661095,-217.51901345751958,-5.0226776009357215,1.0390709209993567,1.0425873404691448,1.0425873404691448,3.6446268869588584e-05,1.6663327869345745,4.528164805981369,nan,nan,nan
14.780000000000001,220.00323486328125,-217.6582489013672,-5.017882823944092,218.97447451396943,-217.5104610724959,-5.022281772344882,1.0393307699792727,1.0426449802977964,1.0426449802977964,3.5698248125446685e-05,1.5780728673660853,4.425894113544965,nan,0.1643972201716962,nan
14.790000000000001,220.00323486328125,-217.6495361328125,-5.017882823944092,218.97418505327903,-217.50190862819903,-5.02237421639045,1.0395949038881023,1.042702713151503,1.042702713151503,3.640991455586883e-05,1.5905185778806172,4.318868767167454,nan,nan,nan
14.8,220.00323486328125,-217.64080810546875,-5.017882823944092,219.0353568123979,-217.48374400060598,-5.022870679633547,0.9805518513176447,1.0426163406754618,1.0426163406754618,3.564284217033373e-05,1.6201580679488718,3.4427900782323224,26.921360320924034,0.136203886677693,nan
14.81,220.00323486328125,-217.632080078125,-5.017882823944092,219.03516646430612,-217.4751762451059,-5.022968516348062,0.9807145875215652,1.0426737946256848,1.0426737946256848,3.635326515457179e-05,1.633882666521726,3.457457368838975,nan,nan,nan
14.82,220.00323486328125,-217.62335205078125,-5.017882823944092,219.03497614063872,-217.46660860190022,-5.022354307501643,0.9808738231320439,1.0427313412846766,1.0427313412846766,3.56109247711039e-05,1.4841282332676293,3.3046509605965957,nan,0.3465624342750074,nan
14.83,220.00323486328125,-217.61463928222656,-5.017882823944092,219.03478569726178,-217.45804093161485,-5.022447060714139,0.9810390730421528,1.042788980796937,1.042788980796937,3.63210435012701e-05,1.4964846644340093,3.2117747738217117,nan,nan,nan
14.84,220.00323486328125,-217.6059112548828,-5.017882823944092,219.03459505614347,-217.44947307677018,-5.020668994361493,0.981195058226806,1.0428467133069668,1.0428467133069668,3.5580923731366797e-05,1.1413522787288632,2.9585209301274995,nan,2.392181206318402,nan
14.85,220.00323486328125,-217.59718322753906,-5.017882823944092,219.05165220571482,-217.42765653888466,-5.0208399531928825,0.9665700165847875,1.042760342037767,1.042760342037767,3.626849531498646e-05,1.137045924716754,2.6713780898465282,3.683665845491182,nan,nan
14.86,220.00323486328125,-217.5884552001953,-5.017882823944092,219.05148885465132,-217.4190668963669,-5.020321907880452,0.9667051316442408,1.042817795727931,1.042817795727931,3.55313769700867e-05,1.06357518799949,2.6046019347671763,nan,0.2441164309643702,nan
14.870000000000001,220.00323486328125,-217.57974243164062,-5.017882823944092,219.05132548803192,-217.41047715468295,-5.020396058706276,0.9668446147236358,1.0428753421000143,1.0428753421000143,3.624014802472974e-05,1.0706423218217218,2.5234405489795444,nan,nan,nan
14.88,220.00323486328125,-217.57101440429688,-5.017882823944092,219.0511619874949,-217.40188739302832,-5.023117368629262,0.9669922994557774,1.042932981298517,1.042932981298517,3.550503880138355e-05,1.6682892812383665,3.2119940639414373,nan,4.802537385627192,nan
14.89,220.00323486328125,-217.56228637695312,-5.017882823944092,219.05099829607607,-217.39329777357312,-5.023219359521657,0.9671298292406206,1.0429907134679395,1.0429907134679395,3.621364373218219e-05,1.683164898546157,3.2262366249670666,nan,nan,nan
14.9,220.00323486328125,-217.55355834960938,-5.017882823944092,219.05710393551996,-217.40326291733268,-5.0239216340295,0.9580130044299616,1.0429043433959424,1.0429043433959424,3.5459110574190904e-05,1.908427165321938,3.593039385699332,2.7113464600713817,0.2761151052235572,nan
14.91,220.00323486328125,-217.5448455810547,-5.017882823944092,219.0569503061262,-217.394703258934,-5.0240311026147255,0.9581414203198518,1.0429617968277978,1.0429617968277978,3.616671315958901e-05,1.925379677200203,3.4929345659969053,nan,nan,nan
14.92,220.00323486328125,-217.53611755371094,-5.017882823944092,219.0567966040434,-217.38614356682876,-5.022619262341911,0.9582588424529173,1.0430193429151524,1.0430193429151524,3.5436192192039794e-05,1.5134421525432378,3.1888375425961035,nan,1.5955370269807474,nan
14.93,220.00323486328125,-217.5273895263672,-5.017882823944092,219.05664275104238,-217.37758375783926,-5.022715765375525,0.9583849709589446,1.0430769818025065,1.0430769818025065,3.614371436332054e-05,1.5267817975386584,3.203475443935462,nan,nan,nan
14.94,220.00323486328125,-217.51866149902344,-5.017882823944092,219.05648867290188,-217.36902387386127,-5.022050793334718,0.958507767225112,1.0431347136343605,1.0431347136343605,3.541489897422776e-05,1.371256875113135,3.0466618792821616,nan,0.40077863169733374,nan
14.950000000000001,220.00323486328125,-217.50994873046875,-5.017882823944092,219.04402537093495,-217.32027608503662,-5.022141091982165,0.97779174443189,1.0430483447500085,1.0430483447500085,3.610023425397727e-05,1.4188920938802596,2.7583608235567425,12.25138561768865,nan,nan
14.96,220.00323486328125,-217.501220703125,-5.017882823944092,219.04385133144984,-217.31165127012224,-5.022106649293862,0.9779423151591694,1.0431057979252951,1.0431057979252951,3.537390336380044e-05,1.421178926666746,2.834456263411057,nan,0.011035556453103501,nan
14.97,220.00323486328125,-217.49249267578125,-5.017882823944092,219.04367732045165,-217.30302652665014,-5.022198281459682,0.978093412124486,1.043163343730084,1.043163343730084,3.6080493467421703e-05,1.433220815978455,2.8392302932752873,nan,nan,nan
14.98,220.00323486328125,-217.4837646484375,-5.017882823944092,219.04350325362293,-217.29440190359364,-5.0230373316680375,0.9782482203725329,1.0432209823088752,1.0432209823088752,3.5355685539595905e-05,1.6687725742348947,3.0739325127825605,nan,0.3855881180465424,nan
14.99,220.00323486328125,-217.4750518798828,-5.017882823944092,219.04332922153523,-217.28577725193682,-5.023138052992749,0.978402444432905,1.0432787138061688,1.0432787138061688,3.606229844226108e-05,1.6833596610781163,3.01516407833333,nan,nan,nan
15.0,220.00323486328125,-217.46632385253906,-5.017882823944092,219.0354334024162,-217.2406074102965,-5.023832926243286,0.9937922235902907,1.0431923460999861,1.0431923460999861,3.531770427559348e-05,1.9491329042774148,3.2532994660605326,9.852915076364397,0.194270063520378,nan
15.01,220.00323486328125,-217.4575958251953,-5.017882823944092,219.03524689857096,-217.23192387948035,-5.023942077911869,0.9939644065384797,1.0432497990204348,1.0432497990204348,3.60234956892856e-05,1.9661558437044047,3.2639918535674597,nan,nan,nan
15.02,220.00323486328125,-217.44886779785156,-5.017882823944092,219.0350604901331,-217.22324027671365,-5.022979670190508,0.9941304607330469,1.0433073445448038,1.0433073445448038,3.530233259381978e-05,1.6831142265632701,2.9729765570023403,nan,0.7980590359020944,nan
15.030000000000001,220.00323486328125,-217.44015502929688,-5.017882823944092,219.03487417689968,-217.21455638040413,-5.023080200281178,0.99430587951214,1.0433649828175937,1.0433649828175937,3.6008211179914035e-05,1.6977098965312565,2.9626303015506448,nan,nan,nan
15.040000000000001,220.00323486328125,-217.43142700195312,-5.017882823944092,219.0346878406544,-217.20587233836687,-5.0225617102200335,0.9944748027384102,1.0434227139833043,1.0434227139833043,3.528831001550524e-05,1.5681768596464298,2.8650004466822883,nan,0.2671139897820076,nan
15.05,220.00323486328125,-217.42269897460938,-5.017882823944092,219.03732382562947,-217.20646530954582,-5.022520823621899,0.9898296023080766,1.0433363474458954,1.0433363474458954,3.597225147098472e-05,1.5370361371469892,2.805747706419309,1.509453921844996,nan,nan
15.06,220.00323486328125,-217.41397094726562,-5.017882823944092,219.03714193250156,-217.1977962970452,-5.022477654465909,0.989994011480854,1.0433938001132268,1.0433938001132268,3.5254393876180476e-05,1.5381675345619144,2.8026425562220623,nan,0.013221291958749047,nan
15.07,220.00323486328125,-217.40525817871094,-5.017882823944092,219.03695995322073,-217.18912726583497,-5.022571880801066,0.9901624920018294,1.043451345359306,1.043451345359306,3.595964803234016e-05,1.5510164379562266,2.777731155877416,nan,nan,nan
15.08,220.00323486328125,-217.3965301513672,-5.017882823944092,219.03677772474353,-217.18045816415008,-5.021614828099359,0.9903233977572589,1.043508983328633,1.043508983328633,3.524289792944451e-05,1.3350313062962014,2.5947232582478987,nan,0.7707115230928475,nan
15.09,220.00323486328125,-217.38780212402344,-5.017882823944092,219.03659552325334,-217.17178894232777,-5.021700327527866,0.9904887085118608,1.0435667141657083,1.0435667141657083,3.594831362175774e-05,1.3454932614305855,2.6036232058525575,nan,nan,nan
15.1,220.00323486328125,-217.3790740966797,-5.017882823944092,219.00793927761194,-217.18379479229563,-5.022946480286723,1.0142844523057104,1.043480348787757,1.043480348787757,3.5211439984699796e-05,1.7140707825677368,3.4086776604879527,9.308569393883364,1.1577464504132244,nan
15.11,220.00323486328125,-217.370361328125,-5.017882823944092,219.00771145021628,-217.17515878720255,-5.023043995967909,1.014493733662152,1.0435378012036822,1.0435378012036822,3.591616551600919e-05,1.7278956590359136,3.369654808112163,nan,nan,nan
15.120000000000001,220.00323486328125,-217.36163330078125,-5.017882823944092,219.00748348890002,-217.1665228747424,-5.022471814907035,1.0146969679511317,1.0435953461735847,1.0435953461735847,3.520226103618951e-05,1.584802659085626,3.285682600947059,nan,0.31404616993531614,nan
15.13,220.00323486328125,-217.3529052734375,-5.017882823944092,219.00725536038644,-217.1578868019065,-5.022564855115619,1.0149035894314178,1.0436529838419648,1.0436529838419648,3.590719506630262e-05,1.597427188394678,3.300957452744167,nan,nan,nan
15.14,220.00323486328125,-217.34417724609375,-5.017882823944092,219.00702722383414,-217.14925038681514,-5.0234655020538135,1.0151144308184554,1.0437107143533226,1.0437107143533226,3.5194177907146957e-05,1.872824361492926,3.5646309127074076,nan,0.45436856310675927,nan
15.15,220.00323486328125,-217.33546447753906,-5.017882823944092,219.01536996348452,-217.11686088016708,-5.023626477502222,1.0117794139982177,1.0436243501255915,1.0436243501255915,3.5877339432918454e-05,1.9003841259033727,3.331451376190061,4.5769117136919855,nan,nan
15.16,220.00323486328125,-217.3267364501953,-5.017882823944092,219.01515604265862,-217.10818612516746,-5.0244263720324085,1.0119816294549893,1.0436818022918117,1.0436818022918117,3.5165996966646885e-05,2.198800533875552,3.655871620907574,nan,0.33793928739479495,nan
15.17,220.00323486328125,-217.31800842285156,-5.017882823944092,219.01494240197204,-217.09951142357164,-5.024538908016462,1.0121794461606761,1.0437393469876346,1.0437393469876346,3.58705262287468e-05,2.216624924706819,3.6641785197734187,nan,nan,nan
15.18,220.00323486328125,-217.3092803955078,-5.017882823944092,219.0147288636627,-217.09083681944597,-5.023488984084583,1.0123700589389646,1.0437969843575603,1.0437969843575603,3.5159943248945714e-05,1.8757466697083118,3.31274093223255,nan,0.9467215336431237,nan
15.19,220.00323486328125,-217.30056762695312,-5.017882823944092,219.0145153873746,-217.08216225044043,-5.0235917027677415,1.0125708379289917,1.0438547145460892,1.0438547145460892,3.5864732086739294e-05,1.8909216148335946,3.2891658896091798,nan,nan,nan
15.200000000000001,220.00323486328125,-217.29183959960938,-5.017882823944092,218.9538202862809,-217.100327946996,-5.022267220519873,1.0667553095442688,1.0437683514594194,1.0437683514594194,3.5133722795484086e-05,1.6373663434529648,4.211057377969171,30.377409148496223,1.3981474667651532,nan
15.21,220.00323486328125,-217.28311157226562,-5.017882823944092,218.95350967304222,-217.09169607421185,-5.022357956135453,1.067043998495691,1.0438258033776264,1.0438258033776264,3.583791300916731e-05,1.6495757076528446,4.2311354275542685,nan,nan,nan
15.22,220.00323486328125,-217.27439880371094,-5.017882823944092,218.95319888575597,-217.0830642788807,-5.020640400027116,1.0673294049708104,1.0438833478014506,1.0438833478014506,3.512951199540311e-05,1.30775739582298,3.825161484912384,nan,2.2944011549598216,nan
15.23,220.00323486328125,-217.2656707763672,-5.017882823944092,218.95288799456438,-217.07443255213715,-5.0207152993221325,1.067618202330197,1.0439409848753927,1.0439409848753927,3.5833994882550705e-05,1.315715966478709,3.9030769666289054,nan,nan,nan
15.24,220.00323486328125,-217.25694274902344,-5.017882823944092,218.9525771518617,-217.06580083864876,-5.020324538027787,1.0679058097204588,1.0439987147439524,1.0439987147439524,3.512617126772893e-05,1.2620847300869051,3.84793153897012,nan,0.15266400506778094,nan
15.25,220.00323486328125,-217.2482147216797,-5.017882823944092,218.97148531437767,-217.05652594708576,-5.0204130260427595,1.0494084618920867,1.043912352789261,1.043912352789261,3.580898241385923e-05,1.2337071734043734,3.4890978799380776,2.5766584110854915,nan,nan
15.26,220.00323486328125,-217.239501953125,-5.017882823944092,218.97120517651655,-217.04789294841459,-5.023205893851875,1.0496797702742522,1.0439698044611367,1.0439698044611367,3.5102531059705844e-05,1.8626026611026814,4.058485050488826,nan,5.190175812875648,nan
15.27,220.00323486328125,-217.23077392578125,-5.017882823944092,218.9709250274738,-217.0392597331967,-5.023307496637318,1.0499384315948825,1.0440273486150276,1.0440273486150276,3.580675887709719e-05,1.8776849405650786,4.129994622027563,nan,nan,nan
15.280000000000001,220.00323486328125,-217.2220458984375,-5.017882823944092,218.97064472634105,-217.03062643104903,-5.021906613884541,1.050190456196852,1.0440849853954337,1.0440849853954337,3.5100781505165966e-05,1.5175846411159235,3.771851034078529,nan,1.586879830708005,nan
15.290000000000001,220.00323486328125,-217.21331787109375,-5.017882823944092,218.9703643391688,-217.0219930018632,-5.021995435240931,1.0504492556701985,1.0441427149468554,1.0441427149468554,3.5805334754122195e-05,1.5291534338680277,3.78521177086695,nan,nan,nan
15.3,220.00323486328125,-217.20460510253906,-5.017882823944092,218.96369555289803,-216.99460104375416,-5.0199519612124055,1.0605413541522968,1.044056354115137,1.044056354115137,3.507866790916694e-05,1.1993319033261711,3.4341877722809793,2.726656735777418,3.174088411392755,nan
15.31,220.00323486328125,-217.1958770751953,-5.017882823944092,218.9634049443776,-216.98593754575884,-5.020021684114363,1.0608135750404042,1.044113805542354,1.044113805542354,3.578268291306656e-05,1.2056234585007177,3.486210780219164,nan,nan,nan
15.32,220.00323486328125,-217.18714904785156,-5.017882823944092,218.9631141619975,-216.97727405945471,-5.020810595574187,1.0610877229712323,1.0441713494283604,1.0441713494283604,3.507834781279284e-05,1.3226328431527663,3.6082405836634965,nan,0.36265561171711747,nan
15.33,220.00323486328125,-217.1784210205078,-5.017882823944092,218.96282317047877,-216.96861060361806,-5.0208891956294455,1.0613604193799024,1.0442289859176566,1.0442289859176566,3.578271060329119e-05,1.3313519006221444,3.615521659222277,nan,nan,nan
15.34,220.00323486328125,-217.16970825195312,-5.017882823944092,218.96253221016448,-216.95994712978808,-5.021357609480728,1.061637327297201,1.044286715154743,1.044286715154743,3.5078701936624004e-05,1.4234659461809887,3.6652629813746205,nan,0.10632228357134883,nan
15.35,220.00323486328125,-217.16098022460938,-5.017882823944092,218.985520420785,-216.96797073535376,-5.021307456491084,1.0358605492614497,1.0442003554370676,1.0442003554370676,3.576144739462637e-05,1.3555300739058644,3.3215725819773043,6.513026489608952,nan,nan
15.36,220.00323486328125,-217.15225219726562,-5.017882823944092,218.98526674919745,-216.95933400315,-5.0207423167052365,1.0360910614473118,1.0442578066212884,1.0442578066212884,3.50585682951863e-05,1.2612100404575426,3.2326683738589788,nan,0.2952925073349283,nan
15.370000000000001,220.00323486328125,-217.14352416992188,-5.017882823944092,218.98501284148443,-216.95069728770994,-5.0208193844419675,1.0363237503614056,1.0443153502414442,1.0443153502414442,3.57627715757322e-05,1.2695125444984432,3.23883958830214,nan,nan,nan
15.38,220.00323486328125,-217.1348114013672,-5.017882823944092,218.98475875063843,-216.94206073121236,-5.021199746851432,1.03656037684581,1.044372986442035,1.044372986442035,3.5060137325854105e-05,1.342598713352681,3.2587714880626057,nan,0.06435930630588789,nan
15.39,220.00323486328125,-217.12608337402344,-5.017882823944092,218.98450464568577,-216.9334242709137,-5.021281689062787,1.0367932959550192,1.0444307153675612,1.0444307153675612,3.5764707157175385e-05,1.3522085964084276,3.3282349203610355,nan,nan,nan
15.4,220.00323486328125,-217.1173553466797,-5.017882823944092,218.99028706793484,-216.92904752605457,-5.02009198964233,1.0303047858856167,1.044344356755073,1.044344356755073,3.5041161534286834e-05,1.1557258602463865,3.0608753810263787,0.983288372897125,0.9400403033963483,nan
15.41,220.00323486328125,-217.10862731933594,-5.017882823944092,218.9900426896208,-216.92041785008132,-5.020162255036431,1.0305272344242098,1.0444018076979513,1.0444018076979513,3.5745229809945444e-05,1.162188634805163,3.0654053631854197,nan,nan,nan
15.42,220.00323486328125,-217.09991455078125,-5.017882823944092,218.9897984260253,-216.9117881283844,-5.019547938814273,1.0307510542169873,1.0444593510542743,1.0444593510542743,3.504380865417338e-05,1.096338348669584,2.9449223406277607,nan,0.33104315965280684,nan
15.43,220.00323486328125,-217.0911865234375,-5.017882823944092,218.98955412920188,-216.90315846684663,-5.019613436381882,1.030973411746609,1.0445169869685424,1.0445169869685424,3.574825777257172e-05,1.1013834295735658,3.020846963061496,nan,nan,nan
15.44,220.00323486328125,-217.08245849609375,-5.017882823944092,218.98930979353045,-216.89452896001745,-5.019976066689857,1.0311963630968666,1.0445747155852556,1.0445747155852556,3.5046964449005016e-05,1.1430078321586743,3.074573982057216,nan,0.06173060668065978,nan
15.450000000000001,220.00323486328125,-217.07373046875,-5.017882823944092,219.00741234354706,-216.92164669253523,-5.019963095627727,1.0073709809835565,1.044488358069174,1.044488358069174,3.5729818386969306e-05,1.0926866510842128,3.089877375400125,11.51510583470785,nan,nan
15.46,220.00323486328125,-217.0650177001953,-5.017882823944092,219.00719739742036,-216.9130748983684,-5.019847751163924,1.0075619630397852,1.0445458087723538,1.0445458087723538,3.5029464358229866e-05,1.0821036493172451,2.985334995589167,nan,0.024184363660418935,nan
15.47,220.00323486328125,-217.05628967285156,-5.017882823944092,219.0069823307611,-216.90450306019562,-5.019916857054176,1.0077511704905435,1.044603351866847,1.044603351866847,3.5733808945055654e-05,1.0879759709201864,3.1017412235509134,nan,nan,nan
15.48,220.00323486328125,-217.0475616455078,-5.017882823944092,219.00676729612414,-216.89593117762354,-5.022428200321491,1.0079484469124542,1.0446609874971535,1.0446609874971535,3.503352020329405e-05,1.5622399877840705,3.5824957822370767,nan,4.199772919471961,nan
15.49,220.00323486328125,-217.03883361816406,-5.017882823944092,219.0065522974265,-216.8873591579718,-5.022523866847036,1.0081379808580557,1.044718715807774,1.044718715807774,3.5738254071341625e-05,1.5755128409355976,3.6009713321193795,nan,nan,nan
15.5,220.00323486328125,-217.03012084960938,-5.017882823944092,219.01079808258177,-216.9124093414341,-5.021079479713272,0.9993983097094697,1.044632359379391,1.044632359379391,3.501687236665072e-05,1.2479327308252277,3.549586511442877,8.203628780532958,1.835257061667888,nan
15.51,220.00323486328125,-217.02139282226562,-5.017882823944092,219.0105902054273,-216.90389132433796,-5.021162891424861,0.9995803007382272,1.0446898098445063,1.0446898098445063,3.57211239773573e-05,1.2575982388823512,3.708293143142506,nan,nan,nan
15.52,220.00323486328125,-217.01266479492188,-5.017882823944092,219.01038210431497,-216.89537325911408,-5.019774846852325,0.9997587134452937,1.0447473526791569,1.0447473526791569,3.50217152900155e-05,1.0589191098330286,3.517832708960346,nan,1.5295185476495283,nan
15.530000000000001,220.00323486328125,-217.00393676757812,-5.017882823944092,219.01017393025208,-216.88685522282145,-5.019845793207593,0.9999409772980123,1.0448049880278425,1.0448049880278425,3.572636465084061e-05,1.0648542185503032,3.5216422181535285,nan,nan,nan
15.540000000000001,220.00323486328125,-216.99522399902344,-5.017882823944092,219.00996596132998,-216.8783372756011,-5.022955102929292,1.0001356636526826,1.0448627160350634,1.0448627160350634,3.502693055681267e-05,1.69181954650097,4.0115428772638895,nan,6.504933470639053,nan
15.55,220.00323486328125,-216.9864959716797,-5.017882823944092,219.03770687665457,-216.90414419129593,-5.023117262030319,0.9690477325879405,1.0447763606857439,1.0447763606857439,3.5709985701148653e-05,1.6660558833045767,4.41747055482902,13.749307859961853,nan,nan
15.56,220.00323486328125,-216.97776794433594,-5.017882823944092,219.0375440550244,-216.8956815659928,-5.020925127290439,0.9691780880059753,1.04483381091442,1.04483381091442,3.501134553756658e-05,1.1633519828098338,3.9124391735600144,nan,3.7239806050294715,nan
15.57,220.00323486328125,-216.9690399169922,-5.017882823944092,219.03738130941085,-216.8872189978839,-5.021008442596063,0.9693180694796568,1.0448913534911999,1.0448913534911999,3.571591607772108e-05,1.1727346711445135,3.9259464200278265,nan,nan,nan
15.58,220.00323486328125,-216.9603271484375,-5.017882823944092,219.03721873478705,-216.8787565744305,-5.020331163376487,0.969457019893475,1.0449489885605838,1.0449489885605838,3.501720415838929e-05,1.0705966597253267,3.651863439939349,nan,0.40921231437189753,nan
15.59,220.00323486328125,-216.95159912109375,-5.017882823944092,219.03705616498056,-216.8702941529788,-5.020408951952341,0.9695969039827386,1.0450067162670722,1.0450067162670722,3.572217358949801e-05,1.0782602928048297,3.8363862793189774,nan,nan,nan
15.6,220.00323486328125,-216.94287109375,-5.017882823944092,219.01121921521653,-216.84215224852238,-5.021643039495351,0.9971225957775942,1.044920361988253,1.044920361988253,3.500222463612097e-05,1.355449777231748,4.06551888932153,7.267780266078849,0.9665691423041733,nan
15.610000000000001,220.00323486328125,-216.93414306640625,-5.017882823944092,219.01101553093065,-216.8336580350784,-5.02173441077578,0.9973020002648911,1.0449778119821052,1.0449778119821052,3.5706718889214345e-05,1.3672473573266712,4.0799621110617785,nan,nan,nan
15.620000000000001,220.00323486328125,-216.92543029785156,-5.017882823944092,219.01081197618606,-216.8251638321802,-5.021452309695479,0.9974814746134898,1.0450353543029718,1.0450353543029718,3.500863559468747e-05,1.3160246255537755,3.8740155080823584,nan,0.09902018413193112,nan
15.63,220.00323486328125,-216.9167022705078,-5.017882823944092,219.0106083420175,-216.81666953772893,-5.021542024645171,0.9976609384421012,1.045092989095353,1.045092989095353,3.571353320550836e-05,1.3272896955826365,4.036478091890591,nan,nan,nan
15.64,220.00323486328125,-216.90797424316406,-5.017882823944092,219.01040455603882,-216.8081751241705,-5.01947405403903,0.9978348636644244,1.0451507165037492,1.0451507165037492,3.50153095980222e-05,1.0249702663440259,3.730986335502294,nan,3.2873128927677553,nan
15.65,220.00323486328125,-216.8992462158203,-5.017882823944092,219.0149596140114,-216.77946133169078,-5.019495161336629,0.9955094105116229,1.0450643632869385,1.0450643632869385,3.569860120318367e-05,1.0211234443716724,3.3674989259691026,3.101730288103001,nan,nan
15.66,220.00323486328125,-216.89053344726562,-5.017882823944092,219.01476365525454,-216.7709343619808,-5.01806162683564,0.9956803213226729,1.045121813047573,1.045121813047573,3.500106370849827e-05,0.9494911379484986,3.164095605623926,nan,1.5963295654341672,nan
15.67,220.00323486328125,-216.88180541992188,-5.017882823944092,219.0145677960964,-216.7624072430301,-5.0181177071773835,0.995850666290434,1.0451793551144688,1.0451793551144688,3.57058881255113e-05,0.9503951875866563,3.3087044831819883,nan,nan,nan
15.68,220.00323486328125,-216.87307739257812,-5.017882823944092,219.0143718782594,-216.75388004752554,-5.016912526287878,0.9960215618607143,1.0452369896321259,1.0452369896321259,3.500817740460869e-05,0.9760156377174617,3.341229038398917,nan,1.1244804709456684,nan
15.69,220.00323486328125,-216.86434936523438,-5.017882823944092,219.01417585152663,-216.7453527501537,-5.016957870203147,0.9961921394355138,1.0452947167450444,1.0452947167450444,3.5713401450697495e-05,0.9733510275260857,3.348179621314264,nan,nan,nan
15.700000000000001,220.00323486328125,-216.8556365966797,-5.017882823944092,219.01708440008156,-216.7320168784058,-5.014981079952234,0.9938727237092669,1.0452083645818213,1.0452083645818213,3.4994343169117706e-05,1.1856640827481084,3.3845355652326097,0.5493115692703741,3.1415870468718037,nan
15.71,220.00323486328125,-216.84690856933594,-5.017882823944092,219.01689334064372,-216.7234819726754,-5.015008978239364,0.9940382201058788,1.045265814110835,1.045265814110835,3.5699091023822294e-05,1.176663469839215,3.520732816336273,nan,nan,nan
15.72,220.00323486328125,-216.8381805419922,-5.017882823944092,219.01670227485712,-216.7149470804079,-5.015268224640753,0.9942031332712477,1.0453233559256874,1.0453233559256874,3.500182507115206e-05,1.1408841429146959,3.504086787902912,nan,0.037481919182504105,nan
15.73,220.00323486328125,-216.82945251464844,-5.017882823944092,219.01651115731445,-216.7064122106234,-5.015300408309078,0.9943687732435756,1.0453809901708784,1.0453809901708784,3.5706974455655287e-05,1.1326060655264276,3.5203054505727573,nan,nan,nan
15.74,220.00323486328125,-216.82073974609375,-5.017882823944092,219.01631987157785,-216.6978774619642,-5.016140999110651,0.9945347533717488,1.0454387169909083,1.0454387169909083,3.5009484864379864e-05,1.0327673853455446,3.3073685514095557,nan,0.460160694128071,nan
15.75,220.00323486328125,-216.81201171875,-5.017882823944092,218.99490852454326,-216.6834473498435,-5.016252936941776,1.0164907569066823,1.0453523658729211,1.0453523658729211,3.56930099030869e-05,1.062850683868629,3.6987355167704754,3.5870253242147574,nan,nan
15.76,220.00323486328125,-216.80328369140625,-5.017882823944092,218.99468318346095,-216.67490319962977,-5.015722891970481,1.0166920413002412,1.0454098151719016,1.0454098151719016,3.499612921746154e-05,1.1220678961248995,3.780640874968284,nan,0.23302637861921072,nan
15.77,220.00323486328125,-216.7945556640625,-5.017882823944092,218.9944579197295,-216.66635907178897,-5.015762691956672,1.0168922180210513,1.0454673567366233,1.0454673567366233,3.5701198182969875e-05,1.1149988151718935,3.7948738962523985,nan,nan,nan
15.780000000000001,220.00323486328125,-216.7858428955078,-5.017882823944092,218.99423268129473,-216.6578150137651,-5.0168141629287595,1.0170927606631794,1.0455249907115864,1.0455249907115864,3.5004071803769574e-05,1.0220584452969945,3.6091009092734065,nan,0.7208208163643743,nan
15.790000000000001,220.00323486328125,-216.77711486816406,-5.017882823944092,218.9940074630884,-216.64927087886264,-5.016866292830857,1.017293008054237,1.0455827172412913,1.0455827172412913,3.570953558681365e-05,1.018704971275704,3.731624720978732,nan,nan,nan
15.8,220.00323486328125,-216.7683868408203,-5.017882823944092,219.00182904339718,-216.6502119526102,-5.017295490037181,1.0083547318589223,1.0454963671602582,1.0454963671602582,3.4990980056413644e-05,0.9823908092179479,3.754174285194929,1.098089618676946,0.08765077164290354,nan
15.81,220.00323486328125,-216.75967407226562,-5.017882823944092,219.00161689666118,-216.6416825801731,-5.017353586195361,1.0085439124574338,1.0455538162307836,1.0455538162307836,3.569596173012893e-05,0.9806904142965271,3.6289951574377093,nan,nan,nan
15.82,220.00323486328125,-216.75094604492188,-5.017882823944092,219.00140472264164,-216.6331531872571,-5.017588197243271,1.008731319438288,1.0456113575472732,1.0456113575472732,3.4999150777576854e-05,0.9756322039818047,3.7644327593168985,nan,0.021776374185704248,nan
15.83,220.00323486328125,-216.74221801757812,-5.017882823944092,219.00119262137738,-216.6246239264747,-5.017649869839762,1.0089187673394624,1.045668991254227,1.045668991254227,3.570452769807912e-05,0.974979993214901,3.771610364334565,nan,nan,nan
15.84,220.00323486328125,-216.73348999023438,-5.017882823944092,219.00098063067284,-216.6160946843455,-5.017131497717296,1.009106421105974,1.045726717496145,1.045726717496145,3.5007435117490905e-05,0.9898928824784236,3.795234912585488,nan,0.23825616972492708,nan
15.85,220.00323486328125,-216.7247772216797,-5.017882823944092,218.98477294935049,-216.56879470200087,-5.0171015076286265,1.030337724742743,1.0456403684438524,1.0456403684438524,3.5691167160391405e-05,1.0323622637957057,3.490231032070567,12.549907545786937,nan,nan
15.860000000000001,220.00323486328125,-216.71604919433594,-5.017882823944092,218.9845350209842,-216.56020312991635,-5.017169413485891,1.0305522177190238,1.045697817287492,1.045697817287492,3.4994630575238087e-05,1.0301692839545942,3.594368083128673,nan,8.755257704311539e-05,nan
15.870000000000001,220.00323486328125,-216.7073211669922,-5.017882823944092,218.98429701851333,-216.5516114329604,-5.017227310560461,1.0307668419532778,1.0457553583576331,1.0457553583576331,3.569991250374145e-05,1.0280291231593766,3.6017555710052322,nan,nan,nan
15.88,220.00323486328125,-216.69859313964844,-5.017882823944092,218.9840589229489,-216.5430195965025,-5.017286236941443,1.0309816102120282,1.0458129917987764,1.0458129917987764,3.641952010686076e-05,1.026132894907416,3.617196466017436,nan,nan,nan
15.89,220.00323486328125,-216.68988037109375,-5.017882823944092,218.98382079838896,-216.53442768679687,-5.017346217281317,1.0311987493698938,1.045870717755422,1.045870717755422,3.715359788479602e-05,1.0244825012597425,3.536879318288557,nan,nan,nan
15.9,220.00323486328125,-216.68115234375,-5.017882823944092,218.97856063417083,-216.51835921171795,-5.01778175683994,1.0375253682943812,1.0457843697237246,1.0457843697237246,3.634777534512922e-05,1.0296126048881156,3.670034467692667,0.5781846041482377,0.08235829240530934,nan
15.91,220.00323486328125,-216.67242431640625,-5.017882823944092,218.97831463221598,-216.50975545007202,-5.017847769230786,1.0377488334612452,1.045841818342038,1.045841818342038,3.7079602950464644e-05,1.0297516133427091,3.6837938317575523,nan,nan,nan
15.92,220.00323486328125,-216.6636962890625,-5.017882823944092,218.97806870362263,-216.5011517467493,-5.018183004596973,1.0379722892512346,1.0458993591677006,1.0458993591677006,3.630034764918399e-05,1.0325875159162146,3.696575763909258,nan,0.047132506324456126,nan
15.93,220.00323486328125,-216.6549835205078,-5.017882823944092,218.97782265132554,-216.49254814213506,-5.018253849834122,1.0381982441880804,1.0459569923452128,1.0459569923452128,3.7030928340659644e-05,1.0342143564541646,3.635281984207224,nan,nan,nan
15.94,220.00323486328125,-216.64625549316406,-5.017882823944092,218.97757638541233,-216.48394455961443,-5.01878812142282,1.038422347572345,1.046014718019075,1.046014718019075,3.62543567009113e-05,1.0534902339860632,3.744224875274141,nan,0.14047379881635855,nan
15.950000000000001,220.00323486328125,-216.6375274658203,-5.017882823944092,218.94329646913692,-216.4542256689541,-5.0188488350972245,1.075671827879292,1.0459283709998939,1.0459283709998939,3.696022956423309e-05,1.1315083718438959,4.250409384231606,11.139053659709958,nan,nan
15.96,220.00323486328125,-216.62879943847656,-5.017882823944092,218.94299563066673,-216.44558829649444,-5.018687159624925,1.0759526940703807,1.0459858193944318,1.0459858193944318,3.618726628406973e-05,1.1246554818223458,4.24315026999149,nan,0.03792160810580499,nan
15.97,220.00323486328125,-216.62008666992188,-5.017882823944092,218.9426947603585,-216.4369509099487,-5.018763878744647,1.0762364018866373,1.0460433599774714,1.0460433599774714,3.691463833388015e-05,1.1283286432486508,4.19991416265622,nan,nan,nan
15.98,220.00323486328125,-216.61135864257812,-5.017882823944092,218.94239363765143,-216.42831355506104,-5.019798166939775,1.076519056310058,1.0461009928935132,1.0461009928935132,3.614423842963816e-05,1.2093152902046704,4.342065438664227,nan,0.605098499325004,nan
15.99,220.00323486328125,-216.60263061523438,-5.017882823944092,218.94209242788767,-216.41967638145158,-5.019886188266636,1.076800600538777,1.0461587182870573,1.0461587182870573,3.687056569285789e-05,1.2171890605177855,4.344173592352005,nan,nan,nan
16.0,220.00323486328125,-216.59390258789062,-5.017882823944092,218.99670129923655,-216.41732887932844,-5.021616386953868,1.0219109695059947,1.0460723722723813,1.0460723722723813,3.608030453340697e-05,1.3846406196377865,3.703234362661074,21.190384808282055,1.8010299839563941,nan
16.01,220.00323486328125,-216.58518981933594,-5.017882823944092,218.99648842265896,-216.40870176025496,-5.021722690444336,1.0221062446138216,1.046129820444685,1.046129820444685,3.6804740914498965e-05,1.3992364383096645,3.6393744159659276,nan,nan,nan
16.02,220.00323486328125,-216.5764617919922,-5.017882823944092,218.9962757169204,-216.40007451905552,-5.02120042632407,1.0222965318239954,1.046187360786943,1.046187360786943,3.60402389345675e-05,1.3043351112000636,3.6075837407339977,nan,0.26360484044390786,nan
16.03,220.00323486328125,-216.56773376464844,-5.017882823944092,218.99606315789055,-216.39144712333803,-5.021302538086287,1.0224888842862492,1.0462449934436557,1.0462449934436557,3.676376273100494e-05,1.3173580647224679,3.6203468429707293,nan,nan,nan
16.04,220.00323486328125,-216.5590057373047,-5.017882823944092,218.995850813552,-216.3828196818276,-5.0199023797623425,1.0226769912338678,1.046302718559323,1.046302718559323,3.600162692931374e-05,1.1128703225337362,3.4154292718794093,nan,1.5066399286277725,nan
16.05,220.00323486328125,-216.55029296875,-5.017882823944092,219.00294051490823,-216.37970279850873,-5.020054716384714,1.0147386395948066,1.0462163735412062,1.0462163735412062,3.670119874873877e-05,1.1127310682092837,3.322003138340002,0.7529896353099927,nan,nan
16.06,220.00323486328125,-216.54156494140625,-5.017882823944092,219.00273982601283,-216.3710841451825,-5.019724437817837,1.0149174414805804,1.0462738214928082,1.0462738214928082,3.594231332230711e-05,1.0788582521153656,3.3583117566564358,nan,0.1188622159505853,nan
16.07,220.00323486328125,-216.5328369140625,-5.017882823944092,219.00253917577052,-216.36246534976368,-5.019812481159189,1.0150970655563745,1.0463313615961123,1.0463313615961123,3.666328319168744e-05,1.0863530643759503,3.3660902812095177,nan,nan,nan
16.080000000000002,220.00323486328125,-216.52410888671875,-5.017882823944092,219.00233860093715,-216.35384653050204,-5.022594386016244,1.015285573982027,1.0463889939956184,1.0463889939956184,3.590663241181057e-05,1.6033227093275595,3.885349937897469,nan,4.860096272253013,nan
16.09,220.00323486328125,-216.51539611816406,-5.017882823944092,219.00213801660627,-216.34522772382874,-5.0227110993154245,1.0154681142686446,1.0464467188358266,1.0464467188358266,3.662686408299799e-05,1.6218636722173878,3.8209043063593775,nan,nan,nan
16.1,220.00323486328125,-216.5066680908203,-5.017882823944092,219.00792518354643,-216.3325565517479,-5.022731698654971,1.0104354003091685,1.0463603748063885,1.0463603748063885,3.5850375962907634e-05,1.6315467445178728,3.825625997165801,0.4167616210335934,0.01192032596722929,nan
16.11,220.00323486328125,-216.49794006347656,-5.017882823944092,219.00773430046988,-216.32393123072296,-5.022849999525943,1.0106063117096047,1.0464178225388123,1.0464178225388123,3.656902567273205e-05,1.6506889128799096,3.834803067431367,nan,nan,nan
16.12,220.00323486328125,-216.4892120361328,-5.017882823944092,219.00754336873376,-216.31530575103494,-5.023684551839442,1.0107811871801538,1.0464753624049759,1.0464753624049759,3.5817572599104626e-05,1.9160358148445038,4.0900479371419465,nan,0.34463342130978364,nan
16.13,220.00323486328125,-216.48049926757812,-5.017882823944092,219.00735235199323,-216.30668034010228,-5.023811964976787,1.010955068512724,1.0465329945493793,1.0465329945493793,3.653559737741351e-05,1.9387574805094037,4.039367665829113,nan,nan,nan
16.14,220.00323486328125,-216.47177124023438,-5.017882823944092,219.00716125810206,-216.2980550553207,-5.023648968075431,1.0111247144906388,1.0465907191165231,1.0465907191165231,3.5786171636122435e-05,1.9059144233614334,4.054888210884098,nan,0.057290756774915824,nan
16.15,220.00323486328125,-216.46304321289062,-5.017882823944092,219.03184726989548,-216.29296929159355,-5.0237637626704075,0.9861813122998557,1.0465043760679487,1.0465043760679487,3.6480853898759375e-05,1.8773459750830916,3.799428843813601,4.385782462238349,nan,nan
16.16,220.00323486328125,-216.45431518554688,-5.017882823944092,219.0316960176733,-216.2843497003173,-5.0253032165502525,0.9863219844051724,1.0465618235827083,1.0465618235827083,3.573431073681133e-05,2.4703752915022577,4.391478087694747,nan,1.3496271238667619,nan
16.17,220.00323486328125,-216.4456024169922,-5.017882823944092,219.03154469188507,-216.27573002853046,-5.025445864249669,0.98645608981256,1.0466193632135314,1.0466193632135314,3.6450339171443106e-05,2.4989433714869476,4.3438208610405304,nan,nan,nan
16.18,220.00323486328125,-216.43687438964844,-5.017882823944092,219.03139343661243,-216.2671102728037,-5.023515508296396,0.9865735355718631,1.0466769951049182,1.0466769951049182,3.570568968300195e-05,1.818464686142892,3.7109144651284947,nan,2.916415787226358,nan
16.19,220.00323486328125,-216.4281463623047,-5.017882823944092,219.03124236213486,-216.2584905312391,-5.023639617920897,0.9867044461115304,1.0467347194013688,1.0467347194013688,3.6421239793285166e-05,1.8400124541175442,3.721115809024611,nan,nan,nan
16.2,220.00323486328125,-216.41941833496094,-5.017882823944092,219.03109298755578,-216.23328328738435,-5.02578663906197,0.9898325882535841,1.0466483773259059,1.0466483773259059,3.5656682806921984e-05,2.688035250044414,4.473691814647595,2.087389620299616,2.6038045730331683,nan
16.21,220.00323486328125,-216.41070556640625,-5.017882823944092,219.03094200930644,-216.22463704083287,-5.0259333972330955,0.9899695459102803,1.046705824624507,1.046705824624507,3.6370910251912926e-05,2.7182128478376093,4.432332463551525,nan,nan,nan
16.22,220.00323486328125,-216.4019775390625,-5.017882823944092,219.03079088880958,-216.21599080066875,-5.024842157283571,0.9900943301853314,1.046763364021776,1.046763364021776,3.563075237220992e-05,2.295731191563598,4.042377560604583,nan,1.0451052174594568,nan
16.23,220.00323486328125,-216.39324951171875,-5.017882823944092,219.03063960154728,-216.20734446142987,-5.024978450771075,0.9902285487655622,1.0468209956622134,1.0468209956622134,3.634459637203345e-05,2.321940605053576,4.047405320673233,nan,nan,nan
16.240000000000002,220.00323486328125,-216.384521484375,-5.017882823944092,219.03048829665138,-216.19869802459831,-5.024153176480108,0.9903562785253067,1.0468787196903193,1.0468787196903193,3.560612647024505e-05,2.0410771043190232,3.757956867482037,nan,0.6317204387469951,nan
16.25,220.00323486328125,-216.3758087158203,-5.017882823944092,219.0448029372147,-216.20904232453645,-5.0241305728807095,0.9728524145687412,1.0467923785802804,1.0467923785802804,3.629710920823174e-05,1.979510445283983,3.5941642448197326,4.973819204103829,nan,nan
16.26,220.00323486328125,-216.36708068847656,-5.017882823944092,219.0446750041004,-216.2004264742796,-5.022661827464863,0.9729509081228342,1.0468498256642191,1.0468498256642191,3.556116285109582e-05,1.5464888893198552,3.2231023029653185,nan,1.7408294532435427,nan
16.27,220.00323486328125,-216.3583526611328,-5.017882823944092,219.04454695135286,-216.19181055583786,-5.022774089748122,0.9730584308225604,1.0469073648297071,1.0469073648297071,3.6273474166564475e-05,1.5639545357863556,3.23653554829833,nan,nan,nan
16.28,220.00323486328125,-216.34962463378906,-5.017882823944092,219.04441876021684,-216.18319467214778,-5.022887442992836,0.9731661203717271,1.0469649962212446,1.0469649962212446,3.700014355992259e-05,1.581467303112884,3.254904190055652,nan,nan,nan
16.29,220.00323486328125,-216.34091186523438,-5.017882823944092,219.04429066777695,-216.17457874734717,-5.02300182358893,0.9732763638118593,1.047022719983332,1.047022719983332,3.7741315531370146e-05,1.5990088477517437,3.1877887189662903,nan,nan,nan
16.3,220.00323486328125,-216.33218383789062,-5.017882823944092,219.04578924922498,-216.17214486394022,-5.023729422035398,0.970746496139917,1.0469363798310924,1.0469363798310924,3.689476281365199e-05,1.8265607949964389,3.496263980923595,0.6184806217162235,0.3144978363101165,nan
16.31,220.00323486328125,-216.32345581054688,-5.017882823944092,219.04566405535587,-216.1635386105336,-5.023850803038014,0.9708506475382357,1.0469938267018561,1.0469938267018561,3.763298404615014e-05,1.8466354063457049,3.502795254443905,nan,nan,nan
16.32,220.00323486328125,-216.31472778320312,-5.017882823944092,219.04553884750754,-216.15493225086152,-5.021279411234552,0.9709417117368011,1.0470513656373224,1.0470513656373224,3.681559450068046e-05,1.213720761357818,2.854967144474385,nan,4.620710715978989,nan
16.330000000000002,220.00323486328125,-216.30601501464844,-5.017882823944092,219.04541364123114,-216.14632583165445,-5.021375809481469,0.9710480572674175,1.0471089967819918,1.0471089967819918,3.755192510953491e-05,1.2254091766710413,2.783697901606711,nan,nan,nan
16.34,220.00323486328125,-216.2972869873047,-5.017882823944092,219.04528842705764,-216.13771947552607,-5.022142425866456,0.9711546270791629,1.047166720280364,1.047166720280364,3.673926829920762e-05,1.3945069764859457,3.0273506837329767,nan,0.2865523528872352,nan
16.35,220.00323486328125,-216.28855895996094,-5.017882823944092,219.04058952033958,-216.11075902073145,-5.022281134303593,0.9789372910515326,1.047080381078361,1.047080381078361,3.744996027968432e-05,1.431769953048886,2.9716221164946317,2.530131941517729,nan,nan
16.36,220.00323486328125,-216.2798309326172,-5.017882823944092,219.04045704678228,-216.10212333480175,-5.0211618350859775,0.9790464065497247,1.0471378277374281,1.0471378277374281,3.664291874048447e-05,1.2087965078321512,2.7423526349581295,nan,0.9660862420900034,nan
16.37,220.00323486328125,-216.2711181640625,-5.017882823944092,219.04032448121694,-216.09348769505326,-5.021257042124471,0.9791630981384076,1.047195366444619,1.047195366444619,3.737487500283838e-05,1.2201654764996386,2.690652906765145,nan,nan,nan
16.38,220.00323486328125,-216.26239013671875,-5.017882823944092,219.0401917799586,-216.08485200680593,-5.0196266518119925,0.9792725916945504,1.047252997344434,1.047252997344434,3.657227432176234e-05,0.9988507598701262,2.533684947002487,nan,1.9243973780659087,nan
16.39,220.00323486328125,-216.253662109375,-5.017882823944092,219.0400590910556,-216.0762162366576,-5.0197069051975856,0.9793865085957234,1.0473107205813732,1.0473107205813732,3.730266705728616e-05,1.0050610372800817,2.551310006341817,nan,nan,nan
16.4,220.00323486328125,-216.24493408203125,-5.017882823944092,219.01311617382993,-216.0695938454891,-5.019123019772919,1.0055251144736046,1.0472243823221061,1.0472243823221061,3.648177894744437e-05,1.0076451755128961,2.832055581735725,5.108541348067782,0.33008017563732556,nan
16.41,220.00323486328125,-216.23622131347656,-5.017882823944092,219.01294058470654,-216.06096128345885,-5.019199121592859,1.0056841298037429,1.0472818287709462,1.0472818287709462,3.7209794314606374e-05,1.0123010945937667,2.774897079201512,nan,nan,nan
16.42,220.00323486328125,-216.2274932861328,-5.017882823944092,219.01276492650604,-216.05232872113945,-5.0182885440539975,1.00583969154812,1.047339367251595,1.047339367251595,3.6416641431689635e-05,0.9705043913430307,2.8023440117537923,nan,0.6351027533311376,nan
16.43,220.00323486328125,-216.21876525878906,-5.017882823944092,219.01258916833206,-216.04369627756682,-5.0183569477392265,1.0059961560070383,1.047396997908552,1.047396997908552,3.7143298626910526e-05,0.9722836229537293,2.8279091748956935,nan,nan,nan
16.44,220.00323486328125,-216.21005249023438,-5.017882823944092,219.01241336291622,-216.03506387366255,-5.019877566141254,1.00615716491598,1.047454720886318,1.047454720886318,3.635415323641257e-05,1.0759349767421043,2.8787255633315167,nan,1.3758834219609937,nan
16.45,220.00323486328125,-216.20132446289062,-5.017882823944092,218.98702267579424,-216.01325034731363,-5.020007366069676,1.0334716235226076,1.0473683835623475,1.0473683835623475,3.705627360149713e-05,1.1415610148683726,3.247356882832988,5.702405580482596,nan,nan
16.46,220.00323486328125,-216.19259643554688,-5.017882823944092,218.98680673799484,-216.00459691688243,-5.020588835779061,1.0336717445066197,1.0474258298024215,1.0474258298024215,3.627197436304022e-05,1.2219689029232024,3.3258889661995,nan,0.16067035949694689,nan
16.47,220.00323486328125,-216.18386840820312,-5.017882823944092,218.9865907691876,-215.9959434264966,-5.0206815508364855,1.0338708070533469,1.0474833680582476,1.0474833680582476,3.699528170541327e-05,1.2321539189499813,3.347257245350369,nan,nan,nan
16.48,220.00323486328125,-216.17515563964844,-5.017882823944092,218.98637463926693,-215.98728988287786,-5.02101528661637,1.034073532236385,1.0475409984743262,1.0475409984743262,3.621471260031846e-05,1.2917183496120939,3.352888916297042,nan,0.037935044178294554,nan
16.490000000000002,220.00323486328125,-216.1664276123047,-5.017882823944092,218.9861583235469,-215.97863631611884,-5.021112432999181,1.0342730243875664,1.0475987211951574,1.0475987211951574,3.693693137289812e-05,1.3034902332474487,3.4241184398850644,nan,nan,nan
16.5,220.00323486328125,-216.15769958496094,-5.017882823944092,218.98162691177038,-215.96750612245563,-5.021758510263377,1.0391686007161904,1.0475123847991046,1.0475123847991046,3.613784926636374e-05,1.4465337839612147,3.5620206567169923,1.1514671932085059,0.32521719091069085,nan
16.51,220.00323486328125,-216.1489715576172,-5.017882823944092,218.98140359187985,-215.9588486153944,-5.021861610434911,1.0393756352326053,1.0475698308318644,1.0475698308318644,3.685816200636338e-05,1.4607348013786423,3.576734440310435,nan,nan,nan
16.52,220.00323486328125,-216.1402587890625,-5.017882823944092,218.98118034260798,-215.95019125490248,-5.019187976388584,1.0395781905144184,1.0476273688645754,1.0476273688645754,3.608559978632392e-05,1.078794290005264,3.1512559322771994,nan,5.119475686924908,nan
16.53,220.00323486328125,-216.13153076171875,-5.017882823944092,218.98095717182156,-215.94153387324246,-5.019265854125679,1.0397847896845345,1.0476849990417374,1.0476849990417374,3.680499238786714e-05,1.0839127898789713,3.205529660168036,nan,nan,nan
16.54,220.00323486328125,-216.122802734375,-5.017882823944092,218.98073403619705,-215.9328764849401,-5.017918793938579,1.0399903475062284,1.047742721507851,1.047742721507851,3.603575343179387e-05,1.0323312373698683,3.15600073105629,nan,1.3526298058550212,nan
16.55,220.00323486328125,-216.11407470703125,-5.017882823944092,218.95709056080705,-215.94627929074002,-5.018023416605313,1.0595155605718498,1.047656386032397,1.047656386032397,3.673146448882214e-05,1.0720470885725473,3.7251307401270397,7.247504854471728,nan,nan
16.56,220.00323486328125,-216.10536193847656,-5.017882823944092,218.9568298419413,-215.93765738619678,-5.016676627224268,1.0597592842015364,1.047713831859286,1.047713831859286,3.596635892054152e-05,1.112393815797458,3.702481321943292,nan,1.3358946877002096,nan
16.57,220.00323486328125,-216.0966339111328,-5.017882823944092,218.95656913225233,-215.92903539987284,-5.016731048173201,1.0599998773935282,1.0477713696705757,1.0477713696705757,3.6683237742923426e-05,1.1085331510458816,3.7795712847667735,nan,nan,nan
16.580000000000002,220.00323486328125,-216.08790588378906,-5.017882823944092,218.95630847853306,-215.9204133651507,-5.016161133213369,1.0602412758899322,1.0478289996107664,1.0478289996107664,3.592119948126172e-05,1.1553177997468962,3.845698096827886,nan,0.2619194452571909,nan
16.59,220.00323486328125,-216.0791778564453,-5.017882823944092,218.9560477719864,-215.91179139514273,-5.0162115285128355,1.0604818833107934,1.0478867218243584,1.0478867218243584,3.66373758938224e-05,1.1494656280671391,3.8576922350943383,nan,nan,nan
16.6,220.00323486328125,-216.07046508789062,-5.017882823944092,218.92641940740836,-215.8616794086875,-5.017285801802983,1.0968697927659796,1.0478003872622443,1.0478003872622443,3.5856520496738744e-05,1.158177424177268,4.2218225057740835,18.787461137489434,0.5207172218465159,nan
16.61,220.00323486328125,-216.06173706054688,-5.017882823944092,218.92611160829782,-215.85299091684337,-5.017349813346809,1.097164410212749,1.0478578328846968,1.0478578328846968,3.657117096696377e-05,1.1565592420716526,4.2620683667459955,nan,nan,nan
16.62,220.00323486328125,-216.05300903320312,-5.017882823944092,218.92580374204763,-215.8443025076075,-5.015849898959838,1.0974608729302917,1.047915370476247,1.047915370476247,3.581581380445039e-05,1.2647348687863524,4.38180441054834,nan,1.6499912953399276,nan
16.63,220.00323486328125,-216.04428100585938,-5.017882823944092,218.9254958847586,-215.83561430020913,-5.015900559687784,1.0977554505651863,1.0479730001813947,1.0479730001813947,3.65298974317282e-05,1.257464903045374,4.3919086106348875,nan,nan,nan
16.64,220.00323486328125,-216.0355682373047,-5.017882823944092,218.92518805175823,-215.8269262228191,-5.016687868372087,1.0980518411998479,1.0480307221446403,1.0480307221446403,3.577723539596233e-05,1.190370419066995,4.326563208415977,nan,0.3652192310545641,nan
16.65,220.00323486328125,-216.02684020996094,-5.017882823944092,218.91119960116566,-215.79657230322965,-5.016722156149655,1.116049134099389,1.0479443884886661,1.0479443884886661,3.646828829484004e-05,1.2255189522147218,4.647902358270004,4.585060728782532,nan,nan
16.66,220.00323486328125,-216.0181121826172,-5.017882823944092,218.91086993406884,-215.78784996788917,-5.0155574191812216,1.1163723543746464,1.0480018339081079,1.0480018339081079,3.57191145854148e-05,1.3405878703066558,4.782333026869703,nan,1.0178500830383763,nan
16.67,220.00323486328125,-216.00938415527344,-5.017882823944092,218.910540276919,-215.77912767007754,-5.01560744948478,1.1166936398892402,1.0480593712815869,1.0480593712815869,3.643135323698802e-05,1.3319295240243594,4.788654983503951,nan,nan,nan
16.68,220.00323486328125,-216.00067138671875,-5.017882823944092,218.91021066316915,-215.77040538100016,-5.014764105108504,1.1170201707343783,1.0481170007536034,1.0481170007536034,3.568464411239856e-05,1.4630093732828622,4.929772904000422,nan,0.5428839654130064,nan
16.69,220.00323486328125,-215.991943359375,-5.017882823944092,218.90988125588257,-215.76168305929383,-5.014807327796232,1.1173412080836094,1.0481747224686575,1.0481747224686575,3.639648791887017e-05,1.4509416230477237,4.9433396718708655,nan,nan,nan
16.7,220.00323486328125,-215.98321533203125,-5.017882823944092,218.9350208409089,-215.77662804554706,-5.015820844443027,1.0880090791391863,1.0480883897116815,1.0480883897116815,3.5630617708584555e-05,1.2487750700339593,4.350437996106792,8.48751020208996,0.5769903975695022,nan
16.71,220.00323486328125,-215.9744873046875,-5.017882823944092,218.93473231178925,-215.7679433877279,-5.015876016329348,1.0882840251766688,1.0481458349295298,1.0481458349295298,3.634123580286836e-05,1.2407738217993256,4.349232647787995,nan,nan,nan
16.72,220.00323486328125,-215.9657745361328,-5.017882823944092,218.9344436359545,-215.75925847090562,-5.017437307374147,1.0885604123302337,1.0482033720865942,1.0482033720865942,3.5600015634997106e-05,1.1360464751640214,4.232944635470381,nan,1.5453635577639688,nan
16.73,220.00323486328125,-215.95704650878906,-5.017882823944092,218.9341549277916,-215.7505733664927,-5.017509298313526,1.0888357114265073,1.0482610013273748,1.0482610013273748,3.6310345828966446e-05,1.1348232705256047,4.274458887328575,nan,nan,nan
16.740000000000002,220.00323486328125,-215.9483184814453,-5.017882823944092,218.93386633606195,-215.74188830319372,-5.017997414870655,1.0891108660881283,1.0483187227963717,1.0483187227963717,3.5571257267952515e-05,1.131859447995447,4.2772931670017895,nan,0.11769066154127096,nan
16.75,220.00323486328125,-215.93959045410156,-5.017882823944092,218.93505254279845,-215.7646104121527,-5.01797134886691,1.0824192776873087,1.04823239093131,1.04823239093131,3.62590404282528e-05,1.117937252606146,4.379042594957761,7.345433165923527,nan,nan
16.76,220.00323486328125,-215.93087768554688,-5.017882823944092,218.93476634047119,-215.7559758504644,-5.0200701595767425,1.0826912859113191,1.0482898359489734,1.0482898359489734,3.5522868410600343e-05,1.2529032309513348,4.444200914223566,nan,2.8005516544165987,nan
16.77,220.00323486328125,-215.92214965820312,-5.017882823944092,218.93448014151298,-215.7473412651887,-5.020167904883316,1.0829588409377144,1.048347372891267,1.048347372891267,3.6231877068236003e-05,1.262824082052938,4.513582979426566,nan,nan,nan
16.78,220.00323486328125,-215.91342163085938,-5.017882823944092,218.93419383844306,-215.73870648931077,-5.020438718957402,1.0832269503999357,1.0484050019026905,1.0484050019026905,3.5497633473758105e-05,1.3032284016807605,4.547219503613672,nan,0.020325472101223718,nan
16.79,220.00323486328125,-215.90469360351562,-5.017882823944092,218.93390743625076,-215.73007159798064,-5.0205401034043495,1.0834948325445912,1.0484627231277444,1.0484627231277444,3.620648676557721e-05,1.3147147362591278,4.559610541807665,nan,nan,nan
16.8,220.00323486328125,-215.89598083496094,-5.017882823944092,218.93884473268122,-215.6781868875103,-5.019729260179233,1.0864455637498167,1.0483763921475708,1.0483763921475708,3.545272703953102e-05,1.2220593011262317,4.219005120399446,13.554582835760804,0.6989240150161332,nan
16.81,220.00323486328125,-215.8872528076172,-5.017882823944092,218.93856648433908,-215.66948273620315,-5.019824623059855,1.0867135462976594,1.0484338369664492,1.0484338369664492,3.61605863572215e-05,1.2306606059456606,4.248244785661788,nan,nan,nan
16.82,220.00323486328125,-215.87852478027344,-5.017882823944092,218.93828829600676,-215.6607787065367,-5.020969823656377,1.0869839342624672,1.048491373695603,1.048491373695603,3.543078161422668e-05,1.3958434985158963,4.413153674766622,nan,0.7574827205859138,nan
16.830000000000002,220.00323486328125,-215.8697967529297,-5.017882823944092,218.93801016338884,-215.65207456297392,-5.02107764289758,1.0872519579785347,1.0485490024795325,1.0485490024795325,3.6138568098840694e-05,1.409810725683026,4.417436355568477,nan,nan,nan
16.84,220.00323486328125,-215.861083984375,-5.017882823944092,218.93773195241576,-215.6433702795288,-5.021195889964774,1.0875231890618011,1.0486067234627379,1.0486067234627379,3.5410399831053054e-05,1.437850390020974,4.415540319021433,nan,6.33997866567111e-05,nan
16.85,220.00323486328125,-215.85235595703125,-5.017882823944092,218.91897920182484,-215.62914254811668,-5.02115541669997,1.106998317606169,1.0485203933604832,1.0485203933604832,3.609598861678878e-05,1.4654325340383623,4.737497076326463,3.5973615599674837,nan,nan
16.86,220.00323486328125,-215.8436279296875,-5.017882823944092,218.91867151247166,-215.62042916525868,-5.0196856457059935,1.1072933669665768,1.048577837981968,1.048577837981968,3.537023980053268e-05,1.2611834533127626,4.525245190168043,nan,1.7199462217315997,nan
16.87,220.00323486328125,-215.83489990234375,-5.017882823944092,218.91836395862143,-215.6117156546212,-5.01977888955424,1.1075918396565128,1.0486353744996013,1.0486353744996013,3.607710443381386e-05,1.2695090145758632,4.537510585996498,nan,nan,nan
16.88,220.00323486328125,-215.82618713378906,-5.017882823944092,218.91805641744776,-215.60300221946954,-5.021028731525911,1.1078960519904009,1.0486930030578836,1.0486930030578836,3.5352816688787794e-05,1.4503738156613113,4.706704430718041,nan,0.9238026819219578,nan
16.89,220.00323486328125,-215.8174591064453,-5.017882823944092,218.91774895204412,-215.59428884189913,-5.021135360554118,1.1081945720252888,1.0487507238013152,1.0487507238013152,3.605970767825469e-05,1.464372028039452,4.716463806633923,nan,nan,nan
16.9,220.00323486328125,-215.80873107910156,-5.017882823944092,218.87542716486826,-215.5989301349759,-5.02144789788298,1.1471614317557182,1.0486643945700667,1.0486643945700667,3.531555838017715e-05,1.6147888152188767,5.84423561240349,13.732378004274704,0.011609323017370393,nan
16.91,220.00323486328125,-215.8000030517578,-5.017882823944092,218.8750525068009,-215.5902380769932,-5.021559104183499,1.1475235462281206,1.0487218389955406,1.0487218389955406,3.602162957333982e-05,1.630812882207446,5.850603319278194,nan,nan,nan
16.92,220.00323486328125,-215.79129028320312,-5.017882823944092,218.87467812600488,-215.58154602854955,-5.022345456782578,1.1478906205313806,1.0487793753032606,1.0487793753032606,3.5300873606073635e-05,1.820501986545298,6.004566865072443,nan,0.3152894409281082,nan
16.93,220.00323486328125,-215.78256225585938,-5.017882823944092,218.87430379948694,-215.57285396020401,-5.0224654426327575,1.1482525490764122,1.0488370036377268,1.0488370036377268,3.600703330332608e-05,1.8403016530721534,6.037456411745578,nan,nan,nan
16.94,220.00323486328125,-215.77383422851562,-5.017882823944092,218.87392938236624,-215.56416192298408,-5.021610240070586,1.1486110040229325,1.0488947241434396,1.0488947241434396,3.52874873309503e-05,1.6515207039474409,5.846039987100786,nan,0.6619499684085379,nan
16.95,220.00323486328125,-215.76510620117188,-5.017882823944092,218.90037643284458,-215.5526622660967,-5.021652373914576,1.1231399523845826,1.0488083957763403,1.0488083957763403,3.597169267203842e-05,1.5977451523102257,5.167153708456558,5.270639638724536,nan,nan
16.96,220.00323486328125,-215.7563934326172,-5.017882823944092,218.90004507065362,-215.54396579395433,-5.020083972184144,1.1234580834544963,1.0488658400071778,1.0488658400071778,3.52541421187642e-05,1.3407826669439926,4.871725297963711,nan,1.964911199032829,nan
16.97,220.00323486328125,-215.74766540527344,-5.017882823944092,218.89971376522087,-215.53526919364944,-5.020180319357958,1.123777666205285,1.0489233761065793,1.0489233761065793,3.5959676477538305e-05,1.3507577549575351,4.898648554275804,nan,nan,nan
16.98,220.00323486328125,-215.7389373779297,-5.017882823944092,218.89938251103695,-215.52657243410033,-5.020210209821953,1.1240971050794282,1.048981004219045,1.048981004219045,3.5243187588829034e-05,1.3582826651550108,4.900128519550818,nan,0.0031657425191142516,nan
16.990000000000002,220.00323486328125,-215.73020935058594,-5.017882823944092,218.89905128464258,-215.51787548747606,-5.020307849827603,1.1244167045668594,1.049038724489075,1.049038724489075,3.5948882071462647e-05,1.3687917783543981,4.908415412325432,nan,nan,nan
17.0,220.00323486328125,-215.72149658203125,-5.017882823944092,218.9375766473469,-215.4937965599534,-5.021211999819982,1.0897182281005675,1.0489523969793229,1.0489523969793229,3.521221008883004e-05,1.446818266975441,4.252100407377039,12.222018260869374,0.3989693042567535,nan
17.01,220.00323486328125,-215.7127685546875,-5.017882823944092,218.93730760111416,-215.4850750309527,-5.021320008536072,1.0899803132257626,1.0490098410168902,1.0490098410168902,3.5917211597625586e-05,1.4614693872501991,4.271387682441338,nan,nan,nan
17.02,220.00323486328125,-215.70404052734375,-5.017882823944092,218.93703845857078,-215.47635358649467,-5.022698208007361,1.090247359260465,1.0490673769095562,1.0490673769095562,3.5203485984908324e-05,1.7917043129884456,4.5960201580271445,nan,1.1239527915764305,nan
17.03,220.00323486328125,-215.6953125,-5.017882823944092,218.93676940883435,-215.46763225953686,-5.022820960671676,1.0905096251846316,1.049125004801821,1.049125004801821,3.590869311940228e-05,1.8125923770049606,4.609475881619358,nan,nan,nan
17.04,220.00323486328125,-215.6865997314453,-5.017882823944092,218.93650036893465,-215.45891084011114,-5.022910040796932,1.0907749472623465,1.0491827248381853,1.0491827248381853,3.51958173366203e-05,1.8520576030911498,4.6425472946152695,nan,0.0008479234679430636,nan
17.05,220.00323486328125,-215.67787170410156,-5.017882823944092,218.92609271363975,-215.40986821573762,-5.0228692007943785,1.1099936685691745,1.0490963981790338,1.0490963981790338,3.587923167623479e-05,1.8673923127001937,4.822642821878874,13.237014147722551,nan,nan
17.06,220.00323486328125,-215.6691436767578,-5.017882823944092,218.92580732991186,-215.40108237123323,-5.024498719549373,1.110293079892263,1.049153842024688,1.049153842024688,3.516799648511139e-05,2.4195530842353827,5.355839630451019,nan,1.5886361549937213,nan
17.07,220.00323486328125,-215.66043090820312,-5.017882823944092,218.92552189995178,-215.39229648193736,-5.024636865930766,1.1105885462044096,1.0492113777121894,1.0492113777121894,3.58727906668025e-05,2.44714733983758,5.40880245649039,nan,nan,nan
17.080000000000002,220.00323486328125,-215.65170288085938,-5.017882823944092,218.9252363924027,-215.38351045472757,-5.024401228031835,1.1108781977529385,1.0492690053860383,1.0492690053860383,3.516228251574975e-05,2.384449845520164,5.277471019643071,nan,0.09819588611177003,nan
17.09,220.00323486328125,-215.64297485351562,-5.017882823944092,218.9249509859651,-215.37472425550254,-5.0245373471171995,1.1111700077364375,1.0493267251907348,1.0493267251907348,3.5867331672431355e-05,2.4112401778707366,5.280225723150075,nan,nan,nan
17.1,220.00323486328125,-215.63424682617188,-5.017882823944092,218.88125180990485,-215.38696761036795,-5.0236653531656925,1.1489240271996348,1.0492403993754917,1.0492403993754917,3.513635178968855e-05,2.2097001239951664,5.896195461419509,16.201915537774536,0.6629661377854994,nan
17.11,220.00323486328125,-215.6255340576172,-5.017882823944092,218.8808971394952,-215.3782149407601,-5.0237930178758425,1.1492796187997605,1.0492978430305822,1.0492978430305822,3.584079671943855e-05,2.233353470484183,5.909786508628347,nan,nan,nan
17.12,220.00323486328125,-215.61680603027344,-5.017882823944092,218.88054246363419,-215.36946229126278,-5.024101870060787,1.1496329092313158,1.0493553785144785,1.0493553785144785,3.513241348167653e-05,2.3603351653130726,6.006497847280141,nan,0.022780855478525163,nan
17.13,220.00323486328125,-215.6080780029297,-5.017882823944092,218.88018773842347,-215.360709668481,-5.024233264952008,1.1499853327935226,1.0494130059716806,1.0494130059716806,3.583714562115309e-05,2.3854734097893244,6.018345422604506,nan,nan,nan
17.14,220.00323486328125,-215.59934997558594,-5.017882823944092,218.8798329847997,-215.3519570775987,-5.023904147983679,1.1503352915100895,1.0494707255466889,1.0494707255466889,3.512931413525496e-05,2.2929416933535527,5.915266869380767,nan,0.14935023065824685,nan
17.150000000000002,220.00323486328125,-215.59063720703125,-5.017882823944092,218.88197875479514,-215.3383506568171,-5.024075002471653,1.1493050540701881,1.0493844005687158,1.0493844005687158,3.581235358247729e-05,2.3293696040724203,5.9542695923253905,0.2861572740215469,nan,nan
17.16,220.00323486328125,-215.5819091796875,-5.017882823944092,218.88162804527113,-215.32958994326702,-5.02445017334477,1.1496564623193977,1.0494418440345836,1.0494418440345836,3.5105871635597816e-05,2.487971438712713,6.072881952648083,nan,0.04185121123374571,nan
17.17,220.00323486328125,-215.57318115234375,-5.017882823944092,218.88127723696564,-215.32082910389926,-5.024584537819947,1.150006688924353,1.0494993793164222,1.0494993793164222,3.581033624746076e-05,2.514286568972108,6.083330083974727,nan,nan,nan
17.18,220.00323486328125,-215.564453125,-5.017882823944092,218.8809263694184,-215.31206825119193,-5.023583848251733,1.1503508080589857,1.0495570065587319,1.0495570065587319,3.510430668729092e-05,2.1866534720784303,5.732789359519255,nan,0.9057163232196191,nan
17.19,220.00323486328125,-215.5557403564453,-5.017882823944092,218.88057564481488,-215.30330732293842,-5.023708717498686,1.1507041749505886,1.049614725906013,1.049614725906013,3.58090903224782e-05,2.209330263544476,5.754626681136534,nan,nan,nan
17.2,220.00323486328125,-215.54701232910156,-5.017882823944092,218.87509347167676,-215.27657568502147,-5.023814037262589,1.1601181651900982,1.0495284017587252,1.0495284017587252,3.508233812401634e-05,2.2850909466004232,5.976600373639267,2.4820861035938044,0.00018256359295068885,nan
17.21,220.00323486328125,-215.5382843017578,-5.017882823944092,218.8747345533808,-215.26778602480468,-5.02394044269677,1.1604822109903283,1.0495858450367024,1.0495858450367024,3.578657643466244e-05,2.308437973291895,5.98869414586495,nan,nan,nan
17.22,220.00323486328125,-215.52955627441406,-5.017882823944092,218.87437553367198,-215.25899642399634,-5.023034553253478,1.1608413151756918,1.0496433801180192,1.0496433801180192,3.508215236111139e-05,2.040313139873784,5.703499947113655,nan,0.7503043544955709,nan
17.23,220.00323486328125,-215.52084350585938,-5.017882823944092,218.87401652240655,-215.25020674824088,-5.023152687004276,1.1612088905096853,1.049701007147176,1.049701007147176,3.5786731638926485e-05,2.060562230550098,5.75718595714493,nan,nan,nan
17.240000000000002,220.00323486328125,-215.51211547851562,-5.017882823944092,218.87365750306898,-215.24141715014,-5.024124927107864,1.1615771870785774,1.0497587262686727,1.0497587262686727,3.508261778888195e-05,2.3959004949018228,6.038979641008882,nan,0.5113853902058678,nan
17.25,220.00323486328125,-215.50338745117188,-5.017882823944092,218.9000163655715,-215.23367733082938,-5.024180360681563,1.1357263145991972,1.0496724029455382,1.0496724029455382,3.5765559755482146e-05,2.337656460175054,5.39285672622694,5.204866971338895,nan,nan
17.26,220.00323486328125,-215.49465942382812,-5.017882823944092,218.89970000370883,-215.2248894486851,-5.022637034088424,1.1360403286390337,1.0497298460369493,1.0497298460369493,3.506256170066161e-05,1.874059715474333,4.9210331845022885,nan,1.9662561412438138,nan
17.27,220.00323486328125,-215.48594665527344,-5.017882823944092,218.89938358393383,-215.21610151436292,-5.022749907188181,1.1363660217945921,1.0497873809192688,1.0497873809192688,3.5766967003076906e-05,1.892363494915971,4.9725066111336105,nan,nan,nan
17.28,220.00323486328125,-215.4772186279297,-5.017882823944092,218.89906706142878,-215.207313617954,-5.0219377978021,1.136684517300507,1.0498450077369972,1.0498450077369972,3.5064200741310634e-05,1.6996259125046325,4.728931849311603,nan,0.6031501776607066,nan
17.29,220.00323486328125,-215.46849060058594,-5.017882823944092,218.89875047306083,-215.19852581640853,-5.022043314053798,1.1370066238217258,1.0499027266346344,1.0499027266346344,3.57689654117027e-05,1.7152505729885046,4.733726445177225,nan,nan,nan
17.3,220.00323486328125,-215.4597625732422,-5.017882823944092,218.86994830684552,-215.2215991475781,-5.021662352691305,1.1580477197246963,1.0498164041291735,1.0498164041291735,3.504526488296912e-05,1.685034646229398,5.2515349229155985,12.864945730238897,0.12491936187657691,nan
17.31,220.00323486328125,-215.4510498046875,-5.017882823944092,218.86958602871374,-215.21286210259524,-5.021764434950507,1.1584075830415947,1.0498738470353344,1.0498738470353344,3.574952040893109e-05,1.699604469975378,5.272086883012106,nan,nan,nan
17.32,220.00323486328125,-215.44232177734375,-5.017882823944092,218.8692236201596,-215.20412506400663,-5.022133292669979,1.158765394829903,1.0499313817201699,1.0499313817201699,3.504794619310723e-05,1.7943428581460141,5.3563682780974045,nan,0.049722238960163964,nan
17.330000000000002,220.00323486328125,-215.43359375,-5.017882823944092,218.86886109509933,-215.1953881056843,-5.022240076907535,1.1591224096602097,1.0499890083281798,1.0499890083281798,3.575257529503502e-05,1.8106097739696403,5.367361288509915,nan,nan,nan
17.34,220.00323486328125,-215.42486572265625,-5.017882823944092,218.86849851529703,-215.18665103045916,-5.021727868885766,1.1594772974861185,1.0500467270038643,1.0500467270038643,3.505111997849972e-05,1.7020926179145595,5.244817257019712,nan,0.27054274292453195,nan
17.35,220.00323486328125,-215.41615295410156,-5.017882823944092,218.88133541834094,-215.14462787153664,-5.021906355249405,1.1542965060258263,1.04996040530965,1.04996040530965,3.573413591443477e-05,1.7220199365198015,5.132300057066569,9.158362778564982,nan,nan
17.36,220.00323486328125,-215.4074249267578,-5.017882823944092,218.8809939385913,-215.13583751535293,-5.021202544435044,1.1546408253767446,1.0500178480318687,1.0500178480318687,3.503361292073602e-05,1.5842484465601645,4.946397955164441,nan,0.4612539257080604,nan
17.37,220.00323486328125,-215.39869689941406,-5.017882823944092,218.88065255706783,-215.1270471147567,-5.021300735485376,1.1549875851484868,1.0500753825207214,1.0500753825207214,3.5738122654782736e-05,1.5972515269008654,4.955639514090806,nan,nan,nan
17.38,220.00323486328125,-215.3899688720703,-5.017882823944092,218.88031109519628,-215.1182567018482,-5.0227340985183515,1.1553392693239344,1.0501330089207084,1.0501330089207084,3.5037658380197023e-05,1.942765069736114,5.299558028222835,nan,1.254148038652071,nan
17.39,220.00323486328125,-215.38125610351562,-5.017882823944092,218.87996966464502,-215.10946615395696,-5.022847729401508,1.1556898950127577,1.0501907273763298,1.0501907273763298,3.5742550175997314e-05,1.9614259477361076,5.359277830424293,nan,nan,nan
17.400000000000002,220.00323486328125,-215.37252807617188,-5.017882823944092,218.88505633922668,-215.1345268346553,-5.02046878081381,1.1432298499397309,1.0501044064869864,1.0501044064869864,3.502097836403001e-05,1.4355551165883527,4.61143190202933,8.183745812137298,4.295846263583962,nan
17.41,220.00323486328125,-215.36380004882812,-5.017882823944092,218.88472360848937,-215.12579026720695,-5.02055950424312,1.1435572779099852,1.0501618490265625,1.0501618490265625,3.572538048160895e-05,1.4457989304945766,4.624816633774427,nan,nan,nan
17.42,220.00323486328125,-215.35507202148438,-5.017882823944092,218.88439069390319,-215.11705368553177,-5.019824469722484,1.1438831992774727,1.050219383320923,1.050219383320923,3.5025786983205644e-05,1.3535314831344185,4.545236300879433,nan,0.4821374144294159,nan
17.43,220.00323486328125,-215.3463592529297,-5.017882823944092,218.8840576064825,-215.10831694822707,-5.0199092597546775,1.1442141309238558,1.0502770095145684,1.0502770095145684,3.573057977106985e-05,1.3614770541789334,4.561110920582987,nan,nan,nan
17.44,220.00323486328125,-215.33763122558594,-5.017882823944092,218.88372455227758,-215.0995802073287,-5.0190877216009575,1.144540552149724,1.0503347277519988,1.0503347277519988,3.5030957328666e-05,1.2886371574966111,4.465029374026948,nan,0.5799579711207501,nan
17.45,220.00323486328125,-215.3289031982422,-5.017882823944092,218.88733832475876,-215.102986515642,-5.019174183349364,1.1385363849138384,1.0502484076612015,1.0502484076612015,3.571414045576909e-05,1.280937851138274,4.409495590822782,1.1349916711753016,nan,nan
17.46,220.00323486328125,-215.32017517089844,-5.017882823944092,218.8870112130476,-215.09426933262677,-5.019434877585387,1.138855168130112,1.0503058500194264,1.0503058500194264,3.50153099240983e-05,1.30366239876101,4.42985592595588,nan,0.023484919472300473,nan
17.47,220.00323486328125,-215.31146240234375,-5.017882823944092,218.88668401857578,-215.085552186804,-5.019515844591704,1.1391768436262024,1.0503633841207742,1.0503633841207742,3.5720009799169814e-05,1.3101545994770183,4.434901115423552,nan,nan,nan
17.48,220.00323486328125,-215.302734375,-5.017882823944092,218.886356926534,-215.07683501832045,-5.0213129481278544,1.1394992806899573,1.0504210101097446,1.0504210101097446,3.502110566748708e-05,1.572082154595705,4.706294021415076,nan,2.074473320350374,nan
17.490000000000002,220.00323486328125,-215.29400634765625,-5.017882823944092,218.88602998882047,-215.06811791902368,-5.021413099555599,1.1398178699050643,1.0504787281308383,1.0504787281308383,3.57261976718751e-05,1.5855864288507173,4.713159587748642,nan,nan,nan
17.5,220.00323486328125,-215.2852783203125,-5.017882823944092,218.90115747250346,-215.05849770692646,-5.021849516705321,1.1251754336648132,1.0503924088323133,1.0503924088323133,3.500604842679493e-05,1.6547514742411475,4.498472135190992,1.6888895045280938,0.0682061319660597,nan
17.51,220.00323486328125,-215.2765655517578,-5.017882823944092,218.90085510234755,-215.04977920621573,-5.021955145200455,1.1254731305726453,1.0504498510104707,1.0504498510104707,3.5710658440784794e-05,1.6702323733595337,4.502523936597408,nan,nan,nan
17.52,220.00323486328125,-215.26783752441406,-5.017882823944092,218.90055261801132,-215.04106074819603,-5.0200205210140645,1.125762146287636,1.0505073849202735,1.0505073849202735,3.5012382053748355e-05,1.3369216283136998,4.174482739136231,nan,2.940179175593874,nan
17.53,220.00323486328125,-215.2591094970703,-5.017882823944092,218.9002500970541,-215.03234251233377,-5.020107818674678,1.1260566639815193,1.050565010706222,1.050565010706222,3.5717388943561484e-05,1.3455730951328366,4.178699183263359,nan,nan,nan
17.54,220.00323486328125,-215.25038146972656,-5.017882823944092,218.89994754772914,-215.02362432679277,-5.019076260367337,1.1263494692235492,1.0506227285128167,1.0506227285128167,3.501897251154964e-05,1.2482050501500446,4.078786244552039,nan,0.8843349853751978,nan
17.55,220.00323486328125,-215.24166870117188,-5.017882823944092,218.87019702591456,-215.00178852323754,-5.01921898392315,1.1581532825985845,1.0505364100003403,1.0505364100003403,3.57023606900084e-05,1.3267984749384847,4.820124786867899,7.400867265199193,nan,nan
17.56,220.00323486328125,-215.23294067382812,-5.017882823944092,218.86984724125014,-214.99304923941833,-5.018433824689624,1.1584971755159108,1.0505938519997053,1.0505938519997053,3.5004631762173194e-05,1.2861558247066827,4.77016893312625,nan,0.5287636647758727,nan
17.57,220.00323486328125,-215.22421264648438,-5.017882823944092,218.869497452242,-214.98431001467532,-5.018506519077189,1.1588417402451945,1.0506513857194206,1.0506513857194206,3.5709552805551016e-05,1.289065898622305,4.783910853442395,nan,nan,nan
17.580000000000002,220.00323486328125,-215.21548461914062,-5.017882823944092,218.86914766519428,-214.97557079882498,-5.018436130265047,1.1591862318847206,1.0507090113039863,1.0507090113039863,3.5011652057529344e-05,1.287606729476095,4.788748854528145,nan,0.014665523673534731,nan
17.59,220.00323486328125,-215.20677185058594,-5.017882823944092,218.86879797494586,-214.96683152777462,-5.018509422969194,1.1595338739136576,1.0507667288979023,1.0507667288979023,3.571696672624898e-05,1.290552080821327,4.798760562256424,nan,nan,nan
17.6,220.00323486328125,-215.1980438232422,-5.017882823944092,218.85826664578676,-214.97435953316594,-5.018205407749813,1.16661346844606,1.0506804111653012,1.0506804111653012,3.499771520009441e-05,1.2983119343023097,5.056118894075081,2.584189429762979,0.08776456696943868,nan
17.61,220.00323486328125,-215.18931579589844,-5.017882823944092,218.85790075297245,-214.96564631127225,-5.018276606283306,1.1669697586717118,1.0507378529871416,1.0507378529871416,3.5702547727627025e-05,1.3004022453478086,5.066769922840713,nan,nan,nan
17.62,220.00323486328125,-215.1805877685547,-5.017882823944092,218.85753481302066,-214.95693313574876,-5.01775736726727,1.1673260108821548,1.0507953865182156,1.0507953865182156,3.5005096487715415e-05,1.2972292109850265,5.077789142437098,nan,0.24703285986498016,nan
17.63,220.00323486328125,-215.171875,-5.017882823944092,218.85716884372965,-214.94822001753494,-5.01782493025047,1.1676852639748303,1.0508530119030233,1.0508530119030233,3.571032489618371e-05,1.2976006037789598,5.079484602183833,nan,nan,nan
17.64,220.00323486328125,-215.16314697265625,-5.017882823944092,218.85680282720725,-214.93950696152956,-5.019252097404319,1.1680424405060545,1.050910729286065,1.050910729286065,3.501265278907355e-05,1.3517770493441255,5.145848389548462,nan,1.3024766516397588,nan
17.650000000000002,220.00323486328125,-215.1544189453125,-5.017882823944092,218.89779448359386,-214.94458884639434,-5.019265506820262,1.1251795480132722,1.0508244123272144,1.0508244123272144,3.569624683430935e-05,1.2583519345027299,4.212853402725987,13.408391919816385,nan,nan
17.66,220.00323486328125,-215.14569091796875,-5.017882823944092,218.8974946702441,-214.9358981974116,-5.019927755652149,1.125468143415127,1.050881853972789,1.050881853972789,3.4999187190738626e-05,1.3248254349491433,4.279289402786643,nan,0.23719641601533825,nan
17.67,220.00323486328125,-215.13697814941406,-5.017882823944092,218.8971948293268,-214.92720781523786,-5.02001712347101,1.125758724169989,1.050939387316657,1.050939387316657,3.5704324336507964e-05,1.333482476245813,4.262207501928045,nan,nan,nan
17.68,220.00323486328125,-215.1282501220703,-5.017882823944092,218.89689484044354,-214.9185176820695,-5.019926326305843,1.1260462328089138,1.0509970125033183,1.0509970125033183,3.50070224657083e-05,1.325738116679323,4.289832432494924,nan,0.02317972492640324,nan
17.69,220.00323486328125,-215.11952209472656,-5.017882823944092,218.8965947321625,-214.90982766359218,-5.020016111340839,1.1263341800577735,1.051054729677273,1.051054729677273,3.57125493336156e-05,1.3344328421306466,4.304756639953794,nan,nan,nan
17.7,220.00323486328125,-215.11080932617188,-5.017882823944092,218.887660638747,-214.90512427519553,-5.019480250882441,1.134378571030474,1.0509684134860975,1.0509684134860975,3.499381855018542e-05,1.2973268253105248,4.381746770581495,1.1747511882493393,0.1870386507437755,nan
17.71,220.00323486328125,-215.10208129882812,-5.017882823944092,218.88734676211396,-214.89644057852993,-5.019564545876036,1.1346793328337952,1.0510258549566585,1.0510258549566585,3.569885833421105e-05,1.304211789877305,4.427529165996561,nan,nan,nan
17.72,220.00323486328125,-215.09335327148438,-5.017882823944092,218.88703278502288,-214.88775682140542,-5.019791926561385,1.1349804511383323,1.051083388114745,1.051083388114745,3.500188003737159e-05,1.3296985926260383,4.45873627344969,nan,0.014228676391798332,nan
17.73,220.00323486328125,-215.08462524414062,-5.017882823944092,218.88671853438672,-214.879073091956,-5.0198797733871725,1.135281633676391,1.0511410131048577,1.0511410131048577,3.57073103543701e-05,1.3378340700823903,4.471735496829516,nan,nan,nan
17.740000000000002,220.00323486328125,-215.07591247558594,-5.017882823944092,218.88640392182862,-214.87038943860986,-5.021253188535494,1.1355890233140349,1.0511987300714964,1.0511987300714964,3.501005467504473e-05,1.5512032291084377,4.668391045902469,nan,1.164362797833924,nan
17.75,220.00323486328125,-215.0671844482422,-5.017882823944092,218.87739954362885,-214.83480323693098,-5.021424018669142,1.1495732836176025,1.051112414641969,1.051112414641969,3.5693832572379324e-05,1.6085682294228922,4.911899342669936,5.755550749724809,nan,nan
17.76,220.00323486328125,-215.05845642089844,-5.017882823944092,218.87707120911574,-214.82607658126847,-5.022151001101861,1.1498970315493966,1.0511698559387597,1.0511698559387597,3.4997137643402756e-05,1.7784173471751767,5.072676414552143,nan,0.273101229712046,nan
17.77,220.00323486328125,-215.0497283935547,-5.017882823944092,218.87674284298933,-214.81734988824343,-5.02226316400584,1.1502187743603924,1.051227388912479,1.051227388912479,3.5702464060645425e-05,1.795938176657143,5.072153324937817,nan,nan,nan
17.78,220.00323486328125,-215.041015625,-5.017882823944092,218.87641451108018,-214.80862304725156,-5.021192296588235,1.1505395990300726,1.0512850137076275,1.0512850137076275,3.500547858224094e-05,1.572037367807348,4.842735261116323,nan,0.9895077569543599,nan
17.79,220.00323486328125,-215.03228759765625,-5.017882823944092,218.87608619216815,-214.79989614575257,-5.021294639671796,1.1508612228224993,1.0513427304687053,1.0513427304687053,3.571118781566952e-05,1.5857508091831582,4.8522915564092415,nan,nan,nan
17.8,220.00323486328125,-215.0235595703125,-5.017882823944092,218.86479841505948,-214.76286232215764,-5.020160307717591,1.1679065839216962,1.0512564157948472,1.0512564157948472,3.499271825625622e-05,1.4457245323239662,5.010020085383985,6.43285597663121,1.135666245942546,nan
17.81,220.00323486328125,-215.01483154296875,-5.017882823944092,218.86445230059837,-214.75409037924263,-5.020252661966854,1.1682539517006088,1.051313856919103,1.051313856919103,3.569793294268284e-05,1.4555199623608592,5.013629759468989,nan,nan,nan
17.82,220.00323486328125,-215.00611877441406,-5.017882823944092,218.86410627972998,-214.74531845748044,-5.020151956921004,1.168604246158924,1.0513713897098587,1.0513713897098587,3.5001186180966734e-05,1.4460125051336241,5.046239605815433,nan,0.026632631585292107,nan
17.830000000000002,220.00323486328125,-214.9973907470703,-5.017882823944092,218.86376031611223,-214.7365464107671,-5.020244623732502,1.1689514915195338,1.051429014311614,1.051429014311614,3.570678381690052e-05,1.4558241916352868,5.016538416253684,nan,nan,nan
17.84,220.00323486328125,-214.98866271972656,-5.017882823944092,218.86341434823763,-214.7277744518408,-5.020360454689028,1.1692987785373166,1.0514867308688696,1.0514867308688696,3.500972212907856e-05,1.4756464511298877,5.033771439315536,nan,0.0003500777057390065,nan
17.85,220.00323486328125,-214.9799346923828,-5.017882823944092,218.8808474268574,-214.71792752234833,-5.020413682400388,1.152565711721507,1.05140041694475,1.05140041694475,3.569364967217642e-05,1.4429095303225354,4.630714902477386,2.27930374049346,nan,nan
17.86,220.00323486328125,-214.97122192382812,-5.017882823944092,218.88052966229856,-214.70915386843902,-5.022003441175792,1.1528935828841225,1.051457857897699,1.051457857897699,3.499711502794508e-05,1.7492669900283353,4.958041378360088,nan,1.5786509806807136,nan
17.87,220.00323486328125,-214.96249389648438,-5.017882823944092,218.880211609385,-214.70038018778334,-5.022113777965056,1.1532140850911818,1.0515153905068835,1.0515153905068835,3.570259275940515e-05,1.7661230496401936,4.93250979984445,nan,nan,nan
17.88,220.00323486328125,-214.95376586914062,-5.017882823944092,218.87989340196606,-214.69160642907826,-5.0230913257474095,1.1535383561956654,1.0515730149168037,1.0515730149168037,3.500573627521856e-05,2.040337657302633,5.195562278197672,nan,0.5298128898307788,nan
17.89,220.00323486328125,-214.94503784179688,-5.017882823944092,218.87957514991677,-214.68283249275595,-5.023212215727086,1.1538592630476148,1.05163073127196,1.05163073127196,3.571158865053439e-05,2.0613261057673338,5.213048370085797,nan,nan,nan
17.900000000000002,220.00323486328125,-214.9363250732422,-5.017882823944092,218.9149641985349,-214.68192812338887,-5.022394441941296,1.1176185407101469,1.0515444180916953,1.0515444180916953,3.4993211446963226e-05,1.7695006856431603,4.348667403469019,10.47180362148513,0.8629641439441408,nan
17.91,220.00323486328125,-214.92759704589844,-5.017882823944092,218.91470275437527,-214.673166485098,-5.022509609930948,1.1178812412493095,1.0516018588745575,1.0516018588745575,3.569856091157209e-05,1.787981850829596,4.3356441939037555,nan,nan,nan
17.92,220.00323486328125,-214.9188690185547,-5.017882823944092,218.91444140759208,-214.66440485055668,-5.022276828360874,1.1181424369110133,1.0516593913035537,1.0516593913035537,3.500188958721902e-05,1.7404166439471482,4.282718608949924,nan,0.08601003141017317,nan
17.93,220.00323486328125,-214.91014099121094,-5.017882823944092,218.9141799557774,-214.65564318574957,-5.022390627492461,1.1184051344820016,1.0517170155231839,1.0517170155231839,3.570761368704768e-05,1.7583770582118143,4.294214862709393,nan,nan,nan
17.94,220.00323486328125,-214.90142822265625,-5.017882823944092,218.9139184182559,-214.64688148307403,-5.0214442533419525,1.1186675305085003,1.0517747316779482,1.0517747316779482,3.501060424501811e-05,1.552086578892544,4.100098022994405,nan,0.7946070922490249,nan
17.95,220.00323486328125,-214.8927001953125,-5.017882823944092,218.9098415923837,-214.64664791801064,-5.021478244449109,1.120742385679265,1.0516884192357014,1.0516884192357014,3.569464265694441e-05,1.5564746998868055,4.097786314236334,0.8340162551632758,nan,nan
17.96,220.00323486328125,-214.88397216796875,-5.017882823944092,218.90957412184142,-214.63789977475284,-5.022063936434809,1.1210097777322878,1.0517458598496892,1.0517458598496892,3.499814000839761e-05,1.6943222631977126,4.233597460661402,nan,0.16361175808563633,nan
17.97,220.00323486328125,-214.875244140625,-5.017882823944092,218.90930656773472,-214.62915173140556,-5.022174119205903,1.1212756150419916,1.051803392099869,1.051803392099869,3.570372751620221e-05,1.7110975103349815,4.244446393955677,nan,nan,nan
17.98,220.00323486328125,-214.8665313720703,-5.017882823944092,218.90903901442834,-214.6204036198021,-5.021583332113984,1.1215422951651235,1.051861016130741,1.051861016130741,3.500688444621653e-05,1.587000004303077,4.124367436247066,nan,0.3477750226413486,nan
17.990000000000002,220.00323486328125,-214.85780334472656,-5.017882823944092,218.9087716247262,-214.6116554080584,-5.021688441545094,1.1218079470211155,1.0519187320868053,1.0519187320868053,3.571283835201275e-05,1.601859559614654,4.117994700413949,nan,nan,nan
18.0,220.00323486328125,-214.8490753173828,-5.017882823944092,218.895063145648,-214.57681085765063,-5.022664825688874,1.1411377477483389,1.051832420376786,1.051832420376786,3.4994452361729554e-05,1.8914656420911142,4.663865361541754,6.958742417002123,0.7350400562340373,nan
18.01,220.00323486328125,-214.84034729003906,-5.017882823944092,218.89477444269286,-214.5680209995248,-5.022779317757592,1.1414333481057506,1.051889860823104,1.051889860823104,3.5699895182224976e-05,1.9101654010544138,4.6708948761581235,nan,nan,nan
18.02,220.00323486328125,-214.83163452148438,-5.017882823944092,218.8944857436369,-214.5592313292886,-5.0217358629580495,1.1417280566493204,1.0519473928958292,1.0519473928958292,3.500320675334459e-05,1.6632871147893713,4.469166240967113,nan,0.9484892112529625,nan
18.03,220.00323486328125,-214.82290649414062,-5.017882823944092,218.89419690967242,-214.55044165754796,-5.021841163052871,1.1420236154181904,1.0520050167394621,1.0520050167394621,3.570901617067963e-05,1.6785113848207485,4.445316332678079,nan,nan,nan
18.04,220.00323486328125,-214.81417846679688,-5.017882823944092,218.89390801922593,-214.54165190891905,-5.021253279811428,1.1423170013893778,1.0520627324985026,1.0520627324985026,3.501197690371274e-05,1.5647628189871283,4.3252950225796685,nan,0.3401101671341965,nan
18.05,220.00323486328125,-214.80545043945312,-5.017882823944092,218.947914993241,-214.57278826101728,-5.021417930038454,1.080668410915847,1.0519764215149667,1.0519764215149667,3.569608799447122e-05,1.4602247647487128,3.370352294086185,31.703686357725573,nan,nan
18.06,220.00323486328125,-214.79673767089844,-5.017882823944092,218.94771293487122,-214.56406209233094,-5.020329141147375,1.080865602507549,1.0520338617948115,1.0520338617948115,3.49995449506159e-05,1.281468828275263,3.1952596868721717,nan,1.0025045879711851,nan
18.07,220.00323486328125,-214.7880096435547,-5.017882823944092,218.94751092664,-214.5553357848652,-5.020421142430597,1.0810627169482236,1.052091393691434,1.052091393691434,3.570520215330107e-05,1.2912772929453478,3.212086307532101,nan,nan,nan
18.080000000000002,220.00323486328125,-214.77928161621094,-5.017882823944092,218.94730900280635,-214.54660949834235,-5.019032442127898,1.0812571659300492,1.0521490173493342,1.0521490173493342,3.500830922742315e-05,1.1489210128456422,3.069749103561513,nan,1.5496546214775637,nan
18.09,220.00323486328125,-214.7705535888672,-5.017882823944092,218.94710710678194,-214.53788331646484,-5.019111603416416,1.0814540228817098,1.0522067329130123,1.0522067329130123,3.571432526898536e-05,1.1537899646953416,3.072346164558013,nan,nan,nan
18.1,220.00323486328125,-214.7618408203125,-5.017882823944092,218.93292223331176,-214.56721160828266,-5.018752719667342,1.0878650710295545,1.0521204226502614,1.0521204226502614,3.4995878042992914e-05,1.1464464628804907,3.3215989705817988,11.407973365735366,0.14120426766323535,nan
18.11,220.00323486328125,-214.75311279296875,-5.017882823944092,218.9326979343338,-214.55854583045254,-5.01882939815347,1.0880746827060075,1.0521778627648226,1.0521778627648226,3.570137568678593e-05,1.1502924802345513,3.367927752113716,nan,nan,nan
18.12,220.00323486328125,-214.744384765625,-5.017882823944092,218.93247348188126,-214.54987998882254,-5.018655382132374,1.0882842647685136,1.0522353944866838,1.0522353944866838,3.5004623144255305e-05,1.1426180727243764,3.37068481809552,nan,0.044705364292063246,nan
18.13,220.00323486328125,-214.73565673828125,-5.017882823944092,218.9322488504535,-214.54121419537918,-5.01873160340516,1.088494217986236,1.0522930179603451,1.0522930179603451,3.571048023846728e-05,1.1461142281634558,3.387974178869832,nan,nan,nan
18.14,220.00323486328125,-214.72694396972656,-5.017882823944092,218.9320242268437,-214.53254842330782,-5.018241221418476,1.0887065649352516,1.052350733330307,1.052350733330307,3.5013371445209265e-05,1.129986831485012,3.330730773751707,nan,0.22731119724508325,nan
18.150000000000002,220.00323486328125,-214.7182159423828,-5.017882823944092,218.95198892688364,-214.56505244631447,-5.018242668331305,1.0623451439190283,1.0522644237826877,1.0522644237826877,3.5697520826006516e-05,1.0761496808271858,3.3406018421601766,14.817602019820875,nan,nan
18.16,220.00323486328125,-214.70948791503906,-5.017882823944092,218.95179662940046,-214.5564525055892,-5.017334365733533,1.062517057283434,1.0523218637331468,1.0523218637331468,3.5000904322714284e-05,1.0814049856831536,3.348733022455911,nan,0.6783951361055108,nan
18.17,220.00323486328125,-214.7007598876953,-5.017882823944092,218.95160444692863,-214.54785259888138,-5.017397426542295,1.0626887630821438,1.0523793952815783,1.0523793952815783,3.5706595667242785e-05,1.0796974187620902,3.3598256988585415,nan,nan,nan
18.18,220.00323486328125,-214.69204711914062,-5.017882823944092,218.95141235752368,-214.53925267756847,-5.017008920787545,1.0628628738930568,1.0524370185724823,1.0524370185724823,3.500962605313e-05,1.095205478825605,3.2986532137265705,nan,0.14452778413940573,nan
18.19,220.00323486328125,-214.68331909179688,-5.017882823944092,218.95122030035054,-214.53065267187074,-5.017069316370483,1.063034495294449,1.0524947337503592,1.0524947337503592,3.5715669792680296e-05,1.0922087039458874,3.38661137729438,nan,nan,nan
18.2,220.00323486328125,-214.67459106445312,-5.017882823944092,218.97187804223728,-214.55929247138275,-5.018653517471122,1.0377818903056881,1.0524084249122632,1.0524084249122632,3.4997142244115396e-05,1.0403299878345624,3.5337428644037034,12.948328187300792,1.8239811401373467,nan
18.21,220.00323486328125,-214.66586303710938,-5.017882823944092,218.9717195105472,-214.55075195465886,-5.018730341694622,1.0379186878148696,1.052465864699794,1.052465864699794,3.570266149332583e-05,1.0436904650455725,3.54807915741974,nan,nan,nan
18.22,220.00323486328125,-214.6571502685547,-5.017882823944092,218.9715610519685,-214.54221153322365,-5.019493584731551,1.0380579754418215,1.0525233960761171,1.0525233960761171,3.5005828875051116e-05,1.0979065616180168,3.4895750144370554,nan,0.33151369516927065,nan
18.23,220.00323486328125,-214.64842224121094,-5.017882823944092,218.9714027206043,-214.5336712392754,-5.019579458654126,1.0381947031630805,1.0525810191857328,1.0525810191857328,3.5711701641399194e-05,1.10460805325042,3.626537433289367,nan,nan,nan
18.240000000000002,220.00323486328125,-214.6396942138672,-5.017882823944092,218.97124454557647,-214.52513104644427,-5.0199680243505185,1.038331875282235,1.0526387341731411,1.0526387341731411,3.501451216833236e-05,1.1483941543707363,3.6726579738305274,nan,0.06420061009393392,nan
18.25,220.00323486328125,-214.63096618652344,-5.017882823944092,218.95444292206065,-214.55531669907882,-5.020067258559941,1.051518973996427,1.0525524260390053,1.0525524260390053,3.569867098980932e-05,1.1841495727936813,4.487722823674851,12.33143791010403,nan,nan
18.26,220.00323486328125,-214.62225341796875,-5.017882823944092,218.95425846919943,-214.54683831115128,-5.020877137361473,1.0516881094649824,1.0526098656647747,1.0526098656647747,3.500197413630281e-05,1.3069131328597123,4.441508850046237,nan,0.363804952979437,nan
18.27,220.00323486328125,-214.613525390625,-5.017882823944092,218.95407414987636,-214.53835994811314,-5.020977334550284,1.0518543731411438,1.0526673968703013,1.0526673968703013,3.570767018949355e-05,1.3192104412210814,4.615814387543275,nan,nan,nan
18.28,220.00323486328125,-214.60479736328125,-5.017882823944092,218.95388995605893,-214.52988146009534,-5.0201865528322696,1.0520182669661067,1.0527250198000855,1.0527250198000855,3.5010620975304996e-05,1.2028942839640913,4.478789506709217,nan,0.5612661089517501,nan
18.29,220.00323486328125,-214.59608459472656,-5.017882823944092,218.95370576509453,-214.52140286512946,-5.020279622239288,1.0521855508028617,1.0527827345986271,1.0527827345986271,3.571666427952004e-05,1.2124225151618437,4.331742457739011,nan,nan,nan
18.3,220.00323486328125,-214.5873565673828,-5.017882823944092,218.9858816562559,-214.51270701073082,-5.019700917750317,1.0200899027135628,1.0526964271629315,1.0526964271629315,3.499805871933129e-05,1.0829373003984237,4.022835875831854,8.299220170291644,0.19014838838572792,nan
18.31,220.00323486328125,-214.57862854003906,-5.017882823944092,218.98574889480003,-214.50422795192102,-5.019787750876246,1.020204279698484,1.0527538666280984,1.0527538666280984,3.570357279026543e-05,1.090293022787961,4.0315557018139945,nan,nan,nan
18.32,220.00323486328125,-214.5699005126953,-5.017882823944092,218.98561630557668,-214.49574888718868,-5.019666986070349,1.0203181737989817,1.0528113976641305,1.0528113976641305,3.500666390566162e-05,1.0797570178627929,4.020496384156166,nan,0.030709381199603605,nan
18.330000000000002,220.00323486328125,-214.56118774414062,-5.017882823944092,218.9854837387952,-214.48726977371152,-5.019753778241985,1.0204335932410995,1.0528690204155278,1.0528690204155278,3.57125268821416e-05,1.0870120567596748,3.870448298354364,nan,nan,nan
18.34,220.00323486328125,-214.55245971679688,-5.017882823944092,218.9853511165159,-214.4787905293658,-5.020553182896644,1.020549656764817,1.0529267350267906,1.0529267350267906,3.5015263438430944e-05,1.1928102042406536,4.133518919106371,nan,0.35727599264623333,nan
18.35,220.00323486328125,-214.54373168945312,-5.017882823944092,219.00853213139249,-214.47473006529955,-5.020538668433221,0.9970966866220915,1.0528404282840593,1.0528404282840593,3.569940905611455e-05,1.1418782364697417,3.987803316325145,4.458232342614494,nan,nan
18.36,220.00323486328125,-214.53500366210938,-5.017882823944092,219.00843633078736,-214.4662575840749,-5.017084732695609,0.9971713897052791,1.0528978675897753,1.0528978675897753,3.500264103474517e-05,0.9625909171072905,3.801590337427453,nan,8.889279708833586,nan
18.37,220.00323486328125,-214.5262908935547,-5.017882823944092,219.00834043890876,-214.4577850476012,-5.017144727285584,0.9972504757401466,1.0529553984576048,1.0529553984576048,3.5708319009155305e-05,0.9597485913997251,3.6466519365746244,nan,nan,nan
18.38,220.00323486328125,-214.51756286621094,-5.017882823944092,219.00824443462358,-214.44931241931064,-5.017084490434961,0.997328789296118,1.0530130210320479,1.0530130210320479,3.501120166050567e-05,0.962792367364716,3.8327800551725204,nan,0.01038927630855308,nan
18.39,220.00323486328125,-214.5088348388672,-5.017882823944092,219.00814838359977,-214.44083976252236,-5.01714535184656,0.9974071266624805,1.053070735457605,1.053070735457605,3.571722305622963e-05,0.959912259668147,3.8376833585813253,nan,nan,nan
18.400000000000002,220.00323486328125,-214.50010681152344,-5.017882823944092,219.01065275529137,-214.43496944050864,-5.013154201930203,0.9947283438559968,1.0529844294024062,1.0529844294024062,3.499855417766581e-05,1.5785537363006537,4.4939393480604695,0.2548771083304493,11.254810794980788,nan
18.41,220.00323486328125,-214.49139404296875,-5.017882823944092,219.01056090521942,-214.42650087807786,-5.013176022601022,0.9948039323618384,1.053041868549815,1.053041868549815,3.5704042920719844e-05,1.5602551410222798,4.333393902133358,nan,nan,nan
18.42,220.00323486328125,-214.482666015625,-5.017882823944092,219.0104691205578,-214.41803226250994,-5.013087545784214,0.9948790562976182,1.0530993992507243,1.0530993992507243,3.500707287956888e-05,1.5967140540867808,4.568513499394668,nan,0.008750138827466555,nan
18.43,220.00323486328125,-214.47393798828125,-5.017882823944092,219.01037744357436,-214.40956356952557,-5.013110342366394,0.9949536161236724,1.053157021649634,1.053157021649634,3.5712907202200216e-05,1.5777141008630557,4.578823024840234,nan,nan,nan
18.44,220.00323486328125,-214.4652099609375,-5.017882823944092,219.01028580685022,-214.4010947003817,-5.010358822080667,0.995045328569233,1.0532147358910444,1.0532147358910444,3.5015586394534725e-05,2.556760747451829,5.593414943835191,nan,5.434570816307524,nan
18.45,220.00323486328125,-214.4564971923828,-5.017882823944092,218.97107750148766,-214.37319250100896,-5.01035090489917,1.035541028117237,1.0531284305179889,1.0531284305179889,3.569970229678314e-05,2.6072768755288007,5.468716013861462,13.239330310194443,nan,nan
18.46,220.00323486328125,-214.44776916503906,-5.017882823944092,218.9709233517658,-214.36469271777855,-5.009786787425481,1.03568059685602,1.0531858695082275,1.0531858695082275,3.500288089244043e-05,2.8909872652267303,5.948056007896019,nan,0.22331844316436528,nan
18.47,220.00323486328125,-214.4390411376953,-5.017882823944092,218.97076921468513,-214.35619303594274,-5.009780667045351,1.0358159915937841,1.0532434000434894,1.0532434000434894,3.5708524449330126e-05,2.8569696724501847,5.9682712687710895,nan,nan,nan
18.48,220.00323486328125,-214.43031311035156,-5.017882823944092,218.97061515351123,-214.34769344708678,-5.009057845313539,1.035957216303516,1.0533010222682748,1.0533010222682748,3.5011357809676427e-05,3.243253148122247,6.396094438553978,nan,0.36361742517405293,nan
18.490000000000002,220.00323486328125,-214.42160034179688,-5.017882823944092,218.97046111355203,-214.33919393265774,-5.009046667784441,1.0360938722203845,1.0533587363270838,1.0533587363270838,3.571734217635745e-05,3.205025141955535,6.251511591831382,nan,nan,nan
18.5,220.00323486328125,-214.41287231445312,-5.017882823944092,218.98573469576425,-214.33581962026238,-5.0104097699806704,1.0204408631149156,1.053272431630825,1.053272431630825,3.4998630533006205e-05,2.584257402149375,5.8045785701475365,1.8451528085276494,1.3008168555487285,nan
18.51,220.00323486328125,-214.40414428710938,-5.017882823944092,218.98560536907792,-214.3273285566678,-5.0104142298160275,1.0205519211750356,1.0533298704650227,1.0533298704650227,3.57040800269506e-05,2.551024601702494,5.801762141823991,nan,nan,nan
18.52,220.00323486328125,-214.39541625976562,-5.017882823944092,218.98547612340113,-214.31883770690823,-5.0098811990018115,1.0206670139481457,1.0533874008359005,1.0533874008359005,3.5007069133793104e-05,2.8178471419106987,6.103292973674592,nan,0.20451717909899714,nan
18.53,220.00323486328125,-214.38670349121094,-5.017882823944092,218.9853469332162,-214.31034688403554,-5.009881963463563,1.0207792040396861,1.0534450228879586,1.0534450228879586,3.571286204047578e-05,2.7815225077305614,5.946742225703657,nan,nan,nan
18.54,220.00323486328125,-214.3779754638672,-5.017882823944092,218.98521777668407,-214.3018559471207,-5.008742058250209,1.020899859452926,1.0535027367656975,1.0535027367656975,3.501550468649925e-05,3.375415218913874,6.729208741320562,nan,0.919298769781647,nan
18.55,220.00323486328125,-214.36924743652344,-5.017882823944092,218.9457950576224,-214.29813396648214,-5.008769561546739,1.05986750104183,1.0534164327409312,1.0534164327409312,3.569957995358427e-05,3.392680599858473,7.274401867322195,10.931356183261451,nan,nan
18.56,220.00323486328125,-214.3605194091797,-5.017882823944092,218.94560308460166,-214.28965036743784,-5.009859023410844,1.0600338587636544,1.0534738714202099,1.0534738714202099,3.500272627144006e-05,2.905898167471129,6.836062726599251,nan,0.848652469526181,nan
18.57,220.00323486328125,-214.351806640625,-5.017882823944092,218.94541121977562,-214.28116679969767,-5.009863874905625,1.0602099562961302,1.0535314016279576,1.0535314016279576,3.570832487334609e-05,2.867669594473446,6.658789303166476,nan,nan,nan
18.580000000000002,220.00323486328125,-214.34307861328125,-5.017882823944092,218.9452194327632,-214.27268330980417,-5.009925003431347,1.0603845891341726,1.0535890235086744,1.0535890235086744,3.50111302665525e-05,2.875928887624676,6.866921129163444,nan,0.0021753877840934867,nan
18.59,220.00323486328125,-214.3343505859375,-5.017882823944092,218.9450275622556,-214.26419990070235,-5.009932012759122,1.0605597701126717,1.0536467372068605,1.0536467372068605,3.571706812471345e-05,2.8373514330589695,6.8619726187875285,nan,nan,nan
18.6,220.00323486328125,-214.32562255859375,-5.017882823944092,218.93693981512638,-214.2728833322936,-5.010660024694154,1.0676229318159771,1.0535604338483249,1.0535604338483249,3.499833564715234e-05,2.5724324680174537,7.000685517202939,3.105390039429358,0.4984091690363926,nan
18.61,220.00323486328125,-214.31690979003906,-5.017882823944092,218.93673518399626,-214.2644271894283,-5.010674977490952,1.0678145636449914,1.0536178723737994,1.0536178723737994,3.570373743371082e-05,2.5372684199743345,6.826697918909424,nan,nan,nan
18.62,220.00323486328125,-214.3081817626953,-5.017882823944092,218.9365305700838,-214.2559710355139,-5.01084831086677,1.0680044445286452,1.0536754024196613,1.0536754024196613,3.500670701128351e-05,2.4960497685083936,6.992218437343298,nan,0.017496131224707043,nan
18.63,220.00323486328125,-214.29945373535156,-5.017882823944092,218.9363260926656,-214.2475147713731,-5.01086638911297,1.0681953057158946,1.053733024130411,1.053733024130411,3.57124510274543e-05,2.4613301923755997,6.96182669935062,nan,nan,nan
18.64,220.00323486328125,-214.2907257080078,-5.017882823944092,218.93612164230007,-214.23905842094942,-5.010508412865478,1.0683887480143026,1.0537907376505484,1.0537907376505484,3.501507831464333e-05,2.636237965544454,7.177558156423982,nan,0.10016688248010569,nan
18.650000000000002,220.00323486328125,-214.28201293945312,-5.017882823944092,218.9228330198147,-214.21402808858653,-5.010526006708356,1.082563719174583,1.0537044349530231,1.0537044349530231,3.5699106816041457e-05,2.6282436729849907,6.929065705058064,3.094236697712459,nan,nan
18.66,220.00323486328125,-214.27328491210938,-5.017882823944092,218.9226077505961,-214.20554521962478,-5.010244214196503,1.0827751248375894,1.0537618733258007,1.0537618733258007,3.500224175987757e-05,2.7795210241867965,7.286674694598549,nan,0.0630925355934742,nan
18.67,220.00323486328125,-214.26455688476562,-5.017882823944092,218.9223824752138,-214.19706245865945,-5.010259430478028,1.0829845328879184,1.0538194032110122,1.0538194032110122,3.570778978116455e-05,2.740449288801567,7.28935264711298,nan,nan,nan
18.68,220.00323486328125,-214.25582885742188,-5.017882823944092,218.92215726688636,-214.18857992254112,-5.012179050239107,1.083182219990722,1.0538770247531573,1.0538770247531573,3.50105877936361e-05,2.0425056056160624,6.641794166781985,nan,2.5564078918255797,nan
18.69,220.00323486328125,-214.2471160888672,-5.017882823944092,218.92193208897925,-214.18009747281303,-5.012215483757845,1.083392497369171,1.0539347380967365,1.0539347380967365,3.571647438596895e-05,2.0129128781053325,6.482639860559374,nan,nan,nan
18.7,220.00323486328125,-214.23838806152344,-5.017882823944092,218.975103527911,-214.16669423703823,-5.013457196205956,1.0306374888487366,1.053848436055042,1.053848436055042,3.499774150913021e-05,1.5675604565529637,5.634072879638758,20.286070643811133,0.8810047758993363,nan
18.71,220.00323486328125,-214.2296600341797,-5.017882823944092,218.97496343639963,-214.15820429071024,-5.013508470855013,1.030760488950209,1.053905874276223,1.053905874276223,3.5703091652689466e-05,1.544052257865436,5.636337092452668,nan,nan,nan
18.72,220.00323486328125,-214.22093200683594,-5.017882823944092,218.97482325299322,-214.1497144133534,-5.014436694033197,1.0308803333113066,1.0539634040020098,1.0539634040020098,3.500606138538863e-05,1.3475416858771367,5.470120592888334,nan,0.5415147925603166,nan
18.73,220.00323486328125,-214.21221923828125,-5.017882823944092,218.974682938009,-214.1412245203856,-5.014498815558851,1.0310047354222307,1.0540210253769022,1.0540210253769022,3.571175336520587e-05,1.3291452736226248,5.308923969892471,nan,nan,nan
18.740000000000002,220.00323486328125,-214.2034912109375,-5.017882823944092,218.97454250971643,-214.1327346179172,-5.013965834874596,1.0311303489578518,1.0540787385454005,1.0540787385454005,3.5014384453481e-05,1.446852737105781,5.61523229468162,nan,0.2507819125216901,nan
18.75,220.00323486328125,-214.19476318359375,-5.017882823944092,218.9842160589161,-214.14123567878303,-5.0139885868276295,1.0204311258011254,1.0539924371543992,1.0539924371543992,3.569836393618862e-05,1.4127357895293187,5.810720777952776,2.7288643508181405,nan,nan
18.76,220.00323486328125,-214.18603515625,-5.017882823944092,218.98409131668905,-214.1327728679936,-5.013392810737267,1.0205442666192592,1.0540498752250769,1.0540498752250769,3.500150605437184e-05,1.5640660521401148,5.977782966599244,nan,0.30216640336851763,nan
18.77,220.00323486328125,-214.1773223876953,-5.017882823944092,218.98396666415528,-214.12431003883646,-5.013445523106069,1.0206555053100768,1.0541074047926557,1.0541074047926557,3.570700180206484e-05,1.5396688632684012,5.7842509174439325,nan,nan,nan
18.78,220.00323486328125,-214.16859436035156,-5.017882823944092,218.98384190663734,-214.11584727623392,-5.012247367457473,1.0207722631948537,1.0541650260016358,1.0541650260016358,3.500981035991225e-05,1.8955348860250325,6.330775199043354,nan,1.1055634331654953,nan
18.79,220.00323486328125,-214.1598663330078,-5.017882823944092,218.98371703510674,-214.10738462180694,-5.012289263011999,1.020883058876065,1.054222738996517,1.054222738996517,3.5715644667241586e-05,1.8645965996139189,6.329612709268128,nan,nan,nan
18.8,220.00323486328125,-214.15113830566406,-5.017882823944092,219.00555507186246,-214.1194373715109,-5.012518519486025,0.9981977214930623,1.054136438251111,1.054136438251111,3.4996928684766866e-05,1.7674369365798843,6.539980252815593,6.305558372538664,0.03286570912767703,nan
18.81,220.00323486328125,-214.14242553710938,-5.017882823944092,219.00546484684614,-214.11100742871358,-5.012563853941388,0.9982787159275627,1.0541938761723713,1.0541938761723713,3.570222678956712e-05,1.7377304328940868,6.330223366625669,nan,nan,nan
18.82,220.00323486328125,-214.13369750976562,-5.017882823944092,219.00537450288843,-214.102577558629,-5.013208449188519,0.9983564493613446,1.0542514055829497,1.0542514055829497,3.5005213221306064e-05,1.5695906793690702,6.382662837405375,nan,0.2527706851271877,nan
18.830000000000002,220.00323486328125,-214.12496948242188,-5.017882823944092,219.0052839942994,-214.0941477109957,-5.013261652859483,0.9984374160245045,1.0543090266273467,1.0543090266273467,3.5710853367379306e-05,1.5435100799321182,6.387905254367361,nan,nan,nan
18.84,220.00323486328125,-214.11624145507812,-5.017882823944092,219.00519335850697,-214.08571779857613,-5.0137335057309285,0.9985167778760613,1.0543667394500624,1.0543667394500624,3.5013504079420754e-05,1.4373289081322835,6.30287448314265,nan,0.12302532127567252,nan
18.85,220.00323486328125,-214.10752868652344,-5.017882823944092,219.018254487572,-214.06598320117868,-5.01373375311256,0.9858648906790642,1.0542804393451943,1.0542804393451943,3.569743525424342e-05,1.4041143252810748,5.801369488728526,2.245875844883633,nan,nan
18.86,220.00323486328125,-214.0988006591797,-5.017882823944092,219.0181848312088,-214.0575350027703,-5.015004830087329,0.985918202962839,1.054337877118116,1.054337877118116,3.500059960789891e-05,1.1585794289923452,5.758398866954355,nan,1.0370931992032826,nan
18.87,220.00323486328125,-214.09007263183594,-5.017882823944092,219.01811517807104,-214.04908675419998,-5.015077012472674,0.9859759170143366,1.0543954063728929,1.0543954063728929,3.570604435807161e-05,1.1424717496436039,5.750122245148764,nan,nan,nan
18.88,220.00323486328125,-214.0813446044922,-5.017882823944092,219.01804551620438,-214.04063843010294,-5.013514978754756,0.9860396139601858,1.0544530272540251,1.0544530272540251,3.500887776398417e-05,1.4669963358340574,6.088921615779466,nan,1.8871333217191173,nan
18.89,220.00323486328125,-214.0726318359375,-5.017882823944092,219.01797603992065,-214.03219017906295,-5.0135730033255355,0.9860978912736952,1.054510739906013,1.054510739906013,3.5714661553117e-05,1.4421878391383962,5.917664582334242,nan,nan,nan
18.900000000000002,220.00323486328125,-214.06390380859375,-5.017882823944092,219.04356430458347,-214.01525520678172,-5.013846433501218,0.9609113175196675,1.0544244404366656,1.0544244404366656,3.499597586828768e-05,1.341228122384086,5.843033122869251,5.078151577955714,0.028000077845334592,nan
18.91,220.00323486328125,-214.05517578125,-5.017882823944092,219.0435358370628,-214.00679334451186,-5.013908825892177,0.9609260501047389,1.0544818780623204,1.0544818780623204,3.570122414209825e-05,1.3180119880932744,5.825832021777578,nan,nan,nan
18.92,220.00323486328125,-214.0464630126953,-5.017882823944092,219.04350745397844,-213.99833139057546,-5.013816001519483,0.9609421898634768,1.0545394071624852,1.0545394071624852,3.5004240014624283e-05,1.3481235432339236,5.688338593956422,nan,0.017187831692383387,nan
18.93,220.00323486328125,-214.03773498535156,-5.017882823944092,219.04347898977525,-213.98986942890636,-5.013878546009091,0.9609570658800789,1.0545970278816603,1.0545970278816603,3.570983095774819e-05,1.324631172369009,5.857037967363654,nan,nan,nan
18.94,220.00323486328125,-214.0290069580078,-5.017882823944092,219.04345037394208,-213.9814074425553,-5.014370910577123,0.9609705059900971,1.0546547403643456,1.0546547403643456,3.501251325366015e-05,1.2278572691593306,5.772693125983552,nan,0.12979506700395196,nan
18.95,220.00323486328125,-214.02027893066406,-5.017882823944092,219.02565823830923,-213.98337652497963,-5.014518763457979,0.9782786730476806,1.0545684415255412,1.0545684415255412,3.569639894913224e-05,1.2245292022894985,6.06583522486375,3.228856639413431,nan,nan
18.96,220.00323486328125,-214.01156616210938,-5.017882823944092,219.02560133466648,-213.9749311563121,-5.015215352502315,0.978323338843265,1.0546258790049936,1.0546258790049936,3.4999596710313575e-05,1.1108341631084266,5.785908975016568,nan,0.2760262710356171,nan
18.97,220.00323486328125,-214.00283813476562,-5.017882823944092,219.02554455893042,-213.96648594784642,-5.015294105016393,0.978369313797767,1.054683407951727,1.054683407951727,3.57049938273568e-05,1.0952606221198073,5.979832435174725,nan,nan,nan
18.98,220.00323486328125,-213.99411010742188,-5.017882823944092,219.02548793320003,-213.9580408712815,-5.017267234484907,0.9784121974042388,1.0547410285102414,1.0547410285102414,3.500786247565178e-05,0.9184314456389784,5.799955567962485,nan,2.530249169912061,nan
18.990000000000002,220.00323486328125,-213.98538208007812,-5.017882823944092,219.0254313685345,-213.9495960019884,-5.017366696367881,0.9784582689679107,1.0547987408250372,1.0547987408250372,3.571359943991942e-05,0.915101641956227,5.791254384416523,nan,nan,nan
19.0,220.00323486328125,-213.97666931152344,-5.017882823944092,219.01948216067737,-213.92509511462825,-5.019240785228726,0.9851046247605745,1.0547124426118377,1.0547124426118377,3.499495343898176e-05,0.9727839567633966,5.343483390402646,2.5568843826120604,2.505933315857039,nan
19.01,220.00323486328125,-213.9679412841797,-5.017882823944092,219.01941612116792,-213.91662508863013,-5.019358712769394,0.9851572704431294,1.0547698799461458,1.0547698799461458,3.570015585782741e-05,0.9811519615125623,5.493871826804499,nan,nan,nan
19.02,220.00323486328125,-213.95921325683594,-5.017882823944092,219.01935013851045,-213.90815495366215,-5.021146347372621,0.9852140643258572,1.0548274087406195,1.0548274087406195,3.500321002970531e-05,1.224459283022758,5.715272995788507,nan,1.9663301086255385,nan
19.03,220.00323486328125,-213.9504852294922,-5.017882823944092,219.019284124825,-213.89968482843824,-5.0212826931363095,0.9852671188902945,1.0548850291397596,1.0548850291397596,3.5708756017301284e-05,1.243937950375327,5.714368110923085,nan,nan,nan
19.04,220.00323486328125,-213.9417724609375,-5.017882823944092,219.019218107833,-213.89121481186666,-5.02163226569247,0.9853218302645443,1.054942741288066,1.054942741288066,3.501147800440791e-05,1.32181664025066,5.592726210280325,nan,0.03179402269386476,nan
19.05,220.00323486328125,-213.93304443359375,-5.017882823944092,219.03813556745396,-213.83309751209455,-5.021707192302786,0.9702683462407881,1.0548564436955716,1.0548564436955716,3.5695322428836136e-05,1.3021892096504752,4.900734019891383,19.800214602332552,nan,nan
19.06,220.00323486328125,-213.92431640625,-5.017882823944092,219.0380999168467,-213.82454827989062,-5.021235886812792,0.9702836631094415,1.0549138808857859,1.0549138808857859,3.499856097031731e-05,1.2136748805525106,4.783237119551989,nan,0.26395944135251376,nan
19.07,220.00323486328125,-213.91558837890625,-5.017882823944092,219.0380643580774,-213.81599887457722,-5.021370686018585,0.9703011587490741,1.0549714095291634,1.0549714095291634,3.570391514697731e-05,1.2331389000497608,4.763961011548832,nan,nan,nan
19.080000000000002,220.00323486328125,-213.90687561035156,-5.017882823944092,219.03802890752624,-213.80744938123078,-5.021997719006029,0.9703221343571895,1.0550290297702043,1.0550290297702043,3.5006825688819065e-05,1.3760876200389554,4.766619015706113,nan,0.17043611921467955,nan
19.09,220.00323486328125,-213.8981475830078,-5.017882823944092,219.03799338887495,-213.7988997765873,-5.022139281818523,0.9703398108018481,1.0550867417534089,1.0550867417534089,3.571252071426115e-05,1.3996959849533475,4.884662614374239,nan,nan,nan
19.1,220.00323486328125,-213.88941955566406,-5.017882823944092,219.0429132096183,-213.78983067623767,-5.021523976397345,0.9654785763498598,1.0550004447767594,1.0550004447767594,3.499392004265017e-05,1.2624060648914732,4.675797914810606,0.38024036160096253,0.33510454398707495,nan
19.11,220.00323486328125,-213.8806915283203,-5.017882823944092,219.04288538047086,-213.78127996539783,-5.021659069282,0.9654885022648997,1.0550578818239238,1.0550578818239238,3.569908164488337e-05,1.2829604794014815,4.663485355425283,nan,nan,nan
19.12,220.00323486328125,-213.87197875976562,-5.017882823944092,219.04285753458717,-213.77272915402688,-5.020303696189344,0.9654951881450785,1.0551154103173592,1.0551154103173592,3.5002179383743626e-05,1.050917573534021,4.276649740544031,nan,1.5700144345239575,nan
19.13,220.00323486328125,-213.86325073242188,-5.017882823944092,219.04282988776947,-213.76417824528494,-5.020425459341796,0.9655048108062662,1.055173030401566,1.055173030401566,3.5707685600941656e-05,1.0645037495480862,4.387855091450945,nan,nan,nan
19.14,220.00323486328125,-213.85452270507812,-5.017882823944092,219.0428023077743,-213.75562722744547,-5.019246181266505,0.9655117129879741,1.0552307422210445,1.0552307422210445,3.501045188121898e-05,0.936510209628002,4.231500159901998,nan,1.19604328244486,nan
19.150000000000002,220.00323486328125,-213.84579467773438,-5.017882823944092,218.9974110291532,-213.76702487354427,-5.019307598037459,1.0089045035747526,1.055144445855417,1.055144445855417,3.569426001148256e-05,1.0215603885840399,4.681832390179143,17.151743283253587,nan,nan
19.16,220.00323486328125,-213.8370819091797,-5.017882823944092,218.99731119813572,-213.7585054523596,-5.019836355614633,1.008989839370152,1.0552018827605683,1.0552018827605683,3.499754330062461e-05,1.0738424093607881,4.584744756389482,nan,0.12353989492734702,nan
19.17,220.00323486328125,-213.82835388183594,-5.017882823944092,218.99721139172723,-213.7499860255401,-5.019951928262277,1.0090733508574485,1.0552594111052074,1.0552594111052074,3.57028599348379e-05,1.0848164391478785,4.714828698109045,nan,nan,nan
19.18,220.00323486328125,-213.8196258544922,-5.017882823944092,218.9971115748675,-213.74146650143342,-5.019541728200935,1.009155938357605,1.0553170310338347,1.0553170310338347,3.500581571558598e-05,1.0436258518728516,4.66171414757004,nan,0.19582158149320278,nan
19.19,220.00323486328125,-213.81089782714844,-5.017882823944092,218.99701173335035,-213.73294682077992,-5.01965383144098,1.0092395568294774,1.0553747426909503,1.0553747426909503,3.5711474285234876e-05,1.0529461812773395,4.645746449206252,nan,nan,nan
19.2,220.00323486328125,-213.80218505859375,-5.017882823944092,219.00805585372447,-213.72768602560794,-5.0189688789783204,0.9979642010081171,1.0552884469315604,1.0552884469315604,3.499292135738774e-05,0.977460004617669,4.501354456073994,1.507549651172257,0.5882533444919247,nan
19.21,220.00323486328125,-213.79345703125,-5.017882823944092,219.00797404337632,-213.71917130515953,-5.0190761732693305,0.9980300059723802,1.0553458836957288,1.0553458836957288,3.5698047676264876e-05,0.9837180573337005,4.633406873160673,nan,nan,nan
19.22,220.00323486328125,-213.78472900390625,-5.017882823944092,219.00789240786244,-213.71065660751097,-5.019380768486248,0.9980959709891287,1.055403411892709,1.055403411892709,3.50011911648158e-05,1.008005616823959,4.654643657328407,nan,0.027222537033719085,nan
19.23,220.00323486328125,-213.7760009765625,-5.017882823944092,219.00781076623258,-213.70214193700275,-5.019492029605668,0.9981617505458265,1.0554610316670008,1.0554610316670008,3.570666319425111e-05,1.0164933803994984,4.6585813483907,nan,nan,nan
19.240000000000002,220.00323486328125,-213.7672882080078,-5.017882823944092,219.00772906848067,-213.6936272016612,-5.0183060209434025,0.9982273841331082,1.055518743163105,1.055518743163105,3.500947539872283e-05,0.9491611461466046,4.44515817487928,nan,1.1896439136535153,nan
19.25,220.00323486328125,-213.75856018066406,-5.017882823944092,219.00137582706733,-213.66528319270634,-5.018384758939725,1.0061920178895674,1.0554324480052057,1.0554324480052057,3.569325249887137e-05,0.9663070670195393,4.354825774692851,3.023052727603217,nan,nan
19.26,220.00323486328125,-213.7498321533203,-5.017882823944092,219.00128418196567,-213.65673703184274,-5.016868020287817,1.0062668131555041,1.0554898846294143,1.0554898846294143,3.499658165361071e-05,0.9887647851207002,4.370393830240721,nan,1.8483686641022947,nan
19.27,220.00323486328125,-213.74110412597656,-5.017882823944092,219.0011924699428,-213.64819076930095,-5.016953943549448,1.0063412506277274,1.0555474126798639,1.0555474126798639,3.5701866362748803e-05,0.9835954312643828,4.379923135945564,nan,nan,nan
19.28,220.00323486328125,-213.73239135742188,-5.017882823944092,219.0011007328937,-213.63964431266228,-5.01603144912762,1.006418529831392,1.0556050323010546,1.0556050323010546,3.500486799781062e-05,1.0574381398246155,4.336516762905571,nan,0.7193972562404656,nan
19.29,220.00323486328125,-213.72366333007812,-5.017882823944092,219.00100887079958,-213.63109774901923,-5.016109437781773,1.0064931553175702,1.0556627436374866,1.0556627436374866,3.571049573226239e-05,1.0476772621583563,4.464554712591381,nan,nan,nan
19.3,220.00323486328125,-213.71493530273438,-5.017882823944092,219.00552612421174,-213.64870113118218,-5.01748719355259,0.9999049204900844,1.0555764490763693,1.0555764490763693,3.499199034970605e-05,0.9516425035360764,4.720925197025721,5.223091223074518,1.355987124736179,nan
19.31,220.00323486328125,-213.70620727539062,-5.017882823944092,219.0054414266257,-213.64019615798648,-5.017579651560099,0.9999746505623602,1.0556338855616347,1.0556338855616347,3.569708698046561e-05,0.9498248289206299,4.69849692247854,nan,nan,nan
19.32,220.00323486328125,-213.69749450683594,-5.017882823944092,219.0053568283743,-213.631691157359,-5.017931856925715,1.000045326850936,1.055691413466674,1.055691413466674,3.5000275918626235e-05,0.9474010662372343,4.5437528606633535,nan,0.0473695353430886,nan
19.330000000000002,220.00323486328125,-213.6887664794922,-5.017882823944092,219.00527240994856,-213.6231861354555,-5.018028465282564,1.000114923894834,1.0557490329359873,1.0557490329359873,3.570571933291445e-05,0.9480065703138189,4.677940757875116,nan,nan,nan
19.34,220.00323486328125,-213.68003845214844,-5.017882823944092,219.0051880961985,-213.6146809208236,-5.0163017755446955,1.0001857107053824,1.055806744114075,1.055806744114075,3.5008576732915854e-05,1.0188953894283965,4.742064057413304,nan,2.3484848553093665,nan
19.35,220.00323486328125,-213.6713104248047,-5.017882823944092,219.02773037847936,-213.6094761394254,-5.016190931916377,0.977463728849106,1.055720450145067,1.055720450145067,3.569232799518571e-05,0.9852044521024264,4.6051893527165255,5.283833049209256,nan,nan
19.36,220.00323486328125,-213.66259765625,-5.017882823944092,219.0276822560763,-213.60097610148514,-5.016418282578156,0.977497954124416,1.055777886492399,1.055777886492399,3.499570189939299e-05,0.9663098551077028,4.456613211930637,nan,0.015903717374673623,nan
19.37,220.00323486328125,-213.65386962890625,-5.017882823944092,219.0276344210542,-213.59247625747662,-5.016498118412715,0.9775312201349604,1.0558354142531396,1.0558354142531396,3.570096016239408e-05,0.9587400066881832,4.605102150070039,nan,nan,nan
19.38,220.00323486328125,-213.6451416015625,-5.017882823944092,219.0275866397358,-213.5839764769945,-5.018434501584535,0.9775637743487768,1.0558930335717895,1.0558930335717895,3.500400615584195e-05,0.91373959053575,4.554132439065344,nan,2.4311163990575895,nan
19.39,220.00323486328125,-213.63641357421875,-5.017882823944092,219.02753872922602,-213.57547666267152,-5.018534363278665,0.9775974006219197,1.0559507445928487,1.0559507445928487,3.570960847907787e-05,0.9169452611950893,4.536198214308599,nan,nan,nan
19.400000000000002,220.00323486328125,-213.62770080566406,-5.017882823944092,219.0374974004798,-213.54666509694562,-5.019625963384409,0.9691329484032641,1.0558644512113147,1.0558644512113147,3.499114846853843e-05,0.9763601732309068,4.159444283598994,3.5642456182358124,0.7104476142006083,nan
19.41,220.00323486328125,-213.6189727783203,-5.017882823944092,219.03746516483304,-213.53813293155918,-5.019737227338275,0.9691489204849091,1.055921887421716,1.055921887421716,3.569622075763629e-05,0.9858389407530459,4.264759217345642,nan,nan,nan
19.42,220.00323486328125,-213.61024475097656,-5.017882823944092,219.03743292760535,-213.52960074667513,-5.019107991072302,0.9691637299339951,1.0559794150392618,1.0559794150392618,3.499945297830898e-05,0.9323714083054737,4.20540782858593,nan,0.38801337669332214,nan
19.43,220.00323486328125,-213.6015167236328,-5.017882823944092,219.0374006042637,-213.52106865361486,-5.019213690592324,0.9691797970797978,1.056037034208452,1.056037034208452,3.570487305164724e-05,0.9390715848035294,4.213487971837444,nan,nan,nan
19.44,220.00323486328125,-213.59280395507812,-5.017882823944092,219.03736828827903,-213.51253644525676,-5.020567300642384,0.9691998350467221,1.056094745073787,1.056094745073787,3.500777317068994e-05,1.0952996258077778,4.217560880686811,nan,1.0975513380642312,nan
19.45,220.00323486328125,-213.58407592773438,-5.017882823944092,219.03236991630044,-213.47259732912283,-5.020621786698381,0.9772480366526274,1.0560084522751279,1.0560084522751279,3.5691503465242676e-05,1.1145424698484392,3.941631330915046,7.209971361163999,nan,nan
19.46,220.00323486328125,-213.57534790039062,-5.017882823944092,219.03232982057403,-213.46401520685626,-5.020236544254863,0.9772702341743651,1.0560658883495952,1.0560658883495952,3.4994919373146905e-05,1.06265714477477,3.879223060351099,nan,0.17983234578926047,nan
19.47,220.00323486328125,-213.56661987304688,-5.017882823944092,219.03228975314863,-213.4554330452437,-5.020351770903631,0.9772937190356158,1.0561234158250412,1.0561234158250412,3.5700156285029094e-05,1.075089273349255,3.8740168992967012,nan,nan,nan
19.48,220.00323486328125,-213.5579071044922,-5.017882823944092,219.03224969624247,-213.4468508778052,-5.019782764617168,0.9773173946420045,1.056181034845966,1.056181034845966,3.500324362636415e-05,1.007465839077749,3.7053070787615625,nan,0.3314468884216283,nan
19.490000000000002,220.00323486328125,-213.54917907714844,-5.017882823944092,219.03220958214106,-213.4382688479939,-5.0198930740152825,0.977340890707965,1.0562387455568696,1.0562387455568696,3.570882554050794e-05,1.017500893659203,3.799449061218562,nan,nan,nan
19.5,220.00323486328125,-213.5404510498047,-5.017882823944092,219.0161037692942,-213.4525284117451,-5.020401607592498,0.9910421440435744,1.0561524533365227,1.0561524533365227,3.499040735387789e-05,1.111254368076054,4.11568528302267,6.439481336389734,0.2142811895699284,nan
19.51,220.00323486328125,-213.53172302246094,-5.017882823944092,219.0160381492704,-213.4439831485375,-5.020516449343041,0.9910916070740684,1.0562098892760456,1.0562098892760456,3.5695460193421994e-05,1.1242914219037639,4.1328756335056465,nan,nan,nan
19.52,220.00323486328125,-213.52301025390625,-5.017882823944092,219.01597249713896,-213.43543798749684,-5.020632545896287,0.9911424934971593,1.0562674166104786,1.0562674166104786,3.641481254194472e-05,1.1376602199670287,4.030082249461933,nan,nan,nan
19.53,220.00323486328125,-213.5142822265625,-5.017882823944092,219.01590672413127,-213.42689276538715,-5.020749832259334,0.9911922074040735,1.056325035484322,1.056325035484322,3.7148608899646074e-05,1.1513340160695291,4.158869403844835,nan,nan,nan
19.54,220.00323486328125,-213.50555419921875,-5.017882823944092,219.01584086044858,-213.41834751687568,-5.020551577314078,0.9912411636528028,1.056382746042076,1.056382746042076,3.636571458990796e-05,1.1259603108469702,4.116240945052881,nan,0.06542309992203528,nan
19.55,220.00323486328125,-213.49684143066406,-5.017882823944092,219.00813326834236,-213.40088069604144,-5.020710217517027,0.9997217817941386,1.0562964543955145,1.0562964543955145,3.707442596611785e-05,1.1617941463488863,3.9753690519862808,1.0340995234731816,nan,nan
19.56,220.00323486328125,-213.4881134033203,-5.017882823944092,219.00805523047427,-213.39232118227653,-5.019655202625258,0.999780872237775,1.056353890201076,1.056353890201076,3.629525758307171e-05,1.0327838665100788,3.9559688834209235,nan,0.9021208021168757,nan
19.57,220.00323486328125,-213.47938537597656,-5.017882823944092,219.00797720698696,-213.3837617296359,-5.019762618277783,0.9998425965013773,1.056411417395575,1.056411417395575,3.7025481214299635e-05,1.0417372825219555,3.963541118902526,nan,nan,nan
19.580000000000002,220.00323486328125,-213.4706573486328,-5.017882823944092,219.0078990695396,-213.3752023548702,-5.020473985987386,0.9999058516971822,1.0564690361235118,1.0564690361235118,3.6248986806900594e-05,1.1315869966419134,4.041386112532186,nan,0.23902020078916217,nan
19.59,220.00323486328125,-213.46194458007812,-5.017882823944092,219.00782074614156,-213.36664307995295,-5.0205893183646815,0.9999694823539079,1.0565267465293864,1.0565267465293864,3.697799456508047e-05,1.1445266855260028,3.940310153507499,nan,nan,nan
19.6,220.00323486328125,-213.45321655273438,-5.017882823944092,218.99594096569035,-213.40171891586994,-5.019931280485477,1.0086115203093244,1.056440455452119,1.056440455452119,3.618160200115195e-05,1.0789193613429457,4.736779985930315,15.52582463118759,0.6026457496382416,nan
19.61,220.00323486328125,-213.44448852539062,-5.017882823944092,218.9958434949038,-213.39322898143863,-5.020042569862198,1.0086969685837262,1.0564978911246956,1.0564978911246956,3.690854945632787e-05,1.0894343676969807,4.745407095824456,nan,nan,nan
19.62,220.00323486328125,-213.43576049804688,-5.017882823944092,218.99574581134146,-213.38473929992804,-5.01818198413928,1.0087801752278993,1.0565554181803314,1.0565554181803314,3.613821402989985e-05,0.965641659703709,4.611656095843452,nan,2.5745460296182703,nan
19.63,220.00323486328125,-213.4270477294922,-5.017882823944092,218.99564800634883,-213.376249850953,-5.018275737567423,1.0088666180958463,1.0566130367635265,1.0566130367635265,3.686408937089947e-05,0.9674654726405466,4.474305904812955,nan,nan,nan
19.64,220.00323486328125,-213.41831970214844,-5.017882823944092,218.99555013772743,-213.3677605528194,-5.018897872243574,1.0089528056447414,1.0566707470187808,1.0566707470187808,3.609625377246096e-05,0.9919325391064728,4.656234053149044,nan,0.1843157629187904,nan
19.650000000000002,220.00323486328125,-213.4095916748047,-5.017882823944092,219.02359470818612,-213.39437101050376,-5.018868940960278,0.9797588859119031,1.0565844565063514,1.0565844565063514,3.679788369818872e-05,0.934944638003575,5.1094946501369005,14.775214393080608,nan,nan
19.66,220.00323486328125,-213.40086364746094,-5.017882823944092,219.02354131362648,-213.38593750778037,-5.019971601956198,0.9798094732520751,1.0566418920469132,1.0566418920469132,3.60334506611706e-05,1.0296414592722254,5.206864713231616,nan,0.6693407779449311,nan
19.67,220.00323486328125,-213.39215087890625,-5.017882823944092,219.02348778148865,-213.3775039995235,-5.020082377454547,0.9798590273056655,1.0566994189647483,1.0566994189647483,3.6756466919784424e-05,1.0402257540777562,5.018926344144484,nan,nan,nan
19.68,220.00323486328125,-213.3834228515625,-5.017882823944092,219.0234341566155,-213.36907036118097,-5.02019422655748,0.9799085474394436,1.056757037404357,1.056757037404357,3.749393729793804e-05,1.0511353967312225,5.214908516330821,nan,nan,nan
19.69,220.00323486328125,-213.37469482421875,-5.017882823944092,219.02338041689706,-213.36063646518343,-5.020307060287183,0.9799582901733574,1.0568147475102394,1.0568147475102394,3.8246006295831436e-05,1.0623466884313242,5.209836209163751,nan,nan,nan
19.7,220.00323486328125,-213.365966796875,-5.017882823944092,219.01862474599434,-213.34956174727836,-5.021589194582348,0.9847537488627857,1.056728457558227,1.056728457558227,3.7368096945486536e-05,1.285286254466784,5.378165699754657,0.25364713616527806,0.8970884571988798,nan
19.71,220.00323486328125,-213.3572540283203,-5.017882823944092,219.01856367452115,-213.34112355687807,-5.021715155242183,0.9848107578851695,1.0567858929677374,1.0567858929677374,3.811652370479043e-05,1.3030360191353572,5.1854832100247465,nan,nan,nan
19.72,220.00323486328125,-213.34852600097656,-5.017882823944092,219.0185026429132,-213.33268518784155,-5.021546635372125,0.9848664380036201,1.0568434197488266,1.0568434197488266,3.726961243997054e-05,1.2779519546451976,5.327885326103767,nan,0.05419982469616237,nan
19.73,220.00323486328125,-213.3397979736328,-5.017882823944092,219.01844169014197,-213.3242466335572,-5.021671544410679,0.9849232419039842,1.0569010380459951,1.0569010380459951,3.801550684599847e-05,1.2954271002359379,5.330091091616144,nan,nan,nan
19.740000000000002,220.00323486328125,-213.33106994628906,-5.017882823944092,219.01838081796225,-213.31580795822794,-5.021977538686494,0.9849808046604728,1.056958748003743,1.056958748003743,3.717442627078919e-05,1.368916139044036,5.379814036928915,nan,0.020262527562684415,nan
19.75,220.00323486328125,-213.32235717773438,-5.017882823944092,218.98740435840406,-213.3335957125898,-5.022135694236072,1.015901573091831,1.0568724586077614,1.0568724586077614,3.7893487759178904e-05,1.4538109362344565,5.965190264262505,11.442327513212138,nan,nan
19.76,220.00323486328125,-213.31362915039062,-5.017882823944092,218.9872945175411,-213.32519909624395,-5.020754779337346,1.0160102843364538,1.0569298938871772,1.0569298938871772,3.7059152108414784e-05,1.1992336496837541,5.9192599886447015,nan,1.435063172518939,nan
19.77,220.00323486328125,-213.30490112304688,-5.017882823944092,218.9871847422598,-213.31680232576392,-5.020871275627945,1.0161242138130822,1.0569874205325676,1.0569874205325676,3.779945959253265e-05,1.2131014101489828,5.918465935007761,nan,nan,nan
19.78,220.00323486328125,-213.29617309570312,-5.017882823944092,218.98707496448537,-213.30840545145278,-5.023692450407292,1.0162501277774458,1.0570450386884327,1.0570450386884327,3.697061428782137e-05,1.88993247947222,6.58024594664614,nan,4.615622510784693,nan
19.79,220.00323486328125,-213.28746032714844,-5.017882823944092,218.98696513985905,-213.3000086772525,-5.023837546997539,1.0163646346472353,1.0571027484992725,1.0571027484992725,3.770880153162677e-05,1.9174931697901305,6.359823074365238,nan,nan,nan
19.8,220.00323486328125,-213.2787322998047,-5.017882823944092,218.96792351775701,-213.3095659649195,-5.02390400122823,1.0357878893149415,1.05701645965497,1.05701645965497,3.686223986106782e-05,1.9984666362395047,7.2056583912048975,4.8166619174451135,0.0006380578941650891,nan
19.81,220.00323486328125,-213.27000427246094,-5.017882823944092,218.96778329683673,-213.30119757290373,-5.024049963007382,1.0359396710470905,1.0570738948052423,1.0570738948052423,3.7597506902698235e-05,2.026791108803243,7.200584856400526,nan,nan,nan
19.82,220.00323486328125,-213.2612762451172,-5.017882823944092,218.9676431122265,-213.29282941228763,-5.025953919332439,1.0361037688339299,1.0571314213159726,1.0571314213159726,3.678018300283033e-05,2.7865653499618115,7.9280019946051645,nan,1.9703227864547963,nan
19.830000000000002,220.00323486328125,-213.2525634765625,-5.017882823944092,218.96750289902783,-213.28446136122437,-5.026118983714002,1.0362557653156363,1.0571890393316614,1.0571890393316614,3.751358785683963e-05,2.8239330204177966,7.698313174188865,nan,nan,nan
19.84,220.00323486328125,-213.24383544921875,-5.017882823944092,218.96736256760735,-213.2760932683588,-5.024101885571043,1.036393099440508,1.057246748996809,1.057246748996809,3.670124736783536e-05,2.069740162529105,7.141374593060912,nan,3.0547291615152097,nan
19.85,220.00323486328125,-213.235107421875,-5.017882823944092,218.9959684422504,-213.32586700052008,-5.024131336150402,1.0113663964938464,1.057160460699868,1.057160460699868,3.74092348481401e-05,2.0112160690251892,8.489734148368052,29.764225064375164,nan,nan
19.86,220.00323486328125,-213.22637939453125,-5.017882823944092,218.9958737420571,-213.3175912414846,-5.026383540545225,1.0115178158398008,1.0572178957219405,1.0572178957219405,3.66027317770519e-05,2.9419540734838776,9.384774307474574,nan,2.864149835475731,nan
19.87,220.00323486328125,-213.21766662597656,-5.017882823944092,218.99577915631755,-213.30931556164455,-5.026549144518062,1.0116529217152928,1.057275422099042,1.057275422099042,3.733184205665898e-05,2.979752483116382,9.077477134209788,nan,nan,nan
19.88,220.00323486328125,-213.2089385986328,-5.017882823944092,218.99568472095262,-213.30103990496008,-5.0267057010037535,1.0117893966103975,1.0573330399756729,1.0573330399756729,3.652999443402653e-05,3.099072054709011,9.46518625115836,nan,6.475989549890225e-05,nan
19.89,220.00323486328125,-213.20021057128906,-5.017882823944092,218.99559035589527,-213.29276414157442,-5.026873193799656,1.0119261056953879,1.057390749496333,1.057390749496333,3.7257584168863794e-05,3.137743812646516,9.460605386544026,nan,nan,nan
19.900000000000002,220.00323486328125,-213.1914825439453,-5.017882823944092,218.97424337897863,-213.27069883518251,-5.026436158240616,1.0320716327330577,1.05730446174247,1.05730446174247,3.643781732523639e-05,3.0151629589626125,8.987994771481036,5.243672861821151,0.14177390986496793,nan
19.91,220.00323486328125,-213.18276977539062,-5.017882823944092,218.974115431332,-213.26240109297112,-5.026598334001978,1.0322324893505004,1.0573618966372809,1.0573618966372809,3.716308336639766e-05,3.0515954596018826,8.702252876044241,nan,nan,nan
19.92,220.00323486328125,-213.17404174804688,-5.017882823944092,218.97398743701763,-213.25410314123903,-5.026707677963345,1.0323942895999678,1.057419422881777,1.057419422881777,3.6371052959300764e-05,3.1490973770860897,9.046707860280536,nan,0.0018910460661573964,nan
19.93,220.00323486328125,-213.16531372070312,-5.017882823944092,218.97385938131967,-213.24580508748966,-5.02687118339747,1.0325567943684562,1.057477040620459,1.057477040620459,3.7095011132181185e-05,3.186084639697582,9.041633087461793,nan,nan,nan
19.94,220.00323486328125,-213.15658569335938,-5.017882823944092,218.97373134845816,-213.23750688825933,-5.024573833338963,1.032700584111318,1.057534749997827,1.057534749997827,3.630715464548638e-05,2.241486728969061,8.057819382799826,nan,3.970661991992757,nan
19.95,220.00323486328125,-213.1478729248047,-5.017882823944092,218.9657970790399,-213.20301684729276,-5.0247407922099026,1.0389249443957456,1.0574484627827918,1.0574484627827918,3.700679860573841e-05,2.2915757110331554,7.184948102928085,5.212950796617457,nan,nan
19.96,220.00323486328125,-213.13914489746094,-5.017882823944092,218.9656566170881,-213.1946768965033,-5.026094390063193,1.039095688427707,1.0575058975512723,1.0575058975512723,3.622393017178457e-05,2.8824138452234367,8.010194326228982,nan,0.9654745557776778,nan
19.97,220.00323486328125,-213.1304168701172,-5.017882823944092,218.96551597459828,-213.18633683352536,-5.026249883861235,1.0392581690459093,1.0575634236641789,1.0575634236641789,3.694465429354809e-05,2.9161378348757108,8.01585827759721,nan,nan,nan
19.98,220.00323486328125,-213.12168884277344,-5.017882823944092,218.9653753872938,-213.1779965809902,-5.02434236666803,1.039405877880366,1.057621041266012,1.057621041266012,3.616565397348873e-05,2.1752030583441258,7.247162015988263,nan,2.813881408623587,nan
19.990000000000002,220.00323486328125,-213.11297607421875,-5.017882823944092,218.96523506798843,-213.1696560138721,-5.0244796803812495,1.039567077730867,1.057678750501272,1.057678750501272,3.6885348031596425e-05,2.201556428399175,6.98640903582663,nan,nan,nan
20.0,220.00323486328125,-213.104248046875,-5.017882823944092,218.9423505556589,-213.17835959225334,-5.023968702921067,1.0634872228854757,1.0575924638208478,1.0575924638208478,3.6088110431033e-05,2.0956990805047484,7.855923314352513,5.828655332803121,0.34581127361675346,nan
20.01,220.00323486328125,-213.09552001953125,-5.017882823944092,218.94217403336623,-213.17004604654005,-5.024102243798766,1.063693045321346,1.057649898463923,1.057649898463923,3.680596468406605e-05,2.1206829188573098,7.861882547987983,nan,nan,nan
20.02,220.00323486328125,-213.0867919921875,-5.017882823944092,218.9419975659896,-213.16173269921586,-5.0242367492283915,1.0638990004221853,1.0577074244462483,1.0577074244462483,3.7538194498748865e-05,2.145589671995915,7.867854407748062,nan,nan,nan
20.03,220.00323486328125,-213.0780792236328,-5.017882823944092,218.94182122397467,-213.15341945179853,-5.024372193508419,1.064103930827925,1.057765041912324,1.057765041912324,3.8284944375281454e-05,2.170401254061555,7.592910218197271,nan,nan,nan
20.04,220.00323486328125,-213.06935119628906,-5.017882823944092,218.94164498096285,-213.14510632531895,-5.024853739257037,1.0643122246199335,1.0578227510066496,1.0578227510066496,3.7422777483388503e-05,2.3693004818647827,8.054967458415156,nan,0.07334706981033359,nan
20.05,220.00323486328125,-213.0606231689453,-5.017882823944092,218.93280481370095,-213.13061249582248,-5.024937016537649,1.0727389051182674,1.0577364648566532,1.0577364648566532,3.8142402127693735e-05,2.392534755780633,7.981556854941328,0.9214356949363828,nan,nan
20.06,220.00323486328125,-213.05189514160156,-5.017882823944092,218.93261454803638,-213.12228961429858,-5.025755773106898,1.0729609613261,1.0577938993752423,1.0577938993752423,3.7288478620244884e-05,2.75055177991579,8.31601263220658,nan,0.2853847836260025,nan
20.07,220.00323486328125,-213.04318237304688,-5.017882823944092,218.9324242216849,-213.11396677522214,-5.025903977650352,1.0731776184090318,1.0578514252279867,1.0578514252279867,3.802916131421516e-05,2.7804958474460495,8.054823603056843,nan,nan,nan
20.080000000000002,220.00323486328125,-213.03445434570312,-5.017882823944092,218.93223377713835,-213.1056439524511,-5.025984366204026,1.0733950445270326,1.0579090425593867,1.0579090425593867,3.7182121710712686e-05,2.8542754318705086,8.372671269547036,nan,0.002955930905402267,nan
20.09,220.00323486328125,-213.02572631835938,-5.017882823944092,218.9320430912189,-213.09732104626423,-5.02613387100344,1.0736133835675767,1.0579667515139424,1.0579667515139424,3.792048205860989e-05,2.884757030379834,8.375946942430062,nan,nan,nan
20.1,220.00323486328125,-213.01699829101562,-5.017882823944092,218.92976506846801,-213.07912417986344,-5.02592335594731,1.0752960878736586,1.0578804658902228,1.0578804658902228,3.705703686400588e-05,2.8375494057582475,8.107373235680965,0.8202068218825658,0.10783486677943993,nan
20.11,220.00323486328125,-213.00828552246094,-5.017882823944092,218.92957126899177,-213.07078556943654,-5.026071774252903,1.0755123562664115,1.0579379002852385,1.0579379002852385,3.779229780438678e-05,2.8677220917945823,7.858542533910992,nan,nan,nan
20.12,220.00323486328125,-212.9995574951172,-5.017882823944092,218.9293777655165,-213.06244697624626,-5.025632244212532,1.075724967996421,1.0579954260093951,1.0579954260093951,3.695933168748734e-05,2.7185487613780426,7.936505498418057,nan,0.21915480610120658,nan
20.13,220.00323486328125,-212.99082946777344,-5.017882823944092,218.92918419438172,-213.0541084246238,-5.025776884964887,1.075942090422621,1.0580530432071928,1.0580530432071928,3.769257211804638e-05,2.747350024426182,7.951637347773936,nan,nan,nan
20.14,220.00323486328125,-212.9821014404297,-5.017882823944092,218.92899047117604,-213.04576989152565,-5.0268398499525535,1.0761667686512981,1.0581107520231319,1.0581107520231319,3.686574529331705e-05,3.2706843737271587,8.447719400374925,nan,0.534384519090476,nan
20.150000000000002,220.00323486328125,-212.973388671875,-5.017882823944092,218.9305248781746,-213.03081216002906,-5.027001563560407,1.074284562186151,1.0580244669215708,1.0580244669215708,3.757344892969343e-05,3.303752411327939,8.037105217296743,0.3263615660988915,nan,nan
20.16,220.00323486328125,-212.96466064453125,-5.017882823944092,218.93033390856792,-213.02246276159983,-5.024849242671095,1.0744794434293616,1.0580819011939195,1.0580819011939195,3.675355191274732e-05,2.4115287697755017,7.366423590965399,nan,3.40702730882016,nan
20.17,220.00323486328125,-212.9559326171875,-5.017882823944092,218.93014278193198,-213.01411324828192,-5.0249840555304806,1.0746915968681912,1.058139426790474,1.058139426790474,3.748223847238963e-05,2.4368253210201534,7.362079602901808,nan,nan,nan
20.18,220.00323486328125,-212.9472198486328,-5.017882823944092,218.92995160930315,-213.00576369458108,-5.024216394663235,1.0748974087261984,1.0581970438557344,1.0581970438557344,3.666801447134149e-05,2.1858046177622237,6.834979779304183,nan,0.5238441348799545,nan
20.19,220.00323486328125,-212.93849182128906,-5.017882823944092,218.92976045803496,-212.9974141251834,-5.024344083059769,1.0751097081156173,1.0582547525342008,1.0582547525342008,3.7395076012865114e-05,2.208593838741519,7.097196372952309,nan,nan,nan
20.2,220.00323486328125,-212.9297637939453,-5.017882823944092,218.94212841718388,-213.01650587867152,-5.021935847646211,1.064653702484131,1.0581684679507122,1.0581684679507122,3.6563925708039265e-05,1.5204311416677938,7.033465327037527,6.640425422150243,3.873416043908637,nan
20.21,220.00323486328125,-212.92103576660156,-5.017882823944092,218.94195700216466,-213.0081999702625,-5.022040014226966,1.0648594175416324,1.0582259021012947,1.0582259021012947,3.728857520568879e-05,1.5349907343243332,7.037166057105737,nan,nan,nan
20.22,220.00323486328125,-212.91232299804688,-5.017882823944092,218.94178557996443,-212.9998940534477,-5.021224625022313,1.0650607674833612,1.0582834275712252,1.0582834275712252,3.648602147591226e-05,1.3779507654370482,6.589212002617287,nan,0.549618227468529,nan
20.23,220.00323486328125,-212.90359497070312,-5.017882823944092,218.9416140997713,-212.99158818475297,-5.021321689216961,1.065266763317356,1.058341044505004,1.058341044505004,3.7209287845531796e-05,1.3900449769482484,6.878924916544255,nan,nan,nan
20.240000000000002,220.00323486328125,-212.89486694335938,-5.017882823944092,218.94144270151295,-212.9832822766194,-5.021011032245838,1.065471563034533,1.0583987530471315,1.0583987530471315,3.641174548609484e-05,1.3413332315619966,6.822923818272855,nan,0.10885550591918476,nan
20.25,220.00323486328125,-212.88613891601562,-5.017882823944092,218.92160901529343,-213.01278224512814,-5.02106231978169,1.0890193373112609,1.0583124689776617,1.0583124689776617,3.711068295630253e-05,1.3930141793034696,8.28875566812229,12.68665665585499,nan,nan
20.26,220.00323486328125,-212.87742614746094,-5.017882823944092,218.9214064928537,-213.00453630724763,-5.021793124969951,1.0892772403006772,1.058369903007372,1.058369903007372,3.63189147442917e-05,1.5420779695307312,8.103847889701894,nan,0.26454022452302695,nan
20.27,220.00323486328125,-212.8686981201172,-5.017882823944092,218.92120373587332,-212.99629041472653,-5.021895444780393,1.0895353392383973,1.0584274283516495,1.0584274283516495,3.7038834987819935e-05,1.5562516192650586,8.432429229240501,nan,nan,nan
20.28,220.00323486328125,-212.85997009277344,-5.017882823944092,218.92100089737454,-212.98804435929415,-5.022129445587774,1.0897942046562592,1.0584850451549945,1.0584850451549945,3.625166768140919e-05,1.6194735521438597,8.4783844949701,nan,0.011215156207867196,nan
20.29,220.00323486328125,-212.8512420654297,-5.017882823944092,218.92079811491138,-212.9797981583906,-5.022235178520522,1.0900527171881524,1.058542753561907,1.058542753561907,3.6970517930529994e-05,1.634863736197941,8.487098290337642,nan,nan,nan
20.3,220.00323486328125,-212.842529296875,-5.017882823944092,218.91874779306082,-212.96972900561315,-5.021915556242307,1.0919286763832872,1.058456470002434,1.058456470002434,3.616585227883326e-05,1.5761204168423224,8.110397945537706,0.046755349932057995,0.12020682480683932,nan
20.31,220.00323486328125,-212.83380126953125,-5.017882823944092,218.91854206759544,-212.96148005323758,-5.0220192557522685,1.0921892889465323,1.0585139039121603,1.0585139039121603,3.688283365304411e-05,1.5908231490047693,8.44133842994484,nan,nan,nan
20.32,220.00323486328125,-212.8250732421875,-5.017882823944092,218.91833638337604,-212.95323114464807,-5.023380691103039,1.0924556678451616,1.0585714291317483,1.0585714291317483,3.610522567692202e-05,1.964575148677564,8.801270661382738,nan,1.0465539112554993,nan
20.330000000000002,220.00323486328125,-212.81634521484375,-5.017882823944092,218.91813071028585,-212.94498208581638,-5.023498736750799,1.092716800409943,1.0586290458056982,1.0586290458056982,3.6821327888128045e-05,1.9843997968480958,8.796931783760517,nan,nan,nan
20.34,220.00323486328125,-212.80763244628906,-5.017882823944092,218.91792510715985,-212.93673309951885,-5.021341615005322,1.0929667006054047,1.0586867540785103,1.0586867540785103,3.6047740143753356e-05,1.4602173207002105,7.944981058387091,nan,3.444408993268573,nan
20.35,220.00323486328125,-212.7989044189453,-5.017882823944092,218.88920577174235,-212.892822112563,-5.021439670044696,1.1179865836062743,1.0586004710250434,1.0586004710250434,3.67404158334728e-05,1.5250311240241778,7.638557811213202,14.469530811917798,nan,nan
20.36,220.00323486328125,-212.79017639160156,-5.017882823944092,218.88895487904423,-212.8845163451277,-5.021749122023395,1.1182731590999562,1.058657904815668,1.058657904815668,3.59715968077056e-05,1.596788686921958,7.707266813258987,nan,0.029695385435215292,nan
20.37,220.00323486328125,-212.7814483642578,-5.017882823944092,218.88870398275643,-212.87621050478847,-5.021850941522627,1.118559204011353,1.058715429911523,1.058715429911523,3.668530095334897e-05,1.6109878308441279,7.716996771763007,nan,nan,nan
20.38,220.00323486328125,-212.77273559570312,-5.017882823944092,218.88845316855026,-212.8679045884284,-5.02412600286726,1.1188540304108994,1.0587730464571083,1.0587730464571083,3.5920145357681426e-05,2.2674168276619637,8.085964431024273,nan,3.1596128549221434,nan
20.39,220.00323486328125,-212.76400756835938,-5.017882823944092,218.8882024950678,-212.85959871011943,-5.0242513463494305,1.1191404767161004,1.0588307545969244,1.0588307545969244,3.663321361148647e-05,2.2899865584959276,8.369622085135969,nan,nan,nan
20.400000000000002,220.00323486328125,-212.75527954101562,-5.017882823944092,218.89344148326714,-212.84829096254134,-5.025567544220202,1.113710701117261,1.0587444720455041,1.0587444720455041,3.5849975958152844e-05,2.8187541696166885,8.748032316536737,0.30488693798522065,0.9082302327372971,nan
20.41,220.00323486328125,-212.74655151367188,-5.017882823944092,218.89319953424044,-212.8399804043847,-5.025706538251558,1.1139877018370261,1.0588019057179028,1.0588019057179028,3.6561596918934005e-05,2.8461668618667435,8.767297240841671,nan,nan,nan
20.42,220.00323486328125,-212.7378387451172,-5.017882823944092,218.89295754551952,-212.8316700007112,-5.024948301216212,1.1142575769684533,1.0588594306909735,1.0588594306909735,3.5804168318818286e-05,2.5667850726311343,8.192996628268974,nan,0.5441024537983533,nan
20.43,220.00323486328125,-212.72911071777344,-5.017882823944092,218.89271548962626,-212.82335968107333,-5.025080809219388,1.1145348614279456,1.0589170471092166,1.0589170471092166,3.6515301205562017e-05,2.591909399833992,8.488022484442396,nan,nan,nan
20.44,220.00323486328125,-212.7203826904297,-5.017882823944092,218.8924734242585,-212.81504937955268,-5.024883939292051,1.1148101955335357,1.058974755117132,1.058974755117132,3.5761032743675534e-05,2.5441865194674387,8.410135925174878,nan,0.07377301766933446,nan
20.45,220.00323486328125,-212.71165466308594,-5.017882823944092,218.89289786790164,-212.7942197656138,-5.024982618028061,1.113425186772823,1.05888847306383,1.05888847306383,3.644939817571484e-05,2.5536561541169576,8.072593841009045,1.1382111683978229,nan,nan
20.46,220.00323486328125,-212.70294189453125,-5.017882823944092,218.89265673848482,-212.78588964065554,-5.024072174971637,1.1136886494571108,1.0589459066188733,1.0589459066188733,3.569903384483819e-05,2.2443092854107407,7.48184504472601,nan,0.7363515428793729,nan
20.47,220.00323486328125,-212.6942138671875,-5.017882823944092,218.89241581778768,-212.7775595808236,-5.024194408423652,1.1139592882647922,1.059003431470102,1.059003431470102,3.640849838643582e-05,2.2658722666759417,7.744677123067652,nan,nan,nan
20.48,220.00323486328125,-212.68548583984375,-5.017882823944092,218.89217503083444,-212.76922955526362,-5.0258890765359086,1.1142401272749192,1.0590610477620166,1.0590610477620166,3.56609881272802e-05,2.969718316103733,8.433126753652996,nan,1.678570086605949,nan
20.490000000000002,220.00323486328125,-212.6767578125,-5.017882823944092,218.8919342206323,-212.7608995567165,-5.026028627145771,1.1145112406708064,1.059118755639117,1.059118755639117,3.6370149318167666e-05,2.99714938844969,8.436615833069766,nan,nan,nan
20.5,220.00323486328125,-212.6680450439453,-5.017882823944092,218.83163655600438,-212.7231228173847,-5.024382213026853,1.1729102253793806,1.059032474080036,1.059032474080036,3.5603990207778286e-05,2.4854350565528485,8.002302422458563,31.27700778953794,2.0047855490432904,nan
20.51,220.00323486328125,-212.65931701660156,-5.017882823944092,218.83130023613575,-212.714746188779,-5.024505246313547,1.1732634060214213,1.059089907518588,1.059089907518588,3.6312024339572906e-05,2.5074711542054695,8.234103026944794,nan,nan,nan
20.52,220.00323486328125,-212.6505889892578,-5.017882823944092,218.83096393435426,-212.706369544115,-5.023127554654089,1.1736090099806444,1.0591474322489098,1.0591474322489098,3.557067038530412e-05,2.073725694928692,7.785882285358204,nan,1.5405841880415803,nan
20.53,220.00323486328125,-212.64186096191406,-5.017882823944092,218.83062769229522,-212.69799275926613,-5.023237791786878,1.1739621083333238,1.0592050484155013,1.0592050484155013,3.627851322332337e-05,2.0915567038251224,7.788298688279123,nan,nan,nan
20.54,220.00323486328125,-212.63314819335938,-5.017882823944092,218.8302913360498,-212.68961583828988,-5.021813599725576,1.1743085471869699,1.0592627561628631,1.0592627561628631,3.5539582846691165e-05,1.7365894264824382,7.196951946831556,nan,1.6137002707868848,nan
20.55,220.00323486328125,-212.62442016601562,-5.017882823944092,218.82043859595453,-212.7368849783231,-5.022003923445885,1.1881381769266095,1.0591764750941361,1.0591764750941361,3.6225125765634336e-05,1.8016167564948904,9.282936305583505,22.512237937990772,nan,nan
20.56,220.00323486328125,-212.61569213867188,-5.017882823944092,218.82008713126686,-212.72859650507962,-5.021697191422557,1.188528712789048,1.059233908417055,1.059233908417055,3.548936544013662e-05,1.7435571244627732,9.211127797476474,nan,0.11347430967580857,nan
20.57,220.00323486328125,-212.60696411132812,-5.017882823944092,218.8197357244228,-212.72030786236712,-5.021794109309381,1.1889206515707826,1.0592914330273975,1.0592914330273975,3.6196088443944595e-05,1.7570451976999824,9.21239845451885,nan,nan,nan
20.580000000000002,220.00323486328125,-212.59825134277344,-5.017882823944092,218.81938430913073,-212.71201920653934,-5.0195721625936205,1.1893057282521733,1.0593490490696638,1.0593490490696638,3.5462492923807566e-05,1.4156778668914498,8.575838347000175,nan,3.69996392213792,nan
20.59,220.00323486328125,-212.5895233154297,-5.017882823944092,218.81903294952974,-212.7037306547551,-5.019648223766334,1.189697695015443,1.059406756688354,1.059406756688354,3.6169160999352825e-05,1.4221778368907236,8.862945769226396,nan,nan,nan
20.6,220.00323486328125,-212.58079528808594,-5.017882823944092,218.79794089318534,-212.68287148381683,-5.019444746666819,1.2096096658373061,1.0593204761061443,1.0593204761061443,3.5416386821746585e-05,1.450102002406293,9.03718260279302,4.121746974985091,0.04317248000418501,nan
20.61,220.00323486328125,-212.5720672607422,-5.017882823944092,218.79755667281512,-212.67456308721637,-5.019519424662384,1.2100280872245157,1.0593779093142828,1.0593779093142828,3.612216477783646e-05,1.4562492301623464,9.042635720370978,nan,nan,nan
20.62,220.00323486328125,-212.5633544921875,-5.017882823944092,218.79717238263927,-212.66625464989642,-5.020256352820958,1.2104465222834606,1.0594354338055672,1.0594354338055672,3.53933974591455e-05,1.5421493357457858,8.843325916305654,nan,0.3018147602621519,nan
20.63,220.00323486328125,-212.55462646484375,-5.017882823944092,218.79678811654654,-212.6579462394766,-5.020339433675379,1.2108652953439223,1.0594930497244974,1.0594930497244974,3.60992032794615e-05,1.5510350547790228,9.121682156987374,nan,nan,nan
20.64,220.00323486328125,-212.5458984375,-5.017882823944092,218.79640387455194,-212.64963770296978,-5.021205846825544,1.2112860574771926,1.0595507572155742,1.0595507572155742,3.537223778679694e-05,1.6969198418804692,9.265792212539193,nan,0.42282332780162524,nan
20.650000000000002,220.00323486328125,-212.53717041015625,-5.017882823944092,218.76870188667033,-212.64748684909227,-5.021256453273874,1.2394566424099727,1.0594644771160748,1.0594644771160748,3.605606279292937e-05,1.7656746186211458,10.257032420606286,5.524409711622862,nan,nan
20.66,220.00323486328125,-212.52845764160156,-5.017882823944092,218.76827432714006,-212.63918799666592,-5.022295586213501,1.239922662842185,1.059521910210279,1.059521910210279,3.5331652826639505e-05,2.0021550629118474,10.19880335462605,nan,0.6198190457468917,nan
20.67,220.00323486328125,-212.5197296142578,-5.017882823944092,218.76784681533778,-212.63088912300296,-5.022399096174694,1.2403872226449728,1.059579434583419,1.059579434583419,3.603673926596199e-05,2.0180267908003575,10.480872863114824,nan,nan,nan
20.68,220.00323486328125,-212.51100158691406,-5.017882823944092,218.76741937034782,-212.62259025658776,-5.022942167118296,1.2408535613549192,1.059637050379995,1.059637050379995,3.531391582863712e-05,2.1778775296584003,10.632443596816447,nan,0.13331978462488384,nan
20.69,220.00323486328125,-212.5022735595703,-5.017882823944092,218.76699188803116,-212.61429147431278,-5.023052115845718,1.241318423555059,1.0596947577445068,1.0596947577445068,3.6019127241078895e-05,2.1959177067107274,10.634527477657569,nan,nan,nan
20.7,220.00323486328125,-212.49356079101562,-5.017882823944092,218.78154755854686,-212.593068326129,-5.023464385909268,1.2257458031449617,1.059608478123941,1.059608478123941,3.527664557892813e-05,2.3010317522285773,9.74731523722694,2.7245083921844873,0.05791177266718098,nan
20.71,220.00323486328125,-212.48483276367188,-5.017882823944092,218.78114355927522,-212.58474877165435,-5.023579458039652,1.2261822114263143,1.0596659111050521,1.0596659111050521,3.5981136509709474e-05,2.3207413529587697,10.02217689892073,nan,nan,nan
20.72,220.00323486328125,-212.47610473632812,-5.017882823944092,218.7807395147178,-212.57642907789543,-5.023851565963959,1.226619532149842,1.059723435360955,1.059723435360955,3.5262035182828895e-05,2.430084869693777,10.106316427418685,nan,0.01694460744236812,nan
20.73,220.00323486328125,-212.46737670898438,-5.017882823944092,218.7803355094914,-212.56810938581324,-5.023970037942681,1.2270562154420583,1.0597810510361496,1.0597810510361496,3.5966710376781414e-05,2.450934310144511,10.11017690941979,nan,nan,nan
20.740000000000002,220.00323486328125,-212.4586639404297,-5.017882823944092,218.77993143468376,-212.55978979813594,-5.022752904641023,1.2274858187373052,1.0598387582751365,1.0598387582751365,3.5248894300644395e-05,2.094492453760096,9.467822229999133,nan,1.2432976197191086,nan
20.75,220.00323486328125,-212.44993591308594,-5.017882823944092,218.74429627580776,-212.56929391347012,-5.0230758296547675,1.2645946649396314,1.0597524791297572,1.0597524791297572,3.59317950639568e-05,2.2595196653825838,11.525058986213566,12.936338247189482,nan,nan
20.76,220.00323486328125,-212.4412078857422,-5.017882823944092,218.74383608694686,-212.56100255619597,-5.0249160650647715,1.2651029631545252,1.05980991199861,1.05980991199861,3.521602813461442e-05,2.914774270549712,12.159100117465321,nan,2.0811452681190703,nan
20.77,220.00323486328125,-212.4324951171875,-5.017882823944092,218.74337592814982,-212.55271115039417,-5.0250467363404585,1.2656017354252007,1.0598674361381757,1.0598674361381757,3.592026566644446e-05,2.9399889878383263,11.863788696702194,nan,nan,nan
20.78,220.00323486328125,-212.42376708984375,-5.017882823944092,218.7429158326688,-212.54441974843712,-5.023682174495389,1.2660942916767046,1.0599250516929548,1.0599250516929548,3.520560805947916e-05,2.4676500120581335,11.658549379170799,nan,1.561990077343062,nan
20.79,220.00323486328125,-212.4150390625,-5.017882823944092,218.74245568127867,-212.53612829642614,-5.02379996267409,1.2665945526784266,1.0599827588074475,1.0599827588074475,3.591009573987975e-05,2.488451296010118,11.652990948822573,nan,nan,nan
20.8,220.00323486328125,-212.40631103515625,-5.017882823944092,218.71643990980448,-212.49976876462844,-5.024208281145314,1.2901998337080147,1.0598964801335367,1.0598964801335367,3.5175358266656435e-05,2.7079917602930106,11.884287861778839,10.263897861790081,0.094238978656814,nan
20.81,220.00323486328125,-212.39759826660156,-5.017882823944092,218.71593916884072,-212.49143274360773,-5.024330032337364,1.29072719057755,1.0599539128909603,1.0599539128909603,3.587924181599258e-05,2.7302162282907236,11.629738431999048,nan,nan,nan
20.82,220.00323486328125,-212.3888702392578,-5.017882823944092,218.71543830061384,-212.4830966065114,-5.025310303871752,1.2912605324108215,1.0600114369150828,1.0600114369150828,3.516740052920799e-05,3.1416163796153604,12.278266014694209,nan,0.5141545025281278,nan
20.830000000000002,220.00323486328125,-212.38014221191406,-5.017882823944092,218.71493722599516,-212.47476043860152,-5.02544272040363,1.2917896744799,1.0600690523504044,1.0600690523504044,3.587157505712192e-05,3.16734839568604,12.294577343743665,nan,nan,nan
20.84,220.00323486328125,-212.3714141845703,-5.017882823944092,218.7144360616392,-212.46642440875294,-5.0260989564429055,1.2923222503100686,1.060126759341425,1.060126759341425,3.516059730901348e-05,3.495211021445625,12.603622358646216,nan,0.19105773636100684,nan
20.85,220.00323486328125,-212.36270141601562,-5.017882823944092,218.69794010525908,-212.41720113070184,-5.026260587962145,1.3064588823039858,1.0600404811352935,1.0600404811352935,3.584312037617096e-05,3.5682640097173692,12.01536738167179,13.400640755546297,nan,nan
20.86,220.00323486328125,-212.35397338867188,-5.017882823944092,218.69741383110664,-212.40880007705127,-5.026095071303313,1.3069973124818939,1.0600979137821116,1.0600979137821116,3.513378181833137e-05,3.530885309650026,12.163789401613409,nan,0.0659076502929738,nan
20.87,220.00323486328125,-212.34524536132812,-5.017882823944092,218.69688764328157,-212.40039910328588,-5.026234016787593,1.3075376617423846,1.0601554376916775,1.0601554376916775,3.5837707269300936e-05,3.5586421683397984,12.154860634893167,nan,nan,nan
20.88,220.00323486328125,-212.33651733398438,-5.017882823944092,218.69636153854077,-212.39199803744685,-5.025687824081566,1.3080737415765489,1.0602130530084914,1.0602130530084914,3.512909138655441e-05,3.347941863746923,11.906141866227676,nan,0.32970155437993554,nan
20.89,220.00323486328125,-212.3278045654297,-5.017882823944092,218.69583540649774,-212.38359678312935,-5.025821464536302,1.3086134391668636,1.0602707598770533,1.0602707598770533,3.5833349460623e-05,3.3738180212483893,11.684904066980975,nan,nan,nan
20.900000000000002,220.00323486328125,-212.31907653808594,-5.017882823944092,218.6673573492865,-212.3656548657544,-5.026067779939809,1.3367143548678695,1.0601844821350412,1.0601844821350412,3.510429315020507e-05,3.59372226798389,12.987603584142171,6.783688770298973,0.00020455446782242755,nan
20.91,220.00323486328125,-212.3103485107422,-5.017882823944092,218.66678666568785,-212.35723838733813,-5.026205394906313,1.3372964183625287,1.0602419146720719,1.0602419146720719,3.5808022261115274e-05,3.621031719588225,12.981505793191548,nan,nan,nan
20.92,220.00323486328125,-212.30162048339844,-5.017882823944092,218.66621617610747,-212.3488219068664,-5.026989130146969,1.3378826065996836,1.0602994384679614,1.0602994384679614,3.5101494756317236e-05,4.050487664654257,13.388922008522965,nan,0.2920193086551437,nan
20.93,220.00323486328125,-212.29290771484375,-5.017882823944092,218.66564585315268,-212.34040541385474,-5.027135407986329,1.33846404574031,1.06035705366721,1.06035705366721,3.580558319918945e-05,4.080407892676413,13.177956585755467,nan,nan,nan
20.94,220.00323486328125,-212.2841796875,-5.017882823944092,218.6650756406428,-212.3319888891575,-5.025819258764242,1.3390365237337967,1.0604147604143177,1.0604147604143177,3.509958163089918e-05,3.4853289221483785,12.759476475531061,nan,1.5035410983275814,nan
20.95,220.00323486328125,-212.27545166015625,-5.017882823944092,218.64879428073684,-212.3294156760537,-5.026006371757371,1.3555395230992364,1.060328483132794,1.060328483132794,3.5782081884044146e-05,3.577155258436524,13.642201050793732,2.07989839999838,nan,nan
20.96,220.00323486328125,-212.2667236328125,-5.017882823944092,218.64819910852069,-212.32100868745934,-5.027984642340495,1.3561603189049798,1.0603859155608493,1.0603859155608493,3.507739412690313e-05,4.643527133049761,14.686133811043735,nan,2.3864248069213234,nan
20.97,220.00323486328125,-212.2580108642578,-5.017882823944092,218.64760378683704,-212.31260180170096,-5.028139561101376,1.3567685825258955,1.0604434392439357,1.0604434392439357,3.578135092813508e-05,4.675895582241711,14.470703101500511,nan,nan,nan
20.98,220.00323486328125,-212.24928283691406,-5.017882823944092,218.64700831209768,-212.30419489084085,-5.028199816978596,1.3573769675911722,1.0605010543265538,1.0605010543265538,3.5077078912248104e-05,4.771729791944428,14.748615472843872,nan,0.006418679227348151,nan
20.990000000000002,220.00323486328125,-212.2405548095703,-5.017882823944092,218.64641267636986,-212.2957878576383,-5.028355604013032,1.3579863090680446,1.0605587609532034,1.0605587609532034,3.57814184070111e-05,4.803975892170653,14.744955321778331,nan,nan,nan
21.0,220.00323486328125,-212.23182678222656,-5.017882823944092,218.69241952834784,-212.3177222095321,-5.027015164776088,1.313658352227723,1.0604724841285647,1.0604724841285647,3.5056406032154016e-05,4.006226336548295,13.031930732792453,21.469373702256284,1.6017595632398096,nan
21.01,220.00323486328125,-212.22311401367188,-5.017882823944092,218.69189795138118,-212.3093633230138,-5.027158115647213,1.3142029793413768,1.0605299164484512,1.0605299164484512,3.5760260817746296e-05,4.034244211960336,12.774537186394323,nan,nan,nan
21.02,220.00323486328125,-212.21438598632812,-5.017882823944092,218.69137640422747,-212.30100420615793,-5.025052850243479,1.3147344758066466,1.0605874400196016,1.0605874400196016,3.5057504373097385e-05,3.0961611020576987,12.057879936220493,nan,3.560283143677363,nan
21.03,220.00323486328125,-212.20565795898438,-5.017882823944092,218.69085497976698,-212.29264500815168,-5.025175424803557,1.3152797753341507,1.060645054986516,1.060645054986516,3.5761758099592574e-05,3.1181159155628393,12.046060264917164,nan,nan,nan
21.04,220.00323486328125,-212.19692993164062,-5.017882823944092,218.69033370419135,-212.28428573592376,-5.02410316376912,1.3158188259441745,1.060702761493695,1.060702761493695,3.505926318224658e-05,2.7358928584953004,11.641230415516933,nan,1.0061387558365504,nan
21.05,220.00323486328125,-212.18821716308594,-5.017882823944092,218.68279855799565,-212.29717159891456,-5.0241840443984565,1.324938795107995,1.0606164851223665,1.0606164851223665,3.574195112134487e-05,2.76598703366459,12.261742579322144,3.5203998270884593,nan,nan
21.06,220.00323486328125,-212.1794891357422,-5.017882823944092,218.6822659449066,-212.2888457579678,-5.028097050504226,1.3255270968791013,1.0606739173348851,1.0606739173348851,3.504051748340061e-05,4.633838950728936,14.378208128484564,nan,10.17149978618218,nan
21.07,220.00323486328125,-212.17076110839844,-5.017882823944092,218.68173330738486,-212.28051976541664,-5.0282490395680215,1.32609229824073,1.06073144079496,1.06073144079496,3.574470436246297e-05,4.66401202002348,14.373252820701293,nan,nan,nan
21.080000000000002,220.00323486328125,-212.1620330810547,-5.017882823944092,218.68120074937846,-212.2721937464699,-5.029864637801918,1.326669941768025,1.060789055647091,1.060789055647091,3.5043448353625165e-05,5.75579610885589,15.441025650491962,nan,1.5064829188830289,nan
21.09,220.00323486328125,-212.1533203125,-5.017882823944092,218.68066813341403,-212.26386773781914,-5.030033420809005,1.327234389699323,1.0608467620357782,1.0608467620357782,3.5748044227419325e-05,5.790307389412978,15.1780996153817,nan,nan,nan
21.1,220.00323486328125,-212.14459228515625,-5.017882823944092,218.68760774069716,-212.23604566674118,-5.029837768142902,1.3188560828888822,1.0607604861142133,1.0607604861142133,3.5025805374829765e-05,5.720054477527928,14.64993326667401,3.1143794843463675,0.11880545656990993,nan
21.11,220.00323486328125,-212.1358642578125,-5.017882823944092,218.68708709775598,-212.22768860560083,-5.0300052812995215,1.3194027457589492,1.0608179182201596,1.0608179182201596,3.5729938408794325e-05,5.753790284289709,14.640366427363167,nan,nan,nan
21.12,220.00323486328125,-212.12713623046875,-5.017882823944092,218.68656650798064,-212.21933157843972,-5.0275963099016465,1.3199279873716372,1.0608754415700123,1.0608754415700123,3.5029757881037346e-05,4.335624918038223,13.187185714079442,nan,4.682152225062904,nan
21.13,220.00323486328125,-212.11842346191406,-5.017882823944092,218.68604595286297,-212.2109747123609,-5.027739746880757,1.3204732176829448,1.060933056308272,1.060933056308272,3.5734308712223916e-05,4.36233979949519,12.93871748186228,nan,nan,nan
21.14,220.00323486328125,-212.1096954345703,-5.017882823944092,218.68552535949868,-212.20261793758849,-5.02693034126764,1.3210127877866211,1.0609907625794386,1.0609907625794386,3.5034187716146904e-05,3.9811879154683982,12.776546068943217,nan,0.6409269974843501,nan
21.150000000000002,220.00323486328125,-212.10096740722656,-5.017882823944092,218.68227641244596,-212.1863442131651,-5.027146667720968,1.3237470478255904,1.0609044871041178,1.0609044871041178,3.5717168893346625e-05,4.054361293965661,12.806077987480599,0.7823885039625125,nan,nan
21.16,220.00323486328125,-212.0922393798828,-5.017882823944092,218.68175147592774,-212.17797459628702,-5.02827709444335,1.3243024243889285,1.0609619191042818,1.0609619191042818,3.501791814555556e-05,4.738206812444661,13.465497356761967,nan,0.6942802943699613,nan
21.17,220.00323486328125,-212.08352661132812,-5.017882823944092,218.68122656935196,-212.16960513187294,-5.028426300384934,1.3248496540409656,1.0610194423447603,1.0610194423447603,3.5722429514149326e-05,4.766085873353079,13.232732032630297,nan,nan,nan
21.18,220.00323486328125,-212.07479858398438,-5.017882823944092,218.68070160196578,-212.16123575735742,-5.027930858593426,1.3253929889760132,1.0610770569700534,1.0610770569700534,3.502317647111941e-05,4.538203515533117,13.217394455655086,nan,0.2939685505594278,nan
21.19,220.00323486328125,-212.06607055664062,-5.017882823944092,218.6801765313013,-212.15286638941876,-5.028075632101173,1.325941461659355,1.0611347631246617,1.0611347631246617,3.572810643694979e-05,4.564621065720159,13.219607222850538,nan,nan,nan
21.2,220.00323486328125,-212.05734252929688,-5.017882823944092,218.67051984784996,-212.14513557882398,-5.026397696280407,1.3356307255196689,1.0610484880920936,1.0610484880920936,3.500768040645582e-05,3.7522633523929594,12.773086497211816,0.6568150433508134,2.241532925672718,nan
21.21,220.00323486328125,-212.0486297607422,-5.017882823944092,218.66998020399453,-212.1367673194635,-5.0265256667892455,1.3361926936260187,1.0611059199872597,1.0611059199872597,3.5712153931587935e-05,3.774213397859408,12.534251718804093,nan,nan,nan
21.22,220.00323486328125,-212.03990173339844,-5.017882823944092,218.66944048225525,-212.1283990793584,-5.024407574670447,1.3367429833257085,1.0611634431192047,1.0611634431192047,3.501364744230392e-05,2.89972859817303,11.88351741024612,nan,3.562780416396966,nan
21.23,220.00323486328125,-212.0311737060547,-5.017882823944092,218.66890069301564,-212.12003059702224,-5.024515407776186,1.3373059545889685,1.061221057632429,1.061221057632429,3.571854334477161e-05,2.9167809154052895,11.88004736828357,nan,nan,nan
21.240000000000002,220.00323486328125,-212.02244567871094,-5.017882823944092,218.6683609612776,-212.1116618076407,-5.022600199655391,1.3378602713083407,1.0612787636714331,1.0612787636714331,3.501994646116997e-05,2.3219571039671782,11.268107767330376,nan,2.889989451084726,nan
21.25,220.00323486328125,-212.01373291015625,-5.017882823944092,218.72865864664269,-212.10096176672536,-5.022630359977717,1.2775664149223016,1.0611924890781534,1.0611924890781534,3.5703253564827115e-05,2.169326848205115,8.926068137813322,25.889263823608193,nan,nan
21.26,220.00323486328125,-212.0050048828125,-5.017882823944092,218.72821551777344,-212.0925889259079,-5.024435649367613,1.2780407800790805,1.0612499208691006,1.0612499208691006,3.500538669913001e-05,2.7657316232586124,9.751520912687841,nan,2.077903395433842,nan
21.27,220.00323486328125,-211.99627685546875,-5.017882823944092,218.7277723304424,-212.08421603299894,-5.024543252245353,1.278507854072677,1.061307443893347,1.061307443893347,3.5710245327849874e-05,2.782374397636327,9.748113972033735,nan,nan,nan
21.28,220.00323486328125,-211.987548828125,-5.017882823944092,218.72732929277834,-212.07584323638255,-5.025171324268513,1.278977736165449,1.061365058295393,1.061365058295393,3.5012244342384606e-05,3.0584051036074715,10.010338390075994,nan,0.19047810656696615,nan
21.29,220.00323486328125,-211.9788360595703,-5.017882823944092,218.72688630171191,-212.06747052269134,-5.025286115249627,1.2794438351858275,1.0614227642197391,1.0614227642197391,3.5717520107231863e-05,3.076701041192985,9.785332210650338,nan,nan,nan
21.3,220.00323486328125,-211.97010803222656,-5.017882823944092,218.72627186429114,-212.02644491706604,-5.024297296747064,1.2782212214028466,1.0613364900623106,1.0613364900623106,3.499820203778484e-05,2.71503270962486,8.992236729076037,7.896321173807669,1.0361835445264567,nan
21.31,220.00323486328125,-211.9613800048828,-5.017882823944092,218.72582844696262,-212.0180204702402,-5.024404450050394,1.2786781558996654,1.0613939217498125,1.0613939217498125,3.5703017742593365e-05,2.731664705270618,8.996700711698407,nan,nan,nan
21.32,220.00323486328125,-211.95265197753906,-5.017882823944092,218.7253850358308,-212.0095959865929,-5.025262703670892,1.2791392669709665,1.0614514446671888,1.0614514446671888,3.500552538450259e-05,3.0972496754580243,9.348336477436273,nan,0.39717720890774105,nan
21.330000000000002,220.00323486328125,-211.94393920898438,-5.017882823944092,218.72494155253344,-212.00117153204332,-5.025379323413901,1.2795958442452164,1.06150905895894,1.06150905895894,3.571075887142126e-05,3.1161210912691963,9.157495472801832,nan,nan,nan
21.34,220.00323486328125,-211.93521118164062,-5.017882823944092,218.72449802613852,-211.9927471180759,-5.024631707636395,1.2800483702104268,1.061566764769566,1.061566764769566,3.501306861872121e-05,2.844322325705786,9.079880316917924,nan,0.5285071876728276,nan
21.35,220.00323486328125,-211.92648315429688,-5.017882823944092,218.75463074888484,-211.95606533504522,-5.024708719403943,1.2489731513344517,1.0614804910445783,1.0614804910445783,3.569668685725384e-05,2.774782288852312,7.6678081022235185,12.082206221600384,nan,nan
21.36,220.00323486328125,-211.91775512695312,-5.017882823944092,218.75423582417991,-211.9475958850509,-5.025699857316577,1.2493799168109974,1.061537922629403,1.061537922629403,3.499962736811859e-05,3.216308103389947,8.10040258688519,nan,0.547143128246772,nan
21.37,220.00323486328125,-211.90904235839844,-5.017882823944092,218.75384092929278,-211.939126294623,-5.025820633319169,1.2497812825945303,1.0615954454407315,1.0615954454407315,3.570481008029221e-05,3.2359820102688177,7.9362876856615845,nan,nan,nan
21.38,220.00323486328125,-211.9003143310547,-5.017882823944092,218.7534461180302,-211.93065662343403,-5.02597176148232,1.250183183926858,1.0616530596230636,1.0616530596230636,3.5007523448864324e-05,3.341183993684306,8.194214411793583,nan,0.0006083304795283332,nan
21.39,220.00323486328125,-211.89158630371094,-5.017882823944092,218.75305124520295,-211.92218691743236,-5.026094839668389,1.2505850285661195,1.0617107653208995,1.0617107653208995,3.5713115126429394e-05,3.3612993346746842,8.206594818387693,nan,nan,nan
21.400000000000002,220.00323486328125,-211.88287353515625,-5.017882823944092,218.74668310810344,-211.9002021064592,-5.026293390612317,1.2566993795078907,1.0616244920249691,1.0616244920249691,3.499440651085293e-05,3.5089511395076323,8.14678775375322,1.5226352475267793,0.002677827623400384,nan
21.41,220.00323486328125,-211.8741455078125,-5.017882823944092,218.74627897039156,-211.8917109666221,-5.02641948824429,1.2571076074269418,1.0616819235078796,1.0616819235078796,3.569952865285591e-05,3.5297703253060293,8.30449579894745,nan,nan,nan
21.42,220.00323486328125,-211.86541748046875,-5.017882823944092,218.7458750452242,-211.8832197190721,-5.027115002062013,1.257519727430359,1.061739446213976,1.061739446213976,3.500258538175773e-05,3.9243727126759778,8.684766737180308,nan,0.22803717742602464,nan
21.43,220.00323486328125,-211.856689453125,-5.017882823944092,218.74547126667497,-211.87472843999618,-5.027249085683371,1.2579278186184912,1.061797060287758,1.061797060287758,3.570811542260618e-05,3.9469809216470217,8.696238310007223,nan,nan,nan
21.44,220.00323486328125,-211.8479766845703,-5.017882823944092,218.74506736333717,-211.86623713271723,-5.027522176413252,1.2583369258660757,1.0618547658737263,1.0618547658737263,3.501090044634793e-05,4.14503619700809,8.726369807457171,nan,0.013422481179606288,nan
21.45,220.00323486328125,-211.83924865722656,-5.017882823944092,218.75213164009648,-211.85540007291337,-5.027808465007936,1.2512468428102181,1.0617684930034954,1.0617684930034954,3.569478699702378e-05,4.234466532362163,8.799512357634994,1.429772999333028,nan,nan
21.46,220.00323486328125,-211.8305206298828,-5.017882823944092,218.7517395044747,-211.84690510973485,-5.0257916593381795,1.2516275939638157,1.0618259243852495,1.0618259243852495,3.49981357273361e-05,3.262526288876532,7.809779485162974,nan,3.2895984106718443,nan
21.47,220.00323486328125,-211.82179260253906,-5.017882823944092,218.75134747923917,-211.83841012080663,-5.025912663019262,1.2520234193307502,1.0618834469869236,1.0618834469869236,3.570359294867346e-05,3.2820825051755347,7.816149875620361,nan,nan,nan
21.48,220.00323486328125,-211.81307983398438,-5.017882823944092,218.75095539788202,-211.82991503081223,-5.0257830081882116,1.2524175406883664,1.0619410609530178,1.0619410609530178,3.5006651989555115e-05,3.2598874979311705,7.631876293034977,nan,0.044724086898217934,nan
21.490000000000002,220.00323486328125,-211.80435180664062,-5.017882823944092,218.75056313741075,-211.82141977356252,-5.025903521841847,1.25281367325113,1.0619987664280326,1.0619987664280326,3.571250653957032e-05,3.2792271148819703,7.78890384434974,nan,nan,nan
21.5,220.00323486328125,-211.79562377929688,-5.017882823944092,218.73680796950327,-211.81145208050387,-5.026187189884672,1.266553028853078,1.0619124939801707,1.0619124939801707,3.640976650131414e-05,3.404630583946067,8.302874074750202,2.400466559914163,nan,nan
21.51,220.00323486328125,-211.78689575195312,-5.017882823944092,218.73639437888545,-211.80295428966957,-5.026313148343245,1.2669703074292038,1.0619699252615205,1.0619699252615205,3.714352847240318e-05,3.424875038811943,8.308957585540385,nan,nan,nan
21.52,220.00323486328125,-211.77818298339844,-5.017882823944092,218.73598087463208,-211.79445631300834,-5.027457605243809,1.2673946383983046,1.0620274477595761,1.0620274477595761,3.636102787810898e-05,4.033670805552905,8.748338658161769,nan,0.6762421130242486,nan
21.53,220.00323486328125,-211.7694549560547,-5.017882823944092,218.73556754876782,-211.7859583398794,-5.027595732918385,1.2678119429016688,1.0620850616188375,1.0620850616188375,3.70934767986825e-05,4.056620011036616,8.90433082298348,nan,nan,nan
21.54,220.00323486328125,-211.76072692871094,-5.017882823944092,218.73515453713074,-211.77746049743917,-5.026762489586105,1.268221815911665,1.0621427669838053,1.0621427669838053,3.631371285575527e-05,3.685524187411064,8.516357087532693,nan,0.6194312943510566,nan
21.55,220.00323486328125,-211.7519989013672,-5.017882823944092,218.77675818051952,-211.7922928062846,-5.026937512059868,1.2271718052125298,1.0620564949550073,1.0620564949550073,3.702127256913837e-05,3.632481789813705,7.879000804393911,16.11572702674819,nan,nan
21.56,220.00323486328125,-211.7432861328125,-5.017882823944092,218.77641212070085,-211.78383210155022,-5.0256631326736,1.2275172302241995,1.0621139261366999,1.0621139261366999,3.624517967703654e-05,3.0887254134998345,7.1497190401580175,nan,1.3008193229942895,nan
21.57,220.00323486328125,-211.73455810546875,-5.017882823944092,218.77606613977238,-211.77537142407758,-5.025782278724845,1.227872633590342,1.0621714485319345,1.0621714485319345,3.6974286630053624e-05,3.1070616515105023,7.325469818864305,nan,nan,nan
21.580000000000002,220.00323486328125,-211.725830078125,-5.017882823944092,218.7757202998839,-211.76691047928801,-5.025212300096304,1.2282236457311024,1.0622290622852117,1.0622290622852117,3.620081255661966e-05,2.9040859469276783,7.112363382595965,nan,0.3139947627555084,nan
21.59,220.00323486328125,-211.71710205078125,-5.017882823944092,218.77537447775052,-211.7584491831716,-5.025326750923411,1.228578904165889,1.0622867675410315,1.0622867675410315,3.6928811803601687e-05,2.9213604569293325,7.114936044689284,nan,nan,nan
21.6,220.00323486328125,-211.70838928222656,-5.017882823944092,218.76612858530424,-211.72062899228692,-5.0242968047909295,1.2371834514989222,1.062200495928018,1.062200495928018,3.613543354937918e-05,2.579424915121764,6.343341764169959,6.582109219462704,0.8159200802548805,nan
21.61,220.00323486328125,-211.6996612548828,-5.017882823944092,218.76576866763685,-211.71212090961825,-5.024401340653737,1.2375460877958642,1.062257927010795,1.062257927010795,3.6861476494476165e-05,2.5944420523747214,6.494757907310945,nan,nan,nan
21.62,220.00323486328125,-211.69093322753906,-5.017882823944092,218.7654088182846,-211.70361285031154,-5.0254277298964976,1.2379139776702988,1.0623154493040006,1.0623154493040006,3.6094022073486976e-05,3.0196327437994217,6.917479071327066,nan,0.5621625315618296,nan
21.63,220.00323486328125,-211.6822052001953,-5.017882823944092,218.76504892882187,-211.69510493977953,-5.025543826739916,1.238276827909748,1.0623730629521346,1.0623730629521346,3.6819091971042694e-05,3.0372869924334474,6.937278561513169,nan,nan,nan
21.64,220.00323486328125,-211.67349243164062,-5.017882823944092,218.76468903184556,-211.68659734295616,-5.024443192216601,1.2386325337642217,1.0624307680996974,1.0624307680996974,3.6054062050890356e-05,2.637735818445596,6.3857575521009196,nan,0.98582608538735,nan
21.650000000000002,220.00323486328125,-211.66476440429688,-5.017882823944092,218.74169066254274,-211.7074090518563,-5.024480650528638,1.2622820079911146,1.062344496899215,1.062344496899215,3.675502583704265e-05,2.6841712119953054,7.631744940390451,9.727142741300149,nan,nan
21.66,220.00323486328125,-211.65603637695312,-5.017882823944092,218.74129448889562,-211.69894838205965,-5.025748839200331,1.2626942713431548,1.062401927883813,1.062401927883813,3.599331237548378e-05,3.2197360680814375,8.1566373762028,nan,0.9013687865587401,nan
21.67,220.00323486328125,-211.64730834960938,-5.017882823944092,218.7408983535777,-211.69048775222694,-5.025866866237374,1.263100023542189,1.062459450075775,1.062459450075775,3.671570790370523e-05,3.2377466600454654,8.157158585969103,nan,nan,nan
21.68,220.00323486328125,-211.6385955810547,-5.017882823944092,218.7405022559681,-211.68202714326964,-5.0245181230648,1.263496721548073,1.0625170636196006,1.0625170636196006,3.595628868699255e-05,2.7269154780390545,7.462264512867407,nan,1.439737074657469,nan
21.69,220.00323486328125,-211.62986755371094,-5.017882823944092,218.7401061213838,-211.67356648430402,-5.024623786208925,1.2639023916880057,1.0625747686597904,1.0625747686597904,3.667788939664014e-05,2.7422422303481393,7.651297986731322,nan,nan,nan
21.7,220.00323486328125,-211.6211395263672,-5.017882823944092,218.77854159519174,-211.66116978797578,-5.024461490661287,1.2253649666952262,1.0624884978686109,1.0624884978686109,3.589861243936199e-05,2.618754956930715,6.583652744010121,10.625709448650282,0.03670987836195578,nan
21.71,220.00323486328125,-211.61241149902344,-5.017882823944092,218.7782070545102,-211.6527029687526,-5.024566295118267,1.2257084496658501,1.0625459287557615,1.0625459287557615,3.661857300677364e-05,2.6337234964811236,6.58902635296938,nan,nan,nan
21.72,220.00323486328125,-211.60369873046875,-5.017882823944092,218.7778727986684,-211.64423619195148,-5.024255934080842,1.226048976064395,1.0626034508472595,1.0626034508472595,3.5864478559966036e-05,2.547097134354667,6.318438316975678,nan,0.11635096375117762,nan
21.73,220.00323486328125,-211.594970703125,-5.017882823944092,218.77753885431707,-211.6357694579599,-5.0243587222231,1.2263919365542617,1.0626610642876049,1.0626610642876049,3.658376031634637e-05,2.5616457622680144,6.500442380038076,nan,nan,nan
21.740000000000002,220.00323486328125,-211.58624267578125,-5.017882823944092,218.7772050713197,-211.62730281631676,-5.021941999890059,1.2267238739127095,1.0627187692212978,1.0627187692212978,3.5831754015692524e-05,1.8758647143092577,5.805051138988588,nan,4.276200615433042,nan
21.75,220.00323486328125,-211.5775146484375,-5.017882823944092,218.78679025741212,-211.60706775805886,-5.022113160529106,1.2168108978736234,1.0626324988362184,1.0626324988362184,3.652756445195754e-05,1.8832668213084087,5.453608195122638,2.010424150155865,nan,nan
21.76,220.00323486328125,-211.5688018798828,-5.017882823944092,218.7864723370445,-211.5985825792662,-5.021331089834436,1.217131802989081,1.0626899296266479,1.0626899296266479,3.577850757408031e-05,1.726345132261683,5.136326081993033,nan,0.5047472989827292,nan
21.77,220.00323486328125,-211.56007385253906,-5.017882823944092,218.78615437249965,-211.59009738223594,-5.021405960247194,1.21745584965782,1.0627474516184556,1.0627474516184556,3.649568675485209e-05,1.734782482489118,5.297680221580196,nan,nan,nan
21.78,220.00323486328125,-211.5513458251953,-5.017882823944092,218.78583624244038,-211.58161222146666,-5.021513738419214,1.217780210180978,1.062805064956142,1.062805064956142,3.574858461911598e-05,1.7641259242896916,5.328115533935439,nan,0.0006984999930049071,nan
21.79,220.00323486328125,-211.54261779785156,-5.017882823944092,218.78551801722918,-211.57312713331365,-5.021590820809848,1.2181046284905481,1.0628627697842068,1.0628627697842068,3.646523572479378e-05,1.7730588428507827,5.344800674467682,nan,nan,nan
21.8,220.00323486328125,-211.53390502929688,-5.017882823944092,218.77585163864197,-211.5281783922877,-5.021752946447526,1.2274026854889761,1.0627764998020495,1.0627764998020495,3.569822305960656e-05,1.8370841525040236,4.9529144590758305,9.903679413560056,0.01043723752421648,nan
21.81,220.00323486328125,-211.52517700195312,-5.017882823944092,218.77551829793657,-211.51963536117577,-5.021832596378258,1.227735425613565,1.0628339304964791,1.0628339304964791,3.64135008943455e-05,1.846638960483705,5.089282359371134,nan,nan,nan
21.82,220.00323486328125,-211.51644897460938,-5.017882823944092,218.77518476156513,-211.51109238273108,-5.022144349896022,1.228069178020915,1.0628914523893647,1.0628914523893647,3.567101778713582e-05,1.928012807535795,5.172947990468542,nan,0.03625703562713065,nan
21.830000000000002,220.00323486328125,-211.50772094726562,-5.017882823944092,218.77485114046252,-211.50254949972143,-5.022228350065838,1.2284022948338174,1.0629490656252067,1.0629490656252067,3.63858652553564e-05,1.9385730387989164,5.182186829513118,nan,nan,nan
21.84,220.00323486328125,-211.49900817871094,-5.017882823944092,218.77451750385598,-211.49400647264446,-5.022359535142965,1.2287356946714594,1.063006770348505,1.063006770348505,3.564513100445287e-05,1.9825189491184037,5.100315100804666,nan,0.0014535377432024806,nan
21.85,220.00323486328125,-211.4902801513672,-5.017882823944092,218.77898628032125,-211.49703111022546,-5.022482935541726,1.224275838751949,1.0629205007661164,1.0629205007661164,3.633701137144078e-05,1.9924602439814691,5.316491382361039,1.1498375706048458,nan,nan
21.86,220.00323486328125,-211.48155212402344,-5.017882823944092,218.77866040954618,-211.48850604028848,-5.020291634772489,1.224596567062631,1.0629779313652623,1.0629779313652623,3.559886607292652e-05,1.573775871223634,4.889564302117985,nan,3.5436813586533953,nan
21.87,220.00323486328125,-211.4728240966797,-5.017882823944092,218.77833475568667,-211.47998085783334,-5.020358099236779,1.2249235158993377,1.063035453159988,1.063035453159988,3.631208919290908e-05,1.5801908518523553,4.898885943824448,nan,nan,nan
21.88,220.00323486328125,-211.464111328125,-5.017882823944092,218.7780092087247,-211.47145565227544,-5.0204611586673,1.225250379102439,1.0630930662947937,1.0630930662947937,3.5575562935191806e-05,1.5990003667473534,4.78706505564074,nan,0.0008625283732067976,nan
21.89,220.00323486328125,-211.45538330078125,-5.017882823944092,218.77768378886455,-211.4629303401228,-5.0205300336296785,1.2255771707754144,1.0631507709141799,1.0631507709141799,3.628848002779998e-05,1.6059236116507298,4.9240032842724535,nan,nan,nan
21.900000000000002,220.00323486328125,-211.4466552734375,-5.017882823944092,218.78409638901815,-211.4542926170133,-5.021011689841649,1.2191664112200884,1.0630645017284321,1.0630645017284321,3.553192442806979e-05,1.6737026332067166,4.871588331719511,0.323438969010185,0.12413164498858263,nan
21.91,220.00323486328125,-211.43792724609375,-5.017882823944092,218.78378200336277,-211.44576698871785,-5.02108637613724,1.2194822679622765,1.0631219322330054,1.0631219322330054,3.624368837203613e-05,1.6819894479291706,4.884980666218266,nan,nan,nan
21.92,220.00323486328125,-211.42921447753906,-5.017882823944092,218.78346759663467,-211.43724137955329,-5.019719950145596,1.219795061053744,1.0631794539303274,1.0631794539303274,3.5511097514237854e-05,1.4945199712291855,4.566575882853148,nan,1.4258551633881817,nan
21.93,220.00323486328125,-211.4204864501953,-5.017882823944092,218.78315326069801,-211.42871574215204,-5.019782382581549,1.2201108337078241,1.0632370669648987,1.0632370669648987,3.6222635979202705e-05,1.4997420602399203,4.704229819425484,nan,nan,nan
21.94,220.00323486328125,-211.41175842285156,-5.017882823944092,218.78283902596024,-211.42018997624567,-5.019143212155563,1.220425614046806,1.063294771481219,1.063294771481219,3.549146703836666e-05,1.4455347832134737,4.648662879095599,nan,0.3387087883770228,nan
21.95,220.00323486328125,-211.4030303955078,-5.017882823944092,218.7918313732556,-211.3962664866746,-5.019150022928732,1.2114230358971572,1.0632085026890077,1.0632085026890077,3.618043030881816e-05,1.4246805436583758,4.260239097310879,2.36035026891258,nan,nan
21.96,220.00323486328125,-211.39431762695312,-5.017882823944092,218.79153197921275,-211.387716578569,-5.021118807439707,1.2117251852994047,1.0632659330997143,1.0632659330997143,3.5451509718137025e-05,1.676281122950929,4.397802602481122,nan,2.5142719801185396,nan
21.97,220.00323486328125,-211.38558959960938,-5.017882823944092,218.79123251440095,-211.37916679918365,-5.021195448770203,1.212023893964109,1.0633234547003834,1.0633234547003834,3.616181460580644e-05,1.684964016198727,4.517693990724203,nan,nan,nan
21.98,220.00323486328125,-211.37686157226562,-5.017882823944092,218.79093295112241,-211.3706171023098,-5.022281038698455,1.2123259726336082,1.0633810676355153,1.0633810676355153,3.5434194373530475e-05,1.9280366220945613,4.759822174384042,nan,0.6999131321151645,nan
21.990000000000002,220.00323486328125,-211.36813354492188,-5.017882823944092,218.79063339104874,-211.36206740084472,-5.022369326892101,1.2126249450151971,1.0634387720496103,1.0634387720496103,3.614437377330076e-05,1.9396184314159348,4.7666633554224624,nan,nan,nan
22.0,220.00323486328125,-211.3594207763672,-5.017882823944092,218.77339517084496,-211.33261157100188,-5.024234915721033,1.2301482640942274,1.0633525036478555,1.0633525036478555,3.53965656779928e-05,2.5629842178489914,5.406136586625602,5.078555337874386,2.264241512960768,nan
22.01,220.00323486328125,-211.35069274902344,-5.017882823944092,218.7730686322844,-211.32402883896063,-5.024342576985418,1.2304721241841166,1.0634099339653966,1.0634099339653966,3.61057693221694e-05,2.5794675351718652,5.514293790172881,nan,nan,nan
22.02,220.00323486328125,-211.3419647216797,-5.017882823944092,218.77274204141605,-211.31544595312485,-5.023470341219309,1.230791229289819,1.063467455470158,1.063467455470158,3.538144564449988e-05,2.3068052869183227,5.226355113745539,nan,0.6644232339689918,nan
22.03,220.00323486328125,-211.333251953125,-5.017882823944092,218.77241553922343,-211.3068628965156,-5.023569949331034,1.2311153212343866,1.0635250683066393,1.0635250683066393,3.609058881405842e-05,2.3212565847949667,5.135132924259342,nan,nan,nan
22.04,220.00323486328125,-211.32452392578125,-5.017882823944092,218.77208911680145,-211.29827967586675,-5.024038583613062,1.2314408240374253,1.0635827726193412,1.0635827726193412,3.5367382893495226e-05,2.497176720091292,5.400469992866608,nan,0.09365230660754706,nan
22.05,220.00323486328125,-211.3157958984375,-5.017882823944092,218.79618542206438,-211.27207776453753,-5.024167472973647,1.2078572455332095,1.0634965046049873,1.0634965046049873,3.6054248256188295e-05,2.4672595363974112,4.759371754258653,6.320443860637772,nan,nan
22.06,220.00323486328125,-211.30706787109375,-5.017882823944092,218.7958977406061,-211.26346653729928,-5.025182037523782,1.2081462173996282,1.0635539348300593,1.0635539348300593,3.533297867261957e-05,2.8802437603941304,5.166067022820717,nan,0.571193349375581,nan
22.07,220.00323486328125,-211.29835510253906,-5.017882823944092,218.79561009407794,-211.25485540269398,-5.025298540846875,1.208430717888756,1.063611456239652,1.063611456239652,3.6041200060444254e-05,2.8987497162431346,5.105986441588733,nan,nan,nan
22.080000000000002,220.00323486328125,-211.2896270751953,-5.017882823944092,218.79532250543397,-211.24624424065235,-5.0242803932529165,1.2087080968812167,1.0636690689782655,1.0636690689782655,3.532093793950583e-05,2.532257184154132,4.801903062404069,nan,0.8939063061976937,nan
22.09,220.00323486328125,-211.28089904785156,-5.017882823944092,218.79503493900057,-211.23763299081887,-5.02438756869409,1.208991861191486,1.0637267731904003,1.0637267731904003,3.602917710546736e-05,2.548428240349212,4.812911215917989,nan,nan,nan
22.1,220.00323486328125,-211.2721710205078,-5.017882823944092,218.81852317813264,-211.21665690132164,-5.023047101392071,1.1860228767263485,1.0636405055604152,1.0636405055604152,3.528854921871145e-05,2.0782239598068917,3.8890029966221995,5.159511972792204,1.587787317820292,nan
22.11,220.00323486328125,-211.26345825195312,-5.017882823944092,218.81827315637457,-211.20802587538964,-5.0231426509818915,1.186269219438458,1.0636979356937093,1.0636979356937093,3.5995952148504325e-05,2.091518862383269,3.8384641901307024,nan,nan,nan
22.12,220.00323486328125,-211.25473022460938,-5.017882823944092,218.81802320967896,-211.19939471918929,-5.024484978401123,1.1865210788006495,1.0637554570088672,1.0637554570088672,3.527840694012979e-05,2.5589697182550326,4.35877761309702,nan,1.0784772582541662,nan
22.13,220.00323486328125,-211.24600219726562,-5.017882823944092,218.81777322250116,-211.19076352652752,-5.0245946685797165,1.1867668942822553,1.0638130696503891,1.0638130696503891,3.598587901253438e-05,2.5757373952088702,4.372185329046594,nan,nan,nan
22.14,220.00323486328125,-211.23727416992188,-5.017882823944092,218.81752299280691,-211.1821326258582,-5.026548608142671,1.1870249894089215,1.0638707737627755,1.0638707737627755,3.526917671989135e-05,3.4535844253041006,5.250093783810512,nan,2.3618966010762623,nan
22.150000000000002,220.00323486328125,-211.2285614013672,-5.017882823944092,218.82555229369765,-211.1786766294315,-5.026595539928538,1.1787708159739625,1.0637845065141514,1.0637845065141514,3.595459052847631e-05,3.4174285423418174,5.045559398987015,0.9736741618858611,nan,nan
22.16,220.00323486328125,-211.21983337402344,-5.017882823944092,218.8253150592202,-211.17005386335697,-5.025737793293245,1.1789973558175977,1.0638419365563536,1.0638419365563536,3.523954623781585e-05,3.057449031742096,4.740141100427763,nan,0.6784825693165132,nan
22.17,220.00323486328125,-211.2111053466797,-5.017882823944092,218.82507791126716,-211.16143108866427,-5.025858164785597,1.1792306566359507,1.063899457777805,1.063899457777805,3.5946339078501365e-05,3.076477044443617,4.746164767115093,nan,nan,nan
22.18,220.00323486328125,-211.20237731933594,-5.017882823944092,218.82484071676006,-211.15280827217325,-5.026085736081927,1.1794647696135527,1.0639570703230055,1.0639570703230055,3.5232040363043404e-05,3.2172951241145737,4.884132614228571,nan,0.007862067061841517,nan
22.19,220.00323486328125,-211.19366455078125,-5.017882823944092,218.82460347505628,-211.1441856173555,-5.026209120760598,1.1796988774177712,1.0640147743364554,1.0640147743364554,3.593896173826864e-05,3.2369222333784395,4.82591660864307,nan,nan,nan
22.2,220.00323486328125,-211.1849365234375,-5.017882823944092,218.7977345796345,-211.11753446079237,-5.027250853536448,1.207419451516196,1.0639285074662073,1.0639285074662073,3.520411516962204e-05,3.8630701514014176,5.814387412610999,7.204799438414364,0.6187591987921758,nan
22.21,220.00323486328125,-211.17620849609375,-5.017882823944092,218.79745535044526,-211.10888330318417,-5.0273848264266645,1.2076949959432988,1.0639859374179996,1.0639859374179996,3.5910307166697846e-05,3.884995135955968,5.826292909775728,nan,nan,nan
22.22,220.00323486328125,-211.16748046875,-5.017882823944092,218.7971760369767,-211.10023221426988,-5.02759917807588,1.2079712859895828,1.064043458546467,1.064043458546467,3.519821282398085e-05,4.053447282032945,5.981701158842139,nan,0.004407466017871113,nan
22.23,220.00323486328125,-211.1587677001953,-5.017882823944092,218.79689655076302,-211.09158122172002,-5.027735955866414,1.2082480007630525,1.0641010709961098,1.0641010709961098,3.590457305116946e-05,4.075781421190453,5.95522666893868,nan,nan,nan
22.240000000000002,220.00323486328125,-211.15003967285156,-5.017882823944092,218.79661685170282,-211.08293035531432,-5.029066072656516,1.2085345470517412,1.064158774911428,1.064158774911428,3.519307956752825e-05,4.926063529268103,6.849513559549659,nan,0.992193976172161,nan
22.25,220.00323486328125,-211.1413116455078,-5.017882823944092,218.8125872311881,-211.09864927004378,-5.029318100843862,1.1914665868781316,1.0640725084165943,1.0640725084165943,3.587753837848379e-05,4.978764868946117,6.825718991813525,6.417378140841771,nan,nan
22.26,220.00323486328125,-211.13258361816406,-5.017882823944092,218.81233338944062,-211.09003728403607,-5.0293850929843105,1.1917167503801305,1.064129938278653,1.064129938278653,3.5167460493580277e-05,5.096539356665194,6.927060541909611,nan,0.005290880611190268,nan
22.27,220.00323486328125,-211.12387084960938,-5.017882823944092,218.8120795341452,-211.08142533219845,-5.029539053465999,1.1919683333730662,1.064187459314854,1.064187459314854,3.5873324939124693e-05,5.122394082006238,6.85928718552851,nan,nan,nan
22.28,220.00323486328125,-211.11514282226562,-5.017882823944092,218.8118256265726,-211.0728134085065,-5.0291716880867074,1.192214404810426,1.0642450716696967,1.0642450716696967,3.516376419004566e-05,4.9595929683598285,6.760072430135205,nan,0.1907883987085551,nan
22.29,220.00323486328125,-211.10641479492188,-5.017882823944092,218.81157171861838,-211.0642015675744,-5.029322500518195,1.1924654599236852,1.0643027754876817,1.0643027754876817,3.586984032530907e-05,4.984301508181874,6.771827586906876,nan,nan,nan
22.3,220.00323486328125,-211.09768676757812,-5.017882823944092,218.81881015616327,-211.04207472906796,-5.029320122186906,1.1857847180031762,1.0642165093653242,1.0642165093653242,3.5139556317244804e-05,5.0437534501972925,6.613242362403696,1.8198838523681773,0.006107221785653352,nan
22.31,220.00323486328125,-211.08897399902344,-5.017882823944092,218.81856825341086,-211.03344151675756,-5.0294710759927765,1.1860240810008698,1.0642739391383218,1.0642739391383218,3.584498248814556e-05,5.067918559694386,6.560288820518729,nan,nan,nan
22.32,220.00323486328125,-211.0802459716797,-5.017882823944092,218.81832620897782,-211.02480823265756,-5.029321800330207,1.1862599681907027,1.0643314600829676,1.0643314600829676,3.513718350965423e-05,5.046013860427739,6.586893283433737,nan,0.06351522808963359,nan
22.330000000000002,220.00323486328125,-211.07151794433594,-5.017882823944092,218.81808418338142,-211.0161748604323,-5.029471479052344,1.1864987517609207,1.0643890723437621,1.0643890723437621,3.584285134808275e-05,5.06931701743258,6.589088724208906,nan,nan,nan
22.34,220.00323486328125,-211.0627899169922,-5.017882823944092,218.81784232333305,-211.00754143468885,-5.0283369771696025,1.1867253927852568,1.0644467760652054,1.0644467760652054,3.5135445042374536e-05,4.433462865792211,5.937653426258041,nan,1.1567448941615806,nan
22.35,220.00323486328125,-211.0540771484375,-5.017882823944092,218.78889143274324,-210.96927014233214,-5.02840299263718,1.2173466513383544,1.0643605103124087,1.0643605103124087,3.5819319013343496e-05,4.482002050646319,6.261451073134031,12.05856794320989,nan,nan
22.36,220.00323486328125,-211.04534912109375,-5.017882823944092,218.78860432132925,-210.96058985336657,-5.028281780403198,1.2176286893810062,1.064417939997012,1.064417939997012,3.5113121924150274e-05,4.472502560527705,6.2708061710107215,nan,0.0472559559918561,nan
22.37,220.00323486328125,-211.03662109375,-5.017882823944092,218.78831730393804,-210.9519097522091,-5.028418382880302,1.2179128398158094,1.0644754608508094,1.0644754608508094,3.581842828598348e-05,4.49227063665823,6.27362136715572,nan,nan,nan
22.38,220.00323486328125,-211.02789306640625,-5.017882823944092,218.78803039970586,-210.94322973223706,-5.028932665772403,1.2182002575318336,1.0645330730183011,1.0645330730183011,3.511255364772919e-05,4.871295291566719,6.641632391719471,nan,0.09962534005490442,nan
22.39,220.00323486328125,-211.01918029785156,-5.017882823944092,218.7877434341914,-210.93454976136783,-5.029074777908308,1.2184855361184705,1.0645907766439875,1.0645907766439875,3.581813202759141e-05,4.891616115826444,6.622686425148582,nan,nan,nan
22.400000000000002,220.00323486328125,-211.0104522705078,-5.017882823944092,218.75497111352857,-210.91781244569808,-5.029210046856796,1.251747910749731,1.064504511257859,1.064504511257859,3.5091372679033446e-05,5.128146071206843,7.496297259008051,7.776093917886012,2.983960563974501e-05,nan
22.41,220.00323486328125,-211.00172424316406,-5.017882823944092,218.75463262776947,-210.90911993541255,-5.029353834357908,1.252084136317952,1.0645619408547304,1.0645619408547304,3.57963580356778e-05,5.148421605383707,7.507425727535471,nan,nan,nan
22.42,220.00323486328125,-210.9929962158203,-5.017882823944092,218.75429399373598,-210.90042761428535,-5.029498749346203,1.2524205249570008,1.0646194616183806,1.0646194616183806,3.651565214930111e-05,5.168343517033092,7.521796860391495,nan,nan,nan
22.43,220.00323486328125,-210.98428344726562,-5.017882823944092,218.75395536058568,-210.89173548675316,-5.029644885663234,1.2527580560292544,1.0646770736933093,1.0646770736933093,3.724939952010338e-05,5.187983645372078,7.510884056235901,nan,nan,nan
22.44,220.00323486328125,-210.97555541992188,-5.017882823944092,218.75361689751318,-210.88304340234112,-5.029011626759314,1.2530871414308284,1.0647347772240172,1.0647347772240172,3.645847804919741e-05,4.8716648591453175,7.2045138062322875,nan,0.3958525885886617,nan
22.45,220.00323486328125,-210.96682739257812,-5.017882823944092,218.73904336368332,-210.85547599987316,-5.029061670323834,1.269135235867074,1.064648512201687,1.064648512201687,3.716708907135399e-05,4.875072289168067,7.489902970515274,4.226420745302497,nan,nan
22.46,220.00323486328125,-210.95809936523438,-5.017882823944092,218.73868228166216,-210.84675385980913,-5.028365891222717,1.2694884591667093,1.0647059417114846,1.0647059417114846,3.638049878204425e-05,4.5342585365689505,7.134129691740501,nan,0.45556881525529425,nan
22.47,220.00323486328125,-210.9493865966797,-5.017882823944092,218.73832117656042,-210.83803162543154,-5.028498161453353,1.2698500895246638,1.064763462385683,1.064763462385683,3.71105660724461e-05,4.5508103812711225,7.139005592082394,nan,nan,nan
22.48,220.00323486328125,-210.94065856933594,-5.017882823944092,218.7379599697561,-210.82930929711873,-5.029589737901597,1.2702189844443275,1.0648210743687825,1.0648210743687825,3.632721338722253e-05,5.28781257774731,7.870716810716946,nan,0.6010831259716196,nan
22.490000000000002,220.00323486328125,-210.9319305419922,-5.017882823944092,218.73759866360197,-210.82058693239549,-5.029733435293346,1.2705797205708815,1.0648787778052837,1.0648787778052837,3.7056024027688556e-05,5.30573955474838,7.876125625708967,nan,nan,nan
22.5,220.00323486328125,-210.92320251464844,-5.017882823944092,218.703762504961,-210.7883626917527,-5.02879464504569,1.3064950270539581,1.0647925131439038,1.0647925131439038,3.6253315946764804e-05,4.887280596421143,8.3087473844493,11.638972593649406,0.735563868948919,nan
22.51,220.00323486328125,-210.91448974609375,-5.017882823944092,218.70334796164693,-210.7796029764781,-5.028929156217762,1.3069133173682677,1.06484994256728,1.06484994256728,3.698003266072353e-05,4.903546225774516,8.33684325627437,nan,nan,nan
22.52,220.00323486328125,-210.90576171875,-5.017882823944092,218.7029334664194,-210.7708431630464,-5.027910007066201,1.3073206507033235,1.0649074631527173,1.0649074631527173,3.6203863220243975e-05,4.381995100200431,7.779576205666949,nan,0.8785908777683641,nan
22.53,220.00323486328125,-210.89703369140625,-5.017882823944092,218.70251905472875,-210.7620833615645,-5.0280349146013625,1.3077370802602053,1.0649650750447157,1.0649650750447157,3.692948135704115e-05,4.396613367890024,7.779332651118963,nan,nan,nan
22.54,220.00323486328125,-210.8883056640625,-5.017882823944092,218.70210486807736,-210.75332358235244,-5.027952408975972,1.3081516820861339,1.0650227783877753,1.0650227783877753,3.6156273541309914e-05,4.41108503776973,7.780570051365077,nan,0.02868535758026177,nan
22.55,220.00323486328125,-210.8795928955078,-5.017882823944092,218.7076739325213,-210.76709913418821,-5.028065872357286,1.300475553834994,1.0649365140845206,1.0649365140845206,3.6857643303409345e-05,4.401390734510971,7.619303392781769,3.7792929781475597,nan,nan
22.56,220.00323486328125,-210.87086486816406,-5.017882823944092,218.70726930717566,-210.75837495945046,-5.0274515749260695,1.3008736538072434,1.0649939434221243,1.0649939434221243,3.608827068337786e-05,4.126051111369757,7.3349211288205005,nan,0.36312076282646816,nan
22.57,220.00323486328125,-210.8621368408203,-5.017882823944092,218.70686458238544,-210.74965064174503,-5.027570898534243,1.3012774142977972,1.0650514639194855,1.0650514639194855,3.6810994536528755e-05,4.13955841103579,7.345059400656889,nan,nan,nan
22.580000000000002,220.00323486328125,-210.85340881347656,-5.017882823944092,218.70645980233394,-210.74092631271483,-5.029213603665895,1.301693611508338,1.0651090757211046,1.0651090757211046,3.6044402986211345e-05,5.152608603435521,8.347780265895592,nan,1.5411322760402553,nan
22.59,220.00323486328125,-210.84469604492188,-5.017882823944092,218.70605507962418,-210.73220211555716,-5.029349998201095,1.3020989867740322,1.0651667789714818,1.0651667789714818,3.676623669373344e-05,5.168154770859848,8.35201932259653,nan,nan,nan
22.6,220.00323486328125,-210.83596801757812,-5.017882823944092,218.68684834930446,-210.71503156772786,-5.02839784670091,1.321971877456529,1.0650805150235485,1.0650805150235485,3.598024149421078e-05,4.7136762934078105,8.41777580487739,2.949272169401987,0.7911567186530652,nan
22.61,220.00323486328125,-210.82723999023438,-5.017882823944092,218.68641400199465,-210.7062943523459,-5.028525558451578,1.3224062521939433,1.0651379442760232,1.0651379442760232,3.6700348727029205e-05,4.727994261780658,8.422552914269941,nan,nan,nan
22.62,220.00323486328125,-210.81851196289062,-5.017882823944092,218.68597979663446,-210.69755714164506,-5.029096851027764,1.322844183489737,1.0651954646859885,1.0651954646859885,3.593999060679855e-05,5.141705203172909,8.820437263929765,nan,0.13102972950491182,nan
22.63,220.00323486328125,-210.80979919433594,-5.017882823944092,218.68554567739594,-210.6888199375274,-5.029231010339116,1.3232798466354363,1.0652530763979446,1.0652530763979446,3.6659340986759996e-05,5.156605315066419,8.837712169512518,nan,nan,nan
22.64,220.00323486328125,-210.8010711669922,-5.017882823944092,218.68511136779586,-210.68008278380594,-5.03057946979597,1.3237254031832075,1.0653107795563919,1.0653107795563919,3.590148914288249e-05,6.134871459781192,9.799938809246216,nan,0.9868155764427071,nan
22.650000000000002,220.00323486328125,-210.79234313964844,-5.017882823944092,218.688303869069,-210.65901896188123,-5.030714121187058,1.3217350332446687,1.0652245159609988,1.0652245159609988,3.6597298215818476e-05,6.138612351836267,9.736642017962179,1.1542231234929785,nan,nan
22.66,220.00323486328125,-210.78363037109375,-5.017882823944092,218.68787533643732,-210.65026221389107,-5.031032784324748,1.3221689270561277,1.0652819451289837,1.0652819451289837,3.5842796390629265e-05,6.465281534575038,10.071270900814124,nan,0.019340478096517833,nan
22.67,220.00323486328125,-210.77490234375,-5.017882823944092,218.68744673203147,-210.64150535828435,-5.03118462743266,1.3225997505085,1.0653394654522281,1.0653394654522281,3.6559911425192554e-05,6.481489574521262,10.05899947661841,nan,nan,nan
22.68,220.00323486328125,-210.76617431640625,-5.017882823944092,218.68701802108365,-210.63274839110773,-5.0307491196506415,1.3230248655227952,1.065397077075232,1.065397077075232,3.580774055228527e-05,6.265861729724827,9.828719121288927,nan,0.23331234247881993,nan
22.69,220.00323486328125,-210.7574462890625,-5.017882823944092,218.68658946388703,-210.62399142376384,-5.030897042237472,1.3234555824415235,1.0654547801424952,1.0654547801424952,3.6524271492957853e-05,6.280959561585824,9.826727473721444,nan,nan,nan
22.7,220.00323486328125,-210.7487335205078,-5.017882823944092,218.69435014583914,-210.6278572757131,-5.03106537187917,1.3145204637734818,1.0653685168968825,1.0653685168968825,3.723158406669455e-05,6.289308032099776,9.63523209092359,1.587576640620078,nan,nan
22.71,220.00323486328125,-210.74000549316406,-5.017882823944092,218.693934581275,-210.61912041932572,-5.031215653250864,1.314936574088614,1.0654259459810125,1.0654259459810125,3.79761252197023e-05,6.3036627441994195,9.62932938277751,nan,nan,nan
22.72,220.00323486328125,-210.7312774658203,-5.017882823944092,218.6935191528832,-210.61038344941602,-5.028681494218679,1.3153277981345695,1.0654834662182056,1.0654834662182056,3.713699111033567e-05,4.763678838791996,8.074011763338339,nan,4.511858072275088,nan
22.73,220.00323486328125,-210.72254943847656,-5.017882823944092,218.69310388796535,-210.60164620482882,-5.028807128831081,1.315743175861435,1.0655410777529617,1.0655410777529617,3.787923479517341e-05,4.775134163482548,8.075018949576725,nan,nan,nan
22.740000000000002,220.00323486328125,-210.71383666992188,-5.017882823944092,218.69268859181085,-210.5929088214381,-5.029866110130083,1.3161681782172439,1.0655987807297815,1.0655987807297815,3.704578826270845e-05,5.501783858961952,8.806817460633408,nan,0.5465364203976693,nan
22.75,220.00323486328125,-210.70510864257812,-5.017882823944092,218.69980300025915,-210.53731271717206,-5.030138643269549,1.3142451442677938,1.0655125178312108,1.0655125178312108,3.776164888099283e-05,5.598616600148461,8.871323812930683,16.394829014276485,nan,nan
22.76,220.00323486328125,-210.69638061523438,-5.017882823944092,218.69939958563958,-210.52850095123702,-5.031471801746769,1.3146690355844355,1.0655699468321158,1.0655699468321158,3.6934772949665864e-05,6.621460126182346,9.885111502067215,nan,0.8997044230352471,nan
22.77,220.00323486328125,-210.68765258789062,-5.017882823944092,218.69899631112338,-210.5196892343166,-5.031625213804305,1.3150812683472315,1.065627466983922,1.065627466983922,3.767188073605699e-05,6.635862658633418,9.88239191357758,nan,nan,nan
22.78,220.00323486328125,-210.67893981933594,-5.017882823944092,218.69859323999097,-210.51087751256262,-5.03228520617291,1.3155007156187077,1.06568507843113,1.06568507843113,3.6850331592118246e-05,7.252631329214186,10.544506442343149,nan,0.16253907812651716,nan
22.79,220.00323486328125,-210.6702117919922,-5.017882823944092,218.69819024432144,-210.50206577611903,-5.032445395493056,1.3159128423342092,1.0657427813182399,1.0657427813182399,3.7585529984802545e-05,7.266899075590933,10.486536797502325,nan,nan,nan
22.8,220.00323486328125,-210.66148376464844,-5.017882823944092,218.645496989439,-210.46204631735395,-5.031905573960663,1.372378980809242,1.0656565187639944,1.0656565187639944,3.674626776274999e-05,7.118423496433959,12.068084103031072,25.74467572721543,0.32243036689329846,nan
22.81,220.00323486328125,-210.6527557373047,-5.017882823944092,218.64501136768843,-210.4531852134074,-5.032060879406707,1.372880357221898,1.0657139476823,1.0657139476823,3.747875293084457e-05,7.1318905488821756,12.063537540387426,nan,nan,nan
22.82,220.00323486328125,-210.64404296875,-5.017882823944092,218.64452597832303,-210.4443241709488,-5.0350816856888825,1.373416627649776,1.0657714677493797,1.0657714677493797,3.666835677914361e-05,9.836512913242071,14.843377621174309,nan,5.268025816387193,nan
22.830000000000002,220.00323486328125,-210.63531494140625,-5.017882823944092,218.64404076837064,-210.4354630476605,-5.0352675268975835,1.3739183363542402,1.065829079109733,1.065829079109733,3.7399174590096245e-05,9.851918672327344,14.749863661235885,nan,nan,nan
22.84,220.00323486328125,-210.6265869140625,-5.017882823944092,218.64355561700725,-210.4266017346705,-5.035187018520593,1.3744166616694593,1.0658867819078603,1.0658867819078603,3.659357695252902e-05,9.954696441559337,14.836544382267453,nan,0.04605588732240656,nan
22.85,220.00323486328125,-210.61785888671875,-5.017882823944092,218.61324026477425,-210.38063867456714,-5.0354205973409405,1.4102006901245001,1.0658005196952447,1.0658005196952447,3.7299318116764156e-05,10.111689874126315,16.41703484062043,15.832752110521238,nan,nan
22.86,220.00323486328125,-210.60914611816406,-5.017882823944092,218.6127076369319,-210.3717184671432,-5.035558651811714,1.4107623086753125,1.0658579485315722,1.0658579485315722,3.649935314412944e-05,10.426993959916073,16.84472496468442,nan,0.0015445043202929583,nan
22.87,220.00323486328125,-210.6004180908203,-5.017882823944092,218.61217493608692,-210.36279834975426,-5.035745860248418,1.4113220576665748,1.0659154685145793,1.0659154685145793,3.722624589138906e-05,10.43994585054347,16.709934930707515,nan,nan,nan
22.88,220.00323486328125,-210.59169006347656,-5.017882823944092,218.61164217587736,-210.35387835425837,-5.034235749546506,1.4118611953209161,1.065973079788766,1.065973079788766,3.643074294798887e-05,9.210186131089628,15.463483887148614,nan,1.8768168010720758,nan
22.89,220.00323486328125,-210.5829620361328,-5.017882823944092,218.6111094244135,-210.34495839340252,-5.034408332906728,1.41242063987399,1.0660307824986328,1.0660307824986328,3.7156286824673795e-05,9.220939707918335,15.458775870349422,nan,nan,nan
22.900000000000002,220.00323486328125,-210.57424926757812,-5.017882823944092,218.62953430493812,-210.31518204839344,-5.031838791932315,1.3979856283563166,1.0659445206249718,1.0659445206249718,3.634278516107758e-05,7.192496320708522,13.274643506846964,5.584320356587724,4.773772487542084,nan
22.91,220.00323486328125,-210.56552124023438,-5.017882823944092,218.62903187178404,-210.30622923336543,-5.031985975076405,1.3985224723034941,1.0660019493799378,1.0660019493799378,3.7066171820212836e-05,7.200628725195931,13.11456045505238,nan,nan,nan
22.92,220.00323486328125,-210.55679321289062,-5.017882823944092,218.6285294790128,-210.29727650316192,-5.0313474214521525,1.3990515042524838,1.0660594692795222,1.0660594692795222,3.628007807116515e-05,6.832991882446575,12.733318193740807,nan,0.40632334910535545,nan
22.93,220.00323486328125,-210.54806518554688,-5.017882823944092,218.62802717229053,-210.28832384780625,-5.031489023420591,1.3995881124657747,1.066117080468225,1.066117080468225,3.700231355603531e-05,6.840356555620545,12.72381558648507,nan,nan,nan
22.94,220.00323486328125,-210.5393524169922,-5.017882823944092,218.6275248938436,-210.2793712602323,-5.032873520160535,1.4001402939896441,1.0661747830905466,1.0661747830905466,3.6220193609591245e-05,8.042806137682394,14.067920160829155,nan,1.0155268241110371,nan
22.95,220.00323486328125,-210.53062438964844,-5.017882823944092,218.64007116259816,-210.3045992244304,-5.033159208396907,1.381859623150558,1.0660885215531866,1.0660885215531866,3.6918363745878126e-05,8.112130054825373,13.158921935001212,10.025769889962001,nan,nan
22.96,220.00323486328125,-210.5218963623047,-5.017882823944092,218.63958958984955,-210.29570078128242,-5.033038869722379,1.382361232945373,1.0661459502274033,1.0661459502274033,3.6141020163331486e-05,8.147966812167384,13.185360959577668,nan,0.05172522483217752,nan
22.97,220.00323486328125,-210.51316833496094,-5.017882823944092,218.63910794759633,-210.28680241041337,-5.033196477441235,1.3828659667067371,1.0662034700442098,1.0662034700442098,3.6860315108549154e-05,8.155429427086128,13.180722800677605,nan,nan,nan
22.98,220.00323486328125,-210.50445556640625,-5.017882823944092,218.63862632785867,-210.27790408953774,-5.031152784665701,1.3833503238431701,1.066261081148106,1.066261081148106,3.608663883993699e-05,6.674268602601321,11.80385039952198,nan,3.217700291366023,nan
22.990000000000002,220.00323486328125,-210.4957275390625,-5.017882823944092,218.63814467807993,-210.26900573135458,-5.031290906572028,1.3838546775232907,1.066318783683592,1.066318783683592,3.6805039191760024e-05,6.680347040521895,11.686576054853754,nan,nan,nan
23.0,220.00323486328125,-210.48699951171875,-5.017882823944092,218.63982327337203,-210.23327795012716,-5.030210261273392,1.3868733756282035,1.0662325224799,1.0662325224799,3.60129971469216e-05,6.0235421355809615,11.34498688646999,5.49673808065637,0.8276398456093144,nan
23.01,220.00323486328125,-210.478271484375,-5.017882823944092,218.63934470492808,-210.22433716685106,-5.030337556747384,1.3873839129953152,1.0662899510739756,1.0662899510739756,3.6729687395709574e-05,6.028320790381174,11.339659251313325,nan,nan,nan
23.02,220.00323486328125,-210.4695587158203,-5.017882823944092,218.63886617360777,-210.21539634078692,-5.030465692843324,1.3878972450558746,1.0663474708086438,1.0663474708086438,3.7460761682048736e-05,6.03277783859974,11.47688376201803,nan,nan,nan
23.03,220.00323486328125,-210.46083068847656,-5.017882823944092,218.6383875376821,-210.20645542332974,-5.0305947591112306,1.3884079339334607,1.066405081828405,1.066405081828405,3.820636450613909e-05,6.036974882806011,11.332863268950398,nan,nan,nan
23.04,220.00323486328125,-210.4521026611328,-5.017882823944092,218.63790878832882,-210.19751446359163,-5.028676160215615,1.3889013418454745,1.066462784277759,1.066462784277759,3.734954451375524e-05,4.927795076645241,10.211717012118344,nan,2.595702494565857,nan
23.05,220.00323486328125,-210.44337463378906,-5.017882823944092,218.65957376261494,-210.19853670013813,-5.028821112449961,1.3658295696585623,1.0663765234051223,1.0663765234051223,3.806821525641409e-05,4.892201933439185,9.421192894680589,4.1398034140598705,nan,nan
23.06,220.00323486328125,-210.43466186523438,-5.017882823944092,218.6591302288777,-210.1896116692104,-5.028638824613498,1.3663025134818763,1.0664339519196602,1.0664339519196602,3.721937821728161e-05,4.858750771731849,9.51031683816033,nan,0.05421480224825434,nan
23.07,220.00323486328125,-210.42593383789062,-5.017882823944092,218.658686853173,-210.1806867529536,-5.028749607550591,1.3667748794670225,1.066491471572825,1.066491471572825,3.795916100789952e-05,4.862391514975594,9.366162537749037,nan,nan,nan
23.080000000000002,220.00323486328125,-210.41720581054688,-5.017882823944092,218.65824362714795,-210.17176194012205,-5.026490131207232,1.3672301212827382,1.0665490825091175,1.0665490825091175,3.711696316140368e-05,3.7486171002845334,8.241083860224972,nan,3.521845297922115,nan
23.09,220.00323486328125,-210.40847778320312,-5.017882823944092,218.6578005769215,-210.1628371721701,-5.02657956832475,1.367701854229898,1.0666067848730376,1.0666067848730376,3.785453594654178e-05,3.751722885759475,8.231668662013345,nan,nan,nan
23.1,220.00323486328125,-210.39976501464844,-5.017882823944092,218.6978051156416,-210.1350738029348,-5.026135213596797,1.3320196565801738,1.0665205243288645,1.0665205243288645,3.699573785180524e-05,3.504353052743787,7.3851847196660785,14.015964653020406,0.23048922187423476,nan
23.11,220.00323486328125,-210.3910369873047,-5.017882823944092,218.6974263224799,-210.12611927503477,-5.026221873374379,1.3324364447317725,1.0665779527644637,1.0665779527644637,3.773031688284953e-05,3.507571893416187,7.223130259069114,nan,nan,nan
23.12,220.00323486328125,-210.38230895996094,-5.017882823944092,218.69704766470548,-210.11716484998425,-5.027942670773814,1.3328644332027122,1.0666354723367555,1.0666354723367555,3.690171644722522e-05,4.407882354781476,8.11495208520266,nan,1.6903521473319714,nan
23.13,220.00323486328125,-210.3735809326172,-5.017882823944092,218.69666908780468,-210.1082104609958,-5.028047390521755,1.3332812648758576,1.0666930831902404,1.0666930831902404,3.7634373784812746e-05,4.411718757756739,8.110259489153112,nan,nan,nan
23.14,220.00323486328125,-210.3648681640625,-5.017882823944092,218.69629037657205,-210.09925604358722,-5.028197227208356,1.3337016445958387,1.0667507854694185,1.0667507854694185,3.681168843039609e-05,4.557387180485795,8.40775420455396,nan,0.0012519841821312635,nan
23.150000000000002,220.00323486328125,-210.35614013671875,-5.017882823944092,218.68019907166286,-210.11145570568587,-5.028130647843704,1.34551075602831,1.0666645252511366,1.0666645252511366,3.751893255516758e-05,4.496218230970716,8.305937287740583,6.094223328084303,nan,nan
23.16,220.00323486328125,-210.347412109375,-5.017882823944092,218.679795402719,-210.10253478155636,-5.027514961731066,1.3459382190617897,1.0667219536083923,1.0667219536083923,3.6702954159725035e-05,4.225962395086578,8.026583815078409,nan,0.33246603912808775,nan
23.17,220.00323486328125,-210.33868408203125,-5.017882823944092,218.67939180421408,-210.0936137766163,-5.027613659641647,1.3463708957044025,1.0667794731004365,1.0667794731004365,3.7431236411833206e-05,4.2288344858486395,8.024060987831442,nan,nan,nan
23.18,220.00323486328125,-210.32997131347656,-5.017882823944092,218.67898818131468,-210.08469267338722,-5.029370789223958,1.346819534804058,1.0668370838717696,1.0668370838717696,3.6620720686219305e-05,5.30394621583123,9.22529615064773,nan,1.768239063861185,nan
23.19,220.00323486328125,-210.3212432861328,-5.017882823944092,218.6785845645402,-210.07577150638562,-5.029487921922224,1.347252569827247,1.0668947860668918,1.0668947860668918,3.7347458571945485e-05,5.307246379397709,9.088876749178501,nan,nan,nan
23.2,220.00323486328125,-210.31251525878906,-5.017882823944092,218.6458814372999,-210.07172249512328,-5.029007473859212,1.3785910328639417,1.0668085261719495,1.0668085261719495,3.651982874863492e-05,5.170162892132771,9.80246040596396,7.573456267983699,0.1852683686884094,nan
23.21,220.00323486328125,-210.3037872314453,-5.017882823944092,218.6454264179056,-210.06280940289287,-5.02912012961302,1.3790722842643015,1.0668659544514523,1.0668659544514523,3.7244229212922634e-05,5.1730368004678375,9.795814868863214,nan,nan,nan
23.22,220.00323486328125,-210.29507446289062,-5.017882823944092,218.6449715190508,-210.0538964131656,-5.029495496543215,1.3795582691985542,1.0669234738638693,1.0669234738638693,3.6444979110580785e-05,5.483888781481081,10.219214863049258,nan,0.044514474444495,nan
23.23,220.00323486328125,-210.28634643554688,-5.017882823944092,218.6445167707085,-210.0449833645345,-5.0296127423679176,1.3800393393375834,1.0669810845537013,1.0669810845537013,3.716806621763014e-05,5.486681926265113,10.087122233896928,nan,nan,nan
23.240000000000002,220.00323486328125,-210.27761840820312,-5.017882823944092,218.64406204262252,-210.03607027448962,-5.028278205378421,1.3805087182894014,1.067038786665448,1.067038786665448,3.637363739461411e-05,4.756908858111622,9.34794849111993,nan,1.3776649930891476,nan
23.25,220.00323486328125,-210.26890563964844,-5.017882823944092,218.661456561606,-210.0560193424856,-5.028356605155309,1.35860196027353,1.0669525270913136,1.0669525270913136,3.707246718223249e-05,4.688942210015946,8.593510242637604,8.025026956856193,nan,nan
23.26,220.00323486328125,-210.2601776123047,-5.017882823944092,218.66103028405797,-210.04715192417447,-5.028003722178217,1.35904212917494,1.0670099552936496,1.0670099552936496,3.6283625899880405e-05,4.554012824901744,8.3486787168972,nan,0.1377506281316745,nan
23.27,220.00323486328125,-210.25144958496094,-5.017882823944092,218.66060417481683,-210.03828435599024,-5.02810555058149,1.3594855955796248,1.0670674746270554,1.0670674746270554,3.700349077222462e-05,4.556109521628011,8.345813202208126,nan,nan,nan
23.28,220.00323486328125,-210.2427215576172,-5.017882823944092,218.66017801991333,-210.02941670627996,-5.027870610875229,1.3599266156705574,1.0671250852360312,1.0671250852360312,3.621907362480534e-05,4.487210890348983,8.270183131937562,nan,0.07513602243373499,nan
23.29,220.00323486328125,-210.2340087890625,-5.017882823944092,218.6597519386423,-210.0205491901217,-5.027970890789761,1.3603724263116599,1.0671827872650774,1.0671827872650774,3.6937923770943903e-05,4.489153795744508,8.355721080349202,nan,nan,nan
23.3,220.00323486328125,-210.22528076171875,-5.017882823944092,218.64798225488366,-209.98148854272935,-5.028407785660489,1.3770457702732264,1.0670965280092382,1.0670965280092382,3.613583517523693e-05,4.842430694879392,9.283831824233806,7.240485300226431,0.0842164074664841,nan
23.31,220.00323486328125,-210.216552734375,-5.017882823944092,218.64753821374384,-209.97257374227064,-5.028513095163671,1.377516662992289,1.0671539561349896,1.0671539561349896,3.685286644038424e-05,4.844356526473915,9.278298990293301,nan,nan,nan
23.32,220.00323486328125,-210.20782470703125,-5.017882823944092,218.6470940246793,-209.96365901094376,-5.0274813082271415,1.3779793148557953,1.0672114753899953,1.0672114753899953,3.607767210433096e-05,4.332837177699859,8.76186111293671,nan,0.8597077658399854,nan
23.330000000000002,220.00323486328125,-210.19911193847656,-5.017882823944092,218.64664982190416,-209.95474423727813,-5.027577431207097,1.3784529492467497,1.0672690859187557,1.0672690859187557,3.67938708818394e-05,4.334657488120288,8.880773567160885,nan,nan,nan
23.34,220.00323486328125,-210.1903839111328,-5.017882823944092,218.6462056978434,-209.94582948033994,-5.026503959567624,1.3789160052188738,1.0673267878657706,1.0673267878657706,3.602253915029801e-05,3.8446623443573316,8.253970530203544,nan,0.912152854262316,nan
23.35,220.00323486328125,-210.18165588378906,-5.017882823944092,218.67998355195357,-209.9640782639003,-5.026449892802366,1.3410471461793252,1.0672405289257345,1.0672405289257345,3.671534500452147e-05,3.6840505416912777,6.9143045468318975,14.12341704670077,nan,nan
23.36,220.00323486328125,-210.1729278564453,-5.017882823944092,218.6795935726424,-209.9552067324349,-5.0278994640693595,1.3414652761826624,1.0672979569754795,1.0672979569754795,3.594862906773189e-05,4.476979319106647,7.705321101368615,nan,1.2457627889402567,nan
23.37,220.00323486328125,-210.16421508789062,-5.017882823944092,218.67920341384854,-209.9463352243869,-5.0279983779413815,1.341876759780851,1.0673554761526918,1.0673554761526918,3.6662510403524705e-05,4.477891106619354,7.800037745847816,nan,nan,nan
23.38,220.00323486328125,-210.15548706054688,-5.017882823944092,218.67881296728646,-209.93746375451005,-5.026128996050761,1.3422725207349182,1.0674130866018716,1.0674130866018716,3.589931262643637e-05,3.582013402005316,6.806749262750399,nan,2.599772142655958,nan
23.39,220.00323486328125,-210.14675903320312,-5.017882823944092,218.67842238448958,-209.92859226133046,-5.02621021956457,1.3426817157574198,1.0674707884675192,1.0674707884675192,3.661259340159778e-05,3.582816005708553,6.798552926299308,nan,nan,nan
23.400000000000002,220.00323486328125,-210.13803100585938,-5.017882823944092,218.65706906905947,-209.97204968421974,-5.02368908369377,1.3563723151547529,1.0673845298408124,1.0673845298408124,3.583115964109241e-05,2.6644454563243722,6.086841458105113,22.237214263915984,4.338673013904994,nan
23.41,220.00323486328125,-210.1293182373047,-5.017882823944092,218.65664575064844,-209.963261101429,-5.023746128314136,1.3568019711714012,1.0674419578151249,1.0674419578151249,3.654302396861533e-05,2.665332270503516,6.123554630131554,nan,nan,nan
23.42,220.00323486328125,-210.12059020996094,-5.017882823944092,218.65622258750292,-209.95447228997463,-5.025908557107579,1.3572404528420499,1.0674994769151456,1.0674994769151456,3.578727953383968e-05,3.52543103688813,6.9305047653018645,nan,2.9881068514396874,nan
23.43,220.00323486328125,-210.1118621826172,-5.017882823944092,218.6557994710078,-209.9456833461607,-5.02598823652499,1.3576683099160172,1.0675570872853748,1.0675570872853748,3.649868448592132e-05,3.52655863944698,6.927409555715942,nan,nan,nan
23.44,220.00323486328125,-210.10313415527344,-5.017882823944092,218.65537629611916,-209.9368945137911,-5.0243514737477755,1.3580869555749036,1.0676147890703127,1.0676147890703127,3.5745972468656414e-05,2.898127858349579,6.291759493941941,nan,1.994771416874858,nan
23.45,220.00323486328125,-210.09442138671875,-5.017882823944092,218.68266699289973,-209.9169224291381,-5.024363050472232,1.3324591451755894,1.0675285307544817,1.0675285307544817,3.643461672724167e-05,2.8156657355971806,5.632081938648821,6.324987706535158,nan,nan
23.46,220.00323486328125,-210.085693359375,-5.017882823944092,218.68228793199853,-209.90811598418244,-5.025947850506626,1.332853917013776,1.0675859586539311,1.0675859586539311,3.5685686405805e-05,3.4866831770086195,6.2421954016091705,nan,1.5693242069104094,nan
23.47,220.00323486328125,-210.07696533203125,-5.017882823944092,218.68190890727098,-209.89930953890806,-5.0260280494481915,1.3332404912674973,1.0676434776773576,1.0676434776773576,3.639547030487567e-05,3.4877311660146706,6.2370327879643375,nan,nan,nan
23.48,220.00323486328125,-210.0682373046875,-5.017882823944092,218.68152987817433,-209.89050309253867,-5.025440818925911,1.3336231255916318,1.0677010879692612,1.0677010879692612,3.564927749911313e-05,3.2680910532595835,6.013302318712369,nan,0.3039736402686672,nan
23.490000000000002,220.00323486328125,-210.0595245361328,-5.017882823944092,218.68115095932993,-209.881696535092,-5.025516591183965,1.334011589696137,1.0677587896741425,1.0677587896741425,3.635877809614222e-05,3.2693619259214897,6.060898272328923,nan,nan,nan
23.5,220.00323486328125,-210.05079650878906,-5.017882823944092,218.73105083598372,-209.8743497744948,-5.0248116128909635,1.28438065131422,1.0676725316667528,1.0676725316667528,3.559380383564908e-05,2.8938069317503,4.576252979831591,17.80165094776958,0.5000915847213977,nan
23.51,220.00323486328125,-210.0420684814453,-5.017882823944092,218.73075193906737,-209.8655453695987,-5.024882623183919,1.2846875879455315,1.0677299594919045,1.0677299594919045,3.630219371370392e-05,2.8953873466597844,4.576162303226348,nan,nan,nan
23.52,220.00323486328125,-210.03334045410156,-5.017882823944092,218.73045291959278,-209.85674089140838,-5.024976923874064,1.2849947890854048,1.0677874784393295,1.0677874784393295,3.5561940121435893e-05,2.961510640954314,4.641229874951104,nan,0.0003409920026734566,nan
23.53,220.00323486328125,-210.02462768554688,-5.017882823944092,218.73015385115335,-209.84793642522536,-5.02505011758043,1.285304024350925,1.0678450886535278,1.0678450886535278,3.627015378133607e-05,2.9633175225940795,4.6931282292556995,nan,nan,nan
23.54,220.00323486328125,-210.01589965820312,-5.017882823944092,218.72985486918768,-209.83913204001266,-5.024716393286267,1.2856088432600468,1.0679027902789995,1.0679027902789995,3.5532222906795376e-05,2.861887823431358,4.53314012878546,nan,0.11392536003684249,nan
23.55,220.00323486328125,-210.00717163085938,-5.017882823944092,218.72535274640353,-209.80876541397106,-5.0247800546687245,1.2932112369321127,1.0678165325776354,1.0678165325776354,3.621812535635865e-05,2.8796179342390023,4.775968400370998,3.3526907908497696,nan,nan
23.56,220.00323486328125,-209.99844360351562,-5.017882823944092,218.72504720692666,-209.79992673003366,-5.025013960718537,1.2935314016389348,1.0678739603290512,1.0678739603290512,3.5483269087340476e-05,2.999983408572757,4.892337998836861,nan,0.018030978564444612,nan
23.57,220.00323486328125,-209.98973083496094,-5.017882823944092,218.7247417721037,-209.79108812991174,-5.025088326883459,1.29385293898905,1.067931479201063,1.067931479201063,3.619038526667383e-05,3.0021346686855255,4.965082776006034,nan,nan,nan
23.580000000000002,220.00323486328125,-209.9810028076172,-5.017882823944092,218.72443643913235,-209.78224952547166,-5.024999914572183,1.2941711361903985,1.067989089338171,1.067989089338171,3.545760279990699e-05,2.9967578701138544,4.880748815248034,nan,0.018471674701151262,nan
23.59,220.00323486328125,-209.97227478027344,-5.017882823944092,218.7241310737901,-209.77341089378274,-5.02507488681672,1.2944902762899357,1.0680467908848752,1.0680467908848752,3.6164672744516475e-05,2.999179505169643,4.880561707714189,nan,nan,nan
23.6,220.00323486328125,-209.9635467529297,-5.017882823944092,218.77323003533323,-209.72895858709813,-5.024554474946905,1.2521932739201085,1.0679605334871396,1.0679605334871396,3.541260080888124e-05,2.7250895447126933,4.15158259475394,25.80514773933549,0.2756874516494823,nan
23.61,220.00323486328125,-209.954833984375,-5.017882823944092,218.77300291724845,-209.72006350264436,-5.024625815329433,1.2524509124370953,1.0680179611653768,1.0680179611653768,3.611878635322179e-05,2.7275349121475907,4.2678452861103064,nan,nan,nan
23.62,220.00323486328125,-209.94610595703125,-5.017882823944092,218.77277578364422,-209.71116836146783,-5.023829752020735,1.252701315726888,1.0680754799625594,1.0680754799625594,3.5390664757804885e-05,2.4685099283040666,3.8922162324154277,nan,0.5206136976992343,nan
23.63,220.00323486328125,-209.9373779296875,-5.017882823944092,218.77254860004606,-209.7022733598612,-5.0238945415050384,1.2529560958058432,1.068133090023187,1.068133090023187,3.609688327108064e-05,2.4709410673765,3.891562498947634,nan,nan,nan
23.64,220.00323486328125,-209.92864990234375,-5.017882823944092,218.77232136855793,-209.69337837374118,-5.023492763726817,1.253208759579721,1.06819079149176,1.06819079149176,3.537048621897936e-05,2.3600087502425495,3.7809572089074046,nan,0.15109233796981078,nan
23.650000000000002,220.00323486328125,-209.91993713378906,-5.017882823944092,218.7472202835399,-209.6943703534129,-5.023645553047487,1.2761215482777721,1.068104534395275,1.068104534395275,3.605470139897194e-05,2.4456934594909425,4.252434060771286,5.344809281163984,nan,nan
23.66,220.00323486328125,-209.9112091064453,-5.017882823944092,218.74695378756144,-209.68549078935956,-5.024078502329862,1.2764126630171027,1.0681619620008873,1.0681619620008873,3.5330787813753275e-05,2.6117150321593074,4.30997690134242,nan,0.0937107251115018,nan
23.67,220.00323486328125,-209.90248107910156,-5.017882823944092,218.74668728181825,-209.67661134934443,-5.024148049725889,1.2767020844171766,1.0682194807238197,1.0682194807238197,3.603629134755917e-05,2.615101675681313,4.309958970982339,nan,nan,nan
23.68,220.00323486328125,-209.8937530517578,-5.017882823944092,218.7464207116406,-209.66773197028408,-5.024959146658196,1.2769954641179784,1.0682770907085726,1.0682770907085726,3.53138955152842e-05,2.9444245051831044,4.637883636480371,nan,0.3804045510299191,nan
23.69,220.00323486328125,-209.88504028320312,-5.017882823944092,218.7461539979288,-209.65885274102118,-5.025037932400561,1.2772878696091312,1.0683347920996462,1.0683347920996462,3.601952462185453e-05,2.948390168277399,4.743892036708982,nan,nan,nan
23.7,220.00323486328125,-209.87631225585938,-5.017882823944092,218.7458786829608,-209.65405857708348,-5.024516321112747,1.2768654060644453,1.0682485353020523,1.0682485353020523,3.5277380814326275e-05,2.773532842457939,4.440665604969717,0.11659698131780713,0.24797476767487192,nan
23.71,220.00323486328125,-209.86758422851562,-5.017882823944092,218.74561173384328,-209.645185854507,-5.024591367261358,1.2771538580032111,1.0683059628355889,1.0683059628355889,3.5982287733414544e-05,2.7775300909026366,4.444944203011762,nan,nan,nan
23.72,220.00323486328125,-209.85885620117188,-5.017882823944092,218.7453447582246,-209.63631306763006,-5.024641963782917,1.277442229088029,1.0683634814848462,1.0683634814848462,3.5263489496527944e-05,2.822955067018084,4.4874907678907014,nan,0.00045119221923468233,nan
23.73,220.00323486328125,-209.8501434326172,-5.017882823944092,218.74507786442953,-209.6274403514109,-5.024718749604536,1.2777333156875754,1.0684210913943246,1.0684210913943246,3.596857882249229e-05,2.827193894365135,4.586854964628656,nan,nan,nan
23.740000000000002,220.00323486328125,-209.84141540527344,-5.017882823944092,218.74481101189886,-209.61856774502883,-5.0253434314727805,1.2780247767822344,1.0684787927085244,1.0684787927085244,3.525100877758952e-05,3.107594788254757,4.7645552624968746,nan,0.20822281149256627,nan
23.75,220.00323486328125,-209.8326873779297,-5.017882823944092,218.72308753009406,-209.60113359095513,-5.025428870874102,1.3009424636596336,1.0683925362074802,1.0683925362074802,3.5934295113604986e-05,3.168693992756547,5.298145052886945,3.7050007165241023,nan,nan
23.76,220.00323486328125,-209.82395935058594,-5.017882823944092,218.7227864255768,-209.59224769892737,-5.0258487171343535,1.3012693597362652,1.0684499636694862,1.0684499636694862,3.5218721971385806e-05,3.3865150803453705,5.516047982864361,nan,0.07822166572861504,nan
23.77,220.00323486328125,-209.81524658203125,-5.017882823944092,218.72248525799387,-209.58336190097478,-5.025938089895582,1.3015970743905343,1.068507482245639,1.068507482245639,3.592336579140348e-05,3.3917435980451565,5.624487715367183,nan,nan,nan
23.78,220.00323486328125,-209.8065185546875,-5.017882823944092,218.7221841239938,-209.57447612772188,-5.024498925542652,1.3019133831946668,1.0685650920804388,1.0685650920804388,3.520885208079078e-05,2.8294110454552466,4.95013380823904,nan,1.6319418412741673,nan
23.79,220.00323486328125,-209.79779052734375,-5.017882823944092,218.72188301939644,-209.56559038864242,-5.024575134082561,1.302238165334936,1.0686227933183858,1.0686227933183858,3.591374120894598e-05,2.8339549316654873,4.9511681881444005,nan,nan,nan
23.8,220.00323486328125,-209.7890625,-5.017882823944092,218.74393294268324,-209.59394801500574,-5.025123209737602,1.2743482305330993,1.0685365371115685,1.0685365371115685,3.5179077373529624e-05,3.009933243290071,4.437644451690334,13.42441683954496,0.2169796715248446,nan
23.81,220.00323486328125,-209.7803497314453,-5.017882823944092,218.74366704449912,-209.58512134651937,-5.02520547853749,1.2746289003716569,1.0685939645025855,1.0685939645025855,3.588335581407875e-05,3.014660630284408,4.508497746996075,nan,nan,nan
23.82,220.00323486328125,-209.77162170410156,-5.017882823944092,218.74340107836161,-209.5762946375427,-5.0262265115356275,1.2749131129916458,1.0686514830062002,1.0686514830062002,3.5171569886955415e-05,3.5002782290508536,4.926539953695633,nan,0.6147172148906953,nan
23.830000000000002,220.00323486328125,-209.7628936767578,-5.017882823944092,218.74313510713316,-209.56746774522134,-5.0263202000402725,1.275191703030087,1.0687090927669123,1.0687090927669123,3.587613291514703e-05,3.505810186586629,4.928653912695124,nan,nan,nan
23.84,220.00323486328125,-209.75416564941406,-5.017882823944092,218.74286928006185,-209.5586407856444,-5.0257388627151105,1.2754658337490998,1.0687667939292222,1.0687667939292222,3.516517039529098e-05,3.2771529049855834,4.695915325323054,nan,0.3196272749834346,nan
23.85,220.00323486328125,-209.74545288085938,-5.017882823944092,218.7363376409277,-209.56418570562056,-5.0258677218562315,1.2798242533335835,1.068680538014327,1.068680538014327,3.584805118566279e-05,3.311203962282838,4.820708971419813,1.7781647608634001,nan,nan
23.86,220.00323486328125,-209.73672485351562,-5.017882823944092,218.73606193903686,-209.5553816232055,-5.025095448680554,1.2801033587460744,1.0687379653348927,1.0687379653348927,3.51386919946102e-05,3.013697040619538,4.466265954540066,nan,0.5220859150992005,nan
23.87,220.00323486328125,-209.72799682617188,-5.017882823944092,218.73578635680616,-209.54657753235423,-5.02517898476746,1.2803874064899228,1.0687954837665308,1.0687954837665308,3.584299040895094e-05,3.019017565875867,4.468279021698518,nan,nan,nan
23.88,220.00323486328125,-209.7192840576172,-5.017882823944092,218.73551075804946,-209.5377733095186,-5.026697009314211,1.280682727503107,1.0688530934537415,1.0688530934537415,3.513431964496923e-05,3.745645298531297,5.250559773964337,nan,1.4395000557050504,nan
23.89,220.00323486328125,-209.71055603027344,-5.017882823944092,218.73523502343588,-209.52896900713245,-5.026796971382409,1.2809671747728946,1.068910794541025,1.068910794541025,3.58389425076108e-05,3.752215924322744,5.201188003136446,nan,nan,nan
23.900000000000002,220.00323486328125,-209.7018280029297,-5.017882823944092,218.7409948475239,-209.53120495865002,-5.027258616310995,1.2737542879617323,1.0688245389157651,1.0688245389157651,3.5109778436139366e-05,4.0216259351006025,5.332706569205864,1.1025798029459244,0.09587127230320039,nan
23.91,220.00323486328125,-209.69309997558594,-5.017882823944092,218.7407286733144,-209.52241824691043,-5.027364078373513,1.2740266976770174,1.068881966166413,1.068881966166413,3.5813862947259255e-05,4.028498445670897,5.336812511636685,nan,nan,nan
23.92,220.00323486328125,-209.68438720703125,-5.017882823944092,218.74046239952466,-209.51363131018178,-5.027394906947803,1.2743007303042035,1.0689394845266322,1.0689394845266322,3.510722147867822e-05,4.096270325896979,5.446410111714976,nan,0.004013542312262302,nan
23.93,220.00323486328125,-209.6756591796875,-5.017882823944092,218.74019599341938,-209.50484415229346,-5.0275015883769285,1.274573450608006,1.0689970941409233,1.0689970941409233,3.5811656299026694e-05,4.103131103414908,5.408638328251774,nan,nan,nan
23.94,220.00323486328125,-209.66693115234375,-5.017882823944092,218.73992948918806,-209.49605696983403,-5.027121975998376,1.2748426633870509,1.069054795153786,1.069054795153786,3.5105514424431665e-05,3.951745671861798,5.255071845602897,nan,0.1666277300190247,nan
23.95,220.00323486328125,-209.658203125,-5.017882823944092,218.7131755450201,-209.52800065689067,-5.027270673968411,1.2966471605885104,1.0689685398158923,1.0689685398158923,3.578833075502566e-05,4.0353192036495855,5.755296411488559,16.47939988398162,nan,nan
23.96,220.00323486328125,-209.6494903564453,-5.017882823944092,218.71286684517048,-209.51927797352565,-5.027302199860415,1.296955516381107,1.069025966997152,1.069025966997152,3.508348000362696e-05,4.102357331175325,5.818060101545742,nan,0.0038519334136760696,nan
23.97,220.00323486328125,-209.64076232910156,-5.017882823944092,218.71255823444585,-209.51055534874314,-5.027408100292312,1.2972627909739336,1.0690834852865059,1.0690834852865059,3.57877634775811e-05,4.109307508631998,5.820366559622762,nan,nan,nan
23.98,220.00323486328125,-209.6320343017578,-5.017882823944092,218.71224978798776,-209.50183276998436,-5.027864393413007,1.2975725549023291,1.069141094828454,1.069141094828454,3.5083306812438285e-05,4.414578637629426,6.121369783287641,nan,0.08570680918531316,nan
23.990000000000002,220.00323486328125,-209.62330627441406,-5.017882823944092,218.71194140735892,-209.4931102621342,-5.027975936400952,1.2978796792617093,1.0691987957674967,1.0691987957674967,3.578796308987968e-05,4.421889162162604,6.123465338268007,nan,nan,nan
24.0,220.00323486328125,-209.61459350585938,-5.017882823944092,218.68594170284763,-209.47602396761866,-5.027402254469197,1.3245955635630697,1.069112540714718,1.069112540714718,3.506272815119984e-05,4.2255441258109565,6.477011391743261,5.128172175376255,0.2964563368635856,nan
24.01,220.00323486328125,-209.60586547851562,-5.017882823944092,218.68559227892382,-209.46728799447004,-5.027508779149554,1.3249446623199579,1.0691699678271156,1.0691699678271156,3.57668890302036e-05,4.232457644975004,6.468926597937567,nan,nan,nan
24.02,220.00323486328125,-209.59713745117188,-5.017882823944092,218.68524304125134,-209.45855188356288,-5.028679246349081,1.3253018392894418,1.0692274860461533,1.0692274860461533,3.506391226052698e-05,4.9668891683767855,7.195231679938081,nan,0.7948700579791007,nan
24.03,220.00323486328125,-209.58840942382812,-5.017882823944092,218.68489397182265,-209.44981567365235,-5.028798319760565,1.325650814403465,1.0692850955163309,1.0692850955163309,3.57684618676665e-05,4.974462221845916,7.1956873076292815,nan,nan,nan
24.04,220.00323486328125,-209.57969665527344,-5.017882823944092,218.68454498893635,-209.441079430028,-5.026594289320515,1.325984015538465,1.0693427963821487,1.0693427963821487,3.506573117292084e-05,3.808358560624905,6.029385572773213,nan,3.7989983374653327,nan
24.05,220.00323486328125,-209.5709686279297,-5.017882823944092,218.66035831273095,-209.44655666589108,-5.026510170778055,1.3486549586271368,1.0692565416122513,1.0692565416122513,3.574868694905399e-05,3.7830566689354255,6.558596925356051,6.849941327986512,nan,nan
24.060000000000002,220.00323486328125,-209.56224060058594,-5.017882823944092,218.65997163967512,-209.43784304260714,-5.026352107264046,1.349037645539876,1.069313968656309,1.069313968656309,3.504700510180176e-05,3.7485121320904664,6.522254359447546,nan,0.04505930733773977,nan
24.07,220.00323486328125,-209.5535125732422,-5.017882823944092,218.65958486606888,-209.42912943179644,-5.026445428697038,1.3494220240847048,1.069371486805575,1.069371486805575,3.575146661835347e-05,3.7535191731928297,6.521473454865999,nan,nan,nan
24.080000000000002,220.00323486328125,-209.5447998046875,-5.017882823944092,218.65919791350035,-209.42041583555323,-5.026617384934423,1.3498085000138482,1.06942909620455,1.06942909620455,3.5049950554989514e-05,3.8803063509310984,6.641733111202791,nan,0.0042530220029477084,nan
24.09,220.00323486328125,-209.53607177734375,-5.017882823944092,218.65881073054135,-209.41170221339544,-5.02671330674532,1.3501933248822682,1.0694867969977342,1.0694867969977342,3.5754810657308984e-05,3.8853968312418763,6.649414538250729,nan,nan,nan
24.1,220.00323486328125,-209.52734375,-5.017882823944092,218.62746230931995,-209.37936811686782,-5.02574144091047,1.3837299830872658,1.069400542508502,1.069400542508502,3.503228628730397e-05,3.553276788663423,7.140259988540687,11.872070947367192,0.5627008897898781,nan
24.11,220.00323486328125,-209.51861572265625,-5.017882823944092,218.62702627576346,-209.3706169540213,-5.025827103359839,1.3841664724485345,1.0694579694847377,1.0694579694847377,3.573667267113879e-05,3.557442082136229,7.133165091259581,nan,nan,nan
24.12,220.00323486328125,-209.50990295410156,-5.017882823944092,218.62659036839017,-209.361865785093,-5.026565498676795,1.3846084130766028,1.0695154875647734,1.0695154875647734,3.50362143756805e-05,3.944201724524238,7.532285783886853,nan,0.29930399018778925,nan
24.13,220.00323486328125,-209.5011749267578,-5.017882823944092,218.62615437576363,-209.35311453576995,-5.026659722962179,1.3850449748790148,1.069573096893109,1.069573096893109,3.574100819901259e-05,3.948831732344412,7.515467399767383,nan,nan,nan
24.14,220.00323486328125,-209.49244689941406,-5.017882823944092,218.6257183449969,-209.34436319520458,-5.026316550236087,1.3854788592172074,1.069630797614245,1.069630797614245,3.504060227531264e-05,3.824392589813889,7.381989752021451,nan,0.1353456507222691,nan
24.150000000000002,220.00323486328125,-209.4837188720703,-5.017882823944092,218.6247360163681,-209.31866169795424,-5.026409651748331,1.388371581551733,1.069544543403479,1.069544543403479,3.572380171215154e-05,3.837419631145778,7.476156978646949,1.9966858836507666,nan,nan
24.16,220.00323486328125,-209.47500610351562,-5.017882823944092,218.62429914507698,-209.30988326894283,-5.026502411498514,1.3888137249921257,1.0696019703124076,1.0696019703124076,3.6442450053493016e-05,3.8419782072835016,7.51104679033722,nan,nan,nan
24.17,220.00323486328125,-209.46627807617188,-5.017882823944092,218.62386229544774,-209.3011047949445,-5.026596225398325,1.3892540505925972,1.0696594883237494,1.0696594883237494,3.717557184979015e-05,3.8465583878144685,7.471951076673988,nan,nan,nan
24.18,220.00323486328125,-209.45755004882812,-5.017882823944092,218.6234253942581,-209.29232625580542,-5.027510720079498,1.389699884496913,1.0697170975820045,1.0697170975820045,3.6389947897605304e-05,4.352619374130592,7.974259706180247,nan,0.4381602006824391,nan
24.19,220.00323486328125,-209.44882202148438,-5.017882823944092,218.62298841405524,-209.28354752126705,-5.027614778111413,1.39014050799011,1.0697747982316734,1.0697747982316734,3.712176688154967e-05,4.3577160827502,7.9738569212334065,nan,nan,nan
24.2,220.00323486328125,-209.4401092529297,-5.017882823944092,218.63434375212347,-209.23678013115924,-5.026389695830693,1.3839356823335462,1.069688544297192,1.069688544297192,3.63165087537641e-05,3.78310436692675,7.378696640329956,11.494553352324106,0.9715535397835738,nan
24.21,220.00323486328125,-209.43138122558594,-5.017882823944092,218.63392542645278,-209.22794093696982,-5.026481475258532,1.384366361056259,1.069745971139324,1.069745971139324,3.7046176744375006e-05,3.787251085120766,7.301614903707139,nan,nan,nan
24.22,220.00323486328125,-209.4226531982422,-5.017882823944092,218.63350699947273,-209.2191017844028,-5.027319252292904,1.384802023810426,1.0698034890825043,1.0698034890825043,3.6267564255107634e-05,4.247723834553293,7.756858900131285,nan,0.3643949379814529,nan
24.23,220.00323486328125,-209.41392517089844,-5.017882823944092,218.6330886897771,-209.21026267381293,-5.027420572647572,1.385232802866532,1.0698610982712333,1.0698610982712333,3.699608161222584e-05,4.252356746810263,7.749867087432956,nan,nan,nan
24.240000000000002,220.00323486328125,-209.40521240234375,-5.017882823944092,218.63267039974576,-209.2014236230524,-5.0262510320068445,1.3856575486668996,1.0699187988500112,1.0699187988500112,3.622035161496238e-05,3.7278650282211503,7.300051272331661,nan,1.0652416627073849,nan
24.25,220.00323486328125,-209.396484375,-5.017882823944092,218.61689698882066,-209.19472733511597,-5.026263901754044,1.4009671115953934,1.0698325451896493,1.0698325451896493,3.6924383362901294e-05,3.7368615815727377,7.661384698875848,1.9285472361363774,nan,nan
24.26,220.00323486328125,-209.38775634765625,-5.017882823944092,218.6164542793769,-209.18589141546823,-5.028273543189975,1.4014341960248369,1.0698899719654917,1.0698899719654917,3.615242830761724e-05,4.822058192940688,8.739496180942753,nan,2.435261474926523,nan
24.27,220.00323486328125,-209.3790283203125,-5.017882823944092,218.61601166055675,-209.17705537432587,-5.0283835265041885,1.4018885654152362,1.0699474898410393,1.0699474898410393,3.6877932739180075e-05,4.8267009837843275,8.732886193635121,nan,nan,nan
24.28,220.00323486328125,-209.3703155517578,-5.017882823944092,218.61556910328085,-209.16821927946015,-5.029018886378695,1.4023491635968033,1.070005098960792,1.070005098960792,3.6108695279947006e-05,5.272208626936082,9.246005098121664,nan,0.1823414208890413,nan
24.29,220.00323486328125,-209.36158752441406,-5.017882823944092,218.61512655479123,-209.15938328487212,-5.029135858151819,1.4028035719111336,1.0700627994692504,1.0700627994692504,3.683325074705608e-05,5.2768406299693,9.166252693585124,nan,nan,nan
24.3,220.00323486328125,-209.3528594970703,-5.017882823944092,218.63092561550798,-209.1524216421374,-5.027983758347758,1.386906642168096,1.0699765460808603,1.0699765460808603,3.604439034096833e-05,4.6282620481266,8.089439736633238,1.8766116365710483,1.1111106272248492,nan
24.310000000000002,220.00323486328125,-209.34413146972656,-5.017882823944092,218.63050868894638,-209.14358914796503,-5.028090429131416,1.3873350596468106,1.0700339727909167,1.0700339727909167,3.6767152223749206e-05,4.632550191574088,8.087256421784632,nan,nan,nan
24.32,220.00323486328125,-209.33541870117188,-5.017882823944092,218.6300917608645,-209.13475668033234,-5.027618006396342,1.3877615069238207,1.070091490599356,1.070091490599356,3.600405401640375e-05,4.431955765635321,7.951988042255731,nan,0.22428003419559453,nan
24.330000000000002,220.00323486328125,-209.32669067382812,-5.017882823944092,218.62967482964933,-209.1259241164699,-5.0277208253486165,1.3881898871609852,1.0701490996506782,1.0701490996506782,3.6725997137317036e-05,4.4360210205783055,7.877754747104189,nan,nan,nan
24.34,220.00323486328125,-209.31796264648438,-5.017882823944092,218.6292578868135,-209.11709157979118,-5.027368731248435,1.3886151013637054,1.0702068000893836,1.0702068000893836,3.596536342163288e-05,4.3035915864474354,7.7377208065624075,nan,0.13882577847301975,nan
24.35,220.00323486328125,-209.30923461914062,-5.017882823944092,218.64663861180185,-209.12289134454082,-5.0274644089492275,1.369368106933908,1.0701205469708341,1.0701205469708341,3.66635411715896e-05,4.256245676767312,7.171924388086034,3.686307795620663,nan,nan
24.36,220.00323486328125,-209.30052185058594,-5.017882823944092,218.64625002274508,-209.1140819662509,-5.0265235863296285,1.3697599609750775,1.0701779736156039,1.0701779736156039,3.590623255316668e-05,3.8325181720386956,6.796580381457381,nan,0.7277278649226113,nan
24.37,220.00323486328125,-209.2917938232422,-5.017882823944092,218.64586159866928,-209.10527260149752,-5.026615370836877,1.370156415530615,1.0702354913574552,1.0702354913574552,3.662580696214709e-05,3.8361221625936324,6.735132740244768,nan,nan,nan
24.38,220.00323486328125,-209.28306579589844,-5.017882823944092,218.64547325529995,-209.09646324212585,-5.0257886374781,1.370547189654577,1.0702931003408882,1.0702931003408882,3.5870800651453225e-05,3.4973913530136844,6.3913144147016805,nan,0.5678819676192618,nan
24.39,220.00323486328125,-209.2743377685547,-5.017882823944092,218.64508488133,-209.08765393723056,-5.025873415086738,1.370943498434136,1.070350800710403,1.070350800710403,3.6589725999876636e-05,3.5009066788102876,6.390599135609634,nan,nan,nan
24.400000000000002,220.00323486328125,-209.265625,-5.017882823944092,218.640926163745,-209.04544195388928,-5.02422306925802,1.3800020888887687,1.0702645478595798,1.0702645478595798,3.581501165339814e-05,2.9017393456744616,6.238663737893569,7.852079461778772,2.0626094056950732,nan
24.41,220.00323486328125,-209.25689697265625,-5.017882823944092,218.64053181155992,-209.0365798259452,-5.024293078402224,1.3804131061634142,1.0703219744395591,1.0703219744395591,3.653244357299037e-05,2.9050956683631863,6.1436897820206235,nan,nan,nan
24.42,220.00323486328125,-209.2481689453125,-5.017882823944092,218.64013744175273,-209.02771773841147,-5.024456399490886,1.3808245823048257,1.070379492115339,1.070379492115339,3.578272365582318e-05,2.988887498418047,6.224077412221025,nan,0.005735939879144388,nan
24.43,220.00323486328125,-209.23944091796875,-5.017882823944092,218.6397431689398,-209.01885563280123,-5.024529415812871,1.3812355504236256,1.0704371010314195,1.0704371010314195,3.649961567786282e-05,2.9925787369937877,6.217957597394652,nan,nan,nan
24.44,220.00323486328125,-209.23072814941406,-5.017882823944092,218.639349142602,-209.00999356141062,-5.0239565843336464,1.381645724481899,1.0704948013323012,1.0704948013323012,3.575195309074608e-05,2.815049128367278,6.123787850509096,nan,0.28287884431864635,nan
24.45,220.00323486328125,-209.2220001220703,-5.017882823944092,218.64810095082535,-208.98796090338973,-5.024046362231095,1.3752091716436667,1.0704085487471062,1.0704085487471062,3.644565121096653e-05,2.809118976998774,5.955230461646211,1.8044921519278205,nan,nan
24.46,220.00323486328125,-209.21327209472656,-5.017882823944092,218.6477216504765,-208.9790778842457,-5.026860328527749,1.3756248012810497,1.0704659752627874,1.0704659752627874,3.570088462656397e-05,4.025223845484209,7.1662328619674724,nan,5.105514369766432,nan
24.47,220.00323486328125,-209.2045440673828,-5.017882823944092,218.64734228662707,-208.9701951501219,-5.026958562864305,1.3760256042255303,1.0705234928730083,1.0705234928730083,3.641594454873374e-05,4.03052869390981,7.1639131169538235,nan,nan,nan
24.48,220.00323486328125,-209.19583129882812,-5.017882823944092,218.6469627983451,-208.96131251439073,-5.026493433676583,1.3764254854441367,1.0705811017222693,1.0705811017222693,3.5673081545521924e-05,3.84796513256148,7.083995911725133,nan,0.21619696111895978,nan
24.490000000000002,220.00323486328125,-209.18710327148438,-5.017882823944092,218.6465831967627,-208.95242987305065,-5.026587976162394,1.3768264697757528,1.07063880195507,1.07063880195507,3.638774118207913e-05,3.8530693059665992,6.979146994483932,nan,nan,nan
24.5,220.00323486328125,-209.17837524414062,-5.017882823944092,218.65197825281786,-208.9255646180608,-5.027087851195471,1.3747335641885639,1.0705525496334214,1.0705525496334214,3.562502196242109e-05,4.143719203051373,7.35778518995807,2.5009077302482208,0.12475569207947314,nan
24.51,220.00323486328125,-209.16966247558594,-5.017882823944092,218.65160787632803,-208.91665348164528,-5.027188506141394,1.3751347783385675,1.0706099760852934,1.0706099760852934,3.633843503088866e-05,4.149231734909307,7.484833887075708,nan,nan,nan
24.52,220.00323486328125,-209.1609344482422,-5.017882823944092,218.65123743501672,-208.90774236162338,-5.027334970711646,1.3755335771397192,1.070667493630464,1.070667493630464,3.5600052621808554e-05,4.276758312487259,7.480076701859648,nan,0.001370292702423759,nan
24.53,220.00323486328125,-209.15220642089844,-5.017882823944092,218.6508669722399,-208.89883121137203,-5.027437959851038,1.375932124105107,1.0707251024134337,1.0707251024134337,3.631315514675415e-05,4.282309721073767,7.480363365384273,nan,nan,nan
24.54,220.00323486328125,-209.1434783935547,-5.017882823944092,218.65049641468943,-208.88992003219892,-5.025915488715788,1.3763203393888241,1.0707828025787025,1.0707828025787025,3.5576446660375075e-05,3.5826433205676738,6.774929919612778,nan,1.8062770320910402,nan
24.55,220.00323486328125,-209.134765625,-5.017882823944092,218.6242240012076,-208.89482241737815,-5.026035834745103,1.3997536112423756,1.0706965505185353,1.0706965505185353,3.6266799898076434e-05,3.6627271361502354,7.475299501756354,6.027283890764115,nan,nan
24.560000000000002,220.00323486328125,-209.12603759765625,-5.017882823944092,218.62381224605159,-208.8859332189433,-5.02578505717468,1.4001854573205281,1.070753976907083,1.070753976907083,3.5532589892773596e-05,3.5883214357599758,7.278376795691567,nan,0.07955177384421283,nan
24.57,220.00323486328125,-209.1173095703125,-5.017882823944092,218.62340049880805,-208.87704414783047,-5.025872682708559,1.400619214656394,1.0708114943877083,1.0708114943877083,3.6244297913364504e-05,3.5932684135464426,7.279315137621891,nan,nan,nan
24.580000000000002,220.00323486328125,-209.10858154296875,-5.017882823944092,218.62298861641278,-208.86815531943935,-5.025376895146455,1.4010498321110074,1.070869103104911,1.070869103104911,3.5511620359882434e-05,3.4144678682006435,7.093792699364718,nan,0.23419880136601656,nan
24.59,220.00323486328125,-209.09986877441406,-5.017882823944092,218.62257674729628,-208.85926665509731,-5.025460967836325,1.4014862258758494,1.0709268032031911,1.0709268032031911,3.622313005251544e-05,3.4194278638460753,7.201608044645905,nan,nan,nan
24.6,220.00323486328125,-209.0911407470703,-5.017882823944092,218.6426684579079,-208.85148808292493,-5.025988347379328,1.3815353930944838,1.0708405514024557,1.0708405514024557,3.547041125954236e-05,3.634548458366064,6.796628637185549,3.657111466560765,0.22537678848401252,nan
24.61,220.00323486328125,-209.08241271972656,-5.017882823944092,218.6422894246104,-208.8426015654555,-5.026077483480901,1.3819366950756973,1.070897977728161,1.070897977728161,3.61808731327609e-05,3.6392734296430502,6.794573872944155,nan,nan,nan
24.62,220.00323486328125,-209.0736846923828,-5.017882823944092,218.64191052612964,-208.83371518407566,-5.025411988581058,1.382333535785988,1.0709554951447413,1.0709554951447413,3.545193582115873e-05,3.3832101822818705,6.528996276604499,nan,0.39284671673819604,nan
24.63,220.00323486328125,-209.06497192382812,-5.017882823944092,218.64153198930777,-208.82482870940294,-5.0254958402520655,1.3827369375406937,1.071013103796697,1.071013103796697,3.616227170900921e-05,3.387856056025273,6.632326975374428,nan,nan,nan
24.64,220.00323486328125,-209.05624389648438,-5.017882823944092,218.64115357288102,-208.81594222992746,-5.025059851212546,1.3831347881999028,1.0710708038285282,1.0710708038285282,3.543465717002737e-05,3.2397264068748632,6.371627717454913,nan,0.18680122188379203,nan
24.650000000000002,220.00323486328125,-209.04751586914062,-5.017882823944092,218.65886902823837,-208.79489852158173,-5.025065339855459,1.3679132323554177,1.0709845522851915,1.0709845522851915,3.612258224361925e-05,3.1752686340267275,6.0520627065694725,3.55296826942026,nan,nan
24.66,220.00323486328125,-209.03878784179688,-5.017882823944092,218.65851916798968,-208.78599285736178,-5.025145591263224,1.3682903029358067,1.0710419785485326,1.0710419785485326,3.684627534280601e-05,3.1795489424043017,6.051266511628767,nan,nan,nan
24.67,220.00323486328125,-209.0300750732422,-5.017882823944092,218.6581692413653,-208.77708724382276,-5.025226777134491,1.3686702680861287,1.0710994959015652,1.0710994959015652,3.7584455463699245e-05,3.183860017387293,6.173512651367249,nan,nan,nan
24.68,220.00323486328125,-209.02134704589844,-5.017882823944092,218.6578192872411,-208.76818167219,-5.025079003609658,1.3690462240911268,1.07115710448879,1.07115710448879,3.6770936853276436e-05,3.158043418439151,6.021793057540538,nan,0.03378528299603741,nan
24.69,220.00323486328125,-209.0126190185547,-5.017882823944092,218.6574692627456,-208.75927617054134,-5.025159970430187,1.3694234579141658,1.0712148044547067,1.0712148044547067,3.7507312164120296e-05,3.1625067292495523,6.022614700794715,nan,nan,nan
24.7,220.00323486328125,-209.00389099121094,-5.017882823944092,218.65084851882798,-208.71019754879816,-5.025828258889742,1.3839320043688585,1.0711285531667516,1.0711285531667516,3.6675346847117613e-05,3.5093430782560953,7.100503903119443,11.479292960370659,0.21524849566599158,nan
24.71,220.00323486328125,-208.99517822265625,-5.017882823944092,218.65048829001682,-208.70122837020116,-5.025917003318849,1.3843389596754254,1.0711859793682028,1.0711859793682028,3.740909595628816e-05,3.514443275668,7.263312629088309,nan,nan,nan
24.72,220.00323486328125,-208.9864501953125,-5.017882823944092,218.650128192304,-208.6922590142247,-5.026952682818041,1.3847484885035752,1.0712434966581812,1.0712434966581812,3.660545562421735e-05,4.037195496587351,7.615376744724851,nan,0.5766517134459845,nan
24.73,220.00323486328125,-208.97772216796875,-5.017882823944092,218.64976824158907,-208.68328952640834,-5.0270526990206355,1.385152180469711,1.071301105181187,1.071301105181187,3.7337616045214914e-05,4.042932904042546,7.613321635331946,nan,nan,nan
24.740000000000002,220.00323486328125,-208.968994140625,-5.017882823944092,218.64940838857524,-208.67432001708198,-5.024565366363176,1.3855409120895472,1.07135880508172,1.07135880508172,3.653819059294528e-05,3.0140005266860497,6.577165175706975,nan,4.33321522091225,nan
24.75,220.00323486328125,-208.9602813720703,-5.017882823944092,218.62571097383403,-208.6749839996114,-5.02457768367269,1.4067734280531918,1.0712725540471446,1.0712725540471446,3.72452501717598e-05,3.0507102553623477,7.193649758534437,4.599134528142347,nan,nan
24.76,220.00323486328125,-208.95155334472656,-5.017882823944092,218.62531434112094,-208.66602971125909,-5.023324562593403,1.4072023035720689,1.0713299801871774,1.0713299801871774,3.645090761377693e-05,2.660740785008187,6.642277486467689,nan,1.1482324984833965,nan
24.77,220.00323486328125,-208.9428253173828,-5.017882823944092,218.62491775310173,-208.65707530566596,-5.0233884734356735,1.4076368273053033,1.0713874974145907,1.0713874974145907,3.71792620881334e-05,2.664685902385212,6.642617686296703,nan,nan,nan
24.78,220.00323486328125,-208.93409729003906,-5.017882823944092,218.62452112271237,-208.64812086582174,-5.023645187086781,1.4080721922083963,1.071445105873885,1.071445105873885,3.638886334452264e-05,2.762929689080967,6.734092780484211,nan,0.02402936485215932,nan
24.79,220.00323486328125,-208.92538452148438,-5.017882823944092,218.62412437590262,-208.63916647938598,-5.023712714214855,1.4085100253959568,1.0715028057095601,1.0715028057095601,3.711591516871672e-05,2.767196003869099,6.8888740212174,nan,nan,nan
24.8,220.00323486328125,-208.91665649414062,-5.017882823944092,218.633467267739,-208.64046612340204,-5.02380918490035,1.3973473113154369,1.0714165549263786,1.0714165549263786,3.783316388336679e-05,2.7507276620866707,6.36078681268505,1.4205479077549628,nan,nan
24.810000000000002,220.00323486328125,-208.90792846679688,-5.017882823944092,218.63308608899217,-208.63152787740316,-5.023879379252709,1.3977628225770726,1.0714739810054603,1.0714739810054603,3.858841204037624e-05,2.7552323274461106,6.35892953227318,nan,nan,nan
24.82,220.00323486328125,-208.89920043945312,-5.017882823944092,218.6327048196109,-208.62258967191633,-5.023598079122664,1.3981769492671952,1.0715314981707944,1.0715314981707944,3.770934680577939e-05,2.6905745546558055,6.291644775291967,nan,0.07529128655638803,nan
24.830000000000002,220.00323486328125,-208.89048767089844,-5.017882823944092,218.63232337313136,-208.61365152463662,-5.023666478444736,1.3985957301384404,1.071589106566881,1.071589106566881,3.8461556411618965e-05,2.6950773671569874,6.434478893608908,nan,nan,nan
24.84,220.00323486328125,-208.8817596435547,-5.017882823944092,218.63194188213402,-208.60471332656346,-5.021808036052458,1.3990048281518448,1.0716468063382203,1.0716468063382203,3.759006298404742e-05,2.2362238373565337,5.82940339352423,nan,2.2681449673678067,nan
24.85,220.00323486328125,-208.87303161621094,-5.017882823944092,218.69517563282002,-208.6362251202698,-5.021727356991552,1.3293272912827299,1.0715605558044619,1.0715605558044619,3.831458285249097e-05,2.034851948385412,3.857356800508365,40.155834633414955,nan,nan
24.86,220.00323486328125,-208.8643035888672,-5.017882823944092,218.69489474462492,-208.62735112105582,-5.023184286513547,1.3296347030643174,1.071617981823057,1.071617981823057,3.745152938621005e-05,2.400198805415124,4.223014789143261,nan,1.2180228966890376,nan
24.87,220.00323486328125,-208.8555908203125,-5.017882823944092,218.69461372717157,-208.61847711265602,-5.023248740589655,1.3299402171876127,1.0716754989267938,1.0716754989267938,3.8197226702627916e-05,2.4042174672211205,4.3287371904643726,nan,nan,nan
24.88,220.00323486328125,-208.84686279296875,-5.017882823944092,218.69433272646648,-208.6096031159337,-5.022291015231418,1.330239222942797,1.0717331072601723,1.0717331072601723,3.7341231259079615e-05,2.1714738078799134,3.994193314538856,nan,0.6479261728332836,nan
24.89,220.00323486328125,-208.838134765625,-5.017882823944092,218.6940518718599,-208.60072930014576,-5.022347629743602,1.3305417673102948,1.0717908069676931,1.0717908069676931,3.808439736706963e-05,2.175170933894612,3.993446668172623,nan,nan,nan
24.900000000000002,220.00323486328125,-208.82940673828125,-5.017882823944092,218.69123341021916,-208.59132122432484,-5.0217497441161,1.3334344670303642,1.0717045566814027,1.0717045566814027,3.7211884906789724e-05,2.060905579154327,3.944398146070914,0.053181113620591455,0.25733266436819774,nan
24.91,220.00323486328125,-208.82069396972656,-5.017882823944092,218.6909485523969,-208.58244695514477,-5.0218017952856195,1.3337437385150097,1.071761982639972,1.071761982639972,3.795173813922107e-05,2.0644307586385326,4.047554381544844,nan,nan,nan
24.92,220.00323486328125,-208.8119659423828,-5.017882823944092,218.69066359310253,-208.57357280766385,-5.021282737699466,1.3340487942325276,1.0718194996825898,1.0718194996825898,3.711019929429755e-05,1.971912674638006,3.854549051537362,nan,0.20499741871956834,nan
24.93,220.00323486328125,-208.80323791503906,-5.017882823944092,218.69037851884255,-208.56469865246805,-5.021330983617627,1.334355518865194,1.0718771079537563,1.0718771079537563,3.784783408567073e-05,1.9752454220364954,3.8604056836618224,nan,nan,nan
24.94,220.00323486328125,-208.7945098876953,-5.017882823944092,218.69009347097366,-208.55582463206014,-5.018687027524616,1.3346578640957134,1.0719348075979718,1.0719348075979718,3.701261845287871e-05,1.679245329399082,3.563436749895967,nan,4.569735287395398,nan
24.95,220.00323486328125,-208.78579711914062,-5.017882823944092,218.6775233818348,-208.54761006300484,-5.01881771578666,1.346939077973596,1.0718485575572099,1.0718485575572099,3.772425224872601e-05,1.7157996391351393,3.9434438996455103,1.5280198277625705,nan,nan
24.96,220.00323486328125,-208.77706909179688,-5.017882823944092,218.67721878209733,-208.53873772512532,-5.019376061464666,1.347264902554874,1.071905983456211,1.071905983456211,3.689617396636089e-05,1.7537912413577335,3.8821146958685033,nan,0.17911868652524573,nan
24.97,220.00323486328125,-208.76834106445312,-5.017882823944092,218.67691430028438,-208.52986532824863,-5.0194090240812805,1.3475901609441447,1.0719635004381844,1.0719635004381844,3.762886639598323e-05,1.7559862463449398,3.8861225595299054,nan,nan,nan
24.98,220.00323486328125,-208.75961303710938,-5.017882823944092,218.67660977683465,-208.52099285386893,-5.020516319951972,1.3479171514378647,1.0720211086476308,1.0720211086476308,3.6806648835996297e-05,1.883236736749193,4.01670656077652,nan,0.7342099960968607,nan
24.990000000000002,220.00323486328125,-208.7509002685547,-5.017882823944092,218.67630519363533,-208.51212029340297,-5.020561652700531,1.348245304402575,1.0720788082290498,1.0720788082290498,3.75375344653074e-05,1.8867172833499166,4.121622273872765,nan,nan,nan
25.0,220.00323486328125,-208.74217224121094,-5.017882823944092,218.71080581108825,-208.4862291517299,-5.02121941777547,1.317532106957546,1.0719925584318915,1.0719925584318915,3.669835368645656e-05,1.9226632729872764,3.661734186390321,10.68971115077391,0.30768971326933564,nan
25.01,220.00323486328125,-208.7334442138672,-5.017882823944092,218.71055645751332,-208.47732945810975,-5.0212718843787645,1.3178101967225928,1.0720499842717783,1.0720499842717783,3.742664332210507e-05,1.9267850376019056,3.671606344394946,nan,nan,nan
25.02,220.00323486328125,-208.72471618652344,-5.017882823944092,218.71030696621625,-208.46842986655008,-5.0225889655459355,1.318092323239606,1.0721075011935788,1.0721075011935788,3.6616494429793904e-05,2.2253530588768773,3.9728675281970793,nan,1.0279450465422795,nan
25.03,220.00323486328125,-208.71600341796875,-5.017882823944092,218.7100574736585,-208.45953032223417,-5.022655985833593,1.3183736165979612,1.0721651093417928,1.0721651093417928,3.734323002846941e-05,2.2311985856193544,4.094481997243824,nan,nan,nan
25.04,220.00323486328125,-208.707275390625,-5.017882823944092,218.70980805357846,-208.4506307088426,-5.022620107031216,1.3186515258384932,1.0722228088609205,1.0722228088609205,3.6538283185418794e-05,2.23589699363053,3.980737289828017,nan,0.0069619020887161905,nan
25.05,220.00323486328125,-208.69854736328125,-5.017882823944092,218.71803518733128,-208.44033882762199,-5.022715374534733,1.3108902351052953,1.0721365593054561,1.0721365593054561,3.724031364822443e-05,2.229893973197488,3.8868996798798006,0.5447834344354884,nan,nan
25.060000000000002,220.00323486328125,-208.6898193359375,-5.017882823944092,218.7177992823384,-208.4314370810868,-5.0248381825361506,1.311165283016882,1.0721939850866795,1.0721939850866795,3.644134894072491e-05,2.9308843416366366,4.587644116087682,nan,2.7421272401975134,nan
25.07,220.00323486328125,-208.6811065673828,-5.017882823944092,218.7175635133252,-208.42253551114754,-5.0249286185516375,1.311434121274155,1.072251501948774,1.072251501948774,3.716440587282147e-05,2.9396972159152925,4.7076619528870705,nan,nan,nan
25.080000000000002,220.00323486328125,-208.67237854003906,-5.017882823944092,218.71732799722142,-208.4136341269028,-5.023243590274975,1.3116912278904311,1.0723091100362396,1.0723091100362396,3.6370232729789364e-05,2.3946327701693733,4.039427987061304,nan,2.0602951648033714,nan
25.09,220.00323486328125,-208.6636505126953,-5.017882823944092,218.7170926228301,-208.4047329936857,-5.023318547353098,1.3119564365525815,1.0723668094935765,1.0723668094935765,3.709206454601197e-05,2.401635823208688,4.043326435402876,nan,nan,nan
25.1,220.00323486328125,-208.65492248535156,-5.017882823944092,218.71251806604343,-208.34701380567293,-5.022316267663763,1.3269428251121114,1.0722805601779113,1.0722805601779113,3.62804097864926e-05,2.1838321007001853,4.577923473996134,17.194063214663913,0.6132575834525209,nan
25.11,220.00323486328125,-208.64620971679688,-5.017882823944092,218.7122758326146,-208.3380358760838,-5.022381449551617,1.3272402090774504,1.0723379859009186,1.0723379859009186,3.7000217171098824e-05,2.18967542353894,4.75444326246311,nan,nan,nan
25.12,220.00323486328125,-208.63748168945312,-5.017882823944092,218.71203355760346,-208.32905809861427,-5.021675515962248,1.327531659766615,1.0723955027037708,1.0723955027037708,3.621599857927938e-05,2.040541145502576,4.4347035321811274,nan,0.3927476991137572,nan
25.13,220.00323486328125,-208.62875366210938,-5.017882823944092,218.71179120915747,-208.3200801728487,-5.021735304112023,1.3278256197077976,1.0724531107309683,1.0724531107309683,3.693478208772113e-05,2.0458262917983414,4.447332268662196,nan,nan,nan
25.14,220.00323486328125,-208.6200408935547,-5.017882823944092,218.71154877084862,-208.31110208810043,-5.019699594214059,1.3281187625937634,1.0725108101270113,1.0725108101270113,3.6154772467076456e-05,1.7359341870501697,4.309301329285319,nan,2.9050565622945568,nan
25.150000000000002,220.00323486328125,-208.61131286621094,-5.017882823944092,218.70436037857067,-208.2710928095646,-5.0197875650567045,1.3426943963595421,1.0724245610492653,1.0724245610492653,3.6849829388748096e-05,1.7795282914526516,4.89336678612206,7.115231114418875,nan,nan
25.16,220.00323486328125,-208.6025848388672,-5.017882823944092,218.70410666039473,-208.2620658863195,-5.0218310351729185,1.3430200419022946,1.0724819867145006,1.0724819867145006,3.6074789507069144e-05,2.1139005379546845,5.228409533174791,nan,2.6554491137824567,nan
25.17,220.00323486328125,-208.59385681152344,-5.017882823944092,218.7038528513575,-208.25303918209892,-5.021895281957705,1.3433414939086958,1.0725395034585712,1.0725395034585712,3.6790895720655686e-05,2.12010573463305,5.2356387139821905,nan,nan,nan
25.18,220.00323486328125,-208.58514404296875,-5.017882823944092,218.7035990606304,-208.24401246449312,-5.02082655927736,1.3436638861496866,1.072597111425977,1.072597111425977,3.6019705268256714e-05,1.9238053921239682,5.239374926408408,nan,0.8563136058042775,nan
25.19,220.00323486328125,-208.576416015625,-5.017882823944092,218.70334519142295,-208.23498560912068,-5.0208816072935365,1.3439854441887182,1.0726548107612184,1.0726548107612184,3.6735045792439136e-05,1.928740410737033,5.048073600413581,nan,nan,nan
25.2,220.00323486328125,-208.56768798828125,-5.017882823944092,218.71215569991404,-208.26274558086348,-5.02065852398991,1.3266058127542923,1.0725685619195262,1.0725685619195262,3.5945827041933665e-05,1.855141180197408,4.191919787875299,10.126194631057109,0.03169665293277152,nan
25.21,220.00323486328125,-208.5589599609375,-5.017882823944092,218.71191603809106,-208.2537768612102,-5.02071249977258,1.326894509640845,1.0726259875274304,1.0726259875274304,3.6659591223615335e-05,1.8598471753178973,4.205185893957495,nan,nan,nan
25.22,220.00323486328125,-208.5502471923828,-5.017882823944092,218.7116763106926,-208.24480805749243,-5.02023710757724,1.3271857829779787,1.0726835042131757,1.0726835042131757,3.58965067167815e-05,1.796471915470102,4.305225552837475,nan,0.1886439182207182,nan
25.23,220.00323486328125,-208.54151916503906,-5.017882823944092,218.71143642213963,-208.2358391945961,-5.020287683201031,1.3274747606692854,1.0727411121212624,1.0727411121212624,3.660966269850004e-05,1.8006654671028024,4.150082398560066,nan,nan,nan
25.240000000000002,220.00323486328125,-208.5327911376953,-5.017882823944092,218.71119639502436,-208.22687017409518,-5.019911075098039,1.327763214292514,1.0727988113961908,1.0727988113961908,3.584991892155924e-05,1.7580700291306979,4.112379734913336,nan,0.12321043654085716,nan
25.25,220.00323486328125,-208.52406311035156,-5.017882823944092,218.73167208499476,-208.2038823485888,-5.0198928397872535,1.3112557567043686,1.0727125627887018,1.0727125627887018,3.654007247696613e-05,1.7134089725397534,4.050428531938011,4.5412128712534034,nan,nan
25.26,220.00323486328125,-208.51535034179688,-5.017882823944092,218.7314649187378,-208.19489077977713,-5.020260026676045,1.311525361488206,1.0727699883397126,1.0727699883397126,3.578442170592541e-05,1.7613332662724057,4.288424931495273,nan,0.06865293922786338,nan
25.27,220.00323486328125,-208.50662231445312,-5.017882823944092,218.73125775499415,-208.1858990097926,-5.020312613987673,1.3117908011716084,1.0728275049675862,1.0728275049675862,3.649567947868764e-05,1.7657449332886856,4.121359539737516,nan,nan,nan
25.28,220.00323486328125,-208.49789428710938,-5.017882823944092,218.73105051569155,-208.17690714974518,-5.020426955064719,1.3120564885738166,1.0728851128168229,1.0728851128168229,3.574305871473901e-05,1.7856257643118505,4.145787577592019,nan,0.002491800560916245,nan
25.29,220.00323486328125,-208.48916625976562,-5.017882823944092,218.73084324401805,-208.16791515748312,-5.020482218715296,1.3123221633204767,1.0729428120319229,1.0729428120319229,3.6453906716325955e-05,1.7904553814165722,4.157051530725524,nan,nan,nan
25.3,220.00323486328125,-208.48045349121094,-5.017882823944092,218.73479081016035,-208.16907464067611,-5.020127333224569,1.3061057163492085,1.0728565636568008,1.0728565636568008,3.5682714630639016e-05,1.731244561353092,4.050199157344075,1.2496980107358469,0.0665652790860347,nan
25.310000000000002,220.00323486328125,-208.4717254638672,-5.017882823944092,218.73459027546798,-208.16009876747884,-5.020179926488775,1.3063596613375341,1.0729139891513526,1.0729139891513526,3.6392330655146824e-05,1.7355880412684936,3.8935073701499516,nan,nan,nan
25.32,220.00323486328125,-208.46299743652344,-5.017882823944092,218.73438993158078,-208.15112272068586,-5.020069117517528,1.3066132093930212,1.072971505721804,1.072971505721804,3.564621973803811e-05,1.7252185969447096,3.8886092771059486,nan,0.018411252002685778,nan
25.330000000000002,220.00323486328125,-208.4542694091797,-5.017882823944092,218.73418960920154,-208.1421466272745,-5.020122191438076,1.3068670562276958,1.0730291135126555,1.0730291135126555,3.635554680836957e-05,1.729595811293576,3.896436474368283,nan,nan,nan
25.34,220.00323486328125,-208.445556640625,-5.017882823944092,218.73398935679202,-208.1331706251517,-5.020176195292172,1.307124492142396,1.0730868126684072,1.0730868126684072,3.707921192541218e-05,1.7340467152672183,4.06860130577598,nan,nan,nan
25.35,220.00323486328125,-208.43682861328125,-5.017882823944092,218.7466875579497,-208.119495965742,-5.020345313743283,1.2960004643464544,1.0730005645238299,1.0730005645238299,3.779327194615955e-05,1.725788435865217,3.874038899629326,1.8497007817980775,nan,nan
25.36,220.00323486328125,-208.4281005859375,-5.017882823944092,218.74650784656686,-208.11051251086596,-5.018799315420368,1.2962352486814002,1.0730579899623538,1.0730579899623538,3.6962084371024384e-05,1.588553501327522,3.741532347851206,nan,1.6255597133299764,nan
25.37,220.00323486328125,-208.41937255859375,-5.017882823944092,218.74632813770285,-208.10152891983543,-5.018842612226168,1.296472142661345,1.0731155064758298,1.0731155064758298,3.7697325339118616e-05,1.5907536081342302,3.751791558568247,nan,nan,nan
25.38,220.00323486328125,-208.41065979003906,-5.017882823944092,218.74614827272248,-208.09254528244222,-5.018393211519263,1.2967126885327125,1.0731731142087577,1.0731731142087577,3.687201867044143e-05,1.573879671897948,3.9166564947207343,nan,0.15472623157147813,nan
25.39,220.00323486328125,-208.4019317626953,-5.017882823944092,218.74596841697007,-208.0835616136581,-5.01843364233692,1.2969497955660478,1.073230813305638,1.073230813305638,3.760541148357254e-05,1.5753715665572485,3.753045029210399,nan,nan,nan
25.400000000000002,220.00323486328125,-208.39320373535156,-5.017882823944092,218.72755114249296,-208.10301121643272,-5.016991137463161,1.3082742253157436,1.073144565389798,1.073144565389798,3.676300858556753e-05,1.616548708863627,3.555711461548305,8.321922662561036,1.2241508113836501,nan
25.41,220.00323486328125,-208.3844757080078,-5.017882823944092,218.72734256096447,-208.09407247746427,-5.017018051418756,1.308524341100636,1.073201990772722,1.073201990772722,3.749375584887346e-05,1.6153909173573406,3.573389774936198,nan,nan,nan
25.42,220.00323486328125,-208.37576293945312,-5.017882823944092,218.72713395786093,-208.0851336571592,-5.018053264189294,1.308777647116243,1.073259507229665,1.073259507229665,3.668056654891932e-05,1.596770284743764,3.708047590038086,nan,0.6509062012543275,nan
25.43,220.00323486328125,-208.36703491210938,-5.017882823944092,218.7269254966102,-208.07619478788234,-5.018092065717191,1.3090277388561293,1.073317114905127,1.073317114905127,3.740971578251022e-05,1.5976729527496036,3.569518539413729,nan,nan,nan
25.44,220.00323486328125,-208.35830688476562,-5.017882823944092,218.72671713254772,-208.06725583115002,-5.016845826656719,1.3092781629780625,1.0733748139436088,1.0733748139436088,3.6601747742786496e-05,1.6264068059820467,3.61334070022659,nan,1.0659083967569776,nan
25.45,220.00323486328125,-208.34957885742188,-5.017882823944092,218.7283892296487,-208.06738339642877,-5.016822770029101,1.3057054765571605,1.0732885662547125,1.0732885662547125,3.7305994360778066e-05,1.6185719624384667,3.4740478401779904,0.7074329733281113,nan,nan
25.46,220.00323486328125,-208.3408660888672,-5.017882823944092,218.7281837519296,-208.05845868985233,-5.017155772901856,1.3059516852397783,1.0733459915824615,1.0733459915824615,3.6504037285968876e-05,1.6034457360510976,3.6059681103571233,nan,0.06022794950367761,nan
25.47,220.00323486328125,-208.33213806152344,-5.017882823944092,218.72797822365897,-208.0495338373092,-5.017187877613616,1.3061949040609704,1.073403507983311,1.073403507983311,3.72294101588664e-05,1.6024441177170272,3.483995454475469,nan,nan,nan
25.48,220.00323486328125,-208.3234100341797,-5.017882823944092,218.7277725965818,-208.04060892171375,-5.017320884471183,1.306438203192969,1.0734611156017617,1.0734611156017617,3.6432264384689305e-05,1.5986463246948681,3.49196549664069,nan,0.006497027654821919,nan
25.490000000000002,220.00323486328125,-208.31468200683594,-5.017882823944092,218.72756691462698,-208.03168391252854,-5.017356048743655,1.3066816422134107,1.0735188145823136,1.0735188145823136,3.715636499770657e-05,1.5979542173524728,3.5100448665811808,nan,nan,nan
25.5,220.00323486328125,-208.30596923828125,-5.017882823944092,218.69192207056597,-208.03754110240044,-5.017268474856474,1.3385048680882738,1.073432567118581,1.073432567118581,3.634162188518898e-05,1.67941896003027,4.045507101702898,10.239551294184087,0.008694060042569767,nan
25.51,220.00323486328125,-208.2972412109375,-5.017882823944092,218.69165999912198,-208.02863936466264,-5.017304441187951,1.3387964410780608,1.0734899923915764,1.0734899923915764,3.7063644323210496e-05,1.6786971695399475,3.9367099238757826,nan,nan,nan
25.52,220.00323486328125,-208.28851318359375,-5.017882823944092,218.69139766103325,-208.01973765292723,-5.016005552901433,1.3390894873881642,1.0735475087367687,1.0735475087367687,3.627650338512276e-05,1.7674568019409211,4.0367988139950555,nan,1.1710246343787525,nan
25.53,220.00323486328125,-208.27978515625,-5.017882823944092,218.69113509988605,-208.0108358637867,-5.0160301358392445,1.339381552609806,1.0736051162986584,1.0736051162986584,3.6997453371269615e-05,1.7637244989284795,4.047228989970133,nan,nan,nan
25.54,220.00323486328125,-208.2710723876953,-5.017882823944092,218.69087233697016,-208.00193400645676,-5.018441947782889,1.3396757747084935,1.0736628152217453,1.0736628152217453,3.621454319479022e-05,1.6802288027452756,4.097162722422512,nan,3.750582489849535,nan
25.55,220.00323486328125,-208.26234436035156,-5.017882823944092,218.67112622806303,-207.97480729276003,-5.018465195376637,1.3627880687834655,1.0735765679814109,1.0735765679814109,3.691158278712883e-05,1.7390984793890907,4.62162085177776,4.972484302470072,nan,nan
25.560000000000002,220.00323486328125,-208.2536163330078,-5.017882823944092,218.67083238258206,-207.96587623724847,-5.017810054142992,1.363118020780442,1.0736339932000716,1.0736339932000716,3.613367362720454e-05,1.7308021986253328,4.624513924889348,nan,0.32945365826807654,nan
25.57,220.00323486328125,-208.24488830566406,-5.017882823944092,218.67053862899326,-207.9569451430676,-5.017854556446444,1.3634480256212569,1.0736915094900394,1.0736915094900394,3.6851842145371474e-05,1.7314226497901835,4.626564209235368,nan,nan,nan
25.580000000000002,220.00323486328125,-208.23617553710938,-5.017882823944092,218.67024510117022,-207.94801397228164,-5.015662755703302,1.363782872029038,1.0737491169958149,1.0737491169958149,3.607780608456243e-05,1.868767124908658,4.913191845751079,nan,3.3222212664551747,nan
25.59,220.00323486328125,-208.22744750976562,-5.017882823944092,218.66995160313547,-207.93908266251603,-5.015687171989525,1.364112663163032,1.073806815861898,1.073806815861898,3.679515889023495e-05,1.8639184084168012,4.783525937507331,nan,nan,nan
25.6,220.00323486328125,-208.21871948242188,-5.017882823944092,218.6763273453108,-207.91721530661016,-5.016105909802929,1.3607319672522866,1.07372056884321,1.07372056884321,3.60030000509471e-05,1.8121590564500216,4.811354032841604,1.9236492056760435,0.16458938125651315,nan
25.61,220.00323486328125,-208.20999145507812,-5.017882823944092,218.6760446215098,-207.90826353962285,-5.016135227855136,1.3610572092716988,1.0737779940079513,1.0737779940079513,3.671872132844621e-05,1.8083677745301212,4.818049507327493,nan,nan,nan
25.62,220.00323486328125,-208.20127868652344,-5.017882823944092,218.67576211590924,-207.89931191985454,-5.015610869754685,1.361386420148118,1.0738355102431243,1.0738355102431243,3.595284993386394e-05,1.86950340171358,5.036524702993067,nan,0.20560795380961547,nan
25.63,220.00323486328125,-208.1925506591797,-5.017882823944092,218.67547974252653,-207.89036026702493,-5.015636517109124,1.3617113275931185,1.0738931176932291,1.0738931176932291,3.666791259769496e-05,1.8642747259574246,4.89314474076798,nan,nan,nan
25.64,220.00323486328125,-208.18382263183594,-5.017882823944092,218.67519733725356,-207.8814085691293,-5.017040003336432,1.3620347448604426,1.073950816502766,1.073950816502766,3.590540892681476e-05,1.7471794513446517,4.789158947443661,nan,1.2707717523713482,nan
25.650000000000002,220.00323486328125,-208.1750946044922,-5.017882823944092,218.6628124877392,-207.86007544030278,-5.017070955028279,1.376942220208079,1.0738645697039864,1.0738645697039864,3.659730157776944e-05,1.7835674782644784,5.2689598617623705,2.0858405363313377,nan,nan
25.66,220.00323486328125,-208.1663818359375,-5.017882823944092,218.66251114836197,-207.85110440681967,-5.01514969823023,1.377297138250953,1.0739219948152208,1.0739219948152208,3.583892674716407e-05,1.9747985107533148,5.634125084605448,nan,2.5935130737062813,nan
25.67,220.00323486328125,-208.15765380859375,-5.017882823944092,218.66220964981179,-207.84213348193921,-5.015173509487246,1.3776461955370956,1.0739795109960248,1.0739795109960248,3.6551985685691586e-05,1.967987923389235,5.483594133003291,nan,nan,nan
25.68,220.00323486328125,-208.14892578125,-5.017882823944092,218.66190774781543,-207.83316243750983,-5.0138644334325795,1.3779989359198086,1.074037118390899,1.074037118390899,3.579667016574884e-05,2.2190579388514706,5.75628811144536,nan,1.1999249187260501,nan
25.69,220.00323486328125,-208.14019775390625,-5.017882823944092,218.6616056161546,-207.82419126905606,-5.0138770724570785,1.3783487154047784,1.0740948171443434,1.0740948171443434,3.6509268902528715e-05,2.208278338078009,5.767728152231129,nan,nan,nan
25.7,220.00323486328125,-208.13148498535156,-5.017882823944092,218.68554918974058,-207.82783983984868,-5.013184307649759,1.3522270462822261,1.0740085705637472,1.0740085705637472,3.573530977270763e-05,2.3202624588460385,5.45788009839307,5.215416306697511,0.313579841100127,nan
25.71,220.00323486328125,-208.1227569580078,-5.017882823944092,218.68528545029125,-207.8188884900432,-5.013191789090624,1.352534179542923,1.0740659956218837,1.0740659956218837,3.6446622192489414e-05,2.3069608722234456,5.3135555684256675,nan,nan,nan
25.72,220.00323486328125,-208.11402893066406,-5.017882823944092,218.68502176237052,-207.80993712709642,-5.013466384299382,1.3528403857620557,1.0741235117487418,1.0741235117487418,3.569788589240179e-05,2.2502506079323545,5.284422611157178,nan,0.04801553627929455,nan
25.73,220.00323486328125,-208.10531616210938,-5.017882823944092,218.68475811962685,-207.8009857647691,-5.013478651146291,1.3531508825850977,1.0741811190888217,1.0741811190888217,3.640885938457622e-05,2.2373000691370355,5.448246678088937,nan,nan,nan
25.740000000000002,220.00323486328125,-208.09658813476562,-5.017882823944092,218.6844943738418,-207.79203442745285,-5.0138523358255505,1.3534569383469235,1.0742388177866236,1.0742388177866236,3.5662747569323514e-05,2.1607475229916893,5.240854952118833,nan,0.08829452743745464,nan
25.75,220.00323486328125,-208.08786010742188,-5.017882823944092,218.719961114964,-207.83559049739517,-5.01380781312747,1.307840997589678,1.0741525714224995,1.0741525714224995,3.635109118365266e-05,2.049169012478682,4.013879583377319,28.17816270462196,nan,nan
25.76,220.00323486328125,-208.07913208007812,-5.017882823944092,218.71975373901347,-207.82672232334636,-5.014658823200432,1.3080691403079079,1.0742099964279448,1.0742099964279448,3.5608363350964424e-05,1.8847333286609316,3.8693974392032358,nan,0.47376656098804476,nan
25.77,220.00323486328125,-208.07041931152344,-5.017882823944092,218.71954632184014,-207.81785419900697,-5.014685357978194,1.308302576347023,1.0742675125012766,1.0742675125012766,3.63179290469806e-05,1.8748219726580642,3.9777089950536744,nan,nan,nan
25.78,220.00323486328125,-208.0616912841797,-5.017882823944092,218.71933895589515,-207.80898607401545,-5.0156381324565045,1.3085311088723848,1.0743251197869952,1.0743251197869952,3.557756315333512e-05,1.7354140784661325,3.7591284152702023,nan,0.5846968293181327,nan
25.79,220.00323486328125,-208.05296325683594,-5.017882823944092,218.71913156085978,-207.80011791759296,-5.015675678135445,1.3087616010409406,1.0743828184296007,1.0743828184296007,3.6286939688462985e-05,1.728515254330218,3.7718919536335074,nan,nan,nan
25.8,220.00323486328125,-208.0442352294922,-5.017882823944092,218.70648347765723,-207.82328835190103,-5.015048204395715,1.315442782451249,1.074296572280251,1.074296572280251,3.552743483111901e-05,1.836876506862701,3.84152037872418,8.382764848064042,0.3658072194096028,nan
25.810000000000002,220.00323486328125,-208.0355224609375,-5.017882823944092,218.70625616341766,-207.81447119791247,-5.0150816792306845,1.3156843296157736,1.0743539972334082,1.0743539972334082,3.623578609357575e-05,1.8277546282952155,3.9179602134696285,nan,nan,nan
25.82,220.00323486328125,-208.02679443359375,-5.017882823944092,218.7060290261133,-207.80565383990614,-5.015954488545655,1.3159216787622736,1.07441151325363,1.07441151325363,3.550064987311073e-05,1.716459850258995,3.76470675856815,nan,0.4820212881551952,nan
25.830000000000002,220.00323486328125,-208.01806640625,-5.017882823944092,218.7058019958202,-207.79683634986716,-5.015998190366332,1.3161604519431094,1.0744691204854169,1.0744691204854169,3.620890362088783e-05,1.71030768477416,3.768191193093446,nan,nan,nan
25.84,220.00323486328125,-208.00933837890625,-5.017882823944092,218.70557492198438,-207.788018810563,-5.017083635983042,1.316398235064011,1.0745268190732689,1.0745268190732689,3.54757599708875e-05,1.630717165503094,3.70243725943331,nan,0.7443101163574575,nan
25.85,220.00323486328125,-208.00062561035156,-5.017882823944092,218.7296459981068,-207.80610135218117,-5.017098001281361,1.2883589951794048,1.0744405731370095,1.0744405731370095,3.616176680276979e-05,1.5619005545395765,3.2695648396338157,9.200220633789382,nan,nan
25.86,220.00323486328125,-207.9918975830078,-5.017882823944092,218.72945733086712,-207.79732633409026,-5.017575547473913,1.2885523921855857,1.074497998038279,1.074497998038279,3.543137890562827e-05,1.5479140374664306,3.2288435118622365,nan,0.12243311597509803,nan
25.87,220.00323486328125,-207.98316955566406,-5.017882823944092,218.7292687456265,-207.78855115753186,-5.01763666386659,1.288745921591457,1.074555514005804,1.074555514005804,3.613867066638327e-05,1.5473074283615447,3.250386878580758,nan,nan,nan
25.88,220.00323486328125,-207.9744415283203,-5.017882823944092,218.72908014482655,-207.7797759360716,-5.01697719458845,1.2889397811885714,1.0746131211840853,1.0746131211840853,3.541005502264312e-05,1.569174058270778,3.2764028670862078,nan,0.35904855945223246,nan
25.89,220.00323486328125,-207.96572875976562,-5.017882823944092,218.72889143285474,-207.7710008197312,-5.017033138420696,1.2891357070792628,1.0746708197176227,1.0746708197176227,3.611735908720941e-05,1.5663886815807881,3.327130557065701,nan,nan,nan
25.900000000000002,220.00323486328125,-207.95700073242188,-5.017882823944092,218.7340797890452,-207.7559132137967,-5.017957736069608,1.284986691844605,1.0745845739927817,1.0745845739927817,3.53691489771178e-05,1.5367439017292357,3.2007754311851397,1.0439228064824464,0.6664251360738577,nan
25.91,220.00323486328125,-207.94827270507812,-5.017882823944092,218.7338994089222,-207.74712795532966,-5.018022885453135,1.2851738114595486,1.0746419988425606,1.0746419988425606,3.6075620019100897e-05,1.5374944189919464,3.2101583094900437,nan,nan,nan
25.92,220.00323486328125,-207.93954467773438,-5.017882823944092,218.73371908800885,-207.73834257157495,-5.01854012756471,1.285361047813614,1.0746995147577993,1.0746995147577993,3.535110067984324e-05,1.5495374729906632,3.2297506668977407,nan,0.14083877045674373,nan
25.93,220.00323486328125,-207.9308319091797,-5.017882823944092,218.73353887026857,-207.72955701153703,-5.018611632742453,1.285550477521506,1.0747571218829977,1.0747571218829977,3.605765157466154e-05,1.5524174000258744,3.283301789477127,nan,nan,nan
25.94,220.00323486328125,-207.92210388183594,-5.017882823944092,218.7333587032499,-207.72077142879488,-5.017151629438687,1.285737435524411,1.0748148203626562,1.0748148203626562,3.533459510300128e-05,1.553182128015026,3.250315563236854,nan,1.6264911925151067,nan
25.95,220.00323486328125,-207.9133758544922,-5.017882823944092,218.7422974928155,-207.71163625174387,-5.017221973140107,1.27697390587196,1.0747285748475754,1.0747285748475754,3.601916072834431e-05,1.5294026670706455,3.1599893131046146,0.5847745725628295,nan,nan
25.96,220.00323486328125,-207.90464782714844,-5.017882823944092,218.74213191679547,-207.70285035173458,-5.0166616506156245,1.2771469586476,1.074785999646258,1.074785999646258,3.5298337516314274e-05,1.5598545359860922,3.2001425052289756,nan,0.26654210579283294,nan
25.97,220.00323486328125,-207.89593505859375,-5.017882823944092,218.74196637443873,-207.69406457148028,-5.016715856491579,1.2773219078711335,1.074843515509617,1.074843515509617,3.6004250315455344e-05,1.5557654685318714,3.250792620220042,nan,nan,nan
25.98,220.00323486328125,-207.88720703125,-5.017882823944092,218.74180091957246,-207.68527883629554,-5.015522858796735,1.2774960507546733,1.0749011225821519,1.0749011225821519,3.528470803572199e-05,1.676113184799865,3.3380904777532696,nan,1.0819068670634078,nan
25.990000000000002,220.00323486328125,-207.87847900390625,-5.017882823944092,218.7416355499835,-207.6764930858414,-5.015566463737737,1.277668385745872,1.0749588210083632,1.0749588210083632,3.599077828918365e-05,1.6676793037949371,3.347688470089632,nan,nan,nan
26.0,220.00323486328125,-207.8697509765625,-5.017882823944092,218.7170002524644,-207.65233197586022,-5.015556553691815,1.3044830038995652,1.0748725757013975,1.0748725757013975,3.525123492322445e-05,1.7366502511841546,3.7823957552075655,5.799971124501949,0.002553716610556912,nan
26.01,220.00323486328125,-207.8610382080078,-5.017882823944092,218.7167959908583,-207.6435217693952,-5.015601976445464,1.3047005694077447,1.0749300004493756,1.0749300004493756,3.595660916990336e-05,1.7282624278252,3.852666431517484,nan,nan,nan
26.02,220.00323486328125,-207.85231018066406,-5.017882823944092,218.7165916672283,-207.63471160478764,-5.016411668759182,1.3049145636670527,1.0749875162612583,1.0749875162612583,3.524022554688564e-05,1.6454338019383057,3.7213305904873923,nan,0.4057919583292128,nan
26.03,220.00323486328125,-207.8435821533203,-5.017882823944092,218.71638727166166,-207.62590162885704,-5.016466385352821,1.3051297027828423,1.075045123281546,1.075045123281546,3.594580557772824e-05,1.6402703812633657,3.729933466554339,nan,nan,nan
26.04,220.00323486328125,-207.83485412597656,-5.017882823944092,218.7161826796373,-207.61709158997152,-5.015208590743381,1.3053470791453066,1.0751028216547385,1.0751028216547385,3.5230447706825734e-05,1.7878865317557495,3.900432868277177,nan,1.2021206988614404,nan
26.05,220.00323486328125,-207.82614135742188,-5.017882823944092,218.68085024053664,-207.65390503230373,-5.015293550850776,1.333556577913646,1.0750165765542552,1.0750165765542552,3.5914212434762884e-05,1.8409452354438103,4.372461307564596,23.095017616460108,nan,nan
26.060000000000002,220.00323486328125,-207.81741333007812,-5.017882823944092,218.68058995111318,-207.64516702792469,-5.014797603544583,1.333817030508509,1.0750740012519173,1.0750740012519173,3.52006600182258e-05,1.9252333605516243,4.4609172555760885,nan,0.2048483088628926,nan
26.07,220.00323486328125,-207.80868530273438,-5.017882823944092,218.68032983983068,-207.6364290304257,-5.0148390065609645,1.334076155714024,1.0751315170127247,1.0751315170127247,3.590582873705903e-05,1.9134100088449402,4.469703672043334,nan,nan,nan
26.080000000000002,220.00323486328125,-207.79995727539062,-5.017882823944092,218.68006974790356,-207.6276910921225,-5.015128631331647,1.3343347203858464,1.0751891239811777,1.0751891239811777,3.5193154517514994e-05,1.8714746424469715,4.449353544869642,nan,0.04267339831896963,nan
26.09,220.00323486328125,-207.79124450683594,-5.017882823944092,218.67980952495483,-207.61895328637596,-5.015174509661327,1.3345959035371842,1.0752468223017766,1.0752468223017766,3.589858118405186e-05,1.8608177363501468,4.470477426081527,nan,nan,nan
26.1,220.00323486328125,-207.7825164794922,-5.017882823944092,218.7128743054163,-207.60769266217494,-5.016307404723322,1.3021506127712812,1.0751605774061557,1.0751605774061557,3.516555277030965e-05,1.6476398176997062,3.8225821889702747,7.762125109613998,0.8447765960682984,nan
26.11,220.00323486328125,-207.77378845214844,-5.017882823944092,218.71266694628395,-207.59895073959368,-5.0163661351157955,1.3023578903124686,1.0752180020538873,1.0752180020538873,3.587037702104912e-05,1.6416083375413282,3.8273208258262708,nan,nan,nan
26.12,220.00323486328125,-207.7650604248047,-5.017882823944092,218.71245966681812,-207.59020868122002,-5.017586545834408,1.302564327708904,1.075275517764017,1.075275517764017,3.5160098550684996e-05,1.580393346002096,3.77768569600101,nan,0.9426044044004852,nan
26.13,220.00323486328125,-207.75634765625,-5.017882823944092,218.71225239067118,-207.58146650580142,-5.017658736557968,1.3027736609188036,1.075333124681045,1.075333124681045,3.586521409737225e-05,1.579719534713031,3.8050420919910533,nan,nan,nan
26.14,220.00323486328125,-207.74761962890625,-5.017882823944092,218.71204509511097,-207.5727243789633,-5.018014219866036,1.3029809603924098,1.0753908229494713,1.0753908229494713,3.515560686902908e-05,1.5792281774646202,3.7939749050736227,nan,0.05577628579807414,nan
26.150000000000002,220.00323486328125,-207.7388916015625,-5.017882823944092,218.7407622074243,-207.5432678901097,-5.018147592856608,1.2775390065949686,1.0753045782571058,1.0753045782571058,3.583900960981965e-05,1.5197639964535574,3.5015795181142515,8.933105791040735,nan,nan
26.16,220.00323486328125,-207.73016357421875,-5.017882823944092,218.74060062377978,-207.53449275267326,-5.0196749595551635,1.2777071279897367,1.0753620028552897,1.0753620028552897,3.513086361438613e-05,1.6095459301657276,3.6049112775061056,nan,1.470328435261851,nan
26.17,220.00323486328125,-207.72145080566406,-5.017882823944092,218.74043900548054,-207.52571751020156,-5.0197692813300625,1.2778765433924806,1.0754195185151363,1.0754195185151363,3.583571903052706e-05,1.6177510906441952,3.650056893018151,nan,nan,nan
26.18,220.00323486328125,-207.7127227783203,-5.017882823944092,218.74027742760256,-207.5169421511991,-5.021184612358906,1.2780463372267838,1.0754771253811455,1.0754771253811455,3.512812701903829e-05,1.8291039999154473,3.8273318611206433,nan,1.2212149408789341,nan
26.19,220.00323486328125,-207.70399475097656,-5.017882823944092,218.7401159550782,-207.5081667599914,-5.021294011114999,1.278213446381799,1.0755348235978175,1.0755348235978175,3.5833306301812684e-05,1.8438062716153016,3.833490198185152,nan,nan,nan
26.2,220.00323486328125,-207.6952667236328,-5.017882823944092,218.72035144691998,-207.4643037564466,-5.021057420573809,1.3035121135800718,1.0754485791071131,1.0754485791071131,3.510506156604684e-05,1.8670131841870927,4.224407809142413,11.24857191147891,0.07169039312150016,nan
26.21,220.00323486328125,-207.68655395507812,-5.017882823944092,218.72015896217428,-207.45547261780686,-5.021165289152906,1.3037227953113277,1.0755060036561293,1.0755060036561293,3.5809698720311904e-05,1.8812403353441267,4.29996904999606,nan,nan,nan
26.22,220.00323486328125,-207.67782592773438,-5.017882823944092,218.71996653697155,-207.44664132016698,-5.022033014560105,1.3039329523284273,1.075563519266084,1.075563519266084,3.510389310719429e-05,2.0714351677680423,4.415155165089793,nan,0.40422532511599363,nan
26.23,220.00323486328125,-207.66909790039062,-5.017882823944092,218.71977405427992,-207.43780992475547,-5.022150368740008,1.3041410920043628,1.0756211260814774,1.0756211260814774,3.580887610981914e-05,2.0897813688869076,4.42310055166774,nan,nan,nan
26.240000000000002,220.00323486328125,-207.66036987304688,-5.017882823944092,218.71958155112037,-207.4289785054757,-5.021616916279829,1.3043472445072393,1.0756788242468096,1.0756788242468096,3.5103459695020045e-05,1.9788231758590376,4.305575019271062,nan,0.29820789417712906,nan
26.25,220.00323486328125,-207.6516571044922,-5.017882823944092,218.7038874751692,-207.4290177378526,-5.021663834878371,1.3182891255771394,1.075592579956184,1.075592579956184,3.5786784385319005e-05,2.0152126885070922,4.5215684387985835,2.413707652926209,nan,nan
26.26,220.00323486328125,-207.64292907714844,-5.017882823944092,218.70367027915032,-207.42020012179339,-5.022062256688604,1.3185195347582175,1.0756500044564095,1.0756500044564095,3.5082557570428115e-05,2.114111502816135,4.551124055660065,nan,0.057295473394659284,nan
26.27,220.00323486328125,-207.6342010498047,-5.017882823944092,218.70345296102548,-207.41138268274457,-5.02217894768395,1.3187492084585912,1.0757075200168607,1.0757075200168607,3.578737433303953e-05,2.1324173316146204,4.558005375395529,nan,nan,nan
26.28,220.00323486328125,-207.62547302246094,-5.017882823944092,218.70323565654962,-207.40256516909957,-5.0227025910046725,1.3189803178014252,1.075765126782038,1.075765126782038,3.508344568175675e-05,2.2793014605346693,4.696804631397491,nan,0.11581329049812598,nan
26.29,220.00323486328125,-207.61676025390625,-5.017882823944092,218.703018241019,-207.39374742280796,-5.022825312781288,1.3192128015742606,1.0758228248964419,1.0758228248964419,3.578862621245934e-05,2.300212370011133,4.771337181994893,nan,nan,nan
26.3,220.00323486328125,-207.6080322265625,-5.017882823944092,218.70249205107027,-207.4460243434508,-5.02456489797457,1.3108100807600707,1.0757365808043253,1.0757365808043253,3.506379917461673e-05,2.870607444132559,5.162587521041166,26.253028543756358,1.6423185169888572,nan
26.310000000000002,220.00323486328125,-207.59930419921875,-5.017882823944092,218.70227415439658,-207.43730329078846,-5.024706514697427,1.3110261718018628,1.0757940052561343,1.0757940052561343,3.576847307079047e-05,2.899432744160186,5.169728103415364,nan,nan,nan
26.32,220.00323486328125,-207.590576171875,-5.017882823944092,218.7020562013004,-207.42858214652833,-5.023998906743591,1.311238109997997,1.075851520767468,1.075851520767468,3.506585405672188e-05,2.664839504176946,4.920032995820415,nan,0.5085039787541618,nan
26.330000000000002,220.00323486328125,-207.5818634033203,-5.017882823944092,218.70183830978294,-207.4198610581782,-5.024134057261197,1.3114559951469196,1.0759091274828263,1.0759091274828263,3.577090535649463e-05,2.690984186218076,4.920709802709405,nan,nan,nan
26.34,220.00323486328125,-207.57313537597656,-5.017882823944092,218.701620494256,-207.4111401299921,-5.02389390817636,1.3116701408922273,1.0759668255467094,1.0759668255467094,3.506845590635223e-05,2.6293334689983547,4.8448369594252645,nan,0.0995522636779105,nan
26.35,220.00323486328125,-207.5644073486328,-5.017882823944092,218.68888332704378,-207.39476008760192,-5.024051684480065,1.3252691080778216,1.0758805816515444,1.0758805816515444,3.5751870722783484e-05,2.6968457457891506,5.0770632112657355,1.5228082776787235,nan,nan
26.36,220.00323486328125,-207.55569458007812,-5.017882823944092,218.6886455957156,-207.3860272420507,-5.023094256404865,1.3255033410068815,1.0759380060553085,1.0759380060553085,3.5050401149460734e-05,2.4077868827502686,4.779195566969362,nan,0.839732322534013,nan
26.37,220.00323486328125,-207.54696655273438,-5.017882823944092,218.6884079372686,-207.377294634877,-5.0232190280889455,1.3257401254212435,1.075995521517907,1.075995521517907,3.57553380815744e-05,2.42981206194169,4.7769600208785,nan,nan,nan
26.38,220.00323486328125,-207.53823852539062,-5.017882823944092,218.688170215674,-207.3685621808588,-5.024278645748634,1.3259811445931675,1.0760531281838395,1.0760531281838395,3.505396929645748e-05,2.8008790968346102,5.140915746055643,nan,0.6138958662010385,nan
26.39,220.00323486328125,-207.52951049804688,-5.017882823944092,218.6879323457983,-207.35982977834675,-5.024414651371985,1.3262182791322543,1.0761108261976065,1.0761108261976065,3.5759290987171697e-05,2.827525594411265,5.145556057951593,nan,nan,nan
26.400000000000002,220.00323486328125,-207.5207977294922,-5.017882823944092,218.73189044493716,-207.33880880905033,-5.023636465386452,1.2843168229094017,1.0760245824978478,1.0760245824978478,3.5036827276159924e-05,2.4777441556411333,4.318190661450745,14.788713104516983,0.6753675763158353,nan
26.41,220.00323486328125,-207.51206970214844,-5.017882823944092,218.7317224249725,-207.33005721620714,-5.023765791692193,1.2844870708270724,1.0760820068539358,1.0760820068539358,3.574166003404712e-05,2.5015403009321457,4.312586625928983,nan,nan,nan
26.42,220.00323486328125,-207.5033416748047,-5.017882823944092,218.73155447703698,-207.32130559921964,-5.02322644242072,1.2846543082990087,1.0761395222681784,1.0761395222681784,3.5041236433493496e-05,2.3484206526991134,4.1513623036198775,nan,0.31599996835292293,nan
26.43,220.00323486328125,-207.49461364746094,-5.017882823944092,218.7313866926937,-207.31255408465037,-5.0233512787846895,1.2848242515753046,1.0761971288850758,1.0761971288850758,3.574646170382405e-05,2.370425453449678,4.16202159397541,nan,nan,nan
26.44,220.00323486328125,-207.48590087890625,-5.017882823944092,218.73121905552878,-207.3038025332372,-5.022707981886497,1.2849931146962383,1.0762548268491283,1.0762548268491283,3.504604071887137e-05,2.198524671011305,3.9918545419217617,nan,0.416550868653689,nan
26.45,220.00323486328125,-207.4771728515625,-5.017882823944092,218.72628709449663,-207.29155689805938,-5.0229682128141455,1.2903777538298074,1.0761685833432426,1.0761685833432426,3.5729630460771435e-05,2.271002849005936,4.150618701210938,1.1474612182306947,nan,nan
26.46,220.00323486328125,-207.46844482421875,-5.017882823944092,218.72611182060552,-207.2827999646576,-5.022217608518451,1.2905526220856256,1.0762260076520205,1.0762260076520205,3.503003139910148e-05,2.0839512594094236,3.9553621491820428,nan,0.5378290029480277,nan
26.47,220.00323486328125,-207.459716796875,-5.017882823944092,218.72593652197992,-207.27404313746982,-5.022332946809507,1.290730631883184,1.076283523018284,1.076283523018284,3.573516459947593e-05,2.1020640943349713,3.9756121414807533,nan,nan,nan
26.48,220.00323486328125,-207.4510040283203,-5.017882823944092,218.72576125765067,-207.26528632452823,-5.0204041082486635,1.2909052000279224,1.0763411295865335,1.0763411295865335,3.5035517878695195e-05,1.729676669553728,3.6137965408062405,nan,2.9476821266757787,nan
26.490000000000002,220.00323486328125,-207.44227600097656,-5.017882823944092,218.7255860523221,-207.25652953581164,-5.020501210071327,1.2910829134538733,1.076398827501269,1.076398827501269,3.5741043676942334e-05,1.740401408496409,3.6101501840760526,nan,nan,nan
26.5,220.00323486328125,-207.4335479736328,-5.017882823944092,218.69185882703738,-207.2484716198721,-5.020308725628879,1.3243739087414208,1.0763125841877352,1.0763125841877352,3.502014951527036e-05,1.7976473641811577,4.048424029039266,7.9512329954078576,0.03919865101222955,nan
26.51,220.00323486328125,-207.42481994628906,-5.017882823944092,218.6916304553791,-207.23971608105333,-5.020404651485117,1.3246040628684754,1.076370008449566,1.076370008449566,3.5725191908228106e-05,1.8080951513355388,4.060225833851313,nan,nan,nan
26.52,220.00323486328125,-207.41610717773438,-5.017882823944092,218.69140220797246,-207.2309606284254,-5.018821425354764,1.3248339674193668,1.0764275237682241,1.0764275237682241,3.502621909273283e-05,1.6557159821046314,3.9258723825033455,nan,1.9903496605957824,nan
26.53,220.00323486328125,-207.40737915039062,-5.017882823944092,218.69117411990658,-207.22220547883012,-5.0189026004351085,1.3250636674847698,1.0764851302882101,1.0764851302882101,3.5731657914078334e-05,1.6601464848358882,3.91126070670961,nan,nan,nan
26.54,220.00323486328125,-207.39865112304688,-5.017882823944092,218.69094619157156,-207.21345058695098,-5.016828740595573,1.325293140237097,1.076542828154024,1.076542828154024,3.5032564298950916e-05,1.6632356354646645,3.9130114115625916,nan,3.2758871998153856,nan
26.55,220.00323486328125,-207.38992309570312,-5.017882823944092,218.69293694554673,-207.1760257815866,-5.016893176342733,1.3276421481739922,1.0764565850313326,1.0764565850313326,3.5716356464678774e-05,1.6648613269053518,4.013411803450016,5.741355234495434,nan,nan
26.560000000000002,220.00323486328125,-207.38121032714844,-5.017882823944092,218.69271250582088,-207.16722559474223,-5.018944035741474,1.3278777960629218,1.0765140092465768,1.0765140092465768,3.501796919109582e-05,1.6700932476456845,4.0854328023673725,nan,2.7874091801564638,nan
26.57,220.00323486328125,-207.3724822998047,-5.017882823944092,218.69248803232966,-207.1584254696191,-5.01902788544965,1.3281110241860747,1.0765715245180005,1.0765715245180005,3.5723318539168184e-05,1.6751245351428672,4.044620265622493,nan,nan,nan
26.580000000000002,220.00323486328125,-207.36375427246094,-5.017882823944092,218.69226368098504,-207.14962543205823,-5.018527326942397,1.3283437117280514,1.0766291309901042,1.0766291309901042,3.502477522446195e-05,1.6507681918276083,4.016223922418915,nan,0.24158471028801018,nan
26.59,220.00323486328125,-207.3550262451172,-5.017882823944092,218.69203941252272,-207.1408255000984,-5.018607057393036,1.3285766796728606,1.0766868288073874,1.0766868288073874,3.573051639991881e-05,1.654075155530274,4.014774492091025,nan,nan,nan
26.6,220.00323486328125,-207.3463134765625,-5.017882823944092,218.66982350316178,-207.1197220037939,-5.017432045919837,1.352527173119981,1.076600585874041,1.076600585874041,3.501061130092243e-05,1.704975959808667,4.559465769808611,4.742354625855765,1.272861822795484,nan
26.61,220.00323486328125,-207.33758544921875,-5.017882823944092,218.66956443196372,-207.11090280776733,-5.017502036297494,1.3527978357113482,1.0766580100430567,1.0766580100430567,3.57158668071996e-05,1.7038213035609968,4.511751760898189,nan,nan,nan
26.62,220.00323486328125,-207.328857421875,-5.017882823944092,218.66930559124876,-207.10208395232172,-5.017538943375377,1.3530682272273677,1.076715525267614,1.076715525267614,3.5017801699871345e-05,1.7037272106549213,4.503809235962734,nan,0.0008177989525414629,nan
26.63,220.00323486328125,-207.32012939453125,-5.017882823944092,218.66904699747292,-207.09326538392983,-5.017610392740431,1.3533383223699504,1.0767731316922133,1.0767731316922133,3.5723450450384245e-05,1.7030157811565547,4.508607553499144,nan,nan,nan
26.64,220.00323486328125,-207.31141662597656,-5.017882823944092,218.66878850505773,-207.084446880859,-5.017471376154284,1.3536109180499485,1.0768308294613547,1.0768308294613547,3.5025176275407016e-05,1.7063655765521852,4.584645997611122,nan,0.031530728870365815,nan
26.650000000000002,220.00323486328125,-207.3026885986328,-5.017882823944092,218.69396213205323,-207.137241083195,-5.017597744783017,1.3196848284238005,1.0767445867158674,1.0767445867158674,3.570916147311159e-05,1.6197142191321052,3.9755337329199394,30.98337064861173,nan,nan
26.66,220.00323486328125,-207.29396057128906,-5.017882823944092,218.69374401461022,-207.12852007734892,-5.018983664699322,1.3199007734063595,1.0768020108390095,1.0768020108390095,3.5011511938352544e-05,1.6524932854038628,4.009329781434329,nan,1.2152068493086692,nan
26.67,220.00323486328125,-207.2852325439453,-5.017882823944092,218.69352585172558,-207.11979924963518,-5.019071215520293,1.3201163896001622,1.0768595260170657,1.0768595260170657,3.5717061712307773e-05,1.6578629925004127,4.013616644388504,nan,nan,nan
26.68,220.00323486328125,-207.27651977539062,-5.017882823944092,218.69330774925893,-207.11107848629052,-5.0206743615031915,1.32033619085136,1.0769171323945361,1.0769171323945361,3.501917978714479e-05,1.8412949219465324,4.192093582560307,nan,1.6182639847256053,nan
26.69,220.00323486328125,-207.26779174804688,-5.017882823944092,218.69308977292818,-207.102357707113,-5.020778777189462,1.3205517658241124,1.0769748301159208,1.0769748301159208,3.5725115477968816e-05,1.8539622341253077,4.195229050318673,nan,nan,nan
26.7,220.00323486328125,-207.25906372070312,-5.017882823944092,218.69937302144325,-207.13525372400397,-5.020609966197688,1.3097297641837022,1.0768885875568182,1.0768885875568182,3.500578949037471e-05,1.805367440553803,4.185199985085976,12.36097089578325,0.04162089141854373,nan
26.71,220.00323486328125,-207.25033569335938,-5.017882823944092,218.6991652003886,-207.12659893816738,-5.02071317500271,1.3099299527644717,1.0769460116344394,1.0769460116344394,3.571123276540291e-05,1.8176336625958847,4.194706474954517,nan,nan,nan
26.72,220.00323486328125,-207.2416229248047,-5.017882823944092,218.69895738790123,-207.11794428817677,-5.020484664270361,1.3101308741934519,1.0770035267663567,1.0770035267663567,3.5013693178879346e-05,1.787055233131934,4.111866424995134,nan,0.078095647762183,nan
26.73,220.00323486328125,-207.23289489746094,-5.017882823944092,218.69874952686817,-207.1092895967074,-5.0205865098703555,1.3103310929718124,1.07706113309707,1.07706113309707,3.571952249715176e-05,1.7987635717554897,4.168466931367757,nan,nan,nan
26.740000000000002,220.00323486328125,-207.2241668701172,-5.017882823944092,218.69854162190228,-207.10063497277022,-5.020533728324252,1.3105310416224936,1.0771188307710802,1.0771188307710802,3.5021713245022006e-05,1.7951726230656029,4.160015441382828,nan,0.01707398704330013,nan
26.75,220.00323486328125,-207.21543884277344,-5.017882823944092,218.68531050399784,-207.07022434583956,-5.020636931189527,1.3259032589216544,1.0770325883968996,1.0770325883968996,3.570586065581695e-05,1.844706707523645,4.299200283529195,4.46386649327137,nan,nan
26.76,220.00323486328125,-207.20672607421875,-5.017882823944092,218.68508212484915,-207.06153526837443,-5.019861232052568,1.3261262858553189,1.0770900124293497,1.0770900124293497,3.500862074689774e-05,1.7445429837031947,4.178138787565698,nan,0.5455796122784411,nan
26.77,220.00323486328125,-207.197998046875,-5.017882823944092,218.68485378327327,-207.05284629587618,-5.019956973624615,1.3263491263758316,1.0771475275154876,1.0771475275154876,3.5714335132628257e-05,1.7536588815888852,4.203519121294221,nan,nan,nan
26.78,220.00323486328125,-207.18927001953125,-5.017882823944092,218.68462542780892,-207.0441573468537,-5.0195418422844185,1.3265712507928555,1.0772051337998136,1.0772051337998136,3.501681143175854e-05,1.712262062808078,4.15215497150784,nan,0.1846834178023908,nan
26.79,220.00323486328125,-207.1805419921875,-5.017882823944092,218.68439711320343,-207.0354683389529,-5.019634101694397,1.3267940468915709,1.077262831426828,1.077262831426828,3.5722903237542616e-05,1.719976997958874,4.155560428939307,nan,nan,nan
26.8,220.00323486328125,-207.1718292236328,-5.017882823944092,218.66644939366392,-207.03034523173355,-5.0182356581007195,1.3442519243935291,1.0771765892361185,1.0771765892361185,3.5003879293354873e-05,1.6811023635667321,4.346352164900904,2.3592021247333506,1.4759500050677008,nan
26.810000000000002,220.00323486328125,-207.16310119628906,-5.017882823944092,218.66619297512182,-207.02166186100186,-5.01831426385309,1.3445022433599072,1.0772340132237448,1.0772340132237448,3.5709469855219e-05,1.683293788159866,4.36679758876566,nan,nan,nan
26.82,220.00323486328125,-207.1543731689453,-5.017882823944092,218.6659364652669,-207.01297846308262,-5.018523695498524,1.3447527203520007,1.0772915282644602,1.0772915282644602,3.5012198719129804e-05,1.6903472882345285,4.383885855483943,nan,0.011923527196618667,nan
26.830000000000002,220.00323486328125,-207.14564514160156,-5.017882823944092,218.66567983411312,-207.00429503518802,-5.018605391315993,1.3450032827988494,1.0773491345027653,1.0773491345027653,3.571816633697679e-05,1.6937696419833277,4.3873546670788235,nan,nan,nan
26.84,220.00323486328125,-207.13693237304688,-5.017882823944092,218.66542312031828,-206.99561163880273,-5.017243595021049,1.3452554471737104,1.0774068320831598,1.0774068320831598,3.502058611921392e-05,1.691359972547429,4.366935055885593,nan,1.4715496635032361,nan
26.85,220.00323486328125,-207.12820434570312,-5.017882823944092,218.64574538192977,-206.97716085723553,-5.01730993395719,1.3658668147338906,1.0773205900744813,1.0773205900744813,3.5704854764150236e-05,1.7408881753223122,4.757499507459764,3.281456309621374,nan,nan
26.86,220.00323486328125,-207.11947631835938,-5.017882823944092,218.64545789338862,-206.9684616457748,-5.017684185174547,1.366149249080784,1.0773780140176283,1.0773780140176283,3.5007808585779874e-05,1.733447333809474,4.759271842246886,nan,0.06522756187001343,nan
26.87,220.00323486328125,-207.11074829101562,-5.017882823944092,218.64517024375434,-206.9597622774986,-5.01775851086708,1.3664319604511168,1.0774355290132756,1.0774355290132756,3.571364287871802e-05,1.733377503026242,4.773950267340625,nan,nan,nan
26.88,220.00323486328125,-207.10203552246094,-5.017882823944092,218.64488244878672,-206.95106280387316,-5.016837570784645,1.366716918851552,1.077493135205923,1.077493135205923,3.501628037316277e-05,1.7647752822216327,4.803037438938274,nan,0.7003798999982649,nan
26.89,220.00323486328125,-207.0933074951172,-5.017882823944092,218.64459468249896,-206.94236338555476,-5.016904091333534,1.366999715788283,1.0775508327400707,1.0775508327400707,3.5722482797074e-05,1.7610142468684915,4.820589326922955,nan,nan,nan
26.900000000000002,220.00323486328125,-207.08457946777344,-5.017882823944092,218.66315309431002,-206.93066138371523,-5.017255127772452,1.348892255938812,1.0774645909119944,1.0774645909119944,3.50035844182002e-05,1.699951856251058,4.506532982654566,2.881306832983034,0.026467106603324207,nan
26.91,220.00323486328125,-207.0758514404297,-5.017882823944092,218.66289516064194,-206.9219573871117,-5.017327433090286,1.349145732149379,1.0775220148110043,1.0775220148110043,3.570927634571788e-05,1.697878629553908,4.527154953570835,nan,nan,nan
26.92,220.00323486328125,-207.067138671875,-5.017882823944092,218.6626372519472,-206.91325345955659,-5.017748509356251,1.3494008419017987,1.0775795297619344,1.0775795297619344,3.501211106888256e-05,1.6903047983971007,4.502440103704841,nan,0.08533511988309048,nan
26.93,220.00323486328125,-207.05841064453125,-5.017882823944092,218.6623791729012,-206.90454952716613,-5.017826119265954,1.3496544850726782,1.0776371359092847,1.0776371359092847,3.571817081097881e-05,1.690424518782879,4.524017685513218,nan,nan,nan
26.94,220.00323486328125,-207.0496826171875,-5.017882823944092,218.66212099023178,-206.89584537980375,-5.018768628566956,1.3499085527329004,1.0776948333975553,1.0776948333975553,3.5020672740187884e-05,1.7132850324051576,4.559928743272074,nan,0.5262958485135409,nan
26.95,220.00323486328125,-207.04095458984375,-5.017882823944092,218.64163215185613,-206.89180443754472,-5.018837042388546,1.369747649103259,1.0776085917486637,1.0776085917486637,3.5705019294742525e-05,1.7665861247853585,4.969599937160446,3.01082585277856,nan,nan
26.96,220.00323486328125,-207.03224182128906,-5.017882823944092,218.64134210442023,-206.88310761544145,-5.0199532350279625,1.3700354683707752,1.077666015603876,1.077666015603876,3.5008034600584775e-05,1.8641666489058648,5.04450890640738,nan,0.7446633702168164,nan
26.97,220.00323486328125,-207.0235137939453,-5.017882823944092,218.6410520079989,-206.8744109362831,-5.0200535464983105,1.3703205849087408,1.0777235305104373,1.0777235305104373,3.571394288553996e-05,1.8742903272526432,5.080345198457419,nan,nan,nan
26.98,220.00323486328125,-207.01478576660156,-5.017882823944092,218.6407620264779,-206.86571447384406,-5.020155131844849,1.3706055759169342,1.0777811366128485,1.0777811366128485,3.643418087271331e-05,1.8847013705660778,5.098857603317519,nan,nan,nan
26.990000000000002,220.00323486328125,-207.00607299804688,-5.017882823944092,218.6404722025484,-206.8570181381083,-5.020257826272656,1.370892067740938,1.077838834055609,1.077838834055609,3.716889306230481e-05,1.895375114058771,5.081024795469482,nan,nan,nan
27.0,220.00323486328125,-206.99734497070312,-5.017882823944092,218.6648745456654,-206.86490200479642,-5.019965856973567,1.3448991850743057,1.077752592584496,1.077752592584496,3.63624090342803e-05,1.7975876421966963,4.66325192285328,6.203894234889046,0.08301741462727091,nan
27.01,220.00323486328125,-206.98861694335938,-5.017882823944092,218.66462402446746,-206.85623213074408,-5.020066472985337,1.345142923530466,1.0778100163962472,1.0778100163962472,3.709483965337785e-05,1.8073230121097295,4.6695310520328785,nan,nan,nan
27.02,220.00323486328125,-206.97988891601562,-5.017882823944092,218.66437343339214,-206.84756244980974,-5.020457862808685,1.345387250173122,1.077867531258786,1.077867531258786,3.631493836843147e-05,1.8618896918872916,4.726933903997894,nan,0.05498266424266165,nan
27.03,220.00323486328125,-206.97117614746094,-5.017882823944092,218.66412283585763,-206.83889274530506,-5.020563577780973,1.3456326047319445,1.0779251373166125,1.0779251373166125,3.7046092083045925e-05,1.8738062204082337,4.707965693912389,nan,nan,nan
27.04,220.00323486328125,-206.9624481201172,-5.017882823944092,218.66387229896864,-206.83022299192083,-5.019718490307133,1.3458747835068405,1.0779828347142268,1.0779828347142268,3.6268853707595555e-05,1.7732461591575905,4.639130627982587,nan,0.5950161628936548,nan
27.05,220.00323486328125,-206.95372009277344,-5.017882823944092,218.64965059755397,-206.8385802637255,-5.019856667677775,1.3584739381809012,1.0778965934194968,1.0778965934194968,3.6975235219472295e-05,1.8174515954096082,5.028274971048961,3.4351459016467167,nan,nan
27.060000000000002,220.00323486328125,-206.9449920654297,-5.017882823944092,218.64937782905588,-206.829937921149,-5.019751084641655,1.358738317571015,1.077954017188122,1.077954017188122,3.6201591462148316e-05,1.8090733683252636,5.018784520636196,nan,0.027931149203296066,nan
27.07,220.00323486328125,-206.936279296875,-5.017882823944092,218.64910512821098,-206.8212956694739,-5.019850313527665,1.359004210805495,1.0780115320069816,1.0780115320069816,3.69294770874196e-05,1.8180582064117095,4.967816492159805,nan,nan,nan
27.080000000000002,220.00323486328125,-206.92755126953125,-5.017882823944092,218.64883261280528,-206.81265371263893,-5.022743495366973,1.3592757375900149,1.0780691380205758,1.0780691380205758,3.6158384139508426e-05,2.3672177413430493,5.563133451610717,nan,5.154275875592947,nan
27.09,220.00323486328125,-206.9188232421875,-5.017882823944092,218.64856021857278,-206.80401201138574,-5.0228724009665315,1.3595403295279955,1.078126835373405,1.078126835373405,3.688519648907634e-05,2.389341340403911,5.572257114613418,nan,nan,nan
27.1,220.00323486328125,-206.91009521484375,-5.017882823944092,218.62175452500014,-206.82174985349346,-5.023779463366909,1.3843148479612146,1.078040594253673,1.078040594253673,3.609420494927223e-05,2.740892603241835,6.602980448801091,9.720014812010087,0.40399610859747526,nan
27.11,220.00323486328125,-206.90138244628906,-5.017882823944092,218.62144006516485,-206.81314969088734,-5.023918240564471,1.384622081826341,1.0780980179795039,1.0780980179795039,3.681909785893997e-05,2.767593488913838,6.53161815455612,nan,nan,nan
27.12,220.00323486328125,-206.8926544189453,-5.017882823944092,218.6211255119057,-206.80454939356076,-5.02414586437982,1.3849288719401032,1.0781555327550247,1.0781555327550247,3.605389076977358e-05,2.8669271200547515,6.693158097965842,nan,0.005121730107842277,nan
27.13,220.00323486328125,-206.88392639160156,-5.017882823944092,218.62081096048712,-206.7959490783975,-5.024287473269191,1.3852353136518487,1.0782131387247358,1.0782131387247358,3.677784388741001e-05,2.894977017667661,6.6901062403239715,nan,nan,nan
27.14,220.00323486328125,-206.8751983642578,-5.017882823944092,218.6204963467669,-206.78734891069567,-5.024128333343149,1.3855404497635895,1.0782708360331374,1.0782708360331374,3.601500042190188e-05,2.863394501710525,6.633054749535145,nan,0.060576921314398416,nan
27.150000000000002,220.00323486328125,-206.86648559570312,-5.017882823944092,218.65525549418717,-206.76863565931822,-5.0242283779527535,1.3515410669341394,1.0781845950870304,1.0781845950870304,3.671494950740431e-05,2.790886344518736,5.768113132112505,9.321365295014632,nan,nan
27.16,220.00323486328125,-206.85775756835938,-5.017882823944092,218.6549966756053,-206.76001958740855,-5.023984454753269,1.351789981293912,1.0782420187703963,1.0782420187703963,3.595535884622073e-05,2.730149853232694,5.775136243220636,nan,0.09886626104351413,nan
27.17,220.00323486328125,-206.84902954101562,-5.017882823944092,218.6547378392595,-206.75140347977108,-5.024122583212482,1.3520406821635862,1.0782995335029166,1.0782995335029166,3.667670516846577e-05,2.7568006534124603,5.790645139390925,nan,nan,nan
27.18,220.00323486328125,-206.84030151367188,-5.017882823944092,218.65447897531217,-206.74278737134827,-5.023426876944815,1.3522877614650055,1.0783571394290914,1.0783571394290914,3.59193518961769e-05,2.5514846536791436,5.565440402376992,nan,0.46685016193911305,nan
27.19,220.00323486328125,-206.8315887451172,-5.017882823944092,218.6542200708379,-206.73417143411567,-5.023558827528876,1.3525395593957366,1.0784148366934208,1.0784148366934208,3.663993496326368e-05,2.575601745962413,5.507064655709248,nan,nan,nan
27.2,220.00323486328125,-206.82286071777344,-5.017882823944092,218.6651501478311,-206.714284130178,-5.023088236984933,1.3424927103787603,1.0783285959195754,1.0783285959195754,3.5862729214701186e-05,2.426902128013208,5.2385236605932395,2.321848330575417,0.3487516850529595,nan
27.21,220.00323486328125,-206.8141326904297,-5.017882823944092,218.66490903559895,-206.70565035726327,-5.023217672677436,1.3427259207529076,1.0783860195608033,1.0783860195608033,3.658170562232708e-05,2.449837081531455,5.248151752042341,nan,nan,nan
27.22,220.00323486328125,-206.80540466308594,-5.017882823944092,218.6646678048093,-206.6970164073381,-5.021619235884797,1.3429533665710298,1.0784435342506582,1.0784435342506582,3.5829564188232745e-05,2.061970562442246,4.846924621830383,nan,2.0121421322125816,nan
27.23,220.00323486328125,-206.79669189453125,-5.017882823944092,218.6644264752142,-206.68838249238706,-5.021733561276557,1.3431878702286928,1.0785011401336404,1.0785011401336404,3.654789217658093e-05,2.0785396115973485,4.795920574907715,nan,nan,nan
27.240000000000002,220.00323486328125,-206.7879638671875,-5.017882823944092,218.66418498092483,-206.67974867571215,-5.021313805277106,1.3434198475300627,1.0785588373542498,1.0785588373542498,3.579778708566396e-05,2.002148582039034,4.769277343832016,nan,0.19304381979092225,nan
27.25,220.00323486328125,-206.77923583984375,-5.017882823944092,218.66566522772132,-206.67098840849002,-5.021345635078809,1.3419471030661232,1.078472596751314,1.078472596751314,3.649273224726003e-05,1.9983658498129313,4.714749331403601,0.295264689762037,nan,nan
27.26,220.00323486328125,-206.7705078125,-5.017882823944092,218.66542626952935,-206.662354398186,-5.0191378139217315,1.3421738224030664,1.0785300203507284,1.0785300203507284,3.574552211859799e-05,1.7143246507074814,4.429210297603563,nan,3.6350764567954683,nan
27.27,220.00323486328125,-206.7617950439453,-5.017882823944092,218.66518731878188,-206.65372033044045,-5.01922638950925,1.3424057435099093,1.0785875349982508,1.0785875349982508,3.646180888385208e-05,1.720259631348647,4.384280490310969,nan,nan,nan
27.28,220.00323486328125,-206.75306701660156,-5.017882823944092,218.6649484729731,-206.64508620123632,-5.01839629603452,1.3426356849959569,1.0786451408383813,1.0786451408383813,3.571650459562209e-05,1.678617590011216,4.404891592559523,nan,0.5731742241934847,nan
27.29,220.00323486328125,-206.7443389892578,-5.017882823944092,218.6647096976832,-206.63645212494998,-5.018477910968512,1.3428661692655788,1.07870283801562,1.07870283801562,3.643229196660433e-05,1.6814402633759495,4.4172699538982725,nan,nan,nan
27.3,220.00323486328125,-206.73561096191406,-5.017882823944092,218.6630892981244,-206.60980704320522,-5.018625717330188,1.3460376345640126,1.078616597582252,1.078616597582252,3.566708034139014e-05,1.6952331526285767,4.3585655128050735,2.265667808488665,0.0027684165394636626,nan
27.310000000000002,220.00323486328125,-206.72689819335938,-5.017882823944092,218.66284837451983,-206.60114458222532,-5.018709877764941,1.3462728527254273,1.0786740211401749,1.0786740211401749,3.638152459499069e-05,1.6990585575703758,4.323929068785189,nan,nan,nan
27.32,220.00323486328125,-206.71817016601562,-5.017882823944092,218.66260750179234,-206.59248217572323,-5.018956635379093,1.3465067197557772,1.0787315357456948,1.0787315357456948,3.564074155063124e-05,1.713103689194812,4.385728796195425,nan,0.01776576431901922,nan
27.330000000000002,220.00323486328125,-206.70944213867188,-5.017882823944092,218.66236665373535,-206.5838199019592,-5.019044326961664,1.3467404541398427,1.0787891415433122,1.0787891415433122,3.635478293698157e-05,1.7183536664520922,4.385041249843186,nan,nan,nan
27.34,220.00323486328125,-206.70071411132812,-5.017882823944092,218.66212573911167,-206.57515769583568,-5.019595748143353,1.346974769812528,1.0788468386775267,1.0788468386775267,3.561570355909467e-05,1.7641208055422608,4.447314952966437,nan,0.1458832594933864,nan
27.35,220.00323486328125,-206.69200134277344,-5.017882823944092,218.6941662030852,-206.54500679381118,-5.01975951887918,1.3172971101904107,1.0787605984123954,1.0787605984123954,3.63068539414818e-05,1.705581797926939,3.925084423077699,10.654947596082826,nan,nan
27.36,220.00323486328125,-206.6832733154297,-5.017882823944092,218.69397617242072,-206.5363105510355,-5.019010102443189,1.3174815537490552,1.0788180219291466,1.0788180219291466,3.557031591617785e-05,1.6446678978547844,3.881406273754272,nan,0.4891590384639746,nan
27.37,220.00323486328125,-206.67454528808594,-5.017882823944092,218.69378620617368,-206.527614403583,-5.019099349853598,1.3176668586395108,1.0788755364929918,1.0788755364929918,3.628278809204359e-05,1.650098240901277,3.8830801169823124,nan,nan,nan
27.38,220.00323486328125,-206.6658172607422,-5.017882823944092,218.69359626891267,-206.51891823454628,-5.017676500342248,1.317851514521436,1.0789331422484316,1.0789331422484316,3.55478261067632e-05,1.6108733281649197,3.8391650600224763,nan,1.5658614973109324,nan
27.39,220.00323486328125,-206.6571044921875,-5.017882823944092,218.69340639931318,-206.51022193064375,-5.017752490022436,1.3180383563817666,1.078990839339966,1.078990839339966,3.6260018024151895e-05,1.6105146673665187,3.8276826795633023,nan,nan,nan
27.400000000000002,220.00323486328125,-206.64837646484375,-5.017882823944092,218.71780521099697,-206.5167783862189,-5.017814492628163,1.2921483854180997,1.0789045992417503,1.0789045992417503,3.55050270508275e-05,1.547670971305485,3.5509662627278997,6.862757836957153,0.01373820566235401,nan
27.41,220.00323486328125,-206.6396484375,-5.017882823944092,218.71765420730242,-206.50810586070463,-5.01789065812294,1.2922929515393586,1.0789620227176469,1.0789620227176469,3.621609268234892e-05,1.547805081050103,3.549699956180396,nan,nan,nan
27.42,220.00323486328125,-206.63092041015625,-5.017882823944092,218.71750313446952,-206.49943336539658,-5.017729026134977,1.2924375981325311,1.0790195372401428,1.0790195372401428,3.548497980477059e-05,1.54873394067962,3.5571599667742198,nan,0.03909763647902999,nan
27.43,220.00323486328125,-206.62220764160156,-5.017882823944092,218.71735209293269,-206.49076097121127,-5.017804709631766,1.2925837428723286,1.079077142953738,1.079077142953738,3.619584454267169e-05,1.548503410058084,3.5379086001414963,nan,nan,nan
27.44,220.00323486328125,-206.6134796142578,-5.017882823944092,218.71720111940124,-206.48208862088464,-5.017356646703145,1.2927283784307193,1.0791348400029328,1.0791348400029328,3.546611345507265e-05,1.5564046994312244,3.594570993869171,nan,0.1893569677119376,nan
27.45,220.00323486328125,-206.60475158691406,-5.017882823944092,218.6956485785192,-206.49311705918007,-5.017388122275202,1.3123430971395875,1.0790486000703223,1.0790486000703223,3.6154467822755984e-05,1.6028455476182504,3.9479158314111658,5.9510301540041795,nan,nan
27.46,220.00323486328125,-206.5960235595703,-5.017882823944092,218.69546351576363,-206.4844760391929,-5.01981234591023,1.3125214168711319,1.079106023505679,1.079106023505679,3.5426942866134536e-05,1.7015132005191127,4.053084345131507,nan,3.808444807597002,nan
27.47,220.00323486328125,-206.58731079101562,-5.017882823944092,218.69527844989565,-206.47583510094287,-5.019909557423142,1.3126998577139808,1.079163537987148,1.079163537987148,3.6136622987703154e-05,1.710440747085689,4.0068563216186,nan,nan,nan
27.48,220.00323486328125,-206.57858276367188,-5.017882823944092,218.69509338715395,-206.46719437518976,-5.018940163119105,1.3128757034157095,1.0792211436592294,1.0792211436592294,3.541036001345201e-05,1.628687852910759,3.9892086248227496,nan,0.7860507034351701,nan
27.490000000000002,220.00323486328125,-206.56985473632812,-5.017882823944092,218.6949083751576,-206.4585538033849,-5.0190289349453865,1.3130527067754745,1.079278840666423,1.079278840666423,3.611993750485984e-05,1.6338281309309737,3.9941188571403874,nan,nan,nan
27.5,220.00323486328125,-206.56112670898438,-5.017882823944092,218.6684086681875,-206.4814216327527,-5.01884763115842,1.337204098534883,1.0791926008981179,1.0791926008981179,3.5373484065895435e-05,1.6832146678514008,4.55708856876435,12.698220826463185,0.009792768430299251,nan
27.51,220.00323486328125,-206.5524139404297,-5.017882823944092,218.6681820261081,-206.47283071476576,-5.018934218297722,1.3374231466821722,1.0792500242932477,1.0792500242932477,3.6082109440436576e-05,1.6879907216999432,4.473487134409226,nan,nan,nan
27.52,220.00323486328125,-206.54368591308594,-5.017882823944092,218.66795536130348,-206.46423980455666,-5.020664834552666,1.3376437388727476,1.0793075387340099,1.0793075387340099,3.5359065952261425e-05,1.8766918732777724,4.750577183194352,nan,1.8670881941536783,nan
27.53,220.00323486328125,-206.5349578857422,-5.017882823944092,218.66772866592504,-206.45564898968192,-5.0207695378519555,1.337862114452879,1.0793651443649046,1.0793651443649046,3.6067652542926715e-05,1.8893000543779486,4.755327024585769,nan,nan,nan
27.54,220.00323486328125,-206.52622985839844,-5.017882823944092,218.66750192079033,-206.44705837625125,-5.019735084927752,1.3380784910129855,1.0794228413304325,1.0794228413304325,3.5345690804411586e-05,1.7557772387471633,4.611902333878966,nan,0.8994844970608742,nan
27.55,220.00323486328125,-206.51751708984375,-5.017882823944092,218.67665458464612,-206.43690303945888,-5.019929735738288,1.329028987882137,1.0793366017251422,1.0793366017251422,3.6032054235671235e-05,1.752762145540729,4.4447238417732535,1.073072812471008,nan,nan
27.560000000000002,220.00323486328125,-206.5087890625,-5.017882823944092,218.6764427172352,-206.4283101272673,-5.018812237905733,1.329231026434446,1.0793940250803549,1.0793940250803549,3.531199108044495e-05,1.6613568438829853,4.444298028833645,nan,1.0250349650256387,nan
27.57,220.00323486328125,-206.50006103515625,-5.017882823944092,218.67623084916784,-206.41971738598818,-5.018899550737171,1.3294343869360856,1.079451539480728,1.079451539480728,3.6019698797282194e-05,1.6660072178721363,4.4564464175863465,nan,nan,nan
27.580000000000002,220.00323486328125,-206.4913330078125,-5.017882823944092,218.6760188777738,-206.41112478632002,-5.018280657057323,1.3296374653463576,1.079509145070762,1.079509145070762,3.5300608587966166e-05,1.642205298654787,4.435888402965241,nan,0.34706705583118713,nan
27.59,220.00323486328125,-206.4826202392578,-5.017882823944092,218.675806762729,-206.40253226207562,-5.018362824058833,1.3298419743055976,1.0795668419949567,1.0795668419949567,3.6008354080992464e-05,1.6445364986081812,4.3457547823163925,nan,nan,nan
27.6,220.00323486328125,-206.47389221191406,-5.017882823944092,218.69029224845718,-206.40321093697327,-5.01792687762542,1.314843775658934,1.0794806025514014,1.0794806025514014,3.526889283543576e-05,1.6015790821034797,4.32790618436197,2.0966809500747234,0.18784714991045437,nan
27.61,220.00323486328125,-206.4651641845703,-5.017882823944092,218.6901034522111,-206.3946331364808,-5.018005594017794,1.3150242380109076,1.0795380258670049,1.0795380258670049,3.597582262000557e-05,1.60229744121963,4.3282802844470005,nan,nan,nan
27.62,220.00323486328125,-206.45645141601562,-5.017882823944092,218.68991470983713,-206.3860552529799,-5.01891704843538,1.3152058830589788,1.079595540227304,1.079595540227304,3.525938011038778e-05,1.63257047388531,4.256965484629722,nan,0.48139303184823923,nan
27.63,220.00323486328125,-206.44772338867188,-5.017882823944092,218.68972581526833,-206.37747722187387,-5.019005657977098,1.3153865606421102,1.0796531457767995,1.0796531457767995,3.5966397907291054e-05,1.637642992910981,4.357623591019028,nan,nan,nan
27.64,220.00323486328125,-206.43899536132812,-5.017882823944092,218.6895367860495,-206.36889905147214,-5.017150545898741,1.3155670515062907,1.0797108426599913,1.0797108426599913,3.5250765871156035e-05,1.618156005693077,4.341311078937919,nan,2.6317424878590088,nan
27.650000000000002,220.00323486328125,-206.43026733398438,-5.017882823944092,218.66459643093754,-206.36273329776444,-5.017108485144977,1.3403411126263227,1.0796246033769012,1.0796246033769012,3.593577095652845e-05,1.680702345128158,4.7050613566335215,4.875045109001014,nan,nan
27.66,220.00323486328125,-206.4215545654297,-5.017882823944092,218.66436812337923,-206.35415877902886,-5.0177196222768465,1.340561958984076,1.0796820266532006,1.0796820266532006,3.522176307820257e-05,1.6652336086649568,4.595721913350445,nan,0.20408247861750126,nan
27.67,220.00323486328125,-206.41282653808594,-5.017882823944092,218.6641398466215,-206.34558407902583,-5.01779607450153,1.3407822416294406,1.0797395409737387,1.0797395409737387,3.592813872717754e-05,1.6651452546596783,4.706194431419183,nan,nan,nan
27.68,220.00323486328125,-206.4040985107422,-5.017882823944092,218.66391147868015,-206.33700929198758,-5.01687483263251,1.3410030230610732,1.0797971464830158,1.0797971464830158,3.521484532183086e-05,1.69424716157505,4.738204877700792,nan,0.6955050457252044,nan
27.69,220.00323486328125,-206.39537048339844,-5.017882823944092,218.66368309364375,-206.3284345795937,-5.016943367290331,1.3412234121636506,1.0798548433255322,1.0798548433255322,3.592136675131815e-05,1.6904226782619747,4.753111634864219,nan,nan,nan
27.7,220.00323486328125,-206.38665771484375,-5.017882823944092,218.70042882370498,-206.33943554978455,-5.015393809106055,1.3036639539483104,1.0797686042016472,1.0797686042016472,3.5187518064966936e-05,1.7500416579283413,4.482003152619067,12.419477766632054,1.6580293880571928,nan
27.71,220.00323486328125,-206.3779296875,-5.017882823944092,218.7002590223357,-206.33089216785075,-5.015447294028874,1.3038268681648204,1.079826027438946,1.079826027438946,3.589332769608738e-05,1.7395513880791191,4.610758501157918,nan,nan,nan
27.72,220.00323486328125,-206.36920166015625,-5.017882823944092,218.7000892220009,-206.3223488919904,-5.016531533157112,1.3039883321025294,1.0798835417200334,1.0798835417200334,3.518217649448832e-05,1.6265000893615482,4.523264779134776,nan,0.740783818560358,nan
27.73,220.00323486328125,-206.3604736328125,-5.017882823944092,218.69991959194337,-206.31380572807376,-5.01659738452214,1.3041511577228089,1.0799411471894098,1.0799411471894098,3.5888170533428795e-05,1.6209503496469517,4.528826488937015,nan,nan,nan
27.740000000000002,220.00323486328125,-206.3517608642578,-5.017882823944092,218.69975008290223,-206.3052626803221,-5.014808129435378,1.304317487245874,1.079998843991575,1.079998843991575,3.517759099425793e-05,1.8439623840980626,4.638305863693394,nan,2.4074849863948904,nan
27.75,220.00323486328125,-206.34303283691406,-5.017882823944092,218.6856633677974,-206.32578237041903,-5.014781381784168,1.3176880675066256,1.079912605025645,1.079912605025645,3.586172113746137e-05,1.8760312319602725,5.358100096749299,7.4715551981116475,nan,nan
27.76,220.00323486328125,-206.3343048095703,-5.017882823944092,218.68547183863768,-206.31728523664734,-5.01347695431922,1.3178802929960662,1.079970028224244,1.079970028224244,3.515252692101415e-05,2.1603957802087512,5.646849209622563,nan,1.2814844641175853,nan
27.77,220.00323486328125,-206.32557678222656,-5.017882823944092,218.68528050798685,-206.308787998333,-5.013513139619059,1.3180685263085576,1.0800275424661887,1.0800275424661887,3.585805676917567e-05,2.1410490609786494,5.655413581555387,nan,nan,nan
27.78,220.00323486328125,-206.31686401367188,-5.017882823944092,218.68508931682274,-206.3002907986199,-5.0135503735848985,1.3182568502502376,1.0800851478959792,1.0800851478959792,3.657789542338738e-05,2.122085781017441,5.510029758740249,nan,nan,nan
27.79,220.00323486328125,-206.30813598632812,-5.017882823944092,218.68489833080957,-206.29179366124197,-5.01358863723862,1.318444812829921,1.0801428446581156,1.0801428446581156,3.731218738384928e-05,2.103513631078729,5.668133967968103,nan,nan,nan
27.8,220.00323486328125,-206.29940795898438,-5.017882823944092,218.69150700665503,-206.2739688348739,-5.013447720304952,1.3119820078907392,1.0800566058489,1.0800566058489,3.649395930557675e-05,2.1326888461677793,5.508782690997998,0.9333783232416406,0.017830347194528872,nan
27.810000000000002,220.00323486328125,-206.29067993164062,-5.017882823944092,218.69132697399178,-206.26545695469102,-5.013486150375688,1.3121577036639402,1.0801140290090978,1.0801140290090978,3.722583785021629e-05,2.1133168518158993,5.529182217502225,nan,nan,nan
27.82,220.00323486328125,-206.28196716308594,-5.017882823944092,218.69114709154118,-206.25694510035697,-5.015540082934264,1.312328431761069,1.0801715432122052,1.0801715432122052,3.6435034367924474e-05,1.7450129862949884,5.0469109726867485,nan,2.639345551642489,nan
27.830000000000002,220.00323486328125,-206.2732391357422,-5.017882823944092,218.6909673095002,-206.2484331490138,-5.0156007961120155,1.3125039723121257,1.0802291486027225,1.0802291486027225,3.7165518323795296e-05,1.7348390579835207,5.193437962841735,nan,nan,nan
27.84,220.00323486328125,-206.26451110839844,-5.017882823944092,218.69078751351213,-206.23992116296282,-5.0164184324508,1.3126785043471032,1.0802868453251497,1.0802868453251497,3.637819938396416e-05,1.6540089072519415,5.134941760621345,nan,0.3728286633339814,nan
27.85,220.00323486328125,-206.2557830810547,-5.017882823944092,218.70580423397126,-206.2305182080267,-5.016509180545098,1.2976773245213982,1.080200606671418,1.080200606671418,3.708385830122677e-05,1.6098187425395878,4.977128334335559,1.6265163302902454,nan,nan
27.86,220.00323486328125,-206.2470703125,-5.017882823944092,218.70564843013395,-206.22200499220975,-5.015981269720618,1.2978298955092904,1.0802580297935112,1.0802580297935112,3.630091300790997e-05,1.6588282766271092,4.901985078380543,nan,0.23582810398873721,nan
27.87,220.00323486328125,-206.23834228515625,-5.017882823944092,218.70549248694167,-206.21349174030186,-5.016048309671171,1.297981583216684,1.0803155439580845,1.0803155439580845,3.702793946710315e-05,1.6503899557519186,5.047826878210181,nan,nan,nan
27.88,220.00323486328125,-206.2296142578125,-5.017882823944092,218.7053366054622,-206.2049785695483,-5.016345393178286,1.298132954854516,1.0803731493096387,1.0803731493096387,3.624827579392783e-05,1.6249906330011665,5.03189420982971,nan,0.03450067910555955,nan
27.89,220.00323486328125,-206.22088623046875,-5.017882823944092,218.70518084887416,-206.1964653602141,-5.016416559177293,1.2982845424461897,1.0804308459926735,1.0804308459926735,3.697415299028171e-05,1.6182102850627789,5.028004990638732,nan,nan,nan
27.900000000000002,220.00323486328125,-206.21217346191406,-5.017882823944092,218.72601584930615,-206.1606295876181,-5.016641705109951,1.278259254225418,1.0803446074932048,1.0803446074932048,3.769029590137346e-05,1.5532989153985677,4.423899242928737,9.208601950908278,nan,nan
27.91,220.00323486328125,-206.2034454345703,-5.017882823944092,218.72589342292022,-206.15207277560387,-5.016717866095117,1.2783746174262287,1.080402030577487,1.080402030577487,3.844435517256565e-05,1.547923461261317,4.540136176657704,nan,nan,nan
27.92,220.00323486328125,-206.19471740722656,-5.017882823944092,218.72577104944256,-206.1435159801693,-5.015830163391958,1.278491140061339,1.0804595447038274,1.0804595447038274,3.7575989364248105e-05,1.6249455005600337,4.640910851044394,nan,0.5687982085295186,nan
27.93,220.00323486328125,-206.1859893798828,-5.017882823944092,218.72564876205783,-206.13495913020952,-5.015899006225343,1.2786063772536562,1.0805171500167259,1.0805171500167259,3.832715964148845e-05,1.6156899057535326,4.638184756610111,nan,nan,nan
27.94,220.00323486328125,-206.17727661132812,-5.017882823944092,218.7255264900727,-206.12640205046088,-5.015664471702881,1.2787227334326043,1.0805748466606826,1.0805748466606826,3.74656795336845e-05,1.6445501618273657,4.574018513963837,nan,0.056938769176568704,nan
27.95,220.00323486328125,-206.16854858398438,-5.017882823944092,218.72024337193292,-206.08928581486822,-5.015712718787357,1.2854394045603843,1.0804886083142653,1.0804886083142653,3.818935621238877e-05,1.6525775551893822,4.441156081884266,5.8635588306086435,nan,nan
27.96,220.00323486328125,-206.15982055664062,-5.017882823944092,218.72011302338285,-206.08068340559873,-5.016622919034384,1.2855605516892863,1.080546031361029,1.080546031361029,3.733565900013037e-05,1.571987419523143,4.377913839057792,nan,0.4383475617237809,nan
27.97,220.00323486328125,-206.15109252929688,-5.017882823944092,218.71998280205742,-206.0720810428626,-5.01670085528983,1.2856827231761618,1.0806035454494347,1.0806035454494347,3.8080579939129795e-05,1.5663676349680935,4.381490014756008,nan,nan,nan
27.98,220.00323486328125,-206.1423797607422,-5.017882823944092,218.71985269324355,-206.06347878622174,-5.0187243043964544,1.285805532046078,1.0806611507239827,1.0806611507239827,3.723333113070558e-05,1.5489099061273677,4.284549622874263,nan,2.3533445111125038,nan
27.990000000000002,220.00323486328125,-206.13365173339844,-5.017882823944092,218.71972259183391,-206.05487658352314,-5.018823283785189,1.285927742782808,1.0807188473291736,1.0807188473291736,3.7975834381757705e-05,1.553391463085143,4.369872794016722,nan,nan,nan
28.0,220.00323486328125,-206.1249237060547,-5.017882823944092,218.72024093002622,-206.03448313557845,-5.019074975055784,1.2861781955784926,1.0806326091346057,1.0806326091346057,3.711152909593589e-05,1.5691150306320738,4.220082581045055,1.6552413346715014,0.0504354822393132,nan
28.01,220.00323486328125,-206.11619567871094,-5.017882823944092,218.72011188338095,-206.02586234708005,-5.019176059304396,1.2862994848826825,1.0806900321441402,1.0806900321441402,3.785082364414101e-05,1.5752116470187745,4.228269823793809,nan,nan,nan
28.02,220.00323486328125,-206.10748291015625,-5.017882823944092,218.71998283859202,-206.0172416366512,-5.020780473182993,1.2864243633746766,1.0807475461949074,1.0807475461949074,3.7016907545649335e-05,1.7580610180500529,4.3347573719083154,nan,1.4215016963387557,nan
28.03,220.00323486328125,-206.0987548828125,-5.017882823944092,218.7198537686407,-206.00862079913196,-5.020898336293409,1.286545871874168,1.080805151431408,1.080805151431408,3.775407704240619e-05,1.7722992223605305,4.412525543105899,nan,nan,nan
28.04,220.00323486328125,-206.09002685546875,-5.017882823944092,218.71972459464638,-205.99999982382863,-5.021780043006443,1.2866696018922295,1.080862847998142,1.080862847998142,3.6925974104336584e-05,1.9429678650134965,4.568412381726518,nan,0.3683590491389871,nan
28.05,220.00323486328125,-206.081298828125,-5.017882823944092,218.7217439555437,-205.99784859843143,-5.021892983755873,1.2842114190551461,1.0807766099542306,1.0807766099542306,3.7637251683267745e-05,1.9531969330595493,4.603670733335126,0.3313160935314753,nan,nan
28.060000000000002,220.00323486328125,-206.0725860595703,-5.017882823944092,218.7216179579392,-205.98923790613554,-5.021160095446122,1.2843284421237475,1.0808340329268233,1.0808340329268233,3.681579996585997e-05,1.8178622836805318,4.379707853766837,nan,0.47203366312427236,nan
28.07,220.00323486328125,-206.06385803222656,-5.017882823944092,218.72149194134678,-205.9806270306873,-5.021280609550935,1.2844469091766166,1.0808915469402463,1.0808915469402463,3.754818826654677e-05,1.8337956364201222,4.452966766146519,nan,nan,nan
28.080000000000002,220.00323486328125,-206.0551300048828,-5.017882823944092,218.72136591231074,-205.97201597296262,-5.020127734753191,1.2845625673313055,1.0809491521389996,1.0809491521389996,3.673214527083152e-05,1.6637243397839718,4.277686564390516,nan,1.0390850154563318,nan
28.09,220.00323486328125,-206.04640197753906,-5.017882823944092,218.72123976579593,-205.9634046794218,-5.020237699323179,1.2846810993041087,1.0810068486675832,1.0810068486675832,3.7462795056434013e-05,1.6747500239418103,4.276818971709972,nan,nan,nan
28.1,220.00323486328125,-206.03768920898438,-5.017882823944092,218.7157363000933,-205.972013121147,-5.019932020464383,1.2891741922374211,1.0809206107731455,1.0809206107731455,3.662937410519166e-05,1.6521870897489483,4.313581159548434,2.6257625742597037,0.06663323433557944,nan
28.11,220.00323486328125,-206.02896118164062,-5.017882823944092,218.71560161521964,-205.9634290220565,-5.020038999626109,1.2893015529917833,1.080978033709082,1.080978033709082,3.735748942725202e-05,1.6622171542995288,4.418826299843772,nan,nan,nan
28.12,220.00323486328125,-206.02023315429688,-5.017882823944092,218.71546707289392,-205.9548448525847,-5.018452053735011,1.2894269409247023,1.0810355476854523,1.0810355476854523,3.655268517109984e-05,1.5468542111539048,4.308348447218471,nan,1.856912981576116,nan
28.13,220.00323486328125,-206.01150512695312,-5.017882823944092,218.7153327078378,-205.9462606649089,-5.018544650770214,1.2895538917928426,1.0810931528467562,1.0810931528467562,3.7279300847602005e-05,1.549960008424408,4.31341137116131,nan,nan,nan
28.14,220.00323486328125,-206.00279235839844,-5.017882823944092,218.7151984239709,-205.9376764859293,-5.018403669241763,1.28968144016984,1.0811508493374942,1.0811508493374942,3.647932233068575e-05,1.5458693529904224,4.2253438449362095,nan,0.03573275365209371,nan
28.150000000000002,220.00323486328125,-205.9940643310547,-5.017882823944092,218.70318072797585,-205.9348543050808,-5.018450639381463,1.3014018996124435,1.081064611591356,1.081064611591356,3.718128575012189e-05,1.575318370314441,4.489314759064067,1.2999824076890683,nan,nan
28.16,220.00323486328125,-205.98533630371094,-5.017882823944092,218.70302762335427,-205.92627936890702,-5.020303751000461,1.30155001793814,1.0811220344909196,1.0811220344909196,3.638693259511339e-05,1.7279864615934017,4.641940069750854,nan,2.021789779546288,nan
28.17,220.00323486328125,-205.9766082763672,-5.017882823944092,218.7028745171662,-205.9177045899226,-5.020414543219618,1.3016962332386475,1.0811795484305267,1.0811795484305267,3.7109960607850866e-05,1.7399026249262741,4.645255817783702,nan,nan,nan
28.18,220.00323486328125,-205.9678955078125,-5.017882823944092,218.7027213929748,-205.90912987101038,-5.021692093479249,1.3018460727181433,1.081237153554677,1.081237153554677,3.6320066837505804e-05,1.9669716299444382,4.76360648352961,nan,0.8898427096442753,nan
28.19,220.00323486328125,-205.95916748046875,-5.017882823944092,218.70256831290965,-205.9005550985938,-5.02181624164258,1.3019924570977397,1.0812948500078712,1.0812948500078712,3.7041906971789975e-05,1.9854042236941862,4.863540757712767,nan,nan,nan
28.2,220.00323486328125,-205.950439453125,-5.017882823944092,218.69739656175872,-205.87759090740028,-5.02342763642444,1.3078804705640683,1.0812086124088678,1.0812086124088678,3.623421692819072e-05,2.4305507698194533,5.211130383002571,1.6125341750250501,1.4548190919597004,nan
28.21,220.00323486328125,-205.9417266845703,-5.017882823944092,218.69723555891437,-205.86899337816615,-5.023568402745491,1.30803541338664,1.0812660352723393,1.0812660352723393,3.6954065141662517e-05,2.457090718868675,5.124997674179569,nan,nan,nan
28.22,220.00323486328125,-205.93299865722656,-5.017882823944092,218.69707457688645,-205.86039588400146,-5.023936011982786,1.3081905432773744,1.08132354917547,1.08132354917547,3.6173519063201574e-05,2.5955471155032233,5.328747122374304,nan,0.0336907791735823,nan
28.23,220.00323486328125,-205.9242706298828,-5.017882823944092,218.696913469608,-205.8517984313601,-5.024080886555862,1.3083448395233046,1.0813811542627603,1.0813811542627603,3.6892371281116385e-05,2.624207604614327,5.331527167788421,nan,nan,nan
28.240000000000002,220.00323486328125,-205.91554260253906,-5.017882823944092,218.69675214164954,-205.8432009322558,-5.024749114546334,1.308502030998885,1.08143885067871,1.08143885067871,3.6115759577632735e-05,2.8886087187498033,5.580341971626275,nan,0.1807028281297375,nan
28.25,220.00323486328125,-205.90682983398438,-5.017882823944092,218.72716412494364,-205.83230426714763,-5.024952613247648,1.2782646718401567,1.0813526132256857,1.0813526132256857,3.681090325042561e-05,2.868789859003914,5.244619337348659,6.642804194052174,nan,nan
28.26,220.00323486328125,-205.89810180664062,-5.017882823944092,218.72705088427261,-205.82370287784195,-5.027462331120895,1.2783866847876872,1.081410036053344,1.081410036053344,3.603900249723754e-05,4.0574808387048105,6.493362158372394,nan,3.6910491497268034,nan
28.27,220.00323486328125,-205.88937377929688,-5.017882823944092,218.7269376363022,-205.81510151401915,-5.027640578875126,1.2784937210503482,1.0814675499202837,1.0814675499202837,3.675522122821698e-05,4.101810033479399,6.4932695768028825,nan,nan,nan
28.28,220.00323486328125,-205.88064575195312,-5.017882823944092,218.72682435975833,-205.80650011050253,-5.0289696254226435,1.2786102873107161,1.0815251549710048,1.0815251549710048,3.598692884509544e-05,4.927102288524699,7.285132654533273,nan,0.8820767364777617,nan
28.29,220.00323486328125,-205.87193298339844,-5.017882823944092,218.72671099542347,-205.79789857099016,-5.029161139154477,1.2787186867427882,1.0815828513500072,1.0815828513500072,3.67023983993134e-05,4.977392386193685,7.206282870362247,nan,nan,nan
28.3,220.00323486328125,-205.8632049560547,-5.017882823944092,218.75160886122535,-205.79891759105516,-5.026483665863378,1.2533054251868296,1.0814966140418152,1.0814966140418152,3.591584314020523e-05,3.5120013086790105,5.776679602432019,4.9870117891663215,5.499891944722611,nan
28.310000000000002,220.00323486328125,-205.85447692871094,-5.017882823944092,218.7515349365851,-205.7903309940175,-5.026648984696799,1.253373149945051,1.0815540368339374,1.0815540368339374,3.6629749719266735e-05,3.5503175542900163,5.7904635228386,nan,nan,nan
28.32,220.00323486328125,-205.8457489013672,-5.017882823944092,218.75146096434878,-205.78174440884663,-5.027575766820334,1.2534466172330645,1.0816115506649684,1.0816115506649684,3.586912565469274e-05,4.071825971556789,6.279679294672694,nan,0.3883849493429918,nan
28.330000000000002,220.00323486328125,-205.8370361328125,-5.017882823944092,218.75138699561427,-205.7731578293059,-5.027750638009375,1.2535154148217238,1.0816691556794087,1.0816691556794087,3.6582434484192185e-05,4.114335661587726,6.202328355936276,nan,nan,nan
28.34,220.00323486328125,-205.82830810546875,-5.017882823944092,218.7513130146005,-205.76457122063204,-5.028222699570975,1.2535859040053454,1.0817268520217582,1.0817268520217582,3.5824953824745296e-05,4.436967437806203,6.577425782432591,nan,0.05907138169053878,nan
28.35,220.00323486328125,-205.819580078125,-5.017882823944092,218.7340722966957,-205.76398314433646,-5.028311103332017,1.2704225236037416,1.0816406148572608,1.0816406148572608,3.651525812067437e-05,4.470232539771792,6.6962759950504545,2.861680786384724,nan,nan
28.36,220.00323486328125,-205.81085205078125,-5.017882823944092,218.73397106971956,-205.75540941425623,-5.027626306478167,1.2705114714331993,1.0816980376141214,1.0816980376141214,3.5761685783720215e-05,4.146864426416866,6.340317399846638,nan,0.5041620645154966,nan
28.37,220.00323486328125,-205.80213928222656,-5.017882823944092,218.7338698812634,-205.74683571989345,-5.027797645721504,1.2706078251257613,1.0817555514095247,1.0817555514095247,3.647310967047454e-05,4.187576391855987,6.239475845723801,nan,nan,nan
28.38,220.00323486328125,-205.7934112548828,-5.017882823944092,218.7337687059857,-205.7382619830322,-5.027180485356947,1.2706975301825782,1.081813156387971,1.081813156387971,3.572239541898835e-05,3.912433885329307,6.043747529208699,nan,0.42216153171990073,nan
28.39,220.00323486328125,-205.78468322753906,-5.017882823944092,218.73366761476717,-205.72968823514364,-5.027346110688015,1.2707930600550899,1.08187085269396,1.08187085269396,3.643341280881289e-05,3.9506359466083896,6.049107982292073,nan,nan,nan
28.400000000000002,220.00323486328125,-205.7759552001953,-5.017882823944092,218.75232340484192,-205.73387777762696,-5.027200168084928,1.251653625907205,1.0817846156720288,1.0817846156720288,3.5663956384975305e-05,3.8823079133179963,6.033025454597767,3.591879986408956,0.0579554543207973,nan
28.41,220.00323486328125,-205.76724243164062,-5.017882823944092,218.75225230391194,-205.72532424421013,-5.0273645876160495,1.2517205766967188,1.0818420383939005,1.0818420383939005,3.6373743147056234e-05,3.919860246901302,5.936868174535453,nan,nan,nan
28.42,220.00323486328125,-205.75851440429688,-5.017882823944092,218.7521811347945,-205.71677083303982,-5.0278363507162736,1.2517895310303035,1.081899552153954,1.081899552153954,3.5629229092656955e-05,4.228923489086446,6.336723075983006,nan,0.06385159502376378,nan
28.43,220.00323486328125,-205.74978637695312,-5.017882823944092,218.7521100727135,-205.70821727666498,-5.028005897113123,1.251856105262249,1.0819571570966902,1.0819571570966902,3.633872648603436e-05,4.268378021036828,6.340763796327791,nan,nan,nan
28.44,220.00323486328125,-205.74105834960938,-5.017882823944092,218.75203941066653,-205.6996635407741,-5.026416033918359,1.251909104733541,1.0820148533666085,1.0820148533666085,3.559666523906577e-05,3.493987944171744,5.54673256770685,nan,2.1143035403288186,nan
28.45,220.00323486328125,-205.7323455810547,-5.017882823944092,218.75053063251485,-205.6670638910513,-5.026620723344283,1.2544345099349181,1.0819286164861233,1.0819286164861233,3.6283670250477953e-05,3.5586514942337057,5.272392867532012,4.142453053839817,nan,nan
28.46,220.00323486328125,-205.72361755371094,-5.017882823944092,218.7504578486464,-205.65847198751607,-5.024432100449572,1.2544867820009202,1.0819860391732763,1.0819860391732763,3.55448233718042e-05,2.6611801364043206,4.437209827882592,nan,3.7626613019391626,nan
28.47,220.00323486328125,-205.7148895263672,-5.017882823944092,218.7503850307961,-205.64988019590427,-5.024566322903895,1.2545531415462738,1.0820435528982568,1.0820435528982568,3.625301036026051e-05,2.68667487445541,4.4478808167920745,nan,nan,nan
28.48,220.00323486328125,-205.70616149902344,-5.017882823944092,218.75031215390587,-205.64128850588466,-5.023395638905317,1.2546131722710916,1.0821011578055646,1.0821011578055646,3.5516370673556455e-05,2.310293052157302,4.0541725060849245,nan,1.1686317585343045,nan
28.490000000000002,220.00323486328125,-205.69744873046875,-5.017882823944092,218.7502393208472,-205.6326968339529,-5.023518847668729,1.254680199184421,1.0821588540397,1.0821588540397,3.6224412769019943e-05,2.3315644063949557,3.9758972757301425,nan,nan,nan
28.5,220.00323486328125,-205.688720703125,-5.017882823944092,218.7550974219999,-205.62326777964887,-5.021688011212257,1.2498582467504438,1.0820726172995496,1.0820726172995496,3.546856461427569e-05,1.8518805765768582,3.558830717676776,0.19171015748729225,2.572378691394644,nan
28.51,220.00323486328125,-205.67999267578125,-5.017882823944092,218.75503246540478,-205.61467450470556,-5.021793851677564,1.2499163914739142,1.0821300399522529,1.0821300399522529,3.617562755004205e-05,1.8665341317949895,3.565747162848615,nan,nan,nan
28.52,220.00323486328125,-205.6712646484375,-5.017882823944092,218.75496744312588,-205.60608116656235,-5.021080047756591,1.2499722640006152,1.082187553642434,1.082187553642434,3.544392457205434e-05,1.7321672232463294,3.4257753567003393,nan,0.46337196610322406,nan
28.53,220.00323486328125,-205.6625518798828,-5.017882823944092,218.7549025461823,-205.59748771023132,-5.021179460381147,1.2500311147718886,1.0822451585145934,1.0822451585145934,3.615093114889919e-05,1.7444430252822367,3.3326395224531344,nan,nan,nan
28.54,220.00323486328125,-205.65382385253906,-5.017882823944092,218.75483787406446,-205.58889412357112,-5.020852011384461,1.2500878882956363,1.082302854713231,1.082302854713231,3.5421087711802e-05,1.6927691859679415,3.3627651773312754,nan,0.1259915010935831,nan
28.55,220.00323486328125,-205.6450958251953,-5.017882823944092,218.75636561847892,-205.58653764011768,-5.0210395813745405,1.2482475474804604,1.082216618112313,1.082216618112313,3.61059627620983e-05,1.7157377609852773,3.49153311947249,0.659192083589343,nan,nan
28.560000000000002,220.00323486328125,-205.63636779785156,-5.017882823944092,218.75630333308672,-205.57795415737363,-5.021139509294717,1.2483032485684842,1.0822740407308327,1.0822740407308327,3.6826377314622454e-05,1.7277928973792984,3.5089347929670973,nan,nan,nan
28.57,220.00323486328125,-205.62765502929688,-5.017882823944092,218.7562410786578,-205.5693707869414,-5.021240656636281,1.2483596544413136,1.0823315543864866,1.0823315543864866,3.756124714576234e-05,1.7400232849889983,3.4375767639738677,nan,nan,nan
28.580000000000002,220.00323486328125,-205.61892700195312,-5.017882823944092,218.75617872793643,-205.5607873664255,-5.02041831104483,1.2484132531398735,1.0823891592237749,1.0823891592237749,3.674651100582354e-05,1.6148443754777282,3.409812693419738,nan,0.5466606702441377,nan
28.59,220.00323486328125,-205.61019897460938,-5.017882823944092,218.75611639152797,-205.55220386912248,-5.0205125597616584,1.2484689945525873,1.0824468553871975,1.0824468553871975,3.7479671626173775e-05,1.6244623102300337,3.4170364253529204,nan,nan,nan
28.6,220.00323486328125,-205.60147094726562,-5.017882823944092,218.78459626116828,-205.53578790423262,-5.020597360205661,1.2204104528432458,1.082360618924418,1.082360618924418,3.82027008928092e-05,1.5689455181318857,3.2808348143365444,6.086695652763101,nan,nan
28.61,220.00323486328125,-205.59275817871094,-5.017882823944092,218.78457952623046,-205.52719195391413,-5.020693560519849,1.2204210997014846,1.0824180415090188,1.0824180415090188,3.896419959915433e-05,1.5787679617499053,3.2086613161937882,nan,nan,nan
28.62,220.00323486328125,-205.5840301513672,-5.017882823944092,218.7845628130971,-205.5185957902675,-5.022367012573956,1.2204357129567451,1.0824755551304153,1.0824755551304153,3.805996961197456e-05,1.9042828910041267,3.6251560355930765,nan,1.4781812045207028,nan
28.63,220.00323486328125,-205.57530212402344,-5.017882823944092,218.7845461346294,-205.50999956143713,-5.022480878145844,1.2204457317414086,1.0825331599331078,1.0825331599331078,3.8818009501002876e-05,1.9205553036704792,3.6324036828675217,nan,nan,nan
28.64,220.00323486328125,-205.5665740966797,-5.017882823944092,218.78452939201364,-205.50140335934066,-5.021698817269315,1.2204527080178003,1.0825908560615964,1.0825908560615964,3.792265340489026e-05,1.759844017413159,3.461486263283825,nan,0.4821051008506107,nan
28.650000000000002,220.00323486328125,-205.557861328125,-5.017882823944092,218.78032311273077,-205.53212769632876,-5.021900568200341,1.2231890743906983,1.08250461973587,1.08250461973587,3.865224895114203e-05,1.7997704423980654,3.8529366572486916,11.21517975718555,nan,nan
28.66,220.00323486328125,-205.54913330078125,-5.017882823944092,218.7802995592986,-205.52359391416903,-5.022294853407823,1.2232099100316447,1.0825620422868145,1.0825620422868145,3.7766606449534054e-05,1.8975419446825268,4.078556046782424,nan,0.04899213900963336,nan
28.67,220.00323486328125,-205.5404052734375,-5.017882823944092,218.78027598454722,-205.5150600884758,-5.022408329367744,1.223229854800187,1.0826195558742213,1.0826195558742213,3.851735844118923e-05,1.9137971560344793,4.089659960206509,nan,nan,nan
28.68,220.00323486328125,-205.53167724609375,-5.017882823944092,218.78025248004047,-205.50652621506185,-5.021781570191902,1.2232471885524858,1.0826771606425911,1.0826771606425911,3.76399474222489e-05,1.7858863569889398,3.95587588211768,nan,0.3344443590167533,nan
28.69,220.00323486328125,-205.52296447753906,-5.017882823944092,218.78022914447882,-205.49799221531254,-5.021889851826553,1.2232672064502506,1.0827348567364241,1.0827348567364241,3.838782131986026e-05,1.8002897136951097,3.84352542333191,nan,nan,nan
28.7,220.00323486328125,-205.5142364501953,-5.017882823944092,218.77573017751527,-205.4259812329508,-5.01909830466395,1.2306738862678823,1.082648620546674,1.082648620546674,3.749473094019162e-05,1.438339253242717,2.9838883180691367,28.264327087475966,5.38458920221198,nan
28.71,220.00323486328125,-205.50550842285156,-5.017882823944092,218.7756997869186,-205.4173467760991,-5.0191805508220915,1.2306975760737462,1.0827060430642224,1.0827060430642224,3.8238957489212044e-05,1.4429573734067953,2.996959053347587,nan,nan,nan
28.72,220.00323486328125,-205.4967803955078,-5.017882823944092,218.77566944147432,-205.40871236866465,-5.019329092950727,1.2307213063330427,1.0827635566179055,1.0827635566179055,3.73782078394535e-05,1.4548555473613192,3.006670707151128,nan,0.0026403079161034086,nan
28.73,220.00323486328125,-205.48806762695312,-5.017882823944092,218.77563917862253,-205.40007802099996,-5.01941384596231,1.2307459850744726,1.0828211613522234,1.0828211613522234,3.811991147984851e-05,1.4603676594050903,2.9643275183788678,nan,nan,nan
28.740000000000002,220.00323486328125,-205.47933959960938,-5.017882823944092,218.77560882229847,-205.39144364764343,-5.0185982648431775,1.2307688274922894,1.0828788574116766,1.0828788574116766,3.7266490878387924e-05,1.4125908340908744,2.9783746948999354,nan,0.5047144028281413,nan
28.75,220.00323486328125,-205.47061157226562,-5.017882823944092,218.76748196515524,-205.3531147496093,-5.018660653662146,1.2413264411830736,1.0827926213568349,1.0827926213568349,3.7981662388748345e-05,1.4390001953450575,2.8552616719021326,6.587336383281327,nan,nan
28.76,220.00323486328125,-205.46188354492188,-5.017882823944092,218.76743889922506,-205.34443331844676,-5.0199849913636845,1.2413664404938998,1.0828500438412456,1.0828500438412456,3.71363606369199e-05,1.5420804696571127,2.974260731001365,nan,0.971075887237997,nan
28.77,220.00323486328125,-205.4531707763672,-5.017882823944092,218.76739597307062,-205.33575181211813,-5.020076915653079,1.2414063757532379,1.0829075573614684,1.0829075573614684,3.787256185953934e-05,1.5502107971382229,2.9631303727860105,nan,nan,nan
28.78,220.00323486328125,-205.44444274902344,-5.017882823944092,218.7673531107621,-205.3270702406377,-5.0192473997064,1.2414434638764689,1.0829651620620033,1.0829651620620033,3.7034028234144025e-05,1.4733912422123316,2.9166122766097677,nan,0.5354615023628723,nan
28.79,220.00323486328125,-205.4357147216797,-5.017882823944092,218.76731034875968,-205.31838862676042,-5.019332476160887,1.2414817435773813,1.0830228580873509,1.0830228580873509,3.776817278082617e-05,1.478764937628003,2.9401751684270563,nan,nan,nan
28.8,220.00323486328125,-205.42698669433594,-5.017882823944092,218.74381850248102,-205.27798992392385,-5.020008123818594,1.2682011371797788,1.0829366221663574,1.0829366221663574,3.691335019652941e-05,1.607520733032208,3.0606228276678085,10.856979906078545,0.24822594913974605,nan
28.810000000000002,220.00323486328125,-205.41827392578125,-5.017882823944092,218.74373870723088,-205.26925820026455,-5.020101042495748,1.2682827658099287,1.0829940446178872,1.0829940446178872,3.764465859761253e-05,1.6159768092284132,3.083207461668091,nan,nan,nan
28.82,220.00323486328125,-205.4095458984375,-5.017882823944092,218.74365886886142,-205.2605266742791,-5.021587452680024,1.2683659326714642,1.0830515581049112,1.0830515581049112,3.6819896905736226e-05,1.8581163505205804,3.3294419852878674,nan,1.2343024238714009,nan
28.830000000000002,220.00323486328125,-205.40081787109375,-5.017882823944092,218.74357900022824,-205.25179527131897,-5.021696259946566,1.268445966867178,1.08310916277193,1.08310916277193,3.754943295752343e-05,1.8727673390120025,3.3399558429995113,nan,nan,nan
28.84,220.00323486328125,-205.39210510253906,-5.017882823944092,218.7434991566533,-205.2430639274993,-5.022090151620647,1.2685286847434194,1.0831668587634435,1.0831668587634435,3.673065173843448e-05,1.9675251355356727,3.4358436470152074,nan,0.051642930251434994,nan
28.85,220.00323486328125,-205.3833770751953,-5.017882823944092,218.73623056800201,-205.21772400582933,-5.022120682201357,1.2777944995534354,1.0830806229752468,1.0830806229752468,3.743511233122894e-05,1.987245627876146,3.463961358334678,2.569244965814487,nan,nan
28.86,220.00323486328125,-205.37464904785156,-5.017882823944092,218.7361393365351,-205.20896618368548,-5.0231680086792885,1.2778927257622439,1.0831380453941497,1.0831380453941497,3.662307085223162e-05,2.270360464216078,3.7469126340466934,nan,0.5617034789292622,nan
28.87,220.00323486328125,-205.3659210205078,-5.017882823944092,218.73604823504013,-205.20020836527155,-5.023291358104347,1.277987436221622,1.0831955588482347,1.0831955588482347,3.7348528396243144e-05,2.291005288695251,3.752439779085399,nan,nan,nan
28.88,220.00323486328125,-205.35720825195312,-5.017882823944092,218.73595723422096,-205.19145058192848,-5.0219697737592135,1.2780785959585805,1.0832531634820015,1.0832531634820015,3.6541980845893195e-05,1.9650234421410415,3.4466937573358982,nan,1.3519703455750858,nan
28.89,220.00323486328125,-205.34848022460938,-5.017882823944092,218.73586618457009,-205.18269267531534,-5.022081195225343,1.2781731125322666,1.0833108594399508,1.0833108594399508,3.726603558726192e-05,1.9810564735147949,3.4473493574295957,nan,nan,nan
28.900000000000002,220.00323486328125,-205.33975219726562,-5.017882823944092,218.7443335802913,-205.1399089515293,-5.021685324906889,1.274670240569583,1.0832246237835068,1.0832246237835068,3.6442547595816186e-05,1.8966998649936424,3.4000738045403063,9.240858137137117,0.0934212753482437,nan
28.91,220.00323486328125,-205.33102416992188,-5.017882823944092,218.74425601005714,-205.13109720593053,-5.021792682652555,1.2747603032693657,1.0832820461700359,1.0832820461700359,3.716440775956328e-05,1.9114039578300641,3.425856250331817,nan,nan,nan
28.92,220.00323486328125,-205.3223114013672,-5.017882823944092,218.74417837211809,-205.1222856729049,-5.021993290122205,1.2748531036629955,1.0833395595914392,1.0833395595914392,3.636913116319644e-05,1.9647748892876675,3.523897813234033,nan,0.0055484934681737244,nan
28.93,220.00323486328125,-205.31358337402344,-5.017882823944092,218.74410083335508,-205.11347423641183,-5.022103521251469,1.274943130715855,1.0833971641922169,1.0833971641922169,3.7089813209313646e-05,1.98063952643448,3.479132853772744,nan,nan,nan
28.94,220.00323486328125,-205.3048553466797,-5.017882823944092,218.74402329491363,-205.1046628388746,-5.021848660603699,1.2750319768353038,1.083454860116869,1.083454860116869,3.629934779646322e-05,1.9337515303179487,3.432083453706385,nan,0.08789158870378481,nan
28.95,220.00323486328125,-205.29612731933594,-5.017882823944092,218.7331775471911,-205.07429885367233,-5.021963710149478,1.2892905444332534,1.0833686245911427,1.0833686245911427,3.699604836287415e-05,1.9844840647875723,3.662261205279812,4.03215864455849,nan,nan
28.96,220.00323486328125,-205.28741455078125,-5.017882823944092,218.7330830744732,-205.0654533500771,-5.021149597500684,1.2894041309999713,1.0834260469455486,1.0834260469455486,3.621113709831294e-05,1.8292430690206205,3.579929714612793,nan,0.5622323109939339,nan
28.97,220.00323486328125,-205.2786865234375,-5.017882823944092,218.73298875358364,-205.05660782698914,-5.021251204355452,1.2895175348186279,1.0834835603345259,1.0834835603345259,3.692886089895814e-05,1.8419592268231844,3.5094315719471476,nan,nan,nan
28.98,220.00323486328125,-205.26995849609375,-5.017882823944092,218.73289448705995,-205.04776224899646,-5.0216368541729715,1.2896317057304183,1.0835411649025746,1.0835411649025746,3.614834201134969e-05,1.9247664798700854,3.585397988294638,nan,0.05299300477563136,nan
28.990000000000002,220.00323486328125,-205.26123046875,-5.017882823944092,218.73280021100732,-205.03891657613343,-5.021742991130128,1.289745158331454,1.0835988607941949,1.0835988607941949,3.6865175995863716e-05,1.9392950779652107,3.5906100624663733,nan,nan,nan
29.0,220.00323486328125,-205.2525177001953,-5.017882823944092,218.73600691325456,-205.04847403527592,-5.020672478296006,1.2835529894375217,1.0835126253981593,1.0835126253981593,3.606706071736815e-05,1.7362875339061472,3.314891148744334,2.4312225146266266,0.9362329110892743,nan
29.01,220.00323486328125,-205.24378967285156,-5.017882823944092,218.73591785548507,-205.03965766409837,-5.020768992266205,1.2836551737965534,1.0835700477206909,1.0835700477206909,3.678219997795469e-05,1.7471464103079923,3.2621286498414,nan,nan,nan
29.02,220.00323486328125,-205.2350616455078,-5.017882823944092,218.73582877547085,-205.03084148246924,-5.02012437818526,1.2837558533365212,1.0836275610774957,1.0836275610774957,3.6010802487755896e-05,1.660369325197908,3.1728346768928093,nan,0.36688603381123325,nan
29.03,220.00323486328125,-205.22633361816406,-5.017882823944092,218.73573950224954,-205.02202549057546,-5.0202154913980195,1.2838581473718609,1.083685165613074,1.083685165613074,3.67252267294577e-05,1.6691645559111468,3.183199543871976,nan,nan,nan
29.04,220.00323486328125,-205.21762084960938,-5.017882823944092,218.7356501412989,-205.01320957166794,-5.02026548949683,1.2839628791549549,1.0837428614719256,1.0837428614719256,3.595763457554931e-05,1.6790509204416764,3.257358018752123,nan,0.0011847286132430047,nan
29.05,220.00323486328125,-205.20889282226562,-5.017882823944092,218.72773187994628,-205.05122725504415,-5.020258975206057,1.2852127985973787,1.0836566262045615,1.0836566262045615,3.664888374656211e-05,1.6783115933818993,3.0536645313576196,16.092643889393795,nan,nan
29.060000000000002,220.00323486328125,-205.20016479492188,-5.017882823944092,218.7276300405122,-205.04248517609608,-5.016306781203995,1.2853143623158643,1.0837140484954657,1.0837140484954657,3.588583402453272e-05,1.5936325567553185,2.9762611106186787,nan,10.974209624924073,nan
29.07,220.00323486328125,-205.19143676757812,-5.017882823944092,218.72752819656267,-205.03374298155614,-5.016359941185996,1.2854171108368144,1.0837715618203496,1.0837715618203496,3.6598166798970914e-05,1.5879470332985013,2.9816238182153447,nan,nan,nan
29.080000000000002,220.00323486328125,-205.18272399902344,-5.017882823944092,218.72742632241957,-205.02500091609326,-5.01782595261701,1.2855209088377144,1.0838291663237134,1.0838291663237134,3.58385652241936e-05,1.5248360795756792,2.9497114026173286,nan,1.3412461449734543,nan
29.09,220.00323486328125,-205.1739959716797,-5.017882823944092,218.72732424322652,-205.01625908944817,-5.017895047312523,1.28562390866613,1.0838868621500573,1.0838868621500573,3.655040354062511e-05,1.524913090853892,2.9571302053388098,nan,nan,nan
29.1,220.00323486328125,-205.16526794433594,-5.017882823944092,218.6755415493309,-205.0209480869568,-5.019657212108681,1.3355152210273724,1.0838006270103537,1.0838006270103537,3.577257234842364e-05,1.7337011198686196,3.5585908748413075,19.823815753236378,1.9907157084342628,nan
29.11,220.00323486328125,-205.1565399169922,-5.017882823944092,218.67535741384026,-205.0122276520899,-5.019744604767658,1.33569757683503,1.0838580492698755,1.0838580492698755,3.648309826091399e-05,1.7410591490992438,3.565127987626343,nan,nan,nan
29.12,220.00323486328125,-205.1478271484375,-5.017882823944092,218.67517309605265,-205.00350714961976,-5.0179198620720395,1.3358803543000912,1.0839155625630883,1.0839155625630883,3.5730786393253676e-05,1.6464547575201647,3.468876273889398,nan,2.47741494278238,nan
29.13,220.00323486328125,-205.13909912109375,-5.017882823944092,218.6749888881331,-204.99478663423847,-5.017990257057119,1.33606267663665,1.0839731670344919,1.0839731670344919,3.644095129960938e-05,1.6470950051474316,3.479563364300591,nan,nan,nan
29.14,220.00323486328125,-205.13037109375,-5.017882823944092,218.67480487850872,-204.98606613109857,-5.019762986328029,1.3362461156909518,1.0840308628285868,1.0840308628285868,3.569158767345685e-05,1.746182829043104,3.5900818240271377,nan,1.9638536390020038,nan
29.150000000000002,220.00323486328125,-205.12164306640625,-5.017882823944092,218.6742539552325,-204.98916730038877,-5.019948197703287,1.335568923084376,1.0839446278155407,1.0839446278155407,3.637915772990956e-05,1.7628593314889955,3.671057570997574,1.3855911328243145,nan,nan
29.16,220.00323486328125,-205.11293029785156,-5.017882823944092,218.67406929824665,-204.98046522949608,-5.02009729629086,1.335751847274016,1.0840020500439234,1.0840020500439234,3.56334810915284e-05,1.783583990705982,3.6769820381628686,nan,0.002222833219627854,nan
29.17,220.00323486328125,-205.1042022705078,-5.017882823944092,218.67388465204604,-204.97176321116493,-5.020190730492846,1.3359331626183102,1.0840595633057124,1.0840595633057124,3.634221160215556e-05,1.792886153978748,3.6980314091789923,nan,nan,nan
29.18,220.00323486328125,-205.09547424316406,-5.017882823944092,218.67370000792587,-204.96306133052835,-5.023306814638471,1.3361233216707835,1.0841171677454084,1.0841171677454084,3.5599181928804855e-05,2.4730962512026062,4.387684279432305,nan,6.2274567346229786,nan
29.19,220.00323486328125,-205.0867462158203,-5.017882823944092,218.67351535915873,-204.95435948221765,-5.02343210480292,1.3363049806821337,1.0841748635075112,1.0841748635075112,3.630771612375164e-05,2.495194316985555,4.393680650962232,nan,nan,nan
29.2,220.00323486328125,-205.07803344726562,-5.017882823944092,218.70297175697817,-204.93970599124475,-5.021591032620242,1.3076055909614799,1.0840886286201268,1.0840886286201268,3.554586568379403e-05,1.9640415098540287,3.5949284648837043,6.5450628550338585,2.833172864956609,nan
29.21,220.00323486328125,-205.06930541992188,-5.017882823944092,218.7028341371672,-204.9309946116695,-5.0216994595406375,1.307740989211797,1.0841460508176115,1.0841460508176115,3.6253373330418385e-05,1.9792396570815587,3.6272007958440673,nan,nan,nan
29.22,220.00323486328125,-205.06057739257812,-5.017882823944092,218.702696460295,-204.92228325662342,-5.020763823976315,1.307873734671166,1.0842035640482228,1.0842035640482228,3.551608871029195e-05,1.811380637696456,3.450250527480253,nan,0.748629067099221,nan
29.23,220.00323486328125,-205.05184936523438,-5.017882823944092,218.7025589095486,-204.91357179849248,-5.020863883314429,1.3080089865124653,1.0842611684564611,1.0842611684564611,3.622349965041655e-05,1.8232512477642775,3.4527845595754165,nan,nan,nan
29.240000000000002,220.00323486328125,-205.0431365966797,-5.017882823944092,218.70242147812843,-204.90486024753864,-5.019034064005473,1.3081426287214248,1.0843188641868267,1.0843188641868267,3.548844111155759e-05,1.6155126632069363,3.239490636710048,nan,2.5590995228477444,nan
29.25,220.00323486328125,-205.03440856933594,-5.017882823944092,218.7077655947109,-204.89372689992132,-5.019210592709476,1.3030862292608878,1.0842326294241165,1.0842326294241165,3.617366166861185e-05,1.6148503385069242,3.25495705469862,0.6443614477172386,nan,nan
29.26,220.00323486328125,-205.0256805419922,-5.017882823944092,218.7076370401398,-204.88501178926947,-5.0201157177866405,1.3032138746715274,1.0842900515909428,1.0842900515909428,3.544157482619502e-05,1.7070119763549094,3.3593454021500433,nan,0.461809270251653,nan
29.27,220.00323486328125,-205.01695251464844,-5.017882823944092,218.70750852630826,-204.8762967908309,-5.020210918107306,1.3033403979738023,1.0843475647906204,1.0843475647906204,3.614803706443926e-05,1.716495227145716,3.3719667201157884,nan,nan,nan
29.28,220.00323486328125,-205.00823974609375,-5.017882823944092,218.70737988527168,-204.86758178011704,-5.019844269380217,1.303467926223386,1.0844051691676495,1.0844051691676495,3.5417925507489104e-05,1.6754053091567633,3.3308236872673183,nan,0.14769772646871554,nan
29.29,220.00323486328125,-204.99951171875,-5.017882823944092,218.70725109632923,-204.85886663129298,-5.019936930966666,1.3035947162307,1.0844628648665304,1.0844628648665304,3.612441029469659e-05,1.6838022058960553,3.340583583666838,nan,nan,nan
29.3,220.00323486328125,-204.99078369140625,-5.017882823944092,218.71000953991978,-204.82869260934976,-5.018248682415357,1.303343926106245,1.0843766302275146,1.0843766302275146,3.5374941925204355e-05,1.5703108077328796,3.2237359167261244,3.279523382786773,2.252222776610634,nan
29.310000000000002,220.00323486328125,-204.9820556640625,-5.017882823944092,218.70988531830076,-204.819943451282,-5.01832591192942,1.3034698352324017,1.0844340523639202,1.0844340523639202,3.608060793387971e-05,1.572187989612471,3.237229611784336,nan,nan,nan
29.32,220.00323486328125,-204.9733428955078,-5.017882823944092,218.70976104534043,-204.81119431805652,-5.017864165891502,1.3035975909827409,1.084491565532906,1.084491565532906,3.535495484304353e-05,1.5669807044466795,3.2570600259644857,nan,0.20171230286542718,nan
29.330000000000002,220.00323486328125,-204.96461486816406,-5.017882823944092,218.70963666220598,-204.8024453836402,-5.017938048479311,1.3037236097369953,1.0845491698789722,1.0845491698789722,3.606071574148421e-05,1.5672751571907464,3.248411098539832,nan,nan,nan
29.34,220.00323486328125,-204.9558868408203,-5.017882823944092,218.70951226871637,-204.79369648435917,-5.019125323897339,1.3038502242293089,1.084606865546619,1.084606865546619,3.5336688232809964e-05,1.611098677626607,3.3001647936301186,nan,0.8569525388380078,nan
29.35,220.00323486328125,-204.94715881347656,-5.017882823944092,218.7125531211013,-204.79553603061407,-5.019298974392853,1.2995579376702326,1.0845206310303255,1.0845206310303255,3.60205289177564e-05,1.6129067927226748,3.3106764926801784,1.1913588325870477,nan,nan
29.36,220.00323486328125,-204.93844604492188,-5.017882823944092,218.71243372677029,-204.78680398089617,-5.016941140386411,1.2996783357307673,1.0845780531365463,1.0845780531365463,3.529888284540042e-05,1.582559529419134,3.2796201767951794,nan,4.155352941604845,nan
29.37,220.00323486328125,-204.92971801757812,-5.017882823944092,218.71231431681863,-204.77807177555422,-5.0170070109173714,1.2997973715344124,1.0846355662750804,1.0846355662750804,3.6004042852013844e-05,1.5789451512717856,3.2876568722396984,nan,nan,nan
29.38,220.00323486328125,-204.92098999023438,-5.017882823944092,218.71219482079616,-204.7693395154026,-5.018458295953436,1.2999163776892135,1.084693170590428,1.084693170590428,3.5283816772894186e-05,1.5672293820324763,3.295152877701871,nan,1.3310482275380489,nan
29.39,220.00323486328125,-204.91226196289062,-5.017882823944092,218.71207519228426,-204.76060742558795,-5.018540056161612,1.3000357020665747,1.0847508662270895,1.0847508662270895,3.598915461762837e-05,1.5700489393264556,3.3084750581233804,nan,nan,nan
29.400000000000002,220.00323486328125,-204.90354919433594,-5.017882823944092,218.7329272080473,-204.73231946997464,-5.018213952279417,1.2817961097993686,1.0846646318325537,1.0846646318325537,3.52490985387638e-05,1.5178655880282654,3.163294330406572,6.3188842415598385,0.0588251320393381,nan
29.41,220.00323486328125,-204.8948211669922,-5.017882823944092,218.73284042747795,-204.72355642317675,-5.018292498690442,1.2818868135789308,1.0847220539088236,1.0847220539088236,3.5953763252350014e-05,1.5195571517508215,3.147815773356656,nan,nan,nan
29.42,220.00323486328125,-204.88609313964844,-5.017882823944092,218.73275360825303,-204.71479333078844,-5.0174255580703075,1.2819775555701516,1.084779567017144,1.084779567017144,3.5236939324454725e-05,1.520957119191536,3.154984575221815,nan,0.6238754940424865,nan
29.43,220.00323486328125,-204.8773651123047,-5.017882823944092,218.73266676209144,-204.706030233906,-5.017496713611789,1.282068285778163,1.0848371713020157,1.0848371713020157,3.594183266648699e-05,1.5193051284520145,3.169344703014137,nan,nan,nan
29.44,220.00323486328125,-204.86865234375,-5.017882823944092,218.73257985640987,-204.69726719010748,-5.017817518169937,1.282161074764485,1.0848948669079383,1.0848948669079383,3.5226142515037374e-05,1.5154172226361486,3.1994344622258244,nan,0.043084638032799175,nan
29.45,220.00323486328125,-204.85992431640625,-5.017882823944092,218.71765842887132,-204.7010057445369,-5.017800849529377,1.2953616822783336,1.0848086326342037,1.0848086326342037,3.590928542489245e-05,1.5469685933297939,3.221358913196325,2.9994671951283167,nan,nan
29.46,220.00323486328125,-204.8511962890625,-5.017882823944092,218.71754803449537,-204.69226265036565,-5.017557450438976,1.295473129436054,1.084866054680755,1.084866054680755,3.519549702902473e-05,1.5499736477423376,3.230108513144912,nan,0.0705651286834803,nan
29.47,220.00323486328125,-204.8424835205078,-5.017882823944092,218.71743767791529,-204.68351925128223,-5.017629746889308,1.295586394198957,1.0849235677590985,1.0849235677590985,3.590002846605717e-05,1.5489382526412276,3.2514090736189694,nan,nan,nan
29.48,220.00323486328125,-204.83375549316406,-5.017882823944092,218.71732725131588,-204.67477588607213,-5.017674115366953,1.295697860436938,1.0849811720137346,1.0849811720137346,3.518720828854874e-05,1.5485762104630403,3.2454363069774157,nan,0.0005815927244787678,nan
29.490000000000002,220.00323486328125,-204.8250274658203,-5.017882823944092,218.7172168157272,-204.66603273979112,-5.01774805193378,1.2958093068439227,1.0850388675891633,1.0850388675891633,3.5892022899918975e-05,1.5480282649834443,3.258988283958386,nan,nan,nan
29.5,220.00323486328125,-204.81629943847656,-5.017882823944092,218.7217218627567,-204.65702262147164,-5.017357038371122,1.2913732812007146,1.08495263343528,1.08495263343528,3.515896574054826e-05,1.5449296749359032,3.301362845270018,0.9267597934125504,0.251374213140393,nan
29.51,220.00323486328125,-204.80758666992188,-5.017882823944092,218.72161899861305,-204.64827909561268,-5.017429746066066,1.2914791260725254,1.0850100554523432,1.0850100554523432,3.586320448269838e-05,1.5429614444755486,3.325272000905875,nan,nan,nan
29.52,220.00323486328125,-204.79885864257812,-5.017882823944092,218.72151606810345,-204.639535459096,-5.015968775154848,1.2915845347052055,1.085067568500944,1.085067568500944,3.515293341322207e-05,1.6416221563613824,3.4167010047650406,nan,1.6482395395451575,nan
29.53,220.00323486328125,-204.79013061523438,-5.017882823944092,218.72141289394168,-204.63079186746535,-5.016028133758089,1.2916887541114048,1.085125172725583,1.085125172725583,3.5857489482311e-05,1.6335023083848046,3.4269996293514717,nan,nan,nan
29.54,220.00323486328125,-204.78140258789062,-5.017882823944092,218.72130939209896,-204.62204834629128,-5.015741731157439,1.2917938195625343,1.0851828682707603,1.0851828682707603,3.5147956315587857e-05,1.6681657929609086,3.476578388264638,nan,0.08416016543069083,nan
29.55,220.00323486328125,-204.77268981933594,-5.017882823944092,218.7159496965253,-204.61544878991901,-5.015745144214788,1.2968548151418402,1.0850966342357862,1.0850966342357862,3.583085879856616e-05,1.6774683112872455,3.515361085594761,0.35832703764805307,nan,nan
29.560000000000002,220.00323486328125,-204.7639617919922,-5.017882823944092,218.71583763782957,-204.606708630318,-5.016184922996792,1.2969668676665767,1.0851540562235902,1.0851540562235902,3.5122844353416104e-05,1.6322006361877752,3.474605314064379,nan,0.1023880553483226,nan
29.57,220.00323486328125,-204.75523376464844,-5.017882823944092,218.71572547172232,-204.59796849474418,-5.016247234632942,1.2970795941741176,1.0852115692426814,1.0852115692426814,3.5827193596811075e-05,1.6249767816503333,3.4782856190819933,nan,nan,nan
29.580000000000002,220.00323486328125,-204.7465057373047,-5.017882823944092,218.7156131584364,-204.5892284355532,-5.015802671552937,1.2971931743066365,1.0852691734375601,1.0852691734375601,3.5119786447003624e-05,1.6737041359406002,3.53940771568909,nan,0.1807877438443268,nan
29.59,220.00323486328125,-204.73779296875,-5.017882823944092,218.71550085904187,-204.58048854510147,-5.015861750722253,1.2973078401484965,1.0853268689527267,1.0853268689527267,3.582448590808326e-05,1.664708992101632,3.555463974033426,nan,nan,nan
29.6,220.00323486328125,-204.72906494140625,-5.017882823944092,218.730270444117,-204.5603121302024,-5.017003571047743,1.2841015134455087,1.0852406350357273,1.0852406350357273,3.5096500733209465e-05,1.541428628903641,3.3744076798546576,2.4810522477801196,0.86527919591009,nan
29.61,220.00323486328125,-204.7203369140625,-5.017882823944092,218.73018174581745,-204.551554288682,-5.017075112455486,1.2841933136846986,1.085298056994499,1.085298056994499,3.580068485980816e-05,1.5377612167738424,3.384573884185884,nan,nan,nan
29.62,220.00323486328125,-204.71160888671875,-5.017882823944092,218.73009298000932,-204.54279631010445,-5.016747536121809,1.2842854939003252,1.0853555699843116,1.0853555699843116,3.509515077133385e-05,1.5564004554534494,3.414146052430074,nan,0.11241812294666526,nan
29.63,220.00323486328125,-204.70289611816406,-5.017882823944092,218.7300041950059,-204.53403835541047,-5.016817026628875,1.2843793888890263,1.085413174149665,1.085413174149665,3.579970678304762e-05,1.5515468719020238,3.4404474495180466,nan,nan,nan
29.64,220.00323486328125,-204.6941680908203,-5.017882823944092,218.7299153708444,-204.52528040620936,-5.0177074358801645,1.284470945795922,1.0854708696350597,1.0854708696350597,3.509459813910899e-05,1.5208303221022428,3.3970321464405426,nan,0.4722051118304697,nan
29.650000000000002,220.00323486328125,-204.68544006347656,-5.017882823944092,218.71707922194133,-204.50729722647154,-5.017903304276745,1.298434135621109,1.0853846358351078,1.0853846358351078,3.577754636329401e-05,1.5533147173371569,3.559304080729388,2.3369004724115587,nan,nan
29.66,220.00323486328125,-204.6767120361328,-5.017882823944092,218.71697009940246,-204.49852438669737,-5.019705847776281,1.2985496542771793,1.0854420577650723,1.0854420577650723,3.5073656644818084e-05,1.648249474270308,3.6673740250970965,nan,2.079942928790784,nan
29.67,220.00323486328125,-204.66799926757812,-5.017882823944092,218.7168609613752,-204.48975149992148,-5.0198065814491635,1.2986661553388157,1.085499570725835,1.085499570725835,3.5778098023554025e-05,1.6571290177000746,3.7069949912450304,nan,nan,nan
29.68,220.00323486328125,-204.65927124023438,-5.017882823944092,218.71675161481488,-204.4809785318965,-5.017769463611092,1.2987792157567022,1.0855571748618962,1.0855571748618962,3.507453315423386e-05,1.554248088104971,3.5722370747325325,nan,3.2162690541413688,nan
29.69,220.00323486328125,-204.65054321289062,-5.017882823944092,218.71664215710646,-204.4722054381088,-5.017850859344602,1.2988938195703408,1.085614870317756,1.085614870317756,3.5779363308782876e-05,1.5541019205376607,3.574634336219664,nan,nan,nan
29.7,220.00323486328125,-204.64181518554688,-5.017882823944092,218.69606059836585,-204.4378381383337,-5.015580671437517,1.3229952738211497,1.0855286366339312,1.0855286366339312,3.505494221272052e-05,1.7635929990863624,3.962423638292336,8.377435598292662,3.4299633386871915,nan
29.71,220.00323486328125,-204.6331024169922,-5.017882823944092,218.69591886589527,-204.4290246586087,-5.0156390445279815,1.323150740858427,1.0855860585353123,1.0855860585353123,3.575929055936334e-05,1.7534882284258388,4.028692752610691,nan,nan,nan
29.72,220.00323486328125,-204.62437438964844,-5.017882823944092,218.69577716215048,-204.42021129874917,-5.016928410714449,1.3233023535217947,1.0856435714672528,1.0856435714672528,3.5057074333447824e-05,1.6389697753891042,3.8715450081583636,nan,1.0647505442838858,nan
29.73,220.00323486328125,-204.6156463623047,-5.017882823944092,218.69563544010262,-204.4113979925878,-5.017001035742849,1.3234554868145434,1.0857011755742527,1.0857011755742527,3.576182407859014e-05,1.6350166275590634,3.8815262736827245,nan,nan,nan
29.740000000000002,220.00323486328125,-204.60691833496094,-5.017882823944092,218.6954936621298,-204.4025846264613,-5.016525720568746,1.3236091399457177,1.0857588710008126,1.0857588710008126,3.5059792125957774e-05,1.6660931571826907,3.9348719233684717,nan,0.21214549935216703,nan
29.75,220.00323486328125,-204.59820556640625,-5.017882823944092,218.70343693328155,-204.36514587208848,-5.0165556723382805,1.320527637453446,1.0856726374322023,1.0856726374322023,3.574294593262918e-05,1.6554630792945826,4.169635136386055,6.214486687780194,nan,nan
29.76,220.00323486328125,-204.5894775390625,-5.017882823944092,218.70330806398292,-204.3562870315939,-5.015534226621622,1.3206789966592407,1.0857300593052217,1.0857300593052217,3.5041903576804096e-05,1.7638740980766314,4.204191306188062,nan,0.8388467810023139,nan
29.77,220.00323486328125,-204.58074951171875,-5.017882823944092,218.7031792168223,-204.34742846334885,-5.015594381015526,1.3208287672795767,1.0857875722085655,1.0857875722085655,3.574658538201383e-05,1.7532473643882878,4.2219697103423295,nan,nan,nan
29.78,220.00323486328125,-204.572021484375,-5.017882823944092,218.70305037722662,-204.33857006032855,-5.013171913256975,1.3209850331650117,1.0858451762867336,1.0858451762867336,3.504565199412869e-05,2.2402745875018724,4.718198503933526,nan,4.344250252599775,nan
29.79,220.00323486328125,-204.5633087158203,-5.017882823944092,218.70292147199288,-204.32971171983294,-5.013209198803938,1.3211375079340284,1.0859028716842267,1.0859028716842267,3.575074072601992e-05,2.218283902003083,4.804260627058193,nan,nan,nan
29.8,220.00323486328125,-204.55458068847656,-5.017882823944092,218.72788793242773,-204.36682763542558,-5.013354646185547,1.2891010462183563,1.0858166382299252,1.0858166382299252,3.5028730587528345e-05,2.1157843855491505,4.225169236732943,19.08929819709706,0.013356960463799528,nan
29.810000000000002,220.00323486328125,-204.5458526611328,-5.017882823944092,218.72779879284974,-204.35804212542772,-5.013394713259091,1.2891974675033802,1.0858740600748031,1.0858740600748031,3.573335195988608e-05,2.09428032669294,4.228200270181638,nan,nan,nan
29.82,220.00323486328125,-204.53712463378906,-5.017882823944092,218.72770965320063,-204.3492566728565,-5.014307860764245,1.2892911667493465,1.085931572949774,1.085931572949774,3.503337030441665e-05,1.8955269895324178,4.056475083912432,nan,0.5360380668170925,nan
29.830000000000002,220.00323486328125,-204.52841186523438,-5.017882823944092,218.72762050365404,-204.34047136161783,-5.014358626307289,1.2893897965145247,1.0859891769993382,1.0859891769993382,3.573840496563703e-05,1.8783993850333642,4.109430753696285,nan,nan,nan
29.84,220.00323486328125,-204.51968383789062,-5.017882823944092,218.72753143509374,-204.331686097414,-5.011005149234346,1.2894997826766383,1.0860468723679955,1.0860468723679955,3.503842616021657e-05,2.881037917625475,5.096157888075029,nan,8.170068118638145,nan
29.85,220.00323486328125,-204.51095581054688,-5.017882823944092,218.70047226321367,-204.3248089633961,-5.01101220284779,1.316012251566553,1.0859606390271042,1.0859606390271042,3.5721855797639906e-05,2.9162269479610945,5.312246877193657,5.082438265173711,nan,nan
29.86,220.00323486328125,-204.50222778320312,-5.017882823944092,218.70034063890944,-204.31602673965955,-5.0092814478916745,1.3161603899936123,1.086018060844059,1.086018060844059,3.5022695767382196e-05,3.707454279136261,6.159063799049506,nan,2.161688151523825,nan
29.87,220.00323486328125,-204.49351501464844,-5.017882823944092,218.70020889625434,-204.30724449951845,-5.009285315851889,1.3163006087891194,1.0860755736908791,1.0860755736908791,3.572767773126808e-05,3.6641647003764657,6.21018641789624,nan,nan,nan
29.88,220.00323486328125,-204.4847869873047,-5.017882823944092,218.7000769530188,-204.29846219007544,-5.010710534007816,1.3164303668956676,1.0861331777120646,1.0861331777120646,3.502846611563826e-05,3.0640807039020235,5.6161646517075,nan,1.4221056212214465,nan
29.89,220.00323486328125,-204.47605895996094,-5.017882823944092,218.69994490737633,-204.28967987448948,-5.010730584909807,1.3165686564653654,1.0861908730521157,1.0861908730521157,3.573385924219334e-05,3.027303852815005,5.623215490944604,nan,nan,nan
29.900000000000002,220.00323486328125,-204.4673309326172,-5.017882823944092,218.65979832573365,-204.29859797029275,-5.012554547683041,1.3540018218306018,1.086104639823743,1.086104639823743,3.501340152202145e-05,2.498799506902416,5.454082082962439,13.294649324503748,2.2780684537888694,nan
29.91,220.00323486328125,-204.4586181640625,-5.017882823944092,218.65960284804046,-204.28984378371183,-5.012594570200769,1.3542007788619905,1.0861620616129917,1.0861620616129917,3.571832896869109e-05,2.471308204300259,5.471669033392432,nan,nan,nan
29.92,220.00323486328125,-204.44989013671875,-5.017882823944092,218.65940743404346,-204.28108984168512,-5.01382208218687,1.354393660941645,1.0862195744318814,1.0862195744318814,3.501977720058485e-05,2.159627443641417,5.169620060700193,nan,0.992963181729691,nan
29.93,220.00323486328125,-204.441162109375,-5.017882823944092,218.6592122897826,-204.27233610155093,-5.013876006699909,1.3545903268428316,1.0862771784249123,1.0862771784249123,3.572511810438351e-05,2.138554767021532,5.178845413435672,nan,nan,nan
29.94,220.00323486328125,-204.43243408203125,-5.017882823944092,218.65901734850215,-204.2635824995518,-5.01464155093499,1.3547848869084134,1.0863348737365845,1.0863348737365845,3.50264367748519e-05,1.9895039531632053,5.04967745177813,nan,0.35595591601016535,nan
29.95,220.00323486328125,-204.42372131347656,-5.017882823944092,218.69661988314817,-204.2424082417084,-5.014706745510539,1.3191388189938094,1.086248640619846,1.086248640619846,3.571015222586627e-05,1.8844330088767527,4.680771770572576,10.991236725022782,nan,nan
29.96,220.00323486328125,-204.4149932861328,-5.017882823944092,218.69648472952824,-204.23363482763318,-5.013723904683422,1.3192816602766435,1.0863060623816034,1.0863060623816034,3.501216638639374e-05,2.0962237696929833,4.8725915804207345,nan,0.773113493446584,nan
29.97,220.00323486328125,-204.40626525878906,-5.017882823944092,218.6963495638618,-204.22486135340893,-5.013778234819322,1.3194216196416322,1.0863635751727814,1.0863635751727814,3.5717449433787424e-05,2.0741546664638664,4.867273159968793,nan,nan,nan
29.98,220.00323486328125,-204.3975372314453,-5.017882823944092,218.69621437337437,-204.21608768176975,-5.0141068432605245,1.3195608201761662,1.08642117913788,1.08642117913788,3.501929642778112e-05,2.0098655607780804,4.8283697919556845,nan,0.05269713339692967,nan
29.990000000000002,220.00323486328125,-204.38882446289062,-5.017882823944092,218.69607909266566,-204.20731384652007,-5.014165754432329,1.3197030458078907,1.0864788744213993,1.0864788744213993,3.572498603130568e-05,1.9897276209212122,4.853055863280433,nan,nan,nan
30.0,220.00323486328125,-204.38009643554688,-5.017882823944092,218.70046536170315,-204.18659345487094,-5.014648430606,1.3170657686967573,1.0863926414154172,1.0863926414154172,3.500546153139945e-05,1.8955556195647207,4.735989682927936,1.1899122238804063,0.14877029654344387,nan
