t,gt_x,gt_y,gt_z,est_x,est_y,est_z,err_norm,P_xx,P_yy,P_zz,nees_pos,nees_full,nis_dvl,nis_depth,nis_acoustic
0.01,249.97708129882812,-149.97702026367188,-4.976943492889404,249.33930741021297,-149.58320081347495,-5.371411568636973,0.8470267735654529,1.0001000000190625,1.0001000000190625,1.0001000000190625,0.7173826168613395,0.8153850163388153,nan,nan,nan
0.02,249.97544860839844,-149.9753875732422,-4.975301265716553,249.341969543769,-149.58227179114658,-4.954673747481695,0.7458292284195777,1.0004000001826252,1.0004000001826252,0.0008991910516330248,1.028810498478233,1.330142953198117,nan,0.1749557077311189,nan
0.03,249.97393798828125,-149.97386169433594,-4.973775386810303,249.3447479131773,-149.58145914949185,-4.95614269808545,0.7417350062664669,1.0009000006351882,1.0009000006351882,0.0009995107999378019,0.860429362668848,1.332547934936014,nan,nan,nan
0.04,249.9725341796875,-149.9724578857422,-4.9723639488220215,249.34764099434105,-149.58076160265978,-4.95772799224084,0.7376528197587645,1.0016000015212516,1.0016000015212516,0.001299751085492619,0.7078580146234262,1.3359805392197757,nan,nan,nan
0.05,249.9712371826172,-149.97116088867188,-4.971066474914551,249.3349632863415,-149.5443537281149,-4.955285880048898,0.7663275086794585,1.000136159857599,1.000136159857599,0.0009482656258604509,0.8495422167508746,9.348526891288953,0.6671337549570806,nan,nan
0.06,249.97006225585938,-149.96998596191406,-4.969881534576416,249.334945344306,-149.53671785943635,-4.975560494266277,0.768847833156147,1.0001960690185168,1.0001960690185168,0.0004706126059357571,0.6595078075819977,9.23626325049504,nan,0.7631679793787578,nan
0.07,249.968994140625,-149.9689178466797,-4.968807697296143,249.33503858830397,-149.52919340820034,-4.976546056329008,0.7715679531416236,1.000266870913067,1.000266870913067,0.0004966032732312541,0.7156819896497979,9.228970738563657,nan,nan,nan
0.08,249.96803283691406,-149.96795654296875,-4.967844009399414,249.33524178807173,-149.52177930316245,-4.961844136511395,0.774296221927259,1.0003485656857503,1.0003485656857503,0.00033474555357598877,0.7068295632830147,9.151019351917556,nan,1.2591757658342948,nan
0.09,249.96719360351562,-149.96710205078125,-4.966989040374756,249.33555382935407,-149.5144743383478,-4.962435861659986,0.7770851831054296,1.0004411534810664,1.0004411534810664,0.0003657497821603676,0.6602564012654363,9.145530396312454,nan,nan,nan
0.1,249.96644592285156,-149.9663543701172,-4.966241836547852,249.32090710930296,-149.53871168237126,-4.964925292366952,0.7743386607091721,1.0002799430390896,1.0002799430390896,0.00025589781533001015,0.6062041838585556,6.186640069746739,4.687172822767736,0.0014604617408515428,nan
0.11,249.96580505371094,-149.96571350097656,-4.965601444244385,249.31992681469146,-149.5347651352044,-4.9661871140030875,0.7764506015257339,1.0003387291688073,1.0003387291688073,0.000276099502948622,0.6039133899229419,6.1931768649573815,nan,nan,nan
0.12,249.96527099609375,-149.96517944335938,-4.965066432952881,249.31905205847795,-149.53092438211564,-4.952236355045457,0.7786789996193557,1.0004031143902965,1.0004031143902965,0.00022575857331918735,1.3350778407773238,6.9118920069001515,nan,3.1047538026542525,nan
0.13,249.96484375,-149.96475219726562,-4.964635848999023,249.3182817019217,-149.5271882477074,-4.953005175278107,0.780794444485491,1.0004730988480575,1.0004730988480575,0.0002489304852977975,1.1526315186924134,6.931121100100679,nan,nan,nan
0.14,249.9645233154297,-149.9644317626953,-4.964308738708496,249.3176146416573,-149.52355568921422,-4.9622786110027075,0.782858011256559,1.0005486826865908,1.0005486826865908,0.00021171057025257443,0.6319936923538528,6.5799369698329295,nan,1.0834669256480667,nan
0.15,249.9643096923828,-149.96420288085938,-4.964083671569824,249.32094014334297,-149.52372561546127,-4.960660035493053,0.7797155373905992,1.000423869832177,1.000423869832177,0.00021321003290301479,0.6626623105674129,7.158189896953537,0.5318722185916313,nan,nan
0.16,249.9641876220703,-149.96408081054688,-4.96396017074585,249.32073588638903,-149.52054410315012,-4.9480048572931405,0.7816709787288942,1.0004822670248124,1.0004822670248124,0.00018618654909576847,1.9777560238971374,8.531322877902408,nan,3.871677009918189,nan
0.17,249.9641571044922,-149.9640655517578,-4.963936805725098,249.32063207130219,-149.51746316165477,-4.948488350754246,0.7834646245676483,1.00054443243672,1.00054443243672,0.00020597903009387866,1.7718804944565039,8.570239545844675,nan,nan,nan
0.18,249.9642333984375,-149.96414184570312,-4.964012145996094,249.32062757076193,-149.51448180636314,-4.961754161523663,0.7851291046006864,1.0006103662124004,1.0006103662124004,0.0001823528216426373,0.6440060992513117,7.617432401711804,nan,3.470909167778748,nan
0.19,249.96441650390625,-149.9643096923828,-4.964186668395996,249.3207213843937,-149.5115989075526,-4.963107987895801,0.7869508403562987,1.0006800684963535,1.0006800684963535,0.00020295299146478864,0.6246026968736207,7.6072176946157075,nan,nan,nan
0.2,249.9646759033203,-149.96458435058594,-4.9644575119018555,249.2984912429758,-149.51644179102823,-4.96814173961052,0.8028993267521521,1.0005678340570063,1.0005678340570063,0.0001668966678956289,0.7255968863793218,9.48051021287273,3.2021030399871355,0.06849336840893956,nan
0.21,249.9650421142578,-149.96495056152344,-4.96482515335083,249.29765741487452,-149.5141343891778,-4.969983538240565,0.80539690038761,1.0006260336518868,1.0006260336518868,0.00018415925513696904,0.7927204612689727,9.491737718185497,nan,nan,nan
0.22,249.96551513671875,-149.9654083251953,-4.965288162231445,249.29691882235343,-149.51192270835463,-4.962777718370972,0.8078839883254493,1.0006870731532063,1.0006870731532063,0.0001659063258070559,0.6902093818614445,9.33086734653639,nan,2.230157666122071,nan
0.23,249.966064453125,-149.96592712402344,-4.965845108032227,249.29627466212375,-149.50978374471228,-4.964357416465054,0.8103624866966016,1.0007509527054648,1.0007509527054648,0.0001833058877637196,0.6682663275896764,9.363212243422984,nan,nan,nan
0.24,249.9667205810547,-149.96646118164062,-4.966495990753174,249.2957217111328,-149.50767951326569,-4.956131463795929,0.8129129880204723,1.0008176724531628,1.0008176724531628,0.00016530600624113122,1.3100261227518795,10.040269940209507,nan,2.635414755621737,nan
0.25,249.96739196777344,-149.9669952392578,-4.967238903045654,249.2806019360362,-149.504430487497,-4.956648083024948,0.8281055867061338,1.0007118135101392,1.0007118135101392,0.00017015893430764086,1.3443395935937383,13.08411261159365,1.2745320944927283,nan,nan
0.26,249.9680938720703,-149.967529296875,-4.968072891235352,249.2795503445248,-149.50229221647288,-4.952332604863385,0.8311350593742072,1.0007698933505491,1.0007698933505491,0.00015460196069882803,2.292551602145415,14.23384314996215,nan,0.9841984155613814,nan
0.27,249.96878051757812,-149.96804809570312,-4.968997955322266,249.27850380288405,-149.5001490320576,-4.953467658186337,0.8340579516666295,1.0008302519759107,1.0008302519759107,0.00016949921248513727,2.1177918143657406,14.175677116414311,nan,nan,nan
0.28,249.96946716308594,-149.96856689453125,-4.970012187957764,249.27745288570773,-149.49799831157566,-4.950675632493257,0.8370737445036415,1.000892889530724,1.000892889530724,0.00015391981918924937,3.1288960919662214,15.43321805830134,nan,0.5084391042938808,nan
0.29,249.9701385498047,-149.96908569335938,-4.971115589141846,249.27639292590106,-149.49583871290176,-4.95180989027648,0.8400109554085354,1.0009578061594893,1.0009578061594893,0.00016843203079353267,2.91739229145531,15.491367084541542,nan,nan,nan
0.3,249.97080993652344,-149.96957397460938,-4.972306251525879,249.24210789812557,-149.5098125387042,-4.959066544519251,0.8617206789629752,1.0008558006496362,1.0008558006496362,0.0001455923953751165,1.9457290770621154,18.89213507920954,8.065113959403973,1.3967890918595038,nan
0.31,249.97145080566406,-149.97006225585938,-4.973583698272705,249.2399166631813,-149.50817206882076,-4.960628233333444,0.8652471268789902,1.0009138000273874,1.0009138000273874,0.00015843833474231186,1.8071666915226792,18.858784809714848,nan,nan,nan
0.32,249.9720916748047,-149.97055053710938,-4.974947452545166,249.23771292672274,-149.5065218623841,-4.973203428680879,0.868698911142956,1.0009737024100318,1.0009737024100318,0.00014456285573207406,0.7749407975894026,18.094278187119663,nan,4.31528368608919,nan
0.33,249.97271728515625,-149.97100830078125,-4.976396083831787,249.23549658642204,-149.50486180368483,-4.97539148898379,0.8722315773968625,1.0010355079420696,1.0010355079420696,0.00015695620896444666,0.7664298172056371,18.01404463151586,nan,nan,nan
0.34,249.97332763671875,-149.9714813232422,-4.977928638458252,249.2332675696961,-149.50319210589342,-4.972632528632311,0.8757920658843545,1.001099216768001,1.001099216768001,0.00014313043997196524,0.9621080936208913,18.33384505496742,nan,0.9357561366134352,nan
0.35000000000000003,249.97393798828125,-149.971923828125,-4.979544639587402,249.24052590558216,-149.52676186370465,-4.975242600541074,0.8579516100314504,1.0009997922080285,1.0009997922080285,0.00014889042743916194,0.8596303714755055,15.761336501192863,4.44327811251076,nan,nan
0.36,249.97451782226562,-149.9723663330078,-4.981243133544922,249.23854410171228,-149.5257955942867,-4.976972232924954,0.8608722220046108,1.0010577337130937,1.0010577337130937,0.00013638306950536808,0.8740449841815813,15.751372057360403,nan,0.011916820155644697,nan
0.37,249.97509765625,-149.97279357910156,-4.983023166656494,249.23655030293963,-149.5248202094496,-4.97930306984687,0.8637975295862832,1.0011173090006462,1.0011173090006462,0.00014706292968198447,0.8394029933610796,15.83359176613374,nan,nan,nan
0.38,249.9756622314453,-149.9732208251953,-4.984883785247803,249.2345448439677,-149.52383603291432,-4.982494266340522,0.8667222065665942,1.0011785182151862,1.0011785182151862,0.00013468430291238041,0.7927113682796414,15.847548919652986,nan,0.025559047320886583,nan
0.39,249.97621154785156,-149.9736328125,-4.986824035644531,249.23252789070648,-149.52284328231164,-4.985016827695999,0.8696435180191351,1.0012413615012141,1.0012413615012141,0.00014487741422886574,0.7778821340685833,15.831393727205043,nan,nan,nan
0.4,249.9767608642578,-149.9740447998047,-4.9888434410095215,249.2877923255611,-149.53163321756855,-4.986955174295104,0.8187852105172319,1.0011437865398718,1.0011437865398718,0.00012900686158663383,0.6972781920590105,9.41632061147576,21.006239650626114,0.1130271391778558,nan
0.41000000000000003,249.97727966308594,-149.9744415283203,-4.990941047668457,249.2871872045299,-149.5308688308129,-4.989630247838351,0.8203572743177822,1.0012016843516187,1.0012016843516187,0.00013827978407954675,0.6846021005674692,9.362784578869096,nan,nan,nan
0.42,249.97781372070312,-149.97483825683594,-4.9931159019470215,249.28657108946297,-149.53009651250812,-4.999734340410067,0.8219826020782025,1.0012610136076117,1.0012610136076117,0.00012713799004969724,1.0192976019247868,9.841137942176319,nan,2.583296246199321,nan
0.43,249.9783172607422,-149.9752197265625,-4.995367050170898,249.28594437168005,-149.52931627590104,-5.0028146188490705,0.8235688016791745,1.0013217744523508,1.0013217744523508,0.00013597092396230078,1.0852423483254323,9.784850010831498,nan,nan,nan
0.44,249.97882080078125,-149.97560119628906,-4.99769401550293,249.28530750647906,-149.5285281175889,-5.000612061652314,0.8251324391063816,1.0013839670303364,1.0013839670303364,0.0001250702703150877,0.7479757497610866,9.465115266654756,nan,1.4232379933143806,nan
0.45,249.97930908203125,-149.97596740722656,-5.000095844268799,249.2745134357589,-149.5258020717347,-5.003890237241933,0.8363014586266119,1.0012877827263515,1.0012877827263515,0.00013036536244466555,0.8089252166825782,11.121127206626841,0.6832377674006167,nan,nan
0.46,249.9797821044922,-149.976318359375,-5.002572059631348,249.27363078721496,-149.52495593711504,-5.016417562451468,0.8381941404406811,1.0013456463278285,1.0013456463278285,0.00012030419833727775,2.294877382793988,12.54127269432826,nan,4.743216142301406,nan
0.47000000000000003,249.98025512695312,-149.97666931152344,-5.005121231079102,249.27273832254184,-149.52410236691802,-5.019930057867828,0.8400096244833755,1.0014047837665132,1.0014047837665132,0.00012801984475006078,2.417433548842328,12.639141773146884,nan,nan,nan
0.48,249.980712890625,-149.97702026367188,-5.007742881774902,249.27183621507587,-149.5232414927697,-5.021029385340488,0.8417825403488012,1.0014651951869058,1.0014651951869058,0.00011821806241854161,2.2006522427700945,12.333389496138597,nan,0.34600845369470135,nan
0.49,249.98117065429688,-149.97735595703125,-5.010436058044434,249.27092476874932,-149.52237352162112,-5.024613440729458,0.8435989762018178,1.0015268807335065,1.0015268807335065,0.00012555129121243172,2.3112984107856143,12.367941719639362,nan,nan,nan
0.5,249.9816131591797,-149.97769165039062,-5.013200283050537,249.28161170673897,-149.51945653527366,-5.016315122397623,0.8366547414373071,1.0014317802140504,1.0014317802140504,0.00011407142712187383,0.784034606053227,10.709368651658544,0.9116421214010046,9.057853826754618,nan
0.51,249.98204040527344,-149.97801208496094,-5.0160346031188965,249.28091488657955,-149.51853396252085,-5.019698927406635,0.8382783339901639,1.001489616259765,1.001489616259765,0.00012085931291792888,0.8127503143383202,10.681911149947087,nan,nan,nan
0.52,249.9824676513672,-149.97833251953125,-5.0189385414123535,249.28020937641125,-149.51760485834248,-5.0319586454416765,0.8400036819190125,1.001548599924324,1.001548599924324,0.0001120138658798066,2.2177577352514075,12.145681050851854,nan,4.8689912196310905,nan
0.53,249.98287963867188,-149.97865295410156,-5.021911144256592,249.27949532314497,-149.5166692508131,-5.035731872713571,0.8416468677351918,1.0016087313522277,1.0016087313522277,0.00011846964698285644,2.3193741144985576,12.172091851292056,nan,nan,nan
0.54,249.98329162597656,-149.9789581298828,-5.024951457977295,249.2787729057023,-149.51572714115866,-5.038682183889118,0.8432781919184718,1.0016700106879763,1.0016700106879763,0.00010990256617951728,2.425198634987864,12.205182968802172,nan,0.05207098011269439,nan
0.55,249.9836883544922,-149.97926330566406,-5.028059005737305,249.27035833860253,-149.54888403450468,-5.041368895896967,0.8332125669892861,1.001575778649722,1.001575778649722,0.00011437471095960897,2.2418581969893108,10.61300071658335,8.666745051069572,nan,nan
0.56,249.9840850830078,-149.97955322265625,-5.031232833862305,249.2694795612874,-149.54855082601787,-5.045107358057905,0.8346356210964072,1.0016335919888517,1.0016335919888517,0.00010636654105075295,2.505090703765637,10.834000986576077,nan,0.00201798308936706,nan
0.5700000000000001,249.98446655273438,-149.97984313964844,-5.034472465515137,249.2685929454187,-149.54821159301227,-5.049078027391297,0.8360586918036329,1.0016924496011623,1.0016924496011623,0.00011208895293895504,2.600753255743144,10.832928658883912,nan,nan,nan
0.58,249.98484802246094,-149.98011779785156,-5.037776947021484,249.26769875616074,-149.5478666326889,-5.055586318107385,0.8375328731684855,1.0017523516311537,1.0017523516311537,0.0001043447057311727,3.739589811741598,11.920380437331787,nan,0.4463011821624939,nan
0.59,249.98521423339844,-149.98040771484375,-5.0411458015441895,249.26679679761912,-149.54751594178634,-5.059752342181569,0.8389666874000433,1.0018132982233263,1.0018132982233263,0.00010979186978546339,3.8555150200089976,11.95803672035306,nan,nan,nan
0.6,249.98558044433594,-149.9806671142578,-5.0445780754089355,249.27673065512326,-149.5506666338554,-5.058635873381941,0.8291960314045249,1.0017197777972857,1.0017197777972857,0.00010120691020761286,2.6388384503934526,9.998464883077393,0.8528184302176572,2.100466999435122,nan
0.61,249.98593139648438,-149.98094177246094,-5.0480732917785645,249.27599512810002,-149.55036311985245,-5.062797050162871,0.8304361927990628,1.001777572072588,1.001777572072588,0.00010631090634921488,2.7273828742572985,10.029409382772016,nan,nan,nan
0.62,249.98626708984375,-149.981201171875,-5.051630973815918,249.2752523667463,-149.55005427884794,-5.064881857407839,0.8316280212596362,1.0018363244572275,1.0018363244572275,9.928493016738102e-05,2.458667424956858,9.632064854682321,nan,0.37193423503170214,nan
0.63,249.9866180419922,-149.98146057128906,-5.0552496910095215,249.27450251418549,-149.54974022986562,-5.069117811284188,0.8328765232026561,1.001896035095704,1.001896035095704,0.0001041507258581228,2.5387788672960987,9.781105514447137,nan,nan,nan
0.64,249.98695373535156,-149.98170471191406,-5.058929443359375,249.27374582312123,-149.54942100439814,-5.075502198930673,0.8341518962868119,1.001956704132518,1.001956704132518,9.737088364886783e-05,3.514898776601484,10.636630413822969,nan,0.36845376244708444,nan
0.65,249.98727416992188,-149.98194885253906,-5.062668800354004,249.29202869526318,-149.52726667863107,-5.079270350272814,0.8308897404365982,1.0018637774929615,1.0018637774929615,0.00010105773322666525,3.4160857289437847,10.495445441323957,5.861044555850216,nan,nan
0.66,249.9875946044922,-149.98219299316406,-5.066468238830566,249.2915526349124,-149.5266004439661,-5.082907134174189,0.8320512193256778,1.00192155551035,1.00192155551035,9.466159294807597e-05,3.5454839127883595,10.588341945851814,nan,0.05923665266929982,nan
0.67,249.98789978027344,-149.982421875,-5.07032585144043,249.29107006283093,-149.5259292788226,-5.08739744664459,0.8332158092826969,1.0019802187074855,1.0019802187074855,9.903323741569967e-05,3.6354296166624174,10.549641216615662,nan,nan,nan
0.68,249.98822021484375,-149.98265075683594,-5.074241638183594,249.29058121368337,-149.52525336261073,-5.088144504823825,0.8343295762975717,1.0020397672288688,1.0020397672288688,9.286200673526551e-05,2.775968307531694,9.719113337733196,nan,1.3534810105367858,nan
0.6900000000000001,249.98851013183594,-149.98287963867188,-5.0782151222229,249.29008608802738,-149.5245728087427,-5.092668943004731,0.8354939905617621,1.0021002012189995,1.0021002012189995,9.703764735162398e-05,2.849284780255899,9.6703491030604,nan,nan,nan
0.7000000000000001,249.9888153076172,-149.9831085205078,-5.082245349884033,249.30354667599107,-149.5216238452452,-5.095029332606495,0.8262715251097714,1.0020077776195548,1.0020077776195548,9.042408866641605e-05,2.4885682634778608,9.032427699380065,1.4950234982178525,0.3292291165581647,nan
0.71,249.98910522460938,-149.9833221435547,-5.086331844329834,249.30323963329522,-149.52090148563047,-5.099618145785479,0.8272974072424905,1.0020655415862234,1.0020655415862234,9.437263819391792e-05,2.5533529837299915,8.97572278326799,nan,nan,nan
0.72,249.9893798828125,-149.98353576660156,-5.0904741287231445,249.30292663667277,-149.5201745548251,-5.106624735211096,0.8283613425339547,1.0021241282129905,1.0021241282129905,8.873562692450998e-05,3.6240096356518414,9.996556623516653,nan,0.5742707635018499,nan
0.73,249.98965454101562,-149.98374938964844,-5.09467077255249,249.30260775072213,-149.5194432706617,-5.111376387295667,0.8293928753884184,1.0021835376443564,1.0021835376443564,9.251353019886767e-05,3.7027288036035024,10.076201711844554,nan,nan,nan
0.74,249.98992919921875,-149.98394775390625,-5.098922252655029,249.30228304435798,-149.51870772286443,-5.114277790981451,0.8303862434649848,1.0022437700248215,1.0022437700248215,8.707629985980739e-05,3.395646778085644,9.67404876680087,nan,0.3895572496916247,nan
0.75,249.99020385742188,-149.98414611816406,-5.103227138519287,249.31534499381763,-149.5418450631788,-5.119213164096554,0.807044151233396,1.0021517780909859,1.0021517780909859,9.011382618543183e-05,3.485558048864658,8.297252890027979,4.918485373619127,nan,nan
0.76,249.99046325683594,-149.98434448242188,-5.1075849533081055,249.31518855591716,-149.5414208241491,-5.124338033976446,0.8077486951215471,1.002209529774464,1.002209529774464,8.494775986400842e-05,3.954719604686147,8.714817002869342,nan,0.006687760774445526,nan
0.77,249.99072265625,-149.9845428466797,-5.111995220184326,249.31502682623176,-149.54099250930832,-5.129278284638833,0.8084556022461773,1.0022680499342875,1.0022680499342875,8.838252451840409e-05,4.031499614831333,8.761057832718127,nan,nan,nan
0.78,249.990966796875,-149.98472595214844,-5.116457939147949,249.3148598857496,-149.54056038456773,-5.1310168293088525,0.8090831650569331,1.0023273387149567,1.0023273387149567,8.339704709710379e-05,3.1944763039592527,7.793394463664888,nan,1.243918123604768,nan
0.79,249.9912109375,-149.9849090576172,-5.120971202850342,249.31468795094042,-149.54012449069964,-5.135999464715565,0.8097792976893198,1.0023873962609717,1.0023873962609717,8.66906480367423e-05,3.2591805403197402,7.856951698459939,nan,nan,nan
0.8,249.991455078125,-149.98509216308594,-5.125535488128662,249.3600741967613,-149.51393135789553,-5.136710184198745,0.7878827295553131,1.0022957788426037,1.0022957788426037,8.146131396115193e-05,2.1521346472197544,7.783224147344441,18.154428920843106,1.9905623718352217,nan
0.81,249.99168395996094,-149.9852752685547,-5.130150318145752,249.3604651493335,-149.5131645732363,-5.141711670661094,0.7883269375049365,1.0023535196802833,1.0023535196802833,8.459827845292427e-05,2.199862004290295,7.816754540441116,nan,nan,nan
0.8200000000000001,249.99191284179688,-149.98544311523438,-5.134814262390137,249.36085129593138,-149.51239436568275,-5.144849512133576,0.7887423535983801,1.0024119815890553,1.0024119815890553,8.001224661326207e-05,1.8791524106767965,7.417570073329954,nan,0.4694359265902245,nan
0.8300000000000001,249.9921417236328,-149.98561096191406,-5.139527320861816,249.3612327682537,-149.5116206951586,-5.149916393887527,0.7891899744642052,1.0024711647134195,1.0024711647134195,8.30252940027698e-05,1.9211773217785935,7.443343460119284,nan,nan,nan
0.84,249.99237060546875,-149.98577880859375,-5.144288539886475,249.36160957583698,-149.51084337914375,-5.15434294325548,0.7896355043158162,1.0025310691978764,1.0025310691978764,7.859697707394198e-05,1.9080440449053762,7.442614687531234,nan,0.0633216725425111,nan
0.85,249.99258422851562,-149.98594665527344,-5.149097919464111,249.38761866975557,-149.49984721239278,-5.158815681609708,0.7761252673092611,1.0024397798249027,1.0024397798249027,8.112175450206397e-05,1.7649233005710485,8.600511072444467,6.262118556707225,nan,nan
0.86,249.9927978515625,-149.98609924316406,-5.15395450592041,249.3882900062474,-149.4989422342248,-5.161491478223738,0.7764074267790437,1.0024975110014611,1.0024975110014611,7.689033290021979e-05,1.3400419105119643,8.083292936999882,nan,0.8764013216502068,nan
0.87,249.99301147460938,-149.98626708984375,-5.158857822418213,249.3889571715892,-149.49803392800635,-5.166679824967385,0.7767331620568393,1.00255592143017,1.00255592143017,7.965826926211573e-05,1.3697927789279065,8.213140216423486,nan,nan,nan
0.88,249.9932098388672,-149.98641967773438,-5.1638078689575195,249.38962014396924,-149.4971224201207,-5.169170524585446,0.7770206459101685,1.0026150112555297,1.0026150112555297,7.556922827746345e-05,0.982710397183379,7.758776841484862,nan,1.0879780190693031,nan
0.89,249.993408203125,-149.986572265625,-5.1688032150268555,249.39027893716738,-149.49620780457755,-5.174405664515272,0.7773375094212308,1.0026747806220402,1.0026747806220402,7.823373752709922e-05,1.0038111935442255,7.803599297540629,nan,nan,nan
0.9,249.9936065673828,-149.98670959472656,-5.173843860626221,249.40431299416318,-149.51747527943664,-5.175788113380082,0.7532937927544205,1.0025837809993299,1.0025837809993299,7.400429109172882e-05,0.6170650999197774,6.6745679441449095,4.456322934910765,2.3999344212623686,nan
0.91,249.99380493164062,-149.9868621826172,-5.178928852081299,249.40511354392567,-149.51680269040435,-5.181049754891937,0.7533378886116708,1.0026415035027145,1.0026415035027145,7.655704897326103e-05,0.6247748953429835,6.789563081973855,nan,nan,nan
0.92,249.99398803710938,-149.98699951171875,-5.18405818939209,249.4059102166722,-149.51612735935404,-5.184865971686186,0.7533636301779818,1.0026998680975152,1.0026998680975152,7.277032019226895e-05,0.5749946418686817,6.731639526233981,nan,0.34723482085234303,nan
0.93,249.99417114257812,-149.9871368408203,-5.1892313957214355,249.4067029689314,-149.51544914946254,-5.190193137573856,0.7533983396408809,1.0027588749282326,1.0027588749282326,7.523155058366447e-05,0.5783411558028009,6.74944956822895,nan,nan,nan
0.9400000000000001,249.99435424804688,-149.98727416992188,-5.1944475173950195,249.40749172373378,-149.5147680192846,-5.193656486153001,0.7534389892775825,1.0028185241393663,1.0028185241393663,7.156866120616894e-05,0.5748172695999151,6.779707652423596,nan,0.5890011659712314,nan
0.9500000000000001,249.99453735351562,-149.98741149902344,-5.199706077575684,249.45210187941692,-149.50505137194486,-5.1989207846037475,0.725884393303098,1.0027277823354113,1.0027277823354113,7.369384861883653e-05,0.5338423591816128,10.047187611246809,13.314653089747349,nan,nan
0.96,249.9947052001953,-149.987548828125,-5.205007076263428,249.45334802282736,-149.5042690587753,-5.2032316938809124,0.7256928282221833,1.0027854969981358,1.0027854969981358,7.017746309448972e-05,0.5700785423331122,10.198290293286396,nan,0.20903836214112906,nan
0.97,249.99488830566406,-149.9876708984375,-5.210350036621094,249.4545906548153,-149.5034841761059,-5.20868147533538,0.7255074897557453,1.0028438205164443,1.0028438205164443,7.245923428507904e-05,0.5632886490698378,10.004853677058122,nan,nan,nan
0.98,249.99505615234375,-149.98779296875,-5.215733528137207,249.45582978891974,-149.50269684944763,-5.214488787124258,0.7253170791825371,1.0029027530348373,1.0029027530348373,6.905491966330746e-05,0.5469975729354105,10.136001202821543,nan,0.017304757089535616,nan
0.99,249.99520874023438,-149.9879150390625,-5.221158027648926,249.45706564294855,-149.50190706770283,-5.220027777186942,0.7251227612257313,1.0029622946978147,1.0029622946978147,7.125958461379825e-05,0.5421756993732574,10.246492811674024,nan,nan,nan
1.0,249.99537658691406,-149.988037109375,-5.226622581481934,249.4706406823437,-149.48959682414926,-5.230066327177758,0.7237419062522201,1.0028717838087382,1.0028717838087382,6.777093076392562e-05,0.6972827840150296,12.38603804286574,1.9616912412593575,3.806629048206255,nan
1.01,249.9955291748047,-149.9881591796875,-5.232126712799072,249.47199448144485,-149.4886859324083,-5.235756084728436,0.7235850138301783,1.002929491338885,1.002929491338885,6.989365826947524e-05,0.7104954098875347,12.526926451729782,nan,nan,nan
1.02,249.9956817626953,-149.98828125,-5.237670421600342,249.47334515065023,-149.4877725348848,-5.235957012690467,0.7234275678733029,1.0029877778266192,1.0029877778266192,6.67214461959174e-05,0.565785927520762,12.367271483735097,nan,5.722679097516019,nan
1.03,249.99583435058594,-149.98838806152344,-5.243253231048584,249.47469261192282,-149.48685667741125,-5.241643062604939,0.7232738303496937,1.0030466434164407,1.0030466434164407,6.877545087776129e-05,0.5592307215040869,12.25377415876023,nan,nan,nan
1.04,249.99598693847656,-149.98849487304688,-5.248873710632324,249.47603691729282,-149.48593860266715,-5.245797365477216,0.7231322792729373,1.0031060882528502,1.0031060882528502,6.570085530554362e-05,0.6653369530831561,12.396551110380885,nan,0.4771243250175703,nan
1.05,249.99612426757812,-149.9886016845703,-5.254532337188721,249.4431210203966,-149.49543671728284,-5.251553654213511,0.7409677111084028,1.0030157853995267,1.0030157853995267,6.751482832804417e-05,0.678789864661344,9.780956277670374,8.530102897320536,nan,nan
1.06,249.99627685546875,-149.98870849609375,-5.260228633880615,249.44413056632646,-149.49461444366366,-5.257333750757027,0.7409472569681866,1.0030734864043878,1.0030734864043878,6.953924654534291e-05,0.6678247981883784,9.699360869261245,nan,nan,nan
1.07,249.9964141845703,-149.9888153076172,-5.26596212387085,249.44513730904129,-149.493789918188,-5.26315213618566,0.7409212007382038,1.003131739331123,1.003131739331123,7.160694323231939e-05,0.6575115753647275,9.804321149762554,nan,nan,nan
1.08,249.99655151367188,-149.98892211914062,-5.271731853485107,249.44614116587624,-149.4929633335449,-5.266236928132491,0.7409162315503154,1.0031905443242328,1.0031905443242328,6.813702973055317e-05,0.9903202948478644,10.167988288126129,nan,1.376087046136116,nan
1.09,249.99668884277344,-149.98902893066406,-5.277537822723389,249.44714211862959,-149.49213473023667,-5.272090244043347,0.7409015619831629,1.0032499015282175,1.0032499015282175,7.012907285810558e-05,0.9702915450572669,10.186557726417877,nan,nan,nan
1.1,249.99681091308594,-149.98912048339844,-5.283379077911377,249.45372150818562,-149.54220332216892,-5.2803950019036705,0.7033419903759843,1.0031597870915698,1.0031597870915698,6.664952675619605e-05,0.6267278813433859,8.185949986996455,17.68804714268331,0.9228843201526087,nan
1.11,249.9969482421875,-149.9892120361328,-5.2892560958862305,249.45476812655977,-149.54183794584313,-5.286357239608779,0.7029304786480232,1.003217482095928,1.003217482095928,6.856436263470651e-05,0.615079927907244,8.06226995597433,nan,nan,nan
1.12,249.9970703125,-149.98931884765625,-5.295167922973633,249.4558121755278,-149.54147058214232,-5.289330463864083,0.7025400456139906,1.003275704459417,1.003275704459417,6.539463134575507e-05,1.0129985076799932,8.63883142696557,nan,1.7859280464131781,nan
1.1300000000000001,249.9971923828125,-149.98941040039062,-5.301114559173584,249.4568537051499,-149.54110131676435,-5.295322138342821,0.7021256818968116,1.0033344543265368,1.0033344543265368,6.724390251833994e-05,0.9902704812633292,8.586813276148504,nan,nan,nan
1.1400000000000001,249.997314453125,-149.989501953125,-5.307095050811768,249.45789282403155,-149.5407302099341,-5.300208287270558,0.7017258716425506,1.0033937318417878,1.0033937318417878,6.419952134813792e-05,1.2294582471615034,8.864846991487521,nan,0.2639425046776355,nan
1.1500000000000001,249.9974365234375,-149.98959350585938,-5.313108921051025,249.4520364936247,-149.51432798496606,-5.306436658344101,0.7234521594130744,1.003303788871462,1.003303788871462,6.584624428132907e-05,1.1977219424038958,9.705158343043987,5.077452260699144,nan,nan
1.16,249.99754333496094,-149.9896697998047,-5.319156169891357,249.45301058094586,-149.51372466292568,-5.3165723808549705,0.7232194476642668,1.003361478331909,1.003361478331909,6.293295965009294e-05,0.6273679919019508,9.198089831235805,nan,3.4695415165763457,nan
1.17,249.99766540527344,-149.98976135253906,-5.325236797332764,249.45398240560087,-149.51311978941786,-5.322745501076001,0.7230384432273488,1.0034196727399347,1.0034196727399347,6.465796531259033e-05,0.6169873478385709,9.148976370227082,nan,nan,nan
1.18,249.99777221679688,-149.98983764648438,-5.3313493728637695,249.45495214081242,-149.5125131497738,-5.3254009065817565,0.7228607710360747,1.0034783722400396,1.0034783722400396,6.185289369201701e-05,1.0927522575701225,9.694717303935716,nan,2.762967716378866,nan
1.19,249.9978790283203,-149.98992919921875,-5.337494373321533,249.45591984404643,-149.51190494142844,-5.3315934707892785,0.7226768081967755,1.0035375769767236,1.0035375769767236,6.352409985951817e-05,1.0685347103187002,9.776106329030814,nan,nan,nan
1.2,249.99798583984375,-149.99000549316406,-5.343670845031738,249.42625926806613,-149.49757540477495,-5.33696638948086,0.7545883742489881,1.0034477907280157,1.0034477907280157,6.070897379433522e-05,1.3078155583847515,9.272081963002732,7.607799362758438,0.12979830877813353,nan
1.21,249.9980926513672,-149.99008178710938,-5.349878787994385,249.42696466715793,-149.4968483959467,-5.343212709789864,0.7546593861493998,1.0035054750442935,1.0035054750442935,6.232509637701262e-05,1.2804579007084984,9.27596696629429,nan,nan,nan
1.22,249.99819946289062,-149.9901580810547,-5.356117248535156,249.4276679814724,-149.49611972063136,-5.3515760709530715,0.754718951102242,1.0035636437795126,1.0035636437795126,5.972753235126294e-05,0.9128303252186164,8.967043335685963,nan,1.0239425840305907,nan
1.23,249.99830627441406,-149.990234375,-5.362386703491211,249.4283691308448,-149.49538961074774,-5.357913229848081,0.7547977876850226,1.003622297078173,1.003622297078173,6.129628862517163e-05,0.8941227664754356,8.947403453026721,nan,nan,nan
1.24,249.99839782714844,-149.9903106689453,-5.368686676025391,249.42906824382607,-149.49465809545865,-5.364460467020214,0.7548678751228822,1.0036814350847751,1.0036814350847751,5.8787406411003814e-05,0.8715385295645721,9.022378984218193,nan,0.007771206828746463,nan
1.25,249.9984893798828,-149.99038696289062,-5.375016212463379,249.44368136992696,-149.4809519364444,-5.370692703568821,0.7532294914636563,1.0035917926518205,1.0035917926518205,6.0208968988361165e-05,0.8757697100959096,10.600606027921705,2.7055209922443555,nan,nan
1.26,249.99859619140625,-149.99046325683594,-5.381375312805176,249.44448948366164,-149.48011223062827,-5.377997820191828,0.7533284947319773,1.0036494721759006,1.0036494721759006,5.7792880487397536e-05,0.7628140459620762,10.422841471833424,nan,0.19344471327200854,nan
1.27,249.99868774414062,-149.9905242919922,-5.387763500213623,249.44529582597568,-149.47927109746468,-5.384468516710129,0.7534144283999048,1.0037076172477457,1.0037076172477457,5.927115335003334e-05,0.748699388260879,10.410045039243531,nan,nan,nan
1.28,249.998779296875,-149.9906005859375,-5.3941802978515625,249.44610031771833,-149.47842860378233,-5.390671727682339,0.753516093637714,1.003766228011856,1.003766228011856,5.693320882385903e-05,0.7818632562768119,10.59559617292359,nan,0.023016201456069064,nan
1.29,249.99887084960938,-149.99066162109375,-5.400625705718994,249.4469029524359,-149.4775848147431,-5.397198379893225,0.7536100551926169,1.0038253046127317,1.0038253046127317,5.837188513661534e-05,0.7669888390543587,10.477789944643344,nan,nan,nan
1.3,249.9989471435547,-149.99073791503906,-5.407099723815918,249.4377211148165,-149.45918270210933,-5.403778383131225,0.7730049359673946,1.003735794634901,1.003735794634901,5.60243481466445e-05,0.7922036346727531,11.54365298740978,3.603713334338755,0.02598682335022409,nan
1.31,249.99903869628906,-149.9907989501953,-5.413600921630859,249.43844220268474,-149.45819930696393,-5.4103617492293266,0.7732666427885658,1.0037934696783202,1.0037934696783202,5.7422346454106276e-05,0.7783916131966062,11.363671192781048,nan,nan,nan
1.32,249.99911499023438,-149.99085998535156,-5.420129776000977,249.4391616185223,-149.45721446253208,-5.415494039009488,0.7735288052648492,1.0038515928649445,1.0038515928649445,5.5235454880090554e-05,0.985092399541167,11.67166140937227,nan,0.6062909809040464,nan
1.33,249.99920654296875,-149.9909210205078,-5.426685810089111,249.43987931173734,-149.45622824905584,-5.422116351439734,0.7737985470342597,1.0039101643392743,1.0039101643392743,5.6598226224094635e-05,0.9653265585564836,11.59275016691831,nan,nan,nan
1.34,249.99928283691406,-149.99098205566406,-5.4332685470581055,249.44059526390717,-149.45524073816117,-5.428464348413519,0.7740630748438321,1.0039691842458098,1.0039691842458098,5.4476975875768776e-05,1.0204530058369936,11.784826805640918,nan,0.026063593419493256,nan
1.35,249.99935913085938,-149.9910430908203,-5.439877986907959,249.44228975958302,-149.4668660464823,-5.435320342535998,0.7649239376221636,1.0038797966704522,1.0038797966704522,5.5728389403156746e-05,0.9555652162132,11.246264317949706,1.497326832654771,nan,nan
1.36,249.9994354248047,-149.99110412597656,-5.4465131759643555,249.44300970826896,-149.46597108736242,-5.441409541265569,0.7651145883810867,1.0039374675102937,1.0039374675102937,5.3675790867243964e-05,1.0683453804428973,11.408229613146144,nan,0.1115088205865612,nan
1.37,249.99951171875,-149.99114990234375,-5.453174591064453,249.44372812600915,-149.46507500473038,-5.448134578623611,0.765294454170583,1.0039955703927643,1.0039955703927643,5.497085995012721e-05,1.0454138849323271,11.26514321627036,nan,nan,nan
1.3800000000000001,249.9995880126953,-149.9912109375,-5.4598612785339355,249.44444496410807,-149.4641777357174,-5.453221802116101,0.7655010665067963,1.0040541054623642,1.0040541054623642,5.297694360503292e-05,1.4156919459362156,11.821095346359234,nan,0.8363307546825551,nan
1.3900000000000001,249.99966430664062,-149.99127197265625,-5.466573238372803,249.44516033659093,-149.4632792485625,-5.45998053693852,0.7656986569199578,1.0041130728635934,1.0041130728635934,5.4242200346573946e-05,1.3851391755461786,11.830553047066745,nan,nan,nan
1.4000000000000001,249.99974060058594,-149.99131774902344,-5.473310470581055,249.40511737508538,-149.46392203960738,-5.469145900827986,0.7948209598748492,1.0040237987526313,1.0040237987526313,5.223899084547854e-05,0.9611969469313849,9.996479867128254,11.190997336355268,1.7423010705476725,nan
1.41,249.9998016357422,-149.9913787841797,-5.480072021484375,249.40553424261228,-149.4630326040228,-5.47598471181405,0.795185592628624,1.00408146563644,1.00408146563644,5.34734910164236e-05,0.9421515457834586,10.205987299199577,nan,nan,nan
1.42,249.9998779296875,-149.99142456054688,-5.486857891082764,249.40594971014994,-149.46214211150598,-5.482848916625644,0.7955543430225102,1.004139549626837,1.004139549626837,5.473116038873351e-05,0.92393285536397,10.014601971792144,nan,nan,nan
1.43,249.99993896484375,-149.99147033691406,-5.4936676025390625,249.4063637873189,-149.46125052458703,-5.489738209419417,0.7959145562735146,1.0041980508683226,1.0041980508683226,5.6012143462608274e-05,0.9064731784566706,10.078325216175626,nan,nan,nan
1.44,250.00001525878906,-149.9915313720703,-5.5005011558532715,249.40677645734195,-149.4603579015518,-5.501762893839102,0.7962908534623812,1.004256969505397,1.004256969505397,5.388491862232554e-05,0.6609338490298919,9.930437270054993,nan,7.6107433359813825,nan
1.45,250.0000762939453,-149.9915771484375,-5.507358551025391,249.38753440605623,-149.46744351330153,-5.508739756298599,0.8061795951446357,1.0041678008763908,1.0041678008763908,5.506491459249539e-05,0.6818711956801546,9.095846160481287,3.0358264215735997,nan,nan
1.46,250.00013732910156,-149.9916229248047,-5.5142388343811035,249.38780654302062,-149.46660478476147,-5.515650895458448,0.8065947141368042,1.0042254640262422,1.0042254640262422,5.301560213610368e-05,0.6854655427910733,9.08915566683199,nan,0.003645961246374225,nan
1.47,250.0001983642578,-149.99166870117188,-5.521141529083252,249.38807737366605,-149.46576512415317,-5.522694475441077,0.8070124479129828,1.004283530390924,1.004283530390924,5.4231794301037734e-05,0.692958018680562,9.099458303958613,nan,nan,nan
1.48,250.00025939941406,-149.99171447753906,-5.528067588806152,249.38834693559096,-149.46492452516716,-5.528100954009643,0.8074308133922591,1.0043420001149361,1.0043420001149361,5.224986916178137e-05,0.6491473181038683,8.996715438989517,nan,0.8563691524059369,nan
1.49,250.0003204345703,-149.99176025390625,-5.53501558303833,249.38861531119346,-149.46408280393044,-5.5351729431787255,0.8078531264658678,1.004400873342779,1.004400873342779,5.343770948146905e-05,0.6502304910809907,9.040370679845243,nan,nan,nan
1.5,250.00038146972656,-149.99180603027344,-5.541985511779785,249.407782241639,-149.4825389929115,-5.544952999963555,0.7813677536598888,1.004311803037348,1.004311803037348,5.1461702857127284e-05,0.7790228616549848,8.5857145461345,4.945537231530029,2.3820024846977876,nan
1.51,250.0004425048828,-149.99185180664062,-5.548977851867676,249.40817658392533,-149.48182636568802,-5.552100620573244,0.7816102757966443,1.004369462653241,1.004369462653241,5.2620717278073784e-05,0.7935674065431308,8.527838003124483,nan,nan,nan
1.52,250.00048828125,-149.99188232421875,-5.555991172790527,249.4085698015456,-149.48111291521604,-5.559616837437946,0.7818350345390416,1.0044275125322382,1.0044275125322382,5.076616344075288e-05,0.8674995347642134,8.583073490990929,nan,0.03941668347258025,nan
1.53,250.00054931640625,-149.99192810058594,-5.563025951385498,249.4089620402658,-149.48039852039517,-5.566813423370921,0.7820820683569301,1.00448595281884,1.00448595281884,5.190012223663712e-05,0.8853016788648338,8.605591483519763,nan,nan,nan
1.54,250.00059509277344,-149.99197387695312,-5.57008171081543,249.40935342458394,-149.47968311061322,-5.5720158749972395,0.7823121374948143,1.004544783657546,1.004544783657546,5.010133530333451e-05,0.6839081675143861,8.450438852356848,nan,1.376312361042734,nan
1.55,250.0006561279297,-149.99200439453125,-5.577157974243164,249.37877254877475,-149.45743437175676,-5.579085238043907,0.8200658568782343,1.0044558052316765,1.0044558052316765,5.115726533930912e-05,0.7421274572682062,9.065407697482364,10.009236235399747,nan,nan
1.56,250.00070190429688,-149.99205017089844,-5.584255218505859,249.37895826963933,-149.45657556128168,-5.585464348966156,0.8205483939280279,1.0045134614943791,1.0045134614943791,4.941510130828408e-05,0.6998589795724117,9.161183003902106,nan,0.2566030942680983,nan
1.57,250.00076293945312,-149.99209594726562,-5.591372489929199,249.37914294730072,-149.45571600455517,-5.592713906835398,0.8210460748246352,1.0045714959176673,1.0045714959176673,5.0501263983078245e-05,0.706677946008228,9.156619745622141,nan,nan,nan
1.58,250.0008087158203,-149.99212646484375,-5.598509311676025,249.37932668148878,-149.4548557049125,-5.599234036571411,0.8215231668675885,1.004629908646041,1.004629908646041,4.880854079105825e-05,0.6825504127172958,9.035765397593565,nan,0.2013058615366979,nan
1.59,250.0008544921875,-149.99215698242188,-5.605666637420654,249.37950962133036,-149.45399480009706,-5.606517663333157,0.8220028632980466,1.0046886998240012,1.0046886998240012,4.987372929217281e-05,0.6870562449032392,9.001042932857937,nan,nan,nan
1.6,250.0009002685547,-149.99220275878906,-5.612843036651611,249.35073313795493,-149.5042740551327,-5.614639331230118,0.8128929475880035,1.0045998074560205,1.0045998074560205,4.818124808511299e-05,0.7247356225334283,6.663052188886778,23.350814622745894,0.22482499144411283,nan
1.61,250.00094604492188,-149.9922332763672,-5.620038986206055,249.35072940061457,-149.5037379358198,-5.621973402780884,0.8132730932707954,1.0046574605294718,1.0046574605294718,4.922489473507885e-05,0.734360960332242,6.557910228030512,nan,nan,nan
1.62,250.00099182128906,-149.9922637939453,-5.627253532409668,249.35072460866047,-149.5032009614031,-5.630908841112742,0.8136604102914652,1.0047154804307055,1.0047154804307055,4.7626528492219376e-05,0.939465607788299,6.770611404351657,nan,0.939563784624477,nan
1.6300000000000001,250.00103759765625,-149.9923095703125,-5.634487152099609,249.35071888007855,-149.5026632596984,-5.638299590743513,0.8140531178113101,1.0047738673042212,1.0047738673042212,4.8651524583353006e-05,0.9582704194985532,6.824347561230359,nan,nan,nan
1.6400000000000001,250.00108337402344,-149.99234008789062,-5.641739368438721,249.35071226853245,-149.50212498721942,-5.645558708994693,0.8144372333985823,1.0048326212945198,1.0048326212945198,4.709489254544289e-05,0.9698474301287454,6.716577504583029,nan,0.008785669719941774,nan
1.6500000000000001,250.00112915039062,-149.99237060546875,-5.649010181427002,249.37479067000186,-149.4651360536788,-5.652958988626635,0.8187134771671679,1.0047438097074235,1.0047438097074235,4.805746710933983e-05,0.9915788499555428,8.492368013865596,12.91995028567496,nan,nan
1.6600000000000001,250.0011749267578,-149.99240112304688,-5.656298637390137,249.3749311459725,-149.4643709138153,-5.657386135038336,0.8191448940722016,1.0048014597407737,1.0048014597407737,4.654343947415741e-05,0.693200424694184,8.214762445459098,nan,3.592156264504612,nan
1.67,250.00120544433594,-149.992431640625,-5.663605213165283,249.37507068585984,-149.4636052359876,-5.664820270825696,0.8195752426585212,1.0048594659689427,1.0048594659689427,4.753257035045132e-05,0.6995138469257611,8.230442388666319,nan,nan,nan
1.68,250.00125122070312,-149.99246215820312,-5.670929431915283,249.37520950702864,-149.462838902571,-5.675655427573744,0.8200313135495552,1.004917828536431,1.004917828536431,4.605596748281191e-05,1.1540925148044838,8.662968573237004,nan,4.605047005259286,nan
1.69,250.0012969970703,-149.99249267578125,-5.678271293640137,249.3753475627118,-149.46207185289805,-5.683162560109448,0.8204772197992544,1.004976547587739,1.004976547587739,4.702938013074502e-05,1.1785391761892863,8.658653027065844,nan,nan,nan
1.7,250.00132751464844,-149.99252319335938,-5.6856303215026855,249.38539134159583,-149.47330549172204,-5.6915621651261,0.8056051003668057,1.0048878119832696,1.0048878119832696,4.554923353397608e-05,1.418307493580174,8.517646679332795,1.6451816061787599,0.302302943280635,nan
1.71,250.00137329101562,-149.9925537109375,-5.69300651550293,249.38558776437114,-149.4726093730862,-5.699115155874779,0.8059598282642019,1.0049454591126181,1.0049454591126181,4.6506308752787976e-05,1.4487122293124184,8.45524892687248,nan,nan,nan
1.72,250.00140380859375,-149.99258422851562,-5.700399398803711,249.38578341610614,-149.47191273587848,-5.705101948735016,0.8062936095911072,1.0050034524419944,1.0050034524419944,4.510165940156558e-05,1.137164802129757,8.139156602136872,nan,1.0543772072271769,nan
1.73,250.00144958496094,-149.9925994873047,-5.707808971405029,249.3859782146366,-149.47121563896496,-5.712673952228405,0.806641055883518,1.0050617921158986,1.0050617921158986,4.604471428994037e-05,1.1613921946041712,7.979260702592461,nan,nan,nan
1.74,250.00148010253906,-149.9926300048828,-5.715234756469727,249.3861721686086,-149.47051807188868,-5.718177103799598,0.8069779312598718,1.0051204782788312,1.0051204782788312,4.467210342815856e-05,0.8416862056091363,7.796962287346256,nan,1.8657458508351563,nan
1.75,250.0015106201172,-149.99266052246094,-5.722676753997803,249.41287445337395,-149.4371388205292,-5.725737170672802,0.809386350431932,1.005031814281234,1.005031814281234,4.5563721405068024e-05,0.8573786482250766,10.19891593146924,12.006207049200802,nan,nan
1.76,250.0015411376953,-149.99269104003906,-5.730134963989258,249.41322205579726,-149.43624891159322,-5.73260930908295,0.8097859635844157,1.0050894586311219,1.0050894586311219,4.422398341853228e-05,0.7908670335422635,10.084200886621081,nan,0.23304251281698518,nan
1.77,250.0015869140625,-149.99270629882812,-5.737608909606934,249.4135690727831,-149.43535836827417,-5.740220498460837,0.8101904206740554,1.0051474397697855,1.0051474397697855,4.513986038890572e-05,0.8041349715301351,9.861457003459627,nan,nan,nan
1.78,250.00161743164062,-149.99273681640625,-5.74509859085083,249.41391535235846,-149.43446724917618,-5.748310780703483,0.8105979039273921,1.0052057578417246,1.0052057578417246,4.382908550252671e-05,0.8890740520157768,10.1445660191314,nan,0.09529203014197116,nan
1.79,250.00164794921875,-149.9927520751953,-5.752604007720947,249.41426077770487,-149.43357560690856,-5.755960020932682,0.8109952372051263,1.0052644129914396,1.0052644129914396,4.4733114436647746e-05,0.9060359658093575,9.969677882836919,nan,nan,nan
1.8,250.00167846679688,-149.99278259277344,-5.760124206542969,249.39537032978785,-149.45924130126807,-5.765385313594705,0.8076531099376655,1.0051758165992442,1.0051758165992442,4.341603070315344e-05,1.286452380988271,8.736463115319939,7.456846163605669,1.5379863991366745,nan
1.81,250.001708984375,-149.99281311035156,-5.767659664154053,249.39560476296938,-149.45850018289798,-5.773084329120671,0.8080111748235459,1.0052334582839386,1.0052334582839386,4.430755907002996e-05,1.3136065557280066,8.72525605064855,nan,nan,nan
1.82,250.00173950195312,-149.99282836914062,-5.775209903717041,249.39583861754434,-149.45775857844617,-5.779402237071098,0.8083521128197164,1.0052914278811222,1.0052914278811222,4.305280102965225e-05,1.058211230479559,8.315510140411995,nan,0.9025374610568065,nan
1.83,250.00177001953125,-149.99285888671875,-5.782774448394775,249.39607205000726,-149.4570164306866,-5.787119025258102,0.8087125838764823,1.0053497255352952,1.0053497255352952,4.3933754988801424e-05,1.0801491051295575,8.475997612020889,nan,nan,nan
1.84,250.00180053710938,-149.9928741455078,-5.790354251861572,249.39630483163313,-149.45627374318093,-5.791910084203025,0.8090534356529374,1.005408351390958,1.005408351390958,4.270403476808594e-05,0.7077274693937479,7.897430187028544,nan,4.067128751903509,nan
1.85,250.0018310546875,-149.99288940429688,-5.797947883605957,249.41834771771488,-149.41027737304898,-5.799488619553942,0.8245556120400602,1.0053198189354455,1.0053198189354455,4.354148105948726e-05,0.7308115052786065,11.124714307244409,17.691876172239763,nan,nan
1.86,250.00186157226562,-149.992919921875,-5.805555820465088,249.4187002251791,-149.40928238160427,-5.8078868481030215,0.8250547671754238,1.0053774580600507,1.0053774580600507,4.233758807545269e-05,0.8054110040794846,11.384784375681754,nan,0.21317116847918915,nan
1.87,250.00189208984375,-149.99293518066406,-5.813177585601807,249.41905211071887,-149.40828702575757,-5.815639444133582,0.8255434374091335,1.0054354167124944,1.0054354167124944,4.319786000723586e-05,0.8181336385783136,11.19039531499002,nan,nan,nan
1.8800000000000001,250.0019073486328,-149.9929656982422,-5.8208136558532715,249.41940358401004,-149.40729137692745,-5.8203851180134984,0.8260297997601924,1.0054936950372766,1.0054936950372766,4.2016726586087485e-05,0.6829677929722752,11.253239632894614,nan,4.437296425907838,nan
1.8900000000000001,250.00193786621094,-149.99298095703125,-5.828462600708008,249.41975461885846,-149.40629526374988,-5.828136608280201,0.8265213502807868,1.0055522931788974,1.0055522931788974,4.286806907990083e-05,0.681844426441299,11.030273497461554,nan,nan,nan
1.9000000000000001,250.00196838378906,-149.9929962158203,-5.83612585067749,249.454302338971,-149.4305875752646,-5.835024953789479,0.7850113295948932,1.0054638212881726,1.0054638212881726,4.16784529410065e-05,0.6419719880358546,10.480105738840225,12.45144015990635,0.31675344977120945,nan
1.9100000000000001,250.00198364257812,-149.99301147460938,-5.843801975250244,249.45483771157578,-149.42972777131754,-5.842795859188838,0.7852758830348182,1.0055214579495955,1.0055214579495955,4.252018795100291e-05,0.6370778479763339,10.615858594476881,nan,nan,nan
1.92,250.00201416015625,-149.9930419921875,-5.8514909744262695,249.45537276465123,-149.42886762070523,-5.850417625353021,0.7855639304317118,1.0055794062070642,1.0055794062070642,4.138329806602646e-05,0.6415247435986974,10.710303735925322,nan,0.01339829016518582,nan
1.93,250.00204467773438,-149.99305725097656,-5.859193325042725,249.45590756359968,-149.42800717949905,-5.858215288797795,0.7858424061267076,1.0056376662050794,1.0056376662050794,4.22170768121818e-05,0.6367433314055115,10.508499591794033,nan,nan,nan
1.94,250.00205993652344,-149.99307250976562,-5.866908073425293,249.4564419188073,-149.42714628519042,-5.867205904057511,0.7861116979294585,1.005696238088141,1.005696238088141,4.1099987680439985e-05,0.6166295644507355,10.614244983366223,nan,0.7069666857478473,nan
1.95,250.00209045410156,-149.9930877685547,-5.874636173248291,249.43331202820977,-149.41100356716743,-5.874993855748596,0.813837233850456,1.0056078236559243,1.0056078236559243,4.189608513608278e-05,0.6616910617836076,10.85770636441369,5.466224076748487,nan,nan
1.96,250.00210571289062,-149.99310302734375,-5.882376194000244,249.43372026482237,-149.41006132835327,-5.880693592474654,0.8142496370802731,1.0056654579437154,1.0056654579437154,4.079954617819935e-05,0.7286562560491957,11.03981807983175,nan,2.3853729848445537,nan
1.97,250.00213623046875,-149.9931182861328,-5.8901286125183105,249.43412814647706,-149.40911876928328,-5.888535181124744,0.8146724238514501,1.0057233963138128,1.0057233963138128,4.16175917127849e-05,0.7209201052623283,10.953039550438447,nan,nan,nan
1.98,250.0021514892578,-149.99314880371094,-5.89789342880249,249.43453556767574,-149.4081757918219,-5.896747927359153,0.8150966637433676,1.0057816389107164,1.0057816389107164,4.0539114003504756e-05,0.6929302140704859,11.188869134797876,nan,0.06699371403215515,nan
1.99,250.00218200683594,-149.9931640625,-5.905670166015625,249.4349426940906,-149.40723243320645,-5.9046194237393745,0.8155227870450487,1.0058401858789268,1.0058401858789268,4.135046753682866e-05,0.6879147400912861,10.924662864356542,nan,nan,nan
2.0,250.002197265625,-149.99317932128906,-5.913458824157715,249.41212427599038,-149.4294256170417,-5.912355771209698,0.816091654702327,1.005751826037344,1.005751826037344,4.0261700234396054e-05,0.6924159664352827,9.238084023182463,7.3284323792097394,0.016646723814986723,nan
2.0100000000000002,250.00221252441406,-149.99319458007812,-5.92125940322876,249.41241071424804,-149.42860077563597,-5.920251957035425,0.8164761810594446,1.005809458034435,1.005809458034435,4.1065661433987335e-05,0.6874971792086044,9.2255951289076,nan,nan,nan
2.02,250.0022430419922,-149.9932098388672,-5.929071426391602,249.4126967088052,-149.42777551602256,-5.928212750296243,0.8168730560800747,1.0058673869868135,1.0058673869868135,4.0022459839314295e-05,0.6818112670061015,9.173836447256459,nan,0.0014486789537826435,nan
2.0300000000000002,250.00225830078125,-149.99322509765625,-5.93689489364624,249.4129824021869,-149.42694987117392,-5.936134558255302,0.8172602369512955,1.0059256130389802,1.0059256130389802,4.082048160521833e-05,0.6781414837991907,9.2220923371287,nan,nan,nan
2.04,250.0022735595703,-149.9932403564453,-5.944729328155518,249.4132676368288,-149.42612393160897,-5.944568072098206,0.8176484833638746,1.0059841363354347,1.0059841363354347,3.9793049281645296e-05,0.6652255949326131,9.235099014953246,nan,0.13545087784811924,nan
2.05,250.00230407714844,-149.99325561523438,-5.952575206756592,249.3829934162413,-149.42188829350744,-5.952427399646599,0.8426187351926053,1.0058958284312023,1.0058958284312023,4.0557720122407334e-05,0.7063834343442766,9.061595830576326,6.7312133335598245,nan,nan
2.06,250.0023193359375,-149.99325561523438,-5.960432529449463,249.38312344856462,-149.4210445604612,-5.962477358683936,0.8431092571373565,1.0059534582145524,1.0059534582145524,3.9546775775239096e-05,0.8123533555120793,8.987595567135704,nan,2.3995118771340644,nan
2.07,250.00233459472656,-149.99327087402344,-5.9683003425598145,249.38325287020442,-149.42020054742542,-5.9704714845615285,0.8436092073478461,1.0060113781846136,1.0060113781846136,4.033288032900109e-05,0.8242930313604564,9.191518057661927,nan,nan,nan
2.08,250.00234985351562,-149.9932861328125,-5.9761786460876465,249.38338176454124,-149.41935618681245,-5.980532090183189,0.8441184931985045,1.0060695884858861,1.0060695884858861,3.933634450843653e-05,1.1900241958318407,9.568020244926789,nan,2.3478680694487664,nan
2.09,250.0023651123047,-149.99330139160156,-5.984067916870117,249.3835102973111,-149.4185114992534,-5.9885701624792205,0.8446212006585447,1.0061280892628703,1.0061280892628703,4.011748982633573e-05,1.214291048208528,9.549521469236122,nan,nan,nan
2.1,250.0023956298828,-149.99331665039062,-5.991967678070068,249.40149338030636,-149.4374269208279,-5.996812207553773,0.8186088042803306,1.0060398308363816,1.0060398308363816,3.910910290884023e-05,1.2661763157957673,8.685715796109672,6.108910591150706,0.0821870280342667,nan
2.11,250.00241088867188,-149.9933319091797,-5.9998779296875,249.40170937838653,-149.43667919567199,-6.0048734332868685,0.8189807708187028,1.0060974584775475,1.0060974584775475,3.988456765977649e-05,1.292321743512536,8.714875268820197,nan,nan,nan
2.12,250.00242614746094,-149.99334716796875,-6.007798194885254,249.40192500427816,-149.43593112211673,-6.0143856129507505,0.8193641835068838,1.0061553698697001,1.0061553698697001,3.891630812300585e-05,1.7822688594282914,9.209995375127628,nan,1.1782491086606248,nan
2.13,250.00244140625,-149.99334716796875,-6.01572847366333,249.40214003632434,-149.43518279826878,-6.022483708321643,0.8197285108695886,1.0062135651573394,1.0062135651573394,3.968739934640428e-05,1.81757573868401,9.051157164284811,nan,nan,nan
2.14,250.00245666503906,-149.9933624267578,-6.0236687660217285,249.40235450947833,-149.4344343839768,-6.027535652086647,0.820084207215027,1.0062720444849655,1.0062720444849655,3.873173397079837e-05,1.0543922440567535,8.407530590554156,nan,5.366049464753825,nan
2.15,250.00247192382812,-149.99337768554688,-6.031619071960449,249.4136488408886,-149.45272913916003,-6.035586173974777,0.7993930269967306,1.0061838332518631,1.0061838332518631,3.9472711466906796e-05,1.0337894576235653,7.706337281619872,3.3630628170555132,nan,nan
2.16,250.0024871826172,-149.99339294433594,-6.039579391479492,249.4139163853952,-149.4520721300665,-6.043895378768233,0.7996639513258806,1.0062414588175028,1.0062414588175028,3.8530338167540925e-05,1.1189341003748257,7.748648819468221,nan,0.025367745430438998,nan
2.17,250.00250244140625,-149.993408203125,-6.047548770904541,249.41418391050715,-149.45141496703118,-6.052008218285481,0.7999345275968951,1.0062993620080434,1.0062993620080434,3.929247347232299e-05,1.1419888784418464,7.785198567693634,nan,nan,nan
2.18,250.0025177001953,-149.993408203125,-6.055527687072754,249.4144513096629,-149.45075759052114,-6.060863846011375,0.8002001259843656,1.0063575429679845,1.0063575429679845,3.836160952802242e-05,1.3785147234231565,7.832332026821786,nan,0.31403961482385523,nan
2.19,250.00253295898438,-149.99342346191406,-6.063516139984131,249.41471844730594,-149.45009996102667,-6.069004473327161,0.8004726407311953,1.006416001841827,1.006416001841827,3.912013382238294e-05,1.4066237352030573,7.95912462318733,nan,nan,nan
2.2,250.00254821777344,-149.99343872070312,-6.071514129638672,249.4296267523307,-149.45188903346738,-6.077303714717651,0.7883835288776438,1.0063278356767156,1.0063278356767156,3.8176035614192505e-05,1.4956262361800063,8.296467914142848,1.500669849439465,0.013727670269729111,nan
2.21,250.0025634765625,-149.99343872070312,-6.0795207023620605,249.42996229959294,-149.45124266961477,-6.0854661235232905,0.7885962298385085,1.006385459229035,1.006385459229035,3.893020718523461e-05,1.525887778326847,8.161012517245343,nan,nan,nan
2.22,250.0025634765625,-149.9934539794922,-6.087536811828613,249.43029750762014,-149.4505962586296,-6.093156064902148,0.7888056923696605,1.006443354568702,1.006443354568702,3.802204964844819e-05,1.4486651871429972,8.230659844467041,nan,0.13866111730590328,nan
2.23,250.00257873535156,-149.99346923828125,-6.095561504364014,249.43063252659627,-149.44994959852795,-6.1013334084980535,0.7890306580763775,1.0065015218402158,1.0065015218402158,3.8773066711875386e-05,1.4777420748273438,8.179018630687647,nan,nan,nan
2.24,250.00259399414062,-149.99346923828125,-6.10359525680542,249.43096751692582,-149.44930275114086,-6.107470836384131,0.7892331818270123,1.0065599611880773,1.0065599611880773,3.787495818479199e-05,1.0153857810253106,7.5359134236414995,nan,2.525365499815932,nan
2.25,250.0026092529297,-149.9934844970703,-6.111637592315674,249.40876868389591,-149.43291628373424,-6.115618582377676,0.8166389603215252,1.0064718381100861,1.0064718381100861,3.859828305264418e-05,1.073190648898235,8.104626928724766,5.179952916156558,nan,nan
2.2600000000000002,250.00262451171875,-149.99349975585938,-6.119688510894775,249.40899874807087,-149.43219639254878,-6.123210077199364,0.8169855655760119,1.0065294597072363,1.0065294597072363,3.771090987896386e-05,0.9919783881938595,8.008660878358981,nan,0.2144084794363726,nan
2.27,250.0026397705078,-149.99349975585938,-6.127747535705566,249.409228563344,-149.43147641407305,-6.131399994268611,0.8173251727151537,1.0065873475234794,1.0065873475234794,3.8455271980185325e-05,1.0105438135140545,7.8653581982558585,nan,nan,nan
2.2800000000000002,250.0026397705078,-149.99351501464844,-6.135815620422363,249.40945823827857,-149.43075636792275,-6.140802993996758,0.8176713878677176,1.0066455017033156,1.0066455017033156,3.757707079287574e-05,1.3260914588722725,8.357953793902158,nan,0.8846933261221246,nan
2.29,250.00265502929688,-149.99351501464844,-6.143891334533691,249.40968768965874,-149.4300361087861,-6.149023618491944,0.8180128871649641,1.0067039223912453,1.0067039223912453,3.8318870643108486e-05,1.3520615102804672,8.171723894222055,nan,nan,nan
2.3000000000000003,250.00267028808594,-149.9935302734375,-6.151975631713867,249.3814922498254,-149.43490084856234,-6.156577016238558,0.8354341160696599,1.006615840551191,1.006615840551191,3.742619373969799e-05,1.2590617686536696,7.710572987197833,5.739377860292811,0.3016952847444221,nan
2.31,250.002685546875,-149.99354553222656,-6.160068035125732,249.38159222849845,-149.4342053196151,-6.164809635388379,0.8358473941750854,1.0066734602476213,1.0066734602476213,3.8164669808608605e-05,1.2830861991955427,7.71952988806679,nan,nan,nan
2.32,250.002685546875,-149.99354553222656,-6.168168067932129,249.38169191311079,-149.43350951797328,-6.173981897745309,0.8362459154181179,1.0067313408466267,1.0067313408466267,3.73046792713222e-05,1.6006669534678686,7.883965755621848,nan,0.5369561133586733,nan
2.33,250.00270080566406,-149.99356079101562,-6.176276206970215,249.38179139556485,-149.43281365537158,-6.182241439591108,0.8366608809326419,1.0067894824927075,1.0067894824927075,3.804094779503399e-05,1.6306585706678616,8.015936306159162,nan,nan,nan
2.34,250.00271606445312,-149.99356079101562,-6.184391975402832,249.38189074530658,-149.43211784592924,-6.189642659986405,0.837060229116926,1.0068478853303637,1.0068478853303637,3.718893983339235e-05,1.4372180457514607,7.648108778465927,nan,0.4692872478047505,nan
2.35,250.0027313232422,-149.9935760498047,-6.1925153732299805,249.40949030632,-149.42087253298075,-6.197911474070096,0.8245928330064727,1.0067598429993085,1.0067598429993085,3.7899319792706656e-05,1.443655125872068,8.72240944219046,5.913557821713467,nan,nan
2.36,250.0027313232422,-149.9935760498047,-6.20064640045166,249.40971150634942,-149.42012953856786,-6.2059232497696835,0.8249492406299532,1.0068174608460834,1.0068174608460834,3.7055977214699904e-05,1.4273399189791607,8.547313869162203,nan,0.04432628044191308,nan
2.37,250.00274658203125,-149.99359130859375,-6.208785057067871,249.40993240797957,-149.41938647951562,-6.214206525759922,0.8253297662243849,1.0068753345145813,1.0068753345145813,3.778737255372189e-05,1.4543232639236674,8.66838430067634,nan,nan,nan
2.38,250.0027618408203,-149.99359130859375,-6.216930866241455,249.41015312932493,-149.41864337672482,-6.222325258358055,0.825699284707753,1.0069334641493026,1.0069334641493026,3.6951296873097454e-05,1.4645645273125392,8.484350842354816,nan,0.01891766232292713,nan
2.39,250.0027618408203,-149.9936065673828,-6.225083827972412,249.41037373292778,-149.41790012289198,-6.230623524789688,0.826070377656528,1.0069918498947474,1.0069918498947474,3.768094183425301e-05,1.492047138830178,8.719648551071627,nan,nan,nan
2.4,250.00277709960938,-149.9936065673828,-6.2332444190979,249.43445726996615,-149.42778862899692,-6.237177191425027,0.8019681009012428,1.0069038454537738,1.0069038454537738,3.682927142334996e-05,1.0586843606701315,7.9658763775008925,5.825395556854235,1.5955111070844092,nan
2.41,250.00277709960938,-149.99362182617188,-6.2414116859436035,249.43478175686232,-149.42709115572927,-6.245472947379022,0.8022419857991321,1.0069614614988562,1.0069614614988562,3.755638545789167e-05,1.0783019579874449,8.240086247346426,nan,nan,nan
2.42,250.00279235839844,-149.99362182617188,-6.249586582183838,249.43510622117256,-149.42639334632432,-6.250803952084165,0.8025068103998135,1.007019328505742,1.007019328505742,3.673485659659279e-05,0.6798695191929286,7.544389221230605,nan,5.653285620121155,nan
2.43,250.0028076171875,-149.99362182617188,-6.257767677307129,249.4354305989996,-149.42569542621914,-6.259086555167059,0.8027819230462769,1.0070774466189314,1.0070774466189314,3.746049385309614e-05,0.6863619730881304,7.581273145519245,nan,nan,nan
2.44,250.0028076171875,-149.99363708496094,-6.265955924987793,249.43575490103788,-149.42499752658793,-6.266474421882055,0.8030566599427078,1.0071358159829245,1.0071358159829245,3.6645256030683077e-05,0.6476667073425904,7.765783272988855,nan,0.5236871889695118,nan
2.45,250.00282287597656,-149.99363708496094,-6.27415132522583,249.4530757706478,-149.4283796395709,-6.2746615856933445,0.7885037220913819,1.0070478479139706,1.0070478479139706,3.734633582842094e-05,0.624358266789599,7.75141904321284,2.5329833507354342,nan,nan
2.46,250.00282287597656,-149.99365234375,-6.282352924346924,249.45347241799115,-149.42769891969164,-6.283395605982441,0.7887270066868263,1.0071054622024767,1.0071054622024767,3.653807501624716e-05,0.6474550101751361,8.066703867531448,nan,0.12480366494280377,nan
2.47,250.00283813476562,-149.99365234375,-6.290561199188232,249.45386894855244,-149.42701818558245,-6.291702320702599,0.788950403239722,1.0071633228002659,1.0071633228002659,3.726020800487505e-05,0.6529620929737165,7.8013591495608665,nan,nan,nan
2.48,250.00283813476562,-149.99366760253906,-6.298776149749756,249.4542652166607,-149.42633736691124,-6.300501340973657,0.7891760380424824,1.007221429851839,1.007221429851839,3.645765137883691e-05,0.6999673777222459,8.098122223911087,nan,0.15268838506134508,nan
2.49,250.0028533935547,-149.99366760253906,-6.306997299194336,249.45466124989275,-149.42565630421777,-6.308827858678796,0.78940155329296,1.0072797835016956,1.0072797835016956,3.717865668791347e-05,0.7087787992589326,7.862110325102186,nan,nan,nan
2.5,250.0028533935547,-149.99366760253906,-6.315225124359131,249.46750965070217,-149.44107571309365,-6.318390502600034,0.7693898484588931,1.0071918503793293,1.0071918503793293,3.635949923464306e-05,0.8632947826687776,7.851297304767389,2.913762040272546,1.06050564655724,nan
2.5100000000000002,250.00286865234375,-149.99368286132812,-6.323458671569824,249.4679579795313,-149.44046209937085,-6.326743359533789,0.7695410505777374,1.0072494629537565,1.0072494629537565,3.707857843572696e-05,0.878901886937177,7.920655736013227,nan,nan,nan
2.52,250.00286865234375,-149.99368286132812,-6.331698894500732,249.46840629285262,-149.4398484644406,-6.334967348172303,0.7696708619130724,1.0073073173798952,1.0073073173798952,3.628756725459003e-05,0.8824777759921341,7.85926788546689,nan,0.012167184112044718,nan
2.5300000000000002,250.0028839111328,-149.99368286132812,-6.339944839477539,249.46885453289974,-149.4392345801466,-6.343333346837038,0.7698128053645706,1.007365413802246,1.007365413802246,3.700572741682293e-05,0.898543252264465,7.760751306475159,nan,nan,nan
2.54,250.0028839111328,-149.9936981201172,-6.348196983337402,249.46930262536657,-149.4386204692628,-6.3524887777161725,0.7699601330568938,1.007423752365309,1.007423752365309,3.6219617334335994e-05,1.0970020152587132,8.21814838972361,nan,0.40299535756288735,nan
2.5500000000000003,250.00289916992188,-149.9936981201172,-6.356455326080322,249.46495332549966,-149.44017663865688,-6.360913348316582,0.7718754018178055,1.0073358528493204,1.0073358528493204,3.691418842696515e-05,1.1298158452569884,7.8338167188942,0.24850653343312679,nan,nan
2.56,250.00289916992188,-149.9936981201172,-6.364719390869141,249.46538127189095,-149.43957119606972,-6.36717621361736,0.772002703774999,1.0073934637497548,1.0073934637497548,3.613367390755651e-05,0.7586538931586202,7.583851964408224,nan,3.009676557158157,nan
2.57,250.00291442871094,-149.99371337890625,-6.372989177703857,249.4658090967674,-149.43896587302342,-6.375557977445582,0.7721615968289989,1.007451312227801,1.007451312227801,3.684936863313222e-05,0.7708902578001471,7.627636907959801,nan,nan,nan
2.58,250.00291442871094,-149.99371337890625,-6.381264686584473,249.46623661678808,-149.43836071212814,-6.3838940048162875,0.7722995349100137,1.0075093984279593,1.0075093984279593,3.6073273702894725e-05,0.7836405751244288,7.588471748052929,nan,0.001830247738301015,nan
2.59,250.00291442871094,-149.99371337890625,-6.389545917510986,249.46666395320992,-149.43775539474342,-6.3922887525225,0.7724385902926972,1.00756772249473,1.00756772249473,3.678831183039052e-05,0.7966706653296001,7.594969601244376,nan,nan,nan
2.6,250.0029296875,-149.9937286376953,-6.397832870483398,249.4805455873566,-149.4872055233596,-6.402006546957279,0.7276456782076661,1.007479855323451,1.007479855323451,3.59947184322195e-05,1.009468091905698,6.597595928179668,18.35163529375299,1.173139533839572,nan
2.61,250.0029296875,-149.9937286376953,-6.406125068664551,249.48102726650018,-149.48680286067096,-6.410427265251753,0.7275811909008447,1.007537464587754,1.007537464587754,3.670828513148898e-05,1.0296114775625897,6.634978690099649,nan,nan,nan
2.62,250.00294494628906,-149.9937286376953,-6.414422988891602,249.4815087497346,-149.48640003562195,-6.41777134516634,0.7275226656597354,1.0075953073284458,1.0075953073284458,3.594127445242427e-05,0.8372274176199361,6.301920140984688,nan,0.7849120377481223,nan
2.63,250.00294494628906,-149.99374389648438,-6.422726154327393,249.48198998354897,-149.485996979854,-6.426194734799004,0.7274702987762892,1.0076533836900268,1.0076533836900268,3.6654341192017176e-05,0.8534114813649774,6.554307200595446,nan,nan,nan
2.64,250.00294494628906,-149.99374389648438,-6.431034564971924,249.482471176728,-149.48559362373325,-6.433615083255627,0.7274038105294357,1.0077116938169974,1.0077116938169974,3.5891089820050803e-05,0.7105961308152265,6.301311705527765,nan,0.6835644653281381,nan
2.65,250.00296020507812,-149.99374389648438,-6.4393486976623535,249.50692150423603,-149.49743206478382,-6.441940321054384,0.7017026033376778,1.007623857801262,1.007623857801262,3.658125796841391e-05,0.67225966703174,6.690503099555889,5.4024180577337395,nan,nan
2.66,250.00296020507812,-149.99374389648438,-6.447667598724365,249.5074977970344,-149.49707723741284,-6.450903254673747,0.7015491696860509,1.0076814654652388,1.0076814654652388,3.5822472843301396e-05,0.7806688894262823,6.957461573031043,nan,0.19104545433068332,nan
2.67,250.0029754638672,-149.99375915527344,-6.455991268157959,249.50807389066136,-149.49672227571182,-6.459344889589151,0.7014160488487943,1.0077393026674621,1.0077393026674621,3.6533849157538316e-05,0.7960403191555371,6.9182570841983155,nan,nan,nan
2.68,250.0029754638672,-149.99375915527344,-6.464320659637451,249.50864982611344,-149.49636707579734,-6.46550121781577,0.7012546688499262,1.0077973695524323,1.0077973695524323,3.5778429589780045e-05,0.526906105411428,6.672900510062597,nan,3.5449164900562113,nan
2.69,250.0029754638672,-149.99375915527344,-6.472654819488525,249.50922566048717,-149.4960117221278,-6.473932512866295,0.7011012822989525,1.0078556662646494,1.0078556662646494,3.648949911677113e-05,0.5324489965047423,6.687431056508515,nan,nan,nan
2.7,250.00299072265625,-149.9937744140625,-6.480993747711182,249.49691923599855,-149.5026101055933,-6.4803531543292,0.7052312655305639,1.0077678602823248,1.0077678602823248,3.571578947586239e-05,0.5050067481093777,6.016419538123689,1.5467813752627533,2.637385888366917,nan
2.71,250.00299072265625,-149.9937744140625,-6.48933744430542,249.49744441437983,-149.50228188000602,-6.488776219667777,0.7050831836161388,1.0078254663798791,1.0078254663798791,3.642572273943489e-05,0.5019288169564997,6.080246856768045,nan,nan,nan
2.72,250.00299072265625,-149.9937744140625,-6.497686386108398,249.49796947367258,-149.50195367265485,-6.497107100554713,0.704935769539003,1.0078832982315458,1.0078832982315458,3.567737496133048e-05,0.5024529948796674,6.073192236530625,nan,0.006529770586553652,nan
2.73,250.0030059814453,-149.9937744140625,-6.506039619445801,249.49849439637035,-149.50162549671091,-6.505540896959636,0.704799790755722,1.007941355981825,1.007941355981825,3.63871166884412e-05,0.4996642671508339,5.951499432582332,nan,nan,nan
2.74,250.0030059814453,-149.9937744140625,-6.514398097991943,249.49901915642045,-149.5012974087452,-6.5136878306861545,0.7046536915709728,1.007999639775217,1.007999639775217,3.5641594087245815e-05,0.5067499712825635,6.073415704969767,nan,0.05820078281171135,nan
2.75,250.0030059814453,-149.99378967285156,-6.52276086807251,249.50658672518185,-149.4859935906739,-6.5221559865672605,0.7101333008286479,1.007911862766239,1.007911862766239,3.6328916344077124e-05,0.5104017547661109,6.908065814414785,1.9029315291273063,nan,nan
2.7600000000000002,250.00302124023438,-149.99378967285156,-6.5311279296875,249.5071386417829,-149.48560750290446,-6.531563492172992,0.7100344069225281,1.007969467329511,1.007969467329511,3.5586941031433415e-05,0.5054936590457162,6.662470618960665,nan,0.6284024719171587,nan
2.77,250.00302124023438,-149.99378967285156,-6.539499759674072,249.50769030005026,-149.48522119764294,-6.540026561026474,0.7099259903675648,1.0080272940083566,1.0080272940083566,3.6295557685761914e-05,0.5076272442262262,6.815789896010784,nan,nan,nan
2.7800000000000002,250.00302124023438,-149.99378967285156,-6.547876358032227,249.5082417672234,-149.48483481664488,-6.5484953135461845,0.7098183962643573,1.0080853429472754,1.0080853429472754,3.70185718211717e-05,0.5101497320831105,6.814729138339583,nan,nan,nan
2.79,250.00302124023438,-149.99380493164062,-6.5562567710876465,249.50879309222384,-149.4844483200868,-6.556969544167625,0.7097225711959345,1.0081436142907678,1.0081436142907678,3.775612793786278e-05,0.5130927445454642,6.945916570952955,nan,nan,nan
2.8000000000000003,250.00303649902344,-149.99380493164062,-6.564641952514648,249.51059383398314,-149.49348890458876,-6.565928921623959,0.7020096591689077,1.0080558652526277,1.0080558652526277,3.6905312310913635e-05,0.5337570063423503,6.657792756966261,1.9460260431583405,0.056162797816962616,nan
2.81,250.00303649902344,-149.99380493164062,-6.573031425476074,249.51114965892396,-149.49313790072117,-6.574420016181842,0.7018704064832114,1.0081134683121227,1.0081134683121227,3.7640136688462455e-05,0.5398822592816399,6.812816116781173,nan,nan,nan
2.82,250.00303649902344,-149.99380493164062,-6.581424713134766,249.51170550393584,-149.49278690040188,-6.5834116840676264,0.7017329708753892,1.0081712899864335,1.0081712899864335,3.6819088093902345e-05,0.5956625208446324,6.8995156136547635,nan,0.15617133566377242,nan
2.83,250.00303649902344,-149.99380493164062,-6.589822769165039,249.51226140391177,-149.4924357814228,-6.591918463392489,0.7015950475212158,1.0082293304200607,1.0082293304200607,3.7552240994239364e-05,0.6051688663782783,6.889782612649746,nan,nan,nan
2.84,250.0030517578125,-149.9938201904297,-6.59822416305542,249.5128172094567,-149.49208458354568,-6.599892814719763,0.7014779511968001,1.008287589757504,1.008287589757504,3.673667663863889e-05,0.5638174094135793,6.823048383596788,nan,0.18499833995148457,nan
2.85,250.0030517578125,-149.9938201904297,-6.606630325317383,249.48464329048522,-149.52590061576808,-6.608239785579894,0.6983542494396751,1.0081998677411392,1.0081998677411392,3.744459947956986e-05,0.5529080787076125,5.137469491770508,14.779994203684389,nan,nan
2.86,250.0030517578125,-149.9938201904297,-6.615040302276611,249.48509142360848,-149.52567733867127,-6.617633306573146,0.6981743056948766,1.0082574693258421,1.0082574693258421,3.663530806549365e-05,0.6669783898613496,5.272769901684793,nan,0.4979278718996188,nan
2.87,250.0030517578125,-149.9938201904297,-6.6234540939331055,249.48553955147628,-149.525454060243,-6.6261607761375085,0.6979921502005585,1.0083152861551197,1.0083152861551197,3.736452707654245e-05,0.679239794341415,5.279972597441889,nan,nan,nan
2.88,250.00306701660156,-149.9938201904297,-6.631872177124023,249.4859875470813,-149.52523077784667,-6.634883501341093,0.697822530058895,1.008373318373472,1.008373318373472,3.656027646360864e-05,0.7309344793682483,5.173042412382113,nan,0.023411033178220252,nan
2.89,250.00306701660156,-149.9938201904297,-6.640294075012207,249.4864354446513,-149.52500745258592,-6.643422572319633,0.6976412773021391,1.0084315661253993,1.0084315661253993,3.728815040850761e-05,0.7451070126829178,5.307234305773035,nan,nan,nan
2.9,250.00306701660156,-149.99383544921875,-6.648719310760498,249.4880458007108,-149.51212699185254,-6.651463905453178,0.7051931816997046,1.0083438702314418,1.0083438702314418,3.646629034420892e-05,0.6997437633828254,5.654639345667421,1.2124531957272988,0.19897800201448398,nan
2.91,250.00306701660156,-149.99383544921875,-6.657148838043213,249.48849774178592,-149.5118570962183,-6.660007997212778,0.7050481161853226,1.0084014703689237,1.0084014703689237,3.719200286454109e-05,0.7127429257422025,5.56068409129871,nan,nan,nan
2.92,250.00308227539062,-149.99383544921875,-6.665581703186035,249.48894963055864,-149.51158696345811,-6.666418413202668,0.7049089860287026,1.0084592825044894,1.0084592825044894,3.639818927853312e-05,0.5119618785414829,5.234762859725478,nan,2.9808502854373837,nan
2.93,250.00308227539062,-149.99383544921875,-6.674018383026123,249.48940160526354,-149.51131656715452,-6.674951038767091,0.7047646218826932,1.008517306782639,1.008517306782639,3.712275683586409e-05,0.5159291804554095,5.387948199664187,nan,nan,nan
2.94,250.00308227539062,-149.99383544921875,-6.682458877563477,249.4898535849094,-149.51104606137508,-6.6848852631099716,0.7046241332046072,1.008575543347873,1.008575543347873,3.6333363630066595e-05,0.6543047510694036,5.520595689967024,nan,1.2762718102300823,nan
2.95,250.00308227539062,-149.99383544921875,-6.6909027099609375,249.52924103835,-149.46750738540388,-6.6935955732526,0.708204772782573,1.0084878727232236,1.0084878727232236,3.70337216167467e-05,0.6931338841778077,8.132849558125804,24.219687920369722,nan,nan
2.96,250.00308227539062,-149.9938507080078,-6.699350357055664,249.52983432301946,-149.46707975598395,-6.701267665753872,0.7081348292467177,1.0085454714397386,1.0085454714397386,3.6249522649065667e-05,0.5986126670754199,8.132250472241475,nan,0.5218642522186226,nan
2.97,250.0030975341797,-149.9938507080078,-6.707801342010498,249.53042763758094,-149.4666521981457,-6.709826454638732,0.7080672291757666,1.0086032790252895,1.0086032790252895,3.697115401053692e-05,0.6080051060555185,7.841816330674874,nan,nan,nan
2.98,250.0030975341797,-149.9938507080078,-6.716256141662598,249.53102109995842,-149.46622446902037,-6.718250995205327,0.7079898214351316,1.0086612956243761,1.0086612956243761,3.619099668244718e-05,0.6068980982804608,7.97915883017058,nan,0.01265403075726936,nan
2.99,250.0030975341797,-149.9938507080078,-6.7247138023376465,249.53161450529913,-149.465796546114,-6.726816958592216,0.7079137431085682,1.008719521381499,1.008719521381499,3.6911739959091416e-05,0.6166391257026993,8.007924585233168,nan,nan,nan
3.0,250.0030975341797,-149.9938507080078,-6.733175277709961,249.55171579250703,-149.46420292566427,-6.735126082794448,0.6958994580378399,1.00863187521619,1.00863187521619,3.611341735428495e-05,0.5855080833431726,8.853150824007393,3.9620469120481108,0.004424658127657828,nan
3.0100000000000002,250.0030975341797,-149.9938507080078,-6.741639614105225,249.5523784647226,-149.46377061276237,-6.7436962656046,0.6957994084239065,1.008689472536764,1.008689472536764,3.6832447728420456e-05,0.5948013486543153,8.868236725686456,nan,nan,nan
3.02,250.0030975341797,-149.9938507080078,-6.750107765197754,249.55304110278215,-149.46333833878506,-6.752873517438961,0.6957023894784921,1.008747275708881,1.008747275708881,3.606077951573368e-05,0.691922041469435,8.922781528124336,nan,0.2415422401403091,nan
3.0300000000000002,250.00311279296875,-149.99386596679688,-6.758578777313232,249.55370371400926,-149.46290629612142,-6.761457962347653,0.6956256046476945,1.0088052848770408,1.0088052848770408,3.677907916084571e-05,0.7050550198033785,8.872107767606307,nan,nan,nan
3.04,250.00311279296875,-149.99386596679688,-6.767053127288818,249.55436627235287,-149.46247440214466,-6.770392627874032,0.6955297168436051,1.008863500185744,1.008863500185744,3.601092236615887e-05,0.7891915385268631,8.995138738162455,nan,0.0798190952939338,nan
3.0500000000000003,250.00311279296875,-149.99386596679688,-6.7755303382873535,249.54924519835794,-149.49281096026257,-6.779008225943582,0.6760650920683917,1.0087758777100626,1.0087758777100626,3.6705779309637955e-05,0.7826070584105225,8.068975763024586,6.728169719607219,nan,nan
3.06,250.00311279296875,-149.99386596679688,-6.784010887145996,249.54988711907876,-149.492487458814,-6.786670002903761,0.6758705428088906,1.0088334736585753,1.0088334736585753,3.594190125436577e-05,0.6495254647282517,7.90021227790679,nan,0.5893712441391514,nan
3.0700000000000003,250.00311279296875,-149.99386596679688,-6.792494773864746,249.55052890992863,-149.49216397788493,-6.7952651091965945,0.6756809392188942,1.0088912725471906,1.0088912725471906,3.665804485979404e-05,0.661874441698344,7.881637894264966,nan,nan,nan
3.08,250.00311279296875,-149.99386596679688,-6.800981521606445,249.55117073714248,-149.4918404803469,-6.802737629202056,0.6754881899661147,1.0089492745204085,1.0089492745204085,3.589735679483726e-05,0.5381432632868179,7.766951631293129,nan,0.8511374824089706,nan
3.09,250.0031280517578,-149.99386596679688,-6.809471130371094,249.55181263534033,-149.49151690782585,-6.811329800332469,0.6753100301337043,1.0090074797227295,1.0090074797227295,3.6612968508836966e-05,0.5463251008186494,7.5862892557349495,nan,nan,nan
3.1,250.0031280517578,-149.99386596679688,-6.81796407699585,249.54908917496456,-149.53036478260546,-6.818050732194637,0.6488333043977028,1.0089198802045791,1.0089198802045791,3.583358393798434e-05,0.41747227141512605,6.983335694826317,11.337187889071275,2.7145984208309146,nan
3.11,250.0031280517578,-149.99388122558594,-6.8264594078063965,249.54971945047677,-149.5301775685209,-6.8266338270887985,0.6485371783584919,1.0089774748038383,1.0089774748038383,3.654783012977241e-05,0.41769049916155343,7.065069324405486,nan,nan,nan
3.12,250.0031280517578,-149.99388122558594,-6.834958076477051,249.550349579399,-149.52999021567524,-6.835514615735807,0.6482310728771665,1.0090352695326645,1.0090352695326645,3.579397875211859e-05,0.4250938588822687,6.996558358934589,nan,0.058229761749133864,nan
3.13,250.0031280517578,-149.99388122558594,-6.843459606170654,249.55097946035121,-149.52980271051945,-6.8441083750163285,0.6479256421521713,1.0090932645355577,1.0090932645355577,3.650781491390415e-05,0.42755326496904733,6.997691688592919,nan,nan,nan
3.14,250.0031280517578,-149.99388122558594,-6.851963520050049,249.55160929606916,-149.52961502370482,-6.853686865014209,0.6476227782170828,1.0091514599570184,1.0091514599570184,3.575670353389535e-05,0.4986679161475954,7.092949868476293,nan,0.6503757954274229,nan
3.15,250.0031280517578,-149.99388122558594,-6.860470771789551,249.52804646117795,-149.54757017895827,-6.862358063507947,0.6518432556372799,1.0090638826994907,1.0090638826994907,3.6447663087856946e-05,0.5188050611378009,5.991265120763528,6.42526610755456,nan,nan
3.16,250.00314331054688,-149.99388122558594,-6.868980407714844,249.52859350368146,-149.54744453384495,-6.87021477067874,0.6515403000433365,1.0091214759713016,1.0091214759713016,3.570005863135787e-05,0.46334539839754285,5.7898310760293,nan,0.39106746297233597,nan
3.17,250.00314331054688,-149.99388122558594,-6.877492904663086,249.52914051269144,-149.54731868218457,-6.8788272952831715,0.6512284838228491,1.0091792666582269,1.0091792666582269,3.641233859543529e-05,0.4691402296106272,5.965184123419591,nan,nan,nan
3.18,250.00314331054688,-149.99388122558594,-6.886007785797119,249.52968753974875,-149.54719276121776,-6.888436695437,0.6509200033058501,1.0092372549047668,1.0092372549047668,3.566720369389247e-05,0.5852199435701179,6.107125546420008,nan,0.6699248706798121,nan
3.19,250.00314331054688,-149.99388122558594,-6.894525527954102,249.53023463252973,-149.54706674867933,-6.897066710139743,0.6506091392872954,1.0092954408554216,1.0092954408554216,3.637922447189418e-05,0.5968955005533325,6.100505862502031,nan,nan,nan
3.2,250.00314331054688,-149.99388122558594,-6.903046131134033,249.5510986999584,-149.5169811823883,-6.9054203786223605,0.6571024411879292,1.0092078851945612,1.0092078851945612,3.5614899646821424e-05,0.5861163825127694,7.3301092268494425,9.135906845216308,0.0789928578399669,nan
3.21,250.00314331054688,-149.993896484375,-6.911569118499756,249.55171458442044,-149.5167537130671,-6.914055378147723,0.65685561615211,1.00926547715979,1.00926547715979,3.63258190417937e-05,0.597660063845394,7.419745838505625,nan,nan,nan
3.22,250.00314331054688,-149.993896484375,-6.9200944900512695,249.55233047078488,-149.5165262036755,-6.921839214130937,0.6565954960639744,1.009323263917243,1.009323263917243,3.5586130185537726e-05,0.5126730234538884,7.252767943707585,nan,0.49862539080618684,nan
3.23,250.00314331054688,-149.993896484375,-6.928622722625732,249.5529462515757,-149.51629871650155,-6.9304727563308655,0.6563386644170174,1.0093812456114197,1.0093812456114197,3.6296883102779854e-05,0.5210686328839005,7.240652555526566,nan,nan,nan
3.24,250.00315856933594,-149.993896484375,-6.937153339385986,249.5535619061151,-149.51607112146854,-6.936945428608364,0.6560901464302636,1.009439422386821,1.009439422386821,3.5559285302623834e-05,0.4276446224308267,6.946969925293033,nan,3.2025386643870144,nan
3.25,250.00315856933594,-149.993896484375,-6.945686340332031,249.55147203646717,-149.4973704001118,-6.945581810353771,0.6712368339530107,1.0093518876895662,1.0093518876895662,3.6247570376915255e-05,0.44668578145827964,7.448826432870943,2.4023822087048043,nan,nan
3.2600000000000002,250.00315856933594,-149.993896484375,-6.954221725463867,249.5520782696455,-149.49708080476972,-6.954732289552753,0.6710436028650832,1.009409478368199,1.009409478368199,3.5512834529680015e-05,0.4534419955950387,7.453080315169757,nan,0.1908626805962591,nan
3.27,250.00315856933594,-149.993896484375,-6.962759494781494,249.55268446794864,-149.49679119123442,-6.963363540529743,0.6708509173880151,1.0094672613034843,1.0094672613034843,3.622248321986501e-05,0.4558929555771691,7.445411066267227,nan,nan,nan
3.2800000000000002,250.00315856933594,-149.993896484375,-6.971299648284912,249.5532905444545,-149.49650160389695,-6.971215805691564,0.6706585673545621,1.009525236639922,1.009525236639922,3.5489613332634455e-05,0.445737116431879,7.4214471726895095,nan,0.4199130724254581,nan
3.29,250.00315856933594,-149.993896484375,-6.979841709136963,249.5538965039971,-149.49621198322797,-6.979845906967978,0.6704671998331589,1.0095834045220131,1.0095834045220131,3.6199207193317845e-05,0.44525965411727075,7.461458558707999,nan,nan,nan
3.3000000000000003,250.00315856933594,-149.993896484375,-6.988386631011963,249.5156766755302,-149.47966757392473,-6.989833602453391,0.7085704360595816,1.009495890184293,1.009495890184293,3.5446700788757664e-05,0.5564141039197257,6.480595924133499,12.150506173513621,1.2407328956722972,nan
3.31,250.00315856933594,-149.993896484375,-6.996933937072754,249.51615453265316,-149.47932425401495,-6.998483999511209,0.7084912947218149,1.0095534795954897,1.0095534795954897,3.615538971940884e-05,0.5636620950612751,6.467878087522976,nan,nan,nan
3.3200000000000003,250.00315856933594,-149.993896484375,-7.005483150482178,249.51663217764943,-149.47898096902642,-7.008347238957913,0.7084166293622579,1.0096112588111,1.0096112588111,3.5426807216341e-05,0.7286163635961427,6.63859174602127,nan,1.008082548268837,nan
3.33,250.00315856933594,-149.99391174316406,-7.014034748077393,249.5171096858094,-149.47863767948743,-7.0170158621300605,0.708350029940151,1.0096692279756239,1.0096692279756239,3.613551041115008e-05,0.7428822967584499,6.7341244457136185,nan,nan,nan
3.34,250.003173828125,-149.99391174316406,-7.02258825302124,249.51758711402346,-149.47829432329132,-7.0271244224976845,0.7082911530025451,1.009727387233562,1.009727387233562,3.5408478923348676e-05,1.077950284337077,6.803503070036911,nan,1.4236817787266396,nan
3.35,250.003173828125,-149.99391174316406,-7.031144142150879,249.52241743786837,-149.53352746597952,-7.035897734600871,0.6656598125863554,1.009639892678539,1.009639892678539,3.609500145278669e-05,1.0648823452622662,6.255094508261613,21.627123817830515,nan,nan
3.36,250.003173828125,-149.99391174316406,-7.03970193862915,249.52290914469447,-149.53336492524076,-7.043146230957199,0.6654091980124337,1.0096974808406836,1.0096974808406836,3.5370298755484146e-05,0.7739037694859827,5.958512067637244,nan,1.4442118178472345,nan
3.37,250.003173828125,-149.99391174316406,-7.048262119293213,249.52340092627927,-149.53320231459446,-7.0518291780743585,0.665167602057371,1.0097552564345864,1.0097552564345864,3.6078230079814754e-05,0.7908363578222897,5.955732703923634,nan,nan,nan
3.38,250.003173828125,-149.99391174316406,-7.056824207305908,249.52389274854676,-149.5330397183824,-7.063244786250192,0.6649470657894538,1.0098132196047478,1.0098132196047478,3.535489345765221e-05,1.6038177801315776,6.760786930825728,nan,5.153655322461157,nan
3.39,250.003173828125,-149.99391174316406,-7.0653886795043945,249.52438467729178,-149.53287709381294,-7.0719609357358495,0.6647068477230247,1.0098713704956679,1.0098713704956679,3.6062919173313677e-05,1.6352288188301989,6.749170746133961,nan,nan,nan
3.4,250.003173828125,-149.99391174316406,-7.073955059051514,249.51603840904022,-149.56653103169566,-7.079450112577296,0.6480627937749494,1.0097838951721105,1.0097838951721105,3.531955158103607e-05,1.270812493574641,5.851896581509519,8.706465408737753,0.9056345998884682,nan
3.41,250.003173828125,-149.99391174316406,-7.082522869110107,249.5165020159891,-149.5664773264895,-7.088159466477711,0.6477510359045877,1.0098414821028576,1.0098414821028576,3.602681460829248e-05,1.2973381793963625,5.890490640440359,nan,nan,nan
3.42,250.003173828125,-149.99391174316406,-7.09109354019165,249.51696564920093,-149.56642366891015,-7.096783641706353,0.647438664382374,1.0098992541687626,1.0098992541687626,3.530681146695518e-05,1.3320616504997813,5.849659830238654,nan,0.0053841456914436965,nan
3.43,250.003173828125,-149.99391174316406,-7.099665641784668,249.51742934417828,-149.5663700119285,-7.105497788644421,0.6471272282708773,1.0099572115143256,1.0099572115143256,3.601421917134447e-05,1.359069807358733,5.872126529907327,nan,nan,nan
3.44,250.003173828125,-149.99391174316406,-7.108239650726318,249.51789297575476,-149.56631645591924,-7.11653086967085,0.6468415413861087,1.0100153542840469,1.0100153542840469,3.529532329674446e-05,2.3618759674900778,6.854554558698802,nan,3.7233185347293545,nan
3.45,250.003173828125,-149.99391174316406,-7.116815567016602,249.5241436144287,-149.5549900425641,-7.125218957746728,0.6497636661642757,1.0099278976648234,1.0099278976648234,3.5980745204593926e-05,2.3806050002101147,7.091613187828789,1.2369884934456115,nan,nan
3.46,250.00318908691406,-149.99391174316406,-7.125393390655518,249.52462547360014,-149.55490078589074,-7.133936941956301,0.6494819049542097,1.0099854833811415,1.0099854833811415,3.526374296866827e-05,2.487479643343899,6.999401353746272,nan,0.0004936024847060569,nan
3.47,250.00318908691406,-149.99391174316406,-7.133973121643066,249.5251072432236,-149.554811618003,-7.14268421706462,0.6491895350099125,1.0100432520087472,1.0100432520087472,3.597061601085168e-05,2.5267694109432157,7.169987109129305,nan,nan,nan
3.48,250.00318908691406,-149.99391174316406,-7.142554759979248,249.5255889829837,-149.55472250032832,-7.15042497422861,0.6488844200389317,1.0101012036921408,1.0101012036921408,3.525457137513694e-05,2.1737220780811666,6.784489117621055,nan,0.7089608281566893,nan
3.49,250.00318908691406,-149.99391174316406,-7.1511383056640625,249.52607065088853,-149.55463342515446,-7.159168072912148,0.648592260076277,1.0101593385758223,1.0101593385758223,3.596164433699989e-05,2.2093198677429666,6.789630674264238,nan,nan,nan
3.5,250.00318908691406,-149.99392700195312,-7.159723281860352,249.56197641094573,-149.5165713636532,-7.17145730205135,0.6501343846326649,1.0100719001565017,1.0100719001565017,3.5225228544343236e-05,4.327091253866014,10.661534289712918,19.12140493493472,9.349963157449155,nan
3.5100000000000002,250.00318908691406,-149.99392700195312,-7.168310165405273,249.5625689421381,-149.5163626647711,-7.180239810654328,0.6498893171658222,1.0101294846747133,1.0101294846747133,3.593163842726726e-05,4.378735421874846,10.585604416786172,nan,nan,nan
3.52,250.00318908691406,-149.99392700195312,-7.176898956298828,249.56316129590283,-149.51615365348974,-7.18977827728545,0.6496596849683827,1.0101872499499371,1.0101872499499371,3.521815271549713e-05,5.127620495478705,11.284153928133819,nan,0.3955767610638628,nan
3.5300000000000002,250.00318908691406,-149.99392700195312,-7.185489177703857,249.56375361815665,-149.5159444870811,-7.1985739045499075,0.6494166811855585,1.0102451961266736,1.0102451961266736,3.592479812302253e-05,5.183086459344474,11.316722373708885,nan,nan,nan
3.54,250.00318908691406,-149.99392700195312,-7.1940813064575195,249.56434595589266,-149.51573518390904,-7.206771009881061,0.64916233490703,1.010303323349423,1.010303323349423,3.5212060303450954e-05,4.990063209415153,11.07042592039365,nan,0.2522829335021001,nan
3.5500000000000003,250.00318908691406,-149.99392700195312,-7.202674865722656,249.5699222801208,-149.53985696414037,-7.215421702989049,0.6277437430738737,1.010215902646977,1.010215902646977,3.589684624618604e-05,4.9162711212129135,10.922804515491121,5.179099804665719,nan,nan
3.56,250.00318908691406,-149.99392700195312,-7.211270332336426,249.57053015215254,-149.53972309390534,-7.22427057856458,0.6274264501253106,1.010273485982795,1.010273485982795,3.5185652057871825e-05,5.192769599397665,11.152642487358788,nan,0.0020093374523427873,nan
3.5700000000000003,250.00318908691406,-149.99392700195312,-7.219867706298828,249.57113797438737,-149.53958929571135,-7.233069211719829,0.6271085989635048,1.010331247987987,1.010331247987987,3.589192582453503e-05,5.244752409228627,11.15712235841921,nan,nan,nan
3.58,250.00318908691406,-149.99392700195312,-7.228466033935547,249.5717456976806,-149.53945556466883,-7.2408576070695965,0.6267704815203494,1.0103891888070524,1.0103891888070524,3.518136050086954e-05,4.753207823098149,10.649078940773368,nan,0.7170327297022276,nan
3.59,250.00318908691406,-149.99392700195312,-7.237066268920898,249.57235336568436,-149.53932180681923,-7.249651696659485,0.6264532665104422,1.0104473085844918,1.0104473085844918,3.5887905815096654e-05,4.801777250795401,10.652157334466608,nan,nan,nan
3.6,250.00318908691406,-149.99392700195312,-7.245668411254883,249.59977601194555,-149.53621045633312,-7.258667492396129,0.610258569215029,1.0103599051360888,1.0103599051360888,3.515668287698121e-05,5.174802056407639,12.29595068177935,4.998829514346158,0.03622324320013349,nan
3.61,250.00318908691406,-149.99392700195312,-7.254271507263184,249.60046636209879,-149.5360674590205,-7.267468840323381,0.6099140297919163,1.010417487304652,1.010417487304652,3.5862631918080197e-05,5.224563517355987,12.338113927369577,nan,nan,nan
3.62,250.00320434570312,-149.99392700195312,-7.262876510620117,249.60115671245458,-149.5359246057926,-7.275231569585322,0.609558152903874,1.010475246118792,1.010475246118792,3.515400635186134e-05,4.7098081731041,11.537620860055153,nan,0.7591136555161532,nan
3.63,250.00320434570312,-149.99392700195312,-7.271482944488525,249.60184691603845,-149.5357815248473,-7.2840281556799065,0.6092146147815206,1.0105331817230088,1.0105331817230088,3.586025135626752e-05,4.75588614834362,11.788825378421134,nan,nan,nan
3.64,250.00320434570312,-149.99392700195312,-7.280090808868408,249.60253693697803,-149.53563819867324,-7.292705292446475,0.6088695466371556,1.0105912942618023,1.0105912942618023,3.5152087352140364e-05,4.893443173838302,11.89615390768814,nan,0.01042973454653187,nan
3.65,250.00320434570312,-149.99392700195312,-7.288700103759766,249.57314599950385,-149.54196115165524,-7.3014913983797385,0.6240087565004171,1.0105039076236828,1.0105039076236828,3.583654973262704e-05,4.9508295290608855,10.568021036364053,6.507861124330144,nan,nan
3.66,250.00320434570312,-149.99392700195312,-7.297310829162598,249.57374445050883,-149.5418375857748,-7.307415407525428,0.6236367085929492,1.0105614886395882,1.0105614886395882,3.5129652438704146e-05,3.2912049157448893,8.872512215545871,nan,5.807425457350286,nan
3.67,250.00320434570312,-149.99392700195312,-7.305922985076904,249.5743428813471,-149.54171400473209,-7.316192023462931,0.6233170971621184,1.0106192443384725,1.0106192443384725,3.5835632338847684e-05,3.3270271671583727,8.891271160166559,nan,nan,nan
3.68,250.00320434570312,-149.99392700195312,-7.314537048339844,249.57494137176846,-149.54159026752953,-7.322615145622602,0.6229630420884341,1.0106771748648362,1.0106771748648362,3.5129103826694274e-05,2.241513761065499,7.757691313701975,nan,3.8899932489155664,nan
3.69,250.00320434570312,-149.99392700195312,-7.3231520652771,249.57553973695155,-149.54146648915253,-7.331373024340757,0.6226436520115985,1.0107352803631795,1.0107352803631795,3.583540125053192e-05,2.269461512403239,7.773265819794131,nan,nan,nan
3.7,250.00320434570312,-149.99392700195312,-7.33176851272583,249.5418086754622,-149.53196133202297,-7.341262056980192,0.6529842050873839,1.010647910109611,1.010647910109611,3.5107979754678864e-05,2.988954954097187,7.266364844683468,8.790487581557649,0.969761343233794,nan
3.71,250.00320434570312,-149.99392700195312,-7.340386390686035,249.54230379800256,-149.53180961985058,-7.35003521982981,0.6527441226206753,1.0107054899869428,1.0107054899869428,3.5813723118068467e-05,3.0210292406997574,7.267739961217279,nan,nan,nan
3.72,250.00320434570312,-149.99392700195312,-7.349005222320557,249.5427987850379,-149.53165793077628,-7.357917063466076,0.6524916822234442,1.0107632426433564,1.0107632426433564,3.510864802049158e-05,2.6832799252149804,6.923480707101669,nan,0.5603635574461248,nan
3.73,250.00320434570312,-149.99392700195312,-7.357625961303711,249.54329370266373,-149.531506131272,-7.3666860706230475,0.6522522110374687,1.010821168223352,1.010821168223352,3.581472503577235e-05,2.7127479519905773,6.916707769747276,nan,nan,nan
3.74,250.00320434570312,-149.99392700195312,-7.366247653961182,249.54378853480057,-149.53135431125392,-7.373447781649717,0.6519879012118903,1.0108792668714304,1.0108792668714304,3.5109887493626175e-05,1.897021585530368,6.099418886906543,nan,2.8339325257621595,nan
3.75,250.00320434570312,-149.9939422607422,-7.374870777130127,249.58028465905824,-149.57605348039257,-7.382196559419403,0.5945971419205179,1.0107919125937317,1.0107919125937317,3.5794224230870853e-05,1.8490404792559936,7.267422732503951,22.71492377578304,nan,nan
3.7600000000000002,250.00320434570312,-149.9939422607422,-7.383495330810547,249.58088640819622,-149.5760346918381,-7.391219406520939,0.594187544326704,1.01084949134609,1.01084949134609,3.5090438312863595e-05,2.0494270170299687,7.44879162516475,nan,0.04993690854440302,nan
3.77,250.00320434570312,-149.9939422607422,-7.392120838165283,249.58148818643997,-149.57601590328363,-7.39998063899643,0.5937749874416639,1.0109072410299669,1.0109072410299669,3.5796314962588285e-05,2.074480902259695,7.47047644971207,nan,nan,nan
3.7800000000000002,250.00320434570312,-149.9939422607422,-7.400747776031494,249.58208994263012,-149.57599726116987,-7.40891732208129,0.5933650685924259,1.0109651617898627,1.0109651617898627,3.5092695946753563e-05,2.250059829278075,7.624432112993244,nan,0.021059015020545926,nan
3.79,250.00320434570312,-149.9939422607422,-7.40937614440918,249.58269159952332,-149.57597865593294,-7.417684734606757,0.5929532673962553,1.011023253770278,1.011023253770278,3.5798917263448504e-05,2.2760370715358134,7.620743477652512,nan,nan,nan
3.8000000000000003,250.00320434570312,-149.9939422607422,-7.418005466461182,249.6115431958652,-149.5442047129076,-7.426881137935023,0.5964403539070251,1.0109359150759083,1.0109359150759083,3.507421679949084e-05,2.597839225340122,9.440086356203908,13.008731110739921,0.06725049678619288,nan
3.81,250.00320434570312,-149.9939422607422,-7.4266357421875,249.61222789538,-149.54409288771765,-7.4356582892488685,0.5960775532372627,1.0109934927164352,1.0109934927164352,3.57799084040376e-05,2.6265617471989384,9.457354035730603,nan,nan,nan
3.8200000000000003,250.00320434570312,-149.9939422607422,-7.435267448425293,249.61291276709449,-149.54398093568355,-7.443649184235854,0.5957037551304735,1.0110512394950093,1.0110512394950093,3.5077368216458656e-05,2.3537301237209416,9.15901725932264,nan,0.43693639831701325,nan
3.83,250.00320434570312,-149.9939422607422,-7.4439005851745605,249.6135977090398,-149.54386887533119,-7.4524226923777155,0.5953419268778366,1.0111091555561311,1.0111091555561311,3.578341468988069e-05,2.380074182786488,9.152855660617028,nan,nan,nan
3.84,250.00320434570312,-149.9939422607422,-7.4525346755981445,249.61428283166236,-149.5437567618189,-7.461129690857668,0.5949796650406356,1.0111672410443007,1.0111672410443007,3.5080940350306157e-05,2.455842223640104,9.227799034608225,nan,0.0033112333887902854,nan
3.85,250.00320434570312,-149.9939422607422,-7.461169719696045,249.61508551186014,-149.53386578826868,-7.469937536608211,0.6019829435463289,1.0110799175560097,1.0110799175560097,3.5765265949281735e-05,2.5077572452646155,9.429922860148071,0.7000796215051536,nan,nan
3.86,250.0032196044922,-149.9939422607422,-7.46980619430542,249.61577088972052,-149.5337253716761,-7.4796056387831005,0.6016744307945578,1.0111374940974138,1.0111374940974138,3.5063679602728395e-05,3.0966357195082774,9.739483548148327,nan,0.5553595027517503,nan
3.87,250.0032196044922,-149.9939422607422,-7.478443622589111,249.61645626857973,-149.53358491206134,-7.488396308175123,0.6013433482137861,1.0111952380353597,1.0111952380353597,3.57695605858043e-05,3.1267929356884037,10.00981477825721,nan,nan,nan
3.88,250.0032196044922,-149.9939422607422,-7.487082004547119,249.61714176783653,-149.53344453356215,-7.497520806965825,0.6010184866463207,1.0112531495143477,1.0112531495143477,3.5067987755709156e-05,3.464448200859282,10.321372079510875,nan,0.07746558507541927,nan
3.89,250.0032196044922,-149.9939422607422,-7.495721817016602,249.61782739022266,-149.53330446638105,-7.506318698228591,0.6006884636022919,1.011311228678878,1.011311228678878,3.577422723148006e-05,3.495640495084713,10.322634398357218,nan,nan,nan
3.9,250.0032196044922,-149.9939422607422,-7.5043625831604,249.62548461934753,-149.5231233542889,-7.5157811068571,0.603725553840073,1.01122392003391,1.01122392003391,3.505142620496738e-05,4.080064086820046,11.372321504086024,1.9350212757067884,0.45833156980967366,nan
3.91,250.0032196044922,-149.9939422607422,-7.513004302978516,249.62619030131737,-149.522954576867,-7.52458826520798,0.6034191594534809,1.0112814954884892,1.0112814954884892,3.575714784563943e-05,4.11268528100718,11.381698926087186,nan,nan,nan
3.92,250.0032196044922,-149.9939422607422,-7.521646976470947,249.62689586356646,-149.5227859910039,-7.534284789967216,0.6031314142274452,1.0113392366480536,1.0113392366480536,3.5056371635503795e-05,4.915459690583744,12.160487524766896,nan,0.5540870698044955,nan
3.93,250.0032196044922,-149.9939422607422,-7.5302910804748535,249.62760141776943,-149.52261760064104,-7.543105078632307,0.6028268042855554,1.0113971436571032,1.0113971436571032,3.576245792041525e-05,4.95050918664922,12.166860163469256,nan,nan,nan
3.94,250.0032196044922,-149.9939422607422,-7.538935661315918,249.62830704225195,-149.52244933726982,-7.552341665165451,0.6025319303981129,1.011455216660138,1.011455216660138,3.506161893484714e-05,5.484615076950176,12.691244647230642,nan,0.12064192103649556,nan
3.95,250.0032196044922,-149.9939422607422,-7.547581672668457,249.674201459423,-149.49973719764725,-7.561102403770967,0.593863952722334,1.011367922509488,1.011367922509488,3.574598947281807e-05,5.462674421595973,15.450378715305842,17.733068618584657,nan,nan
3.96,250.0032196044922,-149.9939422607422,-7.5562286376953125,249.67503584380734,-149.4995046861241,-7.569703403960189,0.5935946978345996,1.0114254968891512,1.0114254968891512,3.504591688134353e-05,5.529092946183066,15.493666838906673,nan,0.03676794614228272,nan
3.97,250.0032196044922,-149.9939422607422,-7.564876556396484,249.67587024985147,-149.49927216198256,-7.578532600451739,0.593331774077364,1.011483235330276,1.011483235330276,3.5751852156569745e-05,5.564025952752278,15.494735452314718,nan,nan,nan
3.98,250.0032196044922,-149.9939422607422,-7.573525428771973,249.6767045427471,-149.49903983464603,-7.588083943396487,0.5930872172373421,1.0115411379773624,1.0115411379773624,3.505167933222044e-05,6.394325429786696,16.290048705930023,nan,0.3652180909181885,nan
3.99,250.0032196044922,-149.9939422607422,-7.582175254821777,249.67753877176122,-149.49880755955238,-7.596924179930879,0.5928270472258622,1.0115992049749107,1.0115992049749107,3.575797795942344e-05,6.430618964008771,16.298967250175586,nan,nan,nan
4.0,250.0032196044922,-149.9939422607422,-7.59082555770874,249.67044085185006,-149.5119977405134,-7.602957434950022,0.5857980891348112,1.0115119249826263,1.0115119249826263,3.503646619598243e-05,4.539944339201478,13.87166216799577,1.7194406071397528,5.427777216625033,nan
4.01,250.0032196044922,-149.9939422607422,-7.599477291107178,249.6712529185276,-149.51180329146672,-7.6117732383906915,0.5855006888159153,1.011569498298913,1.011569498298913,3.57422506074277e-05,4.5687575788085395,13.865723510036498,nan,nan,nan
4.0200000000000005,250.0032196044922,-149.9939422607422,-7.608129978179932,249.67206502664922,-149.51160882863144,-7.62014179233306,0.5851949912954975,1.0116272340793515,1.0116272340793515,3.504266707468533e-05,4.4557460499940245,13.732609072563106,nan,0.14214313682690755,nan
4.03,250.0032196044922,-149.9939422607422,-7.616783618927002,249.67287714240362,-149.51141442163302,-7.6289570590097195,0.584899521642432,1.0116851324684417,1.0116851324684417,3.5748818389202276e-05,4.483395352421461,13.735787978956044,nan,nan,nan
4.04,250.0032196044922,-149.9939422607422,-7.6254377365112305,249.67368923955155,-149.5112199723788,-7.638104474566617,0.5846122777992798,1.0117431936106842,1.0117431936106842,3.504907823815676e-05,4.915405586151477,14.154134506992758,nan,0.0768125711000556,nan
4.05,250.0032196044922,-149.9939422607422,-7.634093284606934,249.69254613972333,-149.49938613702008,-7.646856512982927,0.5841803327921069,1.0116559274532129,1.0116559274532129,3.5733510948177836e-05,4.895919646535822,15.419400862568974,3.391653569939267,nan,nan
4.0600000000000005,250.0032196044922,-149.9939422607422,-7.642749309539795,249.69340846523846,-149.4991592331594,-7.655034229785165,0.583904192188347,1.011713499717312,1.011713499717312,3.50344492338986e-05,4.644586583727462,15.147444792393452,nan,0.29290245693906425,nan
4.07,250.0032196044922,-149.9939422607422,-7.651406288146973,249.694270608227,-149.49893253644942,-7.663852072276396,0.5836428762353539,1.0117712328927366,1.0117712328927366,3.574045093437408e-05,4.670478844062811,15.144460524428489,nan,nan,nan
4.08,250.0032196044922,-149.9939422607422,-7.660064220428467,249.69513255351973,-149.49870591589817,-7.672521870741225,0.5833796887814009,1.0118291271239872,1.0118291271239872,3.504120696121953e-05,4.765072602496047,15.21122046883853,nan,0.015831928728680143,nan
4.09,250.0032196044922,-149.9939422607422,-7.668722629547119,249.69599449513393,-149.49847933929726,-7.681341974132462,0.583120932744398,1.0118871825555635,1.0118871825555635,3.5747571242218874e-05,4.790666307746419,15.227293998056938,nan,nan,nan
4.1,250.0032196044922,-149.9939422607422,-7.677382469177246,249.69315780311135,-149.47856456053108,-7.690396351000259,0.6015994146194972,1.0117999299211387,1.0117999299211387,3.502690776873314e-05,5.192705520460166,15.848687554958747,2.7591329864477063,0.03699305351091387,nan
4.11,250.0032196044922,-149.9939422607422,-7.686042785644531,249.6940098356731,-149.47828319336855,-7.699222650189525,0.6014055734088389,1.0118575011439068,1.0118575011439068,3.573275639141084e-05,5.218611569103142,15.864964368983532,nan,nan,nan
4.12,250.0032196044922,-149.9939422607422,-7.694703578948975,249.6948619771002,-149.4780017850484,-7.707526922021517,0.6012016624706688,1.0119152317680118,1.0119152317680118,3.503395378780835e-05,5.050703805067771,15.6773412822702,nan,0.1933323211051272,nan
4.13,250.0032196044922,-149.9939422607422,-7.703365802764893,249.6957140872156,-149.4777203994693,-7.716351467493958,0.6010102168017172,1.0119731219379542,1.0119731219379542,3.5740167026881116e-05,5.074923509719143,15.667269378887173,nan,nan,nan
4.14,250.0032196044922,-149.9939422607422,-7.712028503417969,249.69656608319787,-149.4774390405492,-7.724268693384044,0.6008009494352841,1.0120311717982338,1.0120311717982338,3.504114142317391e-05,4.632132452259408,15.206875522562514,nan,0.582280635027734,nan
4.15,250.0032196044922,-149.9939422607422,-7.720692157745361,249.66893173642816,-149.4591333710934,-7.732917503353553,0.6308077252676905,1.0119439323862989,1.0119439323862989,3.572562959528995e-05,4.5765993761275965,13.981227679024554,9.129157122066117,nan,nan
4.16,250.0032196044922,-149.9939422607422,-7.729356288909912,249.66970562816562,-149.45880266466847,-7.740332850905835,0.6306555673300241,1.012001502578276,1.012001502578276,3.502722079825067e-05,3.832641552192329,13.225929179382918,nan,1.3865265776437101,nan
4.17,250.0032196044922,-149.9939422607422,-7.738021373748779,249.67047958945716,-149.45847192815896,-7.749138242684288,0.6305299195575383,1.0120592307028724,1.0120592307028724,3.573327819837168e-05,3.8512431162125145,13.223834173500467,nan,nan,nan
4.18,250.0032196044922,-149.9939422607422,-7.746686935424805,249.67125359266367,-149.45814119458444,-7.757868007670415,0.6304040227359485,1.0121171169045884,1.0121171169045884,3.50346299275994e-05,3.9608937463998877,13.326882455410155,nan,0.004221517444500648,nan
4.19,250.0032196044922,-149.9939422607422,-7.7553534507751465,249.6720275120997,-149.45781044644622,-7.766676161287331,0.6302806740944414,1.0121751613279242,1.0121751613279242,3.574104597859761e-05,3.9793665629024666,13.319747269838455,nan,nan,nan
4.2,250.0032196044922,-149.9939422607422,-7.764020919799805,249.6803153206832,-149.47615762613603,-7.777241494009021,0.6103629149275417,1.0120879348485918,1.0120879348485918,3.502092221063975e-05,5.358753935914739,14.848160636879914,2.787741543892627,2.182991490829896,nan
4.21,250.0032196044922,-149.9939422607422,-7.772688865661621,249.68110983913394,-149.47587776196696,-7.786070594617688,0.6101840677207426,1.0121455040200178,1.0121455040200178,3.5726818438664364e-05,5.379899754841145,14.8537056329265,nan,nan,nan
4.22,250.0032196044922,-149.9939422607422,-7.781357765197754,249.68190430364095,-149.47559793806707,-7.794457324989759,0.6099966867757521,1.012203229695124,1.012203229695124,3.5028509641049486e-05,5.266263344401135,14.71127445870923,nan,0.13892160250259258,nan
4.23,250.0032196044922,-149.9939422607422,-7.790027141571045,249.6826987759495,-149.47531823580118,-7.803285076267825,0.6098198534060115,1.0122611120184104,1.0122611120184104,3.573476582193066e-05,5.286020819473876,14.717191254144568,nan,nan,nan
4.24,250.0032196044922,-149.9939422607422,-7.798696994781494,249.68349325079345,-149.47503869604165,-7.812115079682547,0.6096440729727702,1.0123191511343774,1.0123191511343774,3.503618879885799e-05,5.505794704197485,14.919035842501598,nan,2.5648653674509504e-07,nan
4.25,250.0032196044922,-149.99395751953125,-7.80736780166626,249.67043348306717,-149.47233840506559,-7.820793630462019,0.6188807284670472,1.0122319373079198,1.0122319373079198,3.572071272829399e-05,5.424379416981749,14.316366272224732,2.4134596645351234,nan,nan
4.26,250.0032196044922,-149.99395751953125,-7.816039085388184,249.67119042034284,-149.472052094419,-7.828086471837922,0.6186871514818588,1.0122895054687484,1.0122895054687484,3.502271097537736e-05,4.522137779172706,13.290037503490792,nan,1.6652387262044892,nan
4.2700000000000005,250.0032196044922,-149.99395751953125,-7.824711322784424,249.67194741300426,-149.47176556899868,-7.836902292221146,0.6185259232966985,1.012347228742674,1.012347228742674,3.5728801401296745e-05,4.537423344511645,13.291936087376708,nan,nan,nan
4.28,250.0032196044922,-149.99395751953125,-7.833384037017822,249.67270448033554,-149.4714790307833,-7.84564676744967,0.6183642883109077,1.0124051072741969,1.0124051072741969,3.5030521873334676e-05,4.6702130795351415,13.413661448499555,nan,0.00376156331088051,nan
4.29,250.0032196044922,-149.99395751953125,-7.842057704925537,249.67346173511513,-149.47119246507026,-7.854465130580295,0.6182050620894977,1.0124631412078173,1.0124631412078173,3.573696562091313e-05,4.685023316842652,13.416630541336186,nan,nan,nan
4.3,250.0032196044922,-149.99395751953125,-7.85073184967041,249.65795165439593,-149.48275033045374,-7.862775267484139,0.616999020615784,1.012375939764188,1.012375939764188,3.501717398457244e-05,4.517970078565256,12.311585356814616,3.122562148263534,0.25217139110502645,nan
4.3100000000000005,250.0032196044922,-149.99395751953125,-7.859406471252441,249.65866575239082,-149.48249555421603,-7.871592694099479,0.6168137506486688,1.0124335069241004,1.0124335069241004,3.572309266180191e-05,4.532727822952111,12.315253718609727,nan,nan,nan
4.32,250.0032196044922,-149.99395751953125,-7.868081569671631,249.65937987802073,-149.48224095796166,-7.880411610312139,0.616629245808827,1.012491227843527,1.012491227843527,3.6443342297663355e-05,4.54706886212856,12.314869471304808,nan,nan,nan
4.33,250.0032196044922,-149.99395751953125,-7.876757621765137,249.6600939058324,-149.48198647593787,-7.889232052790897,0.6164456228965107,1.0125491026669675,1.0125491026669675,3.7178067392356787e-05,4.560712596473582,12.309400771533985,nan,nan,nan
4.34,250.0032196044922,-149.99395751953125,-7.885434150695801,249.6608079228345,-149.48173207115943,-7.898028632749429,0.6162623553922173,1.0126071315389222,1.0126071315389222,3.639372380902264e-05,4.733365008734981,12.474578524087727,nan,0.0004243452825326873,nan
4.3500000000000005,250.00323486328125,-149.99395751953125,-7.894111633300781,249.64542199560233,-149.49026496877002,-7.906897561872403,0.6179803507704773,1.0125199422173043,1.0125199422173043,3.7103302962986004e-05,4.783091927182589,11.416468675305307,2.401013495955045,nan,nan
4.36,250.00323486328125,-149.99395751953125,-7.902789115905762,249.64609360766622,-149.4900338752611,-7.915314674092901,0.617774882400285,1.0125775083857234,1.0125775083857234,3.632273177123955e-05,4.6960732563969465,11.600322245306215,nan,0.10943038251329303,nan
4.37,250.00323486328125,-149.99395751953125,-7.911467552185059,249.6467653713192,-149.48980287308825,-7.924138140624029,0.617578294664849,1.0126352269957786,1.0126352269957786,3.705387916358021e-05,4.709198088355226,11.599985956336797,nan,nan,nan
4.38,250.00323486328125,-149.99395751953125,-7.920146465301514,249.6474371534896,-149.48957179578395,-7.933138067834051,0.6173862246191161,1.0126930981919706,1.0126930981919706,3.627602074659442e-05,5.028929673570271,11.909769018902425,nan,0.020075011296788417,nan
4.39,250.00323486328125,-149.99395751953125,-7.928826332092285,249.64810888822169,-149.48934067754936,-7.941966449388946,0.61719144360267,1.0127511221187993,1.0127511221187993,3.7005949902504584e-05,5.041767408020656,11.907032909217753,nan,nan,nan
4.4,250.00323486328125,-149.99395751953125,-7.937506198883057,249.6810985187223,-149.4777867791247,-7.952516293588464,0.6086290830059878,1.01266394466718,1.01266394466718,3.620817171689379e-05,6.588008009509853,15.341256606690699,8.073719805914829,1.9765774310899402,nan
4.41,250.00323486328125,-149.99395751953125,-7.9461870193481445,249.6818548213528,-149.47752601752651,-7.961364968280671,0.6084545979336482,1.012721509853281,1.012721509853281,3.693603431106001e-05,6.602341341468536,15.334077751473023,nan,nan,nan
4.42,250.00323486328125,-149.99395751953125,-7.954867839813232,249.68261087542172,-149.47726520445258,-7.969913062067157,0.6082738271247398,1.012779226197611,1.012779226197611,3.616440429790949e-05,6.624262715684399,15.342175199892026,nan,0.060334761848266735,nan
4.43,250.00323486328125,-149.99395751953125,-7.963549613952637,249.68336682745837,-149.47700437353683,-7.978761991061604,0.6081015802577895,1.01283709384467,1.01283709384467,3.6891190581367375e-05,6.637817428149616,15.339334023280138,nan,nan,nan
4.44,250.00323486328125,-149.99395751953125,-7.972231864929199,249.68412280682227,-149.47674338935883,-7.986964257952825,0.6079144713129407,1.0128951129389583,1.0128951129389583,3.6122088555332085e-05,6.37324704674131,15.063375003032977,nan,0.2782127238101103,nan
4.45,250.00323486328125,-149.99395751953125,-7.980915069580078,249.64570870948955,-149.4875281422016,-7.995894144205282,0.620096796914974,1.012807947113729,1.012807947113729,3.682456598130585e-05,6.472452057961734,13.134148964695095,11.702388098337833,nan,nan
4.46,250.00323486328125,-149.99395751953125,-7.989598274230957,249.646362608337,-149.48729585997722,-8.004161242801011,0.619899930363447,1.0128655113264526,1.0128655113264526,3.605889510328135e-05,6.260676056245318,12.91623369450516,nan,0.22456481821470958,nan
4.47,250.00323486328125,-149.99395751953125,-7.998281955718994,249.64701638173375,-149.48706341530394,-8.013005375914915,0.6197176926622989,1.0129232254472873,1.0129232254472873,3.67828084309285e-05,6.272425852281403,12.912614640856505,nan,nan,nan
4.48,250.00323486328125,-149.99395751953125,-8.006966590881348,249.64767009166033,-149.48683092583806,-8.021187602741772,0.619520722839055,1.0129810896207336,1.0129810896207336,3.601953912273812e-05,5.993339933833289,12.623680759209286,nan,0.29318860242699407,nan
4.49,250.00323486328125,-149.99395751953125,-8.01565170288086,249.64832398568504,-149.48659840160747,-8.030028416480473,0.6193397254095994,1.0130391039912916,1.0130391039912916,3.6742565075136146e-05,6.003793351574997,12.62872149187295,nan,nan,nan
4.5,250.00323486328125,-149.99395751953125,-8.024336814880371,249.6179991849792,-149.48767200331812,-8.038465266074306,0.6363420188052751,1.0129519495568677,1.0129519495568677,3.5959464381196283e-05,5.950616204227038,11.292606539843142,6.814677822392775,0.15053517140181175,nan
4.51,250.00323486328125,-149.99395751953125,-8.0330228805542,249.61857327719542,-149.4874428175906,-8.047305684730764,0.6361805385165794,1.0130095128049297,1.0130095128049297,3.66807588913914e-05,5.960784502278232,11.29399520174543,nan,nan,nan
4.5200000000000005,250.00323486328125,-149.99395751953125,-8.041708946228027,249.61914737562404,-149.48721363193937,-8.056434179139327,0.6360262559602816,1.0130672247431471,1.0130672247431471,3.592304069167083e-05,6.435125603967164,11.757545797327428,nan,0.055042915293320185,nan
4.53,250.00323486328125,-149.99395751953125,-8.050395965576172,249.61972121034094,-149.48698456261428,-8.065280115404448,0.6358662115200525,1.0131250855160208,1.0131250855160208,3.6643570909568686e-05,6.444620400238038,11.74806877296205,nan,nan,nan
4.54,250.00323486328125,-149.99395751953125,-8.059082984924316,249.62029500667308,-149.48675561454448,-8.074981958440153,0.6357275230475375,1.0131830952680507,1.0131830952680507,3.5888051188136696e-05,7.442137765288946,12.74430965222443,nan,0.489778401290934,nan
4.55,250.00323486328125,-149.99395751953125,-8.067770957946777,249.62148903962347,-149.46013336247495,-8.083825067876917,0.6564722682510489,1.0130959519965161,1.0130959519965161,3.6584954330916606e-05,7.469951370999743,13.307349251752843,4.805813359387006,nan,nan
4.5600000000000005,250.00323486328125,-149.99395751953125,-8.076458930969238,249.62206461555294,-149.45983650545202,-8.09154706003955,0.6563563567705647,1.0131535142884176,1.0131535142884176,3.583250156046738e-05,6.778202420083389,12.61456792908721,nan,0.8696782307402815,nan
4.57,250.00323486328125,-149.99395751953125,-8.085147857666016,249.62264033968978,-149.45953954549748,-8.100396030597516,0.6562676810082362,1.0132112240836033,1.0132112240836033,3.655076664143492e-05,6.78604319989786,12.611973227322512,nan,nan,nan
4.58,250.00323486328125,-149.99395751953125,-8.093836784362793,249.62321612523343,-149.45924258042493,-8.108816212073192,0.6561697117556323,1.0132690815265732,1.0132690815265732,3.580037917752597e-05,6.692321232689949,12.511785017169192,nan,0.12476356685302467,nan
4.59,250.00323486328125,-149.99395751953125,-8.102526664733887,249.6237920763545,-149.45894569792023,-8.11766364359787,0.6560820115987085,1.0133270867618276,1.0133270867618276,3.651804086990553e-05,6.698938126725622,12.510938610263613,nan,nan,nan
4.6000000000000005,250.00323486328125,-149.99395751953125,-8.11121654510498,249.6219506601263,-149.44183632515336,-8.12602765254494,0.6711444149811422,1.0132399544325947,1.0132399544325947,3.5747795703297944e-05,6.580903994954102,12.70775040546052,2.261151044180112,0.11040219578948154,nan
4.61,250.00323486328125,-149.99395751953125,-8.119906425476074,249.62252020610342,-149.441496737973,-8.134872398662658,0.671103975329752,1.0132975157766335,1.0132975157766335,3.6464010631403285e-05,6.586753765722764,12.704871569386583,nan,nan,nan
4.62,250.00323486328125,-149.99395751953125,-8.1285982131958,249.6230896313735,-149.44115728727022,-8.14268536627845,0.671041684258164,1.0133552234671366,1.0133552234671366,3.571846832652185e-05,6.000056578120606,12.102640577499834,nan,0.7234778563938773,nan
4.63,250.00323486328125,-149.99395751953125,-8.137289047241211,249.62365901885292,-149.44081790835656,-8.151523069617745,0.6710021300390772,1.013413077648604,1.013413077648604,3.643418412349535e-05,6.004999489163303,12.105448350045865,nan,nan,nan
4.64,250.00323486328125,-149.99395751953125,-8.145980834960938,249.62422838035502,-149.44047849785508,-8.160039022322438,0.6709564621997532,1.0134710784655365,1.0134710784655365,3.5690499751035875e-05,5.981405373461239,12.071865901517112,nan,0.07089470875754804,nan
4.65,250.00323486328125,-149.99395751953125,-8.154672622680664,249.62912377622447,-149.44586748983363,-8.168862849114172,0.6637493115920896,1.0133839568650287,1.0133839568650287,3.638313246329777e-05,5.9690480315597245,12.183456493975708,0.3629176076187042,nan,nan
4.66,250.00323486328125,-149.99395751953125,-8.163365364074707,249.62970438606214,-149.44554259377713,-8.17697408333617,0.6636784955393409,1.013441517269306,1.013441517269306,3.5642150273092996e-05,5.630461951726494,11.840479353448567,nan,0.3602304283472506,nan
4.67,250.00323486328125,-149.99395751953125,-8.17205810546875,249.63028511370405,-149.44521763414127,-8.18580719536811,0.6636233984727816,1.0134992228922928,1.0134992228922928,3.635611240981871e-05,5.633950028556412,11.838593402428602,nan,nan,nan
4.68,250.00323486328125,-149.99395751953125,-8.18075180053711,249.63086588602533,-149.44489274437,-8.192315410207312,0.6635243022030821,1.013557073878489,1.013557073878489,3.561685614554933e-05,4.188563518722918,10.383924339739966,nan,3.6872113159860005,nan
4.69,250.00323486328125,-149.99395751953125,-8.189445495605469,249.6314467383389,-149.4445680038801,-8.201128201074438,0.6634694682972416,1.0136150703723947,1.0136150703723947,3.633045272859865e-05,4.190926790198722,10.381735041517008,nan,nan,nan
4.7,250.00323486328125,-149.99395751953125,-8.198139190673828,249.66052453525202,-149.489463274056,-8.21019520576886,0.6100083279394809,1.0135279592937425,1.0135279592937425,3.557123468981152e-05,4.453096618514831,11.159630317027109,19.758407639045476,0.06106509309923124,nan
4.71,250.00323486328125,-149.99395751953125,-8.206833839416504,249.66117686761098,-149.4892517666502,-8.21901241259664,0.6098195528497736,1.0135855187661742,1.0135855187661742,3.6283620674315334e-05,4.454479091745024,11.155868194699572,nan,nan,nan
4.72,250.00323486328125,-149.99395751953125,-8.21552848815918,249.6618292694616,-149.48904023927807,-8.228005806318475,0.609635073513706,1.0136432223576792,1.0136432223576792,3.554851384777032e-05,4.7459639063855725,11.441343132250562,nan,0.020886648026001788,nan
4.73,250.00323486328125,-149.99395751953125,-8.224224090576172,249.66248184487975,-149.48882876010546,-8.236827427686798,0.6094477231519468,1.0137010702127573,1.0137010702127573,3.626062065834692e-05,4.746872601028769,11.439971144603565,nan,nan,nan
4.74,250.00323486328125,-149.99395751953125,-8.232919692993164,249.66313458713427,-149.48861724931035,-8.243421565826297,0.6092185780778429,1.0137590624759092,1.0137590624759092,3.552703820173435e-05,3.4703785121678465,10.158128308718657,nan,3.4022762617560462,nan
4.75,250.00323486328125,-149.99395751953125,-8.241615295410156,249.67069307403855,-149.50750030038876,-8.25222811214557,0.5893532892312066,1.0136719617186658,1.0136719617186658,3.6216486628745424e-05,3.4525029534173592,10.310433788352265,2.8395978854542143,nan,nan
4.76,250.00323486328125,-149.99395751953125,-8.250311851501465,249.67136304202307,-149.50733608403192,-8.260216796460382,0.5890988331063698,1.0137295202669887,1.0137295202669887,3.548525687861461e-05,3.1069925208807585,9.954382532885388,nan,0.4561170497082558,nan
4.7700000000000005,250.00323486328125,-149.99395751953125,-8.259008407592773,249.67203290910834,-149.50717184821738,-8.269014088746625,0.5888591834214703,1.013787221861962,1.013787221861962,3.6196030339984374e-05,3.107814506283663,9.948849973092482,nan,nan,nan
4.78,250.00323486328125,-149.99395751953125,-8.267705917358398,249.67270277964604,-149.50700761864096,-8.275965414104613,0.5885914402841746,1.0138450666480856,1.0138450666480856,3.5466199686299386e-05,2.2651430627659996,9.099400001090386,nan,2.346056157647231,nan
4.79,250.00323486328125,-149.99395751953125,-8.276403427124023,249.6733726805627,-149.5068434567357,-8.284747379496677,0.5883526079675574,1.01390305476986,1.01390305476986,3.61768020653135e-05,2.2658237061963993,9.094150770955254,nan,nan,nan
4.8,250.00323486328125,-149.99395751953125,-8.285100936889648,249.64052790761812,-149.53569697687564,-8.293491309439009,0.5844907689544331,1.0138159641397286,1.0138159641397286,3.54268571853304e-05,2.324050795807488,7.507193722821102,14.227795772298524,0.0052927202773477,nan
4.8100000000000005,250.00323486328125,-149.99395751953125,-8.293798446655273,249.64111514142985,-149.5356043809731,-8.30227435914751,0.5842004225198917,1.013873521771509,1.013873521771509,3.613644032996272e-05,2.324600343062196,7.5035896187232405,nan,nan,nan
4.82,250.00323486328125,-149.99395751953125,-8.302496910095215,249.64170244276428,-149.53551173840748,-8.312012130797337,0.583925307500926,1.0139312214038616,1.0139312214038616,3.54101007716523e-05,2.8930759381494466,8.068588062760801,nan,0.6268755990988074,nan
4.83,250.00323486328125,-149.99395751953125,-8.311196327209473,249.64228981892802,-149.53541927391225,-8.320807217816444,0.5836360312358729,1.013989063181287,1.013989063181287,3.611958287209224e-05,2.8931574131398836,8.063069126788099,nan,nan,nan
4.84,250.00323486328125,-149.99395751953125,-8.319894790649414,249.64287713654548,-149.5353268919035,-8.330914726019058,0.583370536444839,1.014047047248285,1.014047047248285,3.5394453607037145e-05,3.7665042395495734,8.930497194500232,nan,1.1863557356237688,nan
4.8500000000000005,250.00323486328125,-149.99395751953125,-8.328594207763672,249.6351081366291,-149.5524575919457,-8.339721523436355,0.574946336702603,1.0139599665568628,1.0139599665568628,3.608160105481144e-05,3.7574770852386887,8.568678206768949,2.5244326935593637,nan,nan
4.86,250.00323486328125,-149.99395751953125,-8.33729362487793,249.63567489841523,-149.55240731437752,-8.348859347888194,0.5746309053578316,1.0140175232795037,1.0140175232795037,3.53585009583345e-05,4.1086381942959305,8.90815268257658,nan,0.07348804245288525,nan
4.87,250.00323486328125,-149.99395751953125,-8.345993995666504,249.63624156257094,-149.55235700313375,-8.35767568620179,0.5743096383855538,1.0140752209821515,1.0140752209821515,3.606698691181937e-05,4.108686872763186,8.907068462449867,nan,nan,nan
4.88,250.00323486328125,-149.99395751953125,-8.354694366455078,249.63680826020445,-149.55230662124876,-8.365228206838182,0.5739642264020918,1.0141330598093066,1.0141330598093066,3.534498225111574e-05,3.464127574423224,8.255278299125811,nan,1.1077824656455215,nan
4.89,250.00323486328125,-149.99395751953125,-8.363394737243652,249.6373749181702,-149.55225617686742,-8.37403449071134,0.5736434257459508,1.0141910399054688,1.0141910399054688,3.605345229647549e-05,3.464254002102344,8.252362692675336,nan,nan,nan
4.9,250.00323486328125,-149.99395751953125,-8.372096061706543,249.67737257274936,-149.5657487934333,-8.38224540711687,0.5381932317573075,1.0141039689700033,1.0141039689700033,3.531115538400635e-05,3.2027080696408508,9.72824452179347,12.155373540443147,0.3035948191169777,nan
4.91,250.00323486328125,-149.99395751953125,-8.380796432495117,249.6780348232285,-149.56573152955633,-8.391048743482271,0.5378082134189536,1.0141615247907516,1.0141615247907516,3.6018757515388395e-05,3.203293582771548,9.722683707596904,nan,nan,nan
4.92,250.00323486328125,-149.99395751953125,-8.389498710632324,249.6786971352808,-149.56571433395368,-8.399757444305662,0.5374218124582412,1.0142192205956548,1.0142192205956548,3.529964076378241e-05,3.266048441016726,9.78102824067639,nan,0.006380947830500815,nan
4.93,250.00323486328125,-149.99395751953125,-8.398200035095215,249.67935941876163,-149.56569724082402,-8.408562365240979,0.5370377526461436,1.0142770565292136,1.0142770565292136,3.600728255254902e-05,3.26635979760538,9.771471894314693,nan,nan,nan
4.94,250.00323486328125,-149.99395751953125,-8.406902313232422,249.6800214967153,-149.56568018686076,-8.416498616396082,0.5366380931695451,1.0143350327359282,1.0143350327359282,3.528908959576688e-05,2.893380858167,9.387779986860362,nan,0.5254613328565979,nan
4.95,250.00323486328125,-149.99395751953125,-8.415604591369629,249.7173801555216,-149.57875053378072,-8.425166550059549,0.5041836828164765,1.0142479713790855,1.0142479713790855,3.597463685361434e-05,2.792082164256504,11.191672586385785,11.227728280296054,nan,nan
4.96,250.00323486328125,-149.99395751953125,-8.424306869506836,249.71813098033473,-149.5787649688644,-8.43327206456863,0.503735498970371,1.0143055263050382,1.0143055263050382,3.5258181980224117e-05,2.529696235047177,10.929189766019055,nan,0.3327765667219191,nan
4.97,250.00323486328125,-149.99395751953125,-8.43301010131836,249.71888197011017,-149.5787795110838,-8.442063704611053,0.5033004215036241,1.0143632202432418,1.0143632202432418,3.596509137774248e-05,2.5287351186953044,10.919071339407491,nan,nan,nan
4.98,250.00323486328125,-149.99395751953125,-8.441713333129883,249.71963307571713,-149.57879431824398,-8.448812510933994,0.5028328310066433,1.0144210533381963,1.0144210533381963,3.524945804792172e-05,1.6789584898385785,10.067251527138149,nan,2.9081514696498147,nan
4.99,250.00323486328125,-149.99395751953125,-8.450416564941406,249.7203843982695,-149.57880915069452,-8.457586575277267,0.5023982113357689,1.014479025734402,1.014479025734402,3.595647217159832e-05,1.6785087296688261,10.06164171670999,nan,nan,nan
5.0,250.00323486328125,-149.99395751953125,-8.45911979675293,249.75405847013434,-149.62284937834684,-8.467616693279707,0.4470820110512578,1.0143919737840479,1.0143919737840479,3.5220360177832544e-05,2.246847844526215,12.79948990126062,20.95552713851052,1.1977013581773426,nan
5.01,250.00323486328125,-149.99395751953125,-8.46782398223877,249.75488909768524,-149.62296994072315,-8.476405241076366,0.44652104197070336,1.0144495278221588,1.0144495278221588,3.5926622924474225e-05,2.2461463756116817,12.782077607035456,nan,nan,nan
5.0200000000000005,250.00323486328125,-149.99395751953125,-8.47652816772461,249.75571959819257,-149.62309062979733,-8.485479294619457,0.4459665671611687,1.0145072199238276,1.0145072199238276,3.521333984918489e-05,2.4713131715455394,12.997325646237083,nan,0.0563842923058074,nan
5.03,250.00323486328125,-149.99395751953125,-8.48523235321045,249.75655017151593,-149.62321135684869,-8.494273278157594,0.44540744562602425,1.0145650502335544,1.0145650502335544,3.5919750426586336e-05,2.471040802449816,12.98972774120685,nan,nan,nan
5.04,250.00323486328125,-149.99395751953125,-8.493937492370605,249.7573807689224,-149.62333199643112,-8.502989071607555,0.44484766513149687,1.0146230188958392,1.0146230188958392,3.520713683629094e-05,2.522072523886001,13.027371969857434,nan,0.004420889512477256,nan
5.05,250.00323486328125,-149.99395751953125,-8.502642631530762,249.74790009495538,-149.6571833396771,-8.511548907512887,0.42271978175185493,1.0145359761848298,1.0145359761848298,3.5891625307488425e-05,2.3860886854824357,12.811411940477718,11.093330581730182,nan,nan
5.0600000000000005,250.00323486328125,-149.99395751953125,-8.511347770690918,249.74870593929938,-149.65738426857166,-8.52060182063983,0.42208075512315135,1.0145935293419155,1.0145935293419155,3.5180494457023e-05,2.6097360078620584,13.01953692420393,nan,0.04739832795763164,nan
5.07,250.00323486328125,-149.99395751953125,-8.520052909851074,249.74951173274673,-149.65758527003777,-8.529398262242166,0.4214368906596293,1.0146512196363704,1.0146512196363704,3.58863732742934e-05,2.608628956409712,13.01056379616126,nan,nan,nan
5.08,250.00323486328125,-149.99395751953125,-8.528759002685547,249.75031749531126,-149.65778618872335,-8.538785439634724,0.4208074240266152,1.0147090472126943,1.0147090472126943,3.5175823288712575e-05,3.03232577542616,13.418586460871008,nan,0.2427666857230443,nan
5.09,250.00323486328125,-149.99395751953125,-8.537464141845703,249.751123164113,-149.65798700787963,-8.547590453788482,0.42016548614862814,1.0147670122153878,1.0147670122153878,3.5881897938219606e-05,3.0316384692830125,13.406615740249121,nan,nan,nan
5.1000000000000005,250.00323486328125,-149.99395751953125,-8.546170234680176,249.74854772781384,-149.6431298275594,-8.559218869662251,0.4337232681120413,1.0146799785813723,1.0146799785813723,3.515068693114871e-05,5.02913964235992,15.120265052138626,1.786761599160923,5.805862566366706,nan
5.11,250.00323486328125,-149.99395751953125,-8.554877281188965,249.74934523109633,-149.64329530244817,-8.568053677604285,0.4331253320265538,1.0147375308641173,1.0147375308641173,3.58560973195364e-05,5.0267632221540115,15.107454463174868,nan,nan,nan
5.12,250.00323486328125,-149.99395751953125,-8.563583374023438,249.7501428153307,-149.64346080888154,-8.574786253372935,0.4324685345985216,1.0147952193798682,1.0147952193798682,3.5147430083259914e-05,3.7549803413691767,13.829968261219035,nan,3.097382698641885,nan
5.13,250.00323486328125,-149.99395751953125,-8.572290420532227,249.75094067352794,-149.64362620666108,-8.583602740261512,0.43187076254161305,1.0148530442731245,1.0148530442731245,3.585306896281156e-05,3.752906842529989,13.824438802119186,nan,nan,nan
5.14,250.00323486328125,-149.99395751953125,-8.580997467041016,249.75173865432222,-149.64379150925865,-8.590809627775165,0.4312341085411342,1.014911005688387,1.014911005688387,3.514485099556808e-05,2.9226124770390935,12.982256041562067,nan,1.8173286963833064,nan
5.15,250.00323486328125,-149.99395751953125,-8.589704513549805,249.7241023034713,-149.60837602663293,-8.599613444731835,0.4761158057961526,1.0148239809736184,1.0148239809736184,3.582868667350273e-05,2.963733582284359,11.267455971377494,14.294776363232538,nan,nan
5.16,250.00323486328125,-149.99395751953125,-8.59841251373291,249.7248333402016,-149.6084576443328,-8.607947531075034,0.4756137912075451,1.0148815323885811,1.0148815323885811,3.5121732660251734e-05,2.8114144143059496,11.10942933340582,nan,0.15503839456752497,nan
5.17,250.00323486328125,-149.99395751953125,-8.6071195602417,249.72556435599301,-149.6085395227167,-8.616748274705719,0.4751217265380181,1.0149392191533582,1.0149392191533582,3.582698757649935e-05,2.810100425995912,11.09712866631692,nan,nan,nan
5.18,250.00323486328125,-149.99395751953125,-8.615827560424805,249.72629538807274,-149.60862157215675,-8.62445929508756,0.47460907293377297,1.0149970414124496,1.0149970414124496,3.512040797848696e-05,2.343320754994865,10.626032067428161,nan,0.8341307170439571,nan
5.19,250.00323486328125,-149.99395751953125,-8.62453556060791,249.72702646134132,-149.60870371419563,-8.633251251305301,0.47411764267122336,1.015054999310356,1.015054999310356,3.582592525333587e-05,2.3417221241835113,10.614741873327421,nan,nan,nan
5.2,250.00323486328125,-149.99395751953125,-8.633244514465332,249.7523861682425,-149.6275397587477,-8.642807601928265,0.44416043932580546,1.0149679833615124,1.0149679833615124,3.509851482596109e-05,2.7998776980548366,12.623902681870666,6.887771393752069,0.32704158415640605,nan
5.21,250.00323486328125,-149.99395751953125,-8.641952514648438,249.75317479963527,-149.62766601142872,-8.651610329376219,0.4436133200479608,1.0150255339151295,1.0150255339151295,3.580343071162461e-05,2.798939912991218,12.612801520789738,nan,nan,nan
5.22,250.00323486328125,-149.99395751953125,-8.65066146850586,249.75396357824368,-149.6277921424322,-8.65778027887673,0.44301685565162807,1.015083218955914,1.015083218955914,3.5098336745966346e-05,1.637168435238651,11.446312375985752,nan,4.871365167559426,nan
5.23,250.00323486328125,-149.99395751953125,-8.659370422363281,249.75475240467142,-149.62791818158576,-8.666559442032217,0.4424703506046042,1.0151410386283661,1.0151410386283661,3.580353912308589e-05,1.6362976910302252,11.431352303669163,nan,nan,nan
5.24,250.00323486328125,-149.99395751953125,-8.668079376220703,249.7555412314215,-149.6280442470507,-8.676891969322194,0.4419528482072264,1.0151989930769858,1.0151989930769858,3.5098708160310064e-05,2.404989814407523,12.193722173437045,nan,1.6916195991431016,nan
5.25,250.00323486328125,-149.99395751953125,-8.676788330078125,249.72471251554003,-149.66894154085392,-8.685441189792861,0.42811792367069046,1.0151119857449993,1.0151119857449993,3.5782185028171736e-05,2.2729200066666326,11.016131195726437,21.132581327007127,nan,nan
5.26,250.00323486328125,-149.99395751953125,-8.685498237609863,249.7254281456698,-149.66916239302594,-8.69407478784312,0.4274833374127522,1.0151695354435917,1.0151695354435917,3.5078434767664374e-05,2.2768743221752947,11.012606207373368,nan,0.017885268201309524,nan
5.2700000000000005,250.00323486328125,-149.99395751953125,-8.694207191467285,249.72614381122702,-149.6693831923031,-8.702867488771176,0.4268523699987236,1.0152272187866447,1.0152272187866447,3.578335791279277e-05,2.275363576194539,11.0005840984627,nan,nan,nan
5.28,250.00323486328125,-149.99395751953125,-8.702917098999023,249.7268594195385,-149.6696039514901,-8.710342858834133,0.4261968616897056,1.015285035918658,1.015285035918658,3.50798090468359e-05,1.7507536030810278,10.464266267928492,nan,1.2219817688363093,nan
5.29,250.00323486328125,-149.99395751953125,-8.711627006530762,249.7275748627361,-149.6698249568117,-8.719124932758556,0.4255661793580449,1.0153429869841324,1.0153429869841324,3.5785041158984414e-05,1.749331189886639,10.45281922547708,nan,nan,nan
5.3,250.00323486328125,-149.99395751953125,-8.720337867736816,249.75851600643267,-149.64624698648547,-8.729075353251899,0.42528376096599907,1.0152559881240277,1.0152559881240277,3.5060509485372815e-05,2.3555559579601004,12.402811155771044,10.472246457624552,1.0924238578199696,nan
5.3100000000000005,250.00323486328125,-149.99395751953125,-8.729047775268555,249.75930099277963,-149.64641343539802,-8.737870272425255,0.42469808105286905,1.0153135369738042,1.0153135369738042,3.576518363069361e-05,2.3538905848087652,12.39094110720249,nan,nan,nan
5.32,250.00323486328125,-149.99395751953125,-8.73775863647461,249.76008597778068,-149.64657995554387,-8.747229728282912,0.4241252810927666,1.0153712186446928,1.0153712186446928,3.5062790695527794e-05,2.735383382336714,12.762041369389417,nan,0.22349178185994864,nan
5.33,250.00323486328125,-149.99395751953125,-8.746469497680664,249.7608709533169,-149.64674648656188,-8.756032416340053,0.42354127978527883,1.0154290332811942,1.0154290332811942,3.5767791172000335e-05,2.733324604706614,12.749350510118601,nan,nan,nan
5.34,250.00323486328125,-149.99395751953125,-8.755180358886719,249.76165599042753,-149.6469129929577,-8.763890433395055,0.42293749021796195,1.015486981027808,1.015486981027808,3.506550728703404e-05,2.339606859223885,12.346826367947875,nan,0.6294838848196839,nan
5.3500000000000005,250.00323486328125,-149.99395751953125,-8.763891220092773,249.7532798138909,-149.66187892022737,-8.772608490608217,0.41572793223043697,1.0153999904985458,1.0153999904985458,3.574882915483747e-05,2.2958202139422466,12.108490856562963,2.3621404550777716,nan,nan
5.36,250.00323486328125,-149.99395751953125,-8.772602081298828,249.75404394897336,-149.66207923308454,-8.77955114878795,0.41507541281961524,1.0154575385056075,1.0154575385056075,3.504747592635596e-05,1.54744958669326,11.34550335118177,nan,2.4167593709083497,nan
5.37,250.00323486328125,-149.99395751953125,-8.7813138961792,249.7548079508921,-149.66227950213974,-8.78832901576857,0.4144580194939284,1.0155152185292324,1.0155152185292324,3.5752267756663764e-05,1.545571983166182,11.331304018577779,nan,nan,nan
5.38,250.00323486328125,-149.99395751953125,-8.79002571105957,249.75557194327376,-149.66247974047496,-8.798341073702636,0.41386421107726573,1.0155730307139208,1.0155730307139208,3.505097423717182e-05,2.141294675980474,11.918226674823458,nan,1.0706022745335328,nan
5.39,250.00323486328125,-149.99395751953125,-8.798737525939941,249.75633589818415,-149.66267993001168,-8.807133428466429,0.4132486315320996,1.015630975204173,1.015630975204173,3.575610595306563e-05,2.139521259676597,11.900887119568424,nan,nan,nan
5.4,250.00323486328125,-149.99395751953125,-8.807449340820312,249.73713830368314,-149.65626061401682,-8.817226964685483,0.43004904482212797,1.0155439928685037,1.0155439928685037,3.503369820817285e-05,2.9108736142363236,11.638015901410984,4.197683427127092,1.5065662921453753,nan
5.41,250.00323486328125,-149.99395751953125,-8.816161155700684,249.73785656049387,-149.65644552560946,-8.82603318474136,0.42946181039617115,1.0156015400388487,1.0156015400388487,3.5738300217624194e-05,2.9084693637796257,11.623046514270344,nan,nan,nan
5.42,250.00323486328125,-149.99395751953125,-8.824872970581055,249.738574854961,-149.6566303906717,-8.834718181494306,0.4288722887371391,1.015659218439468,1.015659218439468,3.503789514660248e-05,2.947381490392869,11.656169185730437,nan,0.010569280507975572,nan
5.43,250.00323486328125,-149.99395751953125,-8.833585739135742,249.73929326486166,-149.6568153718088,-8.843525616584309,0.42828588152178776,1.0157170282148615,1.0157170282148615,3.57428491919327e-05,2.944715000084775,11.648493978995964,nan,nan,nan
5.44,250.00323486328125,-149.99395751953125,-8.842297554016113,249.74001168199294,-149.65700047750175,-8.85110017090775,0.4276727456887421,1.01577496950953,1.01577496950953,3.504242887581249e-05,2.3911942020140162,11.083029077323541,nan,1.07257233176241,nan
5.45,250.00323486328125,-149.99395751953125,-8.8510103225708,249.73019518037046,-149.63502703321544,-8.859997755084176,0.4510682170072665,1.0156879952338527,1.0156879952338527,3.5725729022542964e-05,2.461186365594635,10.45381762803109,4.605929517601984,nan,nan
5.46,250.00323486328125,-149.99395751953125,-8.859723091125488,249.73088973675584,-149.6351623036716,-8.868483614668866,0.45053592713420015,1.0157455415733798,1.0157455415733798,3.502611934105647e-05,2.390890305264495,10.379232333111723,nan,0.06987687669102978,nan
5.47,250.00323486328125,-149.99395751953125,-8.868435859680176,249.73158436097935,-149.63529759742795,-8.877282250334922,0.4500102151636488,1.0158032183746328,1.0158032183746328,3.573090905652935e-05,2.38950377031177,10.367904868607896,nan,nan,nan
5.48,250.00323486328125,-149.99395751953125,-8.87714958190918,249.73227892351667,-149.6354330107359,-8.883849694898824,0.44944614384230647,1.015861025782112,1.015861025782112,3.503124578716173e-05,1.4802743857019345,9.450510285170463,nan,3.512521802600135,nan
5.49,250.00323486328125,-149.99395751953125,-8.885862350463867,249.73297336463975,-149.6355686513834,-8.89262847548978,0.4489205262717535,1.0159189639403174,1.0159189639403174,3.573639432647238e-05,1.4793862145430656,9.437072840384708,nan,nan,nan
5.5,250.00323486328125,-149.99395751953125,-8.894576072692871,249.67843738464725,-149.65013877230876,-8.900703788323622,0.4730140399263982,1.0158319975945453,1.0158319975945453,3.501550675648502e-05,1.292568814792674,7.028299228796083,22.512295979168083,0.3824334646048074,nan
5.51,250.00323486328125,-149.99395751953125,-8.903289794921875,249.67900710899406,-149.65030707901073,-8.909478090224571,0.4725013829808514,1.0158895431090578,1.0158895431090578,3.5720142403349065e-05,1.291812043114756,7.0195287245372056,nan,nan,nan
5.5200000000000005,250.00323486328125,-149.99395751953125,-8.912002563476562,249.6795767317749,-149.650475199321,-8.918741440811333,0.47199587165031903,1.015947218333988,1.015947218333988,3.502115572996352e-05,1.5159537262854892,7.233920339895059,nan,0.1679329523345565,nan
5.53,250.00323486328125,-149.99395751953125,-8.920716285705566,249.68014630495327,-149.65064312262183,-8.92752285371484,0.4714841683617779,1.016005023413836,1.016005023413836,3.572615847053221e-05,1.5155410986772433,7.227358070712606,nan,nan,nan
5.54,250.00323486328125,-149.99395751953125,-8.929430961608887,249.68071590106194,-149.6508110798094,-8.93675638913539,0.47097942839709495,1.0160629584931022,1.0160629584931022,3.502705863428663e-05,1.7502744342905956,7.457358669101238,nan,0.1433149607407088,nan
5.55,250.00323486328125,-149.99395751953125,-8.93814468383789,249.65411620223566,-149.60338665745255,-8.945488385229812,0.5239116029878551,1.0159759999505358,1.0159759999505358,3.571041690885362e-05,1.780316293767255,6.093870557820615,20.852878415751103,nan,nan
5.5600000000000005,250.00323486328125,-149.99395751953125,-8.946858406066895,249.654625079722,-149.60344794241922,-8.954375383275279,0.523529384042382,1.0160335446457451,1.0160335446457451,3.50120340473417e-05,1.8835743693659321,6.192774471359197,nan,0.0068686341342423405,nan
5.57,250.00323486328125,-149.99395751953125,-8.955573081970215,249.6551339762954,-149.6035091733995,-8.963165809732095,0.5231460484723535,1.0160912183168216,1.0160912183168216,3.571689724715731e-05,1.8833593103944541,6.188215346695618,nan,nan,nan
5.58,250.00323486328125,-149.99395751953125,-8.964287757873535,249.65564293664954,-149.60357033930183,-8.969432516826563,0.5227320216819595,1.0161490211082653,1.0161490211082653,3.501837245718341e-05,1.0247275156764835,5.326567205868855,nan,4.496397765261854,nan
5.59,250.00323486328125,-149.99395751953125,-8.973001480102539,249.65615188708944,-149.60363131959681,-8.978199918129524,0.5223486943367853,1.0162069531645763,1.0162069531645763,3.572360459441331e-05,1.0249378907847242,5.321260663462248,nan,nan,nan
5.6000000000000005,250.00323486328125,-149.99395751953125,-8.98171615600586,249.68294750621428,-149.5719602626993,-8.987538456362476,0.5298108861207809,1.016120002301779,1.016120002301779,3.50037661338607e-05,1.2446569527029259,6.5061779404403275,11.82462737737457,0.1897529779347823,nan
5.61,250.00323486328125,-149.99395751953125,-8.99043083190918,249.6835151940056,-149.5719507047774,-8.996314384304418,0.5294761890861635,1.0161775461833085,1.0161775461833085,3.5708493871110624e-05,1.2452583737632876,6.502253802438442,nan,nan,nan
5.62,250.00323486328125,-149.99395751953125,-8.999146461486816,249.68408295558527,-149.57194098521614,-9.004633828691935,0.5291370395466196,1.0162352183224463,1.0162352183224463,3.501048215417148e-05,1.135545749659971,6.388638771065463,nan,0.1477950752752364,nan
5.63,250.00323486328125,-149.99395751953125,-9.007861137390137,249.68465082648234,-149.5719311459533,-9.01340749379659,0.5288031869872116,1.0162930188636932,1.0162930188636932,3.571558432775281e-05,1.1364261456784954,6.3883383505043625,nan,nan,nan
5.64,250.0031280517578,-149.99404907226562,-9.016575813293457,249.68516916984925,-149.57197088984972,-9.02166585853188,0.5284635760547612,1.016350947951549,1.016350947951549,3.5017384328009014e-05,1.0146324257468362,6.403382124996712,nan,0.18804852077994208,nan
5.65,250.0029296875,-149.99424743652344,-9.025291442871094,249.68997200549518,-149.58411645353604,-9.030393775826441,0.5159224435257945,1.0162640046482314,1.0162640046482314,3.5700841588538435e-05,0.9911114940027804,6.501198053713254,1.2090030770445024,nan,nan
5.66,250.0026397705078,-149.99453735351562,-9.03400707244873,249.69030442530328,-149.5843787791238,-9.039556667436342,0.5155717428406038,1.0163215477216188,1.0163215477216188,3.500328742521361e-05,1.1413754372686977,6.560266341100429,nan,0.1086603805345301,nan
5.67,250.0022430419922,-149.99493408203125,-9.042722702026367,249.69054087530327,-149.58473737518932,-9.04833225189412,0.5152194154651477,1.0163792183501992,1.0163792183501992,3.570826092127479e-05,1.1423683225710928,6.758922689009881,nan,nan,nan
5.68,250.00177001953125,-149.9954071044922,-9.051437377929688,249.69068220093044,-149.5851910993172,-9.056105836878803,0.5148539562754627,1.0164370166784733,1.0164370166784733,3.501049782283997e-05,0.8832801178537868,6.173644454266378,nan,0.7102475042794751,nan
5.69,250.00119018554688,-149.99598693847656,-9.060153007507324,249.69072933556964,-149.58573879255178,-9.064873923855655,0.5145014748807581,1.0164949428509413,1.0164949428509413,3.571584414981528e-05,0.8844044949154861,6.397792302538703,nan,nan,nan
5.7,250.00051879882812,-149.9966583251953,-9.068868637084961,249.71032698210553,-149.5788295020703,-9.07412042640704,0.5087433510306281,1.0164080069898505,1.0164080069898505,3.49966971148648e-05,1.042725760139468,7.416265760456296,3.5832656574632624,0.24359842296825307,nan
5.71,249.999755859375,-149.99742126464844,-9.077584266662598,249.71023254317802,-149.57954535780658,-9.08289438489205,0.5084016340416404,1.0164655492605514,1.0164655492605514,3.570154176349511e-05,1.0440653188911826,7.413238518665241,nan,nan,nan
5.72,249.9989013671875,-149.99827575683594,-9.08630084991455,249.71004723462414,-149.5803520644504,-9.090289648190886,0.5080480617695272,1.0165232183994404,1.0165232183994404,3.500416907602848e-05,0.7084335561737842,7.094544220578638,nan,1.3437779667158836,nan
5.73,249.9979705810547,-149.99920654296875,-9.095016479492188,249.70977219592075,-149.58124857704297,-9.09905179643207,0.5077041010839192,1.016581014551018,1.016581014551018,3.570939017890906e-05,0.7095515934236986,6.842620382592799,nan,nan,nan
5.74,249.99693298339844,-150.000244140625,-9.103732109069824,249.7094083492709,-149.58223392669586,-9.109050203573103,0.5073768188520339,1.0166389378597842,1.0166389378597842,3.501177326231661e-05,1.0609792486929897,7.55014763561237,nan,1.0766594669001415,nan
5.75,249.99581909179688,-150.00135803222656,-9.112447738647461,249.69357795898645,-149.5823420999583,-9.11785470698113,0.5166752260015194,1.016552009326595,1.016552009326595,3.569534320487541e-05,1.0816008481597816,6.7594722868034784,1.6735036830154038,nan,nan
5.76,249.99461364746094,-150.0025634765625,-9.121163368225098,249.69300579832213,-149.5834998890758,-9.127625885352469,0.5163558357828291,1.0166095507999864,1.0166095507999864,3.499831972261452e-05,1.45554420475717,7.231611403327419,nan,0.6968196967904686,nan
5.7700000000000005,249.9933319091797,-150.00384521484375,-9.129878044128418,249.69234786899986,-149.58474337874696,-9.136414503891908,0.516023707564787,1.0166672184695524,1.0166672184695524,3.5703413599284135e-05,1.458545911122996,7.061897246331705,nan,nan,nan
5.78,249.99195861816406,-150.00521850585938,-9.138593673706055,249.691604958856,-149.58607160268215,-9.147646759574931,0.5157309429019606,1.0167250124797937,1.0167250124797937,3.500613192599985e-05,2.602779832709821,8.32693593161004,nan,4.212118541759703,nan
5.79,249.99049377441406,-150.00668334960938,-9.147308349609375,249.69077808730282,-149.5874837469501,-9.156461319223112,0.5154042848318191,1.0167829329752103,1.0167829329752103,3.571159839133672e-05,2.6071029218972988,8.482765037625432,nan,nan,nan
5.8,249.9889678955078,-150.0082244873047,-9.156023979187012,249.66808506089427,-149.56917736374373,-9.165733336045328,0.5438956167017449,1.0166960116584243,1.0166960116584243,3.499287943282817e-05,2.9848944452368773,7.677437366747443,7.422267358934814,0.05336155613201912,nan
5.8100000000000005,249.98733520507812,-150.0098419189453,-9.164732933044434,249.66704556884386,-149.57071133043132,-9.174552838730149,0.5436152641302457,1.0167535523398066,1.0167535523398066,3.5697843188805534e-05,2.9918523124236955,8.123526164441403,nan,nan,nan
5.82,249.9856414794922,-150.01153564453125,-9.17335319519043,249.66592498077014,-149.57232640765594,-9.183154052045232,0.5433410072015246,1.0168112185599383,1.0168112185599383,3.500086289937219e-05,3.034656235557145,7.802688645220325,nan,0.020801898823096444,nan
5.83,249.98385620117188,-150.01332092285156,-9.181843757629395,249.6647242600451,-149.57402179139865,-9.191816892179366,0.5430730946708596,1.0168690104633198,1.0168690104633198,3.5706201691342345e-05,3.075544042673518,8.05822729350152,nan,nan,nan
5.84,249.9820098876953,-150.0151824951172,-9.190186500549316,249.66344434618097,-149.57579642072955,-9.200788660493478,0.542822744919179,1.0169269281944509,1.0169269281944509,3.500893692267842e-05,3.500415703057955,8.161081397898919,nan,0.14069942199265256,nan
5.8500000000000005,249.98007202148438,-150.01710510253906,-9.19837474822998,249.6755585720251,-149.56049500096648,-9.2091991065644,0.5489429774512665,1.0168400139852993,1.0168400139852993,3.5692615473207925e-05,3.5788930065643,9.076843308601036,3.326453987019393,nan,nan
5.86,249.97805786132812,-150.0191192626953,-9.206404685974121,249.67415198111152,-149.56238801915728,-9.216642457086412,0.5486957488548384,1.0168975538798999,1.0168975538798999,3.499590691290687e-05,3.2909387941352106,8.793049204883147,nan,0.4309867855693866,nan
5.87,249.97596740722656,-150.02120971679688,-9.214278221130371,249.67266859106752,-149.56435771306116,-9.224702875670753,0.5484638535246459,1.0169552186700221,1.0169552186700221,3.570111404003385e-05,3.339668893526739,8.83025455256467,nan,nan,nan
5.88,249.9738006591797,-150.02337646484375,-9.22199535369873,249.67110932681112,-149.56640321571658,-9.23379692496677,0.5482571205130847,1.0170130085001665,1.0170130085001665,3.5004112406647825e-05,4.274298360824158,9.776493831153479,nan,0.9980996749466583,nan
5.89,249.9715576171875,-150.02561950683594,-9.229559898376465,249.66947519354488,-149.56852365969422,-9.24156054416575,0.5480277544498635,1.0170709235148332,1.0170709235148332,3.570968935802564e-05,4.328104903793141,9.862756430239399,nan,nan,nan
5.9,249.96923828125,-150.02793884277344,-9.236974716186523,249.61266519719848,-149.58102265292152,-9.249131822651204,0.5718620815016164,1.0169840163071822,1.0169840163071822,3.6406671011965986e-05,4.3809841822693025,7.962528579962975,21.75517800060493,nan,nan
5.91,249.96685791015625,-150.0303192138672,-9.244240760803223,249.61076458437927,-149.58331305811012,-9.256595764171038,0.5716376527625177,1.017041555420157,1.017041555420157,3.714011691859008e-05,4.431150294269116,7.809749912466009,nan,nan,nan
5.92,249.9644012451172,-150.03277587890625,-9.251362800598145,249.6087913869995,-149.58567596051162,-9.261748308945462,0.5713707789190721,1.0170992187992471,1.0170992187992471,3.6357576926497126e-05,3.287480970177323,6.730676874925867,nan,3.065699028719706,nan
5.93,249.9618682861328,-150.03530883789062,-9.258343696594238,249.60674658433973,-149.5881105551742,-9.268903057200733,0.5711472903247827,1.0171570065889524,1.0171570065889524,3.708968676008185e-05,3.3268263589794707,6.8518564710245995,nan,nan,nan
5.94,249.9592742919922,-150.0379180908203,-9.26518440246582,249.6046309914815,-149.59061611721006,-9.277686887499536,0.5709704355960545,1.0172149189337734,1.0172149189337734,3.630989201806719e-05,4.625282571408242,8.015929460416238,nan,2.049083000411098,nan
5.95,249.9565887451172,-150.04058837890625,-9.271889686584473,249.59476559356642,-149.58212621639694,-9.284433476601865,0.5841753967079053,1.0171280186240355,1.0171280186240355,3.7017115031595294e-05,4.586005937476366,8.123522040935029,2.200599836487277,nan,nan
5.96,249.953857421875,-150.04331970214844,-9.278460502624512,249.5924939097405,-149.584747730399,-9.290470076377881,0.5839658132443101,1.0171855569604724,1.0171855569604724,3.624100202304397e-05,4.314855400551819,7.490247595282934,nan,0.3437362920515709,nan
5.97,249.9510498046875,-150.04612731933594,-9.28490161895752,249.59015351645172,-149.5874382280512,-9.297091333266504,0.5837725605583941,1.0172432189470746,1.0172432189470746,3.696973077909616e-05,4.354078247651298,7.66058413577873,nan,nan,nan
5.98,249.9481658935547,-150.04901123046875,-9.291213035583496,249.58774510801967,-149.59019689653704,-9.304011258459319,0.5835902074021256,1.0173010047283422,1.0173010047283422,3.619624984335454e-05,4.859803372778856,8.30975222974644,nan,0.12039032457601581,nan
5.99,249.9452362060547,-150.0519561767578,-9.297399520874023,249.58526945515027,-149.5930228175426,-9.31038198408029,0.5834076056310504,1.0173589144487754,1.0173589144487754,3.692385304695497e-05,4.899038109308091,8.032090222791192,nan,nan,nan
6.0,249.9422149658203,-150.05496215820312,-9.303462028503418,249.55377162065588,-149.60666245625228,-9.319432428942413,0.593393553101087,1.017272020935823,1.017272020935823,3.6130508159241955e-05,7.40512009920127,10.022935035259431,6.786291003721395,4.942208876559385,nan
6.01,249.93914794921875,-150.0580291748047,-9.309404373168945,249.55110165590335,-149.60964370646755,-9.325587077883508,0.5932042935647142,1.017329558500744,1.017329558500744,3.6856140538009806e-05,7.451102371612955,9.818587536414578,nan,nan,nan
6.0200000000000005,249.93600463867188,-150.06117248535156,-9.315227508544922,249.54836653506652,-149.61269012792755,-9.330418327610637,0.5929843887247306,1.0173872191129845,1.0173872191129845,3.6088710261406226e-05,6.739665013259732,9.266600311858154,nan,0.9626907375123137,nan
6.03,249.93280029296875,-150.0643768310547,-9.320934295654297,249.5455668964307,-149.61580096890748,-9.336325818133576,0.5927958387672242,1.017445002917045,1.017445002917045,3.681335498627751e-05,6.780285380685713,9.266161711987804,nan,nan,nan
6.04,249.92953491210938,-150.06764221191406,-9.326528549194336,249.54270360771727,-149.61897546921264,-9.341512548889256,0.5925916168077773,1.0175029100574253,1.0175029100574253,3.604836706181532e-05,6.573209100835312,9.038444593731377,nan,0.24475336732844974,nan
6.05,249.92620849609375,-150.0709686279297,-9.332010269165039,249.5311849327969,-149.57216772414424,-9.347155378554087,0.6364552863440898,1.01741602324251,1.01741602324251,3.674892092903613e-05,6.6395777122914,9.221480844713943,17.838649787373473,nan,nan
6.0600000000000005,249.92282104492188,-150.07435607910156,-9.337382316589355,249.5281780248739,-149.57536132476878,-9.35242739362617,0.6363687865281092,1.0174735600408729,1.0174735600408729,3.598726737031747e-05,6.6876333625347355,9.255450666727123,nan,0.05745433934746146,nan
6.07,249.9193572998047,-150.07781982421875,-9.34264850616455,249.52510942283854,-149.5786165396862,-9.357882817038456,0.6362919078600597,1.0175312192964736,1.0175312192964736,3.670921477302963e-05,6.719897287962761,9.558214161118883,nan,nan,nan
6.08,249.9158477783203,-150.08132934570312,-9.347808837890625,249.5219799332548,-149.58193254989288,-9.361079757686351,0.6361644098456797,1.0175890011538127,1.0175890011538127,3.5949875016875855e-05,5.296505457424265,7.8799481678791246,nan,3.1005446008284547,nan
6.09,249.9122772216797,-150.08489990234375,-9.352866172790527,249.51879025754727,-149.58530884566184,-9.366305771244951,0.6360847723891138,1.0176469057573903,1.0176469057573903,3.6671017494560835e-05,5.322902245694808,7.925432547806209,nan,nan,nan
6.1000000000000005,249.9086456298828,-150.08853149414062,-9.35782241821289,249.51407375068143,-149.60327233025185,-9.370756514676742,0.6255643171136541,1.0175600255440618,1.0175600255440618,3.589186846424814e-05,5.045381146654101,7.526980723863144,1.5407563439183718,0.3430055646694097,nan
6.11,249.9049530029297,-150.09222412109375,-9.362679481506348,249.51076243665537,-149.60679812766008,-9.375776340301584,0.6254567333965083,1.0176175615807628,1.0176175615807628,3.661136370645494e-05,5.069349778033361,7.590166663444738,nan,nan,nan
6.12,249.9011993408203,-150.09597778320312,-9.367440223693848,249.50739267759886,-149.610382335382,-9.382252942483055,0.6253847164587012,1.0176752194970549,1.0176752194970549,3.5857388164760404e-05,6.503244860208529,9.076848676601081,nan,1.6223019231931315,nan
6.13,249.89739990234375,-150.0997772216797,-9.372106552124023,249.5039649987957,-149.61402427047065,-9.387096389032145,0.6252772570217767,1.017732999437438,1.017732999437438,3.6576197215936185e-05,6.527147204381283,8.924777073233718,nan,nan,nan
6.140000000000001,249.89353942871094,-150.1036376953125,-9.376678466796875,249.5004800848768,-149.6177231894832,-9.390013844619567,0.6251290963091696,1.0177909015464126,1.0177909015464126,3.5824330439782275e-05,5.34778983162478,7.804787352459778,nan,2.26197571149849,nan
6.15,249.88961791992188,-150.10755920410156,-9.381159782409668,249.47168690987957,-149.59497506542613,-9.394670552880953,0.6615068928555101,1.0177040278404454,1.0177040278404454,3.6519692667492734e-05,5.4282239290098,7.684104457710777,9.259488361361377,nan,nan
6.16,249.88563537597656,-150.11154174804688,-9.385551452636719,249.46803626344123,-149.598730479403,-9.40015392740622,0.6614965217654779,1.0177615631203214,1.0177615631203214,3.57707946860353e-05,6.390803339397889,8.734319909516158,nan,0.5860917766666983,nan
6.17,249.88160705566406,-150.11557006835938,-9.389856338500977,249.46433029667742,-149.60254119478387,-9.404627508706394,0.6614655744494873,1.017819219714257,1.017819219714257,3.6487491774302044e-05,6.409450375749324,8.61905394232312,nan,nan,nan
6.18,249.87753295898438,-150.11964416503906,-9.394074440002441,249.46056964563817,-149.60640647087078,-9.408657453793731,0.6614257325528352,1.0178769977667526,1.0178769977667526,3.574056902523831e-05,6.379812720841846,8.450182721465106,nan,0.08659733265304206,nan
6.19,249.87338256835938,-150.12379455566406,-9.398208618164062,249.45675497114536,-149.61032590788045,-9.412957496658093,0.6613971094840732,1.017934897422308,1.017934897422308,3.645673434473444e-05,6.396307956467538,8.841404901396395,nan,nan,nan
6.2,249.86920166015625,-150.1279754638672,-9.402259826660156,249.46785900439014,-149.64833345297046,-9.418241096546106,0.6256099319397194,1.0178480301316284,1.0178480301316284,3.56899508647417e-05,7.5403774910592976,9.640670734970001,10.128470142805202,0.6100799109773538,nan
6.21,249.86495971679688,-150.13221740722656,-9.406230926513672,249.46396981094526,-149.65243027943322,-9.422389837096878,0.6254995627355076,1.0179055646594588,1.0179055646594588,3.640474184857568e-05,7.556538910901438,9.801200124934354,nan,nan,nan
6.22,249.86065673828125,-150.1365203857422,-9.41012191772461,249.460028573225,-149.65657907278367,-9.425466842747634,0.6253655389007634,1.0179632199476245,1.0179632199476245,3.566247688119381e-05,6.986596001329921,9.370538649910051,nan,0.6695610444996152,nan
6.23,249.85630798339844,-150.140869140625,-9.413935661315918,249.45603579336273,-149.66077934888608,-9.429449061536934,0.6252557075583699,1.0180209961406261,1.0180209961406261,3.6376835970724684e-05,6.999689921352465,9.31062676410583,nan,nan,nan
6.24,249.85191345214844,-150.145263671875,-9.417673110961914,249.45199188609348,-149.66503070254512,-9.43302668721077,0.6251373418144752,1.0180788933829636,1.0180788933829636,3.5636339281998705e-05,6.998567052772736,9.240755129971442,nan,0.07347527796475173,nan
6.25,249.84747314453125,-150.1497039794922,-9.42133617401123,249.41391488633627,-149.63596950886642,-9.436756046478616,0.6724088354751945,1.0179920324175795,1.0179920324175795,3.632776173563126e-05,6.989109065631075,8.818628328739194,16.090055614165863,nan,nan
6.26,249.8429718017578,-150.15420532226562,-9.4249267578125,249.4096996738788,-149.64025124902207,-9.439045672109142,0.6723636441252299,1.0180495661980875,1.0180495661980875,3.558987140813645e-05,6.044998878725787,8.064621555178375,nan,1.462893774387716,nan
6.2700000000000005,249.8384246826172,-150.15875244140625,-9.428444862365723,249.40543523956595,-149.64458219545543,-9.442713436269502,0.6723499771816764,1.0181072201967156,1.0181072201967156,3.6302607506766266e-05,6.052012386496039,8.017547902106246,nan,nan,nan
6.28,249.83383178710938,-150.16334533691406,-9.431892395019531,249.40112218879312,-149.64896172146393,-9.446871445130448,0.6723484753167678,1.018164994557964,1.018164994557964,3.556635446051412e-05,6.752311922718259,8.678344715707244,nan,0.2144078467475219,nan
6.29,249.82919311523438,-150.16798400878906,-9.435272216796875,249.3967612348819,-149.65338922772136,-9.450406419867946,0.6723348599841404,1.018222889426333,1.018222889426333,3.627878585475184e-05,6.757163816021411,8.680294761501708,nan,nan,nan
6.3,249.8245086669922,-150.17266845703125,-9.438583374023438,249.42311021766136,-149.65820105746127,-9.453453186618823,0.6527009511806402,1.018136034698268,1.018136034698268,3.552255019526325e-05,6.642746845695617,9.183149702562428,6.554561583523776,0.10824064434611701,nan
6.3100000000000005,249.81976318359375,-150.1774139404297,-9.441828727722168,249.41871893159544,-149.66272376095466,-9.456850640684824,0.6526623405544236,1.0181935677361234,1.0181935677361234,3.6233831981903506e-05,6.645957465020299,9.449337544379379,nan,nan,nan
6.32,249.8149871826172,-150.18218994140625,-9.445009231567383,249.41428103760305,-149.66729280109294,-9.45938886699734,0.6526034428885703,1.0182512204611027,1.0182512204611027,3.550154718248286e-05,6.242417961144275,8.775485660508128,nan,0.43320322260724164,nan
6.33,249.81016540527344,-150.18702697753906,-9.448126792907715,249.40979709342568,-149.6719077670809,-9.46265072146218,0.6525745402752917,1.0183089930177065,1.0183089930177065,3.6212606431797335e-05,6.243157188335865,8.88682034123606,nan,nan,nan
6.34,249.80528259277344,-150.19189453125,-9.45118236541748,249.4052677030223,-149.67656814328024,-9.465920556989001,0.6525261775985505,1.0183668855504349,1.0183668855504349,3.548175957255229e-05,6.539755637015436,9.283373837161776,nan,0.0033590751637513736,nan
6.3500000000000005,249.8003692626953,-150.19680786132812,-9.45417594909668,249.3885401002425,-149.686468947621,-9.469111876820284,0.6559513303800278,1.0182800369736642,1.0182800369736642,3.617027727124361e-05,6.589877313017775,8.858025763262285,1.3241022449751252,nan,nan
6.36,249.79541015625,-150.20176696777344,-9.457110404968262,249.3838963254691,-149.69122914194534,-9.470674588679996,0.6558784122114548,1.0183375692734842,1.0183375692734842,3.5441692396112e-05,5.613510595594715,7.923310363977318,nan,1.5878593155217635,nan
6.37,249.7904052734375,-150.20677185058594,-9.459985733032227,249.37920876092448,-149.6960332461994,-9.473683060323793,0.6558384791154873,1.0183952207403717,1.0183952207403717,3.615152742218243e-05,5.611903574941077,7.948906189437221,nan,nan,nan
6.38,249.7853546142578,-150.21182250976562,-9.462803840637207,249.37447794266754,-149.70088080295625,-9.476970743244303,0.6558061970916855,1.018452991518827,1.018452991518827,3.54242572335672e-05,6.087733352837786,8.475356180921052,nan,0.07785553521295593,nan
6.390000000000001,249.78025817871094,-150.2169189453125,-9.46556568145752,249.36970425163153,-149.70577111866666,-9.479869775187588,0.6557676683266148,1.0185108817533501,1.0185108817533501,3.613397177743604e-05,6.084472758919794,8.527572073289022,nan,nan,nan
6.4,249.77513122558594,-150.2220458984375,-9.468273162841797,249.36250155341799,-149.71734776525145,-9.481943842643338,0.6520508718506215,1.0184240392437391,1.0184240392437391,3.538655481851926e-05,5.69860859169417,7.871327950835324,0.36298734163813356,0.3878463096082839,nan
6.41,249.76995849609375,-150.2272186279297,-9.470925331115723,249.3576385188625,-149.722335698068,-9.484727230802985,0.6520007890521824,1.018481570810091,1.018481570810091,3.609530042527713e-05,5.694689739255063,7.904307318733966,nan,nan,nan
6.42,249.76473999023438,-150.23243713378906,-9.473525047302246,249.35273410667915,-149.72736492532073,-9.486891326972353,0.6519397528019143,1.0185392210341218,1.0185392210341218,3.537135120938831e-05,5.468021576150358,7.765058063859172,nan,0.22212376957534835,nan
6.43,249.75949096679688,-150.23768615722656,-9.476073265075684,249.34778887210908,-149.73243494340548,-9.489565241691945,0.6518891295849405,1.0185969900603313,1.0185969900603313,3.608004246794002e-05,5.4622886440519,7.61608005802441,nan,nan,nan
6.44,249.7541961669922,-150.2429962158203,-9.478569984436035,249.34280320551053,-149.73754523832312,-9.489660865721278,0.6518035494358659,1.0186548780332203,1.0186548780332203,3.5357222638927904e-05,3.8959430950066034,6.209542274059232,nan,4.419534991005656,nan
6.45,249.7488555908203,-150.24832153320312,-9.481017112731934,249.35862245221915,-149.70921171320623,-9.49231420691314,0.6656192040623052,1.0185680415084652,1.0185680415084652,3.604367065393231e-05,3.975672231088006,7.109889804559687,11.229816024508029,nan,nan
6.46,249.7434844970703,-150.25369262695312,-9.483415603637695,249.3536006452748,-149.71433254364752,-9.495311760133234,0.6656277006658439,1.0186255723458668,1.0186255723458668,3.532279630291451e-05,4.441256417992668,7.529496471490918,nan,0.16962253741997235,nan
6.47,249.73806762695312,-150.2591094970703,-9.485766410827637,249.3485400670036,-149.7194923451523,-9.497772196634326,0.6656294235512522,1.0186832213419637,1.0186832213419637,3.603058063455259e-05,4.435254914414375,7.655814441895015,nan,nan,nan
6.48,249.7326202392578,-150.26455688476562,-9.488069534301758,249.3434411423986,-149.72469059090642,-9.499447786932084,0.6656165933255743,1.018740988641256,1.018740988641256,3.53107235295188e-05,4.1012075420533325,7.163969919705963,nan,0.3782668492697299,nan
6.49,249.7271270751953,-150.27005004882812,-9.490326881408691,249.3383043964173,-149.72992678748176,-9.50180912121016,0.6656185505305596,1.018798874388244,1.018798874388244,3.601853313232512e-05,4.095132201598844,7.313004270969114,nan,nan,nan
6.5,249.7216033935547,-150.27557373046875,-9.492539405822754,249.28103038202414,-149.71478780266315,-9.505181309731451,0.7132638032651842,1.0187120437678152,1.0187120437678152,3.5278344473422446e-05,5.029437283605466,7.459857559864236,22.11265924674921,0.9386022742065262,nan
6.51,249.71603393554688,-150.28114318847656,-9.494708061218262,249.27571275432197,-149.7200569032411,-9.507463550547463,0.7133465249250539,1.0187695738807372,1.0187695738807372,3.598532676736529e-05,5.020685352007599,7.614621108546924,nan,nan,nan
6.5200000000000005,249.71043395996094,-150.2867431640625,-9.496832847595215,249.27035868149386,-149.72536254991525,-9.50940182832102,0.713423032943785,1.0188272216635208,1.0188272216635208,3.526820184248335e-05,4.978780522276732,7.465390191967767,nan,0.06303365907484744,nan
6.53,249.70480346679688,-150.29237365722656,-9.498915672302246,249.26496867281233,-149.7307042265794,-9.511596418869406,0.7135040270779341,1.0188849872606667,1.0188849872606667,3.5975261463267446e-05,4.969269508275625,7.370644940432616,nan,nan,nan
6.54,249.69912719726562,-150.2980499267578,-9.500956535339355,249.2595431571909,-149.73608162778066,-9.512538893839618,0.7135661485609532,1.0189428708166746,1.0189428708166746,3.525898649844345e-05,4.304312006459251,6.8753529975104435,nan,1.0204738106254092,nan
6.55,249.69342041015625,-150.3037567138672,-9.502957344055176,249.215678518762,-149.77330809637655,-9.514621515496696,0.7139671585487019,1.0188560460217626,1.0188560460217626,3.594402160290636e-05,4.285314411164504,5.761773834702463,17.1884202364929,nan,nan
6.5600000000000005,249.68768310546875,-150.3094940185547,-9.50491714477539,249.2101045470443,-149.77882022945704,-9.51633728768,0.7140212668863559,1.01891357541463,1.01891357541463,3.522940928419034e-05,4.202245815515765,5.604681787949164,nan,0.08356676400187875,nan
6.57,249.68191528320312,-150.3152618408203,-9.50683879852295,249.20449615297966,-149.7843665869613,-9.518357606580382,0.7140808633568109,1.0189712219984284,1.0189712219984284,3.593580788033083e-05,4.192508575457395,5.564595062891755,nan,nan,nan
6.58,249.6761016845703,-150.32107543945312,-9.508721351623535,249.19885381295225,-149.78994703112065,-9.520211160560319,0.7141392951036687,1.0190289859176582,1.0190289859176582,3.5221946415778436e-05,4.248451344950767,5.755144495179703,nan,0.011605892186723804,nan
6.59,249.67025756835938,-150.32691955566406,-9.510566711425781,249.1931778805249,-149.79556123540442,-9.52215542710367,0.7141995459144815,1.01908686731682,1.01908686731682,3.5928482509168903e-05,4.238330673057449,5.712920910415185,nan,nan,nan
6.6000000000000005,249.6643829345703,-150.33279418945312,-9.512374877929688,249.21045749400173,-149.78929303597087,-9.525705093789956,0.7082510177096841,1.0190000482702821,1.0190000482702821,3.5194100204219605e-05,5.541081891816465,7.451544940596605,4.675832486745112,1.807779592549593,nan
6.61,249.65847778320312,-150.3386993408203,-9.51414680480957,249.20476218098793,-149.79494903590967,-9.527594234018075,0.7083100134377862,1.0190575769474746,1.0190575769474746,3.58999169775956e-05,5.529295567175806,7.409209991183373,nan,nan,nan
6.62,249.6525421142578,-150.34463500976562,-9.515884399414062,249.1990345609245,-149.80063734556245,-9.52905509228134,0.7083615085106473,1.0191152223463311,1.0191152223463311,3.518826643328876e-05,5.421881471848202,7.294461851591995,nan,0.10824881511547331,nan
6.63,249.6465606689453,-150.35061645507812,-9.517586708068848,249.19327483816446,-149.80635752194297,-9.53087165261721,0.7084224166666105,1.0191729846113522,1.0191729846113522,3.5894260737554505e-05,5.4091830998410675,7.4881689886539355,nan,nan,nan
6.640000000000001,249.64056396484375,-150.3566131591797,-9.519254684448242,249.1874833963576,-149.81210915750452,-9.531349674837099,0.7084581132095964,1.019230863887038,1.019230863887038,3.518321382600948e-05,4.650213700439241,6.486818310957999,nan,1.1896538645580623,nan
6.65,249.63453674316406,-150.36264038085938,-9.520889282226562,249.15344208840054,-149.81548290420108,-9.532951271732601,0.728682964461195,1.0191440505133487,1.0191440505133487,3.586733839454904e-05,4.57724298733332,6.142167077154045,6.371832106324052,nan,nan
6.66,249.6284637451172,-150.36871337890625,-9.522492408752441,249.14753172285896,-149.82129188189435,-9.537176304561594,0.7288220099724421,1.0192015784792032,1.0192015784792032,3.51577076640417e-05,6.653808297307309,8.442092881481859,nan,4.452689947893111,nan
6.67,249.62237548828125,-150.3748016357422,-9.524062156677246,249.14159101594402,-149.82713136522543,-9.538872360347789,0.7289141075471498,1.019259222706886,1.019259222706886,3.5863225983533216e-05,6.637134887183304,8.203579859599747,nan,nan,nan
6.68,249.6162567138672,-150.3809356689453,-9.525601387023926,249.1356203172831,-149.83300094996906,-9.54210879924836,0.7290516419563622,1.019316983340897,1.019316983340897,3.5154113616451346e-05,8.272606460627198,9.989432037086626,nan,1.7273776845101148,nan
6.69,249.61009216308594,-150.3870849609375,-9.52711009979248,249.1296200526516,-149.83890025292249,-9.543759812010531,0.7291345115434285,1.0193748605257367,1.0193748605257367,3.585985323191596e-05,8.251713765869857,9.95216023600035,nan,nan,nan
6.7,249.60391235351562,-150.3932647705078,-9.52858829498291,249.10516573399659,-149.8783498151994,-9.546058761994257,0.7170709999013447,1.0192880527509385,1.0192880527509385,3.513003772339785e-05,9.192373376769677,10.247590765614824,10.394491720641007,0.4034411759201726,nan
6.71,249.5977020263672,-150.39947509765625,-9.530036926269531,249.09907054585378,-149.88437462040602,-9.547657622958784,0.7171278435357419,1.0193455800097502,1.0193455800097502,3.5835137783705884e-05,9.168579313273392,10.255842829108703,nan,nan,nan
6.72,249.59146118164062,-150.4057159423828,-9.53145694732666,249.09294681588378,-149.89042797987483,-9.549208955389975,0.7171843493564681,1.0194032230797592,1.0194032230797592,3.512778612683094e-05,9.475323020319156,10.600362833977092,nan,0.0002580101575601518,nan
6.73,249.58518981933594,-150.4119873046875,-9.532848358154297,249.0867946128733,-149.89650967762248,-9.550751651337768,0.7172415867309605,1.019460982105466,1.019460982105466,3.58331375224877e-05,9.44931449865261,10.600202698746399,nan,nan,nan
6.74,249.5789031982422,-150.41827392578125,-9.534211158752441,249.08061440151656,-149.9026190943284,-9.551401777959093,0.7172775944720792,1.0195188572313707,1.0195188572313707,3.512617764856555e-05,8.91737171987598,9.943503229211961,nan,0.5252315611227488,nan
6.75,249.57257080078125,-150.4246063232422,-9.535548210144043,249.07838279144283,-149.8980849603142,-9.552802081956857,0.7223186487180964,1.0194320549830278,1.0194320549830278,3.580976396467382e-05,8.824772884294092,10.26205138531687,1.189174454168991,nan,nan
6.76,249.56622314453125,-150.4309539794922,-9.536857604980469,249.07215586612384,-149.90422765814486,-9.55323174846434,0.7223650086817782,1.019489581539051,1.019489581539051,3.51040105033619e-05,8.149234975378556,9.449833537421574,nan,0.7350400894718141,nan
6.7700000000000005,249.55984497070312,-150.4373321533203,-9.538141250610352,249.06590203340556,-149.9103972121625,-9.554649004910004,0.722435162122622,1.0195472234646275,1.0195472234646275,3.580902043287045e-05,8.121619570915936,9.483238833591791,nan,nan,nan
6.78,249.55345153808594,-150.4437255859375,-9.539399147033691,249.05962155478846,-149.91659323805874,-9.55581785844713,0.7224999229537932,1.0196049809042576,1.0196049809042576,3.510358727625188e-05,8.191093106696034,9.44313401953723,nan,0.0350371571667992,nan
6.79,249.54702758789062,-150.4501495361328,-9.540632247924805,249.0533148253843,-149.92281536745003,-9.557183489623789,0.7225701079644644,1.0196628540024415,1.0196628540024415,3.5808878835639414e-05,8.161929327072775,9.477481720999778,nan,nan,nan
6.8,249.5405731201172,-150.45660400390625,-9.541840553283691,249.06406084027518,-149.951733037056,-9.558249871138043,0.6944263184247816,1.019576057209595,1.019576057209595,3.508257488401055e-05,8.147903056966099,9.489708922562608,7.3361497484060605,0.0038498581491232323,nan
6.8100000000000005,249.53408813476562,-150.4630889892578,-9.543025016784668,249.0577371882873,-149.9580515820838,-9.559563744242725,0.6944397283866859,1.0196335830670444,1.0196335830670444,3.578728359099897e-05,8.115896273800809,9.524043984624328,nan,nan,nan
6.82,249.527587890625,-150.46958923339844,-9.544185638427734,249.05138833950423,-149.96439539711324,-9.560261625058267,0.6944388108784878,1.019691223861177,1.019691223861177,3.50832313366311e-05,7.839085772314513,9.151313256404464,nan,0.24718235100465216,nan
6.83,249.52105712890625,-150.4761199951172,-9.545323371887207,249.0450146580277,-149.9707640937872,-9.561524236629888,0.6944519343393055,1.0197489797364936,1.0197489797364936,3.578824362665026e-05,7.806583624630879,9.192050325003782,nan,nan,nan
6.84,249.51449584960938,-150.48268127441406,-9.546438217163086,249.03861645802482,-149.97715729137212,-9.56112255177546,0.694428774208329,1.0198068508374938,1.0198068508374938,3.5084405216531064e-05,6.618680373425132,8.068832427096533,nan,1.8953841619181444,nan
6.8500000000000005,249.50791931152344,-150.4892578125,-9.547530174255371,249.05777391232556,-149.98432585456246,-9.562321010055099,0.6766135761195704,1.0197200594306177,1.0197200594306177,3.576771886870248e-05,6.5651142007881065,8.233041361534871,4.5243284578524605,nan,nan
6.86,249.50132751464844,-150.495849609375,-9.548601150512695,249.0513785328855,-149.99076861204938,-9.561987295018524,0.6765649184769128,1.0197775845936694,1.0197775845936694,3.5064912393544846e-05,5.558891216990402,7.15325528268954,nan,1.6154243882380703,nan
6.87,249.4947052001953,-150.50247192382812,-9.549650192260742,249.0449595813403,-149.9972349711897,-9.563133376894994,0.6765480738709772,1.0198352242691027,1.0198352242691027,3.576967691523457e-05,5.531049604553395,7.1860240818914045,nan,nan,nan
6.88,249.48805236816406,-150.50912475585938,-9.550678253173828,249.03851742684532,-150.00372470700722,-9.564777126866298,0.676542423714583,1.0198929786014177,1.0198929786014177,3.506702593600446e-05,6.1171100340245985,7.8515590253918175,nan,0.1884239889559569,nan
6.890000000000001,249.48138427734375,-150.5157928466797,-9.55168628692627,249.03205241727116,-150.01023745956067,-9.565888885123627,0.6765257450510722,1.0199508477351145,1.0199508477351145,3.5772113577279806e-05,6.087392634710368,7.7438363130223875,nan,nan,nan
6.9,249.4746856689453,-150.52249145507812,-9.552674293518066,249.01905055544728,-150.03687265544028,-9.566049766499969,0.6660389466777146,1.0198640616460748,1.0198640616460748,3.504844336823451e-05,5.539249389504538,7.036091740278442,3.1583958357242827,0.6664295506548656,nan
6.91,249.4679718017578,-150.52920532226562,-9.553642272949219,249.0125276557318,-150.04347009585015,-9.567114365058242,0.6659951783579655,1.0199215861188677,1.0199215861188677,3.57529865273155e-05,5.511130522556173,6.928941708327699,nan,nan,nan
6.92,249.46124267578125,-150.5359344482422,-9.554591178894043,249.00598278059962,-150.05008962920292,-9.56475871815697,0.6658904858929521,1.019979224688108,1.019979224688108,3.505140338626003e-05,3.383973268708249,4.7361674274596135,nan,8.146980149589135,nan
6.93,249.45448303222656,-150.54269409179688,-9.555521011352539,248.99941603180258,-150.05673101171112,-9.565752962993745,0.6658459152954976,1.020036977498296,1.020036977498296,3.575628526038429e-05,3.3624953608381363,4.788669596569375,nan,nan,nan
6.94,249.4477081298828,-150.5494842529297,-9.556431770324707,248.99282774832125,-150.06339394318638,-9.565476465036339,0.6657940802217779,1.0200948446939317,1.0200948446939317,3.505476997610204e-05,2.768146128101314,4.16492769703168,nan,1.1049904939608968,nan
6.95,249.44090270996094,-150.5562744140625,-9.55732536315918,248.98659486348305,-150.08090428816132,-9.566495021878634,0.6576142171605713,1.0200080638559461,1.0200080638559461,3.573799144528278e-05,2.7766434199899392,4.119056472543931,1.0460442800666816,nan,nan
6.96,249.43408203125,-150.56309509277344,-9.55820083618164,248.97996498281867,-150.0876308894604,-9.565837212949218,0.6575308483700365,1.020065587642583,1.020065587642583,3.5037366295604305e-05,2.088129571261134,3.3988752823212787,nan,1.7785401647411427,nan
6.97,249.42723083496094,-150.5699462890625,-9.55905818939209,248.97331431924323,-150.09437805210067,-9.56673572043411,0.657468094838976,1.0201232251179064,1.0201232251179064,3.574206204512522e-05,2.07284245802846,3.4456880173284583,nan,nan,nan
6.98,249.42037963867188,-150.57681274414062,-9.55989933013916,248.96664313771433,-150.10114563565955,-9.569371000172476,0.6574387598287507,1.0201809764264165,1.0201809764264165,3.5041458452656574e-05,2.983770227889649,4.203325053332504,nan,2.1643514216630817,nan
6.99,249.41348266601562,-150.5836944580078,-9.560723304748535,248.95995175117494,-150.10793336807612,-9.57025499617159,0.6573657722688381,1.0202388417126134,1.0202388417126134,3.574650411538336e-05,2.9650635426496397,4.334891298819804,nan,nan,nan
7.0,249.40658569335938,-150.59059143066406,-9.561530113220215,248.96148810973915,-150.09691662734542,-9.569745098854494,0.6647511988445245,1.0201520660602117,1.0201520660602117,3.50247542241683e-05,2.359907186219606,3.79756769320172,3.0405675209322274,1.1651259089859909,nan
7.01,249.399658203125,-150.59751892089844,-9.562321662902832,248.95477336456727,-150.10370866381928,-9.570583379190692,0.6647099709882069,1.02020958916476,1.02020958916476,3.5729279631277724e-05,2.343384675377685,3.9150424308196383,nan,nan,nan
7.0200000000000005,249.39273071289062,-150.60446166992188,-9.56309700012207,248.9480392468487,-150.11052012244724,-9.572720197178924,0.6646964406507232,1.0202672255582181,1.0202672255582181,3.502949186168733e-05,3.0766098410228464,4.474417438315682,nan,1.216530878718896,nan
7.03,249.38575744628906,-150.61141967773438,-9.563857078552246,248.9412859963074,-150.1173507887301,-9.573541553413273,0.6646448118988325,1.0203249753850863,1.0203249753850863,3.573437793445482e-05,3.0574779774828578,4.639495981836173,nan,nan,nan
7.04,249.3787841796875,-150.61839294433594,-9.564602851867676,248.93451371278485,-150.1242003564334,-9.573167816433457,0.6645870299048339,1.020382838789865,1.020382838789865,3.5034541096801436e-05,2.5266753259438515,3.963806394312895,nan,0.9823147642071728,nan
7.05,249.3717803955078,-150.62539672851562,-9.565332412719727,248.92450268670186,-150.13750974091195,-9.574023572470228,0.6619415364860411,1.0202960682588527,1.0202960682588527,3.5717784979615235e-05,2.5441844195334076,3.966452034801648,0.6111326869757229,nan,nan
7.0600000000000005,249.36477661132812,-150.6324005126953,-9.566047668457031,248.9176869192672,-150.1444089951073,-9.574792526995068,0.6618922771386783,1.0203535906853451,1.0203535906853451,3.643645722304192e-05,2.5280795370139972,3.755590020269913,nan,nan,nan
7.07,249.3577423095703,-150.63943481445312,-9.566749572753906,248.9108528326221,-150.15132622854534,-9.575548030140133,0.661844097273903,1.0204112260087719,1.0204112260087719,3.7169578779276434e-05,2.511893533810867,3.8743256261963994,nan,nan,nan
7.08,249.35067749023438,-150.64649963378906,-9.567436218261719,248.90400074817572,-150.15826134158345,-9.574512106167978,0.6617754982330837,1.020468974373633,1.020468974373633,3.63844071823492e-05,1.8052024310544903,3.2677601599737898,nan,2.063165366762928,nan
7.09,249.34361267089844,-150.653564453125,-9.568110466003418,248.8971308936267,-150.16521420138824,-9.575223956127612,0.6617269433450926,1.0205268359244288,1.0205268359244288,3.7116183778006995e-05,1.7923590465656916,3.0781461687302176,nan,nan,nan
7.1000000000000005,249.33653259277344,-150.66064453125,-9.568770408630371,248.8646477648797,-150.20045175454774,-9.575618897642237,0.6591658246048481,1.0204400704518513,1.0204400704518513,3.6311310539257996e-05,1.7174085087680826,2.528688636447438,10.051815777968978,0.06515813226341882,nan
7.11,249.3294219970703,-150.66775512695312,-9.569416999816895,248.85769305832977,-150.20749470343932,-9.576302802752725,0.6591018611568712,1.0204975922042876,1.0204975922042876,3.704089709707948e-05,1.7056953953973095,2.595258321602545,nan,nan,nan
7.12,249.3223114013672,-150.6748809814453,-9.570051193237305,248.85072139073205,-150.2145547005572,-9.57562590618702,0.6590360387957676,1.0205552264693047,1.0205552264693047,3.626260441635602e-05,1.2825604153638042,2.071835175742048,nan,1.1948970659763802,nan
7.13,249.31517028808594,-150.6820068359375,-9.570672988891602,248.8437328146258,-150.22163152710687,-9.576272602347302,0.6589613585288779,1.0206129733914033,1.0206129733914033,3.6991001273370175e-05,1.2730860736408447,2.1040676169374937,nan,nan,nan
7.140000000000001,249.30801391601562,-150.6891632080078,-9.571281433105469,248.8367275652765,-150.22872496098728,-9.575658280200422,0.6588879726500037,1.020670833115083,1.020670833115083,3.62155389236331e-05,0.9542884824240656,1.7587139531034321,nan,1.0283366652845407,nan
7.15,249.30084228515625,-150.6963348388672,-9.571878433227539,248.80559124195426,-150.2250354457018,-9.576232065499692,0.6836780440417037,1.0205840726391895,1.0205840726391895,3.69194235030176e-05,0.971361214431193,1.5945985980114188,4.884748041106999,nan,nan
7.16,249.2936553955078,-150.70352172851562,-9.572463035583496,248.79850648103695,-150.23214021625344,-9.575915430310022,0.6836555394594579,1.0206415937215363,1.0206415937215363,3.6147693097583996e-05,0.7876521603729743,1.3772918825197304,nan,0.5553095124899845,nan
7.17,249.2864532470703,-150.71072387695312,-9.573036193847656,248.7914058593639,-150.23926108608373,-9.576495411360563,0.6836380953656055,1.02069922693956,1.02069922693956,3.687300557169885e-05,0.7823957791856322,1.3571825488365112,nan,nan,nan
7.18,249.27923583984375,-150.7179412841797,-9.573598861694336,248.78428948789733,-150.2463977319105,-9.57758779089808,0.6836235254494382,1.020756972437761,1.020756972437761,3.610395694228405e-05,0.8985372323957563,1.4718330923861083,nan,0.18131139740975277,nan
7.19,249.27200317382812,-150.7251739501953,-9.574149131774902,248.77715754975165,-150.25354973301577,-9.578151975032835,0.6836063316353914,1.020814830360639,1.020814830360639,3.6828286462511664e-05,0.8928396363422939,1.4288642323684997,nan,nan,nan
7.2,249.26475524902344,-150.732421875,-9.574688911437988,248.75820250902052,-150.27663204860744,-9.577292676000909,0.6814299845452375,1.0207280748208503,1.0207280748208503,3.6039601454429e-05,0.6430256303547071,1.03535909871729,3.0231662611764336,1.496137964948558,nan
7.21,249.2574920654297,-150.73968505859375,-9.575217247009277,248.75101726468588,-150.28384507685965,-9.577823557568857,0.6814056101842377,1.0207855952370428,1.0207855952370428,3.676210693658369e-05,0.6396311451359522,1.0066475693065822,nan,nan,nan
7.22,249.25021362304688,-150.74696350097656,-9.575736045837402,248.74381710254474,-150.29107284058483,-9.57700382167144,0.6813775293217734,1.0208432274192887,1.0208432274192887,3.599914668904934e-05,0.4994413943804524,0.8634897140532114,nan,1.1991362692334167,nan
7.23,249.242919921875,-150.75425720214844,-9.576244354248047,248.73660206603913,-150.29831530084098,-9.577502611421666,0.681353338376799,1.020900971512088,1.020900971512088,3.672080298106419e-05,0.4978511851493288,0.8450967181106162,nan,nan,nan
7.24,249.23561096191406,-150.76156616210938,-9.576742172241211,248.7293722358872,-150.30557237457057,-9.578060675573042,0.6813293773603973,1.0209588276599408,1.0209588276599408,3.596029061063297e-05,0.5030220860801052,0.8308083546797007,nan,0.003133796209366521,nan
7.25,249.22828674316406,-150.76889038085938,-9.577229499816895,248.7575657939643,-150.293935958368,-9.578614712477254,0.6687016033132933,1.0208720769968171,1.0208720769968171,3.665817348229818e-05,0.49036099728449023,1.1528045599615704,11.377719433237015,nan,nan
7.26,249.22096252441406,-150.77622985839844,-9.57770824432373,248.7503758644791,-150.30118485930598,-9.579605254879922,0.6686726810035988,1.02092959675076,1.02092959675076,3.590097463927892e-05,0.538191567559622,1.1298296987122654,nan,0.17875086573780974,nan
7.2700000000000005,249.21360778808594,-150.7835693359375,-9.578176498413086,248.74317204992133,-150.30844751151233,-9.580075990918735,0.6686210734484563,1.0209872279082486,1.0209872279082486,3.662020855951452e-05,0.5363878372300788,1.1619630991755363,nan,nan,nan
7.28,249.20623779296875,-150.7909393310547,-9.578636169433594,248.73595444887997,-150.31572390487887,-9.579689913778909,0.6685785184852587,1.0210449706137839,1.0210449706137839,3.5865305129701206e-05,0.468742640597825,1.1403365068444369,nan,0.48352884704398513,nan
7.29,249.19886779785156,-150.79830932617188,-9.579086303710938,248.72872339754164,-150.3230140749769,-9.58013541658603,0.6685375334183539,1.0211028250118659,1.0211028250118659,3.658386494404065e-05,0.46778986561837843,1.019522985085715,nan,nan,nan
7.3,249.1914825439453,-150.8057098388672,-9.579527854919434,248.66615740640464,-150.3628724183791,-9.580622895791533,0.687075454539874,1.021016079167075,1.021016079167075,3.580927398063218e-05,0.4958407444168891,0.6307448673450873,28.502562415867164,0.003988579621540176,nan
7.3100000000000005,249.18406677246094,-150.8131103515625,-9.579959869384766,248.65879313145214,-150.37025218067,-9.581052548292794,0.687049453396243,1.0210735982626418,1.0210735982626418,3.6526318928892026e-05,0.49498088087861114,0.6415367532245003,nan,nan,nan
7.32,249.17665100097656,-150.82052612304688,-9.58038330078125,248.65141590121405,-150.37764501496434,-9.581798521160895,0.6870353620940257,1.0211312284062048,1.0211312284062048,3.5776699527674336e-05,0.5182296546501822,0.6279931454057102,nan,0.07083193271727375,nan
7.33,249.16921997070312,-150.8279571533203,-9.580799102783203,248.64402586707348,-150.38505072962496,-9.582216451872748,0.6870203457805237,1.0211889697422647,1.0211889697422647,3.6493183063699e-05,0.5172494222674032,0.630351696586536,nan,nan,nan
7.34,249.1617889404297,-150.83538818359375,-9.581206321716309,248.63662302807603,-150.39246914909162,-9.58168094646609,0.687005627263123,1.0212468224153215,1.0212468224153215,3.5745625004806574e-05,0.4684591283132967,0.5518645500692507,nan,0.6053272614300079,nan
7.3500000000000005,249.15432739257812,-150.8428497314453,-9.581604957580566,248.6400263318675,-150.37364896602313,-9.582259863368943,0.6961719386921905,1.0211600813316086,1.0211600813316086,3.6438922330836705e-05,0.48638253320956815,0.6950145628075002,7.082600383159609,nan,nan
7.36,249.14686584472656,-150.85031127929688,-9.581995964050293,248.6326193090805,-150.38104183798862,-9.58432343176472,0.6961815316968021,1.021217599772644,1.021217599772644,3.569426637534303e-05,0.6263576084816803,0.7737525697736053,nan,1.8990304035077237,nan
7.37,249.13938903808594,-150.8577880859375,-9.582379341125488,248.62520011505413,-150.3884468561506,-9.584723746225993,0.696187427911306,1.0212752289129283,1.0212752289129283,3.64088817728692e-05,0.6255333920304721,0.7815975700248029,nan,nan,nan
7.38,249.13189697265625,-150.8652801513672,-9.582754135131836,248.61776920096196,-150.39586400129704,-9.586115852966755,0.6961969467907884,1.0213329688969617,1.0213329688969617,3.566613855651952e-05,0.7914144908160743,0.953415991425169,nan,0.6771588118672217,nan
7.390000000000001,249.1243896484375,-150.87278747558594,-9.583122253417969,248.61032653693837,-150.40329315454423,-9.58651302951436,0.6962020521781831,1.0213908198692443,1.0213908198692443,3.638033724329226e-05,0.7905674293852676,0.9691611540742575,nan,nan,nan
7.4,249.11688232421875,-150.8802947998047,-9.583483695983887,248.61487054219685,-150.43379519476798,-9.586547246684773,0.6718534899288914,1.021304083490403,1.021304083490403,3.561777757722001e-05,0.7054637710887529,0.8549532910752334,4.803901932737234,0.06156660418008319,nan
7.41,249.10935974121094,-150.8878173828125,-9.583836555480957,248.60742754635913,-150.44129184809856,-9.586927821763034,0.6718113852172705,1.0213616012807232,1.0213616012807232,3.633071671294883e-05,0.7049077948440099,0.8580251926849713,nan,nan,nan
7.42,249.10182189941406,-150.89535522460938,-9.584183692932129,248.59997297381375,-150.4487999805938,-9.588211324817905,0.6717738845047506,1.0214192294281959,1.0214192294281959,3.559247735553852e-05,0.8975662652370987,1.066855523926454,nan,0.5639111872357964,nan
7.43,249.09426879882812,-150.9029083251953,-9.58452320098877,248.5925069904203,-150.45631945101005,-9.588588638236384,0.6717313917800514,1.0214769680773212,1.0214769680773212,3.6305092720222334e-05,0.8969666094783225,1.0775989752651052,nan,nan,nan
7.44,249.0867156982422,-150.91046142578125,-9.584856033325195,248.5850297504941,-150.46384996038458,-9.587609683991325,0.6716830902915816,1.0215348173725995,1.0215348173725995,3.5568541692473154e-05,0.6548224934107069,0.7928657139206227,nan,1.2459477719237773,nan
7.45,249.07913208007812,-150.9180450439453,-9.585182189941406,248.58374964608132,-150.4479712313494,-9.588034975198433,0.6829211400921562,1.0214480856434447,1.0214480856434447,3.625842776736505e-05,0.6810353239312417,1.01778718041057,4.29425988825794,nan,nan
7.46,249.07156372070312,-150.9256134033203,-9.585501670837402,248.57626247328346,-150.45547866600006,-9.589022786948755,0.6829073108331198,1.0215056027868374,1.0215056027868374,3.5524389671871214e-05,0.805538944853275,0.9889381108022021,nan,0.28010422071404617,nan
7.47,249.06396484375,-150.93321228027344,-9.585814476013184,248.56876475695518,-150.4629967759983,-9.589372106298457,0.6828897445089979,1.021563229951791,1.021563229951791,3.623559042400501e-05,0.8057726158413626,1.1002429995384253,nan,nan,nan
7.48,249.05636596679688,-150.94081115722656,-9.586121559143066,248.56125660967842,-150.47052546335559,-9.58954554110061,0.6828716080043147,1.0216209672828054,1.0216209672828054,3.550310127116716e-05,0.7866482616001116,1.0184970443375476,nan,0.019946857590567524,nan
7.49,249.0487518310547,-150.94842529296875,-9.58642292022705,248.55373800413645,-150.4780645367224,-9.589882733127288,0.6828542305369305,1.021678814924381,1.021678814924381,3.621409492519046e-05,0.7869267804872919,1.0460539859551656,nan,nan,nan
7.5,249.04112243652344,-150.9560546875,-9.58671760559082,248.56869734686595,-150.50382519036737,-9.591549189684917,0.6540033085692938,1.0215920877907203,1.0215920877907203,3.546161313363416e-05,1.0769523614578045,1.5176277848038104,5.865869647675049,1.3035236299225836,nan
7.51,249.0334930419922,-150.96368408203125,-9.587006568908691,248.5612014642695,-150.5114192163168,-9.591889101614223,0.6539317107107832,1.0216496042909462,1.0216496042909462,3.617155332649406e-05,1.0775988654721278,1.4560047911326928,nan,nan,nan
7.5200000000000005,249.02584838867188,-150.97132873535156,-9.587289810180664,248.5536957428859,-150.51902317899604,-9.591823021116392,0.6538570082473382,1.0217072304835026,1.0217072304835026,3.544283803122111e-05,0.9982324582240002,1.4093291961856853,nan,0.11076972191408438,nan
7.53,249.01820373535156,-150.97897338867188,-9.587567329406738,248.54618019994734,-150.52663700293596,-9.59214942977628,0.6537854537078109,1.02176496651289,1.02176496651289,3.615264617412525e-05,0.9990597711061779,1.3518376438955964,nan,nan,nan
7.54,249.0105438232422,-150.98663330078125,-9.587839126586914,248.53865486062293,-150.53426047915667,-9.593614344386921,0.6537229657332702,1.0218228125236086,1.0218228125236086,3.542527167780084e-05,1.3597011717774645,1.7441257600317017,nan,0.9005217104751057,nan
7.55,249.00286865234375,-150.9943084716797,-9.588106155395508,248.52961718782245,-150.51716331670187,-9.593890656409295,0.6720624286793142,1.0217360899322172,1.0217360899322172,3.611269782737382e-05,1.3685829383882875,1.8560413942305622,4.364647444796766,nan,nan
7.5600000000000005,248.9951934814453,-151.00198364257812,-9.588367462158203,248.52206964255612,-150.5247592750013,-9.592507580235543,0.6720166698170925,1.02179360579301,1.02179360579301,3.5387479313465076e-05,0.9263258452912526,1.3401325197796161,nan,2.0095788985579017,nan
7.57,248.9875030517578,-151.00967407226562,-9.588624000549316,248.51451270833928,-150.5323649910836,-9.59280945825596,0.6719831411592297,1.021851231023126,1.021851231023126,3.609623539129079e-05,0.9272033516987596,1.3846898080500236,nan,nan,nan
7.58,248.97979736328125,-151.0173797607422,-9.588874816894531,248.50694654652625,-150.53998015144847,-9.593271770686254,0.6719506046297641,1.0219089657670655,1.0219089657670655,3.537223095258593e-05,0.9883829085493707,1.4952919222586927,nan,0.018692220441536157,nan
7.59,248.9720916748047,-151.02508544921875,-9.589120864868164,248.49937135978917,-150.5476044006839,-9.593567111582052,0.6719169718411344,1.0219668101693284,1.0219668101693284,3.608094660844508e-05,0.9896587903608544,1.426253948312211,nan,nan,nan
7.6000000000000005,248.96437072753906,-151.03280639648438,-9.589362144470215,248.46971052583865,-150.55763504418314,-9.592244189467806,0.6859189714371821,1.0218800920679234,1.0218800920679234,3.5336749579607655e-05,0.6954608064674709,0.9827967276770817,3.4171809610757675,1.8362530076517172,nan
7.61,248.95664978027344,-151.04052734375,-9.589597702026367,248.46207568401303,-150.56528175793588,-9.592516096823937,0.6859084636857905,1.0219376072929909,1.0219376072929909,3.604457420205051e-05,0.6966541954020421,0.934426088501997,nan,nan,nan
7.62,248.94891357421875,-151.0482635498047,-9.589829444885254,248.45443202263675,-150.5729372758806,-9.590963345311598,0.6858923802373584,1.0219952315704612,1.0219952315704612,3.5323680300955814e-05,0.49672071257709,0.7728618545567603,nan,2.298155522960298,nan
7.63,248.941162109375,-151.05601501464844,-9.590056419372559,248.4467797584126,-150.580601389552,-9.591209894430694,0.685881443381565,1.022052965044835,1.022052965044835,3.603152381276893e-05,0.49720758244590946,0.8180614546139447,nan,nan,nan
7.640000000000001,248.93341064453125,-151.0637664794922,-9.590278625488281,248.43911894690956,-150.58827408822788,-9.5929290328999,0.6858748582266541,1.022110807860612,1.022110807860612,3.5311656167635e-05,0.6591741591190559,0.9299683914700665,nan,1.5112282066358909,nan
7.65,248.9256591796875,-151.07151794433594,-9.590497016906738,248.44231362529771,-150.6179876116383,-9.593184884437763,0.6628121244040815,1.0220240941978276,1.0220240941978276,3.599737464466576e-05,0.6305445796159483,0.8839308928644016,4.17145340740175,nan,nan
7.66,248.9178924560547,-151.0792999267578,-9.590710639953613,248.4346568287819,-150.62571878494646,-9.594467424035408,0.6627719344535175,1.022081608790852,1.022081608790852,3.527934408402649e-05,0.8298105476084326,1.1372922720015048,nan,0.7396557956897288,nan
7.67,248.9101104736328,-151.08706665039062,-9.590920448303223,248.42699191425055,-150.6334582272345,-9.594725139310594,0.6627055301198478,1.0221392321253144,1.0221392321253144,3.598641822244349e-05,0.8319057841707044,1.1532938995723034,nan,nan,nan
7.68,248.90232849121094,-151.0948486328125,-9.59112548828125,248.41931895252404,-150.64120578760108,-9.596013672772788,0.6626567284964875,1.0221969643457152,1.0221969643457152,3.526930180770589e-05,1.1070380881555748,1.4003168652087026,nan,0.7433133726882882,nan
7.69,248.89453125,-151.10264587402344,-9.591326713562012,248.41163801144737,-150.64896134273718,-9.596275262985253,0.6626009522402425,1.0222548055965546,1.0222548055965546,3.5976464702496436e-05,1.1101291730512277,1.4430013354219446,nan,nan,nan
7.7,248.88673400878906,-151.11044311523438,-9.591523170471191,248.43423089252877,-150.68177912827474,-9.597022558484333,0.6233314745862917,1.022168096321919,1.022168096321919,3.5238949587206844e-05,1.2383202082062006,1.854411425542895,10.703195640480523,0.18321097112684614,nan
7.71,248.87892150878906,-151.11825561523438,-9.591716766357422,248.42659147627458,-150.68959756843174,-9.59728239434352,0.6232023392270641,1.0222256102865575,1.0222256102865575,3.594534617229365e-05,1.241665227568228,1.8952949327640092,nan,nan,nan
7.72,248.87110900878906,-151.12606811523438,-9.591906547546387,248.4189444602993,-150.6974237990894,-9.597647828533994,0.6230743863951891,1.022283232687496,1.022283232687496,3.523075276568597e-05,1.315338961640912,1.927348548179695,nan,0.008215063018645016,nan
7.73,248.86328125,-151.13389587402344,-9.59209156036377,248.41129004732983,-150.70525767845723,-9.59790294627116,0.622945039466282,1.0223409636692353,1.0223409636692353,3.593728394147635e-05,1.3193012929138062,1.9837646857432316,nan,nan,nan
7.74,248.85545349121094,-151.1417236328125,-9.592273712158203,248.40362827679434,-150.71309907852194,-9.596871704796751,0.6228050854478446,1.0223988033762752,1.0223988033762752,3.522343925613659e-05,0.9795798042674496,1.598704958802504,nan,1.1486015688485973,nan
7.75,248.8476104736328,-151.14956665039062,-9.592452049255371,248.41374784758784,-150.7396503433501,-9.597068220559068,0.5968998794554164,1.0223120984401874,1.0223120984401874,3.5908029501968044e-05,0.9419263319596474,1.9076558781202382,4.679657624410377,nan,nan
7.76,248.8397674560547,-151.15740966796875,-9.592626571655273,248.4061049436935,-150.7475415429884,-9.597990607360652,0.596727598977449,1.0223696117800722,1.0223696117800722,3.519574368180689e-05,1.1657747009704564,2.096127738806848,nan,0.33124693952765977,nan
7.7700000000000005,248.83192443847656,-151.16526794433594,-9.59279727935791,248.39845493016304,-150.75543991758235,-9.598228748622205,0.5965604135447423,1.0224272332568218,1.0224272332568218,3.590171990653264e-05,1.1697606116716441,2.0317487573412762,nan,nan,nan
7.78,248.8240509033203,-151.17312622070312,-9.592965126037598,248.39079783596736,-150.76334531566582,-9.59948449739804,0.5963816837452935,1.022484963014936,1.022484963014936,3.519008610186919e-05,1.5555972715492155,2.6172758824180438,nan,0.7265970239012233,nan
7.79,248.81619262695312,-151.1809844970703,-9.593130111694336,248.38313390212045,-150.77125759913665,-9.599727864144139,0.5962042606199972,1.0225428011989153,1.0225428011989153,3.5896248365653344e-05,1.5602514947103665,2.4594465300571473,nan,nan,nan
7.8,248.80831909179688,-151.18885803222656,-9.593291282653809,248.36359010694503,-150.7743481691488,-9.598992090739143,0.607975982888249,1.0224561005526227,1.0224561005526227,3.5164016239853576e-05,1.2857026465575716,2.0559516631828236,1.151295865270304,0.6417359132755179,nan
7.8100000000000005,248.80044555664062,-151.1967315673828,-9.593448638916016,248.3558904868126,-150.78226508709977,-9.599220889494877,0.6078198682708209,1.022513613271363,1.022513613271363,3.586950517570065e-05,1.2901694522074427,2.031846454199259,nan,nan,nan
7.82,248.7925567626953,-151.20462036132812,-9.59360408782959,248.34818425776967,-150.7901886678483,-9.599274994857204,0.6076616746849843,1.022571233833112,1.022571233833112,3.5159886032372336e-05,1.2757263356464834,2.055281583118406,nan,0.02082849807447931,nan
7.83,248.78465270996094,-151.2125244140625,-9.593755722045898,248.34047163885478,-150.79811880956393,-9.599497812490679,0.6075045683544396,1.0226289623823706,1.0226289623823706,3.586559559307724e-05,1.2801729320340551,2.1160258050382232,nan,nan,nan
7.84,248.77676391601562,-151.2204132080078,-9.593904495239258,248.33275257054555,-150.80605542835391,-9.600952402498718,0.6073616035465126,1.0226867990636381,1.0226867990636381,3.51564859761979e-05,1.773567619633095,2.498468384899077,nan,1.0650375039551168,nan
7.8500000000000005,248.76885986328125,-151.2283172607422,-9.594050407409668,248.27769235799326,-150.798509012133,-9.601306675712289,0.6527122660506756,1.022600102659216,1.022600102659216,3.584038131115798e-05,1.8856752915255661,2.149888611860995,17.83576009236598,nan,nan
7.86,248.7609405517578,-151.23623657226562,-9.594192504882812,248.2698722998528,-150.8064292955698,-9.60216045207864,0.6526452415456833,1.022657614760397,1.022657614760397,3.513259320679222e-05,2.2235487229686792,2.5286809218277364,nan,0.27092864796492566,nan
7.87,248.75302124023438,-151.24415588378906,-9.594332695007324,248.26204611620204,-150.81435569980442,-9.602396999224236,0.652571684624989,1.0227152344161925,1.0227152344161925,3.583790534432328e-05,2.230970743625397,2.5092345230407718,nan,nan,nan
7.88,248.74510192871094,-151.2520751953125,-9.594470024108887,248.25421389651223,-150.8222881808328,-9.601983426246939,0.6524909111880296,1.0227729617711028,1.0227729617711028,3.513054537548912e-05,2.023107856762654,2.2833703179799603,nan,0.2945238138232275,nan
7.890000000000001,248.73716735839844,-151.260009765625,-9.5946044921875,248.24637575322618,-150.83022683247543,-9.602209858938556,0.6524167463651049,1.0228307969696284,1.0228307969696284,3.5836114393858786e-05,2.030149113437834,2.3204137155920135,nan,nan,nan
7.9,248.72923278808594,-151.2679443359375,-9.594736099243164,248.21359828063905,-150.86840504444214,-9.600405314388652,0.6523363631739195,1.022744104759958,1.022744104759958,3.5107971520129855e-05,1.3315095691720529,1.583692607287842,10.618063688801952,2.8853323668468103,nan
7.91,248.72129821777344,-151.27587890625,-9.594865798950195,248.20570186376844,-150.87641220537054,-9.60060830790172,0.6522623872214495,1.0228016162471418,1.0228016162471418,3.5812934137666236e-05,1.3367254545671805,1.5914681627466662,nan,nan,nan
7.92,248.71334838867188,-151.28382873535156,-9.594991683959961,248.1977996551549,-150.88442522202166,-9.601977983734288,0.6521981842015139,1.022859235005892,1.022859235005892,3.510715873936401e-05,1.8060773136249724,2.0648290673885406,nan,0.9577610386850016,nan
7.930000000000001,248.70538330078125,-151.2917938232422,-9.595115661621094,248.189891610019,-150.8924439666404,-9.602189487759468,0.6521211775652006,1.0229169611807085,1.0229169611807085,3.5812403675814606e-05,1.8129395125332912,2.0630485325266132,nan,nan,nan
7.94,248.6974334716797,-151.29974365234375,-9.595237731933594,248.18197772247902,-150.90046822991593,-9.601876918695963,0.6520426145121212,1.0229747949160917,1.0229747949160917,3.510693625624013e-05,1.6711260813700846,1.9313307992829192,nan,0.19161130513707483,nan
7.95,248.68946838378906,-151.30770874023438,-9.595356941223145,248.14623693072588,-150.8922686983695,-9.602209939705245,0.6839135936432553,1.022888106854841,1.022888106854841,3.579044960499211e-05,1.769407931251176,1.9039553407731065,7.936846829296873,nan,nan
7.96,248.68148803710938,-151.31568908691406,-9.595473289489746,248.13826006611393,-150.90027360078446,-9.60350961893803,0.6839087930266177,1.022945617731568,1.022945617731568,3.508610559888797e-05,2.297864955936647,2.4231921865959674,nan,0.8428433333324048,nan
7.97,248.67352294921875,-151.3236541748047,-9.595587730407715,248.13027784591418,-150.9082837693916,-9.603723319666754,0.6838961937092622,1.0230032356020453,1.0230032356020453,3.579106443426649e-05,2.306415450044567,2.4590616973744104,nan,nan,nan
7.98,248.66554260253906,-151.33163452148438,-9.59570026397705,248.12229043586967,-150.9162992719249,-9.602529963137897,0.6838661644709694,1.023060960610774,1.023060960610774,3.508696159718277e-05,1.7864906971152563,1.9163193242089396,nan,1.3882417997711751,nan
7.99,248.6575469970703,-151.33963012695312,-9.595809936523438,248.11429785972555,-150.9243200328448,-9.6027272356908,0.6838493609866562,1.0231187929022536,1.0231187929022536,3.5792226804844707e-05,1.7938912700613066,1.920248124372951,nan,nan,nan
8.0,248.64956665039062,-151.3476104736328,-9.595917701721191,248.10269454531164,-150.95707863023247,-9.602258580973391,0.6720300787709456,1.0230321089438574,1.0230321089438574,3.506717673132508e-05,1.5879810822922824,1.9017103201456855,4.569546993936179,0.38577310391621483,nan
8.01,248.64157104492188,-151.35562133789062,-9.596023559570312,248.0946847899638,-150.96515563799107,-9.602447890734805,0.6720039513954016,1.0230896192136447,1.0230896192136447,3.577188163383596e-05,1.5951134867172752,1.8150631031861417,nan,nan,nan
8.02,248.63356018066406,-151.36361694335938,-9.596126556396484,248.08666999299209,-150.97323757876305,-9.603883077242747,0.6719710479553127,1.0231472362044907,1.0231472362044907,3.506900746222755e-05,2.156848669576962,2.4560679444676663,nan,1.0936968515686702,nan
8.03,248.62554931640625,-151.3716278076172,-9.59622859954834,248.0786502031954,-150.98132442681862,-9.604082606168818,0.671935305303724,1.023204960060895,1.023204960060895,3.5774036936546866e-05,2.1655043363561046,2.4161498541187285,nan,nan,nan
8.040000000000001,248.61753845214844,-151.379638671875,-9.596327781677246,248.07062543476337,-150.9894161107441,-9.605892881079184,0.6719218607303789,1.0232627909273584,1.0232627909273584,3.507130468780266e-05,3.0498431893459736,3.3276051045328217,nan,1.8264066388684583,nan
8.05,248.60952758789062,-151.3876495361328,-9.59642505645752,248.05868339192904,-151.02839054826165,-9.606069194264338,0.6577152560073499,1.023176111027,1.023176111027,3.57546523819013e-05,3.0240226553073084,3.5899536365564737,6.762533396947124,nan,nan
8.06,248.60150146484375,-151.3956756591797,-9.59652042388916,248.05064171997444,-151.03654902558094,-9.606220805069716,0.6576568215053374,1.023233620693344,1.023233620693344,3.505288182429607e-05,3.1070409268501487,3.6071027179005606,nan,0.0025641470623018105,nan
8.07,248.59347534179688,-151.40370178222656,-9.596613883972168,248.0425953997764,-151.04471236726474,-9.606431149489161,0.6576005544989755,1.0232912368130702,1.0232912368130702,3.575770000326962e-05,3.117828749899192,3.642139333153554,nan,nan,nan
8.08,248.58544921875,-151.41172790527344,-9.59670639038086,248.03454448668433,-151.0528804254082,-9.605484226742282,0.6575291537484628,1.0233489595306786,1.0233489595306786,3.505601796221067e-05,2.620327340108741,3.16249929056905,nan,0.9411414696459347,nan
8.09,248.57740783691406,-151.41976928710938,-9.596796035766602,248.0264889548911,-151.06105320162754,-9.605681335082672,0.6574707545562519,1.0234067889906695,1.0234067889906695,3.5761175240472644e-05,2.629964839985431,3.1188688553321207,nan,nan,nan
8.1,248.56936645507812,-151.4278106689453,-9.596883773803711,248.0247972034059,-151.0409930741148,-9.603775154713341,0.6680052489824794,1.0233201131042622,1.0233201131042622,3.50384044647807e-05,1.7914177985562327,2.0641277138090643,5.9443348425933,2.943504457702761,nan
8.11,248.5613250732422,-151.43585205078125,-9.596970558166504,248.0167443734417,-151.04912265798959,-9.603949550489501,0.6679644213414716,1.0233776221706377,1.0233776221706377,3.574303134474314e-05,1.7986171572194984,2.0838846190713416,nan,nan,nan
8.120000000000001,248.55328369140625,-151.4438934326172,-9.597055435180664,248.0086869694094,-151.05725684709228,-9.604214646848368,0.6679256644176566,1.0234352374276305,1.0234352374276305,3.504229003041462e-05,1.8985005957496042,2.2039291429667633,nan,0.005876361412818319,nan
8.13,248.54522705078125,-151.4519500732422,-9.597138404846191,248.00062520758638,-151.06539557706176,-9.604388549758681,0.6678833062218289,1.0234929590197408,1.0234929590197408,3.5747268650585456e-05,1.9062286763411969,2.173781341830447,nan,nan,nan
8.14,248.53717041015625,-151.4600067138672,-9.597219467163086,247.99255908251428,-151.073538748671,-9.604497823266788,0.6678412691548775,1.0235507870914686,1.0235507870914686,3.504653555376703e-05,1.9472444399275193,2.23350311397058,nan,0.0028797576764162587,nan
8.15,248.52911376953125,-151.4680633544922,-9.597298622131348,247.93446822683617,-151.10288727340597,-9.604670885970702,0.6978619074850894,1.023464115175638,1.023464115175638,3.572985860826214e-05,1.9969372276997535,2.6481259770396894,20.410698156727637,nan,nan
8.16,248.5210418701172,-151.47613525390625,-9.597376823425293,247.92630125386728,-151.11107807706995,-9.604674455993685,0.697879931233242,1.0235216236454991,1.0235216236454991,3.502995816878294e-05,1.9960744975646127,2.5447369543794065,nan,0.01984281155475551,nan
8.17,248.51296997070312,-151.4842071533203,-9.597453117370605,247.91813015492366,-151.119273112283,-9.604843504811205,0.6979010521348251,1.0235792380480222,1.0235792380480222,3.57347722916984e-05,2.0042148401892987,2.591163547347901,nan,nan,nan
8.18,248.50489807128906,-151.49227905273438,-9.597528457641602,247.9099549806544,-151.12747226749872,-9.605793216957146,0.6979323591111495,1.0236369585277074,1.0236369585277074,3.503483861337765e-05,2.4254612944428446,3.040873977126425,nan,0.43005684794200605,nan
8.19,248.496826171875,-151.5003662109375,-9.597601890563965,247.90177583150336,-151.13567553947183,-9.60596899437784,0.6979643270660174,1.0236947852290552,1.0236947852290552,3.574001180095146e-05,2.4346349114879198,3.0101089040270383,nan,nan,nan
8.2,248.48873901367188,-151.50843811035156,-9.597674369812012,247.89504656336845,-151.13838883312002,-9.60616946497764,0.6996280152829377,1.023608117241122,1.023608117241122,3.5018871296390176e-05,2.5389126028943036,3.11763476758733,0.28752193659679653,0.00012280554569720175,nan
8.21,248.48065185546875,-151.5165252685547,-9.597744941711426,247.88686240444082,-151.14658973457998,-9.606344997917247,0.6996514649566236,1.0236656251179022,1.0236656251179022,3.572353180780041e-05,2.548494197890366,3.08431190298264,nan,nan,nan
8.22,248.47256469726562,-151.5246124267578,-9.597813606262207,247.8786745966405,-151.15479428291886,-9.606886088463835,0.699680799412347,1.023723238674099,1.023723238674099,3.502431135095128e-05,2.828208153455365,3.395451398215452,nan,0.09447223161924667,nan
8.23,248.46446228027344,-151.53271484375,-9.597881317138672,247.87048310289904,-151.16300228111797,-9.607064192261006,0.6997020561051805,1.0237809580542134,1.0237809580542134,3.572933944371275e-05,2.8382389704918065,3.304573838072378,nan,nan,nan
8.24,248.4563751220703,-151.54080200195312,-9.59794807434082,247.86228790183264,-151.17121377263987,-9.606391113708854,0.699718778803595,1.023838783402745,1.023838783402745,3.50300221217861e-05,2.5131031618998896,3.125092793926887,nan,0.5100328861374983,nan
8.25,248.44827270507812,-151.5489044189453,-9.598012924194336,247.85097465183998,-151.20130191545937,-9.606628169791307,0.6911343482192694,1.0237521193007086,1.0237521193007086,3.5713404669766184e-05,2.5447918775127407,3.312836998851554,3.588609269274926,nan,nan
8.26,248.44017028808594,-151.5570068359375,-9.598076820373535,247.84276643264946,-151.20956073995754,-9.604522281943252,0.6911235056608456,1.0238096265878212,1.0238096265878212,3.5014819536554776e-05,1.6529712373594827,2.454653562932486,nan,3.653369915434106,nan
8.27,248.4320526123047,-151.56512451171875,-9.598139762878418,247.83455460426768,-151.2178232701137,-9.604669042353141,0.6911328768905816,1.0238672393057189,1.0238672393057189,3.5719709174956106e-05,1.6599887272441833,2.346361145155892,nan,nan,nan
8.28,248.4239501953125,-151.57322692871094,-9.598200798034668,247.82633923347439,-151.22608939070878,-9.604080250193283,0.6911424599581202,1.023924957598902,1.023924957598902,3.502099608048866e-05,1.4535465580619196,2.3297296692179987,nan,0.381140647304641,nan
8.290000000000001,248.41583251953125,-151.5813446044922,-9.598260879516602,247.81812028776773,-151.23435897932038,-9.604218929466821,0.6911544215548462,1.023982781611871,1.023982781611871,3.572625537828643e-05,1.4600926935830165,2.215591565552481,nan,nan,nan
8.3,248.40771484375,-151.58946228027344,-9.598320007324219,247.83964967366387,-151.2493398874594,-9.603719630485186,0.6621256946296602,1.0238961213543938,1.0238961213543938,3.500623989061543e-05,1.2610282433574325,1.9984014841242255,6.526870761011553,0.24690317917970855,nan
8.31,248.3995819091797,-151.59759521484375,-9.598377227783203,247.83147831455267,-151.25762820822155,-9.603850928386715,0.6620794674494125,1.0239536280552322,1.0239536280552322,3.5710995404034916e-05,1.2670619851132843,1.9172607915837503,nan,nan,nan
8.32,248.39146423339844,-151.605712890625,-9.598434448242188,247.8233037065374,-151.2659198859614,-9.603497439483956,0.6620357272697982,1.0240112399427428,1.0240112399427428,3.501282030140772e-05,1.16011752675367,1.9503480608355184,nan,0.16560490127492214,nan
8.33,248.38333129882812,-151.6138458251953,-9.598489761352539,247.81512595358325,-151.27421508291596,-9.60362345538061,0.6619914729665698,1.024068957161426,1.024068957161426,3.5717951055782214e-05,1.1657661546428977,1.8694282904112873,nan,nan,nan
8.34,248.3751983642578,-151.62197875976562,-9.598544120788574,247.8069450836135,-151.28251375898358,-9.603613903909244,0.6619471130081821,1.0241267798557818,1.0241267798557818,3.501959864158592e-05,1.161778106971293,1.8884077823240562,nan,0.012910266742903288,nan
8.35,248.3670654296875,-151.63011169433594,-9.598597526550293,247.81047998610757,-151.2590982995492,-9.603733279587617,0.6689280014138332,1.024040123402173,1.024040123402173,3.570308343786208e-05,1.175692920742042,1.5787409210122854,7.908647517144247,nan,nan
8.36,248.3589324951172,-151.63824462890625,-9.598649024963379,247.8023141342812,-151.26734527898853,-9.604109546191864,0.6688947186824038,1.0240976295201114,1.0240976295201114,3.5005387054240087e-05,1.2886544923408272,1.7175474743236727,nan,0.044947646685304245,nan
8.370000000000001,248.3507843017578,-151.64639282226562,-9.598700523376465,247.79414513226388,-151.2755953477284,-9.604235731867766,0.6688561659064857,1.0241552405850356,1.0241552405850356,3.57103906450143e-05,1.294759728802656,1.6506352716303472,nan,nan,nan
8.38,248.34263610839844,-151.654541015625,-9.598751068115234,247.7859729265446,-151.28384850142362,-9.604839929446905,0.6688227809733374,1.0242129567414457,1.0242129567414457,3.5012494598806636e-05,1.4955985020208828,1.8671083589472386,nan,0.16131626808167687,nan
8.39,248.33448791503906,-151.66268920898438,-9.598799705505371,247.777797508004,-151.29210469702494,-9.604970643559701,0.6687863412671851,1.024270778133842,1.024270778133842,3.571787186199011e-05,1.5027857962832902,1.899589468770373,nan,nan,nan
8.4,248.3263397216797,-151.67083740234375,-9.598848342895508,247.80171186705064,-151.3175246741856,-9.605002872018156,0.6325362819316828,1.024184125444043,1.024184125444043,3.4998598518089507e-05,1.4728959697614938,2.061925309552317,9.562715091579543,3.975703157581417e-06,nan
8.41,248.3181915283203,-151.67898559570312,-9.598895072937012,247.79358867534256,-151.3258183743039,-9.605131497135558,0.632435081735686,1.0242416309824365,1.0242416309824365,3.5703474787002045e-05,1.4798029968726452,2.0941360554067177,nan,nan,nan
8.42,248.31002807617188,-151.68714904785156,-9.598941802978516,247.7854624793608,-151.3341148132591,-9.603592507833874,0.6323162699216983,1.0242992412324656,1.0242992412324656,3.500598554344878e-05,1.0081851632480634,1.5614281666658532,nan,1.9633065585332705,nan
8.43,248.30186462402344,-151.6953125,-9.598986625671387,247.7773332494244,-151.34241391054334,-9.603704744414992,0.6322126525337272,1.0243569563386303,1.0243569563386303,3.5711239087636846e-05,1.0135185104600262,1.5904560415805538,nan,nan,nan
8.44,248.293701171875,-151.70347595214844,-9.599031448364258,247.76920108858437,-151.35071584249627,-9.604245121195328,0.6321132926288441,1.0244147764454312,1.0244147764454312,3.501351273482689e-05,1.1663576602538601,1.750715109582623,nan,0.1292015005899692,nan
8.45,248.28553771972656,-151.71163940429688,-9.599074363708496,247.76219352729015,-151.34927513945482,-9.60441458308003,0.6365732653311639,1.02432812748,1.02432812748,3.569711381273718e-05,1.1944599604701303,1.7226449790133103,0.7904789361513239,nan,nan
8.46,248.27737426757812,-151.7198028564453,-9.599117279052734,247.75405776470396,-151.35756499067574,-9.60413013541653,0.6364758929501306,1.0243856324421847,1.0243856324421847,3.4999987491871275e-05,1.113397476822925,1.6411412608317673,nan,0.1144763477663571,nan
8.47,248.2692108154297,-151.7279815673828,-9.599159240722656,247.74591916230327,-151.3658576197269,-9.604244366442295,0.6363912053142012,1.0244432418849034,1.0244432418849034,3.5705115232804945e-05,1.1195294249898253,1.5835214752665872,nan,nan,nan
8.48,248.2610321044922,-151.73614501953125,-9.599200248718262,247.73777785823506,-151.37415296034507,-9.602856097575685,0.6362755868103299,1.0245009559526561,1.0245009559526561,3.500773664105875e-05,0.7769310115931163,1.361209176881935,nan,1.593798460205064,nan
8.49,248.2528533935547,-151.74432373046875,-9.59924030303955,247.72963400577538,-151.38245087714557,-9.602955772428373,0.6361794514389706,1.024558774789943,1.024558774789943,3.571323771023354e-05,0.7815528399925994,1.2999667430645867,nan,nan,nan
8.5,248.2446746826172,-151.75250244140625,-9.599279403686523,247.73766208845197,-151.4058176670039,-9.601334116100647,0.614211954692886,1.0244721295100416,1.0244721295100416,3.499442513103376e-05,0.48888377986368353,1.2346849856273383,3.7683538702826342,1.8704383175027999,nan
8.51,248.2364959716797,-151.76068115234375,-9.599318504333496,247.7295422248498,-151.41414768992038,-9.60141628796042,0.6140781242644335,1.0245296338993355,1.0245296338993355,3.569942404646835e-05,0.49132997328119643,1.2427766906619262,nan,nan,nan
8.52,248.2283172607422,-151.7688751220703,-9.599356651306152,247.72141965298164,-151.4224803045323,-9.60135294328134,0.6139532063213133,1.024587242542224,1.024587242542224,3.50023572105273e-05,0.48174383889977224,1.159645038687372,nan,0.015017570419124954,nan
8.53,248.22012329101562,-151.7770538330078,-9.599392890930176,247.7132944156202,-151.43081546542342,-9.60143418140918,0.613808343857362,1.0246449555832076,1.0246449555832076,3.5707731823278364e-05,0.4843883819412008,1.3272746913630025,nan,nan,nan
8.540000000000001,248.21192932128906,-151.78524780273438,-9.5994291305542,247.70516666910137,-151.43915315306845,-9.600855419836801,0.6136708616846659,1.0247027731667864,1.0247027731667864,3.501038493428447e-05,0.4256169912505247,1.1791163891050136,nan,0.3075474786952376,nan
8.55,248.2037353515625,-151.79344177246094,-9.599465370178223,247.69182869374455,-151.45971647499186,-9.600787722820455,0.6110832587345777,1.024616131534166,1.024616131534166,3.5694097622776346e-05,0.4134386138370947,1.2727815238510685,2.145598584090016,nan,nan
8.56,248.19554138183594,-151.8016357421875,-9.599499702453613,247.68368684196074,-151.468081235935,-9.602073576072616,0.610950328142655,1.024673635353868,1.024673635353868,3.4997311050160344e-05,0.5535611832077724,1.4463547454114023,nan,1.0400502835752492,nan
8.57,248.18734741210938,-151.80982971191406,-9.599534034729004,247.6755425777231,-151.47644824957243,-9.602158270850303,0.6108144354461812,1.0247312432043048,1.0247312432043048,3.570255503972838e-05,0.5569717409260737,1.4546793012022345,nan,nan,nan
8.58,248.1791534423828,-151.81802368164062,-9.599567413330078,247.66739588056615,-151.48481756636713,-9.60194529957024,0.6106781244445922,1.0247889552299765,1.0247889552299765,3.500547900509375e-05,0.5254287525982064,1.447959267613681,nan,0.0627195953085941,nan
8.59,248.17095947265625,-151.82623291015625,-9.599600791931152,247.65924675601704,-151.49318931138168,-9.602027891869888,0.6105520730200714,1.0248467715753833,1.0248467715753833,3.571109333815567e-05,0.5286879566171077,1.352869993559397,nan,nan,nan
8.6,248.16275024414062,-151.8344268798828,-9.59963321685791,247.62016707818745,-151.50817649842372,-9.600424678058861,0.6331164425197037,1.024760133552371,1.024760133552371,3.4992542122516196e-05,0.4090521227474921,1.3947016207810503,7.119579251337863,1.8504772093592674,nan
8.61,248.154541015625,-151.84263610839844,-9.599664688110352,247.61195775508864,-151.51656475793357,-9.60049051508914,0.6330243298629625,1.0248176368057629,1.0248176368057629,3.569765083336296e-05,0.4101196747516799,1.307120184231694,nan,nan,nan
8.620000000000001,248.14633178710938,-151.85084533691406,-9.599695205688477,247.60374632608526,-151.52495522135047,-9.599253557529924,0.6329324963927065,1.0248752438710262,1.0248752438710262,3.5000820380488996e-05,0.39645292680567246,1.3220768136683394,nan,1.1990684733171035,nan
8.63,248.13812255859375,-151.8590545654297,-9.599725723266602,247.59553256836904,-151.53334788302837,-9.599307184549128,0.6328419357371827,1.0249329548926618,1.0249329548926618,3.5706301129666084e-05,0.39565226830122063,1.3402697979149916,nan,nan,nan
8.64,248.12991333007812,-151.8672637939453,-9.59975528717041,247.58731663139196,-151.5417427677648,-9.599159108497712,0.6327522985653705,1.0249907700151697,1.0249907700151697,3.500916106458828e-05,0.4007658438145902,1.378565292151525,nan,0.028846734818513978,nan
8.65,248.1217041015625,-151.87547302246094,-9.599784851074219,247.6110527754424,-151.54338564186992,-9.599283177880535,0.609136320450531,1.0249041355646555,1.0249041355646555,3.569296965200051e-05,0.3690818788057767,1.3671566592474473,7.6114414028499,nan,nan
8.66,248.1134796142578,-151.88369750976562,-9.599812507629395,247.6028896887955,-151.55177266944344,-9.599240588215947,0.6089963043388155,1.0249616382550009,1.0249616382550009,3.499636298174453e-05,0.371190405405739,1.341948264150115,nan,0.006631001061329073,nan
8.67,248.1052703857422,-151.8919219970703,-9.599841117858887,247.59472452794915,-151.56016183227624,-9.599294279895288,0.608869591033725,1.0250192445422721,1.0250192445422721,3.570170492059414e-05,0.37004893204092987,1.298134046789261,nan,nan,nan
8.68,248.0970458984375,-151.90013122558594,-9.599868774414062,247.58655738611526,-151.56855311550842,-9.598435958104332,0.60872376104283,1.02507695457097,1.02507695457097,3.5004783702023076e-05,0.42012585966788196,1.5263830428397487,nan,0.5878273565038897,nan
8.69,248.0888214111328,-151.90835571289062,-9.599895477294922,247.57838820493703,-151.57694654966733,-9.598481460087402,0.6085853193269937,1.025134768485594,1.025134768485594,3.571049163472526e-05,0.41728347235822466,1.441263717605096,nan,nan,nan
8.700000000000001,248.08059692382812,-151.9165802001953,-9.599921226501465,247.55726555861347,-151.6055162856212,-9.600054828765682,0.6087992235681405,1.0250481375710185,1.0250481375710185,3.4992066787444125e-05,0.362089684856405,1.6464780970343755,3.9875881629551375,1.6837935558413035,nan
8.71,248.07237243652344,-151.9248046875,-9.599946975708008,247.54906920708356,-151.61395027902324,-9.60011605065461,0.6086680226510796,1.0251056397015634,1.0251056397015634,3.569726452266496e-05,0.3622042670656374,1.6634213917897684,nan,nan,nan
8.72,248.06414794921875,-151.93304443359375,-9.59997272491455,247.54087089196656,-151.62238629862512,-9.59846219732717,0.6085471527846391,1.025163245217928,1.025163245217928,3.5000545126361576e-05,0.4264276791108671,1.6171961450276529,nan,2.0783809443028916,nan
8.73,248.055908203125,-151.94126892089844,-9.599997520446777,247.53267064547634,-151.63082414883482,-9.598507399475102,0.6084042395449535,1.0252209542646127,1.0252209542646127,3.570611027867653e-05,0.4232346645502863,1.8026730582289505,nan,nan,nan
8.74,248.0476837158203,-151.94949340820312,-9.600021362304688,247.5244685524415,-151.63926386590921,-9.599377598102732,0.6082736970589387,1.0252787669861176,1.0252787669861176,3.500906203305377e-05,0.37271188491302826,1.761814566482904,nan,0.47985999811799,nan
8.75,248.03944396972656,-151.95773315429688,-9.600045204162598,247.54617899289818,-151.675373958373,-9.599474679422284,0.5683637729366321,1.0251921395714596,1.0251921395714596,3.569294540600332e-05,0.32421844057098925,2.251604847395458,11.57035367846195,nan,nan
8.76,248.0312042236328,-151.96597290039062,-9.600069046020508,247.53802648345913,-151.68386721398062,-9.598374663110159,0.5681643887477666,1.0252496411454333,1.0252496411454333,3.499641338892329e-05,0.39689293030803857,2.338652698916006,nan,0.9432220203088159,nan
8.77,248.02296447753906,-151.97421264648438,-9.600091934204102,247.52987231275947,-151.69236236204063,-9.598419348169523,0.5679632588047351,1.0253072458978834,1.0253072458978834,3.5701830197649934e-05,0.39297592784809204,2.3763579699814876,nan,nan,nan
8.78,248.0147247314453,-151.98245239257812,-9.600113868713379,247.52171633444354,-151.70085920596378,-9.598439489579956,0.5677629838298386,1.02536495397331,1.02536495397331,3.5004967764505556e-05,0.3944677550885002,2.4170963173725055,nan,0.0004514905227047433,nan
8.790000000000001,248.00648498535156,-151.99069213867188,-9.600135803222656,247.51355829464313,-151.70935769845048,-9.598485250545705,0.567563665143913,1.0254227655162138,1.0254227655162138,3.571074575831404e-05,0.3904281324866374,2.4248791015598226,nan,nan,nan
8.8,247.9982452392578,-151.99893188476562,-9.600157737731934,247.48851553554297,-151.7282237421265,-9.597076068907565,0.5771626859240749,1.0253361415659783,1.0253361415659783,3.4992361382575143e-05,0.5962691840942966,2.766100180890718,2.735910756141595,1.4521672128505942,nan
8.81,247.99000549316406,-152.00717163085938,-9.600178718566895,247.48032377859008,-151.73674432295346,-9.597108171263699,0.576988567731686,1.0253936425865926,1.0253936425865926,3.5697624335732155e-05,0.5887765426296908,2.8064139804688124,nan,nan,nan
8.82,247.98175048828125,-152.0154266357422,-9.600199699401855,247.4721302204486,-151.7452666585105,-9.598430315612616,0.5768035726333837,1.025451246582029,1.025451246582029,3.500093682386219e-05,0.4138885028036286,2.5239677338839925,nan,1.1740217235894612,nan
8.83,247.9735107421875,-152.02366638183594,-9.6002197265625,247.4639349211246,-151.75379070548036,-9.598476533905558,0.5766311098275452,1.0255089536967874,1.0255089536967874,3.5706562387950405e-05,0.4093322208440185,2.6994697809691637,nan,nan,nan
8.84,247.9652557373047,-152.03192138671875,-9.600239753723145,247.4557379130239,-151.76231634777247,-9.59861992673426,0.5764528724228175,1.025566764075368,1.025566764075368,3.5009534493076626e-05,0.39895779372937157,2.5773798223814226,nan,0.0065584908580668426,nan
8.85,247.95700073242188,-152.04017639160156,-9.600258827209473,247.45307530863553,-151.78276692478215,-9.598696175265017,0.5658647437573726,1.025480143554575,1.025480143554575,3.569347009082006e-05,0.3806569775399416,2.8907440186820192,1.2303934618486327,nan,nan
8.86,247.94874572753906,-152.04843139648438,-9.6002779006958,247.44488478160403,-151.79131708983257,-9.598638926203565,0.5656733207081334,1.0255376440250252,1.0255376440250252,3.499694844716489e-05,0.3887718110605519,2.9245972758735137,nan,0.008093270014995593,nan
8.870000000000001,247.94049072265625,-152.0566864013672,-9.600296974182129,247.43669283960242,-151.79986906604054,-9.59868842128721,0.5654821289273602,1.025595247270259,1.025595247270259,3.570241616209563e-05,0.3842596543915384,2.947578429224238,nan,nan,nan
8.88,247.93223571777344,-152.06494140625,-9.60031509399414,247.42849941704955,-151.80842274883594,-9.600141783552015,0.5652894057958353,1.0256529534347765,1.0256529534347765,3.5005555015451825e-05,0.3124177066942235,2.9187728073836334,nan,1.3898897607556713,nan
8.89,247.92398071289062,-152.0731964111328,-9.600333213806152,247.42030452398126,-151.81697812203757,-9.600206403819682,0.5650995762004525,1.0257107626630777,1.0257107626630777,3.5711379253256394e-05,0.311783206703883,2.930570311038802,nan,nan,nan
8.9,247.91574096679688,-152.08145141601562,-9.600350379943848,247.43904264785823,-151.82562503638488,-9.600743037996846,0.5410070036277276,1.0256241455372508,1.0256241455372508,3.499298562107307e-05,0.2897819457214885,3.208007289809608,5.4336166098801275,0.09854737179802346,nan
8.91,247.9075927734375,-152.0897216796875,-9.600367546081543,247.43096034340874,-151.83418367562172,-9.600814739449458,0.5408126707640564,1.0256816454607158,1.0256816454607158,3.569829025486751e-05,0.2907569003055573,3.0461267877017426,nan,nan,nan
8.92,247.8995819091797,-152.0979766845703,-9.600384712219238,247.42298641902062,-151.84274390124364,-9.60198772793855,0.5406381456982505,1.0257392479624707,1.0257392479624707,3.5001589350854664e-05,0.3583680761622322,3.2633755442932526,nan,0.8551789239241212,nan
8.93,247.89169311523438,-152.1062469482422,-9.600400924682617,247.4151458727448,-151.85130582669169,-9.602071856649216,0.5404581776562188,1.0257969531870157,1.0257969531870157,3.5707252108609205e-05,0.3629384346869173,3.222296572873228,nan,nan,nan
8.94,247.8839569091797,-152.11451721191406,-9.600417137145996,247.4074497539235,-151.85986946268577,-9.603070653815141,0.5402884288489882,1.0258547612788511,1.0258547612788511,3.501020481979754e-05,0.4856647297527102,3.340051652707018,nan,0.5894233739201641,nan
8.950000000000001,247.87637329101562,-152.12277221679688,-9.600433349609375,247.43758058763714,-151.91152090612053,-9.60309054256924,0.48700432593057774,1.0257681475140068,1.0257681475140068,3.569417123373889e-05,0.4290186338961824,4.951073829010696,22.92217200146796,nan,nan
8.96,247.8689422607422,-152.13104248046875,-9.600448608398438,247.43024864259732,-151.92016529511469,-9.605555455471185,0.4867723880736373,1.025825646893649,1.025825646893649,3.499762530455381e-05,0.9761468616961426,5.285914067162711,nan,3.9700826422254547,nan
8.97,247.86166381835938,-152.13931274414062,-9.6004638671875,247.42306426688006,-151.92881205382562,-9.605673794254749,0.48652569358770076,1.0258832486585632,1.0258832486585632,3.570312159794374e-05,0.990959790837458,5.285328053270874,nan,nan,nan
8.98,247.85450744628906,-152.14759826660156,-9.600479125976562,247.4160254638013,-151.93746113649485,-9.605301840403442,0.48625849194674725,1.0259409529532493,1.0259409529532493,3.500623186247286e-05,0.8948584693268614,5.153768883645345,nan,0.17028243240330265,nan
8.99,247.84751892089844,-152.15586853027344,-9.600494384765625,247.40912982753284,-151.94611229880886,-9.605416911745698,0.48601121910096456,1.0259987599222078,1.0259987599222078,3.571208053375948e-05,0.9087153235134493,5.217009532140268,nan,nan,nan
9.0,247.8406524658203,-152.16415405273438,-9.600508689880371,247.39314207564527,-151.93531759517091,-9.605224480124727,0.5026469061900597,1.0259121494848447,1.0259121494848447,3.499365348898821e-05,0.8817568114288012,4.538960467505665,3.487381339636922,0.036722811425736954,nan
9.01,247.83392333984375,-152.17242431640625,-9.6005220413208,247.38650860059226,-151.94393867149662,-9.605337201777898,0.5024030499504053,1.0259696483238103,1.0259696483238103,3.569897859528007e-05,0.8954771116501724,4.814470389544527,nan,nan,nan
9.02,247.82733154296875,-152.1807098388672,-9.600536346435547,247.3800103655159,-151.9525623447997,-9.605450722472817,0.5021669701791679,1.0260272493584377,1.0260272493584377,3.641861304819162e-05,0.9089037174993114,4.58874599013885,nan,nan,nan
9.03,247.8208770751953,-152.18899536132812,-9.600549697875977,247.37364470620776,-151.9611887371087,-9.605564996290067,0.5019340625287897,1.0260849527332268,1.0260849527332268,3.7152701347922866e-05,0.9225311628833233,4.616611100783595,nan,nan,nan
9.040000000000001,247.81454467773438,-152.19729614257812,-9.600563049316406,247.36740898035816,-151.9698177950179,-9.605841932549362,0.5017017012977268,1.0261427585926777,1.0261427585926777,3.636976086381496e-05,1.0114675096187948,4.569504342825535,nan,0.01710076548405933,nan
9.05,247.80833435058594,-152.20558166503906,-9.600576400756836,247.30351349705523,-151.94671124591267,-9.606020162761247,0.5673514101532696,1.0260561514497664,1.0260561514497664,3.7078748688090656e-05,1.112917176388928,3.7474942435365293,30.232623940373728,nan,nan
9.06,247.80224609375,-152.21388244628906,-9.60058879852295,247.29742731962227,-151.95528949845266,-9.603632578069186,0.567205052848147,1.0261136497511856,1.0261136497511856,3.629951890078863e-05,0.568751380492446,3.075265615080836,nan,4.120030645375205,nan
9.07,247.79629516601562,-152.22216796875,-9.600601196289062,247.29146331955178,-151.96387055624052,-9.603727795419747,0.5670824650218959,1.0261712500619977,1.0261712500619977,3.703004023171639e-05,0.5773630936001739,3.2460385529084994,nan,nan,nan
9.08,247.7904510498047,-152.23046875,-9.600613594055176,247.28561924184504,-151.97245450496544,-9.606229689893048,0.5669727026065889,1.0262289525267028,1.0262289525267028,3.625346873986956e-05,1.1832117049115152,3.72979569258548,nan,3.8043442594616357,nan
9.09,247.7847137451172,-152.23878479003906,-9.600625991821289,247.27989273875258,-151.98104145959726,-9.606350209603098,0.5668409296473035,1.026286757289801,1.026286757289801,3.6982776414788e-05,1.1990449739303015,3.6244052851744435,nan,nan,nan
9.1,247.77911376953125,-152.24708557128906,-9.600637435913086,247.26605657684422,-152.01319771013334,-9.6041799454437,0.5638650228003753,1.0262001534087741,1.0262001534087741,3.6186272933598216e-05,0.6566133295781014,3.7289209156202934,4.535010131482254,3.2437959434303236,nan
9.11,247.7736053466797,-152.25538635253906,-9.600648880004883,247.26054358992815,-152.0218326639997,-9.604278455866599,0.5637311996796457,1.0262576511757615,1.0262576511757615,3.691352086756228e-05,0.666532383918299,3.8258424289810495,nan,nan,nan
9.120000000000001,247.76821899414062,-152.26370239257812,-9.60066032409668,247.25514110313912,-152.03047080895865,-9.605050345614277,0.5636179256563079,1.0263152507691495,1.0263152507691495,3.614307913034557e-05,0.8427234000325188,3.8019176122250875,nan,0.29912549235850894,nan
9.13,247.762939453125,-152.2720184326172,-9.600671768188477,247.24984687488956,-152.03911204836726,-9.605157263682383,0.5634975575230977,1.0263729523334384,1.0263729523334384,3.686925578297291e-05,0.8550540534958959,3.855873541310162,nan,nan,nan
9.14,247.75775146484375,-152.28033447265625,-9.600682258605957,247.24465893218223,-152.04775633386674,-9.60436731075688,0.5633561194530115,1.0264307560131285,1.0264307560131285,3.6101299554289175e-05,0.6853374792482216,3.7840246275756284,nan,0.534394454931285,nan
9.15,247.752685546875,-152.28866577148438,-9.600692749023438,247.22702498777963,-152.07144149097445,-9.604392927059843,0.5687873967916427,1.026344155361871,1.026344155361871,3.6803211592041184e-05,0.68721589414118,3.9048782962413537,2.8928821450256454,nan,nan
9.16,247.74771118164062,-152.29698181152344,-9.600703239440918,247.2220210098439,-152.08011881415908,-9.604682648552041,0.5686787775593514,1.0264016525975255,1.0264016525975255,3.603864507964477e-05,0.7544703448532675,4.239658303807112,nan,0.02410581708017477,nan
9.17,247.74282836914062,-152.30531311035156,-9.600713729858398,247.2171169687004,-152.08879954598135,-9.60478447879272,0.5685658898544741,1.0264592514798017,1.0264592514798017,3.676196154011872e-05,0.7656828659730708,4.077881351328938,nan,nan,nan
9.18,247.73805236816406,-152.3136444091797,-9.600723266601562,247.2123109088936,-152.09748361808218,-9.604646590255554,0.5684584083925717,1.0265169521532,1.0265169521532,3.599976052706135e-05,0.7423539106801635,4.101201188205253,nan,0.038503122241671704,nan
9.19,247.73336791992188,-152.32199096679688,-9.600733757019043,247.20760115934178,-152.1061709799064,-9.604747262583848,0.568352937442228,1.0265747547622204,1.0265747547622204,3.672219544850738e-05,0.7532982562045696,3.9112860447893008,nan,nan,nan
9.200000000000001,247.72877502441406,-152.330322265625,-9.600743293762207,247.22989518568411,-152.08193101779187,-9.6041462776651,0.5573068147715046,1.02648815730906,1.02648815730906,3.59401654518117e-05,0.6247754395689267,3.4081992052613783,12.88790944133514,0.24714978764073622,nan
9.21,247.7242889404297,-152.3386688232422,-9.600752830505371,247.22541989501843,-152.09056677092624,-9.604240525416659,0.5571688405220748,1.0265456540164652,1.0265456540164652,3.6660876849051e-05,0.6341958881003524,3.2152562207513617,nan,nan,nan
9.22,247.71987915039062,-152.34701538085938,-9.600761413574219,247.22103531277241,-152.0992058232671,-9.603316604643778,0.5570110233784769,1.0266032521938646,1.0266032521938646,3.590416069391856e-05,0.4840601122459248,3.171707066913722,nan,0.6959119585855861,nan
9.23,247.71556091308594,-152.35536193847656,-9.600770950317383,247.2167395895302,-152.1078483008008,-9.60340237059838,0.5568596214864965,1.0266609519857584,1.0266609519857584,3.6624114181092356e-05,0.4910991637818606,3.1831584802263118,nan,nan,nan
9.24,247.71131896972656,-152.36370849609375,-9.60077953338623,247.21253085613776,-152.1164940654353,-9.603489127664735,0.5566973135236201,1.0267187535366469,1.0267187535366469,3.735849366167637e-05,0.4983653951110244,3.2946349533307466,nan,nan,nan
9.25,247.70716857910156,-152.3720703125,-9.600788116455078,247.22125869672308,-152.14306597208898,-9.603506919800704,0.5371766875170474,1.0266321592503453,1.0266321592503453,3.808265012527203e-05,0.4751673001129565,3.5717673668417467,3.562908725606581,nan,nan
9.26,247.70310974121094,-152.38043212890625,-9.600796699523926,247.2172410429348,-152.15175009475453,-9.604762486237124,0.5370098622675082,1.0266896554325693,1.0266896554325693,3.723808947729042e-05,0.7032164547742631,3.8046780595831846,nan,0.8495045003070453,nan
9.27,247.69911193847656,-152.3887939453125,-9.600805282592773,247.21330524707219,-152.16043766323313,-9.60486191917587,0.5368157870990292,1.0267472529112507,1.0267472529112507,3.798359999187574e-05,0.7138956820979084,3.9413391278121597,nan,nan,nan
9.28,247.69520568847656,-152.39715576171875,-9.600813865661621,247.20944991697337,-152.16912865652907,-9.605649735496934,0.5366362044131132,1.0268049518308897,1.0268049518308897,3.714474881263542e-05,0.9100191469652779,4.115115352223531,nan,0.29580609315262796,nan
9.290000000000001,247.69137573242188,-152.405517578125,-9.600821495056152,247.20567329915613,-152.17782300369788,-9.605757204815072,0.5364476061412099,1.0268627523359868,1.0268627523359868,3.7887906685066746e-05,0.9232057873752213,4.195410319295084,nan,nan,nan
9.3,247.6876220703125,-152.4138946533203,-9.600829124450684,247.16903568105346,-152.18474167987236,-9.605228279832835,0.5669764377228077,1.0267761611857298,1.0267761611857298,3.703126330302225e-05,0.8356611800749281,3.7710633581481376,7.999696232284388,0.35047502388217255,nan
9.31,247.68394470214844,-152.42227172851562,-9.600836753845215,247.1653536899544,-152.19343961048276,-9.605332025259067,0.5668518180591192,1.0268336568458254,1.0268336568458254,3.777126523143443e-05,0.8479001226301563,3.820548715087835,nan,nan,nan
9.32,247.6803436279297,-152.43064880371094,-9.600844383239746,247.16174574217396,-152.2021409642803,-9.603908020438842,0.5667177301483147,1.0268912536318737,1.0268912536318737,3.694440899673984e-05,0.5668033229566717,3.5778662310667046,nan,1.4776883740430407,nan
9.33,247.67681884765625,-152.4390411376953,-9.600852012634277,247.15821033775234,-152.21084569961474,-9.60399855447398,0.5666020166140359,1.0269489516883745,1.0269489516883745,3.768232985759021e-05,0.5753454680562946,3.4225330973429973,nan,nan,nan
9.34,247.67335510253906,-152.44741821289062,-9.600859642028809,247.15474595704225,-152.21955387366629,-9.603122212200075,0.5664651111117586,1.027006751159828,1.027006751159828,3.686068472437992e-05,0.4513199461536533,3.5665221532112,nan,0.5950805948500487,nan
9.35,247.66995239257812,-152.455810546875,-9.600866317749023,247.16184159709493,-152.2357941640876,-9.603115858422447,0.5537046591953663,1.0269201631152183,1.0269201631152183,3.7572697691387986e-05,0.4332306467971843,3.6468264766332057,1.4858720372029737,nan,nan
9.36,247.66664123535156,-152.46420288085938,-9.600872993469238,247.15853348473632,-152.24452249678788,-9.602407974814046,0.5535659974644448,1.0269776582562242,1.0269776582562242,3.675714181562521e-05,0.36248422587279067,3.564117898002506,nan,0.39847101096693227,nan
9.370000000000001,247.6633758544922,-152.47259521484375,-9.60088062286377,247.15529234066378,-152.25325420724465,-9.602482835407066,0.5534093437265455,1.027035254355651,1.027035254355651,3.7490341437368676e-05,0.3666707266429189,3.6360649000339094,nan,nan,nan
9.38,247.66018676757812,-152.4810028076172,-9.600887298583984,247.1521168638569,-152.2619892318434,-9.602825741166521,0.5532682269931806,1.0270929515579987,1.0270929515579987,3.667967113693132e-05,0.40047009445486226,3.510964245962327,nan,0.045797996320248544,nan
9.39,247.65704345703125,-152.48939514160156,-9.600893020629883,247.149005766152,-152.27072757407092,-9.602904930964025,0.5531020233437004,1.027150750007768,1.027150750007768,3.741115110393357e-05,0.4060286903881287,3.8431460568177553,nan,nan,nan
9.4,247.6539764404297,-152.497802734375,-9.600899696350098,247.15470774017749,-152.28299260653748,-9.600706326145525,0.5435187793122996,1.027064165038815,1.027064165038815,3.6582562925183975e-05,0.2886503360544305,3.667088092592204,0.7775467988410593,3.5376899055768813,nan
9.41,247.65097045898438,-152.5062255859375,-9.600906372070312,247.15173716964404,-152.29174387965284,-9.600765283933763,0.5433565122663159,1.0271216596637542,1.0271216596637542,3.731151915979134e-05,0.2879739227877067,3.5022542104429437,nan,nan,nan
9.42,247.6480255126953,-152.51463317871094,-9.600912094116211,247.1488270745733,-152.30049846182882,-9.599958676652449,0.5431884264254069,1.0271792550824999,1.0271792550824999,3.65111478264298e-05,0.31214227402342165,3.814812338297285,nan,0.48612077828743505,nan
9.43,247.6451416015625,-152.52304077148438,-9.600918769836426,247.1459762979407,-152.3092564197675,-9.600010571887081,0.5430198653846416,1.0272369514395523,1.0272369514395523,3.723861019837947e-05,0.30920103160346646,3.828304070590208,nan,nan,nan
9.44,247.64230346679688,-152.53146362304688,-9.600924491882324,247.1431837470203,-152.31801777487144,-9.600163655271613,0.5428445483244165,1.0272947488794113,1.0272947488794113,3.644264335471908e-05,0.3027346002020811,3.733625386232847,nan,0.006549836941097425,nan
9.450000000000001,247.63954162597656,-152.53988647460938,-9.600930213928223,247.13122059632929,-152.33514930365413,-9.599984829081182,0.548004080372521,1.0272081669565252,1.0272081669565252,3.714539978209475e-05,0.3164141045528453,3.8581197458762695,3.4114712652216426,nan,nan
9.46,247.63682556152344,-152.54830932617188,-9.600935935974121,247.12852496795483,-152.3439319197512,-9.601809519533921,0.5478506920919873,1.0272656610684066,1.0272656610684066,3.6354668597037494e-05,0.31316507232883,3.935273749014611,nan,2.056050377195421,nan
9.47,247.6341552734375,-152.55674743652344,-9.60094165802002,247.1258839488344,-152.35271779897013,-9.601878804698117,0.5476939936294898,1.0273232558123415,1.0273232558123415,3.7078537497834584e-05,0.31567576722215085,3.7903499886994534,nan,nan,nan
9.48,247.6315460205078,-152.56517028808594,-9.600947380065918,247.12329643281603,-152.36150685444534,-9.60409545447899,0.5475457496535358,1.02738095133283,1.02738095133283,3.629190298869367e-05,0.5648804262486888,4.295123119843214,nan,3.0210857036455954,nan
9.49,247.6289825439453,-152.5736083984375,-9.6009521484375,247.1207614206845,-152.37029893967753,-9.604187849767913,0.5473882679715265,1.0274387477743727,1.0274387477743727,3.70145746845658e-05,0.5744768622373271,4.166487217912668,nan,nan,nan
9.5,247.62648010253906,-152.58204650878906,-9.600957870483398,247.1027289440343,-152.3749163548693,-9.604618703258764,0.5632331474571638,1.0273521688683542,1.0273521688683542,3.6209757133279376e-05,0.6788854325188011,4.130879201679486,1.7944223256586813,0.07598944404892093,nan
9.51,247.6240234375,-152.5904998779297,-9.60096263885498,247.1002687357904,-152.38370750430295,-9.604716213906356,0.5631129217828039,1.027409662470172,1.027409662470172,3.693042258201681e-05,0.6901328298470816,3.999310882751213,nan,nan,nan
9.52,247.62161254882812,-152.59893798828125,-9.600967407226562,247.09785803386504,-152.39250185377958,-9.60411160573524,0.5629782904841656,1.0274672565450977,1.0274672565450977,3.6152490708754855e-05,0.5819144328509858,4.152374410278945,nan,0.32657056933197215,nan
9.53,247.61924743652344,-152.60739135742188,-9.600973129272461,247.09549584098912,-152.40129922987802,-9.604203770469438,0.5628500119062301,1.0275249512376317,1.0275249512376317,3.6872143338637436e-05,0.5913640259716119,3.9506603352906495,nan,nan,nan
9.540000000000001,247.61692810058594,-152.6158447265625,-9.600977897644043,247.0931810643815,-152.41009962007234,-9.604566701253447,0.5627209666334887,1.027582746692274,1.027582746692274,3.609785851800731e-05,0.6649369206718373,4.0975784202992385,nan,0.04830687134624454,nan
9.55,247.6146697998047,-152.62429809570312,-9.600982666015625,247.1125101221462,-152.41500084512958,-9.604747901750953,0.5440439853209095,1.0274961707743082,1.0274961707743082,3.679373361117276e-05,0.6733596053861105,4.1457022953413185,3.6480794135605565,nan,nan
9.56,247.61244201660156,-152.63275146484375,-9.600987434387207,247.11032527092829,-152.42380084836617,-9.60617468427163,0.5438827943346308,1.027553663869042,1.027553663869042,3.602389687534601e-05,1.034786699303247,4.5999407424627545,nan,1.1734737528999661,nan
9.57,247.61026000976562,-152.64120483398438,-9.600991249084473,247.10818514865855,-152.4326039426691,-9.606287998919793,0.5437109099255217,1.0276112572806926,1.0276112572806926,3.6740872597623624e-05,1.0512573090642374,4.677166725861543,nan,nan,nan
9.58,247.60812377929688,-152.64967346191406,-9.600996017456055,247.10608891230382,-152.44140996885295,-9.604529643040504,0.5435302905345044,1.0276689511537602,1.0276689511537602,3.5974400003153394e-05,0.6345533173924356,4.034634029837856,nan,2.341034438528795,nan
9.59,247.6060333251953,-152.65814208984375,-9.601000785827637,247.1040358807454,-152.45021888127104,-9.604626310850687,0.5433660270288267,1.027726745632745,1.027726745632745,3.669060157642473e-05,0.6455191203064241,4.078230995185294,nan,nan,nan
9.6,247.60398864746094,-152.66661071777344,-9.601004600524902,247.1295383863665,-152.451218185951,-9.605304913334022,0.5210714785014703,1.0276401726743924,1.0276401726743924,3.5905598051784333e-05,0.7792310166604581,4.288976582588131,5.7583212241706,0.19071305145671513,nan
9.61,247.6019744873047,-152.67507934570312,-9.601009368896484,247.12761695536562,-152.46001920965045,-9.605409425801097,0.5208505454802521,1.0276976652650078,1.0276976652650078,3.662020900181742e-05,0.7926385067797759,4.350560034559035,nan,nan,nan
9.620000000000001,247.60000610351562,-152.6835479736328,-9.60101318359375,247.1257361255795,-152.46882311602576,-9.60673357214162,0.5206452720337009,1.0277552580190512,1.0277552580190512,3.5860976233176226e-05,1.1762109374793943,4.77395939579537,nan,0.9980897106988285,nan
9.63,247.5980682373047,-152.69203186035156,-9.601016998291016,247.1238950786319,-152.47763002106007,-9.60685188639646,0.5204251906052444,1.027812951081023,1.027812951081023,3.657496080541673e-05,1.1943333691598155,4.655420342004574,nan,nan,nan
9.64,247.59617614746094,-152.7005157470703,-9.601020812988281,247.1220929627322,-152.48643985030048,-9.607120900863963,0.5202120401263594,1.0278707445954234,1.0278707445954234,3.581868245333041e-05,1.3021197592409015,4.756114810955172,nan,0.015114045560906127,nan
9.65,247.59432983398438,-152.70899963378906,-9.601024627685547,247.09555099621105,-152.53512478461892,-9.60736705415504,0.528254690994766,1.0277841745686138,1.0277841745686138,3.650959225589986e-05,1.37327308605361,5.747066451407316,15.94275146130731,nan,nan
9.66,247.59251403808594,-152.7174835205078,-9.601028442382812,247.0937812306685,-152.5440095541346,-9.605909740071986,0.5280638761275662,1.0278416666580619,1.0278416666580619,3.5757051851922e-05,0.9376348309722817,5.364500148490805,nan,1.6927465684273328,nan
9.67,247.59072875976562,-152.72596740722656,-9.601032257080078,247.09204829045203,-152.5528969290356,-9.606020278218395,0.527883018528685,1.0278992587601012,1.0278992587601012,3.646908978788802e-05,0.9533041781233034,5.432251637211613,nan,nan,nan
9.68,247.5889892578125,-152.73446655273438,-9.601036071777344,247.0903512946199,-152.56178678344065,-9.604120314403966,0.5277003255757806,1.027956951019232,1.027956951019232,3.571924982625802e-05,0.5371994581411994,4.7693129603774285,nan,2.740940824762357,nan
9.69,247.5872802734375,-152.74295043945312,-9.60103988647461,247.08868945361917,-152.57067934331394,-9.604213059603465,0.52752270586186,1.028014743579954,1.028014743579954,3.6430849228531445e-05,0.547074311958321,5.089167120882988,nan,nan,nan
9.700000000000001,247.58560180664062,-152.75144958496094,-9.601043701171875,247.07838644475112,-152.62627963544,-9.602941575913594,0.5224352031863025,1.0279281764569792,1.0279281764569792,3.566208993694295e-05,0.36652107612487833,6.115673643511825,15.653447935467476,1.2160414727889497,nan
9.71,247.58395385742188,-152.75994873046875,-9.601046562194824,247.07677776817172,-152.63525860905824,-9.60302230953452,0.5222826011480716,1.0279856680481976,1.0279856680481976,3.637242568700103e-05,0.37267167835546694,6.208685192859797,nan,nan,nan
9.72,247.5823516845703,-152.76846313476562,-9.60105037689209,247.07520236285137,-152.64424036930689,-9.602205499607496,0.522142762361681,1.028043259503772,1.028043259503772,3.562851467222743e-05,0.30264538184878215,5.8321641547762955,nan,0.5496308289764182,nan
9.73,247.5807647705078,-152.77696228027344,-9.601053237915039,247.0736593599019,-152.6532248614804,-9.602279352449273,0.5219850090109833,1.0281009509682026,1.0281009509682026,3.6338527933736986e-05,0.3063904242789167,6.270763632339887,nan,nan,nan
9.74,247.5792236328125,-152.78546142578125,-9.601057052612305,247.07214815725825,-152.66221180526298,-9.60223368232596,0.5218403887434773,1.0281587425859897,1.0281587425859897,3.5596951972880655e-05,0.30375052537969177,6.244136754162995,nan,0.009921627022135605,nan
9.75,247.57769775390625,-152.79397583007812,-9.601059913635254,247.04579703029455,-152.6154110832959,-9.602316436571853,0.5610751530962145,1.028072178339495,1.028072178339495,3.6284409667526065e-05,0.3497210034423784,4.3844398919371095,25.831732700838188,nan,nan
9.76,247.5762176513672,-152.802490234375,-9.601062774658203,247.04430464117607,-152.6243064744118,-9.604270160645592,0.5609734307880087,1.0281296694354067,1.0281296694354067,3.554594414755937e-05,0.595480465850726,4.662392384202595,nan,2.4129288831229103,nan
9.77,247.57476806640625,-152.81100463867188,-9.601065635681152,247.0428422585423,-152.633204417552,-9.604365352973737,0.5608643970125107,1.028187260249993,1.028187260249993,3.6254579967635395e-05,0.6062589064521942,4.702220165387029,nan,nan,nan
9.78,247.57333374023438,-152.81951904296875,-9.601069450378418,247.04140922215703,-152.64210485120148,-9.604425564080332,0.5607412521577406,1.0282449509277538,1.0282449509277538,3.5518226279871164e-05,0.6229015248603946,4.7407314828669165,nan,0.0008830154239892148,nan
9.790000000000001,247.5719451904297,-152.8280487060547,-9.601072311401367,247.0400049781456,-152.65100765420826,-9.604522461847122,0.5606387669630423,1.0283027416131894,1.0283027416131894,3.6226683796478447e-05,0.6342379150728101,4.5690551604627805,nan,nan,nan
9.8,247.57057189941406,-152.83656311035156,-9.601075172424316,247.05148387541027,-152.6727914635495,-9.603643972220851,0.5443162019385612,1.0282161802161691,1.0282161802161691,3.547101289934217e-05,0.47417491543551993,5.107384814367254,2.4253300584929014,0.582981802663466,nan
9.81,247.56922912597656,-152.8450927734375,-9.601078033447266,247.05015752904683,-152.6817212363899,-9.60373285776674,0.5441806960455743,1.028273670819684,1.028273670819684,3.6178458042106216e-05,0.4827978478323744,4.886359008666841,nan,nan,nan
9.82,247.56790161132812,-152.85362243652344,-9.601080894470215,247.04885811095326,-152.69065342028068,-9.604746173322383,0.5440390517284455,1.0283312609986974,1.0283312609986974,3.544688194442343e-05,0.6668082084348386,5.123996371643439,nan,0.5870386550611633,nan
9.83,247.56661987304688,-152.86215209960938,-9.601082801818848,247.04758526020703,-152.69958804455322,-9.604845788181875,0.5439100673718741,1.0283889508977093,1.0283889508977093,3.615423788089311e-05,0.6793148675548151,5.167650736521169,nan,nan,nan
9.84,247.5653533935547,-152.8706817626953,-9.601085662841797,247.0463385198223,-152.70852510960768,-9.604703133641104,0.5437686138340456,1.0284467406612199,1.0284467406612199,3.54244541507724e-05,0.6569014954955754,5.157070036261033,nan,0.040714076069182814,nan
9.85,247.56411743164062,-152.87921142578125,-9.601088523864746,247.0812442647221,-152.6978595470316,-9.604711806097132,0.5158179208112905,1.028360182087009,1.028360182087009,3.6109626757328304e-05,0.6222820996527019,4.782119636075565,12.062985781898414,nan,nan
9.86,247.56289672851562,-152.88775634765625,-9.601091384887695,247.08011044536374,-152.7067675302592,-9.606783807364874,0.5156277251041154,1.0284176722010228,1.0284176722010228,3.538240940292344e-05,1.1743068455889203,5.174223588086879,nan,2.691556592504392,nan
9.870000000000001,247.56170654296875,-152.8962860107422,-9.601093292236328,247.0790009620119,-152.71567802865158,-9.606902228540434,0.515419891760811,1.028475261749818,1.028475261749818,3.608882052508387e-05,1.1932888505123933,5.465577635934492,nan,nan,nan
9.88,247.560546875,-152.9048309326172,-9.601096153259277,247.07791561935102,-152.7245911838707,-9.606275266458127,0.5152146340808235,1.028532950877895,1.028532950877895,3.5363203285337186e-05,1.01656252091638,5.022210717477674,nan,0.385172156810759,nan
9.89,247.5594024658203,-152.9133758544922,-9.60109806060791,247.0768539265481,-152.73350673548785,-9.606388375058332,0.5150087185205022,1.028590739729754,1.028590739729754,3.60696326357026e-05,1.0337620158689886,5.135569885802828,nan,nan,nan
9.9,247.5582733154297,-152.9219207763672,-9.60110092163086,247.0734369089787,-152.7430069364406,-9.606411169305387,0.5168217312265015,1.0285041839520226,1.0285041839520226,3.5324313070309656e-05,1.0579557560810455,5.213983930801836,0.041884344036605556,0.005420938757609885,nan
9.91,247.5571746826172,-152.9304656982422,-9.601102828979492,247.0724167136554,-152.75192809445667,-9.606525341075672,0.5166191712227332,1.0285616735794172,1.0285616735794172,3.6029917951982246e-05,1.075544973522568,5.248424227437011,nan,nan,nan
9.92,247.5561065673828,-152.9390106201172,-9.601104736328125,247.07141870899832,-152.76085136801817,-9.606016097473473,0.5164176223195003,1.0286192625032902,1.0286192625032902,3.530808630566148e-05,0.9424148935932581,5.095560623493534,nan,0.2702727879058358,nan
9.93,247.5550537109375,-152.94757080078125,-9.601107597351074,247.07044230372117,-152.7697767407584,-9.606125764076559,0.5162210047846646,1.0286769508681417,1.0286769508681417,3.6013776089497235e-05,0.9582630821287187,4.894450363107111,nan,nan,nan
9.94,247.55401611328125,-152.9561309814453,-9.601109504699707,247.06948703557202,-152.77870413113374,-9.603845733034252,0.5160001950607561,1.028734738818472,1.028734738818472,3.529327052741463e-05,0.4709470382618317,4.4803839085745,nan,3.967441756765924,nan
9.950000000000001,247.55300903320312,-152.9646759033203,-9.60111141204834,247.03170561158313,-152.8103102749975,-9.603842430393458,0.5436850771001588,1.0286481858112184,1.0286481858112184,3.597703374304204e-05,0.4946655711066614,5.206317546584702,13.337587903614988,nan,nan
9.96,247.55201721191406,-152.97323608398438,-9.601113319396973,247.03072815212082,-152.81928052357756,-9.603879526965525,0.5435551953064345,1.0287056749548629,1.0287056749548629,3.52586315955709e-05,0.5042224772911477,4.9949469835162805,nan,0.0017382465949736046,nan
9.97,247.55104064941406,-152.98179626464844,-9.601116180419922,247.0297706094209,-152.82825281072326,-9.603967008283327,0.5434208075306475,1.028763263259051,1.028763263259051,3.5963695738704646e-05,0.5130257796651445,5.007261735835082,nan,nan,nan
9.98,247.55007934570312,-152.9903564453125,-9.601118087768555,247.0288326141514,-152.83722694420257,-9.604964396269121,0.5432877629328691,1.0288209508682833,1.0288209508682833,3.524645743654248e-05,0.7066113356370779,5.261810285917238,nan,0.5752922754166617,nan
9.99,247.5491485595703,-152.99893188476562,-9.601119995117188,247.02791385708122,-152.84620296094127,-9.605062464623929,0.5431641393881353,1.02887873792706,1.02887873792706,3.595168363305079e-05,0.7190633713315,5.019478963349612,nan,nan,nan
10.0,247.54823303222656,-153.0074920654297,-9.60112190246582,247.0281173648967,-152.8743779485789,-9.604464599397248,0.5368899786080241,1.028792187664605,1.028792187664605,3.521438586172371e-05,0.5974756721877178,5.767000940182225,3.2143287966353062,0.23002421142729632,nan
10.01,247.54733276367188,-153.01605224609375,-9.601123809814453,247.0272376549307,-152.88339104081473,-9.604556334693948,0.536758511576318,1.0288496763273542,1.0288496763273542,3.5918923531557066e-05,0.608042279919326,5.827572404130409,nan,nan,nan
10.02,247.5464630126953,-153.02462768554688,-9.601125717163086,247.02637612035505,-152.89240626366606,-9.605145485582973,0.5366461017528055,1.028907264017038,1.028907264017038,3.5204632379965644e-05,0.7388712254135963,5.681665650849186,nan,0.17198471601281068,nan
10.03,247.54559326171875,-153.033203125,-9.601127624511719,247.02553236067573,-152.90142347817346,-9.605243905423674,0.536512963384816,1.0289649508781569,1.0289649508781569,3.5909380526012106e-05,0.7515749157726036,5.7516073907996415,nan,nan,nan
10.040000000000001,247.5447540283203,-153.04177856445312,-9.601128578186035,247.02470601306285,-152.9104426049303,-9.605090924688591,0.5363905038559225,1.0290227370552105,1.0290227370552105,3.519602260854904e-05,0.7256632812624064,5.753397698660301,nan,0.04441725393092639,nan
10.05,247.54391479492188,-153.05035400390625,-9.601130485534668,246.99372114313795,-152.902353834076,-9.605044340003362,0.5697652349783381,1.0289361895121913,1.0289361895121913,3.587901222112649e-05,0.7424300697240693,5.21145236748705,9.276835627074313,nan,nan
10.06,247.54310607910156,-153.05892944335938,-9.6011323928833,246.99287666638534,-152.9113470469423,-9.605112255767102,0.569691855004807,1.028993677696887,1.028993677696887,3.5167371244545275e-05,0.7657865472384942,5.251786200868878,nan,0.0005319095723363192,nan
10.07,247.5423126220703,-153.0675048828125,-9.601134300231934,246.99204863676258,-152.92034197391115,-9.605208289993044,0.5696173914792578,1.0290512647771908,1.0290512647771908,3.587172071454274e-05,0.7779752468544305,5.290409896510014,nan,nan,nan
10.08,247.54153442382812,-153.0760955810547,-9.601136207580566,246.9912366465903,-152.92933887058106,-9.606018740488182,0.5695515910165907,1.0291089508976023,1.0291089508976023,3.5160878938127035e-05,0.9931917859041899,5.271940673892157,nan,0.35613014568729673,nan
10.09,247.540771484375,-153.0846710205078,-9.601137161254883,246.9904402770609,-152.9383376511923,-9.606123570639337,0.5694758616460903,1.029166736202622,1.029166736202622,3.5865491651746214e-05,1.0083524884768431,5.592459770394879,nan,nan,nan
10.1,247.54002380371094,-153.09326171875,-9.601139068603516,246.96333687828186,-152.98803232637306,-9.60542693827512,0.5862247186934183,1.0290801913539862,1.0290801913539862,3.513427077814872e-05,0.8572320552636258,6.516509047650204,16.424746983689793,0.38529011458939594,nan
10.11,247.53929138183594,-153.10183715820312,-9.601140022277832,246.96252569151835,-152.99710432953586,-9.605525020839874,0.5862140011468149,1.0291376790634574,1.0291376790634574,3.583828926329802e-05,0.870425668362145,6.893368249159244,nan,nan,nan
10.120000000000001,247.53857421875,-153.1104278564453,-9.601141929626465,246.96172936972258,-153.00617810780844,-9.604712171579727,0.5862002529579186,1.0291952655394498,1.0291952655394498,3.512969985575539e-05,0.6967153131741488,6.41751809187566,nan,0.5828551270318926,nan
10.13,247.53785705566406,-153.1190185546875,-9.601143836975098,246.9609475514036,-153.01525360398037,-9.604803358124157,0.5861784141337477,1.0292529509264636,1.0292529509264636,3.5834015508925195e-05,0.707552105745381,6.430334703324663,nan,nan,nan
10.14,247.53717041015625,-153.1276092529297,-9.601144790649414,246.96017987536464,-153.0243309051795,-9.604438893713906,0.5861700653121996,1.0293107353689992,1.0293107353689992,3.5126034994390505e-05,0.6427199929110977,6.45865803100853,nan,0.1461537408689289,nan
10.15,247.5364990234375,-153.13619995117188,-9.601146697998047,246.962016177485,-153.0262931091362,-9.60455204136269,0.5849116604953047,1.0292241931899995,1.0292241931899995,3.580869379168621e-05,0.6562381712288428,6.276832215364217,0.4246888842484695,nan,nan
10.16,247.53582763671875,-153.14480590820312,-9.601147651672363,246.9612802675834,-153.03536169028033,-9.604745127268453,0.5848894408755905,1.0292816804270613,1.0292816804270613,3.510211400722346e-05,0.7010418414891962,6.05096049244086,nan,0.007461564595050533,nan
10.17,247.53518676757812,-153.1533966064453,-9.60114860534668,246.96055785759066,-153.04443181564372,-9.604836978764846,0.584880598008082,1.0293392663037573,1.0293392663037573,3.5806184799435224e-05,0.7122587495916541,6.412959214353862,nan,nan,nan
10.18,247.5345458984375,-153.1619873046875,-9.601150512695312,246.95984871068865,-153.05350346578015,-9.60370908524115,0.5848522439077996,1.0293969509645873,1.0293969509645873,3.510010567000486e-05,0.518781177148289,6.188660662313628,nan,1.0459205832032312,nan
10.19,247.53392028808594,-153.17059326171875,-9.601151466369629,246.95915241222423,-153.06257677670766,-9.603790693300619,0.5848355646466163,1.029454734554052,1.029454734554052,3.580450726366976e-05,0.5267827125497357,5.9661296194232865,nan,nan,nan
10.200000000000001,247.533203125,-153.17919921875,-9.601054191589355,246.99948576282605,-153.085132295984,-9.603095584473666,0.5419473922157805,1.0293681950202407,1.0293681950202407,3.5077771933217356e-05,0.40412467612995223,6.289836150739497,12.937527527171193,0.37619706090446475,nan
10.21,247.5323944091797,-153.1877899169922,-9.600858688354492,246.99872894752195,-153.09423177200492,-9.603024127666195,0.541808675260219,1.0294256817876957,1.0294256817876957,3.578164106999793e-05,0.4162093144262673,6.64608138261331,nan,nan,nan
10.22,247.531494140625,-153.19639587402344,-9.600565910339355,246.99788161047692,-153.1033326517554,-9.601975042179117,0.5416687930114509,1.0294832670700567,1.0294832670700567,3.5077250457017156e-05,0.34160834122746986,6.294440582939968,nan,0.5462252715336636,nan
10.23,247.530517578125,-153.2050018310547,-9.600177764892578,246.9969448765409,-153.11243495165064,-9.601703674924257,0.5415448120329232,1.0295409510118236,1.0295409510118236,3.578147311506361e-05,0.3499264303713961,6.30357214558205,nan,nan,nan
10.24,247.52943420410156,-153.21360778808594,-9.599695205688477,246.99591969687887,-153.12153852265814,-9.600076696387678,0.5414006137682502,1.029598733757497,1.029598733757497,3.507742929082453e-05,0.2888370412140953,6.258964171774676,nan,1.1185574491224486,nan
10.25,247.5282745361328,-153.2222137451172,-9.599119186401367,246.9461908399268,-153.1307547143174,-9.599697687677672,0.5892253544845287,1.0295121968447203,1.0295121968447203,3.576004877907588e-05,0.3465922696107328,6.479650259996835,16.752799381436677,nan,nan
10.26,247.52703857421875,-153.2308349609375,-9.598450660705566,246.94490875470592,-153.13986141285767,-9.598414677662525,0.5891954807286388,1.0295696831453578,1.0295696831453578,3.505715246122531e-05,0.33721791190604394,6.210953628528991,nan,0.36657296785766513,nan
10.27,247.52569580078125,-153.23944091796875,-9.59769058227539,246.94354134987955,-153.1489696625388,-9.597755308557582,0.5891424759370342,1.0296272678382927,1.0296272678382927,3.5761227616735524e-05,0.33721860937480536,6.4956135291759285,nan,nan,nan
10.28,247.5242919921875,-153.248046875,-9.596839904785156,246.94208952964124,-153.15807926663715,-9.5979252927461,0.5891137886830444,1.0296849510680253,1.0296849510680253,3.5058592852963596e-05,0.37065141060211565,6.608792711236396,nan,0.594711247857337,nan
10.290000000000001,247.5227813720703,-153.2566680908203,-9.595900535583496,246.94055427446355,-153.1671900710434,-9.597096207668347,0.5890637816421296,1.0297427329790558,1.0297427329790558,3.5763040586402663e-05,0.37694735111018723,6.233671202537827,nan,nan,nan
10.3,247.52120971679688,-153.26527404785156,-9.59487247467041,246.9668282083505,-153.15464390831028,-9.59307939956464,0.5653150447321658,1.0296561986634483,1.0296561986634483,3.503951650332986e-05,0.40213031611934136,5.92770490676092,10.876412985277447,7.794500016708074,nan
10.31,247.51954650878906,-153.27389526367188,-9.593756675720215,246.9651767069614,-153.16371975114964,-9.592047204485738,0.5652145106328168,1.0297136845000443,1.0297136845000443,3.57434688899697e-05,0.3920033368050749,5.655436078156116,nan,nan,nan
10.32,247.51780700683594,-153.2825164794922,-9.592555046081543,246.963444697364,-153.17279663680952,-9.58968873948143,0.5651231987406803,1.0297712686084106,1.0297712686084106,3.504207520810116e-05,0.5445760764059335,5.812000212229565,nan,1.0840370744880483,nan
10.33,247.5159912109375,-153.29112243652344,-9.591267585754395,246.96163303138619,-153.1818744331777,-9.588473686614263,0.5650273651274608,1.0298289511330474,1.0298289511330474,3.574641450772254e-05,0.528369091675551,6.1293041794751675,nan,nan,nan
10.34,247.5140838623047,-153.29974365234375,-9.589896202087402,246.9597426099313,-153.1909532253622,-9.588467147418694,0.5649173596933971,1.029886732218455,1.029886732218455,3.504516064777625e-05,0.3681419230581309,5.682546354818814,nan,1.1760599705857107,nan
10.35,247.51211547851562,-153.30836486816406,-9.588441848754883,246.94119750662043,-153.1925562542623,-9.587224096723435,0.5825465205516047,1.0298002004764353,1.0298002004764353,3.572791722674293e-05,0.37104456612048137,5.57923732038252,3.008733847316581,nan,nan
10.36,247.5100555419922,-153.31698608398438,-9.586904525756836,246.93912385579816,-153.20162417642936,-9.585766951306983,0.5824711615957634,1.0298576858517534,1.0298576858517534,3.502761279055459e-05,0.3663796302388497,5.582893148069514,nan,5.7656506749027355e-05,nan
10.370000000000001,247.5079345703125,-153.3256072998047,-9.585285186767578,246.9369740378663,-153.21069302839607,-9.584237884087049,0.5824107796285505,1.029915269380358,1.029915269380358,3.5731859753390694e-05,0.3600451617509343,5.6376650460825415,nan,nan,nan
10.38,247.50572204589844,-153.334228515625,-9.583585739135742,246.93474903236753,-153.21976285016612,-9.583385941912503,0.5823337622604716,1.0299729512067493,1.0299729512067493,3.5031629919563604e-05,0.330383662930116,5.585431959280089,nan,0.4039150593080374,nan
10.39,247.50344848632812,-153.3428497314453,-9.581807136535645,246.93244985226795,-153.22883366353693,-9.58170542178392,0.5822706537219304,1.0300307314754273,1.0300307314754273,3.5736272131365244e-05,0.3294438644236205,5.596012668725121,nan,nan,nan
10.4,247.5010986328125,-153.35147094726562,-9.579949378967285,246.92581617513818,-153.24371403789914,-9.582023871795114,0.58529117637678,1.0299442022836922,1.0299442022836922,3.501496263939711e-05,0.4555071432404099,5.976341139907992,0.3656434791253081,3.0092785867167318,nan
10.41,247.49867248535156,-153.360107421875,-9.578014373779297,246.9233636815926,-153.25279615319386,-9.580208562781214,0.5852356299251574,1.0300016872004831,1.0300016872004831,3.571912857079807e-05,0.46730652727661937,5.666879883736138,nan,nan,nan
10.42,247.49618530273438,-153.3687286376953,-9.57600212097168,246.92083931747862,-153.2618788541623,-9.57933669301865,0.5851931291135442,1.0300592701540827,1.0300592701540827,3.5019793432177827e-05,0.6499635142502649,6.1705108257123165,nan,0.7335744416075433,nan
10.43,247.49362182617188,-153.37734985351562,-9.57391357421875,246.91824386128656,-153.27096217719014,-9.5773796943127,0.5851411403567635,1.0301169512889916,1.0301169512889916,3.5724362914690005e-05,0.6686650106956498,6.181739640210239,nan,nan,nan
10.44,247.49098205566406,-153.38597106933594,-9.571749687194824,246.91557820984278,-153.28004592392506,-9.5756631691863,0.5850854959384467,1.0301747307497096,1.0301747307497096,3.502500829416082e-05,0.7695519086097045,6.261940889661819,nan,0.06998555164588627,nan
10.450000000000001,247.48828125,-153.3946075439453,-9.569512367248535,246.92264147892934,-153.30721466642524,-9.57352970250291,0.5723652720428258,1.03008820408523,1.03008820408523,3.570799382451976e-05,0.7699884327041528,6.5427315588701,2.9746275181403607,nan,nan
10.46,247.48550415039062,-153.40322875976562,-9.567200660705566,246.91985435372584,-153.31632996245204,-9.571945081224019,0.5723055154089611,1.0301456885462315,1.0301456885462315,3.5009437686537766e-05,0.9608829101185357,7.051826105505928,nan,0.2463629901991647,nan
10.47,247.482666015625,-153.41184997558594,-9.564817428588867,246.91699943230395,-153.32544560215328,-9.569703496076077,0.5722484363367771,1.0302032709295343,1.0302032709295343,3.571393968249838e-05,0.9863132874154306,7.036616615877884,nan,nan,nan
10.48,247.47976684570312,-153.4204864501953,-9.562361717224121,246.91407755339637,-153.33456153940685,-9.569210938864847,0.5722188196499737,1.0302609513796386,1.0302609513796386,3.5015315835918484e-05,1.6575233340434892,7.423189861688975,nan,2.337030261762817,nan
10.49,247.47679138183594,-153.42910766601562,-9.559835433959961,246.91108948182907,-153.34367789526087,-9.566846285399821,0.5721591015098044,1.0303187300410444,1.0303187300410444,3.572022217442558e-05,1.6937134141893335,7.728239090421824,nan,nan,nan
10.5,247.47377014160156,-153.43772888183594,-9.557239532470703,246.93736233740995,-153.33084781878338,-9.563534792915727,0.5469885961708719,1.03023220588106,1.03023220588106,3.50003680188874e-05,1.4226606191103945,6.716050086554816,9.32572017776155,0.5788826527537843,nan
10.51,247.4706573486328,-153.4463653564453,-9.554573059082031,246.93429426784294,-153.33992708663263,-9.561023572937536,0.5468601913141212,1.0302896898889977,1.0302896898889977,3.570480452201402e-05,1.455588660000155,6.498461880204056,nan,nan,nan
10.52,247.46749877929688,-153.45498657226562,-9.551839828491211,246.93116227511075,-153.34900646400393,-9.55785202354415,0.5467401353102831,1.0303472717066633,1.0303472717066633,3.500681459226322e-05,1.3226411280871027,6.566941942936005,nan,0.24781705074568516,nan
10.53,247.4642791748047,-153.463623046875,-9.54903793334961,246.9279671233598,-153.3580858484682,-9.555200010321922,0.5466321322106874,1.0304049514785572,1.0304049514785572,3.571165961486159e-05,1.3532242947857023,6.313479661616937,nan,nan,nan
10.540000000000001,247.4609832763672,-153.4722442626953,-9.54616928100586,246.9247096114741,-153.36716519216586,-9.552400098725187,0.5465069787392011,1.0304627293491795,1.0304627293491795,3.501353109718806e-05,1.3986053294520684,6.62792247317212,nan,0.004692221509341536,nan
10.55,247.4576416015625,-153.48086547851562,-9.543234825134277,246.90885237359998,-153.38100621693556,-9.549747568647096,0.5578386009224116,1.0303762076711942,1.0303762076711942,3.569677803914943e-05,1.4901944929457431,6.912607518345328,2.0395736952842887,nan,nan
10.56,247.4542236328125,-153.489501953125,-9.54023551940918,246.90545105909857,-153.3900934381139,-9.547507342585419,0.557751082410096,1.0304336912287804,1.0304336912287804,3.499933640089039e-05,1.8127160676427514,6.898400036925712,nan,0.25976164564739807,nan
10.57,247.4507598876953,-153.4981231689453,-9.537171363830566,246.90198957043893,-153.39918034743923,-9.544602603330992,0.5576681507399989,1.0304912724854212,1.0304912724854212,3.5704118091112e-05,1.8484314703044848,7.198148059521816,nan,nan,nan
10.58,247.44723510742188,-153.50674438476562,-9.534043312072754,246.89846858121615,-153.40826696620536,-9.540965157536377,0.5575754784733762,1.0305489515856163,1.0305489515856163,3.500650370782085e-05,1.6702864597062859,6.998890054291788,nan,0.31636619624179546,nan
10.59,247.4436492919922,-153.515380859375,-9.530852317810059,246.89488882709162,-153.41735343062376,-9.537928384637752,0.5574921482381755,1.0306067286738665,1.0306067286738665,3.571168970562247e-05,1.7036010408294908,6.723631679031563,nan,nan,nan
10.6,247.44000244140625,-153.5240020751953,-9.527599334716797,246.91353234463335,-153.39695130649903,-9.536103508704384,0.5416502391743125,1.0305202094556445,1.0305202094556445,3.4992729753726116e-05,2.351368704976429,6.775679628587762,9.46880041181344,1.170597624771646,nan
10.61,247.43629455566406,-153.53262329101562,-9.524284362792969,246.9098754496453,-153.405987246041,-9.532957063792866,0.5415062130862645,1.0305776925655794,1.0305776925655794,3.569744405599182e-05,2.3914901626586587,6.806657484820397,nan,nan,nan
10.620000000000001,247.4325408935547,-153.54124450683594,-9.520909309387207,246.9061620496567,-153.41502271930105,-9.530982918051256,0.5413945922738798,1.0306352732657604,1.0306352732657604,3.5000273558205036e-05,3.1836342039202274,7.530181337619039,nan,1.0724423493323267,nan
10.63,247.42872619628906,-153.54986572265625,-9.517474174499512,246.90239274145304,-153.42405762035278,-9.527729147066733,0.5412575623002188,1.0306929517006882,1.0306929517006882,3.570539372072762e-05,3.2294719468128523,7.539495590884027,nan,nan,nan
10.64,247.42486572265625,-153.55850219726562,-9.513978958129883,246.89856810088077,-153.4330919143819,-9.522274610491039,0.54109679687428,1.0307507280148624,1.0307507280148624,3.5007998582122284e-05,2.2497591956845078,6.282309681816981,nan,3.238797400699208,nan
10.65,247.4209442138672,-153.56712341308594,-9.510425567626953,246.86858883816137,-153.41826731579133,-9.518964100727482,0.5721254279617399,1.0306642112344226,1.0306642112344226,3.569150007614467e-05,2.360204714914521,5.995011577328638,8.958366568825237,nan,nan
10.66,247.41696166992188,-153.57574462890625,-9.506814956665039,246.8646112408354,-153.42725997420536,-9.517281887860234,0.5720561561965013,1.0307216938993935,1.0307216938993935,3.4994712221826e-05,3.4480509323312547,7.030983954132406,nan,2.2002933343374935,nan
10.67,247.41293334960938,-153.58436584472656,-9.503146171569824,246.86058039596819,-153.4362520514264,-9.513795774250486,0.5719658164603576,1.0307792740476345,1.0307792740476345,3.5699760067697215e-05,3.494151395987803,7.069674996010908,nan,nan,nan
10.68,247.4088592529297,-153.59298706054688,-9.499421119689941,246.85649686469878,-153.44524340150878,-9.509764675363575,0.5718735750689022,1.030836951823646,1.030836951823646,3.500272476301487e-05,3.3737471118568365,6.9023635700421035,nan,0.16884027572969645,nan
10.69,247.40472412109375,-153.60159301757812,-9.495640754699707,246.8523611759022,-153.45423383010856,-9.506162482431103,0.5717781563743394,1.0308947273719282,1.0308947273719282,3.570817122272365e-05,3.417345065180571,7.129255929162413,nan,nan,nan
10.700000000000001,247.40054321289062,-153.61021423339844,-9.491804122924805,246.81548435594695,-153.4797732235335,-9.50209797037822,0.5995120402779406,1.0308082130075409,1.0308082130075409,3.498970554815355e-05,3.376983371501275,7.3591112851895355,10.783186285793192,0.03522233491251358,nan
10.71,247.39630126953125,-153.61883544921875,-9.487914085388184,246.81119069954403,-153.48878975768176,-9.498381328810597,0.5994796278298125,1.0308656952302233,1.0308656952302233,3.569467347341416e-05,3.4179640247793164,7.303527501383145,nan,nan,nan
10.72,247.3920135498047,-153.62745666503906,-9.483969688415527,246.80684676500798,-153.4978053040283,-9.4945156955082,0.5994504647649064,1.0309232748309989,1.0309232748309989,3.4997948983166704e-05,3.52630524854155,7.388798984819001,nan,0.006457839718770902,nan
10.73,247.38768005371094,-153.6360626220703,-9.479971885681152,246.80245326950185,-153.50681983201164,-9.490692059825184,0.5994238983153184,1.0309809519543678,1.0309809519543678,3.5703315591642365e-05,3.5672087575875535,7.660643665469609,nan,nan,nan
10.74,247.38330078125,-153.64468383789062,-9.475921630859375,246.79801077609582,-153.5158333280903,-9.48492830134398,0.5993729758025442,1.0310387267448304,1.0310387267448304,3.500630687045062e-05,2.66565431961846,6.471578236700425,nan,2.516819501069075,nan
10.75,247.37887573242188,-153.65328979492188,-9.471818923950195,246.76872795604697,-153.5650930608304,-9.481006280403124,0.6165576862210311,1.0309522147750125,1.0309522147750125,3.5690032268341115e-05,2.7336650808790504,8.216036075190889,15.500951827874362,nan,nan
10.76,247.3743896484375,-153.6619110107422,-9.467665672302246,246.76414693910056,-153.57417228559132,-9.476596129936826,0.6165825178056521,1.0310096965580688,1.0310096965580688,3.499357658810121e-05,2.6477396616444517,7.710009412098676,nan,0.12133118710774134,nan
10.77,247.369873046875,-153.67051696777344,-9.463461875915527,246.7595185196933,-153.58325035896632,-9.472546184452373,0.6166284412233033,1.0310672756158084,1.0310672756158084,3.5698854493591833e-05,2.6803831438929953,8.068346448601257,nan,nan,nan
10.78,247.36529541015625,-153.6791229248047,-9.459207534790039,246.75484341459335,-153.59232717581284,-9.468027738394884,0.6166546334224775,1.0311249520927317,1.0311249520927317,3.500210067092964e-05,2.5913183070897587,7.8781201857747565,nan,0.1240215235352826,nan
10.790000000000001,247.36068725585938,-153.687744140625,-9.454903602600098,246.7501223450661,-153.60140275824642,-9.463875558016545,0.6167048245206411,1.0311827261333386,1.0311827261333386,3.570776844837992e-05,2.6230447680252564,7.64839836859551,nan,nan,nan
10.8,247.35601806640625,-153.69635009765625,-9.45055103302002,246.78941814970665,-153.58809441997585,-9.457226594033816,0.5768876151113733,1.0310962165368498,1.0310962165368498,3.498952479865709e-05,1.5963324391996043,5.907828910748203,17.03281297461471,4.059280648897338,nan
10.81,247.351318359375,-153.7049560546875,-9.446150779724121,246.78468122323744,-153.59712953584267,-9.452953285986998,0.5768452793495192,1.0311536978829305,1.0311536978829305,3.569470469294572e-05,1.6190377153709112,5.90249230120543,nan,nan,nan
10.82,247.3465576171875,-153.71356201171875,-9.441701889038086,246.7798999814912,-153.60616329505115,-9.447506850634632,0.5767747029940653,1.03121127640202,1.03121127640202,3.499817320392935e-05,1.2854058433907927,5.521536835188115,nan,0.8953272557362074,nan
10.83,247.34176635742188,-153.72215270996094,-9.437206268310547,246.77507480215127,-153.6151954970674,-9.443128663768627,0.5767271789788816,1.031268952238619,1.031268952238619,3.57037423888196e-05,1.3048785963512106,5.790298951643554,nan,nan,nan
10.84,247.33692932128906,-153.7307586669922,-9.432663917541504,246.77020609248274,-153.6242262277825,-9.438738873456543,0.5766812670461944,1.0313267255372274,1.0313267255372274,3.500688766243753e-05,1.3766475576419328,5.549999117431452,nan,0.0008290135681037639,nan
10.85,247.33204650878906,-153.73936462402344,-9.428075790405273,246.7732014461409,-153.63991810393324,-9.434209357315842,0.5676574980103217,1.031240218293066,1.031240218293066,3.5690794100429706e-05,1.3665081566770723,5.69529543233487,0.9057132804075182,nan,nan
10.86,247.32713317871094,-153.74795532226562,-9.423442840576172,246.76826077439725,-153.64895731585912,-9.43025035087863,0.5676136994227182,1.031297699204809,1.031297699204809,3.499445766687113e-05,1.6366351940120767,6.219085595694303,nan,0.21850393717038225,nan
10.870000000000001,247.32215881347656,-153.75656127929688,-9.418791770935059,246.76327825584184,-153.65799508908756,-9.425710340275828,0.5675479170574056,1.0313552771895915,1.0313552771895915,3.5699918539621546e-05,1.6530756429493019,5.909912454941792,nan,nan,nan
10.88,247.31715393066406,-153.76515197753906,-9.414178848266602,246.75825448027007,-153.66703132403114,-9.421102895993647,0.5674893838059497,1.0314129523919136,1.0314129523919136,3.500325172009577e-05,1.6818461279450403,6.18319608071265,nan,0.004343100833719025,nan
10.89,247.31211853027344,-153.77374267578125,-9.409629821777344,246.75319007256658,-153.676066062203,-9.416624951992695,0.5674422204254873,1.0314707249562753,1.0314707249562753,3.570909255593181e-05,1.682410086785976,6.173943484052947,nan,nan,nan
10.9,247.30702209472656,-153.7823486328125,-9.405157089233398,246.76692975961575,-153.70994595430872,-9.412639975302554,0.544975111251786,1.0313842200436745,1.0313842200436745,3.499089684181372e-05,1.888139056266433,6.887211526752085,6.899362592846271,0.09169494451867517,nan
10.91,247.30191040039062,-153.7909393310547,-9.400766372680664,246.76181714168956,-153.71901958580418,-9.408318620209098,0.5449130336980044,1.031441700523706,1.031441700523706,3.569623968565773e-05,1.8856512779602486,7.152181103591436,nan,nan,nan
10.92,247.29673767089844,-153.79953002929688,-9.39646053314209,246.75666522619906,-153.72809166346838,-9.403307442271766,0.5448197553323827,1.0314992779784815,1.0314992779784815,3.499974055294398e-05,1.627161956798392,6.848736881560871,nan,0.42287091123962517,nan
10.93,247.29153442382812,-153.80810546875,-9.39223861694336,246.75147445952788,-153.73716226185186,-9.399147278141388,0.5447434563576861,1.0315569525525012,1.0315569525525012,3.570546270473026e-05,1.6243802794290723,7.1220750616194595,nan,nan,nan
10.94,247.2863006591797,-153.8166961669922,-9.38809871673584,246.7462453133112,-153.74623145643196,-9.392249637948785,0.5446487695592392,1.0316147243902651,1.0316147243902651,3.500861682972306e-05,0.7797034634140318,5.959066655499545,nan,5.620312325827383,nan
10.950000000000001,247.28102111816406,-153.82528686523438,-9.384041786193848,246.7219111207712,-153.75953923157783,-9.38825730392751,0.5629782510060516,1.0315282217886887,1.0315282217886887,3.569265746911476e-05,0.8051180331006444,6.139869758855048,2.678261289617397,nan,nan
10.96,247.2757110595703,-153.8338623046875,-9.38006591796875,246.7165744553667,-153.76861281987834,-9.383187659209801,0.5629395906281485,1.0315857018396222,1.0315857018396222,3.499630963477841e-05,0.5856540743362828,6.216153580311168,nan,0.9054443761260138,nan
10.97,247.27035522460938,-153.8424530029297,-9.376168251037598,246.71120064206468,-153.7776851061385,-9.379319907894267,0.5629019990872524,1.031643278768649,1.031643278768649,3.570190353310035e-05,0.5853489286584093,5.890328703999123,nan,nan,nan
10.98,247.2649688720703,-153.8510284423828,-9.37234878540039,246.70579014235415,-153.78675625832196,-9.376081843685323,0.5628727219674942,1.0317009527202692,1.0317009527202692,3.5005206765742936e-05,0.7051814514051724,6.304434088560727,nan,0.2137970218738482,nan
10.99,247.25953674316406,-153.859619140625,-9.368605613708496,246.70034353301435,-153.79582628417057,-9.372376913390696,0.5628328326541119,1.0317587238389831,1.0317587238389831,3.571117083313368e-05,0.7052865062115601,5.963155508536032,nan,nan,nan
11.0,247.2540740966797,-153.86819458007812,-9.364936828613281,246.67842455955707,-153.80386660192977,-9.367593049211958,0.5792387537708481,1.031672223528122,1.031672223528122,3.499292193480518e-05,0.5268370578315085,6.130232749453388,1.890374778651188,0.9163259231617876,nan
11.01,247.2485809326172,-153.87677001953125,-9.361340522766113,246.67287924500968,-153.81293257242743,-9.364027616260287,0.5792364571039272,1.0317297031525592,1.0317297031525592,3.569837830718734e-05,0.5274527769458373,6.137176096997253,nan,nan,nan
11.02,247.2430419921875,-153.88534545898438,-9.357816696166992,246.66729888809738,-153.82199740950625,-9.359857782116263,0.5792212559220048,1.0317872795600544,1.0317872795600544,3.5001819340145e-05,0.4441805279281674,6.002143906041022,nan,0.32440896401366986,nan
11.03,247.23748779296875,-153.89393615722656,-9.354362487792969,246.6616838536036,-153.83106117300335,-9.35643116658309,0.5792302820652951,1.031844952895108,1.031844952895108,3.570764552482262e-05,0.4449954596991426,5.743849909622437,nan,nan,nan
11.040000000000001,247.2318878173828,-153.9025115966797,-9.350976943969727,246.6560344498855,-153.84012387769766,-9.354722260561946,0.57923514718475,1.03190272330222,1.03190272330222,3.501072755082917e-05,0.7257868457113695,6.29701034983315,nan,1.9143866949541704,nan
11.05,247.22625732421875,-153.91107177734375,-9.347660064697266,246.64988997112368,-153.8758999808568,-9.35140844851208,0.577451670153577,1.0318162252619887,1.0318162252619887,3.569485710448115e-05,0.7167796211722306,7.568525344007831,5.029947259752649,nan,nan
11.06,247.2205810546875,-153.91964721679688,-9.34440803527832,246.6441723466888,-153.88500542018673,-9.349349689483613,0.577469888977242,1.0318737044625188,1.0318737044625188,3.499842727359289e-05,1.020891259938177,7.515716913487483,nan,0.925732900598592,nan
11.07,247.2148895263672,-153.92822265625,-9.341221809387207,246.63842153941985,-153.89410998348563,-9.346223897741247,0.5774980825129584,1.0319312803526588,1.0319312803526588,3.570410679114993e-05,1.0239446904628347,7.513330465018208,nan,nan,nan
11.08,247.2091522216797,-153.93679809570312,-9.338098526000977,246.63263794005357,-153.90321352803684,-9.343163433458216,0.57751389021543,1.031988953076909,1.031988953076909,3.642410857017498e-05,1.0274532947406154,7.4836596444640815,nan,nan,nan
11.09,247.20338439941406,-153.94537353515625,-9.335037231445312,246.62682197466333,-153.91231614439474,-9.340166990577542,0.5775321074599741,1.0320467227797698,1.0320467227797698,3.715857711086805e-05,1.0313264495450232,7.480712857350268,nan,nan,nan
11.1,247.1975860595703,-153.9539337158203,-9.332037925720215,246.5985298525919,-153.92064914427553,-9.336746859638975,0.5999986465659233,1.0319602269903028,1.0319602269903028,3.635269388306919e-05,0.9587977568193379,7.864809715853438,3.9126119483311643,0.226221913673129,nan
11.11,247.1917724609375,-153.96250915527344,-9.329097747802734,246.59261222109484,-153.92974872310685,-9.333870533615775,0.6000741774218195,1.0320177057695032,1.0320177057695032,3.708488531250388e-05,0.9631479327093686,7.582556851235401,nan,nan,nan
11.120000000000001,247.1859130859375,-153.9710693359375,-9.326216697692871,246.5866631334134,-153.93884752676337,-9.332284685062108,0.6001462913801174,1.0320752811464244,1.0320752811464244,3.630554410639655e-05,1.3631293427989757,8.238418384400992,nan,0.9919678825960481,nan
11.13,247.18002319335938,-153.97964477539062,-9.323391914367676,246.58068304249815,-153.94794542701615,-9.329539927505904,0.6002093494667244,1.032132953265567,1.032132953265567,3.703646224896791e-05,1.3695627017601018,7.9154819147987014,nan,nan,nan
11.14,247.17410278320312,-153.9882049560547,-9.320624351501465,246.57467233373936,-153.9570423883192,-9.322881714651507,0.6002441712008494,1.0321907222714306,1.0321907222714306,3.625976084292915e-05,0.4895846154033592,7.330210324354917,nan,10.36192662077365,nan
11.15,247.16815185546875,-153.99676513671875,-9.317912101745605,246.57627741127448,-153.97022771114274,-9.320123754918532,0.5924731926899659,1.0321042287130786,1.0321042287130786,3.69659253873733e-05,0.4724230389325176,7.435248309346276,0.8531795014088832,nan,nan
11.16,247.16217041015625,-154.00534057617188,-9.315253257751465,246.57021955515341,-153.97932992113985,-9.316158041214072,0.592522731671028,1.032161707073515,1.032161707073515,3.619279611917954e-05,0.3627614715399114,6.981189866333372,nan,1.2019206116202872,nan
11.17,247.15615844726562,-154.01390075683594,-9.312647819519043,246.5641321994092,-153.98843131056208,-9.313583373952147,0.5925745911752943,1.0322192819413145,1.0322192819413145,3.692045399420269e-05,0.36389000810677885,7.298118250380914,nan,nan,nan
11.18,247.15013122558594,-154.0224609375,-9.310094833374023,246.55801574095207,-153.99753188539182,-9.309173101881873,0.5926407464654729,1.0322769534609775,1.0322769534609775,3.614985550390007e-05,0.3637421477211071,7.314890216301427,nan,2.358543261349595,nan
11.19,247.14405822753906,-154.03102111816406,-9.307591438293457,246.55187061560383,-154.00663172354282,-9.30668522790562,0.5926903335780065,1.0323347217770042,1.0323347217770042,3.6876443606558426e-05,0.3625476360308053,7.289712966029984,nan,nan,nan
11.200000000000001,247.13796997070312,-154.03958129882812,-9.30513858795166,246.5793561627405,-154.01778327379574,-9.306168814044273,0.5590398927693871,1.032248230430331,1.032248230430331,3.608594139659453e-05,0.3321732016530387,7.2903579485157834,7.990022725659277,2.314451265818138,nan
11.21,247.13185119628906,-154.0481414794922,-9.302735328674316,246.57321113036753,-154.0268850290711,-9.303802367427323,0.5590453456643956,1.0323057083745566,1.0323057083745566,3.681061422037751e-05,0.3336805336084657,7.268534249252046,nan,nan,nan
11.22,247.12570190429688,-154.05670166015625,-9.300378799438477,246.56703851026333,-154.0359859666721,-9.302912695487455,0.5590530819330096,1.0323632827372924,1.0323632827372924,3.6045864598502254e-05,0.480860262549538,7.434186028046872,nan,1.3544801997921574,nan
11.23,247.11952209472656,-154.0652618408203,-9.298069953918457,246.56083863666697,-154.04508590971554,-9.300658443013248,0.5590536421320952,1.0324209536630387,1.0324209536630387,3.676960109954982e-05,0.48494304817122064,7.395627426309061,nan,nan,nan
11.24,247.11331176757812,-154.0738067626953,-9.295806884765625,246.55461170765508,-154.05418489299157,-9.298193674418963,0.5590496145187197,1.0324787212962958,1.0324787212962958,3.600719885546229e-05,0.4609113132962961,7.7049128668339435,nan,0.04433465706101469,nan
11.25,247.10708618164062,-154.08236694335938,-9.29358959197998,246.53308701477044,-154.0449236242182,-9.29603526185942,0.5752243275602384,1.0323922321420747,1.0323922321420747,3.670694846497348e-05,0.4834428638261783,6.779587207822774,3.9513895590261354,nan,nan
11.26,247.100830078125,-154.09092712402344,-9.29141616821289,246.5267813327528,-154.05399016305535,-9.295133933384978,0.5752478795500606,1.0324497096726306,1.0324497096726306,3.5947782985967214e-05,0.7049922647813354,6.990229955046179,nan,0.9882895772576458,nan
11.27,247.09454345703125,-154.09947204589844,-9.289285659790039,246.52044943372601,-154.06305575993457,-9.293073588672739,0.5752603253166474,1.0325072835343223,1.0325072835343223,3.666892026232596e-05,0.7117878690826187,7.302397118698598,nan,nan,nan
11.28,247.08824157714844,-154.1080322265625,-9.287198066711426,246.5140916378788,-154.0721204929309,-9.288547357718626,0.5752735227367672,1.03256495387165,1.03256495387165,3.59119779868874e-05,0.3711965079488322,6.631764161567795,nan,4.220356718971106,nan
11.290000000000001,247.0819091796875,-154.11659240722656,-9.285151481628418,246.50770827776932,-154.0811843104554,-9.286549210177357,0.5752932840957717,1.0326227208291134,1.0326227208291134,3.663235548343222e-05,0.37383580958168006,6.629882019465421,nan,nan,nan
11.3,247.07554626464844,-154.12513732910156,-9.283145904541016,246.4929267463475,-154.07338800981603,-9.286959508838537,0.5849256694054915,1.0325362338483242,1.0325362338483242,3.585555975892637e-05,0.7369585403216014,6.767606900930154,2.6039654970219432,3.9552993622223256,nan
11.31,247.0691680908203,-154.13368225097656,-9.281180381774902,246.4864792660467,-154.08242200421202,-9.285068164864889,0.5849521298976267,1.0325937109677406,1.0325937109677406,3.657433467186251e-05,0.7446178698120217,6.786528656714408,nan,nan,nan
11.32,247.06275939941406,-154.14224243164062,-9.279254913330078,246.48000719080193,-154.09145514097278,-9.283324747300318,0.5849752551042191,1.03265128433237,1.03265128433237,3.582257768961699e-05,0.7937375011124846,6.467386827148996,nan,0.007737609233323072,nan
11.33,247.0563201904297,-154.15078735351562,-9.277366638183594,246.47351081413777,-154.10048730912007,-9.281515013963185,0.5849906602515803,1.0327089540867131,1.0327089540867131,3.654070767371935e-05,0.8023132726372522,6.783904357695658,nan,nan,nan
11.34,247.04986572265625,-154.15933227539062,-9.275516510009766,246.46699032460378,-154.10951863208206,-9.279787203057356,0.5850156985360305,1.03276672037527,1.03276672037527,3.579097535531311e-05,0.840959990320459,6.806613733369033,nan,0.0012500225150806536,nan
11.35,247.04339599609375,-154.16787719726562,-9.273703575134277,246.43147294560558,-154.0959795176333,-9.278069862448165,0.6161478398243145,1.0326802355490947,1.0326802355490947,3.648573839279188e-05,0.8901239266832321,6.349200719827111,9.354129469819775,nan,nan
11.36,247.03688049316406,-154.1764373779297,-9.271925926208496,246.4248565940469,-154.1049715406782,-9.274020356185364,0.6161858531494836,1.0327377122598889,1.0327377122598889,3.573888928016399e-05,0.49038604781837014,5.585059653242971,nan,3.75303585735947,nan
11.370000000000001,247.03036499023438,-154.1849822998047,-9.270184516906738,246.41821708528576,-154.1139627573091,-9.272339473318477,0.6162576383189056,1.032795285131401,1.032795285131401,3.64549856185244e-05,0.4950952043831315,5.937293254312401,nan,nan,nan
11.38,247.02381896972656,-154.1935272216797,-9.268477439880371,246.41155480704145,-154.1229532586582,-9.271067640245985,0.6163236149158869,1.0328529543081313,1.0328529543081313,3.571003201550653e-05,0.5556441322043946,5.95719848088806,nan,0.09439095119896711,nan
11.39,247.01724243164062,-154.2020721435547,-9.266804695129395,246.4048700023437,-154.1319430809126,-9.269461486585172,0.6163806746896878,1.0329107199345797,1.0329107199345797,3.642563249257797e-05,0.5615925838557945,5.901915702868161,nan,nan,nan
11.4,247.01065063476562,-154.21060180664062,-9.265164375305176,246.4134440399792,-154.15084376263044,-9.266649000505199,0.6001907570033947,1.0328242372444016,1.0328242372444016,3.566077291498467e-05,0.41058610286083425,6.346036080608066,2.352767546554049,0.9873876851527682,nan
11.41,247.0040283203125,-154.21914672851562,-9.263557434082031,246.40674029241586,-154.15984829507548,-9.265099153434594,0.6002263484517099,1.0328817135490798,1.0328817135490798,3.6375034335813804e-05,0.4141443746758405,5.985679875213091,nan,nan,nan
11.42,246.9973907470703,-154.22769165039062,-9.261982917785645,246.40001465802547,-154.1688517595416,-9.264301905227311,0.600271357154738,1.0329392859313824,1.0329392859313824,3.563458228927355e-05,0.499742577654688,6.06126688886014,nan,0.35211944624051716,nan
11.43,246.99073791503906,-154.23623657226562,-9.2604398727417,246.3932674796331,-154.17785419792685,-9.262825219629425,0.6003208414651313,1.0329969545358095,1.0329969545358095,3.6348444397140796e-05,0.5054049380810396,6.072284424413941,nan,nan,nan
11.44,246.9840545654297,-154.24476623535156,-9.258926391601562,246.38649889382128,-154.18685578363858,-9.262756579096802,0.6003674470065993,1.0330547195068618,1.0330547195068618,3.5609687305891424e-05,0.760869805820434,6.622721229298708,nan,1.290597893634528,nan
11.450000000000001,246.97735595703125,-154.25331115722656,-9.257444381713867,246.3555552948981,-154.1960623206378,-9.261312860061496,0.6244425176465184,1.0329682389342605,1.0329682389342605,3.630067308575772e-05,0.7897237493867129,6.526002561109092,4.1293227548103335,nan,nan
11.46,246.97064208984375,-154.26185607910156,-9.255990982055664,246.3487046170247,-154.20506272335777,-9.259755504111531,0.6245365297398434,1.0330257148353168,1.0330257148353168,3.556444838115311e-05,0.7760397625017683,6.552340954810498,nan,0.024154060009324758,nan
11.47,246.96389770507812,-154.2703857421875,-9.25456714630127,246.341833436967,-154.2140622142809,-9.258414541785962,0.6246207616694313,1.0330832867322814,1.0330832867322814,3.627674890262518e-05,0.7856850429911897,6.7687172103537545,nan,nan,nan
11.48,246.95713806152344,-154.2789306640625,-9.253171920776367,246.33494200598534,-154.22306093170147,-9.258202151205507,0.6247196665220576,1.033140954769655,1.033140954769655,3.554209238835101e-05,1.0896535744215639,6.7748556927555095,nan,0.8264024729197874,nan
11.49,246.95034790039062,-154.28746032714844,-9.251803398132324,246.3280305303923,-154.23205885658257,-9.256930796783186,0.6247995855947758,1.0331987190919376,1.0331987190919376,3.6254116236318065e-05,1.1029705909017886,7.044152871490221,nan,nan,nan
11.5,246.9435577392578,-154.29598999023438,-9.250463485717773,246.31401642413465,-154.21000521477174,-9.25606795199875,0.6354109371899854,1.0331122406186866,1.0331122406186866,3.5499433179818906e-05,1.2755802255959343,6.379113461994337,7.32829313654065,0.14753883869498347,nan
11.51,246.93673706054688,-154.30453491210938,-9.249149322509766,246.30705402334843,-154.21894956211938,-9.254856215172488,0.6354983462545242,1.033169716118603,1.033169716118603,3.6210334776697324e-05,1.2902897996391471,6.076338107733639,nan,nan,nan
11.52,246.9298858642578,-154.3130645751953,-9.247861862182617,246.30007244983264,-154.22789301023593,-9.25346669172264,0.6355710397600698,1.033227287534066,1.033227287534066,3.547951208650755e-05,1.2763452216445454,6.224870265511338,nan,0.02895318293047549,nan
11.53,246.92303466796875,-154.32159423828125,-9.246599197387695,246.29307190777493,-154.2368356811932,-9.252307240143994,0.6356647496776661,1.0332849550095757,1.0332849550095757,3.6190216378812096e-05,1.2913136632118685,6.3451171040156185,nan,nan,nan
11.540000000000001,246.91615295410156,-154.3301239013672,-9.245362281799316,246.28605249895693,-154.24577758683395,-9.24789887151852,0.635725820331541,1.033342718689632,1.033342718689632,3.5460768650101145e-05,0.5725485816875006,5.518741993558158,nan,7.375055202911416,nan
11.55,246.9092559814453,-154.33865356445312,-9.244150161743164,246.30204158743925,-154.22542981779102,-9.246816137580497,0.6176860404149672,1.0332562422976963,1.0332562422976963,3.6148976031847304e-05,0.5658639956346032,4.580806954780383,9.76347482874669,nan,nan
11.56,246.90234375,-154.34718322753906,-9.242962837219238,246.29502342475968,-154.23432142233582,-9.247511151788471,0.6177349364324203,1.033313717398944,1.033313717398944,3.542172725234273e-05,0.9532986293761322,4.9510463339335855,nan,2.253865167947504,nan
11.57,246.89541625976562,-154.355712890625,-9.241798400878906,246.287987015828,-154.24321210741564,-9.24644047530417,0.6177768702924322,1.0333712883367059,1.0333712883367059,3.613125452022285e-05,0.9657074459645935,4.984079369590371,nan,nan,nan
11.58,246.88845825195312,-154.36424255371094,-9.240656852722168,246.28093277621602,-154.25210187424977,-9.24497364881196,0.6178036665382366,1.0334289552554823,1.0334289552554823,3.54052614324491e-05,0.8956433913756234,4.852641063763663,nan,0.12198238055447694,nan
11.59,246.88150024414062,-154.37277221679688,-9.23953914642334,246.27386088313875,-154.26099081063958,-9.243947021697794,0.6178511998577818,1.0334867182997733,1.0334867182997733,3.611468965359638e-05,0.9073429044015453,4.880610771451815,nan,nan,nan
11.6,246.87451171875,-154.3813018798828,-9.238442420959473,246.26474662271218,-154.26133071624113,-9.242538148728244,0.621468685806055,1.0334002439713055,1.0334002439713055,3.536850880687603e-05,0.8480156579926538,4.610235758922383,0.5591050052080689,0.10076943225015628,nan
11.61,246.8675079345703,-154.38983154296875,-9.2373685836792,246.25763636770193,-154.27020371961325,-9.241553650898135,0.6215075695298428,1.0334577186763434,1.0334577186763434,3.6076988866405676e-05,0.8592329769184017,4.583478911070919,nan,nan,nan
11.620000000000001,246.86048889160156,-154.39834594726562,-9.236315727233887,246.25050890932124,-154.27907599124222,-9.240479619829387,0.621545041967252,1.0335152891401702,1.0335152891401702,3.535420275362731e-05,0.8641822655358604,4.82912373279118,nan,0.008707416427702149,nan
11.63,246.85345458984375,-154.40687561035156,-9.235283851623535,246.24336449094474,-154.28794754316783,-9.239538889160139,0.6215882232500041,1.0335729555072866,1.0335729555072866,3.6062647589075966e-05,0.8758566624419992,4.606265832427002,nan,nan,nan
11.64,246.84640502929688,-154.41539001464844,-9.234272956848145,246.23620346651828,-154.29681814918038,-9.239761804541292,0.621639253865952,1.0336307179221922,1.0336307179221922,3.5340937565700976e-05,1.2263131486777936,5.1586074492320995,nan,0.9026067497894045,nan
11.65,246.83932495117188,-154.42391967773438,-9.233281135559082,246.25460199718825,-154.29761616687443,-9.2388158165684,0.598234186974268,1.0335442456395305,1.0335442456395305,3.602717145309275e-05,1.196505591656984,4.549738513909645,5.144246163058835,nan,nan
11.66,246.83224487304688,-154.43243408203125,-9.23231029510498,246.24745075345146,-154.30647130647878,-9.240674349168657,0.5982647746095683,1.0336017199508059,1.0336017199508059,3.5307353958256984e-05,2.3276005551034884,5.87204546320823,nan,5.151475420757059,nan
11.67,246.8251495361328,-154.4409637451172,-9.231358528137207,246.24028347995372,-154.31532543657622,-9.239855216728406,0.5982687372415012,1.0336592899444295,1.0336592899444295,3.601492734718909e-05,2.350750272234358,5.661515621749105,nan,nan,nan
11.68,246.81802368164062,-154.44947814941406,-9.230424880981445,246.2331004379533,-154.3241786155556,-9.237023723674938,0.5982296539922838,1.0337169557649015,1.0337169557649015,3.529607746904602e-05,1.5798622918184746,5.068460080849267,nan,2.86734439549631,nan
11.69,246.81089782714844,-154.45799255371094,-9.229511260986328,246.22590169797596,-154.33303090074475,-9.236224362923055,0.5982315200626276,1.0337747175567222,1.0337747175567222,3.600369214325393e-05,1.597842609604479,5.0599473204294245,nan,nan,nan
11.700000000000001,246.80374145507812,-154.46652221679688,-9.228614807128906,246.20822979209592,-154.3414576609869,-9.235045343039541,0.608536470279208,1.033688247302387,1.033688247302387,3.5264473688333614e-05,1.5308268943621903,4.789107341087377,0.8512619238420438,0.086654777521441,nan
11.71,246.7965850830078,-154.47503662109375,-9.227736473083496,246.2009829060684,-154.35030727533055,-9.234280026541022,0.6085574590466759,1.0337457212223355,1.0337457212223355,3.5971276461608724e-05,1.5485524504314472,5.038732419012815,nan,nan,nan
11.72,246.78941345214844,-154.48355102539062,-9.226875305175781,246.19372085283285,-154.35915610901503,-9.23403167906487,0.6085844081035,1.0338032907494537,1.0338032907494537,3.525506350080425e-05,1.8108768166391451,5.2919283558005805,nan,0.17277654497617362,nan
11.73,246.78221130371094,-154.4920654296875,-9.226032257080078,246.18644394169047,-154.36800421139466,-9.233308237645588,0.6085908933153036,1.0338609560282417,1.0338609560282417,3.5961957742004014e-05,1.8303091188710257,5.208152791672106,nan,nan,nan
11.74,246.77500915527344,-154.50057983398438,-9.225205421447754,246.17915235185677,-154.37685135384095,-9.23125344759747,0.6085972770205578,1.0339187172031998,1.0339187172031998,3.524655031219054e-05,1.395997156979238,4.814234467511019,nan,1.267396668698659,nan
11.75,246.7677764892578,-154.50909423828125,-9.224394798278809,246.1996486296112,-154.4073076779551,-9.230685049027086,0.5772082258805257,1.0338322489598921,1.0338322489598921,3.593144278114439e-05,1.423415535933326,5.299429371065507,9.388797224167996,nan,nan
11.76,246.7605438232422,-154.51760864257812,-9.223600387573242,246.1923742126582,-154.41618914224907,-9.229625010409361,0.5771818755977008,1.0338897224909382,1.0338897224909382,3.521765417092063e-05,1.3528056469630432,5.220927701916441,nan,0.10006526309222273,nan
11.77,246.7532958984375,-154.526123046875,-9.222822189331055,246.18508562743375,-154.42506978089352,-9.2289570096578,0.5771588261996167,1.0339472915552155,1.0339472915552155,3.592391338301618e-05,1.36979818850587,5.201016043361209,nan,nan,nan
11.78,246.74603271484375,-154.5346221923828,-9.22205924987793,246.1777831993502,-154.43394944860532,-9.226593033423423,0.5771161654221745,1.034004956297224,1.034004956297224,3.521083450933498e-05,0.9058645298654174,4.961284341231675,nan,2.0459056749206423,nan
11.790000000000001,246.73875427246094,-154.5431365966797,-9.221311569213867,246.17046696483635,-154.44282822445373,-9.225940949260476,0.5770906901912716,1.0340627168614644,1.0340627168614644,3.5917242862764216e-05,0.9187242347422776,4.707378449966495,nan,nan,nan
11.8,246.73146057128906,-154.55165100097656,-9.220579147338867,246.16232586902504,-154.4296167925146,-9.226278492801818,0.5820989090307621,1.0339762506120618,1.0339762506120618,3.5183610644753775e-05,1.2509027958440004,4.510386247357227,3.454622977533518,0.6092355697266337,nan
11.81,246.72415161132812,-154.56015014648438,-9.219861030578613,246.1549811829572,-154.43845722753426,-9.22566814148334,0.5820634549528232,1.034033723756618,1.034033723756618,3.588931079291771e-05,1.267240420922966,4.736187261840643,nan,nan,nan
11.82,246.7168426513672,-154.56866455078125,-9.219157218933105,246.14762314475675,-154.44729694933892,-9.227150536286421,0.5820694413109186,1.034091292361686,1.034091292361686,3.517836443668773e-05,2.1438354157305586,5.397114073701584,nan,3.0155505514899983,nan
11.83,246.70950317382812,-154.57716369628906,-9.218467712402344,246.14025180042583,-154.4561359966539,-9.226591593365677,0.5820316380071493,1.034148956571766,1.034148956571766,3.588425227301592e-05,2.166686301691133,5.591404036620192,nan,nan,nan
11.84,246.70216369628906,-154.58567810058594,-9.217791557312012,246.13286732013273,-154.46497427132093,-9.224501406096346,0.5819903782492248,1.0342067165313582,1.0342067165313582,3.517387308771946e-05,1.6074523926161457,4.82608315361294,nan,1.6716194049031667,nan
11.85,246.69480895996094,-154.59417724609375,-9.21712875366211,246.11233945463562,-154.40935296401568,-9.223877175887694,0.6111270580510505,1.0341202522589137,1.0341202522589137,3.585790669441518e-05,1.631155912228269,3.793004679536159,30.27428073008073,nan,nan
11.86,246.68743896484375,-154.60269165039062,-9.216479301452637,246.10490765734255,-154.4180825608135,-9.221748690702444,0.6111063791490126,1.034177725019381,1.034177725019381,3.5148907969817296e-05,1.1510488623504846,3.128479513519077,nan,1.785265929315082,nan
11.870000000000001,246.6800537109375,-154.61119079589844,-9.215843200683594,246.09746310873618,-154.42681109221553,-9.221215172381855,0.611094545044727,1.0342352931688386,1.0342352931688386,3.585433829574071e-05,1.1659170932471596,3.2547544987170696,nan,nan,nan
11.88,246.6726531982422,-154.61968994140625,-9.215219497680664,246.09000611753132,-154.4355385493351,-9.218504247878654,0.6110647637088136,1.0342929568517867,1.0342929568517867,3.514582440684899e-05,0.6680040383276731,2.748751413374272,nan,3.3616949249367885,nan
11.89,246.66525268554688,-154.62818908691406,-9.214608192443848,246.08253678124342,-154.4442650360825,-9.217976392594714,0.6110623751915527,1.0343507162127257,1.0343507162127257,3.585148422419224e-05,0.6774237702576362,2.7842618502463976,nan,nan,nan
11.9,246.6578369140625,-154.63668823242188,-9.214009284973145,246.0711922592336,-154.42957613813067,-9.219166351302693,0.6221526870263608,1.0342642539004638,1.0342642539004638,3.512223939695871e-05,1.1314468576796266,2.933475870766868,4.409936578599781,1.7872104946464251,nan
11.91,246.65040588378906,-154.6451873779297,-9.213421821594238,246.06369242801574,-154.43826218753216,-9.218683021230056,0.6221562455108309,1.034321726279232,1.034321726279232,3.582726741280484e-05,1.146809361906612,2.9530718191409595,nan,nan,nan
11.92,246.64295959472656,-154.6536865234375,-9.212846755981445,246.05618073443424,-154.44694744913346,-9.216688479383615,0.6221456698947216,1.0343792939766463,1.0343792939766463,3.5120450730885554e-05,0.7944211062997601,2.5574182866464032,nan,1.6287403660116953,nan
11.93,246.635498046875,-154.6621856689453,-9.212282180786133,246.0486574703484,-154.4556319392096,-9.216215391559707,0.6221428900765524,1.034436957137207,1.034436957137207,3.5825737123916705e-05,0.8059778997783863,2.5857261856244813,nan,nan,nan
11.94,246.62803649902344,-154.67068481445312,-9.211730003356934,246.04112278652,-154.4643155619974,-9.214122458884505,0.6221428277551381,1.034494715905414,1.034494715905414,3.511928278887586e-05,0.5371327093148466,2.2968966608722567,nan,1.867972689467399,nan
11.950000000000001,246.6205596923828,-154.67918395996094,-9.211188316345215,246.04352640897412,-154.47722813840986,-9.213551109387994,0.6113584438042509,1.0344082555367295,1.0344082555367295,3.5802814255432564e-05,0.5172527578940196,2.278047114544443,1.324313595825144,nan,nan
11.96,246.61306762695312,-154.68768310546875,-9.210657119750977,246.03598554056083,-154.4859167424308,-9.213231129793401,0.611342804992542,1.0344657275361768,1.0344657275361768,3.509753769036666e-05,0.5500562832933706,2.318537300991414,nan,0.012807744514749303,nan
11.97,246.60557556152344,-154.69618225097656,-9.210137367248535,246.0284333968289,-154.49460466545432,-9.212789164781556,0.6113375771891049,1.034523294785083,1.034523294785083,3.580249526140635e-05,0.5576666255703187,2.3183114281555937,nan,nan,nan
11.98,246.5980682373047,-154.7046661376953,-9.209627151489258,246.02087019452614,-154.50329186373827,-9.213914339226287,0.6113326089599713,1.0345809574279485,1.0345809574279485,3.5097512117508976e-05,0.8849011525580281,2.783250444793697,nan,1.6995752488452494,nan
11.99,246.59054565429688,-154.71316528320312,-9.209127426147461,246.01329605212763,-154.5119781702516,-9.213510219366096,0.6113203468711934,1.0346387156092736,1.0346387156092736,3.580275685579456e-05,0.8977019384581173,2.6352546811595645,nan,nan,nan
12.0,246.5830078125,-154.72164916992188,-9.208637237548828,246.0217478040878,-154.5548194124826,-9.213483403307846,0.5855496992849363,1.0345522571677281,1.0345522571677281,3.507687974093864e-05,1.0009330676427686,3.3973586010511694,9.959703697410085,0.11965807654284283,nan
12.01,246.57546997070312,-154.7301483154297,-9.208157539367676,246.0141787221694,-154.56356069398768,-9.21310445810673,0.5855115483944568,1.0346097287902212,1.0346097287902212,3.578154681162547e-05,1.0152600821450353,3.2200343535727165,nan,nan,nan
12.02,246.5679168701172,-154.73863220214844,-9.207686424255371,246.00659914349606,-154.5723010817662,-9.21067353996286,0.5854507278046298,1.0346672955941236,1.0346672955941236,3.507789399963706e-05,0.5856324989193358,2.9695902870433293,nan,2.9906796230193433,nan
12.030000000000001,246.56036376953125,-154.74713134765625,-9.207225799560547,245.99900929320944,-154.58104044436067,-9.21029520391687,0.585418190259902,1.0347249577239355,1.0347249577239355,3.578286931848808e-05,0.5944931934821627,2.7768157315900246,nan,nan,nan
12.040000000000001,246.5527801513672,-154.755615234375,-9.20677375793457,245.99140913592524,-154.5897788665775,-9.210094753771,0.5853632606133922,1.0347827153241569,1.0347827153241569,3.507940699735007e-05,0.6455231646822942,2.990237478502495,nan,0.01975780593032494,nan
12.05,246.5452117919922,-154.76409912109375,-9.206330299377441,245.9422188009364,-154.6026074252577,-9.209755767643212,0.6242530327673724,1.0346962587934774,1.0346962587934774,3.57626899860855e-05,0.7047156867753942,3.3640747038693943,12.109929195641246,nan,nan
12.06,246.53761291503906,-154.77259826660156,-9.205896377563477,245.9345296744313,-154.61135082912944,-9.207779775829286,0.6242705169894793,1.0347537300413716,1.0347537300413716,3.5060237028925695e-05,0.4777952730943618,2.8595746990385713,nan,1.8698147068128057,nan
12.07,246.53001403808594,-154.7810821533203,-9.20547103881836,245.92683082631586,-154.62009345977268,-9.207427522378484,0.6243005480050108,1.0348112964037433,1.0348112964037433,3.576497281905301e-05,0.4836634381310294,3.0735284396167777,nan,nan,nan
12.08,246.52239990234375,-154.78956604003906,-9.20505428314209,245.91912234316027,-154.62883534967153,-9.208901245040819,0.6243340190605126,1.034868958025092,1.034868958025092,3.5062654184439384e-05,0.798721265617182,3.360993067621462,nan,2.3210346965343276,nan
12.09,246.51478576660156,-154.7980499267578,-9.204645156860352,245.91140427094766,-154.63757645690478,-9.208586060719716,0.6243688769849479,1.0349267150499186,1.0349267150499186,3.5767716637217855e-05,0.8108759255161553,3.418421469185176,nan,nan,nan
12.1,246.5071563720703,-154.80653381347656,-9.204244613647461,245.87322309917866,-154.63600291132744,-9.209008210792566,0.6564867667551862,1.0348402604139941,1.0348402604139941,3.5044359935727536e-05,1.0639613051505639,3.6952010522751415,7.163916176718264,0.37326264642877194,nan
12.11,246.49951171875,-154.8150177001953,-9.203852653503418,245.86543586509418,-154.64472539550482,-9.20871864157705,0.6565632757519134,1.0348977312896337,1.0348977312896337,3.574888118141517e-05,1.0788541164407437,3.65032170810188,nan,nan,nan
12.120000000000001,246.4918670654297,-154.82350158691406,-9.20346736907959,245.85763930426302,-154.65344712932733,-9.208891085687343,0.6566527151253126,1.034955297213917,1.034955297213917,3.504759083859764e-05,1.2559368794768206,3.9111154402994663,nan,0.14447680407129643,nan
12.13,246.4842071533203,-154.8319854736328,-9.20309066772461,245.849833692411,-154.6621681371396,-9.208623921500282,0.6567329994579567,1.0350129583313445,1.0350129583313445,3.575245370253758e-05,1.27303640260095,3.8490076104325874,nan,nan,nan
12.14,246.47653198242188,-154.8404541015625,-9.20272159576416,245.84201921255945,-154.67088830867044,-9.209776187801406,0.6568171591138674,1.035070714786416,1.035070714786416,3.505121303233207e-05,1.8365879279451867,4.521021538799141,nan,1.4012251392204158,nan
12.15,246.46885681152344,-154.84893798828125,-9.202359199523926,245.8167623659824,-154.6935917064361,-9.209557162272855,0.6703815658684993,1.0349842620292964,1.0349842620292964,3.573441913446381e-05,1.8840518453059019,4.909305114635888,3.474341548486481,nan,nan
12.16,246.461181640625,-154.857421875,-9.202004432678223,245.80890163897308,-154.70233350900318,-9.208658740786582,0.6704967424521828,1.035041732535014,1.035041732535014,3.503405114311211e-05,1.6982108448641942,4.751343784038396,nan,0.31741553766860364,nan
12.17,246.4534912109375,-154.86590576171875,-9.201656341552734,245.80103224000723,-154.71107437332603,-9.208432830082929,0.6706126962530633,1.0350992980246219,1.0350992980246219,3.573873289322677e-05,1.7193301392420128,4.708978412054632,nan,nan,nan
12.18,246.44578552246094,-154.87437438964844,-9.201315879821777,245.79315442707014,-154.71981424206083,-9.208826836802867,0.670725428448983,1.03515695864262,1.03515695864262,3.5038370101942154e-05,2.044616139497032,5.122908371812152,nan,0.26379667080335795,nan
12.19,246.43807983398438,-154.8828582763672,-9.200981140136719,245.78526826958225,-154.7285531565062,-9.208623017676214,0.6708438021811025,1.0352147145335087,1.0352147145335087,3.574340385885737e-05,2.0684864754651713,5.042208886857701,nan,nan,nan
12.200000000000001,246.43035888671875,-154.89132690429688,-9.200654029846191,245.76069785317486,-154.7407679055615,-9.20847492995626,0.6864219390621168,1.0351282636394024,1.0351282636394024,3.502187985913026e-05,2.201647975261307,5.516172762743835,2.1528694579629577,0.0077631085130826045,nan
12.21,246.42263793945312,-154.89981079101562,-9.200332641601562,245.7527674218061,-154.7495106347091,-9.208286508751595,0.6865711262506454,1.0351857337775194,1.0351857337775194,3.572639526201076e-05,2.2260883552792015,5.438459906011232,nan,nan,nan
12.22,246.41490173339844,-154.9082794189453,-9.200017929077148,245.74482861005632,-154.75825255681698,-9.206856055573386,0.6866970292345207,1.0352432988358344,1.0352432988358344,3.5026817970457846e-05,1.7904306973184612,5.096215103458536,nan,1.1010211005331514,nan
12.23,246.4071502685547,-154.916748046875,-9.19970989227295,245.73688170584055,-154.76699370419178,-9.206670247291246,0.6868294954771139,1.0353009589588476,1.0353009589588476,3.5731695680138375e-05,1.8114453143471838,5.0243863826362505,nan,nan,nan
12.24,246.3994140625,-154.92523193359375,-9.199407577514648,245.72892678424085,-154.77573391255882,-9.206370430670207,0.6869871395628759,1.0353587142910592,1.0353587142910592,3.5032055446290204e-05,1.839700016063115,5.055588662867849,nan,0.010341287754685716,nan
12.25,246.3916473388672,-154.93370056152344,-9.199111938476562,245.66312344821102,-154.74050830166146,-9.206081047875264,0.7537366098400557,1.0352722652443294,1.0352722652443294,3.57152928470638e-05,1.9085951117648317,5.241827886081879,37.19664281657038,nan,nan
12.26,246.38388061523438,-154.94216918945312,-9.198822021484375,245.65505737349199,-154.74917422619285,-9.206167122980068,0.7539789944446087,1.0353297350171558,1.0353297350171558,3.501641701928342e-05,2.0897538038006096,5.506827380161145,nan,0.04565043100564518,nan
12.27,246.37611389160156,-154.9506378173828,-9.19853687286377,245.64698347097243,-154.7578394973736,-9.206008143286043,0.7542268772504169,1.035387299647531,1.035387299647531,3.572114859000037e-05,2.1120183347161414,5.633445063050253,nan,nan,nan
12.280000000000001,246.3683319091797,-154.9591064453125,-9.198258399963379,245.63890222303093,-154.76650402965876,-9.204975787673344,0.754459065058127,1.035444959279956,1.035444959279956,3.5022175732864476e-05,1.8381007153323188,5.208571955288594,nan,0.5461957505612192,nan
12.290000000000001,246.3605499267578,-154.9675750732422,-9.197985649108887,245.6308137545358,-154.77516784991613,-9.20482142711233,0.7547066638755608,1.0355027140589306,1.0355027140589306,3.572727399965152e-05,1.8579130791364233,5.303957056180632,nan,nan,nan
12.3,246.35275268554688,-154.97604370117188,-9.197717666625977,245.62688598197232,-154.78258861758644,-9.201885101851076,0.7512154872202721,1.0354162668440947,1.0354162668440947,3.500703799173787e-05,1.0411202795026469,4.332982625794619,0.20103147547316969,5.647442651491568,nan
12.31,246.34495544433594,-154.98451232910156,-9.197455406188965,245.61878990653315,-154.7912489695705,-9.201716456109589,0.7514554351231159,1.0354737362539292,1.0354737362539292,3.57116306360732e-05,1.0537435853732342,4.412236446011297,nan,nan,nan
12.32,246.33714294433594,-154.99298095703125,-9.197197914123535,245.61068683711144,-154.79990874142356,-9.200945061718238,0.7516843734430837,1.0355313004596898,1.0355313004596898,3.501325296004443e-05,0.9466513344847228,4.21187684101793,nan,0.2617272109203481,nan
12.33,246.32933044433594,-155.00144958496094,-9.196946144104004,245.6025767252914,-154.80856792814754,-9.200782778314531,0.7519235476045378,1.0355889596058765,1.0355889596058765,3.5718219191511424e-05,0.9580526472285874,4.281512875172434,nan,nan,nan
12.34,246.32150268554688,-155.00991821289062,-9.196699142456055,245.5944596076912,-154.8172266165557,-9.199870990651844,0.75215141359765,1.0356467138369896,1.0356467138369896,3.501969080289976e-05,0.8335343711334577,4.05999287874292,nan,0.40260897638872567,nan
12.35,246.3136749267578,-155.0183868408203,-9.196456909179688,245.6008674426987,-154.87343026885077,-9.199693731128047,0.7274045601342962,1.0355602684387173,1.0355602684387173,3.5703020354345725e-05,0.8043868504315503,4.629385461374487,17.147188519538417,nan,nan
12.36,246.3058319091797,-155.02684020996094,-9.196219444274902,245.5927610622394,-154.88216605335072,-9.199227448615343,0.7276054510771235,1.0356177374878475,1.0356177374878475,3.500517281552924e-05,0.769671761175122,4.673492083313211,nan,0.06961907172076094,nan
12.370000000000001,246.29798889160156,-155.03530883789062,-9.1959867477417,245.5846479504711,-154.89090127533325,-9.19907769234728,0.7278175570534277,1.0356753012722888,1.0356753012722888,3.571001074177435e-05,0.7790045759230019,4.5614263201857295,nan,nan,nan
12.38,246.29014587402344,-155.0437774658203,-9.195758819580078,245.57652824602638,-154.8996360056623,-9.199825015667383,0.7280408048147052,1.0357329599365412,1.0357329599365412,3.501198736087002e-05,0.9839777136533197,4.817799865499759,nan,0.5609827824197932,nan
12.39,246.28228759765625,-155.05223083496094,-9.195535659790039,245.5684020501553,-154.9083702473508,-9.199695043666798,0.7282484082183082,1.035790713625105,1.035790713625105,3.571719895931121e-05,0.9963772416629569,4.901325193097655,nan,nan,nan
12.4,246.27442932128906,-155.06069946289062,-9.195316314697266,245.55691486260494,-154.92131227626356,-9.198993126834154,0.7309372785431489,1.0357042700282153,1.0357042700282153,3.499783066748775e-05,0.9021177457555543,4.857028319524502,0.2549867218403568,0.2075980258862319,nan
12.41,246.2665557861328,-155.06915283203125,-9.195101737976074,245.54877042738093,-154.93005221272887,-9.19886787803782,0.7311490869445436,1.0357617387189177,1.0357617387189177,3.570254215342443e-05,0.9133852277129468,4.931575187630896,nan,nan,nan
12.42,246.25868225097656,-155.07762145996094,-9.194891929626465,245.5406196687212,-154.93879130397573,-9.198741261647106,0.7313702903475858,1.0358193020853073,1.0358193020853073,3.500496879435252e-05,0.9396838860929704,4.809418189403841,nan,3.085946258219568e-05,nan
12.43,246.25079345703125,-155.08607482910156,-9.194685935974121,245.53246270640614,-154.9475297564806,-9.198626406939669,0.7315800241618249,1.035876960271884,1.035876960271884,3.571005846023865e-05,0.9514738830262248,4.91333071330364,nan,nan,nan
12.44,246.24290466308594,-155.0945281982422,-9.194483757019043,245.52429949285147,-154.9562676711165,-9.198627009251151,0.7317967823021904,1.035934713423148,1.035934713423148,3.501226788646504e-05,1.0072341953631105,5.0318267053780446,nan,0.00858535363830066,nan
12.450000000000001,246.23501586914062,-155.10299682617188,-9.19428539276123,245.50899349614002,-154.9421436951773,-9.198615787954457,0.7436403486704556,1.0358482716126072,1.0358482716126072,3.56957165287312e-05,1.0591829760570959,4.747238783375202,4.363053614411015,nan,nan
12.46,246.22711181640625,-155.1114501953125,-9.194091796875,245.50080654158555,-154.95084275444054,-9.197492897902341,0.7438586356183641,1.0359057399471472,1.0359057399471472,3.4998544165805535e-05,0.8646489800402326,4.567565246835046,nan,0.7435249731373048,nan
12.47,246.21920776367188,-155.11990356445312,-9.193901062011719,245.49261363332948,-154.95954105558198,-9.197390968560672,0.7440882635461904,1.0359633028987243,1.0359633028987243,3.570351139343284e-05,0.8755625604991035,4.679193416673678,nan,nan,nan
12.48,246.2113037109375,-155.12835693359375,-9.19371509552002,245.48441488768006,-154.96823871324648,-9.196836213017574,0.7443218035488389,1.0360209606118387,1.0360209606118387,3.500610420098712e-05,0.8130196914592067,4.645063536564167,nan,0.14793914991528534,nan
12.49,246.20338439941406,-155.13681030273438,-9.19353199005127,245.4762105177464,-154.97693575483075,-9.196739459778856,0.7445481939465333,1.0360787132309905,1.0360787132309905,3.5711446764065885e-05,0.823121271616694,4.562025934287225,nan,nan,nan
12.5,246.19546508789062,-155.145263671875,-9.193353652954102,245.44513598163263,-154.98668216307394,-9.197338703226086,0.7669144302053593,1.0359922731919107,1.0359922731919107,3.4992631237207964e-05,1.0215364438703696,5.306963739030758,3.7715148852082647,0.2844632722116654,nan
12.51,246.18753051757812,-155.15371704101562,-9.193178176879883,245.43688277208344,-154.9953794229905,-9.197258782247347,0.7671763098781736,1.0360497411725422,1.0360497411725422,3.569747431569569e-05,1.0345213641348792,5.210430949886849,nan,nan,nan
12.52,246.17959594726562,-155.16217041015625,-9.193005561828613,245.42862371037532,-155.0040759232335,-9.198886623315344,0.7674553760705618,1.0361073037125188,1.0361073037125188,3.5000409798191614e-05,1.5566138598327928,5.816883589457223,nan,2.048214006786699,nan
12.530000000000001,246.17166137695312,-155.17062377929688,-9.192837715148926,245.42035908896682,-155.0127717399155,-9.198832667969675,0.7677293362439903,1.0361649609563406,1.0361649609563406,3.5705631154253005e-05,1.5753504785682275,5.839792032377589,nan,nan,nan
12.540000000000001,246.16371154785156,-155.1790771484375,-9.192672729492188,245.41208910286147,-155.02146685233598,-9.198107174386159,0.7679888270290115,1.0362227130485075,1.0362227130485075,3.500830063125424e-05,1.4127661540851235,5.542099493007403,nan,0.3223165211285372,nan
12.55,246.15576171875,-155.18753051757812,-9.192510604858398,245.41437231573448,-155.03752926749812,-9.19791113746416,0.756430953677662,1.0361362747661451,1.0361362747661451,3.5691872259579975e-05,1.3693579202312869,5.459801536507845,2.0876955553457766,nan,nan
12.56,246.14781188964844,-155.19598388671875,-9.192351341247559,245.40610873263182,-155.04623520825137,-9.19918239711294,0.7567000086925969,1.036193742395111,1.036193742395111,3.499511453859902e-05,1.8859733696448437,6.038193204320393,nan,1.2348460933845535,nan
12.57,246.1398468017578,-155.20443725585938,-9.192195892333984,245.397839830707,-155.05494057847602,-9.199148761852799,0.7569491026688718,1.0362513045266715,1.0362513045266715,3.5700211475968885e-05,1.9070016234507152,5.895154299081308,nan,nan,nan
12.58,246.1318817138672,-155.21287536621094,-9.192044258117676,245.38956577663456,-155.06364533329634,-9.196721016502634,0.7571818972098091,1.0363089613053265,1.0363089613053265,3.5003176267992136e-05,1.1780754107023688,5.355436750331162,nan,4.060272931172566,nan
12.59,246.12391662597656,-155.22132873535156,-9.19189453125,245.38128668066258,-155.07234943632895,-9.196671592542854,0.7574410125738561,1.0363667128755762,1.0363667128755762,3.570864678808945e-05,1.192632518887538,5.288184166462258,nan,nan,nan
12.6,246.11593627929688,-155.2297821044922,-9.19174861907959,245.39649366518324,-155.05655134582057,-9.196845082724396,0.7400219893315906,1.0362802763353287,1.0362802763353287,3.499015583966366e-05,1.2707562159346768,4.374896495307306,8.20733677540025,0.059458151274408386,nan
12.61,246.1079559326172,-155.23822021484375,-9.191604614257812,245.38824316892314,-155.06521410872068,-9.196805302261474,0.7402328161704954,1.036337743614861,1.036337743614861,3.569512444843852e-05,1.2864324983133866,4.612921890972811,nan,nan,nan
12.620000000000001,246.0999755859375,-155.24667358398438,-9.1914644241333,245.37998757315933,-155.07387625125833,-9.193188721281645,0.7404354326625358,1.036395305341163,1.036395305341163,3.49983553763536e-05,0.6139415246748529,3.809911599962663,nan,9.054427648225921,nan
12.63,246.09197998046875,-155.25511169433594,-9.191326141357422,245.37172705709003,-155.08253778768446,-9.193120987717752,0.740641106316688,1.0364529616587341,1.0364529616587341,3.570369957450424e-05,0.619481182434455,3.8743981521605138,nan,nan,nan
12.64,246.083984375,-155.26356506347656,-9.191191673278809,245.3634616803417,-155.09119865283813,-9.191426718824289,0.7408530139511229,1.0365107127120752,1.0365107127120752,3.5006630053739273e-05,0.5311077987414078,3.664443868694975,nan,1.8763179082036434,nan
12.65,246.07598876953125,-155.27200317382812,-9.191059112548828,245.36504058260863,-155.15019885095083,-9.191509509757596,0.7213070222989687,1.03642427789948,1.03642427789948,3.569031403648221e-05,0.5076825073046288,4.712633527670832,19.384328756986722,nan,nan
12.66,246.06797790527344,-155.2804412841797,-9.190929412841797,245.356781900165,-155.15894154040572,-9.193712393059245,0.7215051561827023,1.0364817448317998,1.0364817448317998,3.4993785716600366e-05,0.7235637841592795,4.8240536691975695,nan,3.6463772839676505,nan
12.67,246.0599822998047,-155.2888946533203,-9.190802574157715,245.34851878344762,-155.1676838514581,-9.193669750771168,0.7217205929561544,1.0365393061559736,1.0365393061559736,3.569899883845073e-05,0.7327892057427153,4.8291862756911055,nan,nan,nan
12.68,246.0519561767578,-155.29733276367188,-9.190677642822266,245.3402512027469,-155.17642557459087,-9.193687229726596,0.7219082878154682,1.0365969620165019,1.0365969620165019,3.500216345457745e-05,0.7615165858027646,4.8059704821412,nan,0.002244998279724724,nan
12.69,246.0439453125,-155.30577087402344,-9.190555572509766,245.33197913284454,-155.1851664056526,-9.193652485550205,0.7221155514421389,1.0366547125578849,1.0366547125578849,3.5707746438067066e-05,0.7715973684345119,4.986161091412759,nan,nan,nan
12.700000000000001,246.03591918945312,-155.31422424316406,-9.190435409545898,245.32128186846745,-155.20433580960457,-9.194391375984965,0.7230474521400417,1.0365682794586184,1.0365682794586184,3.498942141078027e-05,0.951607780079581,5.214715993446827,1.814011255739954,0.2691270148832691,nan
12.71,246.02789306640625,-155.32266235351562,-9.19031810760498,245.31299716575683,-155.21309270209173,-9.194372995985084,0.7232552104190333,1.036625746045935,1.036625746045935,3.569449837823865e-05,0.9652348611880159,5.451153253548641,nan,nan,nan
12.72,246.01986694335938,-155.3311004638672,-9.190203666687012,245.30470810349132,-155.2218490526604,-9.193529406067965,0.7234632662647956,1.0366833069710855,1.0366833069710855,3.499787699412729e-05,0.8209024838309809,5.3188535238956245,nan,0.4847744789134874,nan
12.73,246.01182556152344,-155.33953857421875,-9.190091133117676,245.29641474648074,-155.23060476035909,-9.19350939852539,0.7236649049252513,1.0367409623785697,1.0367409623785697,3.570332536165409e-05,0.8323881035814785,5.219731729216029,nan,nan,nan
12.74,246.00379943847656,-155.3479766845703,-9.189980506896973,245.288117161549,-155.23935973781252,-9.194216125581745,0.7238899799671588,1.0367987124128883,1.0367987124128883,3.50063803792559e-05,1.0178919760218386,5.606435341072037,nan,0.3693981898239909,nan
12.75,245.99574279785156,-155.35641479492188,-9.189871788024902,245.31041163280005,-155.26001671753653,-9.194286116847545,0.6920916712498445,1.0367122810127627,1.0367122810127627,3.569015799942924e-05,1.007995181033729,5.210315742135196,7.734663009399238,nan,nan
12.76,245.98770141601562,-155.36485290527344,-9.189765930175781,245.30215582814537,-155.2687898769899,-9.194096461773741,0.692256897369245,1.036769747257275,1.036769747257275,3.499373336464907e-05,0.9981160234194715,5.30938198275879,nan,0.02492534126746363,nan
12.77,245.97964477539062,-155.373291015625,-9.189661979675293,245.2938959528015,-155.27756252136564,-9.194095799555805,0.6924124862062067,1.0368273077864802,1.0368273077864802,3.5699041668283913e-05,1.013067219831398,5.2265553632695765,nan,nan,nan
12.780000000000001,245.97158813476562,-155.38172912597656,-9.189559936523438,245.28563219665548,-155.28633466889934,-9.19179868446104,0.6925609456661187,1.0368849627448784,1.0368849627448784,3.500229056542918e-05,0.6057640497378766,4.8447939594529075,nan,3.733698423087501,nan
12.790000000000001,245.96353149414062,-155.39016723632812,-9.189460754394531,245.27736452438782,-155.29510628759715,-9.191781350903817,0.6927243892931284,1.0369427122769697,1.0369427122769697,3.570796410223736e-05,0.6135772708813345,4.850358120410942,nan,nan,nan
12.8,245.95547485351562,-155.3986053466797,-9.189362525939941,245.25907108490944,-155.3167349381354,-9.191889086497646,0.7012042186356002,1.0368562825619316,1.0368562825619316,3.4989700453905876e-05,0.6566432282387238,5.439143417829127,1.854644388958275,0.007800103799241979,nan
12.81,245.94740295410156,-155.4070281982422,-9.1892671585083,245.25077936734607,-155.32552649681347,-9.191878987524111,0.7013799046242143,1.0369137484658273,1.0369137484658273,3.569486318573334e-05,0.6655246845263212,5.534441419777697,nan,nan,nan
12.82,245.9393310546875,-155.41546630859375,-9.189172744750977,245.2424838624471,-155.33431755928615,-9.192372281523127,0.7015635152165984,1.0369713086021397,1.0369713086021397,3.499829269930467e-05,0.7671343125041672,5.46079674396921,nan,0.17690209468711157,nan
12.83,245.93125915527344,-155.4239044189453,-9.189080238342285,245.23418452297926,-155.34310826319657,-9.192373111305587,0.7017491751218429,1.037028963115369,1.037028963115369,3.5703822065096124e-05,0.7785509006292168,5.501672107069808,nan,nan,nan
12.84,245.92318725585938,-155.43234252929688,-9.188990592956543,245.22588153872317,-155.35189843615314,-9.193953676077383,0.7019481088133348,1.0370867121500154,1.0370867121500154,3.500691344786797e-05,1.1787250825745132,5.871406224880766,nan,1.755332496740706,nan
12.85,245.91510009765625,-155.44076538085938,-9.188901901245117,245.24089372257217,-155.34550237911822,-9.194065032013658,0.6809228543851998,1.0370002841061443,1.0370002841061443,3.569076257349191e-05,1.1940006266867318,5.428761367102357,5.72994036601577,nan,nan
12.86,245.90701293945312,-155.44920349121094,-9.188815116882324,245.232621432635,-155.35426669397788,-9.195046325872292,0.6810695470381636,1.0370577496716002,1.0370577496716002,3.499436155280524e-05,1.556792266804207,5.5698909336713776,nan,0.6438130788254003,nan
12.870000000000001,245.89892578125,-155.45762634277344,-9.188730239868164,245.22434554140102,-155.36303027001557,-9.195085292850901,0.6812101758446731,1.037115309418047,1.037115309418047,3.569974119493422e-05,1.5786897416865258,5.8163498801369515,nan,nan,nan
12.88,245.89083862304688,-155.466064453125,-9.18864631652832,245.21606605309526,-155.3717931371495,-9.196427783276462,0.6813704230443316,1.0371729634899847,1.0371729634899847,3.50030019602493e-05,2.1774543050073016,6.215325359721861,nan,1.1946473083836269,nan
12.89,245.8827362060547,-155.4744873046875,-9.188565254211426,245.2077829928966,-155.3805555649959,-9.19648503964081,0.6815040239610998,1.0372307120319133,1.0372307120319133,3.5708742039268265e-05,2.2042329046310907,6.317324847643077,nan,nan,nan
12.9,245.8746337890625,-155.48292541503906,-9.188485145568848,245.23443590842368,-155.43396080421783,-9.194759478538925,0.6420982999055007,1.0371442856454205,1.0371442856454205,3.499047601230111e-05,1.5225713503724216,6.275853587353668,22.450120843382887,2.4146335893046276,nan
12.91,245.8665313720703,-155.49134826660156,-9.188406944274902,245.22620323163554,-155.44279549451178,-9.194804796130441,0.642198124894977,1.0372017508746025,1.0372017508746025,3.569570049241619e-05,1.5442935468565728,6.540526178930996,nan,nan,nan
12.92,245.85842895507812,-155.49978637695312,-9.188329696655273,245.21796741077392,-155.45162969490036,-9.194852651073564,0.6423025803258128,1.0372593102341852,1.0372593102341852,3.641523493662151e-05,1.5661300415906831,6.311857215483034,nan,nan,nan
12.93,245.85032653808594,-155.50820922851562,-9.188254356384277,245.20972853184105,-155.46046335976357,-9.194903105595545,0.6424092772165471,1.0373169638686686,1.0373169638686686,3.714922384511707e-05,1.5877547184243666,6.577786273105995,nan,nan,nan
12.94,245.8422088623047,-155.51663208007812,-9.188180923461914,245.20148644383582,-155.46929644374833,-9.19363356035353,0.6424917207594305,1.0373747119225531,1.0373747119225531,3.636646777521663e-05,1.2154403731661252,6.1107377017954025,nan,1.1422115905318648,nan
12.950000000000001,245.83409118652344,-155.5250701904297,-9.188108444213867,245.20833720877252,-155.47051473368,-9.193599446662066,0.6281516454170513,1.0372882871797788,1.0372882871797788,3.707537006803888e-05,1.1935995345376922,5.535764654884835,2.2278506984893856,nan,nan
12.96,245.8259735107422,-155.5334930419922,-9.188037872314453,245.20011330173537,-155.4793343497984,-9.194713785433526,0.6282346161858416,1.037345752074842,1.037345752074842,3.62963238658135e-05,1.608314713521474,6.181081685034554,nan,0.7521366641702388,nan
12.97,245.81785583496094,-155.5419158935547,-9.187968254089355,245.19188618817992,-155.4881532942285,-9.1947700603106,0.6283109742359496,1.0374033110505374,1.0374033110505374,3.702676163528392e-05,1.6299865695429654,6.204260090798396,nan,nan,nan
12.98,245.80972290039062,-155.5503387451172,-9.187899589538574,245.18365589572753,-155.49697174618433,-9.1957953917116,0.6283870420329181,1.0374609642513655,1.0374609642513655,3.625037268674145e-05,2.100360386537186,6.627425379845981,nan,0.6141436937209022,nan
12.99,245.8015899658203,-155.55877685546875,-9.187832832336426,245.17542245866818,-155.50578963976025,-9.195866211484525,0.6284567823026432,1.0375187118218265,1.0375187118218265,3.697960427115163e-05,2.1257693336288757,6.362722767241808,nan,nan,nan
13.0,245.79347229003906,-155.56719970703125,-9.18776798248291,245.19375254043396,-155.4832856095471,-9.1956717993103,0.605613593096642,1.0374322887092389,1.0374322887092389,3.6183285897693454e-05,2.0799706225321137,5.664709143578696,11.75694508415468,0.034277129810528786,nan
13.01,245.7853240966797,-155.57562255859375,-9.187703132629395,245.18555649168962,-155.49205133025376,-9.19574440940282,0.6056153831714634,1.037489753272327,1.037489753272327,3.691046496877881e-05,2.1053188814356587,5.6602028646584,nan,nan,nan
13.02,245.77719116210938,-155.58404541015625,-9.187641143798828,245.17735731589192,-155.50081650847076,-9.194013320142382,0.605613984131101,1.0375473118670875,1.0375473118670875,3.6140201111365296e-05,1.4769872203417789,4.991869489876232,nan,2.1575117511288164,nan
13.030000000000001,245.76905822753906,-155.59246826171875,-9.187579154968262,245.16915516619574,-155.50958110939865,-9.194072747042032,0.6056369620216803,1.0376049646380203,1.0376049646380203,3.6866315808878935e-05,1.4972361583505973,5.0442084879623215,nan,nan,nan
13.040000000000001,245.7609100341797,-155.60089111328125,-9.187519073486328,245.16095002806057,-155.51834523156927,-9.193463323731391,0.6056411195097614,1.0376627117296262,1.0376627117296262,3.60985344822907e-05,1.332277776799578,4.812554648513058,nan,0.2985874973707032,nan
13.05,245.7527618408203,-155.60931396484375,-9.187459945678711,245.16936833515166,-155.53007657366578,-9.193488884609868,0.5887808545814703,1.03757629023382,1.03757629023382,3.680039467847219e-05,1.3217829524451479,4.849162689623499,2.020499077159792,nan,nan
13.06,245.74461364746094,-155.61773681640625,-9.18740177154541,245.1611846857045,-155.53884438703366,-9.193149188669315,0.5887668482787436,1.0376337544670664,1.0376337544670664,3.603599916778608e-05,1.2507033477000173,4.774401130255123,nan,0.10574641179394906,nan
13.07,245.73646545410156,-155.62615966796875,-9.187344551086426,245.1529982755872,-155.54761183351968,-9.193206421787355,0.5887597746349982,1.0376913126838196,1.0376913126838196,3.675926665046816e-05,1.268786135753539,4.788821836751602,nan,nan,nan
13.08,245.7283172607422,-155.63458251953125,-9.187289237976074,245.1448090758046,-155.55637906203273,-9.194867529714832,0.5887741614231686,1.0377489650285798,1.0377489650285798,3.5997232716336186e-05,1.929404275168075,5.420997075850693,nan,1.7105006560618998,nan
13.09,245.72015380859375,-155.64300537109375,-9.187234878540039,245.13661709894438,-155.5651458830941,-9.194945214961411,0.5887585588912555,1.0378067116458474,1.0378067116458474,3.671962472202313e-05,1.9529574437877193,5.424643069911655,nan,nan,nan
13.1,245.7119903564453,-155.6514129638672,-9.187180519104004,245.10507360515905,-155.53830749555428,-9.195158737682016,0.6174175588091362,1.0377202917535417,1.0377202917535417,3.5937759818322265e-05,2.1384591248599794,5.085520349246787,12.893827396489607,0.03305881458952576,nan
13.11,245.70382690429688,-155.6598358154297,-9.187129020690918,245.09683819491508,-155.54701532188804,-9.19524111837716,0.6174379023098839,1.0377777556590686,1.0377777556590686,3.665843406268229e-05,2.162404079644431,4.8483473370361825,nan,nan,nan
13.120000000000001,245.69566345214844,-155.6682586669922,-9.187077522277832,245.0886002807812,-155.55572265469314,-9.194699484499807,0.6174529475212852,1.0378353135007183,1.0378353135007183,3.590187567623783e-05,1.9854346969310537,4.688178097840797,nan,0.2627953142101536,nan
13.13,245.6875,-155.6766815185547,-9.187026977539062,245.08035979433697,-155.56442954732373,-9.194779812465095,0.6174786156841159,1.037892965422991,1.037892965422991,3.662179751159403e-05,2.0085768250064397,4.707293436415359,nan,nan,nan
13.14,245.67933654785156,-155.6851043701172,-9.18697738647461,245.07211681408853,-155.57313610134022,-9.193092130040023,0.6174869135237019,1.0379507115703865,1.0379507115703865,3.586740423210403e-05,1.4097660715741283,4.094271601526802,nan,2.1043687967867446,nan
13.15,245.67115783691406,-155.69351196289062,-9.186928749084473,245.0335594393437,-155.55639826904988,-9.193125292010299,0.6522041695414033,1.0378642932684239,1.0378642932684239,3.6563748918589574e-05,1.459956976085086,3.9661008054631592,10.906231159367108,nan,nan
13.16,245.66297912597656,-155.70193481445312,-9.186882019042969,245.02526202117895,-155.56506218980084,-9.193093096955115,0.6522697284248975,1.037921756848343,1.037921756848343,3.581238863888728e-05,1.4870847927322117,3.797034913231176,nan,0.006783358163752183,nan
13.17,245.65480041503906,-155.71034240722656,-9.186835289001465,245.016962176273,-155.57372560471705,-9.193162237604811,0.6523356496763985,1.0379793143177687,1.0379793143177687,3.653007078952698e-05,1.5057499683291031,4.010047293087039,nan,nan,nan
13.18,245.64662170410156,-155.71876525878906,-9.186789512634277,245.00865993082337,-155.58238845554934,-9.192054502444849,0.652396793940504,1.0380369658212014,1.0380369658212014,3.578074600327244e-05,1.1847203737567686,3.514049795689858,nan,0.937937251731228,nan
13.19,245.63844299316406,-155.72718811035156,-9.186744689941406,245.0003552597356,-155.59105077444053,-9.192115534517526,0.6524708236789359,1.0380947115031414,1.0380947115031414,3.649783666517897e-05,1.200415342437578,3.5233057048420884,nan,nan,nan
13.200000000000001,245.63026428222656,-155.735595703125,-9.186700820922852,244.99522607434477,-155.58774808023938,-9.190478507990909,0.6520327568322243,1.0380082947784854,1.0380082947784854,3.572865986908572e-05,0.8089905459053064,3.1165913968763013,1.6886732843072547,2.246435855325037,nan
13.21,245.6220703125,-155.7440185546875,-9.18665885925293,244.98692183473477,-155.59639004223433,-9.190527563093719,0.6520910468378079,1.0380657580348973,1.0380657580348973,3.644431720503114e-05,0.8202931726476488,2.88749455903315,nan,nan,nan
13.22,245.6138916015625,-155.75242614746094,-9.186615943908691,244.97861538384424,-155.60503162774947,-9.19086534441526,0.652164913686756,1.0381233151349556,1.0381233151349556,3.569978016510222e-05,0.9154953291051406,3.264912429238402,nan,0.055772467327832156,nan
13.23,245.60569763183594,-155.76084899902344,-9.186574935913086,244.97030670917158,-155.6136728922131,-9.190921107159204,0.6522279664539188,1.03818096622316,1.03818096622316,3.641495024831529e-05,0.928459369373831,3.032860914278878,nan,nan,nan
13.24,245.59750366210938,-155.76925659179688,-9.186534881591797,244.96199568559013,-155.62231387314864,-9.188967747623373,0.6522794413596469,1.0382387114440113,1.0382387114440113,3.567224559289824e-05,0.5757153605645443,2.83703554777757,nan,2.7470229373647195,nan
13.25,245.5893096923828,-155.7776641845703,-9.186494827270508,244.9376066559394,-155.6340803645618,-9.188980694813774,0.6673375012804634,1.0381522962837466,1.0381522962837466,3.63643782666195e-05,0.5989008945013092,3.074329560074455,1.890388055759894,nan,nan
13.26,245.5811004638672,-155.7860870361328,-9.186456680297852,244.92926468384374,-155.64272575915498,-9.186931320477669,0.6674148373678767,1.0382097592187414,1.0382097592187414,3.562434925019786e-05,0.4353723572566403,2.658968522865137,nan,2.9753657127982476,nan
13.27,245.57290649414062,-155.79449462890625,-9.186418533325195,244.92092062501405,-155.6513708616386,-9.186953144107582,0.6675105033677804,1.0382673159522646,1.0382673159522646,3.633779083280078e-05,0.4370129865423045,2.93549144031121,nan,nan,nan
13.280000000000001,245.56471252441406,-155.80291748046875,-9.186381340026855,244.9125745762775,-155.66001537657502,-9.187564989248324,0.6676123993175168,1.0383249666288166,1.0383249666288166,3.559946446601688e-05,0.4686090183051106,2.8261281206144764,nan,0.23597626965781468,nan
13.290000000000001,245.55650329589844,-155.8113250732422,-9.186345100402832,244.90422647166017,-155.66865931653385,-9.187596206801842,0.6676976402854432,1.0383827113928976,1.0383827113928976,3.631255232933485e-05,0.4724447681902969,2.9008310698089668,nan,nan,nan
13.3,245.5482940673828,-155.81973266601562,-9.186308860778809,244.91211661082835,-155.67209711637466,-9.18685392029594,0.6530836920608062,1.0382962977842267,1.0382962977842267,3.555427193336145e-05,0.41914236741215993,2.654167292323584,2.5234697534799366,0.30350778243287485,nan
13.31,245.5400848388672,-155.82814025878906,-9.186273574829102,244.90379091665307,-155.68073171906238,-9.186879832995563,0.6531459259460698,1.0383537603998836,1.0383537603998836,3.626616232080265e-05,0.4209766643107373,2.666696413256627,nan,nan,nan
13.32,245.53187561035156,-155.83656311035156,-9.186239242553711,244.89546330550013,-155.68936587973346,-9.187861851476889,0.6532153391705298,1.0384113167696818,1.0384113167696818,3.5531939638216006e-05,0.48500266784141555,2.587472603092415,nan,0.6236297662247824,nan
13.33,245.52366638183594,-155.844970703125,-9.186205863952637,244.8871338095932,-155.69799975526715,-9.187900755222191,0.653281752153398,1.0384689670381213,1.0384689670381213,3.6243562603897306e-05,0.4902245537376087,2.751659372586987,nan,nan,nan
13.34,245.5154571533203,-155.85337829589844,-9.186172485351562,244.87880218351097,-155.70663332154672,-9.188758015766545,0.6533531380868604,1.0385267113497025,1.0385267113497025,3.551084371034044e-05,0.5992795197301574,2.8930624069878528,nan,0.45712945708342245,nan
13.35,245.50723266601562,-155.86178588867188,-9.186141014099121,244.88255330501357,-155.7472251733719,-9.188694885281476,0.6351023412096584,1.0384402992799462,1.0384402992799462,3.6199849739356634e-05,0.5685911950156555,3.238241821885614,8.66903950032226,nan,nan
13.36,245.4990234375,-155.8701934814453,-9.186108589172363,244.87423763208093,-155.75590988716107,-9.186694202256724,0.6351522538087709,1.0384977615783337,1.0384977615783337,3.54694617714435e-05,0.3981317580218697,3.1742218939892473,nan,2.88923489435007,nan
13.370000000000001,245.4907989501953,-155.87860107421875,-9.186078071594238,244.86592011743366,-155.76459427986052,-9.186725261476159,0.6351940834486328,1.0385553175871935,1.0385553175871935,3.617977597441477e-05,0.40006968821139804,3.092118133222567,nan,nan,nan
13.38,245.48257446289062,-155.8870086669922,-9.186047554016113,244.857600758315,-155.77327825606864,-9.182922493375427,0.6352452312169248,1.0386129674510258,1.0386129674510258,3.5450767951155176e-05,0.6640053943691093,3.382590135044584,nan,10.119608485519477,nan
13.39,245.47434997558594,-155.89541625976562,-9.186017990112305,244.8492794391336,-155.7819616413718,-9.182918763993907,0.6352910602064541,1.0386707113143308,1.0386707113143308,3.61609226658369e-05,0.6541830862030269,3.3855222860120984,nan,nan,nan
13.4,245.46612548828125,-155.90382385253906,-9.185988426208496,244.8588844315384,-155.77762665483405,-9.182309983251598,0.6202265430029246,1.0385843007709246,1.0385843007709246,3.5411808158752095e-05,0.7524792684265462,3.2278057474624298,3.477217316261153,0.28972840726436766,nan
13.41,245.45790100097656,-155.9122314453125,-9.185959815979004,244.85058854002696,-155.78628793559392,-9.182303929999994,0.6202447568236156,1.0386417627541007,1.0386417627541007,3.612095628111107e-05,0.740398850215165,3.2243819266348863,nan,nan,nan
13.42,245.44967651367188,-155.92063903808594,-9.185931205749512,244.842290782046,-155.79494893540235,-9.18150275709434,0.6202701347419481,1.0386993184047864,1.0386993184047864,3.539540100598443e-05,0.9244413821926285,3.453465891831704,nan,0.43800023950751954,nan
13.43,245.44143676757812,-155.92904663085938,-9.185904502868652,244.83399150962683,-155.8036096460074,-9.181491754854033,0.6202770759276159,1.0387569678674817,1.0387569678674817,3.6104459514453545e-05,0.9097032838682082,3.3733399550053895,nan,nan,nan
13.44,245.43321228027344,-155.9374542236328,-9.185876846313477,244.82569065646803,-155.81227009486574,-9.183683362911186,0.6202889656085872,1.038814711286687,1.038814711286687,3.5380097067572e-05,0.5063683429392479,3.0827499841003236,nan,3.3468902718830225,nan
13.450000000000001,245.4249725341797,-155.94586181640625,-9.185850143432617,244.82072279713674,-155.79928738674852,-9.183724863084828,0.6217767484897767,1.0387283022571818,1.0387283022571818,3.606685813107474e-05,0.49742215844152365,2.697934580204296,3.359005859825822,nan,nan
13.46,245.41673278808594,-155.9542694091797,-9.185824394226074,244.81242384253375,-155.80791222608593,-9.184227009073464,0.6217815358764407,1.0387857639271938,1.0387857639271938,3.53445061324588e-05,0.44436802762660205,2.6484017931080825,nan,0.16366926663440773,nan
13.47,245.40858459472656,-155.96267700195312,-9.185799598693848,244.80416437550747,-155.81653689232013,-9.184249229030794,0.621838513354145,1.038843319222447,1.038843319222447,3.6052592119480474e-05,0.4388929288229475,2.668142149617678,nan,nan,nan
13.48,245.40054321289062,-155.97108459472656,-9.185774803161621,244.7960053902119,-155.82516139337795,-9.183369909811166,0.6219046094482665,1.038900968287442,1.038900968287442,3.5331318991915345e-05,0.5359712353773534,2.7714170211382787,nan,0.5649378463806772,nan
13.49,245.3926544189453,-155.9794921875,-9.185750007629395,244.78797608581212,-155.83378578955245,-9.183386129959194,0.6219902160655157,1.0389587112666787,1.0389587112666787,3.603940021536133e-05,0.5274098307984567,2.81894863436249,nan,nan,nan
13.5,245.38490295410156,-155.98789978027344,-9.185726165771484,244.8113995635202,-155.84967856063471,-9.184560517156882,0.5899259303534762,1.0388723037387382,1.0388723037387382,3.5297841372660587e-05,0.3734829119075042,2.7117539752132913,7.273010649769515,1.0115160243945829,nan
13.51,245.37730407714844,-155.9962921142578,-9.185702323913574,244.80371169706663,-155.85831482237492,-9.184590633132299,0.5899552418782633,1.0389297650976224,1.0389297650976224,3.600506665440123e-05,0.36932882578482945,2.90118184686765,nan,nan,nan
13.52,245.36984252929688,-156.00469970703125,-9.18567943572998,244.79617260871188,-155.86695143254897,-9.186772199358568,0.5899770834864535,1.0389873200401631,1.0389873200401631,3.528664781993286e-05,0.36885151157154317,2.7468698583352102,nan,3.2100839482453427,nan
13.530000000000001,245.36253356933594,-156.0131072998047,-9.185657501220703,244.788781231503,-155.87558829028495,-9.186826549604243,0.5900038896669776,1.0390449687108603,1.0390449687108603,3.59939236584447e-05,0.37299186724707645,2.7345305323558886,nan,nan,nan
13.540000000000001,245.35537719726562,-156.02151489257812,-9.18563461303711,244.7815358414412,-155.88422540944094,-9.187266025430073,0.590038104990577,1.0391027112542142,1.0391027112542142,3.5276413124846e-05,0.4104884756707917,2.8377114549972626,nan,0.10228094784002417,nan
13.55,245.34835815429688,-156.02992248535156,-9.185613632202148,244.78206972625026,-155.88946566572085,-9.187325775521492,0.5834497693503969,1.0390163052156132,1.0390163052156132,3.5961627424804694e-05,0.40914350368785257,2.7482504126240603,0.4843007623847326,nan,nan
13.56,245.3414764404297,-156.038330078125,-9.185592651367188,244.77512137363928,-155.8980987119076,-9.18614215594273,0.5834579673855196,1.039073766265396,1.039073766265396,3.524583827100233e-05,0.3361886107972477,2.7030091691950036,nan,1.080563333220253,nan
13.57,245.33474731445312,-156.04673767089844,-9.185571670532227,244.76831119214086,-155.90673242569918,-9.186193437731154,0.5834824212758377,1.0391313208579216,1.0391313208579216,3.595240399335269e-05,0.33838367758206656,2.723781004615929,nan,nan,nan
13.58,245.328125,-156.05514526367188,-9.185550689697266,244.76163636745014,-155.91536691086128,-9.186988091550564,0.5834804408433452,1.0391889691376903,1.0391889691376903,3.5237421477355995e-05,0.3862430833010834,2.8222918299620794,nan,0.38347086431238014,nan
13.59,245.3216552734375,-156.0635528564453,-9.185531616210938,244.75509436774067,-155.92400231620286,-9.187049567370437,0.5834962873246906,1.0392467112492025,1.0392467112492025,3.5944102422496245e-05,0.3917124904597197,2.776122002893521,nan,nan,nan
13.6,245.3153076171875,-156.0719757080078,-9.185511589050293,244.78021253739647,-155.93395051067762,-9.190279945793677,0.5526304703331554,1.0391603066878274,1.0391603066878274,3.52086459766447e-05,0.9396549737764148,3.394888536304104,7.175191638254765,6.654155375517989,nan
13.61,245.30908203125,-156.08038330078125,-9.185492515563965,244.77397944745027,-155.94259017079392,-9.190376574966107,0.5525808320029683,1.0392177674305239,1.0392177674305239,3.591458667465495e-05,0.957987524259815,3.5592735964542026,nan,nan,nan
13.620000000000001,245.30299377441406,-156.0887908935547,-9.185473442077637,244.76787145561332,-155.9512311000779,-9.190431918698483,0.5525424683682341,1.0392753216757105,1.0392753216757105,3.5201923942636176e-05,0.9921834554304951,3.5799120736065158,nan,0.001273324014629961,nan
13.63,245.29701232910156,-156.0972137451172,-9.185455322265625,244.76188601081276,-155.95987343305126,-9.190530813297743,0.5524928039829242,1.0393329695678875,1.0393329695678875,3.59080226537367e-05,1.011076959342662,3.4575745080333933,nan,nan,nan
13.64,245.29115295410156,-156.10562133789062,-9.185437202453613,244.75602076377328,-155.96851717722717,-9.189895193987686,0.5524345080507687,1.039390711251555,1.039390711251555,3.519601522336369e-05,0.8582562860986678,3.47440953032649,nan,0.3779606504271202,nan
13.65,245.28541564941406,-156.11404418945312,-9.185419082641602,244.68800100634806,-155.94841735484988,-9.18994799703764,0.6199653338340594,1.0393043081554008,1.0393043081554008,3.588022069636062e-05,0.9414555346394324,2.9321193938802006,32.691383094372085,nan,nan
13.66,245.27978515625,-156.12246704101562,-9.185401916503906,244.68226800020176,-155.95701711362122,-9.190710448279036,0.6200230727613283,1.0393617685930157,1.0393617685930157,3.516968072235791e-05,1.171115595059448,3.1348179734789956,nan,0.3117558018261837,nan
13.67,245.27427673339844,-156.13088989257812,-9.185384750366211,244.67664803938433,-155.9656185300514,-9.190813108330493,0.6200839832237548,1.0394193224935175,1.0394193224935175,3.587526826820913e-05,1.1912693246485038,3.1867637207228476,nan,nan,nan
13.68,245.2688751220703,-156.13931274414062,-9.185368537902832,244.6711388806213,-155.97422167636182,-9.189186590597416,0.6201276098742233,1.0394769700014068,1.0394769700014068,3.516529539699641e-05,0.7844825621653009,2.7552538475705735,nan,2.0942745414629287,nan
13.69,245.26358032226562,-156.14773559570312,-9.185352325439453,244.66573847450235,-155.98282653683628,-9.189274741250093,0.6201816330553074,1.0395347112611837,1.0395347112611837,3.5871088461539474e-05,0.7988892906389682,2.797404288825656,nan,nan,nan
13.700000000000001,245.2583770751953,-156.15615844726562,-9.185336112976074,244.6941036112646,-155.98721312834215,-9.188909813997244,0.5890329653096668,1.0394483096183529,1.0394483096183529,3.514045732012155e-05,0.6972169091591626,2.6870022383558405,8.118128634161325,0.18296320055070908,nan
13.71,245.2532958984375,-156.1645965576172,-9.185320854187012,244.6889686482491,-155.99581475485158,-9.188996560723254,0.5890382441476516,1.039505769752881,1.039505769752881,3.5845596277251126e-05,0.7106839364340143,2.5436071201468886,nan,nan,nan
13.72,245.24830627441406,-156.1730194091797,-9.18530559539795,244.68393603390695,-156.00441803938938,-9.19006139006759,0.5890354894640637,1.0395633233113315,1.0395633233113315,3.513747797353062e-05,0.9774247516464428,2.9594862417045555,nan,0.6684580599626678,nan
13.73,245.24342346191406,-156.18145751953125,-9.185290336608887,244.67900379249016,-156.01302318768694,-9.190160400006429,0.5890359962633167,1.0396209704382053,1.0396209704382053,3.5842854743128916e-05,0.9954258612511364,2.8736282419392825,nan,nan,nan
13.74,245.23863220214844,-156.18988037109375,-9.185275077819824,244.67416993973933,-156.02163025912688,-9.190342151303533,0.58902582379261,1.0396787112780024,1.0396787112780024,3.5135172496168846e-05,1.0644414080094051,3.0798464377793553,nan,0.0046543177749132515,nan
13.75,245.23394775390625,-156.1983184814453,-9.185260772705078,244.6879925889391,-156.04475985311302,-9.190340502098513,0.5671623208044745,1.039592311076705,1.039592311076705,3.581877097539287e-05,1.0297921736582265,3.0964987868290024,4.3408127000983425,nan,nan
13.76,245.22933959960938,-156.20675659179688,-9.185246467590332,244.68337982194055,-156.05339471256272,-9.190465835862465,0.5671147914131551,1.0396497709101296,1.0396497709101296,3.5112338515230304e-05,1.0851742682753047,3.2146381753182203,nan,0.0003952728678971363,nan
13.77,245.22483825683594,-156.2152099609375,-9.185233116149902,244.67885980243358,-156.06203175587592,-9.190569005782637,0.5670842149942535,1.0397073241291412,1.0397073241291412,3.5817349996515635e-05,1.1041896770788504,3.0583000340454847,nan,nan,nan
13.780000000000001,245.2204132080078,-156.22364807128906,-9.185218811035156,244.67443071427363,-156.07067090910266,-9.191100983273847,0.5670392363541094,1.0397649708782397,1.0397649708782397,3.5111279086452926e-05,1.2946403366999772,3.458896889080844,nan,0.12826265810365292,nan
13.790000000000001,245.21607971191406,-156.23208618164062,-9.185205459594727,244.67009058570923,-156.0793121655747,-9.191210800182235,0.5669921428330379,1.0398227113019256,1.0398227113019256,3.581656168820348e-05,1.3160452075863711,3.452814769625679,nan,nan,nan
13.8,245.2118377685547,-156.24053955078125,-9.185193061828613,244.6619612431184,-156.08431692749372,-9.191686016783018,0.5716746099983355,1.0397363125304764,1.0397363125304764,3.508966080814822e-05,1.515731065760261,3.4564564592741465,0.3428969836851913,0.06587062351056165,nan
13.81,245.20767211914062,-156.24899291992188,-9.185179710388184,244.6577873661552,-156.09295645950368,-9.191802403658762,0.5716331678724098,1.0397937720647712,1.0397937720647712,3.5794351112499294e-05,1.5395516073803108,3.543933168176035,nan,nan,nan
13.82,245.20359802246094,-156.25743103027344,-9.18516731262207,244.6536973375134,-156.1015982212176,-9.192010387297033,0.5715955347577646,1.0398513249469348,1.0398513249469348,3.50897395510549e-05,1.6486669157773874,3.7551242753628395,nan,0.0057309006816739175,nan
13.83,245.19960021972656,-156.26588439941406,-9.185154914855957,244.64968947021174,-156.11024216069004,-9.192130338202025,0.5715548927599499,1.0399089713214675,1.0399089713214675,3.5794724712898934e-05,1.6734125546694327,3.6759824199381184,nan,nan,nan
13.84,245.19569396972656,-156.27435302734375,-9.18514347076416,244.64576212862423,-156.11888835278444,-9.19340732906255,0.5715440370155328,1.0399667113328697,1.0399667113328697,3.5090363775363136e-05,2.2601999389945733,4.087165859170462,nan,0.9384431072030591,nan
13.85,245.1918487548828,-156.28280639648438,-9.185131072998047,244.64109161899015,-156.08108728667418,-9.193569220578219,0.5865963043984315,1.0398803139796877,1.0398803139796877,3.577364462070626e-05,2.3211876979688597,3.828692232137218,15.000123332624781,nan,nan
13.86,245.18807983398438,-156.291259765625,-9.18511962890625,244.6373191618458,-156.0896625806461,-9.193145700584688,0.5865519250608149,1.0399377732168156,1.0399377732168156,3.507035121145928e-05,2.1675858471265674,3.649907918483982,nan,0.21965048029366518,nan
13.870000000000001,245.1844024658203,-156.2997283935547,-9.185108184814453,244.63362230797793,-156.09824017078114,-9.193276716508755,0.5865347484159514,1.0399953257647019,1.0399953257647019,3.577507375637098e-05,2.1958516050716548,3.566366388737441,nan,nan,nan
13.88,245.1807861328125,-156.30819702148438,-9.185096740722656,244.62999943445044,-156.10682032659665,-9.19194405554622,0.5864856742127441,1.0400529717678473,1.0400529717678473,3.507196969081969e-05,1.6675171695517714,3.0681067242078637,nan,1.5089035026567446,nan
13.89,245.17724609375,-156.31666564941406,-9.185086250305176,244.62644909166343,-156.11540295661436,-9.192062896391647,0.5864577415391107,1.0401107113707515,1.0401107113707515,3.5777008975945136e-05,1.6910937130250852,3.0546090043917666,nan,nan,nan
13.9,245.1737823486328,-156.32513427734375,-9.185075759887695,244.6348899741293,-156.15738504890453,-9.19264207981419,0.5644484424083605,1.0400243154243596,1.0400243154243596,3.505292132260002e-05,1.9395077672938568,3.6479896159445664,9.36330950973884,0.23738190248301394,nan
13.91,245.17037963867188,-156.33360290527344,-9.185065269470215,244.63150031557504,-156.1660262046138,-9.192766693484453,0.5643865584837451,1.0400817743662731,1.0400817743662731,3.5757410633991704e-05,1.964931020019036,3.7146505579147497,nan,nan,nan
13.92,245.1670379638672,-156.34207153320312,-9.185054779052734,244.62817921724857,-156.17466989766,-9.192178708264365,0.5643073690439521,1.0401393265824326,1.0401393265824326,3.5055437999721984e-05,1.7538225956842688,3.5353746809391193,nan,0.3587110931964745,nan
13.93,245.1637725830078,-156.35055541992188,-9.185044288635254,244.62492527512964,-156.18331604950066,-9.192298696727798,0.5642499930555694,1.0401969722173383,1.0401969722173383,3.57602610083008e-05,1.7776699505948346,3.428736608838163,nan,nan,nan
13.94,245.1605682373047,-156.35902404785156,-9.18503475189209,244.62173710473348,-156.1919644785144,-9.19413666103047,0.5642080590394382,1.0402547114154905,1.0402547114154905,3.5058385857160034e-05,2.6689835500211263,4.434006616485577,nan,2.0739278099792746,nan
13.950000000000001,245.15744018554688,-156.3675079345703,-9.185025215148926,244.63092426358043,-156.20815457265127,-9.194375698478085,0.5501817350454045,1.0401683168645124,1.0401683168645124,3.574154802702454e-05,2.737142254595843,4.549756410311732,1.8938974890534532,nan,nan
13.96,245.15435791015625,-156.37599182128906,-9.185015678405762,244.62788377728202,-156.21681995177215,-9.193713013181041,0.5500784855485364,1.0402257755131534,1.0402257755131534,3.5040591329945333e-05,2.4495555637464514,4.337564856009732,nan,0.45736069671707813,nan
13.97,245.15133666992188,-156.3844757080078,-9.185006141662598,244.62490516156754,-156.22548785032174,-9.193849536431188,0.5499867975786874,1.040283327400116,1.040283327400116,3.5745220202985035e-05,2.478559645721911,4.386208673868792,nan,nan,nan
13.98,245.1483917236328,-156.39297485351562,-9.18499755859375,244.62198722491027,-156.23415797444397,-9.19405118194678,0.5499149620161361,1.0403409726699,1.0403409726699,3.5044311985528224e-05,2.6295856639852158,4.332597088485819,nan,0.0028682015573084857,nan
13.99,245.14549255371094,-156.40145874023438,-9.184988021850586,244.61912896141632,-156.24283011714155,-9.194190932369537,0.5498239399295348,1.0403987114670057,1.0403987114670057,3.5749287511499464e-05,2.6595842966831222,4.574514852349677,nan,nan,nan
14.0,245.1426544189453,-156.4099578857422,-9.184979438781738,244.58842435300818,-156.2486138729354,-9.192799470663827,0.5772902297422938,1.0403123183001661,1.0403123183001661,3.502726298202771e-05,2.0661569231807277,3.68574695226288,5.48484827155457,1.7107289667226033,nan
14.01,245.13987731933594,-156.41844177246094,-9.18497085571289,244.58563676449108,-156.25728584810537,-9.192926586700578,0.5772496151970797,1.0403697766574667,1.0403697766574667,3.573171570360535e-05,2.091584220430947,3.834681955329611,nan,nan,nan
14.02,245.13714599609375,-156.42694091796875,-9.184962272644043,244.58290531435836,-156.2659602804127,-9.19292387114224,0.577200906105585,1.040427328217742,1.040427328217742,3.5031673249518286e-05,2.1295756618503567,3.771469860307293,nan,0.012064736290971826,nan
14.030000000000001,245.1344757080078,-156.43544006347656,-9.184954643249512,244.58022871757552,-156.27463710761904,-9.193051702959524,0.5771593188987889,1.0404849731254926,1.0404849731254926,3.5736484372704955e-05,2.154694745263416,3.761981391750867,nan,nan,nan
14.040000000000001,245.13186645507812,-156.44395446777344,-9.184946060180664,244.57760595374987,-156.28331631613597,-9.19271551795272,0.57712189662863,1.0405427115252182,1.0405427115252182,3.5036415953879706e-05,2.042940913251013,3.56639098917952,nan,0.15247196553698458,nan
14.05,245.12930297851562,-156.45245361328125,-9.184938430786133,244.5722387326032,-156.3079577643781,-9.192944178661918,0.5755551376047815,1.0404563197313415,1.0404563197313415,3.5719587861127806e-05,2.112631097746038,3.9947647410641474,2.3041011249630827,nan,nan
14.06,245.1267852783203,-156.46095275878906,-9.184930801391602,244.56971600666907,-156.31666708095545,-9.192844194536509,0.5755059965256809,1.040513777799223,1.040513777799223,3.502031887117835e-05,2.1064069166070607,4.015463147286507,nan,0.036909723906755794,nan
14.07,245.1243133544922,-156.46946716308594,-9.18492317199707,244.56724393444293,-156.32537856994475,-9.192971861352735,0.5754586369390682,1.0405713290353014,1.0405713290353014,3.572497810938172e-05,2.1315152399780137,3.914261354071349,nan,nan,nan
14.08,245.1219024658203,-156.4779815673828,-9.184915542602539,244.56482165795467,-156.3340921413758,-9.19275234768999,0.5754169001018695,1.0406289735840766,1.0406289735840766,3.50256451698873e-05,2.071562559238,3.85107781110087,nan,0.08553827614653227,nan
14.09,245.11953735351562,-156.4864959716797,-9.184908866882324,244.5624481517585,-156.34280799423126,-9.19287905235057,0.5753765179723661,1.040686711590049,1.040686711590049,3.5730669016234805e-05,2.0959064611050424,3.8740806585683663,nan,nan,nan
14.1,245.11721801757812,-156.49501037597656,-9.184901237487793,244.54262424914472,-156.34544486408586,-9.194662782738737,0.593820788483623,1.0406003211580583,1.0406003211580583,3.5010108739100615e-05,3.0604950274614766,4.778021184382789,2.42814234974309,2.013213046221754,nan
14.11,245.1149444580078,-156.50352478027344,-9.184894561767578,244.54031658520637,-156.35415559086178,-9.194808244957642,0.5938068945879631,1.0406577789384317,1.0406577789384317,3.5714625548516006e-05,3.0905811080957006,4.784453804855163,nan,nan,nan
14.120000000000001,245.1127166748047,-156.51205444335938,-9.184886932373047,244.53805464965941,-156.36286865347964,-9.193196681737032,0.593769227040775,1.0407153298527834,1.0407153298527834,3.501594841895339e-05,2.310716288911518,3.91937194671716,nan,2.1810323887754413,nan
14.13,245.11053466796875,-156.52056884765625,-9.184880256652832,244.53583757151011,-156.37158403314461,-9.19332723733305,0.5937546455529122,1.0407729740456135,1.0407729740456135,3.572083772385941e-05,2.3361399181319924,4.060326213790718,nan,nan,nan
14.14,245.10838317871094,-156.5290985107422,-9.184874534606934,244.53366449909305,-156.38030158150372,-9.194591139629729,0.5937478414829787,1.0408307116614224,1.0408307116614224,3.502203761207463e-05,3.0344162677211264,4.61144888667365,nan,0.9039919654172096,nan
14.15,245.10629272460938,-156.53762817382812,-9.184867858886719,244.52275760017645,-156.42512627164584,-9.194760784105851,0.5943633479707312,1.0407443225803377,1.0407443225803377,3.5705294403458424e-05,3.080392815031825,5.273739724650447,9.602406969316482,nan,nan
14.16,245.10423278808594,-156.54615783691406,-9.184861183166504,244.52065607095759,-156.43390650914057,-9.193915800259136,0.5943434457045109,1.040801780075104,1.040801780075104,3.5007201093474126e-05,2.681295274410589,4.883421264324113,nan,0.6930907781066036,nan
14.17,245.1022186279297,-156.5546875,-9.184855461120605,244.51859599957652,-156.4426890218087,-9.194052911052468,0.5943430192475381,1.0408593306701799,1.0408593306701799,3.571196134199929e-05,2.708056190398672,4.88948446620102,nan,nan,nan
14.18,245.10025024414062,-156.56321716308594,-9.18484878540039,244.51657655767923,-156.4514736298699,-9.193790937166133,0.5943412753302951,1.0409169745100657,1.0409169745100657,3.501371666175943e-05,2.6230151058822013,4.842627622357245,nan,0.11290734538277328,nan
14.19,245.0983123779297,-156.57174682617188,-9.184843063354492,244.5145969040296,-156.46026051959615,-9.193926110077262,0.5943361445866159,1.0409747117392616,1.0409747117392616,3.571885070317759e-05,2.6490056158592865,4.8571435758555594,nan,nan,nan
14.200000000000001,245.09642028808594,-156.58029174804688,-9.184837341308594,244.54685595315033,-156.45847145457114,-9.196329484053088,0.5630215017924214,1.0408883239981994,1.0408883239981994,3.499928870521565e-05,4.077900698040321,5.998827321619576,8.900266172253092,3.6873542846364282,nan
14.21,245.0945587158203,-156.5888214111328,-9.184831619262695,244.5450087281977,-156.46724590631217,-9.196489313921894,0.5629579860994723,1.040945781209249,1.040945781209249,3.570392322814635e-05,4.110681034898853,6.2095049221103675,nan,nan,nan
14.22,245.0927276611328,-156.5973663330078,-9.184825897216797,244.5431987674163,-156.47602252641207,-9.197774765404123,0.5629156221102529,1.041003331487481,1.041003331487481,3.5006172816293804e-05,5.094049540170694,7.04624738925885,nan,0.8927713717435751,nan
14.23,245.0909423828125,-156.6059112548828,-9.184820175170898,244.54142549536354,-156.4848010569332,-9.197947762424295,0.5628577290808755,1.0410609749773951,1.0410609749773951,3.571118627756473e-05,5.12990599947266,7.054489648290669,nan,nan,nan
14.24,245.08920288085938,-156.6144561767578,-9.184815406799316,244.53968823339582,-156.4935815205194,-9.19669951678944,0.562777275987584,1.041118711823492,1.041118711823492,3.50132387094386e-05,4.337750177080217,6.223242862086604,nan,1.427359972177373,nan
14.25,245.0874786376953,-156.6230010986328,-9.184809684753418,244.5302998356909,-156.53090978123092,-9.196758386889796,0.564864408178313,1.0410323254116642,1.0410323254116642,3.569661684177279e-05,4.305938652251461,6.741965426627714,6.533526765151477,nan,nan
14.26,245.08580017089844,-156.63156127929688,-9.184804916381836,244.5286200343694,-156.5397405244447,-9.197659472094399,0.564841566429658,1.0410897823408776,1.0410897823408776,3.499930599566475e-05,5.027520271999819,7.2350304313186005,nan,0.3880068692424988,nan
14.27,245.0841522216797,-156.64010620117188,-9.184799194335938,244.5269740699342,-156.54857334684883,-9.197827645645624,0.56479686325844,1.0411473323046778,1.0411473323046778,3.5704199457131356e-05,5.060303240646637,7.491081265840576,nan,nan,nan
14.280000000000001,245.08255004882812,-156.64866638183594,-9.184794425964355,244.5253612913416,-156.55740826035378,-9.198628641370275,0.5647820302751592,1.0412049754475654,1.0412049754475654,3.500667119244546e-05,5.77328709919829,7.975546120194202,nan,0.2818245899546607,nan
14.290000000000001,245.08096313476562,-156.65721130371094,-9.184789657592773,244.52378086982185,-156.56624520713743,-9.198805014607526,0.5647329787837334,1.04126271191404,1.04126271191404,3.571194148813912e-05,5.8065040745977425,8.22630463151118,nan,nan,nan
14.3,245.07940673828125,-156.665771484375,-9.184784889221191,244.5051953722605,-156.586798451194,-9.197709030760034,0.5797606974189895,1.0411763268207528,1.0411763268207528,3.499302533021659e-05,5.096004160108226,7.566926910791309,3.058028067083108,1.2304385141721441,nan
14.31,245.07789611816406,-156.67433166503906,-9.18478012084961,244.50365048124073,-156.59565859017474,-9.197875344882743,0.5797576986350198,1.0412337834699998,1.0412337834699998,3.569779794659744e-05,5.126438381623366,7.605723114856398,nan,nan,nan
14.32,245.07640075683594,-156.68289184570312,-9.184775352478027,244.5021362716031,-156.60452068536765,-9.199130928803994,0.5797653148850187,1.0412913331217621,1.0412913331217621,3.5000643317422476e-05,6.210566359958615,8.696869045119884,nan,0.8361521126506802,nan
14.33,245.07493591308594,-156.6914520263672,-9.184770584106445,244.5006521790838,-156.613384626088,-9.199310058090166,0.579747981824441,1.0413489759205399,1.0413489759205399,3.570579607343071e-05,6.243062714977955,8.72780175674666,nan,nan,nan
14.34,245.07351684570312,-156.7000274658203,-9.18476676940918,244.49919764560607,-156.62225045203692,-9.1978237275382,0.579708798992012,1.041406712010833,1.041406712010833,3.500838931254857e-05,5.192345233034179,7.462120119389414,nan,1.9600053380982214,nan
14.35,245.07211303710938,-156.70858764648438,-9.184762001037598,244.50081424698453,-156.64993228281156,-9.197931153823218,0.5744529448708482,1.0413203282254857,1.0413203282254857,3.569189847617293e-05,5.175725363500854,8.10865489495961,2.6669563067429323,nan,nan
14.36,245.07073974609375,-156.7171630859375,-9.184758186340332,244.49942172410837,-156.65883228624085,-9.200821583596767,0.5745126605828214,1.0413777845966268,1.0413777845966268,3.4995077097920136e-05,7.6901031795688475,10.388331317767452,nan,5.248786145087345,nan
14.370000000000001,245.06939697265625,-156.72573852539062,-9.184754371643066,244.49805702322607,-156.66773413345453,-9.201014212745791,0.5745069448940069,1.0414353339387261,1.0414353339387261,3.570010968389277e-05,7.722320050242904,10.423689306557465,nan,nan,nan
14.38,245.0680694580078,-156.7342987060547,-9.184749603271484,244.49671959290225,-156.67663787514485,-9.19975433839394,0.5744480671509392,1.041492976396284,1.041492976396284,3.500302260436179e-05,6.7487028882690225,9.7118845338649,nan,1.4919169936454753,nan
14.39,245.0667724609375,-156.7428741455078,-9.184745788574219,244.49540887787492,-156.68554351906636,-9.199934815089575,0.5744335046850602,1.0415507121138001,1.0415507121138001,3.570843102082719e-05,6.777430537008298,9.501149823997961,nan,nan,nan
14.4,245.0655059814453,-156.75144958496094,-9.184741973876953,244.4815223933689,-156.7197301870359,-9.201682107951077,0.585089667905516,1.0414643296258834,1.0414643296258834,3.498990263807655e-05,8.529880899669518,11.897689402203445,5.547006539945697,1.7730552523967418,nan
14.41,245.06427001953125,-156.76002502441406,-9.184738159179688,244.48024286063543,-156.72868016073883,-9.20187994252936,0.5851188456571461,1.0415217857207684,1.0415217857207684,3.569481156413079e-05,8.560462443359876,11.93274613365498,nan,nan,nan
14.42,245.06304931640625,-156.76861572265625,-9.184734344482422,244.47898832023756,-156.73763178608274,-9.199527595933732,0.5850693051764491,1.0415793347555609,1.0415793347555609,3.499801112078133e-05,6.581366292001743,9.715217920536798,nan,4.596984494840365,nan
14.43,245.06185913085938,-156.77719116210938,-9.184730529785156,244.47775842286225,-156.74658527877796,-9.199702344297512,0.5850935928610307,1.0416369768747613,1.0416369768747613,3.570329804564409e-05,6.606713280070617,10.00383620819923,nan,nan,nan
14.44,245.06068420410156,-156.78578186035156,-9.18472671508789,244.47655272375601,-156.75554063634752,-9.20007840284122,0.5851151957322757,1.0416947122228697,1.0416947122228697,3.500620619032607e-05,7.060788441522769,10.217113370653081,nan,0.0283282932506483,nan
14.450000000000001,245.05953979492188,-156.7943572998047,-9.184723854064941,244.50434707190772,-156.7720076599366,-9.200129910214828,0.5558559279671331,1.0416083310219666,1.0416083310219666,3.568983875689277e-05,6.946661576167028,10.587225721361316,6.947811626862636,nan,nan
14.46,245.05841064453125,-156.80294799804688,-9.184720039367676,244.50323455083716,-156.7809785926947,-9.198616854418091,0.5557843747799127,1.041665786842435,1.041665786842435,3.499329609978665e-05,5.815168591793015,9.231890791853546,nan,2.017831562206789,nan
14.47,245.05731201171875,-156.81153869628906,-9.184717178344727,244.50214481892007,-156.78995113123025,-9.198777997124019,0.5557646458257994,1.0417233355722586,1.0417233355722586,3.569845699542694e-05,5.834553513132546,9.23651387439567,nan,nan,nan
14.48,245.05624389648438,-156.82012939453125,-9.184713363647461,244.50107737348512,-156.79892533391856,-9.198940190069507,0.5557534372683585,1.0417809773559377,1.0417809773559377,3.6417933005215256e-05,5.854053183462979,9.273767785673966,nan,nan,nan
14.49,245.05517578125,-156.82872009277344,-9.184710502624512,244.50003164737103,-156.8079012135124,-9.19910338089784,0.5557207842603217,1.0418387123379724,1.0418387123379724,3.715186862935158e-05,5.872120484293584,9.326875016271273,nan,nan,nan
14.5,245.05413818359375,-156.83731079101562,-9.184706687927246,244.51802266680497,-156.81340857600253,-9.199567884801514,0.5368538147361642,1.0417523324137554,1.0417523324137554,3.6346051828785533e-05,6.352904446800834,9.83103173231985,2.793114460567305,0.0344779782844028,nan
14.51,245.05313110351562,-156.8459014892578,-9.184703826904297,244.51704971593094,-156.82238210968796,-9.199736507737848,0.5368075975832661,1.041809787961637,1.041809787961637,3.707772491959506e-05,6.371185710255029,9.817619305789757,nan,nan,nan
14.52,245.05213928222656,-156.8544921875,-9.184700965881348,244.51609711751436,-156.8313572405175,-9.197720394702676,0.5366991090434733,1.0418673363888113,1.0418673363888113,3.62984661683758e-05,4.946079202134976,8.41892804682479,nan,3.131159979240558,nan
14.530000000000001,245.05116271972656,-156.86309814453125,-9.184698104858398,244.5151644433279,-156.8403340512663,-9.197869013867198,0.536643111470394,1.0419249778397788,1.0419249778397788,3.702888003534157e-05,4.961029929247352,8.211788799348103,nan,nan,nan
14.540000000000001,245.05020141601562,-156.87168884277344,-9.18469524383545,244.51425137826416,-156.84931242998343,-9.197555244722121,0.5365710823720822,1.0419827124590393,1.0419827124590393,3.6252306973525624e-05,4.838055804558074,8.369748101559797,nan,0.14116661398461106,nan
14.55,245.0492706298828,-156.8802947998047,-9.1846923828125,244.50644998779524,-156.84044305337193,-9.197688361853373,0.5444366874498273,1.0418963338012703,1.0418963338012703,3.6958013280705035e-05,4.854258337080078,7.6647734797742,2.5473997520545884,nan,nan
14.56,245.04835510253906,-156.88890075683594,-9.18468952178955,244.50556411597378,-156.84939570810374,-9.197544344077102,0.5443784992336553,1.0419537890783848,1.0419537890783848,3.618505193287818e-05,4.850962001276274,7.68251474475281,nan,0.055850988432068024,nan
14.57,245.04745483398438,-156.8975067138672,-9.184686660766602,244.50469689003347,-156.8583497945905,-9.197689408699205,0.544323912301169,1.0420113372052116,1.0420113372052116,3.6912236068567196e-05,4.864544006032493,7.716608204377131,nan,nan,nan
14.58,245.04656982421875,-156.90611267089844,-9.184683799743652,244.50384770993432,-156.86730523141676,-9.195548816017617,0.5442162798659366,1.042068978326251,1.042068978326251,3.6141842946248595e-05,3.5503593138114415,6.42004846795728,nan,3.458165398589318,nan
14.59,245.0457000732422,-156.9147186279297,-9.184680938720703,244.5030160999515,-156.87626209555785,-9.19567334636048,0.5441558901402641,1.042126712586003,1.042126712586003,3.686797262094279e-05,3.5614723820372562,6.456450674143272,nan,nan,nan
14.6,245.04486083984375,-156.92332458496094,-9.184678077697754,244.47339537300297,-156.88220186269908,-9.1960424050492,0.5730558489483593,1.0420403351845327,1.0420403351845327,3.607773677944485e-05,3.8947330992908378,6.662684475922987,6.012824326784918,0.06470199119573636,nan
14.61,245.0440216064453,-156.9319305419922,-9.184676170349121,244.47255187476247,-156.8911567839579,-9.196170838394435,0.573037765742683,1.0420977901926896,1.0420977901926896,3.6801967604255463e-05,3.9052065242949565,6.689075733305378,nan,nan,nan
14.620000000000001,245.043212890625,-156.94053649902344,-9.184673309326172,244.47172526163047,-156.90011313065682,-9.194940218114008,0.573007476582944,1.0421553380214523,1.0421553380214523,3.6037485017419105e-05,3.239948803137286,6.036516942482445,nan,1.2303916327303692,nan
14.63,245.04241943359375,-156.94915771484375,-9.184670448303223,244.47091520178793,-156.9090708839892,-9.195057125628988,0.5730025515176963,1.0422129788153212,1.0422129788153212,3.67607952477034e-05,3.2496614681893594,5.835741351549844,nan,nan,nan
14.64,245.0416259765625,-156.957763671875,-9.18466854095459,244.47012132466455,-156.91803000796799,-9.19542124038162,0.5729851234835374,1.0422707127187967,1.0422707127187967,3.5998686594131684e-05,3.52668486291543,6.358379645704702,nan,0.040372418589173543,nan
14.65,245.04086303710938,-156.9663848876953,-9.18466567993164,244.41113449241178,-156.92995782872674,-9.195565893283556,0.6308754118549661,1.0421843365635621,1.0421843365635621,3.66980518824274e-05,3.6194081355320815,6.476892347808681,23.5808873971914,nan,nan
14.66,245.0401153564453,-156.97500610351562,-9.184663772583008,244.41027804978395,-156.93892433082115,-9.194725107973081,0.6309502021974797,1.042241791304561,1.042241791304561,3.593920157339404e-05,3.198580704274807,6.064118826464207,nan,0.621389418366234,nan
14.67,245.0393829345703,-156.98361206054688,-9.184661865234375,244.40943670356202,-156.9478922129633,-9.194839616833482,0.6310402111597623,1.0422993388375257,1.0422993388375257,3.6659945088662084e-05,3.207559673170144,6.326262664647154,nan,nan,nan
14.68,245.03866577148438,-156.9922332763672,-9.184659004211426,244.4086102374497,-156.9568614968817,-9.195773101461294,0.6311455156375418,1.0423569793069567,1.0423569793069567,3.5903338359721946e-05,3.822475669162466,6.730711277147197,nan,0.4484793166873671,nan
14.69,245.03794860839844,-157.0008544921875,-9.184657096862793,244.40779848225915,-156.96583204278392,-9.19589766531566,0.6312227054017673,1.0424147128573542,1.0424147128573542,3.6623337995626135e-05,3.8321049825420217,6.68957694225227,nan,nan,nan
14.700000000000001,245.03726196289062,-157.0094757080078,-9.18465518951416,244.39966040428024,-156.980170224456,-9.19475640615636,0.6383545985471162,1.0423283379383796,1.0423283379383796,3.58469176381798e-05,3.237248031818638,6.365878976317902,0.584197209980633,1.0520113021842927,nan
14.71,245.0365753173828,-157.01809692382812,-9.184653282165527,244.39886523829213,-156.98915186026733,-9.194870267419107,0.6384483913881004,1.04238579241401,1.04238579241401,3.656533119431641e-05,3.2457437852348585,6.335471629121857,nan,nan,nan
14.72,245.03591918945312,-157.02671813964844,-9.184650421142578,244.3980837504755,-156.99813491697927,-9.193417062767711,0.6385357482861153,1.0424433396534254,1.0424433396534254,3.581394062771717e-05,2.536977731643071,5.719398407988172,nan,1.6565922412443204,nan
14.73,245.03526306152344,-157.0353546142578,-9.184648513793945,244.39731562562088,-157.00711933084875,-9.19351718300557,0.6386335533758205,1.0425009798011258,1.0425009798011258,3.6531724992414776e-05,2.5441633120154363,5.439247202089304,nan,nan,nan
14.74,245.0346221923828,-157.04397583007812,-9.184646606445312,244.39656062331218,-157.01610509171223,-9.194498148191872,0.6387459564308158,1.0425587130016112,1.0425587130016112,3.57823716118349e-05,3.103558051824264,6.263062048310379,nan,0.5226353874008998,nan
14.75,245.03399658203125,-157.05259704589844,-9.18464469909668,244.3557216712488,-157.01336126098715,-9.194640002449768,0.6794823084552412,1.042472339309006,1.042472339309006,3.6476825446401425e-05,3.181682077314051,6.45019735545623,12.14612392791912,nan,nan
14.76,245.03338623046875,-157.0612335205078,-9.184642791748047,244.35492742694404,-157.02233081005633,-9.196318746389903,0.6796735222718664,1.042529793521048,1.042529793521048,3.5730363985589565e-05,4.258443904790361,7.33277641382783,nan,1.660725459852149,nan
14.77,245.03277587890625,-157.06985473632812,-9.184640884399414,244.35414553768226,-157.03130168161044,-9.196447906034296,0.6798270984726517,1.0425873404691448,1.0425873404691448,3.644614629185518e-05,4.268132210225565,7.502536371323584,nan,nan,nan
14.780000000000001,245.03219604492188,-157.0784912109375,-9.184638977050781,244.35337574345235,-157.04027379608533,-9.196898722826791,0.68000578957216,1.0426449802977964,1.0426449802977964,3.5701588495055736e-05,4.65328586969854,7.797309188456032,nan,0.06963413585718467,nan
14.790000000000001,245.0316162109375,-157.08712768554688,-9.184637069702148,244.35261772760913,-157.04924718588836,-9.19703329619708,0.6801672875461746,1.042702713151503,1.042702713151503,3.6416890150756794e-05,4.663181052653391,7.736498595075203,nan,nan,nan
14.8,245.0310516357422,-157.09576416015625,-9.184636116027832,244.3506573000493,-157.05225400406755,-9.197887003549242,0.6819128769468468,1.0426163406754618,1.0426163406754618,3.56524499248826e-05,5.370765551720307,8.368704900949814,0.44958720670201724,0.4193975789495727,nan
14.81,245.03050231933594,-157.10438537597656,-9.1846342086792,244.34992017651925,-157.06122008346756,-9.198030280948569,0.6820811904389319,1.0426737946256848,1.0426737946256848,3.636642796380222e-05,5.380648711118865,8.650234549424116,nan,nan,nan
14.82,245.0299530029297,-157.11302185058594,-9.184632301330566,244.34919427572012,-157.0701873382257,-9.196328932436868,0.682205285306675,1.0427313412846766,1.0427313412846766,3.562638089105592e-05,4.286365445736326,7.259224714973294,nan,2.31964638985101,nan
14.83,245.0294189453125,-157.1216583251953,-9.184630393981934,244.34847937612906,-157.07915557841457,-9.196455819616755,0.6823672186257755,1.042788980796937,1.042788980796937,3.6339974302537634e-05,4.294507842589214,7.302864829765731,nan,nan,nan
14.84,245.02890014648438,-157.13031005859375,-9.184629440307617,244.34777508928622,-157.08812488042835,-9.196975464770789,0.6825418354358117,1.0428467133069668,1.0428467133069668,3.560162489560772e-05,4.727963201363098,7.557326998986427,nan,0.10469700280085671,nan
14.85,245.02838134765625,-157.13894653320312,-9.184627532958984,244.36868758448423,-157.07281335370254,-9.197175781108172,0.6631190821643762,1.042760342037767,1.042760342037767,3.629237230628632e-05,4.760156354150754,7.043926088422988,7.52959113953873,nan,nan
14.86,245.0278778076172,-157.1475830078125,-9.184625625610352,244.36803900868574,-157.0817457465449,-9.196956643659282,0.6632298542380575,1.042817795727931,1.042817795727931,3.555655517895737e-05,4.698065630574793,7.014438772885343,nan,0.08582866696187817,nan
14.870000000000001,245.0273895263672,-157.15621948242188,-9.184624671936035,244.36740069242464,-157.0906791910674,-9.197089343269553,0.6633522131953179,1.0428753421000143,1.0428753421000143,3.6268615868528775e-05,4.705610882441155,7.0530682980222865,nan,nan,nan
14.88,245.02691650390625,-157.1648712158203,-9.184622764587402,244.36677234278957,-157.0996136089187,-9.198089164054839,0.6634984646776373,1.042932981298517,1.042932981298517,3.5534366696385966e-05,5.525272850165179,7.718466926130978,nan,0.5135929987400424,nan
14.89,245.0264434814453,-157.1735076904297,-9.184621810913086,244.36615385903673,-157.10854898798578,-9.198232325976205,0.6636168055466567,1.0429907134679395,1.0429907134679395,3.624616445362181e-05,5.532836029937579,7.867837113414732,nan,nan,nan
14.9,245.02597045898438,-157.18215942382812,-9.184619903564453,244.3589441132013,-157.10956617431683,-9.199692167295176,0.6711341885028022,1.0429043433959424,1.0429043433959424,3.549190015795056e-05,6.832376891865473,8.853454692637847,0.7381804259946306,1.1973127940887733,nan
14.91,245.02552795410156,-157.1907958984375,-9.184618949890137,244.35833409453681,-157.11849101294058,-9.199850130213935,0.6712731422913348,1.0429617968277978,1.0429617968277978,3.620258937219876e-05,6.839897232739059,9.174935975736776,nan,nan,nan
14.92,245.0250701904297,-157.19944763183594,-9.184617042541504,244.35773337638142,-157.12741673989314,-9.203014704632984,0.6714650748539364,1.0430193429151524,1.0430193429151524,3.547216861608372e-05,9.973903657967451,11.986708160881607,nan,6.206424736928641,nan
14.93,245.02464294433594,-157.2080841064453,-9.184616088867188,244.35714169056934,-157.13634330526477,-9.203204526791259,0.6716027072298536,1.0430769818025065,1.0430769818025065,3.618267354030045e-05,9.981690508618774,12.306138117673813,nan,nan,nan
14.94,245.0242156982422,-157.21673583984375,-9.184615135192871,244.3565587974184,-157.14527090773373,-9.204346991206455,0.6717606120344304,1.0431347136343605,1.0431347136343605,3.5453623943404316e-05,11.414072180543723,13.505499396838237,nan,0.6228603336684359,nan
14.950000000000001,245.02378845214844,-157.2253875732422,-9.184613227844238,244.35346262458262,-157.12086069617678,-9.204544800986728,0.6787192724085426,1.0430483447500085,1.0430483447500085,3.614165623372935e-05,11.43322590104285,12.937917322797775,7.753032943736014,nan,nan
14.96,245.0233917236328,-157.23403930664062,-9.184612274169922,244.35289298099516,-157.12973679940262,-9.204316182361602,0.6788488940057473,1.0431057979252951,1.0431057979252951,3.5414799786024683e-05,11.404181165118203,13.044791484879026,nan,0.12828328682072415,nan
14.97,245.02297973632812,-157.24269104003906,-9.184611320495605,244.35233176755338,-157.1386139883394,-9.20451564458035,0.6789675344443639,1.043163343730084,1.043163343730084,3.612415283394087e-05,11.408778506163545,12.912764349375637,nan,nan,nan
14.98,245.0225830078125,-157.2513427734375,-9.184609413146973,244.35177875341108,-157.1474922285321,-9.204635476102087,0.6790908088007636,1.0432209823088752,1.0432209823088752,3.5398546425191365e-05,11.771042795553262,13.322523039344603,nan,0.00447629897203588,nan
14.99,245.02220153808594,-157.25999450683594,-9.184608459472656,244.3512337657696,-157.1563713392675,-9.20483602415596,0.6792235763848976,1.0432787138061688,1.0432787138061688,3.610781228460368e-05,11.773278299790016,13.371604220564425,nan,nan,nan
15.0,245.02182006835938,-157.26864624023438,-9.18460750579834,244.36886728210217,-157.13187418436328,-9.204939984546632,0.6674334019513097,1.0431923460999861,1.0431923460999861,3.536202084041437e-05,12.117409352190307,13.060445723418717,10.289494611415007,0.02170144556974079,nan
15.01,245.02145385742188,-157.2772979736328,-9.184606552124023,244.36836686894608,-157.1407009981473,-9.20514227991423,0.6675350660033073,1.0432497990204348,1.0432497990204348,3.607035019124337e-05,12.118214924909829,13.101522401671152,nan,nan,nan
15.02,245.02108764648438,-157.28594970703125,-9.18460464477539,244.36787399886026,-157.14952859058823,-9.204598198796399,0.6676065702615199,1.0433073445448038,1.0433073445448038,3.5347936248344916e-05,11.735599334247793,12.688117025848843,nan,0.38649766247704964,nan
15.030000000000001,245.02073669433594,-157.29461669921875,-9.184603691101074,244.36738861658893,-157.15835695865573,-9.2047950742279,0.6677111048549297,1.0433649828175937,1.0433649828175937,3.605624142126662e-05,11.73402896445856,12.612988311145644,nan,nan,nan
15.040000000000001,245.0203857421875,-157.3032684326172,-9.184602737426758,244.36691056988283,-157.16718609941245,-9.206126523055092,0.6678409058876481,1.0434227139833043,1.0434227139833043,3.533489577933034e-05,13.537936499514425,14.504449812611467,nan,0.8897759655406593,nan
15.05,245.02005004882812,-157.31192016601562,-9.184601783752441,244.36465361648206,-157.13614209758492,-9.206225040369548,0.6789035116273222,1.0433363474458954,1.0433363474458954,3.60210086486217e-05,13.421665308310173,14.043468648086884,11.611396590371891,nan,nan
15.06,245.01971435546875,-157.32058715820312,-9.184600830078125,244.36418642385112,-157.14490874598812,-9.205626065372677,0.6789858865753109,1.0433938001132268,1.0433938001132268,3.53015464113802e-05,12.963836985024638,13.481618569540242,nan,0.45297968676505085,nan
15.07,245.01937866210938,-157.32923889160156,-9.184599876403809,244.36372601381225,-157.1536761736883,-9.205828051209263,0.679082689034032,1.043451345359306,1.043451345359306,3.600900115714659e-05,12.956039229587878,13.525755949520095,nan,nan,nan
15.08,245.01905822753906,-157.33790588378906,-9.184598922729492,244.36327212194624,-157.16244453769391,-9.205152681664151,0.679164602484897,1.043508983328633,1.043508983328633,3.529049772216159e-05,12.412470307270334,12.95608721556302,nan,0.5357016101175326,nan
15.09,245.01864624023438,-157.34657287597656,-9.18449878692627,244.36277382071057,-157.17121378773118,-9.20529860958629,0.6792290284910891,1.0435667141657083,1.0435667141657083,3.599800357766368e-05,12.459916361918467,13.029873570284343,nan,nan,nan
15.1,245.01812744140625,-157.355224609375,-9.184301376342773,244.36953670714132,-157.15170650354725,-9.201222541694639,0.6799822687474293,1.043480348787757,1.043480348787757,3.5259128372582776e-05,8.563450796359678,8.921585020167472,5.922890925225627,11.793468139634946,nan
15.11,245.01751708984375,-157.3638916015625,-9.184006690979004,244.36886177560083,-157.16043176898867,-9.2011336068658,0.6800315811889469,1.0435378012036822,1.0435378012036822,3.596583184407092e-05,8.598699157837052,8.921688140613075,nan,nan,nan
15.120000000000001,245.01683044433594,-157.37255859375,-9.183615684509277,244.36809422354153,-157.1691578452321,-9.198274394386793,0.6800334009763965,1.0435953461735847,1.0435953461735847,3.524994582720427e-05,6.538754023904472,6.93662803972872,nan,4.979920711955999,nan
15.13,245.0160369873047,-157.3812255859375,-9.183131217956543,244.3672350654166,-157.1778846643133,-9.197969641600457,0.6800820855374009,1.0436529838419648,1.0436529838419648,3.5956749774628396e-05,6.566390043999594,6.908351403745902,nan,nan,nan
15.14,245.01516723632812,-157.38987731933594,-9.1825532913208,244.3662853616046,-157.18661209177017,-9.198406114044198,0.6801586227273491,1.0437107143533226,1.0437107143533226,3.524165940326666e-05,7.574105986465322,8.033378817819612,nan,0.48445146045352283,nan
15.15,245.01419067382812,-157.39854431152344,-9.18188190460205,244.37996924711723,-157.20133074808115,-9.19793292675713,0.6643701099665993,1.0436243501255915,1.0436243501255915,3.592647523058219e-05,7.5938729621889,7.878016945121285,1.7552279713668568,nan,nan
15.16,245.0131378173828,-157.40721130371094,-9.181119918823242,244.37886545208877,-157.21006895185675,-9.19839192579623,0.6644282222295849,1.0436818022918117,1.0436818022918117,3.521299297927108e-05,8.8946382049899,9.23178047991792,nan,0.7413996742834816,nan
15.17,245.01199340820312,-157.41587829589844,-9.180267333984375,244.37767406274492,-157.21880769367607,-9.19774019427898,0.6644570378359256,1.0437393469876346,1.0437393469876346,3.5919178780667373e-05,8.922369952345027,9.254850151506215,nan,nan,nan
15.18,245.01077270507812,-157.42454528808594,-9.179326057434082,244.37639618127986,-157.227547123932,-9.19576854645437,0.6644638485813787,1.0437969843575603,1.0437969843575603,3.5206395957434756e-05,8.101884745658582,8.484981026789004,nan,1.0573794479249727,nan
15.19,245.00946044921875,-157.43321228027344,-9.178296089172363,244.37503289935265,-157.23628717264722,-9.194927976519509,0.6644956235517516,1.0438547145460892,1.0438547145460892,3.591273872140239e-05,8.125289036599984,8.491895182406545,nan,nan,nan
15.200000000000001,245.008056640625,-157.44187927246094,-9.177178382873535,244.3371437012775,-157.25543404819595,-9.193225519777066,0.6965224364210445,1.0437683514594194,1.0437683514594194,3.51793956407202e-05,7.784480115703877,8.449810541583977,10.019502185281736,0.38115400305307445,nan
15.21,245.00657653808594,-157.4505615234375,-9.17597484588623,244.33555353238938,-157.26419194884414,-9.192204452154018,0.696612440764414,1.0438258033776264,1.0438258033776264,3.5885037663602203e-05,7.804752058894418,8.464930349995557,nan,nan,nan
15.22,245.00502014160156,-157.459228515625,-9.17468547821045,244.33388083021623,-157.2729503452033,-9.188577907549691,0.6966495041664637,1.0438833478014506,1.0438833478014506,3.517436586621622e-05,5.951672274599045,6.7086397709550845,nan,4.441621480755279,nan
15.23,245.0033721923828,-157.4678955078125,-9.173312187194824,244.33212650039997,-157.2817090523545,-9.187363357954403,0.6967306585770856,1.0439409848753927,1.0439409848753927,3.588020263147795e-05,5.967439662233622,6.6755631908878685,nan,nan,nan
15.24,245.00164794921875,-157.4765625,-9.171854972839355,244.3302914060576,-157.29046805681813,-9.186415873104046,0.6968233417767965,1.0439987147439524,1.0439987147439524,3.517008739125234e-05,6.493309053885505,7.225615458615807,nan,0.08559627099465437,nan
15.25,244.99984741210938,-157.4852294921875,-9.170316696166992,244.32189574512745,-157.30805301535153,-9.18505601032528,0.7008760333250346,1.043912352789261,1.043912352789261,3.5854079333731214e-05,6.529565152372747,7.435248585355145,0.8430084546147333,nan,nan
15.26,244.99795532226562,-157.49391174316406,-9.168695449829102,244.31989140346715,-157.31682676688644,-9.184393954280521,0.7009823177809833,1.0439698044611367,1.0439698044611367,3.5145333524358146e-05,7.482557187718449,8.226942852231549,nan,0.4417226886862207,nan
15.27,244.99600219726562,-157.50257873535156,-9.166994094848633,244.31780911047096,-157.32560086694463,-9.18286563201159,0.7010841137651408,1.0440273486150276,1.0440273486150276,3.585072578640027e-05,7.497065782193997,8.426416270402415,nan,nan,nan
15.280000000000001,244.99395751953125,-157.51124572753906,-9.165213584899902,244.3156498873691,-157.3343752970695,-9.181787490907787,0.7011840609884697,1.0440849853954337,1.0440849853954337,3.5142454199770625e-05,8.287232207497388,9.140488434084904,nan,0.19611129454340206,nan
15.290000000000001,244.99185180664062,-157.51991271972656,-9.16335391998291,244.31341450364854,-157.3431500934202,-9.180107114056861,0.7012865816922262,1.0441427149468554,1.0441427149468554,3.58480819200841e-05,8.300157392882653,9.254819619842161,nan,nan,nan
15.3,244.9896697998047,-157.52859497070312,-9.161417007446289,244.33471485705056,-157.36007146343658,-9.176729636900808,0.6764618438317821,1.044056354115137,1.044056354115137,3.511907045155395e-05,7.114684617469065,7.8612091903324455,4.3273471982221405,1.831348182521285,nan
15.31,244.98739624023438,-157.53726196289062,-9.159402847290039,244.33236768684395,-157.36885943810702,-9.174879126159407,0.6765067119533141,1.044113805542354,1.044113805542354,3.5824071969196025e-05,7.123969083720563,7.882167659217126,nan,nan,nan
15.32,244.9850616455078,-157.54592895507812,-9.157312393188477,244.3299468646262,-157.37764747847518,-9.174132374194906,0.6765921542984927,1.0441713494283604,1.0441713494283604,3.5117476204551645e-05,8.494293756471144,9.313295276191603,nan,0.9756679519762111,nan
15.33,244.982666015625,-157.55459594726562,-9.155147552490234,244.32745329566967,-157.38643552116199,-9.172143151740832,0.6766612798827091,1.0442289859176566,1.0442289859176566,3.582274138146906e-05,8.501525132355333,9.400271761415166,nan,nan,nan
15.34,244.9801788330078,-157.5632781982422,-9.152908325195312,244.32488788246317,-157.39522357436007,-9.169435625817838,0.6766991489131068,1.044286715154743,1.044286715154743,3.5116497570736255e-05,8.216683108548905,8.950742255341321,nan,0.291456347400411,nan
15.35,244.97763061523438,-157.5719451904297,-9.150594711303711,244.31594738670034,-157.4067588042275,-9.167202103921982,0.6821928192229317,1.0442003554370676,1.0442003554370676,3.5800013755193046e-05,8.149484360608415,9.093745242949737,0.7075708592174479,nan,nan
15.36,244.9750213623047,-157.5806121826172,-9.148209571838379,244.31323038037945,-157.4155509990837,-9.166169778948092,0.6823013022898796,1.0442578066212884,1.0442578066212884,3.509493719778587e-05,9.63682270425014,10.656594249455459,nan,0.9838200356730804,nan
15.370000000000001,244.9723358154297,-157.5892791748047,-9.145752906799316,244.31044388949388,-157.42434301227985,-9.163894464374133,0.6823737798587148,1.0443153502414442,1.0443153502414442,3.57998831069002e-05,9.638777206337048,10.637277648475733,nan,nan,nan
15.38,244.96957397460938,-157.59796142578125,-9.143224716186523,244.30758870291112,-157.43313485460737,-9.161512879989207,0.6824417597462987,1.044372986442035,1.044372986442035,3.509508985936159e-05,9.975639628612967,10.856386313267887,nan,0.0009066159620798714,nan
15.39,244.9667510986328,-157.60662841796875,-9.140626907348633,244.30466562552635,-157.4419264550935,-9.15909738641747,0.682513786579141,1.0444307153675612,1.0444307153675612,3.5800327266845354e-05,9.975164578167872,10.990322070308387,nan,nan,nan
15.4,244.9638671875,-157.61529541015625,-9.137959480285645,244.33158297804215,-157.44675909889312,-9.155601880447616,0.6545983990412709,1.044344356755073,1.044344356755073,3.507463032854705e-05,9.284063760930106,10.098458679249985,6.316350575010927,0.7326741235622494,nan
15.41,244.96090698242188,-157.62396240234375,-9.135223388671875,244.32857469955002,-157.45554358882885,-9.153040040592197,0.6546193136421753,1.0444018076979513,1.0444018076979513,3.577929404727138e-05,9.281981419366723,10.069112294744091,nan,nan,nan
15.42,244.9578857421875,-157.63262939453125,-9.132420539855957,244.32550115497324,-157.4643277117013,-9.15084679160709,0.654656588864074,1.0444593510542743,1.0444593510542743,3.50758112373143e-05,10.08980467879657,10.920831118208598,nan,0.13338445152814574,nan
15.43,244.95480346679688,-157.64129638671875,-9.129549980163574,244.3223631064734,-157.4731113732621,-9.148155926877173,0.654685565268248,1.0445169869685424,1.0445169869685424,3.5780786949759344e-05,10.085074193350083,10.924738098230875,nan,nan,nan
15.44,244.95164489746094,-157.64996337890625,-9.126614570617676,244.3191613268754,-157.48189448382863,-9.142585765970665,0.6546279092998267,1.0445747155852556,1.0445747155852556,3.507748507445978e-05,7.68188152443893,8.522877178082979,nan,5.565612806260172,nan
15.450000000000001,244.9484405517578,-157.65863037109375,-9.123613357543945,244.3171831075786,-157.5249411957694,-9.13972262384857,0.6454597314251813,1.044488358069174,1.044488358069174,3.576077165983031e-05,7.655416020138542,8.883384895666012,8.163748738239482,nan,nan
15.46,244.94515991210938,-157.66729736328125,-9.1205472946167,244.3138580161652,-157.53377797267646,-9.13505847892932,0.6454301557568726,1.0445458087723538,1.0445458087723538,3.505846967275474e-05,6.404992377502993,7.591398877675102,nan,2.1582771792991227,nan
15.47,244.94183349609375,-157.67596435546875,-9.117417335510254,244.31047104064962,-157.5426141131028,-9.132065056388486,0.6454575067426461,1.044603351866847,1.044603351866847,3.5763212463348214e-05,6.397962566492615,7.628950274951931,nan,nan,nan
15.48,244.9384307861328,-157.68463134765625,-9.114225387573242,244.30702288521894,-157.55144949457124,-9.128653084634367,0.6454622388413627,1.0446609874971535,1.0446609874971535,3.5061035693395134e-05,6.335641603390429,7.542458596534436,nan,0.08930093249302767,nan
15.49,244.9349822998047,-157.69329833984375,-9.110970497131348,244.30351442935464,-157.56028398083905,-9.125532094609616,0.6454893734472129,1.044718715807774,1.044718715807774,3.576610809402236e-05,6.327139721096652,7.566233165240544,nan,nan,nan
15.5,244.9314727783203,-157.7019500732422,-9.107654571533203,244.28215815758196,-157.60491013953896,-9.122145976524813,0.656685789595258,1.044632359379391,1.044632359379391,3.5042883649984606e-05,6.405291321990419,8.388243438474213,11.641260671706625,0.07089793929897208,nan
15.51,244.92788696289062,-157.7106170654297,-9.104277610778809,244.27850299383448,-157.61380012606892,-9.118902483116536,0.6567244063571827,1.0446898098445063,1.0446898098445063,3.574741747146854e-05,6.395914905818945,8.148006194673085,nan,nan,nan
15.52,244.92425537109375,-157.7192840576172,-9.10084056854248,244.27478986929063,-157.6226890735528,-9.114176607183659,0.6567449115946137,1.0447473526791569,1.0447473526791569,3.5046251416088316e-05,5.487390522560947,7.281860871337425,nan,1.425513450076773,nan
15.530000000000001,244.9205780029297,-157.72793579101562,-9.097343444824219,244.2710192992922,-157.6315770898974,-9.110800725885735,0.6568048470938556,1.0448049880278425,1.0448049880278425,3.575112932205563e-05,5.478249484340327,7.448467592603709,nan,nan,nan
15.540000000000001,244.9168243408203,-157.73660278320312,-9.093789100646973,244.26719193588715,-157.64046414257646,-9.105226000961663,0.6568072034087239,1.0448627160350634,1.0448627160350634,3.505000457705474e-05,4.144635831329054,5.902825594961414,nan,3.227390971210864,nan
15.55,244.91302490234375,-157.74525451660156,-9.09017562866211,244.25163731559311,-157.63873691460125,-9.101630672164784,0.6700080279111389,1.0447763606857439,1.0447763606857439,3.57332268684525e-05,4.101703100550334,5.95964806029628,2.0389985791471665,nan,nan
15.56,244.9091796875,-157.75390625,-9.086505889892578,244.24767987361298,-157.64760480328886,-9.097805263065599,0.6700818436426599,1.04483381091442,1.04483381091442,3.503296665278454e-05,4.074068730725182,5.9991904213084695,nan,0.04566722250612928,nan
15.57,244.9052734375,-157.7625732421875,-9.082779884338379,244.2436677178561,-157.65647146795484,-9.094175750870017,0.6701563851332243,1.0448913534911999,1.0448913534911999,3.573766763437664e-05,4.063552939093641,5.807206751827137,nan,nan,nan
15.58,244.90130615234375,-157.77122497558594,-9.078996658325195,244.239601507991,-157.66533682355757,-9.09072634811176,0.6702260236073027,1.0449489885605838,1.0449489885605838,3.5037404791370437e-05,4.3565697323270625,6.155566369099887,nan,0.03901714165681567,nan
15.59,244.8972930908203,-157.77987670898438,-9.075159072875977,244.23548194267943,-157.67420091228738,-9.086989521020532,0.6702994325780103,1.0450067162670722,1.0450067162670722,3.574245960210952e-05,4.3455937880374185,6.1847141676738016,nan,nan,nan
15.6,244.89321899414062,-157.7885284423828,-9.071267127990723,244.20555867114126,-157.72553558816674,-9.083400067843776,0.6906460944212706,1.044920361988253,1.044920361988253,3.502102664553385e-05,4.659769768623131,7.406223456260989,17.128269292352496,0.023174402660678488,nan
15.610000000000001,244.88909912109375,-157.79718017578125,-9.067320823669434,244.20129327091138,-157.73446527932495,-9.079558602376476,0.6907675506350178,1.0449778119821052,1.0449778119821052,3.572556464754144e-05,4.648525119900742,7.397036263023943,nan,nan,nan
15.620000000000001,244.8849334716797,-157.8058319091797,-9.063322067260742,244.19697652448377,-157.74339343201726,-9.074943400047943,0.6908823199367866,1.0450353543029718,1.0450353543029718,3.5026072447430006e-05,4.312472004529245,7.093152605880662,nan,0.3668182657388478,nan
15.63,244.88070678710938,-157.81446838378906,-9.059269905090332,244.19260890035096,-157.75231988968832,-9.070990497266578,0.690998197798913,1.045092989095353,1.045092989095353,3.573097419881252e-05,4.301372492560523,7.154050473803768,nan,nan,nan
15.64,244.87643432617188,-157.8231201171875,-9.055166244506836,244.18819110832973,-157.76124479783903,-9.067477520598665,0.6911286780109704,1.0451507165037492,1.0451507165037492,3.503141205013259e-05,4.783496333116486,7.461924496389094,nan,0.1699853455416907,nan
15.65,244.8721160888672,-157.83177185058594,-9.051011085510254,244.18750871287145,-157.7741045134901,-9.063439371023437,0.6871442667419217,1.0450643632869385,1.0450643632869385,3.5714673171893775e-05,4.776555995695476,7.502628896657195,0.2129777864559158,nan,nan
15.66,244.86773681640625,-157.8404083251953,-9.046805381774902,244.18299852282303,-157.78303267087375,-9.058489471669361,0.6872372329587164,1.045121813047573,1.045121813047573,3.5015868711309406e-05,4.35051903870164,7.172914017384751,nan,0.5100934502780673,nan
15.67,244.8633270263672,-157.8490447998047,-9.042549133300781,244.17843978720393,-157.79195929425887,-9.054332042710763,0.6873631662129249,1.0451793551144688,1.0451793551144688,3.572062660869437e-05,4.338656828599873,7.241521793774082,nan,nan,nan
15.68,244.85885620117188,-157.85769653320312,-9.038244247436523,244.1738329921303,-157.800884572128,-9.049873814927283,0.6874733759840146,1.0452369896321259,1.0452369896321259,3.5021718669005066e-05,4.31383471714174,6.940874805113552,nan,0.044800904640647544,nan
15.69,244.85433959960938,-157.8663330078125,-9.033889770507812,244.1691787389906,-157.8098084434609,-9.045616783691704,0.6875885064027766,1.0452947167450444,1.0452947167450444,3.572684420671833e-05,4.301445889020863,7.093739326411001,nan,nan,nan
15.700000000000001,244.8497772216797,-157.87496948242188,-9.029487609863281,244.137655580427,-157.83485583911138,-9.041597640001777,0.7133533410239319,1.0452083645818213,1.0452083645818213,3.500666526449909e-05,4.676005477082153,8.134329845471653,7.046331780519921,0.09224903735429812,nan
15.71,244.84518432617188,-157.88360595703125,-9.025036811828613,244.13286539421225,-157.84380253743,-9.037248208653873,0.7135346461472515,1.045265814110835,1.045265814110835,3.571128589316786e-05,4.662601483701317,8.206885794321783,nan,nan,nan
15.72,244.8405303955078,-157.89224243164062,-9.020539283752441,244.1280294990476,-157.8527476022744,-9.031577528249601,0.7136800486526388,1.0453233559256874,1.0453233559256874,3.501296109211479e-05,3.9670739784713653,7.361861910327977,nan,1.1465918415255107,nan
15.73,244.83583068847656,-157.90086364746094,-9.015995979309082,244.1231485747524,-157.86169101716612,-9.027123106914743,0.7138445931400602,1.0453809901708784,1.0453809901708784,3.57179559653098e-05,3.9537414578169607,7.537841632883974,nan,nan,nan
15.74,244.83108520507812,-157.9095001220703,-9.011405944824219,244.11822344255347,-157.87063263356964,-9.021427314037501,0.7139908976821862,1.0454387169909083,1.0454387169909083,3.5019474821984985e-05,3.355301031419238,6.660717141707243,nan,1.0091630944066312,nan
15.75,244.82630920410156,-157.91812133789062,-9.006771087646484,244.12712890761432,-157.90603022076627,-9.016883883688712,0.6993579560947986,1.0453523658729211,1.0453523658729211,3.57028317181809e-05,3.332224849929538,7.409342600002456,6.1982522003034,nan,nan
15.76,244.8214874267578,-157.9267578125,-9.002119064331055,244.12213855011285,-157.9150105517704,-9.009069769162169,0.6994820667442936,1.0454098151719016,1.0454098151719016,3.5005026115786835e-05,1.8481293062512643,5.609642759084245,nan,7.355777378565074,nan
15.77,244.81661987304688,-157.9353790283203,-8.997505187988281,244.117105236882,-157.92398890282146,-9.004463366055615,0.6996419637284328,1.0454673567366233,1.0454673567366233,3.570989353323287e-05,1.823985786171744,5.737299309802909,nan,nan,nan
15.780000000000001,244.81170654296875,-157.94400024414062,-8.992956161499023,244.11202956297583,-157.9329653026616,-8.99855965666263,0.6997864284362058,1.0455249907115864,1.0455249907115864,3.501190699387672e-05,1.3651618087385704,5.202636989604379,nan,1.2852858808547247,nan
15.790000000000001,244.80674743652344,-157.95262145996094,-8.988484382629395,244.10691204517704,-157.94193992238664,-8.994063751154291,0.6999391399107874,1.0455827172412913,1.0455827172412913,3.5717148373015694e-05,1.3400789682912189,5.096421999289273,nan,nan,nan
15.8,244.8017578125,-157.96124267578125,-8.98409366607666,244.09017988759632,-157.9169273408916,-8.990576562860353,0.7129859886893407,1.0454963671602582,1.0454963671602582,3.4997810292744723e-05,1.687060960980779,4.862219252303976,9.108439897655087,0.6925831714192932,nan
15.81,244.79672241210938,-157.96986389160156,-8.979787826538086,244.08496143172604,-157.92584428466807,-8.98625371808596,0.7131502133101618,1.0455538162307836,1.0455538162307836,3.570255166386621e-05,1.6573865729140858,4.757590895785267,nan,nan,nan
15.82,244.79164123535156,-157.9784698486328,-8.975564956665039,244.07970253696232,-157.93475954313067,-8.981553197688228,0.7133043951230201,1.0456113575472732,1.0456113575472732,3.500500579782651e-05,1.510971218265599,4.690454179198167,nan,0.15123466859789098,nan
15.83,244.78652954101562,-157.98709106445312,-8.971426010131836,244.07440376598942,-157.9436731364854,-8.977395619374873,0.7134731054217845,1.045668991254227,1.045668991254227,3.5710125432783574e-05,1.4847084074862469,4.502410951850557,nan,nan,nan
15.84,244.7813720703125,-157.99569702148438,-8.967369079589844,244.06906551985566,-157.95258529298147,-8.973070222117606,0.7136327809065104,1.045726717496145,1.045726717496145,3.50123580229074e-05,1.4153017373457937,4.534348368499424,nan,0.044616614194619174,nan
15.85,244.77618408203125,-158.0043182373047,-8.963393211364746,244.07951731272075,-157.95986134616916,-8.969064122694737,0.6981068412974287,1.0456403684438524,1.0456403684438524,3.569583475636222e-05,1.3669743257059495,4.111984345010819,1.7631672128942486,nan,nan
15.860000000000001,244.7709503173828,-158.01292419433594,-8.959495544433594,244.07412669848642,-157.9687681600238,-8.965413235004949,0.6982463249310598,1.045697817287492,1.045697817287492,3.499868155034755e-05,1.466790525338619,4.296748242753026,nan,0.04863064304413489,nan
15.870000000000001,244.76568603515625,-158.0215301513672,-8.955676078796387,244.06869786275723,-157.97767354709006,-8.961581977148755,0.6983915762938373,1.0457553583576331,1.0457553583576331,3.5703678570385144e-05,1.4432966169963786,4.292464795108221,nan,nan,nan
15.88,244.7603759765625,-158.03013610839844,-8.951932907104492,244.06323123357055,-157.98657766521512,-8.959053057087736,0.6985404978880273,1.0458129917987764,1.0458129917987764,3.5006286690891204e-05,1.9147471002003147,4.666421458135358,nan,1.0579873102875157,nan
15.89,244.75503540039062,-158.0387420654297,-8.948264122009277,244.0577272776799,-157.99548047674824,-8.955388547618995,0.6986851511903367,1.045870717755422,1.045870717755422,3.571165887419899e-05,1.8880150846053585,4.643868546812535,nan,nan,nan
15.9,244.74964904785156,-158.04734802246094,-8.94466781616211,244.02821379515643,-158.0111316478569,-8.952927503472118,0.722390941288168,1.0457843697237246,1.0457843697237246,3.499285328610308e-05,2.44854744409984,5.5245573903469,5.357008007088823,0.6691366151028456,nan
15.91,244.74423217773438,-158.0559539794922,-8.941143989562988,244.02259802763564,-158.020042549291,-8.949423922776464,0.722574587639118,1.045841818342038,1.045841818342038,3.5697725670313364e-05,2.4196576704738986,5.520790938453648,nan,nan,nan
15.92,244.73878479003906,-158.06455993652344,-8.937689781188965,244.01694615831016,-158.02895206373245,-8.945087840136788,0.7227542197297403,1.0458993591677006,1.0458993591677006,3.5000669553691194e-05,2.063117766021775,5.16782266898213,nan,0.5777173915937266,nan
15.93,244.73329162597656,-158.07315063476562,-8.934305191040039,244.0112585449852,-158.03786019917797,-8.941717720521705,0.7229330055289824,1.0459569923452128,1.0459569923452128,3.570591990584133e-05,2.0384533955475415,5.242155892063889,nan,nan,nan
15.94,244.727783203125,-158.08175659179688,-8.930987358093262,244.00553565786987,-158.04676702095574,-8.937915744933305,0.7231277820958838,1.046014718019075,1.046014718019075,3.5008594618688185e-05,1.8710292146298464,5.001827156579043,nan,0.1770105323614584,nan
15.950000000000001,244.7222137451172,-158.09034729003906,-8.927736282348633,244.02598188007642,-158.0185172157107,-8.934676210155452,0.6999618075824824,1.0459283709998939,1.0459283709998939,3.5692193089199763e-05,1.817773621623922,3.883060943856731,14.338949658619955,nan,nan
15.96,244.7166290283203,-158.0989532470703,-8.92455005645752,244.02023182358022,-158.02736213061368,-8.93288954331201,0.700117062901855,1.0459858193944318,1.0459858193944318,3.4995437741308e-05,2.455865161696588,4.457862633822777,nan,1.3555821732693056,nan
15.97,244.71099853515625,-158.1075439453125,-8.921426773071289,244.01444773242656,-158.0362058197166,-8.929796390245771,0.7002443855102004,1.0460433599774714,1.0460433599774714,3.570056281474427e-05,2.4308597064935142,4.4849816095353106,nan,nan,nan
15.98,244.70533752441406,-158.1161346435547,-8.918365478515625,244.00863009198946,-158.04504825596268,-8.92584502206789,0.7003645225654376,1.0461009928935132,1.0461009928935132,3.5003527234678154e-05,2.067067205958697,4.112589798688047,nan,0.6001863552002265,nan
15.99,244.69964599609375,-158.12472534179688,-8.915366172790527,244.00277929617664,-158.05388945672962,-8.922869029441944,0.7004978322054646,1.0461587182870573,1.0461587182870573,3.570902541721022e-05,2.0454250250727766,4.095179278756477,nan,nan,nan
16.0,244.6939239501953,-158.13331604003906,-8.912425994873047,243.9778329324679,-158.05659203231033,-8.919854505258469,0.7202278124304831,1.0460723722723813,1.0460723722723813,3.49905299193867e-05,2.0729060935434935,4.2438527606588705,2.8546874106669375,0.013987368831891544,nan
16.01,244.68817138671875,-158.14190673828125,-8.909544944763184,243.97188631825512,-158.06542107547608,-8.916999605452892,0.7203956745321959,1.046129820444685,1.046129820444685,3.569552561246079e-05,2.0528652928172613,4.21612449463974,nan,nan,nan
16.02,244.68238830566406,-158.15049743652344,-8.906720161437988,243.96590782202003,-158.07424886560094,-8.91563398934223,0.720581421033334,1.046187360786943,1.046187360786943,3.499875135908602e-05,2.7664999853893963,4.904140966489052,nan,1.4443373958373646,nan
16.03,244.6765594482422,-158.15908813476562,-8.903952598571777,243.9598977663966,-158.08307541722698,-8.912910447889743,0.7207372215431556,1.0462449934436557,1.0462449934436557,3.5704122085364586e-05,2.743870125500184,4.751474492244076,nan,nan,nan
16.04,244.67071533203125,-158.1676788330078,-8.901240348815918,243.95385634742752,-158.09190089963138,-8.911548026403306,0.7209267280460213,1.046302718559323,1.046302718559323,3.500704521389192e-05,3.5316860312333023,5.6533017116302,nan,1.2008331055435328,nan
16.05,244.66482543945312,-158.17626953125,-8.898581504821777,243.95372134482193,-158.09304414524374,-8.909017937955975,0.7160338102448157,1.0462163735412062,1.0462163735412062,3.5690753518920334e-05,3.5416983313072112,5.332493328164013,0.8638512755115414,nan,nan
16.06,244.65892028808594,-158.18484497070312,-8.895976066589355,243.94762790207406,-158.10185536183735,-8.905782045092913,0.7161845368287248,1.0462738214928082,1.0462738214928082,3.4994215948274003e-05,3.237946410034731,5.289252924782031,nan,0.33995700792178346,nan
16.07,244.65296936035156,-158.1934356689453,-8.893423080444336,243.94150415295263,-158.1106655156101,-8.903286302424853,0.7163315732048782,1.0463313615961123,1.0463313615961123,3.5699454330534143e-05,3.215376402605126,4.979811517107532,nan,nan,nan
16.080000000000002,244.64700317382812,-158.20201110839844,-8.890920639038086,243.93535055234395,-158.11947454497474,-8.901134094670258,0.7164956752437842,1.0463889939956184,1.0463889939956184,3.500260787466446e-05,3.4707048408410603,5.481275360398946,nan,0.059973187339164735,nan
16.09,244.64100646972656,-158.21060180664062,-8.888467788696289,243.92916744992607,-158.12828244314716,-8.898744505978318,0.7166567369630955,1.0464467188358266,1.0464467188358266,3.5708215471164366e-05,3.448308270784605,5.279150611574543,nan,nan,nan
16.1,244.6349639892578,-158.21917724609375,-8.886063575744629,243.93662888045637,-158.1240078179404,-8.895270770460364,0.704850279615675,1.0463603748063885,1.0463603748063885,3.4989876273551136e-05,2.8974912479388824,4.395099091217809,2.506067559783199,0.9460596338274432,nan
16.11,244.62890625,-158.22775268554688,-8.883708000183105,243.9304095258515,-158.13279255748915,-8.892970227056228,0.7049828993766948,1.0464178225388123,1.0464178225388123,3.569497713422819e-05,2.878259623766581,4.453838669723001,nan,nan,nan
16.12,244.62281799316406,-158.236328125,-8.881399154663086,243.92416166454444,-158.1415764491764,-8.889557798202043,0.705099361122972,1.0464753624049759,1.0464753624049759,3.499834160846475e-05,2.3769251237673066,3.923523552544504,nan,0.9509647205594375,nan
16.13,244.61669921875,-158.24490356445312,-8.879136085510254,243.91788566176567,-158.1503594476187,-8.887341772369972,0.7052278431471176,1.0465329945493793,1.0465329945493793,3.570381318168366e-05,2.3610532994391638,3.872341508763562,nan,nan,nan
16.14,244.61056518554688,-158.2534942626953,-8.87691879272461,243.91158195975626,-158.15914137135354,-8.885413138708788,0.7053737817319992,1.0465907191165231,1.0465907191165231,3.500685270467866e-05,2.536470709359869,3.9873937736795755,nan,0.040954385871735964,nan
16.15,244.60438537597656,-158.26205444335938,-8.87474536895752,243.88692139865657,-158.1714700621534,-8.883387985304093,0.7232114377466735,1.0465043760679487,1.0465043760679487,3.569065142775393e-05,2.5925607236231305,4.448972894012188,2.83931903916534,nan,nan
16.16,244.5981903076172,-158.2706298828125,-8.872614860534668,243.88053381353626,-158.18025565109554,-8.88121093193174,0.7233755855006603,1.0465618235827083,1.0465618235827083,3.499421017516816e-05,2.6114830793716233,4.393977262868028,nan,0.0073705027231710995,nan
16.17,244.5919647216797,-158.27920532226562,-8.870527267456055,243.87411944955107,-158.18904006716318,-8.879178787987662,0.7235374605040168,1.0466193632135314,1.0466193632135314,3.5699540221580175e-05,2.5967487501615842,4.334453443625895,nan,nan,nan
16.18,244.58572387695312,-158.28778076171875,-8.868480682373047,243.86767861939893,-158.19782328875897,-8.876490341234257,0.7237026277915902,1.0466769951049182,1.0466769951049182,3.50027714248718e-05,2.3331719944867184,4.142858846561231,nan,0.3452527338948684,nan
16.19,244.57943725585938,-158.29635620117188,-8.866475105285645,243.86121167493647,-158.2066053555196,-8.874536468918665,0.7238564671058527,1.0467347194013688,1.0467347194013688,3.570846598072467e-05,2.320404813096763,3.9555266388489176,nan,nan,nan
16.2,244.57313537597656,-158.30491638183594,-8.864510536193848,243.88635303872223,-158.24480204101715,-8.873171175482048,0.6894626309013966,1.0466483773259059,1.0466483773259059,3.499018246917318e-05,2.597749746119856,4.616469760248996,13.614341015376935,0.1265680056984456,nan
16.21,244.5668182373047,-158.31349182128906,-8.862584114074707,243.87988523038703,-158.25362939113103,-8.87130598911085,0.6895915730644506,1.046705824624507,1.046705824624507,3.569536545011795e-05,2.5853645119455715,4.470641129179041,nan,nan,nan
16.22,244.56045532226562,-158.32205200195312,-8.860695838928223,243.87339232925635,-158.26245580221098,-8.868275557107776,0.6896845043309685,1.046763364021776,1.046763364021776,3.499877558004896e-05,2.095906656765088,4.015868772974489,nan,1.0258030473656863,nan
16.23,244.5540771484375,-158.33062744140625,-8.858845710754395,243.8668746039072,-158.27128136637936,-8.866477522795536,0.6898025357919755,1.0468209956622134,1.0468209956622134,3.5704324462321406e-05,2.085792172242896,3.87384853912005,nan,nan,nan
16.240000000000002,244.5476837158203,-158.3391876220703,-8.857032775878906,243.86033223537532,-158.28010604897415,-8.865631756058423,0.6899395860577666,1.0468787196903193,1.0468787196903193,3.5007395750324254e-05,2.566825603813157,4.569418000306296,nan,0.5897067703004472,nan
16.25,244.541259765625,-158.34776306152344,-8.855256080627441,243.8087627134694,-158.26514914076262,-8.863873356902163,0.7371914600499012,1.0467923785802804,1.0467923785802804,3.56912624909731e-05,2.5996374837222893,4.546707186963435,18.06458349530878,nan,nan
16.26,244.53480529785156,-158.3563232421875,-8.853513717651367,243.8020997731604,-158.27393373256837,-8.85988414951775,0.737350662582199,1.0468498256642191,1.0468498256642191,3.499484085259911e-05,1.6789837178025064,3.699895477496556,nan,3.7756858317631328,nan
16.27,244.52833557128906,-158.36488342285156,-8.851806640625,243.79541284708776,-158.28271745297246,-8.858219983641828,0.7375419291304611,1.0469073648297071,1.0469073648297071,3.5700238509171737e-05,1.671676241251727,3.759410572292526,nan,nan,nan
16.28,244.52183532714844,-158.37344360351562,-8.850133895874023,243.78870250325545,-158.29150028281722,-8.856517983662462,0.7377256955354591,1.0469649962212446,1.0469649962212446,3.500347815624439e-05,1.6841445827858688,3.689915377204696,nan,0.003768594164691012,nan
16.29,244.5153045654297,-158.3820037841797,-8.848494529724121,243.7819690854556,-158.30028206541357,-8.854922700825094,0.7379028980093776,1.047022719983332,1.047022719983332,3.570923552033911e-05,1.6771695847265575,3.6048492084669626,nan,nan,nan
16.3,244.50877380371094,-158.39056396484375,-8.846887588500977,243.75678816352348,-158.35094171344852,-8.850532695356563,0.7530375904679353,1.0469363798310924,1.0469363798310924,3.4990946972890886e-05,0.9213513556210721,4.104089949775835,15.071986749839425,5.212403042233264,nan
16.31,244.502197265625,-158.3991241455078,-8.84531307220459,243.74997970427557,-158.35978867810053,-8.84897528814382,0.7532542402298256,1.0469938267018561,1.0469938267018561,3.5696187983046066e-05,0.9176335272738685,3.838773300527524,nan,nan,nan
16.32,244.49560546875,-158.40768432617188,-8.843769073486328,243.74314886081697,-158.36863471031128,-8.845101068109482,0.7534703667236111,1.0470513656373224,1.0470513656373224,3.499958814829737e-05,0.5928966650986521,3.5680236483018906,nan,3.8977540529449204,nan
16.330000000000002,244.48899841308594,-158.41624450683594,-8.842256546020508,243.73629582752665,-158.37747973444877,-8.843584846079535,0.7537013030816104,1.0471089967819918,1.0471089967819918,3.570519036164732e-05,0.5919221864335535,3.6156463832950263,nan,nan,nan
16.34,244.4823760986328,-158.42478942871094,-8.840774536132812,243.72942092186415,-158.38632367054447,-8.841127353461902,0.7539371573640081,1.047166720280364,1.047166720280364,3.500824398053262e-05,0.5463738962744096,3.8170745917454028,nan,0.6677628127046289,nan
16.35,244.47572326660156,-158.433349609375,-8.83932113647461,243.75597037675553,-158.38562850447514,-8.839559846613309,0.7213331985130814,1.047080381078361,1.047080381078361,3.5692156442002856e-05,0.49852255818262503,2.8170268930055817,8.880654102553667,nan,nan
16.36,244.4690399169922,-158.44190979003906,-8.837897300720215,243.74910602164042,-158.39445493731066,-8.83976488741635,0.7214986241178282,1.0471378277374281,1.0471378277374281,3.49957107102707e-05,0.5967893872401824,2.8262097771195194,nan,1.9004656117421967,nan
16.37,244.46234130859375,-158.45045471191406,-8.836502075195312,243.74222066273435,-158.40328032629006,-8.83837562342192,0.721666597145048,1.047195366444619,1.047195366444619,3.570115253447458e-05,0.595648886921231,3.0370595778977787,nan,nan,nan
16.38,244.45562744140625,-158.45901489257812,-8.83513355255127,243.73531454550346,-158.41210467162415,-8.837271031609308,0.7218419533738275,1.047252997344434,1.047252997344434,3.500436231653294e-05,0.6280622890952857,2.9158234013406026,nan,0.046088530655967394,nan
16.39,244.4488983154297,-158.46755981445312,-8.833793640136719,243.72838788277946,-158.42092793458633,-8.835942068256449,0.7220210741530455,1.0473107205813732,1.0473107205813732,3.5710159407990573e-05,0.6270161605734655,3.1210028687266074,nan,nan,nan
16.4,244.442138671875,-158.47610473632812,-8.832479476928711,243.66312905726704,-158.41337617671053,-8.83467973006187,0.781534191803012,1.0472243823221061,1.0472243823221061,3.4991833913681345e-05,0.7215971736289769,3.7422877449088903,25.53556087589066,0.0049459071175627575,nan
16.41,244.43536376953125,-158.4846649169922,-8.831192016601562,243.65606848229706,-158.42217080464596,-8.833406057928526,0.7818002051434634,1.0472818287709462,1.0472818287709462,3.569711033993725e-05,0.7209338485989156,3.621059294096209,nan,nan,nan
16.42,244.42855834960938,-158.4932098388672,-8.829930305480957,243.6489879537834,-158.43096434977065,-8.834502059552747,0.7820648335633186,1.047339367251595,1.047339367251595,3.500047187369631e-05,1.1811217255502253,4.101732207440827,nan,3.8754441721188897,nan
16.43,244.42173767089844,-158.5017547607422,-8.828693389892578,243.64188779831852,-158.43975674233855,-8.833304960936548,0.7823240023394294,1.047396997908552,1.047396997908552,3.5706105291894236e-05,1.179915683499852,4.135278803263975,nan,nan,nan
16.44,244.41490173339844,-158.5102996826172,-8.827481269836426,243.63476819717727,-158.4485480561108,-8.830325195176142,0.7825788686288886,1.047454720886318,1.047454720886318,3.500911691418706e-05,0.8156989665330584,3.8062460803029174,nan,2.3083510692305853,nan
16.45,244.40805053710938,-158.5188446044922,-8.826292991638184,243.61299706354978,-158.47653941036933,-8.829146299449508,0.7961833310453128,1.0473683835623475,1.0473683835623475,3.569305484876795e-05,0.8333247704549217,4.524483911808719,4.053132263079756,nan,nan
16.46,244.40118408203125,-158.5273895263672,-8.825128555297852,243.60581615312384,-158.48535953929786,-8.829476345555884,0.7964895262510605,1.0474258298024215,1.0474258298024215,3.4996564644015716e-05,1.1457997980355412,4.867356644662929,nan,1.5245921266136304,nan
16.47,244.394287109375,-158.5359344482422,-8.82398796081543,243.59861660480453,-158.4941786886695,-8.828376294833353,0.7967774800886163,1.0474833680582476,1.0474833680582476,3.570202966938461e-05,1.1454518627654235,4.692679541624232,nan,nan,nan
16.48,244.3873748779297,-158.5444793701172,-8.822869300842285,243.5913985997118,-158.50299683953224,-8.826792749031108,0.7970661385826332,1.0475409984743262,1.0475409984743262,3.500519291608159e-05,1.0462144787040217,4.622633941954155,nan,0.18184712885687696,nan
16.490000000000002,244.3804473876953,-158.55300903320312,-8.821773529052734,243.58416225152504,-158.51181403264295,-8.825735195997607,0.7973598566280091,1.0475987211951574,1.0475987211951574,3.5711009393160556e-05,1.0463751764862792,4.833837416326667,nan,nan,nan
16.5,244.37350463867188,-158.56155395507812,-8.820699691772461,243.63439792051446,-158.50636693127856,-8.825676437550133,0.7411808931831788,1.0475123847991046,1.0475123847991046,3.499263488856487e-05,1.232214498131269,3.6071513589633644,24.392112371731745,0.6255948018929607,nan
16.51,244.3665313720703,-158.57009887695312,-8.819646835327148,243.62721800024778,-158.5151596871172,-8.824674352567422,0.7413689043013817,1.0475698308318644,1.0475698308318644,3.5697927078435654e-05,1.2326956341974489,3.483898457312527,nan,nan,nan
16.52,244.35955810546875,-158.57862854003906,-8.818614959716797,243.62002051880393,-158.52395138864543,-8.823668478105725,0.7415733079221913,1.0476273688645754,1.0476273688645754,3.500123979544388e-05,1.2545382339178373,3.820924880236149,nan,0.0004733989245123376,nan
16.53,244.35255432128906,-158.58717346191406,-8.81760311126709,243.61280557567346,-158.53274188879848,-8.822710019932332,0.7417661918069638,1.0476849990417374,1.0476849990417374,3.570688545242281e-05,1.255555057454011,3.5216357630442285,nan,nan,nan
16.54,244.3455352783203,-158.595703125,-8.816612243652344,243.6055733449251,-158.54153121533645,-8.82396933104275,0.7419786960590314,1.047742721507851,1.047742721507851,3.500984776728012e-05,2.071437632645015,4.504697307262171,nan,3.404491352559883,nan
16.55,244.33851623535156,-158.60423278808594,-8.815641403198242,243.62877483089028,-158.54455660782443,-8.823148942617118,0.7122853858148464,1.047656386032397,1.047656386032397,3.569379405000452e-05,2.063292194045917,4.145669638681311,6.911567136903963,nan,nan
16.56,244.3314666748047,-158.61277770996094,-8.814689636230469,243.6215575379804,-158.55333465706155,-8.822615799665053,0.7124375643881955,1.047713831859286,1.047713831859286,3.49972546155082e-05,2.2795063936377744,4.087201752969237,nan,0.08140125212846169,nan
16.57,244.32440185546875,-158.62130737304688,-8.813755989074707,243.61432365391798,-158.56211168976196,-8.821766609941953,0.7125863816295012,1.0477713696705757,1.0477713696705757,3.5702725341111255e-05,2.2819098530562,4.253573303922339,nan,nan,nan
16.580000000000002,244.3173065185547,-158.6298370361328,-8.81284236907959,243.6070735285234,-158.57088767845795,-8.820812783004252,0.7127197586690096,1.0478289996107664,1.0478289996107664,3.500583968239654e-05,2.299490735835125,4.151553970265451,nan,0.010932880215147565,nan
16.59,244.31021118164062,-158.63836669921875,-8.811945915222168,243.59980739730804,-158.57966258216447,-8.820001716655948,0.7128706797799439,1.0478867218243584,1.0478867218243584,3.57116587873617e-05,2.30211935683128,4.255680829207003,nan,nan,nan
16.6,244.3031005859375,-158.6468963623047,-8.811067581176758,243.57654206453793,-158.5880507176533,-8.817108456565235,0.7289626788033966,1.0478003872622443,1.0478003872622443,3.499323603383272e-05,1.5499451575526817,3.7106686717896045,2.958280691663111,3.6277592157787066,nan
16.61,244.2959747314453,-158.65542602539062,-8.810206413269043,243.56921862469628,-158.59682308985387,-8.816315928885931,0.7291406372789919,1.0478578328846968,1.0478578328846968,3.569852800487439e-05,1.5529234756498254,3.709640877337759,nan,nan,nan
16.62,244.28883361816406,-158.66395568847656,-8.80936336517334,243.56187962416877,-158.60559457891927,-8.815482486256082,0.7293185669769385,1.047915370476247,1.047915370476247,3.500179358063739e-05,1.5773122886952438,3.7188811579312664,nan,0.0024883009500842254,nan
16.63,244.2816619873047,-158.6724853515625,-8.808536529541016,243.55452517585707,-158.61436523708232,-8.814725931458668,0.7294821443774352,1.0479730001813947,1.0479730001813947,3.570743625354881e-05,1.5805969563549926,3.600310799728838,nan,nan,nan
16.64,244.2744903564453,-158.68101501464844,-8.80772590637207,243.54715559525897,-158.62313515260766,-8.81134949821869,0.7296431070583225,1.0480307221446403,1.0480307221446403,3.501035268740637e-05,0.883011731340372,3.0146546648151356,nan,4.909447149602185,nan
16.65,244.26730346679688,-158.6895294189453,-8.806931495666504,243.53573045260845,-158.64402212039585,-8.810571173498236,0.7329960685874993,1.0479443884886661,1.0479443884886661,3.569429375283319e-05,0.8838202909921812,3.460856188391479,1.174192793000651,nan,nan
16.66,244.26010131835938,-158.69805908203125,-8.806153297424316,243.52832489423741,-158.65280960087128,-8.807269393628104,0.7331749423682633,1.0480018339081079,1.0480018339081079,3.4997710014333376e-05,0.5485159267666958,2.9292345626802643,nan,4.666133094037629,nan
16.67,244.2528839111328,-158.7065887451172,-8.805391311645508,243.52090481891824,-158.66159607543116,-8.806529146367144,0.7333614568768935,1.0480593712815869,1.0480593712815869,3.5703172760880864e-05,0.549417770541278,2.9059167895427085,nan,nan,nan
16.68,244.2456512451172,-158.71510314941406,-8.804643630981445,243.5134703141751,-158.6703815579589,-8.807460220801653,0.7335508636459553,1.0481170007536034,1.0481170007536034,3.500624450937062e-05,0.740008128231145,3.2711151188409264,nan,1.9335225762802,nan
16.69,244.2384033203125,-158.7236328125,-8.803910255432129,243.50602157779184,-158.67916616298984,-8.806768816681354,0.7337359682260852,1.0481747224686575,1.0481747224686575,3.57120533230396e-05,0.7424296758965199,3.0860683531608153,nan,nan,nan
16.7,244.23114013671875,-158.73214721679688,-8.803192138671875,243.4888809904319,-158.6951161473303,-8.805186585698257,0.7431849824715572,1.0480883897116815,1.0480883897116815,3.499359059231768e-05,0.6406511839689809,3.4264176842663443,1.0232406736888369,0.6062972528170423,nan
16.71,244.22386169433594,-158.74066162109375,-8.802488327026367,243.4813888273746,-158.703910418643,-8.804517468752731,0.7433846423430659,1.0481458349295298,1.0481458349295298,3.5698870193440955e-05,0.6425699930832403,3.4053320781070515,nan,nan,nan
16.72,244.21656799316406,-158.7491912841797,-8.801798820495605,243.47388305302147,-158.7127037793383,-8.802603781785205,0.7435811363172399,1.0482033720865942,1.0482033720865942,3.5002097168733523e-05,0.5459977804241679,3.098416622817595,nan,1.1203154327633462,nan
16.73,244.2092742919922,-158.75770568847656,-8.801122665405273,243.46636374654017,-158.7214960401936,-8.801952033428016,0.7437929181055097,1.0482610013273748,1.0482610013273748,3.570772545265783e-05,0.5470205049566046,3.3990461951277897,nan,nan,nan
16.740000000000002,244.2019500732422,-158.76622009277344,-8.800460815429688,243.45883110699828,-158.7302872222123,-8.800712210286735,0.7439872528327074,1.0483187227963717,1.0483187227963717,3.501060546767819e-05,0.5298096170894933,3.21064570685856,nan,0.25632788664270845,nan
16.75,244.1946258544922,-158.7747344970703,-8.799811363220215,243.4407748668954,-158.72273754416742,-8.800021162417583,0.7556421366146462,1.04823239093131,1.04823239093131,3.5694531305642284e-05,0.5459548834135165,3.2256869294818573,2.794817423679944,nan,nan
16.76,244.18728637695312,-158.7832489013672,-8.799174308776855,243.43319895597114,-158.7315009230699,-8.798091193834795,0.7558616704656369,1.0482898359489734,1.0482898359489734,3.499791345753915e-05,0.5785276012705997,3.2415936115139066,nan,1.219558747542424,nan
16.77,244.179931640625,-158.79176330566406,-8.798550605773926,243.42561011215474,-158.74026346827716,-8.797476061956651,0.7560782738638883,1.048347372891267,1.048347372891267,3.5703358290455735e-05,0.5776298075461028,3.2073401381973836,nan,nan,nan
16.78,244.1725616455078,-158.80027770996094,-8.797940254211426,243.41800841989186,-158.7490251295472,-8.796506237175581,0.7562932326097873,1.0484050019026905,1.0484050019026905,3.500639830168342e-05,0.6043128085499819,3.196136121586223,nan,0.09572041650121371,nan
16.79,244.16517639160156,-158.8087921142578,-8.797340393066406,243.41039402664583,-158.75778599291368,-8.795914254487837,0.7565051729723878,1.0484627231277444,1.0484627231277444,3.5712187599888416e-05,0.602796652644214,3.1962582831557325,nan,nan,nan
16.8,244.1577911376953,-158.81729125976562,-8.796753883361816,243.38211547455305,-158.77277237399258,-8.793631245160059,0.7769584393331517,1.0483763921475708,1.0483763921475708,3.4993696810506494e-05,0.8544460088403809,4.221660471806722,3.7551304617359986,2.3245568688640685,nan
16.81,244.150390625,-158.8258056640625,-8.796177864074707,243.37444349766545,-158.78154155830757,-8.793049210704588,0.7772149277702596,1.0484338369664492,1.0484338369664492,3.56989555190394e-05,0.8503430984799968,4.026974137737238,nan,nan,nan
16.82,244.14297485351562,-158.83432006835938,-8.795614242553711,243.3667595273596,-158.79030989540084,-8.793422803387037,0.7774650669251836,1.048491373695603,1.048491373695603,3.50021556811679e-05,0.7136953665456339,3.836131584386772,nan,0.6280347295982239,nan
16.830000000000002,244.1355438232422,-158.8428192138672,-8.795061111450195,243.35906369215613,-158.79907722665044,-8.792874965326574,0.7777143014320681,1.0485490024795325,1.0485490024795325,3.5707761731381085e-05,0.7106732492439607,3.9861245309353226,nan,nan,nan
16.84,244.1280975341797,-158.85133361816406,-8.794519424438477,243.35135610116507,-158.80784347960378,-8.793204205143597,0.7779591092823539,1.0486067234627379,1.0486067234627379,3.5010617451140325e-05,0.6265724876064694,3.683731673900899,nan,0.527769985507852,nan
16.85,244.1206512451172,-158.85983276367188,-8.793989181518555,243.30666865553118,-158.7931152518265,-8.79270587713894,0.8167132479677962,1.0485203933604832,1.0485203933604832,3.5694521319061366e-05,0.6822904089112195,4.39044667042019,13.322763324206825,nan,nan
16.86,244.11318969726562,-158.86834716796875,-8.793468475341797,243.2988786719561,-158.80184177480947,-8.791470323336439,0.8170247278212415,1.048577837981968,1.048577837981968,3.4997881686279654e-05,0.7506822433736486,4.277844269708468,nan,0.3790806777131207,nan
16.87,244.105712890625,-158.87684631347656,-8.79295825958252,243.29107707032261,-158.81056721115564,-8.790971466182416,0.8173300352196912,1.0486353744996013,1.0486353744996013,3.570330206573697e-05,0.747601424712178,4.368789666952502,nan,nan,nan
16.88,244.09823608398438,-158.88534545898438,-8.792458534240723,243.28326406720495,-158.8192916440725,-8.78800452063934,0.817656610586064,1.0486930030578836,1.0486930030578836,3.50063228248445e-05,1.2042050720824369,4.974342691573683,nan,4.338495910341004,nan
16.89,244.09072875976562,-158.8938446044922,-8.791969299316406,243.27543978821097,-158.82801519665168,-8.787502950744976,0.8179545013904098,1.0487507238013152,1.0487507238013152,3.571208668917775e-05,1.1965160070094258,4.700285533593278,nan,nan,nan
16.9,244.08322143554688,-158.90234375,-8.791488647460938,243.29177724823884,-158.86137496846663,-8.788762187834426,0.7925085338758775,1.0486643945700667,1.0486643945700667,3.499358073374526e-05,0.8113434574736351,4.445206967911395,8.26918766824613,2.1885003510840226,nan
16.91,244.07571411132812,-158.91085815429688,-8.79101848602295,243.28396959742165,-158.87013607304073,-8.788299312129324,0.7927957221816373,1.0487218389955406,1.0487218389955406,3.569881323287264e-05,0.8064369146370778,4.387143571459749,nan,nan,nan
16.92,244.06817626953125,-158.9193572998047,-8.790557861328125,243.2761512206417,-158.8788960979361,-8.78656677574487,0.793067913667717,1.0487793753032606,1.0487793753032606,3.5001999124177834e-05,1.0547699165728912,4.566292021491596,nan,1.1571990546725277,nan
16.93,244.06063842773438,-158.9278564453125,-8.790105819702148,243.2683221019265,-158.8876551676609,-8.786111946673925,0.7933456080979451,1.0488370036377268,1.0488370036377268,3.570757820327221e-05,1.0467879241678832,4.707865603406176,nan,nan,nan
16.94,244.05308532714844,-158.93634033203125,-8.78966236114502,243.2604825293426,-158.89641324462974,-8.785009990140054,0.7936214538140858,1.0488947241434396,1.0488947241434396,3.5010422117726046e-05,1.2186861100571293,5.013170613435415,nan,0.30478666189649767,nan
16.95,244.0455322265625,-158.94483947753906,-8.789228439331055,243.28100624442362,-158.88116504763602,-8.784578278454847,0.7671870921653127,1.0488083957763403,1.0488083957763403,3.569430009151037e-05,1.1669757572128807,4.019991405250016,9.587241491655938,nan,nan
16.96,244.0379638671875,-158.95333862304688,-8.788803100585938,243.27319170584508,-158.8898827560229,-8.78440693137308,0.767412817281462,1.0488658400071778,1.0488658400071778,3.4997651021845086e-05,1.1136837386375962,3.9253810637525093,nan,0.04776021537832854,nan
16.97,244.03038024902344,-158.9618377685547,-8.788386344909668,243.26536712223506,-158.89859961774334,-8.783987626497131,0.767635002198465,1.0489233761065793,1.0489233761065793,3.5703043302662786e-05,1.1036957648775902,3.8744067246837224,nan,nan,nan
16.98,244.02279663085938,-158.97032165527344,-8.78797721862793,243.25753263145765,-158.90731557245374,-8.78398830150709,0.7678637032132739,1.048981004219045,1.048981004219045,3.5006056994986343e-05,1.0166025721779985,4.070674179960622,nan,0.11898197566816063,nan
16.990000000000002,244.01519775390625,-158.97882080078125,-8.787576675415039,243.24968823387604,-158.9160307055905,-8.78359167376068,0.7680906857586077,1.049038724489075,1.049038724489075,3.571179229391484e-05,1.007047251251115,3.8545505180078496,nan,nan,nan
17.0,244.00758361816406,-158.98731994628906,-8.787184715270996,243.24146274797286,-158.93028234105418,-8.783137862651206,0.7682518162488005,1.0489523969793229,1.0489523969793229,3.499328331123597e-05,1.030655903256463,3.9230905900588993,0.23976935280312373,0.001227677990239829,nan
17.01,243.99996948242188,-158.9958038330078,-8.786799430847168,243.23359810654242,-158.93900447702228,-8.782758195435099,0.7684839518112278,1.0490098410168902,1.0490098410168902,3.569848695708276e-05,1.0204473596550974,4.20903275162678,nan,nan,nan
17.02,243.99234008789062,-159.00430297851562,-8.786422729492188,243.2257241456326,-158.94772574269254,-8.783964055213572,0.7687047753310455,1.0490673769095562,1.0490673769095562,3.500167027540174e-05,0.7359714484630341,3.6972329637187813,nan,1.7553456302002317,nan
17.03,243.9846954345703,-159.01278686523438,-8.786053657531738,243.21784093105956,-158.95644628458618,-8.783617430030946,0.7689252407009027,1.049125004801821,1.049125004801821,3.570722020808286e-05,0.7297740354187305,3.7895688691950524,nan,nan,nan
17.04,243.97705078125,-159.02127075195312,-8.785691261291504,243.20994847450808,-158.96516604055535,-8.783845365380326,0.7691534924717662,1.0491827248381853,1.0491827248381853,3.5010063726483026e-05,0.6611857958871604,3.844240384403044,nan,0.22620645461851094,nan
17.05,243.96939086914062,-159.02975463867188,-8.7853364944458,243.20296918272146,-158.99917808638745,-8.78329164029317,0.7670340985847396,1.0490963981790338,1.0490963981790338,3.569391418058689e-05,0.6779505049452994,4.187701985430588,6.835076315917897,nan,nan
17.06,243.96173095703125,-159.0382537841797,-8.784988403320312,243.19506010980848,-159.0079364054305,-8.784641814694083,0.7672701294584431,1.049153842024688,1.049153842024688,3.499726674102699e-05,0.5645544009870683,3.995291560506011,nan,1.9714558760389211,nan
17.07,243.9540557861328,-159.04673767089844,-8.784647941589355,243.187142254888,-159.01669378752408,-8.784345805020065,0.7675018505652774,1.0492113777121894,1.0492113777121894,3.5702629612812696e-05,0.5639871002252891,4.087710229408948,nan,nan,nan
17.080000000000002,243.94638061523438,-159.0552215576172,-8.784313201904297,243.17921565608233,-159.02545030905003,-8.785086078691098,0.7677427949062936,1.0492690053860383,1.0492690053860383,3.500564695647735e-05,0.5788155277282895,4.216579705932892,nan,0.7467929849228061,nan
17.09,243.93869018554688,-159.06370544433594,-8.78398609161377,243.1712805269039,-159.0342057838184,-8.78481558960764,0.7679768891158767,1.0493267251907348,1.0493267251907348,3.571135278134636e-05,0.5813305390139462,4.108170152640026,nan,nan,nan
17.1,243.9309844970703,-159.0721893310547,-8.78366470336914,243.16466123332552,-159.04870767623817,-8.785875375671033,0.766686128569849,1.0492403993754917,1.0492403993754917,3.49928511516082e-05,0.6998765590606638,4.348757597553949,2.119021300401738,0.8788909795093099,nan
17.11,243.92327880859375,-159.08067321777344,-8.783350944519043,243.1567113788886,-159.0574704673817,-8.785634899117788,0.7669219049936762,1.0492978430305822,1.0492978430305822,3.569802540872099e-05,0.706658112642067,4.39618480160938,nan,nan,nan
17.12,243.91555786132812,-159.0891571044922,-8.783041954040527,243.14875313204053,-159.06623232044257,-8.784173855079711,0.767148173289563,1.0493553785144785,1.0493553785144785,3.500121608842638e-05,0.5974392649587503,4.255039276969783,nan,1.0646556533233615,nan
17.13,243.9078369140625,-159.09762573242188,-8.782739639282227,243.14078678362335,-159.07499332781106,-8.783935662161552,0.7673848831035864,1.0494130059716806,1.0494130059716806,3.570673669730149e-05,0.6012116674104886,4.506309882796842,nan,nan,nan
17.14,243.9001007080078,-159.10610961914062,-8.78244400024414,243.13281240696122,-159.0837535861044,-8.781944387669407,0.7676140819114811,1.0494707255466889,1.0494707255466889,3.500958934303774e-05,0.5685853560275832,4.1884177060624515,nan,2.186355695644324,nan
17.150000000000002,243.89236450195312,-159.11459350585938,-8.782154083251953,243.15769246758396,-159.0928106914409,-8.781469728190249,0.7349952091204225,1.0493844005687158,1.0493844005687158,3.569341242354642e-05,0.5279159037791762,3.7236026362068824,9.95355200779452,nan,nan
17.16,243.88462829589844,-159.12307739257812,-8.781868934631348,243.1497549343108,-159.10157006680808,-8.781396562444815,0.7351881703131294,1.0494418440345836,1.0494418440345836,3.49967757004931e-05,0.5214129284203705,3.8114178396688025,nan,0.019588868083860782,nan
17.17,243.87686157226562,-159.1315460205078,-8.781590461730957,243.14180956398354,-159.11032867555784,-8.781165086678248,0.7353582878775379,1.0494993793164222,1.0494993793164222,3.570210963098012e-05,0.5203153714327609,3.791481576749013,nan,nan,nan
17.18,243.8690948486328,-159.14002990722656,-8.781317710876465,243.13385623775125,-159.11908652848828,-8.779796152272406,0.7355384117669289,1.0495570065587319,1.0495570065587319,3.500513927710513e-05,0.581606485928503,3.7116539811818052,nan,0.9235718009559444,nan
17.19,243.861328125,-159.14849853515625,-8.781049728393555,243.12589516119476,-159.12784357730058,-8.779566039688442,0.7357244544444266,1.049614725906013,1.049614725906013,3.5710816391164214e-05,0.5773451538177519,3.9811556051600956,nan,nan,nan
17.2,243.85354614257812,-159.156982421875,-8.780787467956543,243.13375928567262,-159.15259271037502,-8.780311512252482,0.7198003997461967,1.0495284017587252,1.0495284017587252,3.499233026236314e-05,0.5001359082446899,3.830868185251906,3.7200655435545626,0.5728249825107359,nan
17.21,243.84576416015625,-159.1654510498047,-8.780529975891113,243.1258084720774,-159.1613737500509,-8.780104330458384,0.7199673592215092,1.0495858450367024,1.0495858450367024,3.569747616103324e-05,0.49893940787417024,4.100646583246416,nan,nan,nan
17.22,243.83798217773438,-159.17391967773438,-8.780278205871582,243.11785030770955,-159.17015378739413,-8.782144125393032,0.7201441340531581,1.0496433801180192,1.0496433801180192,3.500068195232284e-05,0.5935504041599458,4.22905788881198,nan,3.5450296714483067,nan
17.23,243.83016967773438,-159.18240356445312,-8.780031204223633,243.10988487182948,-159.17893287586267,-8.781971648556137,0.7202957813432987,1.049701007147176,1.049701007147176,3.570617452370691e-05,0.5997101958455135,3.8711611930767575,nan,nan,nan
17.240000000000002,243.82237243652344,-159.1908721923828,-8.779788970947266,243.10191230947575,-159.18771121234218,-8.780506253093437,0.7204674183848039,1.0497587262686727,1.0497587262686727,3.500904359473071e-05,0.5091646780271243,4.133636946973468,nan,1.1905892754066807,nan
17.25,243.81455993652344,-159.1993408203125,-8.77955150604248,243.1018924416335,-159.19471389955703,-8.780254670037616,0.7126828615225477,1.0496724029455382,1.0496724029455382,3.569284072748535e-05,0.49773346933965956,3.9540115145311896,0.738446644614068,nan,nan
17.26,243.80673217773438,-159.2078094482422,-8.779318809509277,243.09391823076663,-159.20348790948213,-8.780229482976852,0.7128276285436405,1.0497298460369493,1.0497298460369493,3.499622156085444e-05,0.5077482266856449,3.9067636273138557,nan,0.01463704942917849,nan
17.27,243.7989044189453,-159.21627807617188,-8.779090881347656,243.08593718077972,-159.21226100889666,-8.780067426328158,0.7129792235171097,1.0497873809192688,1.0497873809192688,3.570152828317192e-05,0.5109413462632428,3.9398974357374845,nan,nan,nan
17.28,243.79107666015625,-159.22474670410156,-8.778867721557617,243.0779493216126,-159.22103320814435,-8.77929235848595,0.7131371336195338,1.0498450077369972,1.0498450077369972,3.5004576619734686e-05,0.48956977193141354,3.9502710378735477,nan,0.27015532496732664,nan
17.29,243.78323364257812,-159.23321533203125,-8.77864933013916,243.06995464593092,-159.2298045825417,-8.77913519433284,0.713287316818502,1.0499027266346344,1.0499027266346344,3.571022695709214e-05,0.49120644704386596,3.88299189767453,nan,nan,nan
17.3,243.77537536621094,-159.24168395996094,-8.778434753417969,243.08063270814563,-159.2344092165326,-8.778014159383536,0.694780871733628,1.0498164041291735,1.0498164041291735,3.499176214279613e-05,0.46486945944549746,3.5952107792519556,2.5637294950410494,0.6328202518674754,nan
17.31,243.7675323486328,-159.25015258789062,-8.778223991394043,243.07265434786027,-159.24317210796332,-8.777857706632783,0.6949131580436467,1.0498738470353344,1.0498738470353344,3.5696881791458555e-05,0.4637224276693747,3.7219543532586914,nan,nan,nan
17.32,243.75965881347656,-159.2586212158203,-8.7780179977417,243.06466948766342,-159.25193413162307,-8.777365960709801,0.6950218019900918,1.0499313817201699,1.0499313817201699,3.500010818632766e-05,0.47222950423983506,3.5886018819493666,nan,0.08187355103780695,nan
17.330000000000002,243.75180053710938,-159.26707458496094,-8.777815818786621,243.0566784257579,-159.26069528589812,-8.777216504899371,0.6951516412434112,1.0499890083281798,1.0499890083281798,3.570557499585033e-05,0.47028846455417284,3.9093021576332596,nan,nan,nan
17.34,243.74392700195312,-159.27554321289062,-8.777618408203125,243.04868123197647,-159.26945581051268,-8.77765794706639,0.6952724204953475,1.0500467270038643,1.0500467270038643,3.5008465545147043e-05,0.46040868001602925,3.620715116372458,nan,0.24227330655050866,nan
17.35,243.7360382080078,-159.2840118408203,-8.777423858642578,243.04224309920423,-159.27195056297236,-8.777561373667588,0.6938999541241412,1.04996040530965,1.04996040530965,3.5692239003797645e-05,0.45911580346739694,3.5109927834159107,0.3521899382273267,nan,nan
17.36,243.7281494140625,-159.29246520996094,-8.777234077453613,243.03423607651928,-159.28069964579848,-8.77785133514092,0.694013349675269,1.0500178480318687,1.0500178480318687,3.4995642015677186e-05,0.46959771087123325,3.7148959082924167,nan,0.12342988984786916,nan
17.37,243.7202606201172,-159.30093383789062,-8.777047157287598,243.0262230467767,-159.28944777799404,-8.777732210938575,0.6941329498581776,1.0500753825207214,1.0500753825207214,3.57009240829564e-05,0.4719886037494853,3.57020551587667,nan,nan,nan
17.38,243.71237182617188,-159.30938720703125,-8.776865005493164,243.01820409433626,-159.2981949664021,-8.777615544546606,0.6942583593166025,1.0501330089207084,1.0501330089207084,3.5003995308918444e-05,0.47507656617760474,3.7618293704219434,nan,3.6597333186309195e-06,nan
17.39,243.7044677734375,-159.31785583496094,-8.77668571472168,243.0101792618596,-159.30694136008708,-8.77750592312757,0.6943747805131246,1.0501907273763298,1.0501907273763298,3.570962154390984e-05,0.4779517056081023,3.5537618644321567,nan,nan,nan
17.400000000000002,243.69654846191406,-159.32630920410156,-8.776510238647461,242.9965785528875,-159.30366368152022,-8.777268444324955,0.7003365391806052,1.0501044064869864,1.0501044064869864,3.4991181663744605e-05,0.4834976667354571,3.5283264990168037,1.3248213406263,0.023364983522944572,nan
17.41,243.6886444091797,-159.33477783203125,-8.776338577270508,242.98853335420446,-159.31238933776768,-8.77716697454428,0.7004694284663351,1.0501618490265625,1.0501618490265625,3.56962778341824e-05,0.48644457996907187,3.444101696613865,nan,nan,nan
17.42,243.6807098388672,-159.34323120117188,-8.776169776916504,242.98048257772172,-159.32111452420148,-8.777760958912197,0.7005782586632593,1.050219383320923,1.050219383320923,3.499952821750392e-05,0.5396777777756815,3.5630641865243446,nan,0.33736298909406565,nan
17.43,243.67279052734375,-159.3516845703125,-8.776004791259766,242.97242618087395,-159.32983904611825,-8.777674896882836,0.7007069530025943,1.0502770095145684,1.0502770095145684,3.5704972130662646e-05,0.5456032095170278,3.649746313659347,nan,nan,nan
17.44,243.66485595703125,-159.36013793945312,-8.775842666625977,242.96436415309697,-159.33856281622974,-8.776016388340727,0.7008240032279472,1.0503347277519988,1.0503347277519988,3.500788715088812e-05,0.4684789543044561,3.536296780540579,nan,1.754847352185963,nan
17.45,243.65692138671875,-159.36859130859375,-8.775684356689453,242.97816748741786,-159.33689995323468,-8.775872260505494,0.679493365036405,1.0502484076612015,1.0502484076612015,3.5691639696813926e-05,0.44061019224706494,3.1667714709347523,4.18490886544457,nan,nan
17.46,243.6489715576172,-159.37705993652344,-8.775528907775879,242.97012956078225,-159.3456055664417,-8.775291341022042,0.6795703720013412,1.0503058500194264,1.0503058500194264,3.499506750452118e-05,0.4413092670417228,2.98183326701335,nan,0.1701975691295856,nan
17.47,243.64102172851562,-159.38551330566406,-8.775376319885254,242.9620862570846,-159.3543104469628,-8.775200631189188,0.6796521342752672,1.0503633841207742,1.0503633841207742,3.570032792228817e-05,0.44064287118264867,3.181858660159598,nan,nan,nan
17.48,243.63307189941406,-159.3939666748047,-8.775227546691895,242.95403759942263,-159.36301464496762,-8.774938943466093,0.6797394294931745,1.0504210101097446,1.0504210101097446,3.500342428730246e-05,0.4422466004246391,3.180046777725244,nan,0.021656438486731502,nan
17.490000000000002,243.6251220703125,-159.4024200439453,-8.775080680847168,242.94598358796196,-159.37171813875483,-8.774854742216258,0.6798321382811956,1.0504787281308383,1.0504787281308383,3.570902948259987e-05,0.4413924785437111,3.245426986264335,nan,nan,nan
17.5,243.61715698242188,-159.41087341308594,-8.774937629699707,242.9483424642442,-159.3688961444503,-8.77450539386356,0.6701306869821392,1.0503924088323133,1.0503924088323133,3.4990616245746024e-05,0.4328700206142566,2.878580264229203,3.0411850019514146,0.006009719168037849,nan
17.51,243.6091766357422,-159.4193115234375,-8.774796485900879,242.94029460265526,-159.37757981563328,-8.774424819136932,0.670182697298987,1.0504498510104707,1.0504498510104707,3.569569203745733e-05,0.4314435089715664,3.058458563785143,nan,nan,nan
17.52,243.60121154785156,-159.42776489257812,-8.774659156799316,242.93224159246066,-159.38626281472546,-8.775532407893284,0.6702566569973577,1.0505073849202735,1.0505073849202735,3.499896796919011e-05,0.44943232602170924,2.94054773781673,nan,0.9903453354010502,nan
17.53,243.59323120117188,-159.43621826171875,-8.774523735046387,242.9241836408998,-159.39494514316286,-8.775471412209415,0.6703200775102535,1.050565010706222,1.050565010706222,3.5704392121365986e-05,0.45285492739977523,2.947660943416942,nan,nan,nan
17.54,243.5852508544922,-159.44467163085938,-8.774392127990723,242.91612087474323,-159.40362682449944,-8.77547568616906,0.670388529157751,1.0506227285128167,1.0506227285128167,3.500733284476993e-05,0.46130361547319737,2.9256752759824605,nan,0.002674262037717548,nan
17.55,243.57725524902344,-159.453125,-8.774261474609375,242.91784272195392,-159.43508842971715,-8.775348334995028,0.659660048804895,1.0505364100003403,1.0505364100003403,3.5691067441512574e-05,0.4473141016080545,3.28326872885608,4.51568738778942,nan,nan
17.56,243.5692596435547,-159.46156311035156,-8.774134635925293,242.909785815964,-159.44380518646489,-8.775595486720263,0.6597144891715827,1.0505938519997053,1.0505938519997053,3.499452097122246e-05,0.4752453696111214,3.4608200909204045,nan,0.06278041042839824,nan
17.57,243.56126403808594,-159.4700164794922,-8.77401065826416,242.90172399847464,-159.4525210699863,-8.775551194557858,0.6597738449319792,1.0506513857194206,1.0506513857194206,3.5699762908821124e-05,0.4807916860474017,3.2807200420087446,nan,nan,nan
17.580000000000002,243.5532684326172,-159.47845458984375,-8.77388858795166,242.89365735795658,-159.46123617958023,-8.772708620487066,0.6598368251243152,1.0507090113039863,1.0507090113039863,3.500288503951641e-05,0.4541482891016863,3.457193867178085,nan,5.542009978171314,nan
17.59,243.54525756835938,-159.48690795898438,-8.773768424987793,242.88558590665153,-159.46995048376374,-8.772643255952524,0.6598905388256515,1.0507667288979023,1.0507667288979023,3.570847237276486e-05,0.4498696473764479,3.275191614986573,nan,nan,nan
17.6,243.53724670410156,-159.495361328125,-8.773651123046875,242.9000309222821,-159.46656752857356,-8.774862309121467,0.6378671511091522,1.0506804111653012,1.0506804111653012,3.4990085930230354e-05,0.42917254183454157,3.021430440175444,4.557747751838693,3.6011962166551403,nan
17.61,243.5292205810547,-159.50379943847656,-8.77353572845459,242.8919861840755,-159.47526086865557,-8.774826978026026,0.6378744343413557,1.0507378529871416,1.0507378529871416,3.569514451242545e-05,0.4339448180937855,3.200281085852631,nan,nan,nan
17.62,243.52120971679688,-159.51223754882812,-8.773423194885254,242.8839369810403,-159.4839536129427,-8.774096330588847,0.6379004419809615,1.0507953865182156,1.0507953865182156,3.4998446071222257e-05,0.4001928230174188,3.154178648755316,nan,0.34460724249659214,nan
17.63,243.51318359375,-159.52069091796875,-8.773313522338867,242.87588350212923,-159.4926458408727,-8.774060536567886,0.6379173074618893,1.0508530119030233,1.0508530119030233,3.5703853624397805e-05,0.40287475374671966,2.960813829276624,nan,nan,nan
17.64,243.50514221191406,-159.5291290283203,-8.773204803466797,242.86782586556262,-159.501337645101,-8.773623227685517,0.6379221436717956,1.050910729286065,1.050910729286065,3.500681987269159e-05,0.3922315865593177,3.160927133933084,nan,0.11560761843053677,nan
17.650000000000002,243.4971160888672,-159.53756713867188,-8.773098945617676,242.8452928142276,-159.49963488286392,-8.7736428633636,0.6529262846899819,1.0508244123272144,1.0508244123272144,3.569053947127012e-05,0.41398252702231436,3.0534089136362508,2.3309491761694723,nan,nan
17.66,243.48907470703125,-159.5460205078125,-8.772994995117188,242.83720371062307,-159.50830916992726,-8.775700640627624,0.6529665086977384,1.050881853972789,1.050881853972789,3.4994018311148676e-05,0.614907836964974,3.089572229178157,nan,3.076990975495147,nan
17.67,243.4810333251953,-159.55445861816406,-8.772892951965332,242.8291103493744,-159.51698284438817,-8.775695259292938,0.6530052472604404,1.050939387316657,1.050939387316657,3.5699244887318504e-05,0.625714438960021,3.2651761040893073,nan,nan,nan
17.68,243.47299194335938,-159.56289672851562,-8.77279281616211,242.82101267913941,-159.52565593771084,-8.777102829821656,0.6530562102072933,1.0509970125033183,1.0509970125033183,3.5002392143177076e-05,0.9364835477174005,3.5801280701679272,nan,1.403365370050501,nan
17.69,243.46493530273438,-159.5713348388672,-8.772695541381836,242.81291093574876,-159.53432833093422,-8.777117610447341,0.6530886704477458,1.051054729677273,1.051054729677273,3.5707964706360574e-05,0.9534162456562153,3.5298757952839726,nan,nan,nan
17.7,243.45687866210938,-159.57977294921875,-8.772599220275879,242.7895971080525,-159.5368568278533,-8.77658169129419,0.6686720615765377,1.0509684134860975,1.0509684134860975,3.4989604019372896e-05,0.8787029629776903,3.458770952120572,1.9057816390464528,0.24065500699980918,nan
17.71,243.44882202148438,-159.5882110595703,-8.772505760192871,242.78146357321958,-159.54551806236654,-8.776597110446424,0.6687351715197357,1.0510258549566585,1.0510258549566585,3.5694648444000685e-05,0.8944334979604035,3.4299854220208124,nan,nan,nan
17.72,243.44076538085938,-159.59664916992188,-8.77241325378418,242.7733260992837,-159.5541786169826,-8.775705633933928,0.6687972654132653,1.051083388114745,1.051083388114745,3.499797458296973e-05,0.7352664264277997,3.3033447601011328,nan,0.5844330203204596,nan
17.73,243.4326934814453,-159.60508728027344,-8.772322654724121,242.76518479760367,-159.56283864098603,-8.77571769714232,0.6688529859682661,1.0511410131048577,1.0511410131048577,3.5703368551806505e-05,0.7484232484198234,3.281857238523041,nan,nan,nan
17.740000000000002,243.42462158203125,-159.613525390625,-8.772234916687012,242.757039732461,-159.571498022775,-8.776176966407098,0.6689150658192851,1.0511987300714964,1.0511987300714964,3.50063590903593e-05,0.8695519923967667,3.367560003072442,nan,0.13928272360137647,nan
17.75,243.4165496826172,-159.62196350097656,-8.772148132324219,242.74268311776666,-159.58973115609834,-8.77618757441559,0.6746490853563863,1.051112414641969,1.051112414641969,3.569006647797075e-05,0.8901918553442343,3.6029933309098094,0.9096432668676439,nan,nan
17.76,243.40847778320312,-159.63040161132812,-8.772063255310059,242.73452035884517,-159.598404628094,-8.775555767846045,0.6747255845357453,1.0511698559387597,1.0511698559387597,3.499356922868782e-05,0.7816498427432961,3.4870105213088607,nan,0.3045133159118806,nan
17.77,243.400390625,-159.6388397216797,-8.771979331970215,242.72635376261317,-159.6070775875859,-8.775576707672917,0.674794388040103,1.051227388912479,1.051227388912479,3.569878336274251e-05,0.7956540936257595,3.487610670687281,nan,nan,nan
17.78,243.39231872558594,-159.6472625732422,-8.77189826965332,242.71818344719568,-159.61575014900873,-8.775897843230885,0.6748832514147726,1.0512850137076275,1.0512850137076275,3.500195418277605e-05,0.890252921057896,3.749207790371878,nan,0.06250430470228995,nan
17.79,243.3842315673828,-159.65570068359375,-8.771818161010742,242.7100095637367,-159.62442227306906,-8.775927003979858,0.6749596519467569,1.0513427304687053,1.0513427304687053,3.570751484525302e-05,0.9061086809614347,3.575135408631261,nan,nan,nan
17.8,243.37612915039062,-159.6641387939453,-8.771739959716797,242.7286490089337,-159.64773929617826,-8.774758639219332,0.6476948274720351,1.0512564157948472,1.0512564157948472,3.4989178034728595e-05,0.6594813719473794,3.4483635309824567,6.571669162693291,0.9406338484892502,nan
17.81,243.3680419921875,-159.67257690429688,-8.771662712097168,242.72051097398796,-159.656433670803,-8.774780549767218,0.6477397196636256,1.051313856919103,1.051313856919103,3.569421111106399e-05,0.6714173605989038,3.492867165006386,nan,nan,nan
17.82,243.3599395751953,-159.68099975585938,-8.771587371826172,242.71236947656703,-159.6651274647209,-8.772559844520831,0.647765318588889,1.0513713897098587,1.0513713897098587,3.499755999310944e-05,0.4261187783637282,3.3946757414362945,nan,3.560084632104896,nan
17.830000000000002,243.35183715820312,-159.68943786621094,-8.771513938903809,242.7042245822275,-159.6738207209941,-8.772564639725205,0.6478017040412222,1.051429014311614,1.051429014311614,3.57029431305456e-05,0.43004065771199224,3.213461952854404,nan,nan,nan
17.84,243.34373474121094,-159.69786071777344,-8.771441459655762,242.69607643570453,-159.68251340111155,-8.772715345631543,0.647841372255304,1.0514867308688696,1.0514867308688696,3.500595599723018e-05,0.4455035040404396,3.4314839297475306,nan,0.014497450416967442,nan
17.85,243.3356170654297,-159.706298828125,-8.771369934082031,242.68618907618614,-159.7004745612653,-8.772644741669847,0.649455356765773,1.05140041694475,1.05140041694475,3.568965369982204e-05,0.44670548214571226,3.4087496646476625,0.9216283101257918,nan,nan
17.86,243.3275146484375,-159.7147216796875,-8.771300315856934,242.6780314502204,-159.7091808051732,-8.773192400847794,0.6495095888763353,1.051457857897699,1.051457857897699,3.4993178295508927e-05,0.503518779996703,3.6557180025856306,nan,0.2026504659642185,nan
17.87,243.31939697265625,-159.72315979003906,-8.771232604980469,242.66987064669135,-159.71788660439418,-8.773212098093975,0.6495507470562192,1.0515153905068835,1.0515153905068835,3.569838261374189e-05,0.5110059906215444,3.4290232229430115,nan,nan,nan
17.88,243.311279296875,-159.73158264160156,-8.77116584777832,242.66170667712584,-159.7265918513183,-8.77450365699813,0.6496003673689176,1.0515730149168037,1.0515730149168037,3.50015748296481e-05,0.7195736753137024,3.8337610399852955,nan,1.138093810104292,nan
17.89,243.30316162109375,-159.74002075195312,-8.771100044250488,242.65353945958623,-159.73529663255036,-8.77454051128506,0.6496484486545424,1.05163073127196,1.05163073127196,3.570712615428374e-05,0.732808505536859,3.667666503068836,nan,nan,nan
17.900000000000002,243.29502868652344,-159.74844360351562,-8.771036148071289,242.65290301123403,-159.72918815613275,-8.773387893413457,0.6424186219482945,1.0515444180916953,1.0515444180916953,3.498881081018436e-05,0.5505373977083758,3.3201418126101236,2.1939201045598042,0.8736685901216331,nan
17.91,243.2869110107422,-159.75686645507812,-8.770973205566406,242.6447416650847,-159.73786834591442,-8.773416732784185,0.6424549536576339,1.0516018588745575,1.0516018588745575,3.569383503028261e-05,0.559768117642518,3.3611018090249907,nan,nan,nan
17.92,243.27877807617188,-159.7653045654297,-8.770912170410156,242.63657721178686,-159.74654817299083,-8.77229777299187,0.6424762037373047,1.0516593913035537,1.0516593913035537,3.499720432352313e-05,0.4473560779597123,3.039509811641212,nan,0.9342752470099563,nan
17.93,243.27064514160156,-159.7737274169922,-8.770851135253906,242.6284097690418,-159.7552274973946,-8.772319842199954,0.6425034458212465,1.0517170155231839,1.0517170155231839,3.5702579055094975e-05,0.4529277275289548,3.266897802730757,nan,nan,nan
17.94,243.26251220703125,-159.7821502685547,-8.770792007446289,242.62023936443458,-159.76390623579886,-8.772502562229196,0.6425341820215215,1.0517747316779482,1.0517747316779482,3.5005611846505414e-05,0.47611093456341785,3.2763923482579056,nan,0.0176606089232051,nan
17.95,243.25436401367188,-159.7905731201172,-8.770734786987305,242.6198149471374,-159.77534476149992,-8.772360121191674,0.634733851671097,1.0516884192357014,1.0516884192357014,3.568930207504285e-05,0.45710313873838315,3.2123004967673783,1.795347183849916,nan,nan
17.96,243.24623107910156,-159.7989959716797,-8.77067756652832,242.61165117655415,-159.78402699108435,-8.773058798197793,0.6347608946378267,1.0517458598496892,1.0517458598496892,3.499284605949183e-05,0.5451329547155543,3.3552413172567137,nan,0.3184443786057806,nan
17.97,243.2380828857422,-159.8074188232422,-8.770622253417969,242.60348455182893,-159.79270883913256,-8.773094921569337,0.6347736156503182,1.051803392099869,1.051803392099869,3.569804284596083e-05,0.5543586139887277,3.3197254876810907,nan,nan,nan
17.98,243.2299346923828,-159.8158416748047,-8.770566940307617,242.59531527738582,-159.8013902064676,-8.770944940169285,0.6347840496673774,1.051861016130741,1.051861016130741,3.5001253948534075e-05,0.3871657956822306,3.201173998753822,nan,3.381143306608817,nan
17.990000000000002,243.22178649902344,-159.82427978515625,-8.770513534545898,242.5871433883321,-159.81007121580046,-8.7709636824999,0.6348023031025508,1.0519187320868053,1.0519187320868053,3.570679815009958e-05,0.38875941868618274,3.0086160998048372,nan,nan,nan
18.0,243.213623046875,-159.83270263671875,-8.770461082458496,242.59267446222157,-159.83022155226948,-8.772549929781203,0.6209570547520048,1.051832420376786,1.051832420376786,3.498850158995576e-05,0.4912886468947725,3.5745641823825522,3.4399356603876274,1.3813092258369952,nan
18.01,243.20547485351562,-159.84112548828125,-8.77040958404541,242.58451882074988,-159.83891986059814,-8.772589672179631,0.6209637768871266,1.051889860823104,1.051889860823104,3.569351909422021e-05,0.49972537836537767,3.565079667822551,nan,nan,nan
18.02,243.1973114013672,-159.8495330810547,-8.770359992980957,242.57636055937104,-159.84761772025556,-8.772941431098223,0.6209591617855955,1.0519473928958292,1.0519473928958292,3.4996906217834194e-05,0.5569544471861538,3.7782779045325356,nan,0.06790164647347258,nan
18.03,243.18914794921875,-159.8579559326172,-8.770310401916504,242.56819947002188,-159.8563151359915,-8.77298817969812,0.6209564207932141,1.0520050167394621,1.0520050167394621,3.5702274614050193e-05,0.5673602581269076,3.627606229621508,nan,nan,nan
18.04,243.1809844970703,-159.8663787841797,-8.770261764526367,242.56003561951206,-159.86501193654067,-8.772272315437561,0.620953636858891,1.0520627324985026,1.0520627324985026,3.500532472107423e-05,0.4819756104817571,3.5349498233486853,nan,0.4127591056991881,nan
18.05,243.17282104492188,-159.8748016357422,-8.770214080810547,242.55887109880805,-159.83296812297573,-8.77224807981518,0.6153768896176512,1.0519764215149667,1.0519764215149667,3.568900935159945e-05,0.4758966953311459,2.8262081032542063,12.062484414108273,nan,nan
18.06,243.16465759277344,-159.8832244873047,-8.77016830444336,242.55071361003345,-159.84159886573514,-8.77092177482053,0.6153539420782911,1.0520338617948115,1.0520338617948115,3.499257010318456e-05,0.3761552384357208,2.685583439551266,nan,1.3257418168095583,nan
18.07,243.15647888183594,-159.8916473388672,-8.770122528076172,242.54255366388125,-159.8502291099554,-8.770953745682178,0.6153213256905765,1.052091393691434,1.052091393691434,3.5697761284473964e-05,0.37922813013051615,2.748301936347996,nan,nan,nan
18.080000000000002,243.14830017089844,-159.90005493164062,-8.7700777053833,242.53439125617476,-159.85885898589606,-8.770835002390173,0.6152900413802846,1.0521490173493342,1.0521490173493342,3.500098863817373e-05,0.37620236661963985,2.899003446707935,nan,0.01648895912995032,nan
18.09,243.14013671875,-159.90847778320312,-8.770033836364746,242.5262264286528,-159.8674885459159,-8.770869545732552,0.6152777098764224,1.0522067329130123,1.0522067329130123,3.570652757377014e-05,0.37934260652695156,2.7377362640559952,nan,nan,nan
18.1,243.1319580078125,-159.91690063476562,-8.769990921020508,242.5490697998424,-159.85687445830501,-8.770860993210315,0.5859714684834699,1.0521204226502614,1.0521204226502614,3.6403461843141086e-05,0.3471476199941862,2.5656097492695396,9.330588279710927,nan,nan
18.11,243.12376403808594,-159.92532348632812,-8.769948959350586,242.54094956412993,-159.86547252182976,-8.770898388918194,0.5858803209022339,1.0521778627648226,1.0521778627648226,3.713684470790628e-05,0.35050555776163395,2.607380133333317,nan,nan,nan
18.12,243.11558532714844,-159.93373107910156,-8.76990795135498,242.53282699115675,-159.87407011181418,-8.77265389046409,0.5858107624199596,1.0522353944866838,1.0522353944866838,3.6354493781429513e-05,0.5335382616681255,2.848408903304721,nan,1.925095030926511,nan
18.13,243.10740661621094,-159.94215393066406,-8.769867897033691,242.52470198804798,-159.88266728717983,-8.772711982369486,0.5857400731185707,1.0522930179603451,1.0522930179603451,3.708652065803411e-05,0.5441408149766069,2.724359918466322,nan,nan,nan
18.14,243.09921264648438,-159.9505615234375,-8.769827842712402,242.51657441078066,-159.8912639829769,-8.77269292188478,0.5856549501944583,1.052350733330307,1.052350733330307,3.630688797220285e-05,0.5520127905979418,2.9257173097110956,nan,0.00409605785051829,nan
18.150000000000002,243.0910186767578,-159.958984375,-8.769789695739746,242.50466328101442,-159.87972370097128,-8.7727746714894,0.5916957111937754,1.0522644237826877,1.0522644237826877,3.7014015886378715e-05,0.5734279982021793,2.5423010837423736,2.9307975884637765,nan,nan
18.16,243.08282470703125,-159.9674072265625,-8.76975154876709,242.49652470246707,-159.88828733050272,-8.772951073050802,0.5916230981462012,1.0523218637331468,1.0523218637331468,3.6238042590587904e-05,0.615097091874604,2.597902914921375,nan,0.008421355391314285,nan
18.17,243.0746307373047,-159.97581481933594,-8.76971435546875,242.4883839243407,-159.89685058591624,-8.773017179964034,0.591550153849735,1.0523793952815783,1.0523793952815783,3.6966652126480744e-05,0.6275986371691724,2.696417989184707,nan,nan,nan
18.18,243.06643676757812,-159.98423767089844,-8.769678115844727,242.4802409204628,-159.90541358029714,-8.7743709150325,0.5914903471728034,1.0524370185724823,1.0524370185724823,3.6193292351342025e-05,0.9408736555733068,2.898961347878751,nan,1.0900697259724617,nan
18.19,243.05824279785156,-159.99264526367188,-8.769641876220703,242.47209567375089,-159.91397634610504,-8.77445360864812,0.5914223553870651,1.0524947337503592,1.0524947337503592,3.69207590965351e-05,0.9594061134191949,3.0339019948602766,nan,nan,nan
18.2,243.05003356933594,-160.0010528564453,-8.769606590270996,242.4157866489389,-159.92625450120866,-8.775224992770228,0.6386669839798136,1.0524084249122632,1.0524084249122632,3.61275296116621e-05,1.2613034006906103,3.2003953108004826,17.55213062564671,0.49981846912090405,nan
18.21,243.04183959960938,-160.0094757080078,-8.769572257995605,242.40756048204418,-159.9348224662463,-8.77531611434374,0.6386830961991564,1.052465864699794,1.052465864699794,3.685301019204046e-05,1.2827790236850931,3.098669209403745,nan,nan,nan
18.22,243.03363037109375,-160.01788330078125,-8.769538879394531,242.39933234773395,-159.94339011606584,-8.775355063775821,0.63868383806697,1.0525233960761171,1.0525233960761171,3.608567462653772e-05,1.3249646145293135,3.219950597369668,nan,0.001926370275802203,nan
18.23,243.02542114257812,-160.02630615234375,-8.769505500793457,242.39110241372157,-159.95195755416853,-8.77544907464352,0.6386887269233178,1.0525810191857328,1.0525810191857328,3.681015218288807e-05,1.3471949838551445,3.1516045528572154,nan,nan,nan
18.240000000000002,243.0172119140625,-160.0347137451172,-8.7694730758667,242.38287061913192,-159.9605246345371,-8.775858586060734,0.6386968587078731,1.0526387341731411,1.0526387341731411,3.604525033422631e-05,1.5187054239261748,3.4051047502887073,nan,0.0654721442584369,nan
18.25,243.00900268554688,-160.04312133789062,-8.769441604614258,242.40701166293223,-159.9871270092244,-8.775990843042011,0.6046250480052793,1.0525524260390053,1.0525524260390053,3.674563446780606e-05,1.5145604132188355,3.6656484108382412,9.572901018902117,nan,nan
18.26,243.0007781982422,-160.05152893066406,-8.769411087036133,242.39882755915954,-159.99572186520749,-8.7738244482139,0.60454816036753,1.0526098656647747,1.0526098656647747,3.598406087255199e-05,0.8884816719481347,3.0423721603567198,nan,3.437287125880725,nan
18.27,242.99256896972656,-160.05995178222656,-8.769380569458008,242.3906415599251,-160.00431630716452,-8.77390684496763,0.6045100494827881,1.0526673968703013,1.0526673968703013,3.670581417278974e-05,0.9052745962595772,2.9164561451756663,nan,nan,nan
18.28,242.98434448242188,-160.068359375,-8.769350051879883,242.38245367059454,-160.01291043507294,-8.775427416441625,0.60447007259352,1.0527250198000855,1.0527250198000855,3.5946550748744154e-05,1.3745289162981877,3.550649767761156,nan,1.3799226964935085,nan
18.29,242.97613525390625,-160.07676696777344,-8.76932144165039,242.37426389572164,-160.02150429621122,-8.775527391428499,0.604434949753759,1.0527827345986271,1.0527827345986271,3.666748656806027e-05,1.3973413348840336,3.4800065892197476,nan,nan,nan
18.3,242.96791076660156,-160.08517456054688,-8.769292831420898,242.37627268928588,-160.04362162837404,-8.776496616244872,0.5931392376312189,1.0526964271629315,1.0526964271629315,3.588842548146832e-05,1.7801494531309903,4.159042423867687,2.2438776692014595,0.41853963746833917,nan
18.31,242.95968627929688,-160.0935821533203,-8.769264221191406,242.36809536816983,-160.05223631756755,-8.776609226055388,0.5930794494489507,1.0527538666280984,1.0527538666280984,3.6607703429364e-05,1.8077748585842048,4.183279973697777,nan,nan,nan
18.32,242.9514617919922,-160.10198974609375,-8.76923656463623,242.359916346799,-160.06085068334696,-8.775252338826801,0.5930047434478132,1.0528113976641305,1.0528113976641305,3.585380274818076e-05,1.3433444990482526,3.6827539459464673,nan,1.45481669392224,nan
18.330000000000002,242.9432373046875,-160.1103973388672,-8.769209861755371,242.3517357307136,-160.06946470665272,-8.775353666509055,0.5929480067682501,1.0528690204155278,1.0528690204155278,3.6572383787936186e-05,1.3659962365427925,3.6776708803699547,nan,nan,nan
18.34,242.9350128173828,-160.1188201904297,-8.769183158874512,242.34355342612577,-160.0780784795776,-8.774420206736478,0.592884073980419,1.0529267350267906,1.0529267350267906,3.582059383531671e-05,1.099483953378478,3.2896433484152623,nan,0.7236733022549395,nan
18.35,242.92677307128906,-160.12722778320312,-8.769157409667969,242.3714347516121,-160.11099032292685,-8.77464752629009,0.555602776989443,1.0528404282840593,1.0528404282840593,3.6515733518531375e-05,1.1186083605991535,4.147830882858591,13.896214860833899,nan,nan
18.36,242.91854858398438,-160.13563537597656,-8.769132614135742,242.3633063556202,-160.11964257461824,-8.775718042767073,0.5555115387859629,1.0528978675897753,1.0528978675897753,3.5766915316248986e-05,1.5055616554006754,4.40800940526645,nan,0.6381836355824183,nan
18.37,242.91036987304688,-160.14404296875,-8.7691068649292,242.35520729557214,-160.12829440626732,-8.775827629161922,0.5554265687924289,1.0529553984576048,1.0529553984576048,3.648336663035368e-05,1.5310027677175768,4.538697811778304,nan,nan,nan
18.38,242.90231323242188,-160.15245056152344,-8.769083023071289,242.347193822513,-160.13694568133567,-8.775938603206308,0.5553782130640446,1.0530130210320479,1.0530130210320479,3.721420200691984e-05,1.5558031933908425,4.424742731446253,nan,nan,nan
18.39,242.89439392089844,-160.16085815429688,-8.769059181213379,242.33930295035498,-160.1455965845083,-8.776050960465643,0.5553447452424529,1.053070735457605,1.053070735457605,3.795956594614747e-05,1.5806358655077688,4.431898670835829,nan,nan,nan
18.400000000000002,242.88661193847656,-160.16925048828125,-8.769035339355469,242.33520222932862,-160.16659643394004,-8.776278429810734,0.5514636649013358,1.0529844294024062,1.0529844294024062,3.70990587404121e-05,1.7028755751781868,5.062294479391227,1.2130888445739065,0.0034038375434960627,nan
18.41,242.87896728515625,-160.1776580810547,-8.769012451171875,242.32760318848037,-160.17526713787373,-8.776395314347086,0.5514187069561304,1.053041868549815,1.053041868549815,3.7841167911903896e-05,1.7291017705647391,4.9332674497298665,nan,nan,nan
18.42,242.87149047851562,-160.18606567382812,-8.768990516662598,242.32015270285126,-160.18393795456154,-8.775631937914497,0.5513818808594024,1.0530993992507243,1.0530993992507243,3.701064771761688e-05,1.4804287060478214,4.556973739208431,nan,0.489975344152146,nan
18.43,242.86415100097656,-160.19447326660156,-8.768967628479004,242.3128501042256,-160.19260904515056,-8.775743417060752,0.5513456859275769,1.053157021649634,1.053157021649634,3.775058378547916e-05,1.5047701468926358,4.681608536515466,nan,nan,nan
18.44,242.85694885253906,-160.202880859375,-8.768946647644043,242.30569374665086,-160.20128047815635,-8.776288400536076,0.5513063162375215,1.0532147358910444,1.0532147358910444,3.692533384022287e-05,1.7482692805281104,4.904646871714371,nan,0.1181266841547688,nan
18.45,242.8498992919922,-160.21128845214844,-8.768925666809082,242.30426605225907,-160.18532751924312,-8.776312407633995,0.5463004359132348,1.0531284305179889,1.0531284305179889,3.7639147236771735e-05,1.7329956896450676,4.4525758739198595,4.796878583147094,nan,nan
18.46,242.84300231933594,-160.21971130371094,-8.768904685974121,242.29740431781357,-160.1939606903171,-8.774651125880444,0.5462355672481912,1.0531858695082275,1.0531858695082275,3.682005886262133e-05,1.1801105638346638,3.6902715260834773,nan,2.016447999013784,nan
18.47,242.8362274169922,-160.22811889648438,-8.76888370513916,242.29068141004828,-160.20259457921878,-8.774753393047058,0.5461743217146461,1.0532434000434894,1.0532434000434894,3.755509255465588e-05,1.2005989107074608,3.9641873545538022,nan,nan,nan
18.48,242.82958984375,-160.2365264892578,-8.768863677978516,242.284094713112,-160.21122930124736,-8.772677127443483,0.5460947057679776,1.0533010222682748,1.0533010222682748,3.674095508181422e-05,0.67892348301498,3.411571051691821,nan,3.0393486720201945,nan
18.490000000000002,242.8230743408203,-160.24493408203125,-8.768844604492188,242.277641560889,-160.21986493963774,-8.772760653996333,0.5460226321020535,1.0533587363270838,1.0533587363270838,3.74741840101902e-05,0.6922504862240884,3.4586155546336808,nan,nan,nan
18.5,242.81671142578125,-160.2533416748047,-8.76882553100586,242.282760293789,-160.24231042226026,-8.772349046886605,0.5340766939800451,1.053272431630825,1.053272431630825,3.6642092814355376e-05,0.6096218232058026,3.6398960306614523,2.5376547055265837,0.21882575762057824,nan
18.51,242.81045532226562,-160.2617645263672,-8.768806457519531,242.27658419295312,-160.25097001360436,-8.772431183563418,0.5339925494406134,1.0533298704650227,1.0533298704650227,3.737271192860663e-05,0.6222555946662797,3.6451699475828585,nan,nan,nan
18.52,242.80433654785156,-160.27017211914062,-8.76878833770752,242.27053383561366,-160.2596308104256,-8.771843152881486,0.5339155239152644,1.0533874008359005,1.0533874008359005,3.6569020390484137e-05,0.5257951542025256,3.6164597016417694,nan,0.2911781981948894,nan
18.53,242.79832458496094,-160.27859497070312,-8.768770217895508,242.2646068006776,-160.26829280749362,-8.771921481934807,0.5338265057976779,1.0534450228879586,1.0534450228879586,3.72980653614093e-05,0.5367498460272527,3.595565639226475,nan,nan,nan
18.54,242.79244995117188,-160.28701782226562,-8.768752098083496,242.25880051640127,-160.27695614565422,-8.771958621761518,0.5337539117995492,1.0535027367656975,1.0535027367656975,3.649885044606888e-05,0.5521168743674507,3.5162581302697093,nan,0.0011773901177099878,nan
18.55,242.78668212890625,-160.29542541503906,-8.7687349319458,242.252115531044,-160.30664054168204,-8.77199263014328,0.5346941548335566,1.0534164327409312,1.0534164327409312,3.72030152774807e-05,0.5566522716364317,4.143833300350524,3.1660355617156304,nan,nan
18.56,242.78102111816406,-160.30384826660156,-8.768717765808105,242.2465418314274,-160.31534040926385,-8.772462930544673,0.5346159402341067,1.0534738714202099,1.0534738714202099,3.640911765559367e-05,0.6565333718588295,4.132755057259469,nan,0.09866089271046108,nan
18.57,242.77548217773438,-160.31227111816406,-8.768701553344727,242.24108186362423,-160.32404195462996,-8.77254920652986,0.5345437800097953,1.0535314016279576,1.0535314016279576,3.7134412865955413e-05,0.6698758814572467,4.076645599014476,nan,nan,nan
18.580000000000002,242.7700653076172,-160.32069396972656,-8.768685340881348,242.2357333259892,-160.33274505056323,-8.772861597090085,0.5344841777412529,1.0535890235086744,1.0535890235086744,3.634468698265605e-05,0.7510072487462448,4.103240845067554,nan,0.0330466173990766,nan
18.59,242.76473999023438,-160.32913208007812,-8.768669128417969,242.2304937950809,-160.34144980158337,-8.772952687286667,0.5344053444489854,1.0536467372068605,1.0536467372068605,3.70687118839431e-05,0.7660271414393469,4.069316196299573,nan,nan,nan
18.6,242.759521484375,-160.33755493164062,-8.768653869628906,242.24311632997762,-160.29661332994806,-8.772683231187862,0.5180412473847066,1.0535604338483249,1.0535604338483249,3.6260800161439916e-05,0.7024577000053353,3.586841829392359,23.955953898708337,0.2169244325578808,nan
18.61,242.75440979003906,-160.34597778320312,-8.768638610839844,242.23811677204722,-160.30523660243094,-8.77277570335278,0.517914510100168,1.0536178723737994,1.0536178723737994,3.6982745654766704e-05,0.717366713043721,3.5964956554100413,nan,nan,nan
18.62,242.74940490722656,-160.3544158935547,-8.768623352050781,242.23322001133897,-160.31386179313287,-8.773032467317904,0.5177942855043346,1.0536754024196613,1.0536754024196613,3.620188269319255e-05,0.7914314650842045,3.520473852645738,nan,0.01752451407880875,nan
18.63,242.7445068359375,-160.3628387451172,-8.768608093261719,242.22842398719513,-160.32248883998156,-8.77312913673568,0.5176775651354701,1.053733024130411,1.053733024130411,3.692274708185475e-05,0.8078888279242878,3.6425004848918254,nan,nan,nan
18.64,242.73968505859375,-160.37127685546875,-8.768593788146973,242.2237267202706,-160.33111779174254,-8.772455668667487,0.5175332563282298,1.0537907376505484,1.0537907376505484,3.614560890923354e-05,0.6667668479227304,3.522938756025913,nan,0.3935721927236452,nan
18.650000000000002,242.73497009277344,-160.3797149658203,-8.768579483032227,242.20570091283133,-160.3248864496777,-8.772474599656354,0.532115779649978,1.0537044349530231,1.0537044349530231,3.6842557293662455e-05,0.6805061366831936,3.107573384883429,3.0148170875121245,nan,nan
18.66,242.7303466796875,-160.38815307617188,-8.768566131591797,242.20117398625243,-160.3334954381264,-8.772743625361882,0.5320043687116103,1.0537618733258007,1.0537618733258007,3.606995156737357e-05,0.7523947511888321,3.183505932579887,nan,0.020917989627182623,nan
18.67,242.725830078125,-160.39659118652344,-8.76855182647705,242.19674003859802,-160.34210641053204,-8.772838074376558,0.5319052854245268,1.0538194032110122,1.0538194032110122,3.678800742175672e-05,0.7678564145505244,3.1467237374060435,nan,nan,nan
18.68,242.7213897705078,-160.40504455566406,-8.768538475036621,242.19239722062213,-160.35071930096748,-8.773414975276513,0.5317970772644373,1.0538770247531573,1.0538770247531573,3.6018844202394716e-05,0.9285446922392286,3.2674317512312157,nan,0.15429137357107728,nan
18.69,242.717041015625,-160.41348266601562,-8.768526077270508,242.18814359463133,-160.35933423387382,-8.773516495560783,0.531685469908559,1.0539347380967365,1.0539347380967365,3.6736064618122887e-05,0.9461236808907157,3.360430584918027,nan,nan,nan
18.7,242.7127685546875,-160.42193603515625,-8.768512725830078,242.2118593970887,-160.36896730463954,-8.772289641282935,0.5037161260762272,1.053848436055042,1.053848436055042,3.594839028246563e-05,0.6375729686336844,3.4426489078547773,5.441396650104008,1.1285156425409544,nan
18.71,242.70858764648438,-160.43038940429688,-8.768500328063965,242.20782320098547,-160.37758810594087,-8.772380568163218,0.503555422219968,1.053905874276223,1.053905874276223,3.666395933396562e-05,0.651239792262056,3.3836332465058385,nan,nan,nan
18.72,242.70449829101562,-160.4388427734375,-8.768487930297852,242.203870949945,-160.3862111987517,-8.772563954748751,0.5034028518559073,1.0539634040020098,1.0539634040020098,3.590219823462489e-05,0.703180226577156,3.3833928154932975,nan,0.005577503243763948,nan
18.73,242.7004852294922,-160.44729614257812,-8.768476486206055,242.20000104606814,-160.39483658139568,-8.772658137192298,0.5032433900430914,1.0540210253769022,1.0540210253769022,3.661708419910828e-05,0.7177997239029354,3.4227567140974204,nan,nan,nan
18.740000000000002,242.69654846191406,-160.45574951171875,-8.768464088439941,242.1962118151408,-160.40346438131496,-8.77318699874792,0.5030832941446491,1.0540787385454005,1.0540787385454005,3.5858355643974104e-05,0.8621422429698192,3.6558971398120024,nan,0.12632610077737488,nan
18.75,242.69268798828125,-160.46420288085938,-8.768452644348145,242.21104628919812,-160.42305305298808,-8.77325033483075,0.4834201614160146,1.0539924371543992,1.0539924371543992,3.655005917188678e-05,0.8514636930929609,4.074684124676473,3.281895801006193,nan,nan
18.76,242.6889190673828,-160.47267150878906,-8.768441200256348,242.20744350159467,-160.4317029606037,-8.775026377304252,0.4832602890246443,1.0540498752250769,1.0540498752250769,3.579515107355832e-05,1.4329883628011817,4.398191360365692,nan,1.8918796310781283,nan
18.77,242.68521118164062,-160.4811248779297,-8.76842975616455,242.20391669422833,-160.44035505121857,-8.775145539251724,0.48306486534004506,1.0541074047926557,1.0541074047926557,3.6507982131739625e-05,1.456724931521308,4.719490014302982,nan,nan,nan
18.78,242.68157958984375,-160.48959350585938,-8.76841926574707,242.2004643033385,-160.44900933862374,-8.775063997617623,0.48286969878102504,1.0541650260016358,1.0541650260016358,3.575585163121736e-05,1.4559726634733112,4.53899302378762,nan,0.027613963044966015,nan
18.79,242.6780242919922,-160.49806213378906,-8.76840877532959,242.1970848779514,-160.4576658762786,-8.775183797792485,0.4826805139304074,1.054222738996517,1.054222738996517,3.646819398513003e-05,1.4796103535999428,4.535424028925023,nan,nan,nan
18.8,242.67454528808594,-160.50653076171875,-8.76839828491211,242.1820610460041,-160.46970716329514,-8.77664923694877,0.49392791408190573,1.054136438251111,1.054136438251111,3.5697178461096785e-05,2.1384744736156667,5.036536271607547,1.079794956378804,1.2875972891435645,nan
18.81,242.67112731933594,-160.51499938964844,-8.768387794494629,242.17880480514674,-160.4783736322826,-8.776784431102081,0.4937544000680011,1.0541938761723713,1.0541938761723713,3.640820791067021e-05,2.167666480358319,5.146767873661302,nan,nan,nan
18.82,242.6677703857422,-160.5234832763672,-8.768377304077148,242.17561727033097,-160.48704232348322,-8.777021281732042,0.49357608370518974,1.0542514055829497,1.0542514055829497,3.566216283425705e-05,2.326181584179098,5.244580353135759,nan,0.006869790543429813,nan
18.830000000000002,242.66448974609375,-160.53195190429688,-8.768367767333984,242.17249723677108,-160.4957130585748,-8.77715971930055,0.4934036700190511,1.0543090266273467,1.0543090266273467,3.637282382375102e-05,2.356003136352261,5.287839203849209,nan,nan,nan
18.84,242.66127014160156,-160.54043579101562,-8.76835823059082,242.16944338617026,-160.5043860339651,-8.777610728871078,0.4932329582113438,1.0543667394500624,1.0543667394500624,3.5629188714900105e-05,2.6334226767808,5.472880836913344,nan,0.06608522323771199,nan
18.85,242.6581268310547,-160.54891967773438,-8.768348693847656,242.19637296813002,-160.52474186943374,-8.777800851202976,0.4624830154921842,1.0542804393451943,1.0542804393451943,3.631721250128885e-05,2.662874318207255,6.049798198494542,7.255880175196009,nan,nan
18.86,242.655029296875,-160.55740356445312,-8.768339157104492,242.1934950743223,-160.53343813827132,-8.776537346726812,0.46222872103806395,1.054337877118116,1.054337877118116,3.557676539644148e-05,2.091743510894108,5.675667142174026,nan,1.3557391447983538,nan
18.87,242.65200805664062,-160.56588745117188,-8.768330574035645,242.19067941624846,-160.54213673265116,-8.776669993601095,0.4620148882828614,1.0543954063728929,1.0543954063728929,3.6285962025215975e-05,2.1189864066351087,5.51304895790847,nan,nan,nan
18.88,242.64903259277344,-160.57437133789062,-8.76832103729248,242.18792476665482,-160.5508376984882,-8.776444236509041,0.46177943420736606,1.0544530272540251,1.0544530272540251,3.5547699615823225e-05,2.0584423950294948,5.669658065667895,nan,0.08850493937411787,nan
18.89,242.64613342285156,-160.58287048339844,-8.768312454223633,242.1852298243958,-160.55954118752996,-8.776575945507593,0.4615676206184589,1.054510739906013,1.054510739906013,3.6256677880895676e-05,2.085352147819861,5.341090248827992,nan,nan,nan
18.900000000000002,242.64328002929688,-160.59136962890625,-8.768303871154785,242.1944800987115,-160.57094496715774,-8.775452521951733,0.44932131900144684,1.0544244404366656,1.0544244404366656,3.549914079976687e-05,1.6309824196892475,5.308537520422366,1.079696491995693,1.0258049137694387,nan
18.91,242.64048767089844,-160.599853515625,-8.768295288085938,242.19192011895714,-160.57965747527237,-8.775573977678386,0.44908095931882336,1.0544818780623204,1.0544818780623204,3.620706774193342e-05,1.654435101493259,5.444646255585612,nan,nan,nan
18.92,242.63775634765625,-160.6083526611328,-8.768287658691406,242.18941639777992,-160.58837235404476,-8.773377547864046,0.4488138035959126,1.0545394071624852,1.0545394071624852,3.547372835894696e-05,0.9213056869656437,4.4839197096169405,nan,3.6949272100346597,nan
18.93,242.63507080078125,-160.61685180664062,-8.768279075622559,242.18696770196266,-160.59708963172605,-8.773478532017524,0.4485687963679399,1.0545970278816603,1.0545970278816603,3.618152976917884e-05,0.9379577756137405,4.655034654551514,nan,nan,nan
18.94,242.63243103027344,-160.62535095214844,-8.768271446228027,242.18457294365209,-160.6058092450101,-8.77085226176423,0.4482916513597488,1.0546547403643456,1.0546547403643456,3.545005205748894e-05,0.3784317177972471,4.176181651675662,nan,5.120941169913049,nan
18.95,242.62986755371094,-160.6338653564453,-8.768263816833496,242.1522965759764,-160.60626249700397,-8.770960087624202,0.4783756123589812,1.0545684415255412,1.0545684415255412,3.613561006040439e-05,0.418178042777116,3.2357352756562605,6.737699287239313,nan,nan
18.96,242.62733459472656,-160.64236450195312,-8.768256187438965,242.14995925204758,-160.6149734725566,-8.768754966473619,0.47816078370125864,1.0546258790049936,1.0546258790049936,3.5406769365828796e-05,0.2238212304865245,3.4206058362468363,nan,3.5955514588127166,nan
18.97,242.62486267089844,-160.65087890625,-8.768248558044434,242.14767292296796,-160.6236867929962,-8.768811749127687,0.47796420759023306,1.054683407951727,1.054683407951727,3.611355798805744e-05,0.22538774628268188,3.2069426902782516,nan,nan,nan
18.98,242.6224365234375,-160.65939331054688,-8.768241882324219,242.14543644755003,-160.6324023689024,-8.769472203051274,0.47776468791299653,1.0547410285102414,1.0547410285102414,3.538638398201565e-05,0.2591870533723352,3.2738586273283516,nan,0.2507330982802928,nan
18.990000000000002,242.62005615234375,-160.66790771484375,-8.768234252929688,242.14324884932063,-160.64112020519104,-8.769537084046439,0.47756096182424296,1.0547987408250372,1.0547987408250372,3.609315969883088e-05,0.26324193338965324,3.367356425584809,nan,nan,nan
19.0,242.6177215576172,-160.67642211914062,-8.768227577209473,242.15655537061704,-160.63782129788754,-8.769381136436301,0.46278030006965026,1.0547124426118377,1.0547124426118377,3.5346329388158645e-05,0.24070210117334365,3.462659114146943,2.7132995253548358,0.02403929918385895,nan
19.01,242.61544799804688,-160.6849365234375,-8.768219947814941,242.15448698966935,-160.64652451568028,-8.76944586155153,0.46256030574277934,1.0547698799461458,1.0547698799461458,3.6052250676140645e-05,0.24453617220151233,3.3682450205016305,nan,nan,nan
19.02,242.6132049560547,-160.69346618652344,-8.768213272094727,242.1524645677935,-160.65522986620695,-8.77127463114239,0.4623343957414864,1.0548274087406195,1.0548274087406195,3.532899341125294e-05,0.4679094135702109,3.6322666493013287,nan,2.1527478826615156,nan
19.03,242.6110076904297,-160.7019805908203,-8.768207550048828,242.15048739207913,-160.6639371544903,-8.771359275222745,0.4620997528805396,1.0548850291397596,1.0548850291397596,3.603497169924731e-05,0.47807580968410857,3.749295129313234,nan,nan,nan
19.04,242.60885620117188,-160.71051025390625,-8.768200874328613,242.1485545500716,-160.67264641551307,-8.771857712163731,0.46187081822351755,1.054942741288066,1.054942741288066,3.5313102742365836e-05,0.580884513895058,3.75428092510872,nan,0.11806046504196012,nan
19.05,242.60675048828125,-160.7190399169922,-8.768194198608398,242.12939157770913,-160.67369432790002,-8.772030790748568,0.47952317086035384,1.0548564436955716,1.0548564436955716,3.599711185831084e-05,0.6268767743530581,3.453259702138988,2.7834358737737195,nan,nan
19.06,242.6046905517578,-160.72756958007812,-8.7681884765625,242.12751687393796,-160.68239573515365,-8.772721198589357,0.4793286353206475,1.0549138808857859,1.0549138808857859,3.5277408911577804e-05,0.8001766160155062,3.5818844910011576,nan,0.24721214392122887,nan
19.07,242.6026611328125,-160.73609924316406,-8.768181800842285,242.12568367820666,-160.6910993808694,-8.772822308630309,0.4791179542882322,1.0549714095291634,1.0549714095291634,3.5982709946822524e-05,0.8160350051056482,3.755438957763456,nan,nan,nan
19.080000000000002,242.60067749023438,-160.74462890625,-8.768176078796387,242.12389120985526,-160.69980528497086,-8.77395147131229,0.4789234483098956,1.0550290297702043,1.0550290297702043,3.5264229967529916e-05,1.1632363198517037,4.031516646714831,nan,0.7332604105892317,nan
19.09,242.59873962402344,-160.75315856933594,-8.768170356750488,242.12213882589717,-160.70851330286166,-8.77406505488455,0.4787235821006197,1.0550867417534089,1.0550867417534089,3.596966959271681e-05,1.1831991731113236,4.0045226226494695,nan,nan,nan
19.1,242.59683227539062,-160.76170349121094,-8.76816463470459,242.12421341505626,-160.7461600053029,-8.773803036126818,0.4729080023308181,1.0550004447767594,1.0550004447767594,3.523117615113032e-05,1.1143230969557678,4.424257502412823,6.887496185337729,0.193078261655989,nan
19.11,242.594970703125,-160.77024841308594,-8.768158912658691,242.1225445638254,-160.754918361548,-8.773916710422094,0.4727098685333094,1.0550578818239238,1.0550578818239238,3.59359049294479e-05,1.1343002074345292,4.37399716550283,nan,nan,nan
19.12,242.5931396484375,-160.77877807617188,-8.768153190612793,242.12091316137625,-160.76367898059104,-8.77546927012769,0.4725244573448401,1.0551154103173592,1.0551154103173592,3.5220487232345376e-05,1.7312779632093525,5.2102553732102965,nan,1.4410740531223434,nan
19.13,242.59133911132812,-160.78732299804688,-8.768148422241211,242.11931864971697,-160.77244168392951,-8.775599530854825,0.4723137608719823,1.055173030401566,1.055173030401566,3.592540574624819e-05,1.7567603680555353,5.1229640164834045,nan,nan,nan
19.14,242.58958435058594,-160.79586791992188,-8.768142700195312,242.11776039386288,-160.78120641211677,-8.776013624625776,0.4721173131757722,1.0552307422210445,1.0552307422210445,3.521097567271961e-05,1.9706055510148706,5.282018732305987,nan,0.05570353845422939,nan
19.150000000000002,242.58786010742188,-160.80442810058594,-8.76813793182373,242.1147658888825,-160.7678626452135,-8.77611112208925,0.4745721693325436,1.055144445855417,1.055144445855417,3.5894106877339585e-05,1.9844799382388787,4.854619496330477,3.473285533884786,nan,nan
19.16,242.586181640625,-160.81297302246094,-8.768132209777832,242.11327545631838,-160.77659626516424,-8.777319482152105,0.47439217278592577,1.0552018827605683,1.0552018827605683,3.518144782475778e-05,2.612356233275405,5.525235346617844,nan,0.8038689134114808,nan
19.17,242.5845184326172,-160.82151794433594,-8.76812744140625,242.11181913747433,-160.78533198493372,-8.7774669744541,0.4741743077856153,1.0552594111052074,1.0552594111052074,3.588592981354317e-05,2.6436553250372263,5.716535363092509,nan,nan,nan
19.18,242.58290100097656,-160.830078125,-8.768122673034668,242.1103962935763,-160.79406978708312,-8.777300724737325,0.4739636436985578,1.0553170310338347,1.0553170310338347,3.517412111482336e-05,2.6076334244697783,5.424958108449821,nan,0.06932090896557215,nan
19.19,242.58131408691406,-160.83863830566406,-8.768117904663086,242.10900609249725,-160.8028096003599,-8.777447248256573,0.47375687263161365,1.0553747426909503,1.0553747426909503,3.58788493012342e-05,2.638435084590209,5.462598023260636,nan,nan,nan
19.2,242.5797576904297,-160.84719848632812,-8.768113136291504,242.18674890360927,-160.8361832176417,-8.775829352574835,0.39323883665785275,1.0552884469315604,1.0552884469315604,3.514670503805462e-05,1.8405206430141132,6.6135776252426925,47.779495454012185,2.0408424556962443,nan
19.21,242.57823181152344,-160.8557586669922,-8.768108367919922,242.18554767884828,-160.84496600588702,-8.775959825901024,0.39291087409360465,1.0553458836957288,1.0553458836957288,3.585082300125399e-05,1.865721665642063,6.640339811240835,nan,nan,nan
19.22,242.5767364501953,-160.86431884765625,-8.76810359954834,242.18437700086275,-160.85375075994756,-8.773781474086276,0.3925428132288712,1.055403411892709,1.055403411892709,3.514136522944092e-05,1.0633581523392837,5.842343681623079,nan,3.7365784126930026,nan
19.23,242.57525634765625,-160.8728790283203,-8.768099784851074,242.18323652154368,-160.86253753908522,-8.773891167381459,0.39219896809724647,1.0554610316670008,1.0554610316670008,3.584576554781109e-05,1.0813839977554671,6.077921759951927,nan,nan,nan
19.240000000000002,242.57382202148438,-160.88143920898438,-8.768095016479492,242.182125675994,-160.8713262422638,-8.774211309759767,0.3918746077636266,1.055518743163105,1.055518743163105,3.513696302122687e-05,1.2101164765986145,5.984378923385103,nan,0.030705734433623386,nan
19.25,242.57241821289062,-160.8900146484375,-8.768091201782227,242.19942817043923,-160.8422038051305,-8.774342539303163,0.37609377517637416,1.0554324480052057,1.0554324480052057,3.581968835697856e-05,1.2249789244971883,5.799253930314878,12.334371380610376,nan,nan
19.26,242.571044921875,-160.89857482910156,-8.768087387084961,242.1984041706803,-160.85093577580452,-8.772595150033332,0.375700583945226,1.0554898846294143,1.0554898846294143,3.511233215422488e-05,0.7124229676056364,5.3593322765873825,nan,2.4333131998852533,nan
19.27,242.56968688964844,-160.9071502685547,-8.768082618713379,242.19740800199745,-160.85966952770258,-8.772692772342001,0.37532285363271556,1.0555474126798639,1.0555474126798639,3.581646103326577e-05,0.7268348691911006,5.509518994979346,nan,nan,nan
19.28,242.568359375,-160.9157257080078,-8.768078804016113,242.19643914065213,-160.868405180737,-8.772476979261343,0.3749443118171669,1.0556050323010546,1.0556050323010546,3.510964864863414e-05,0.6841176568683992,5.38571058403012,nan,0.06940005475651348,nan
19.29,242.5670623779297,-160.92430114746094,-8.768074989318848,242.1954971080399,-160.87714267615732,-8.77257364468792,0.37457296899816944,1.0556627436374866,1.0556627436374866,3.581409650767409e-05,0.6979697409585404,5.34407732908453,nan,nan,nan
19.3,242.56578063964844,-160.93287658691406,-8.768071174621582,242.19131666310344,-160.86651333745803,-8.772859800846756,0.38032917525399434,1.0555764490763693,1.0555764490763693,3.5086667375905226e-05,0.7905640881550878,5.370777264568924,2.690092441029834,0.020634229842051537,nan
19.31,242.56454467773438,-160.9414520263672,-8.768067359924316,242.1904216764448,-160.87522358674192,-8.772960616971318,0.37997127559020155,1.0556338855616347,1.0556338855616347,3.579057187889849e-05,0.8057484979087541,5.060382916285732,nan,nan,nan
19.32,242.56332397460938,-160.9500274658203,-8.76806354522705,242.1895518648748,-160.8839356983219,-8.776391524832093,0.37966177973401766,1.055691413466674,1.055691413466674,3.508553032367711e-05,2.1132211032231014,6.524872556901013,nan,7.786706357046932,nan
19.330000000000002,242.56211853027344,-160.9586181640625,-8.768059730529785,242.18870665586178,-160.8926494781789,-8.776527219849362,0.3792888000511154,1.0557490329359873,1.0557490329359873,3.578977830647847e-05,2.1395154343728935,6.593497319136725,nan,nan,nan
19.34,242.56094360351562,-160.96719360351562,-8.768056869506836,242.1878855752493,-160.90136493461767,-8.777839248800365,0.37894775503684996,1.055806744114075,1.055806744114075,3.5085122068156005e-05,2.863428244798694,7.263344232625352,nan,0.9708622882956103,nan
19.35,242.55979919433594,-160.9757843017578,-8.76805305480957,242.18600050963582,-160.88794094316663,-8.77796189347985,0.3841094862352566,1.055720450145067,1.055720450145067,3.576775669635676e-05,2.8847324526236826,6.9126393157753645,3.4427399280966604,nan,nan
19.36,242.5586700439453,-160.98435974121094,-8.768050193786621,242.18522442967605,-160.89662473853687,-8.779710432494676,0.3837903316628632,1.055777886492399,1.055777886492399,3.506428547049937e-05,4.016867368852048,8.198410349407254,nan,1.7981122820781554,nan
19.37,242.55755615234375,-160.99295043945312,-8.768046379089355,242.18447096829243,-160.90531026491766,-8.779877131451864,0.38342316238416907,1.0558354142531396,1.0558354142531396,3.576836834313204e-05,4.05224821394136,8.293706020290916,nan,nan,nan
19.38,242.5564727783203,-161.0015411376953,-8.768043518066406,242.1837398752885,-160.91399748726403,-8.778614039203623,0.3830214663050541,1.0558930335717895,1.0558930335717895,3.506519418941312e-05,3.3253531354869303,7.38391716184948,nan,1.4401505934256895,nan
19.39,242.555419921875,-161.0101318359375,-8.76803970336914,242.18303074614317,-160.92268639586268,-8.778768766664681,0.38266893784485106,1.0559507445928487,1.0559507445928487,3.576964194941468e-05,3.3567377465538466,7.293430504218569,nan,nan,nan
19.400000000000002,242.5543670654297,-161.0187225341797,-8.768036842346191,242.14642282813008,-160.95546947050605,-8.779005162203346,0.4129645927322889,1.0558644512113147,1.0558644512113147,3.504561293905746e-05,3.594187376132093,7.20803138472739,13.403435666898112,0.0002197159788494944,nan
19.41,242.5533447265625,-161.02732849121094,-8.768033981323242,242.1456990648806,-160.96419977139843,-8.779164114977434,0.4126549413594832,1.055921887421716,1.055921887421716,3.5749558437448206e-05,3.626362626273857,7.006789337486767,nan,nan,nan
19.42,242.55235290527344,-161.03591918945312,-8.768031120300293,242.1449959264475,-160.97293159547482,-8.779401210384725,0.4123547309561195,1.0559794150392618,1.0559794150392618,3.504769240754657e-05,3.8495579842979857,7.166417036009005,nan,0.0041707166473638774,nan
19.43,242.55137634277344,-161.0445098876953,-8.768028259277344,242.1443128858021,-160.98166495312995,-8.77956311998049,0.41204756620252764,1.056037034208452,1.056037034208452,3.5752018503210865e-05,3.8822003441812574,7.249974272588998,nan,nan,nan
19.44,242.5504150390625,-161.05311584472656,-8.768025398254395,242.14364955155645,-160.99039970977387,-8.780724616857789,0.41176782968388354,1.056094745073787,1.056094745073787,3.505032351280808e-05,4.761497331016163,8.084578826228915,nan,0.7019786418100066,nan
19.45,242.54946899414062,-161.0617218017578,-8.768022537231445,242.1422585288817,-161.0390336236389,-8.780880980938786,0.40804467404600636,1.0560084522751279,1.0560084522751279,3.573306239670578e-05,4.784588470649203,8.60614406833686,11.065098254861132,nan,nan
19.46,242.54855346679688,-161.0703125,-8.768019676208496,242.14163226041944,-161.047834986644,-8.780625047861573,0.4077364371758385,1.0560658883495952,1.0560658883495952,3.5032346905791026e-05,4.692949039781135,8.476816477165414,nan,0.13071514430578873,nan
19.47,242.54763793945312,-161.07891845703125,-8.768016815185547,242.14102449079587,-161.05663797744376,-8.780796587379221,0.4074239057504064,1.0561234158250412,1.0561234158250412,3.5736569976122416e-05,4.7271990599509115,8.62462832144254,nan,nan,nan
19.48,242.5467529296875,-161.0875244140625,-8.768013954162598,242.14043503217889,-161.06544245890686,-8.779756178338477,0.4070868782064996,1.056181034845966,1.056181034845966,3.503595756472447e-05,4.092154740100676,7.802045121141807,nan,1.0368264648188978,nan
19.490000000000002,242.5458984375,-161.09613037109375,-8.768011093139648,242.13986371501932,-161.07424837876232,-8.779917716244954,0.40679821179809783,1.0562387455568696,1.0562387455568696,3.574057135497357e-05,4.123114910176342,7.652453229345408,nan,nan,nan
19.5,242.5450439453125,-161.104736328125,-8.768009185791016,242.12408305352477,-161.10219566215068,-8.779336148136261,0.42112091787785105,1.0561524533365227,1.0561524533365227,3.501890838812162e-05,3.83152972349969,7.5551259908796125,4.2241239912401625,0.3490590698951723,nan
19.51,242.54420471191406,-161.1133575439453,-8.768006324768066,242.1235222949356,-161.11103498141262,-8.779492101778565,0.4208455932109597,1.0562098892760456,1.0562098892760456,3.572304199514338e-05,3.860501170403486,7.466007796569149,nan,nan,nan
19.52,242.54339599609375,-161.12196350097656,-8.768003463745117,242.12297812994203,-161.11987577460616,-8.777779140319938,0.4205366864299255,1.0562674166104786,1.0562674166104786,3.5023377461924876e-05,2.895913061024293,6.4762860519725045,nan,2.4659292808515736,nan
19.53,242.54258728027344,-161.1305694580078,-8.768001556396484,242.12245037509956,-161.1287180967367,-8.777918714588838,0.4202580120048294,1.056325035484322,1.056325035484322,3.572791111508073e-05,2.9198567247543936,6.689881101821404,nan,nan,nan
19.54,242.54180908203125,-161.13919067382812,-8.767998695373535,242.12193864110196,-161.13756175022615,-8.779138217279783,0.42002134410831427,1.056382746042076,1.056382746042076,3.502825172067197e-05,3.7094234513209563,7.152864966501491,nan,0.8205535731763581,nan
19.55,242.54103088378906,-161.14781188964844,-8.767996788024902,242.14473520120202,-161.13407471030388,-8.779188404357692,0.3966916061748864,1.0562964543955145,1.0562964543955145,3.5711200807041647e-05,3.6562254470156663,7.612655298544178,5.296532537762085,nan,nan
19.56,242.540283203125,-161.1564178466797,-8.76799488067627,242.1442917014347,-161.14290114216058,-8.778701768358578,0.39636675965050394,1.056353890201076,1.056353890201076,3.501236336127232e-05,3.4228157978801974,7.295752462550645,nan,0.2873344911208193,nan
19.57,242.53953552246094,-161.1650390625,-8.76799201965332,242.14386328821465,-161.15172891587747,-8.77884790944681,0.39604485516134846,1.056411417395575,1.056411417395575,3.5716823985434166e-05,3.4479393436724077,7.410734869177901,nan,nan,nan
19.580000000000002,242.538818359375,-161.1736602783203,-8.767990112304688,242.1434496969651,-161.16055802360182,-8.779593734596656,0.3957558494132493,1.0564690361235118,1.0564690361235118,3.5017941035789935e-05,3.993125562278352,7.696414204710102,nan,0.25289776576778356,nan
19.59,242.53810119628906,-161.18228149414062,-8.767988204956055,242.1430506135628,-161.169388376516,-8.779747742813148,0.395435812901488,1.0565267465293864,1.0565267465293864,3.5722803802628266e-05,4.018977620564624,7.92572967751768,nan,nan,nan
19.6,242.53741455078125,-161.19090270996094,-8.767986297607422,242.16002034945353,-161.17265978246783,-8.7798274278982,0.3780203697763758,1.056440455452119,1.056440455452119,3.641912340733433e-05,3.9850977036961215,7.985725127807546,2.5539826597269792,nan,nan
19.61,242.53672790527344,-161.19952392578125,-8.767983436584473,242.15967687563722,-161.1814838622516,-8.779982231983226,0.37767299868127785,1.0564978911246956,1.0564978911246956,3.715187123316276e-05,4.0100771854166855,8.240012807440579,nan,nan,nan
19.62,242.5360565185547,-161.20814514160156,-8.76798152923584,242.1593469611273,-161.19030927142944,-8.778311071118763,0.3772729891702251,1.0565554181803314,1.0565554181803314,3.636776502202195e-05,3.0685163681847385,7.247742435026864,nan,2.1796436124593885,nan
19.63,242.535400390625,-161.21676635742188,-8.767979621887207,242.15903043519972,-161.19913595439243,-8.778449906049433,0.3769281115919083,1.0566130367635265,1.0566130367635265,3.709921192261024e-05,3.089323117679631,7.2384198976017675,nan,nan,nan
19.64,242.53475952148438,-161.22540283203125,-8.767977714538574,242.15872713676842,-161.2079639539693,-8.778589828794432,0.3765860934662974,1.0566707470187808,1.0566707470187808,3.784524563747738e-05,3.1098276866345373,7.089468813580399,nan,nan,nan
19.650000000000002,242.5341339111328,-161.23402404785156,-8.767975807189941,242.16402874761886,-161.22546215412993,-8.7787514289431,0.37036097541177176,1.0565844565063514,1.0565844565063514,3.858043143762502e-05,3.139372595859737,7.522829005787587,0.7549514014591566,nan,nan
19.66,242.5335235595703,-161.24266052246094,-8.767973899841309,242.16375992809847,-161.2343062684684,-8.779631127752648,0.3700416566842064,1.0566418920469132,1.0566418920469132,3.770625811755852e-05,3.733398536789548,7.927919889274563,nan,0.32930170565282596,nan
19.67,242.5329132080078,-161.25128173828125,-8.767971992492676,242.16350331987255,-161.24315160581688,-8.779782342149959,0.3696880426319266,1.0566994189647483,1.0566994189647483,3.846296935567147e-05,3.755662392918319,8.284644000993659,nan,nan,nan
19.68,242.53231811523438,-161.25991821289062,-8.767970085144043,242.1632587668533,-161.25199805093257,-8.778801928464365,0.36930320933161337,1.056757037404357,1.056757037404357,3.759556376533213e-05,3.249764588989083,7.5774456415970874,nan,0.7827647926157528,nan
19.69,242.53173828125,-161.2685546875,-8.767969131469727,242.1630263302405,-161.26084552137203,-8.778944026730127,0.3689558000432951,1.0568147475102394,1.0568147475102394,3.8349357216560695e-05,3.269513433929888,7.524339039598496,nan,nan,nan
19.7,242.5311737060547,-161.2771759033203,-8.767967224121094,242.14590699925483,-161.29975996528054,-8.77898904013326,0.3860854253286883,1.056728457558227,1.056728457558227,3.746454623200707e-05,3.383488585010609,7.901169854485291,8.411520307548994,0.016122180167649675,nan
19.71,242.53062438964844,-161.2858123779297,-8.767965316772461,242.14567069172838,-161.30865740485368,-8.779132980748937,0.38579264056766704,1.0567858929677374,1.0567858929677374,3.821462009656471e-05,3.404306827553442,7.689202800120858,nan,nan,nan
19.72,242.5300750732422,-161.29444885253906,-8.767963409423828,242.14544587056497,-161.3175559117178,-8.778269109734765,0.3854604612601663,1.0568434197488266,1.0568434197488266,3.736129431021313e-05,2.983201340560579,7.440761877659288,nan,0.6292586422407462,nan
19.73,242.529541015625,-161.30308532714844,-8.767962455749512,242.14523214680966,-161.32645533110073,-8.778405403160964,0.38516038073183717,1.0569010380459951,1.0569010380459951,3.810876832758028e-05,3.001939928505123,7.3687289342136495,nan,nan,nan
19.740000000000002,242.5290069580078,-161.3117218017578,-8.767960548400879,242.14502895456846,-161.33535571508799,-8.778501601895156,0.38484903896637046,1.056958748003743,1.056958748003743,3.726162226544858e-05,3.122012819324569,7.666792628588723,nan,0.0010522895153978447,nan
19.75,242.52850341796875,-161.3203582763672,-8.767958641052246,242.17752910547412,-161.31796147752945,-8.778709975143126,0.3511471256617079,1.0568724586077614,1.0568724586077614,3.798210032701458e-05,3.1598664912158982,7.805788724779742,12.418535735319109,nan,nan
19.76,242.5279998779297,-161.32901000976562,-8.76795768737793,242.17739869795113,-161.32682235113762,-8.77870931223032,0.35077281920011083,1.0569298938871772,1.0569298938871772,3.714203499885728e-05,3.228612333231876,7.8790733685786725,nan,0.01244345052566536,nan
19.77,242.52749633789062,-161.337646484375,-8.767955780029297,242.17727827684067,-161.33568428003207,-8.77884946597049,0.35039294074632954,1.0569874205325676,1.0569874205325676,3.7883795880162375e-05,3.2485805484554855,8.238282605489823,nan,nan,nan
19.78,242.52700805664062,-161.34628295898438,-8.76795482635498,242.1771676554796,-161.34454717137052,-8.779715657623758,0.35004233514717153,1.0570450386884327,1.0570450386884327,3.7049527590987924e-05,3.8490903556866827,8.72251337688608,nan,0.33025760108564706,nan
19.79,242.5265350341797,-161.3549346923828,-8.767952919006348,242.17706665823314,-161.3534111365403,-8.779865331018797,0.3496746667533609,1.0571027484992725,1.0571027484992725,3.7789113236137244e-05,3.8707300790993093,8.510482149211425,nan,nan,nan
19.8,242.5260772705078,-161.3635711669922,-8.767951965332031,242.16169701949886,-161.34908447477832,-8.779442904388796,0.3648491102593688,1.05701645965497,1.05701645965497,3.693733227700465e-05,3.7005583092762393,7.78632008562781,3.469451653288087,0.12587180571623552,nan
19.81,242.52561950683594,-161.37222290039062,-8.767950057983398,242.16159063456408,-161.3579294138008,-8.779587773866162,0.36449521263986867,1.0570738948052423,1.0570738948052423,3.767394226264325e-05,3.720518454118509,7.832295265983333,nan,nan,nan
19.82,242.52517700195312,-161.38087463378906,-8.767949104309082,242.16149338839185,-161.36677529257622,-8.778365656023555,0.36410584552468467,1.0571314213159726,1.0571314213159726,3.6851760216698494e-05,3.0696575550392926,7.057835463407933,nan,1.1894761936108609,nan
19.830000000000002,242.5247344970703,-161.38951110839844,-8.767948150634766,242.16140494822142,-161.3756220882316,-8.77849910350903,0.3637479739524214,1.0571890393316614,1.0571890393316614,3.7586459819129464e-05,3.0868239778459086,7.350727608545804,nan,nan,nan
19.84,242.52430725097656,-161.39816284179688,-8.767946243286133,242.1613251846447,-161.3844697139439,-8.780616550811798,0.36346116563084735,1.057246748996809,1.057246748996809,3.676951415375498e-05,4.490826170593287,8.518811611637819,nan,2.510842580280828,nan
19.85,242.5238800048828,-161.4068145751953,-8.767945289611816,242.18018510210047,-161.39033259552124,-8.780827642198261,0.3443309408994552,1.057160460699868,1.057160460699868,3.747867000831392e-05,4.539981615037769,9.194759416008434,2.681773253124103,nan,nan
19.86,242.52346801757812,-161.41546630859375,-8.7679443359375,242.1801526392532,-161.39917721710273,-8.779704329941016,0.3439027201912573,1.0572178957219405,1.0572178957219405,3.6667805616393704e-05,3.883369129722193,8.40919861833754,nan,1.0527021415483107,nan
19.87,242.5230712890625,-161.4241180419922,-8.767942428588867,242.18012858122637,-161.40802279606035,-8.779849770764022,0.3435266257472043,1.057275422099042,1.057275422099042,3.739811925606052e-05,3.9027115151773106,8.318913719249787,nan,nan,nan
19.88,242.52267456054688,-161.43276977539062,-8.76794147491455,242.18011268270476,-161.41686939711826,-8.77808897183717,0.34308079787961776,1.0573330399756729,1.0573330399756729,3.6592132849103833e-05,2.9252637497043588,7.459688192292856,nan,2.3456060666347693,nan
19.89,242.5222930908203,-161.44142150878906,-8.767940521240234,242.18010464278322,-161.42571693722527,-8.778217764571757,0.3427027710254632,1.057390749496333,1.057390749496333,3.732088593732991e-05,2.9410679511978866,7.34576027923372,nan,nan,nan
19.900000000000002,242.52191162109375,-161.4500732421875,-8.767939567565918,242.20095284649653,-161.4173404774276,-8.780058583743411,0.3228511103169455,1.05730446174247,1.05730446174247,3.649711996755131e-05,4.122612948275328,9.070943192763211,5.090112347993303,1.8560337971719392,nan
19.91,242.5215301513672,-161.45872497558594,-8.767937660217285,242.20099323367026,-161.42616249379293,-8.780206658792537,0.32242015934678475,1.0573618966372809,1.0573618966372809,3.722350834035202e-05,4.142077703393033,9.241946121826334,nan,nan,nan
19.92,242.5211639404297,-161.46737670898438,-8.767936706542969,242.20104116707884,-161.434985379789,-8.782960653879291,0.32210791238099856,1.057419422881777,1.057419422881777,3.6427749770914065e-05,6.294253504749378,11.216401532951247,nan,4.416636884715342,nan
19.93,242.52081298828125,-161.47604370117188,-8.767935752868652,242.20109646128293,-161.44380910108018,-8.783136027150237,0.3216967134074806,1.057477040620459,1.057477040620459,3.7152794718906845e-05,6.3165136849813734,10.963437958318984,nan,nan,nan
19.94,242.5204620361328,-161.4846954345703,-8.767934799194336,242.2011588636445,-161.4526336683156,-8.783171519164101,0.3212703385809289,1.057534749997827,1.057534749997827,3.636139400773654e-05,6.482108440523737,11.3619357490101,nan,0.01297320963560723,nan
19.95,242.52011108398438,-161.49334716796875,-8.76793384552002,242.2134107657574,-161.4869611537169,-8.783358227720575,0.3071543226862032,1.0574484627827918,1.0574484627827918,3.706202356067374e-05,6.5082749459282985,12.265224535284313,5.548512309878167,nan,nan
19.96,242.519775390625,-161.50201416015625,-8.767932891845703,242.21350633363048,-161.49582779823177,-8.781974213668056,0.3066531673808278,1.0575058975512723,1.0575058975512723,3.627578876523898e-05,5.5237308222197115,10.968323991148077,nan,1.6003192688848153,nan
19.97,242.51934814453125,-161.5106658935547,-8.76783275604248,242.21355801381983,-161.50469533302316,-8.782087855125747,0.3061804361539754,1.0575634236641789,1.0575634236641789,3.6997531130647504e-05,5.580922212965093,11.088181060048527,nan,nan,nan
19.98,242.51882934570312,-161.5193328857422,-8.767635345458984,242.21351513255453,-161.51356374135787,-8.78244042222201,0.30572739830677526,1.057621041266012,1.057621041266012,3.6215326542939476e-05,6.140587728685544,11.432169367646932,nan,0.07450194004121576,nan
19.990000000000002,242.51820373535156,-161.5279998779297,-8.767340660095215,242.21337860677454,-161.522432979647,-8.782363809227952,0.30524587528474867,1.057678750501272,1.057678750501272,3.693600862646345e-05,6.198313615925844,11.754908796270655,nan,nan,nan
20.0,242.51748657226562,-161.53665161132812,-8.766949653625488,242.2109655739921,-161.56022279943747,-8.782493013069756,0.3078186467943409,1.0575924638208478,1.0575924638208478,3.6135660666802175e-05,6.77517019235225,12.925945738528316,5.843249839443474,0.05534817154320403,nan
