t,gt_x,gt_y,gt_z,est_x,est_y,est_z,err_norm,P_xx,P_yy,P_zz,nees_pos,nees_full,nis_dvl,nis_depth,nis_acoustic
0.01,219.97708129882812,-229.97702026367188,-4.976943492889404,219.5893572655616,-228.9762331732457,-4.999479802297677,1.0735048260617592,1.000100000226,1.000100000226,0.0008991908091909919,1.716614316851988,1.7322665527571892,nan,0.3080616553430688,nan
0.02,219.97544860839844,-229.97518920898438,-4.975301265716553,219.58884932829596,-228.975164470619,-4.991785477350621,1.0722780469410307,1.0004000022520003,1.0004000022520003,0.0004735409575651038,1.7228729995739744,1.7646796348780691,nan,0.09596266736470242,nan
0.03,219.97393798828125,-229.9732666015625,-4.973775386810303,219.5884574578855,-228.97401521730976,-4.972257099764391,1.0710279517551164,1.0009000078780008,1.0009000078780008,0.0003818007133781436,1.1521047919826617,1.3395557888495795,nan,1.1961877655805577,nan
0.04,219.9725341796875,-229.9712677001953,-4.97236442565918,219.58818031829216,-228.97278634650618,-4.967484093159076,1.0699143526842214,1.0016000189040017,1.0016000189040017,0.0003696447579891272,1.2072981781444279,1.3616177264201397,nan,0.0002004611970396317,nan
0.05,219.9712371826172,-229.96920776367188,-4.971066951751709,219.58342377813676,-228.99011712355423,-4.972699840092736,1.0531003677641635,1.0004210192959389,1.0004210192959389,0.00018650104280495752,1.1228475621858895,4.57537648199118,0.21391714148712077,0.8017790567241303,nan
0.06,219.97006225585938,-229.96705627441406,-4.969882011413574,219.58245392959816,-228.99245945401503,-4.966865319628423,1.0488509319003554,1.0006062562220204,1.0006062562220204,0.0001600453457805855,1.156274219248649,4.631927599705688,nan,0.2181317534239163,nan
0.07,219.968994140625,-229.96482849121094,-4.968808650970459,219.58159530442344,-228.9947245982252,-4.965885016899164,1.0445994299790733,1.000825175036997,1.000825175036997,0.00014278394954470426,1.1501438746985289,4.54043328378666,nan,0.15799488194970684,nan
0.08,219.96803283691406,-229.9625244140625,-4.967845439910889,219.5808467967855,-228.99691329706442,-4.964764774881067,1.0403496284604228,1.0010777775408688,1.0010777775408688,0.00013139077442721672,1.1533836930279633,4.455789771508731,nan,0.13515481088092618,nan
0.09,219.96719360351562,-229.96014404296875,-4.966991424560547,219.58020732025855,-228.9990262677256,-4.960772671888139,1.0361198937392548,1.001364065533636,1.001364065533636,0.00012394413095737447,1.384062109201862,4.593182955129507,nan,0.08693252937655152,nan
0.1,219.96644592285156,-229.9576873779297,-4.966244697570801,219.58844805022326,-229.00149953855282,-4.964245632543254,1.0281933534820697,1.0009194577431317,1.0009194577431317,0.00010575720704646528,1.0939935654166553,4.1334176845923984,1.8828680542075373,0.01841045415715849,nan
0.11,219.9658203125,-229.95516967773438,-4.96560525894165,219.58890055614154,-229.00350679293777,-4.956489532049591,1.0236277866048225,1.0011125240664216,1.0011125240664216,0.00010082061909701703,1.870767633841612,4.871215207188038,nan,3.1887215165762854,nan
0.12,219.9652862548828,-229.9525604248047,-4.965071678161621,219.58945887862677,-229.0054404621701,-4.959348579323984,1.0189775239055807,1.0013239831434297,1.0013239831434297,9.737318504631894e-05,1.3732841293111915,4.298058296892857,nan,1.623767800929221,nan
0.13,219.96485900878906,-229.94989013671875,-4.96464204788208,219.59012185966202,-229.00730133530203,-4.9546710745377744,1.0143968650392716,1.0015538367741565,1.0015538367741565,9.503645973481442e-05,2.073433397667011,4.9293206948350985,nan,1.0584503812747752,nan
0.14,219.96453857421875,-229.9471435546875,-4.964316368103027,219.5908882303717,-229.00909036399926,-4.9528007064584365,1.0097974937979004,1.0018020867586022,1.0018020867586022,9.352199794679087e-05,2.4356844570531857,5.2123856917301365,nan,0.03188710277032974,nan
0.15,219.9643096923828,-229.9443359375,-4.96409273147583,219.58701319698358,-228.97942369720488,-4.952802299016781,1.0361157033734247,1.001422791622841,1.001422791622841,8.338281980149539e-05,2.600661745603831,5.259373455198963,2.4827813099912532,2.3175694135348386,nan
0.16,219.9641876220703,-229.9414520263672,-4.96397066116333,219.58766648980915,-228.97897785904726,-4.9514086705807285,1.0335775197849495,1.0016187926576587,1.0016187926576587,8.226760035620961e-05,2.984572837600511,5.444741032175791,nan,0.00014278353527696767,nan
0.17,219.96417236328125,-229.93849182128906,-4.963948726654053,219.5884201434157,-228.97846256132019,-4.951976704750394,1.0310136953691438,1.0018274474230566,1.0018274474230566,8.155115341738573e-05,2.8184458623678257,5.080913710377527,nan,0.4106975578127666,nan
0.18,219.96424865722656,-229.9354705810547,-4.96402645111084,219.58927326167716,-228.97787851155167,-4.949621715631534,1.0284923992168038,1.002048757719035,1.002048757719035,8.112745465580427e-05,3.6130862941512945,5.702143805504459,nan,0.20296040601691193,nan
0.19,219.9644317626953,-229.93238830566406,-4.964201927185059,219.5902247019904,-228.97722657843167,-4.951392790333638,1.0259283227583995,1.0022827253455937,1.0022827253455937,8.090965574168898e-05,3.0778346407534256,4.979651079922654,nan,0.9857469712615944,nan
0.2,219.96470642089844,-229.92922973632812,-4.964474678039551,219.58311298768956,-228.9866404922297,-4.951690137445917,1.0169815513746425,1.001927526275538,1.001927526275538,7.398908949954445e-05,3.241133497178039,5.71141937155652,0.8194784127054571,0.14913048675636614,nan
0.21,219.96507263183594,-229.92601013183594,-4.964843273162842,219.58384978630505,-228.9863623525947,-4.955556177123349,1.0140784275096684,1.0021250614597281,1.0021250614597281,7.382688888432732e-05,2.1943639054512936,4.546669207359325,nan,2.9406622825241957,nan
0.22,219.9655303955078,-229.9227294921875,-4.965307235717773,219.58468201767886,-228.9860185673395,-4.956445840338204,1.0112128203066926,1.0023322440178941,1.0023322440178941,7.376288564995843e-05,2.084644388937668,4.361433812760633,nan,0.19958621505406812,nan
0.23,219.96609497070312,-229.91937255859375,-4.965865612030029,219.58560866393057,-228.9856097506184,-4.957451110920694,1.0083420129243506,1.002549075750036,1.002549075750036,7.375847673454763e-05,1.974039382129248,4.203524214994062,nan,0.18970262876968977,nan
0.24,219.96673583984375,-229.91595458984375,-4.966516971588135,219.58662601596447,-228.985136584842,-4.961764399205438,1.0054492645525361,1.002775558456154,1.002775558456154,7.378230941506622e-05,1.31423711258391,3.492361176227909,nan,2.7841569296645448,nan
0.25,219.96742248535156,-229.9124755859375,-4.967260360717773,219.56390976168197,-228.95951179776483,-4.9636131878598535,1.0348796072981188,1.002432853946181,1.002432853946181,6.868744333287044e-05,1.2620212834564715,2.6363575294529507,2.067615537114684,0.4806308832737338,nan
0.26,219.96810913085938,-229.908935546875,-4.968094825744629,219.56405969442923,-228.95790711967373,-4.967000771169445,1.0333016081376443,1.0026313303478835,1.0026313303478835,6.870598036403331e-05,1.082330304587429,2.425796133227219,nan,1.5122858988529773,nan
0.27,219.9687957763672,-229.90533447265625,-4.969000339508057,219.56421462225063,-228.95624049782808,-4.967102097624414,1.0317310146756637,1.002837604653013,1.002837604653013,6.872647679811194e-05,1.1138831976723587,2.446130968818755,nan,0.05413361360427749,nan
0.28,219.969482421875,-229.90167236328125,-4.969931602478027,219.56436498848683,-228.9545126264402,-4.96867880334884,1.0301617695456864,1.0030516786615697,1.0030516786615697,6.87348470113018e-05,1.0808372227278644,2.401655851568812,nan,0.14041622988238173,nan
0.29,219.97015380859375,-229.89794921875,-4.970867156982422,219.56450635007724,-228.95272408641097,-4.969608709104398,1.028592239469708,1.0032735541735538,1.0032735541735538,6.872025239692592e-05,1.077593768404221,2.3920474977352004,nan,0.006702407643428717,nan
0.3,219.9708251953125,-229.8941650390625,-4.971795082092285,219.55183323581258,-228.99104490442096,-4.972106820422643,0.9955804020275422,1.0029384878003862,1.0029384878003862,6.482549339180948e-05,0.9897753158780843,4.977872989535559,3.2777272678481393,1.263473855088021,nan
0.31,219.97146606445312,-229.89031982421875,-4.972710132598877,219.551523364337,-228.9904790273768,-4.9735856735140285,0.9930086090331087,1.0031375992771128,1.0031375992771128,6.480349370731292e-05,0.9948103055664097,4.973737228939851,nan,0.09887799903971928,nan
0.32,219.97210693359375,-229.88641357421875,-4.973609447479248,219.5512008892812,-228.98985446468419,-4.973826472422556,0.9904444366687469,1.0033432565143405,1.0033432565143405,6.475680929824072e-05,0.9784387289895179,4.970671296400448,nan,0.05941177530538533,nan
0.33,219.9727325439453,-229.88246154785156,-4.97449254989624,219.5508658651775,-228.9891719844384,-4.975773878952454,0.9878964422253995,1.0035554613120694,1.0035554613120694,6.468117947829927e-05,0.9978631506920292,4.964502874232547,nan,0.28544226048326904,nan
0.34,219.9733428955078,-229.87844848632812,-4.975358963012695,219.55051829788277,-228.98843221859764,-4.978300938388351,0.985351841933019,1.0037742154703,1.0037742154703,6.457379463482405e-05,1.1012950459790172,5.0790646929344305,nan,0.6118563909640469,nan
0.35000000000000003,219.97393798828125,-229.87437438964844,-4.976207733154297,219.54322496792503,-228.96565331464322,-4.978977178560781,1.0056318252177971,1.0034443002997167,1.0034443002997167,6.152144891439834e-05,1.1324856436237385,4.456581489704571,0.9668459842874162,0.02461250467689877,nan
0.36,219.9745330810547,-229.87025451660156,-4.9770402908325195,219.54265431156034,-228.96417097393382,-4.979058605360414,1.0037483406844638,1.0036438682267876,1.0036438682267876,6.141525794214982e-05,1.0701774540440192,4.394131249308804,nan,0.11820674225329739,nan
0.37,219.97511291503906,-229.86605834960938,-4.977856159210205,219.54207185145017,-228.9626333520592,-4.977420737642112,1.0018490298166913,1.0038490782982177,1.0038490782982177,6.128243392023153e-05,1.0029465177314878,4.366557200849395,nan,1.2947676373463646,nan
0.38,219.97567749023438,-229.86183166503906,-4.978655815124512,219.5414777665843,-228.96104100799468,-4.979853219952396,0.9999773205501046,1.004059932314007,1.004059932314007,6.112249586060807e-05,1.0193673381845905,4.329031940904995,nan,0.6955062241467977,nan
0.39,219.97622680664062,-229.8575439453125,-4.9794392585754395,219.54087218623476,-228.95939452472732,-4.980224883202564,0.9981015200931658,1.0042764320741553,1.0042764320741553,6.093557098091173e-05,1.0020927909597706,4.318821930002904,nan,0.026896019748662476,nan
0.4,219.9767608642578,-229.8531951904297,-4.980207443237305,219.52910501927437,-228.94734537615224,-4.981428315488913,1.0104262130919697,1.003950226099656,1.003950226099656,5.849511332259592e-05,1.0424237464787067,4.311111409412248,3.3079788001685335,1.1926367942752032,nan
0.41000000000000003,219.977294921875,-229.8488006591797,-4.980959892272949,219.52819713176964,-228.9453324413983,-4.979077714826673,1.0089336887082905,1.004150137185802,1.004150137185802,5.831739803696818e-05,1.0744832421863473,4.342593058525788,nan,2.3836624180943655,nan
0.42,219.97781372070312,-229.84434509277344,-4.9816975593566895,219.52727839139757,-228.94326715485965,-4.978925568455171,1.0074379470126067,1.0043550078552004,1.0043550078552004,5.8118769038531046e-05,1.1427335781505723,4.419863989825184,nan,0.15641804286109634,nan
0.43,219.97833251953125,-229.83984375,-4.982419967651367,219.52634903458443,-228.9411501525894,-4.983759785598688,1.005952805952464,1.0045648399078515,1.0045648399078515,5.7899979139325895e-05,1.0383445776726161,4.310582993958289,nan,4.500323953619734,nan
0.44,219.97882080078125,-229.83529663085938,-4.983128547668457,219.52540940508734,-228.93898213049556,-4.985699811711018,1.0044740856320318,1.0047796351437555,1.0047796351437555,5.7662007984885605e-05,1.118819845574743,4.3606679539504505,nan,0.3770179343049861,nan
0.45,219.97930908203125,-229.83070373535156,-4.983822822570801,219.52002134919704,-228.93524111102323,-4.986943922526177,1.0063837609808224,1.0044562282577674,1.0044562282577674,5.567624860500152e-05,1.1832679613208097,4.890552380224384,0.2831733389498392,0.38630186381329257,nan
0.46,219.97979736328125,-229.8260498046875,-4.984503269195557,219.5189625459445,-228.93293877748246,-4.985760612129287,1.0049963267078554,1.0046564061474015,1.0046564061474015,5.5452847947027044e-05,1.0338438970909787,4.782464589121879,nan,1.007967465455241,nan
0.47000000000000003,219.98025512695312,-229.82135009765625,-4.985169887542725,219.51789395500583,-228.9305870895196,-4.985460496122875,1.0036118146188127,1.0048610100497768,1.0048610100497768,5.5215499461204944e-05,1.0038936105486804,4.715341868307348,nan,0.2570277888087085,nan
0.48,219.98072814941406,-229.8166046142578,-4.985823154449463,219.51681560791332,-228.9281865599149,-4.985602170909007,1.0022482398477153,1.005070041764893,1.005070041764893,5.4965172794936684e-05,1.000322760239234,4.736930929723783,nan,0.06464881531468483,nan
0.49,219.98117065429688,-229.81179809570312,-4.98646354675293,219.5157277441972,-228.9257377401618,-4.986262964345634,1.0008696700656856,1.0052835030927507,1.0052835030927507,5.470290305203573e-05,0.9972106640598977,4.7314296737987585,nan,0.0011745693232833596,nan
0.5,219.9816131591797,-229.8069610595703,-4.987091064453125,219.52803517120333,-228.9196062010888,-4.986636465274583,0.9965600045696298,1.0049622843145216,1.0049622843145216,5.306146013355415e-05,0.9921225055339999,4.502224492265412,0.9363477250082042,0.4041717776681745,nan
0.51,219.9820556640625,-229.80206298828125,-4.987706184387207,219.5271991573105,-228.91698948228097,-4.987327187456214,0.9951129063563314,1.0051626751070506,1.0051626751070506,5.2816717257973315e-05,0.9878830421863912,4.541853868174684,nan,0.00326864239006179,nan
0.52,219.9824676513672,-229.79713439941406,-4.988308906555176,219.52635457440283,-228.91432631497713,-4.989851595595899,0.9936758187731919,1.0053670635214915,1.0053670635214915,5.2564079835434155e-05,1.027394128075125,4.516751475191997,nan,1.1613495159603016,nan
0.53,219.98289489746094,-229.79214477539062,-4.988899230957031,219.52550163613915,-228.91161721812514,-4.991253256711624,0.9922413597727848,1.0055754513578448,1.0055754513578448,5.230437707686388e-05,1.0850245260652556,4.640002111858375,nan,0.18882018069874018,nan
0.54,219.98329162597656,-229.78712463378906,-4.98947811126709,219.5246404025041,-228.9088627853068,-4.992204686820189,0.99081393485684,1.0057878404161105,1.0057878404161105,5.203844218323132e-05,1.118915611493992,4.614238001754872,nan,0.03203910384657233,nan
0.55,219.9836883544922,-229.78204345703125,-4.990045547485352,219.50365499987743,-228.88981378787614,-4.989894419008306,1.0131662385330267,1.0054683798291668,1.0054683798291668,5.066227054035427e-05,1.0213738342418672,4.814324070241742,3.0957708765553047,0.6718148170744012,nan
0.56,219.9840850830078,-229.7769317626953,-4.990601539611816,219.50240820395135,-228.88667196661495,-4.988370273444582,1.0122154409429474,1.0056689440614481,1.0056689440614481,5.041508644722749e-05,1.1175507711238997,4.8887949091041225,nan,1.3874933255903357,nan
0.5700000000000001,219.98446655273438,-229.7717742919922,-4.991146564483643,219.50115342210927,-228.88348622567725,-4.98939883386121,1.0112617492788445,1.0058731545367472,1.0058731545367472,5.016465454736365e-05,1.077566902571382,4.832356901250922,nan,0.11327605975366602,nan
0.58,219.98484802246094,-229.76657104492188,-4.991680145263672,219.49989077778943,-228.8802570495325,-4.988777804825568,1.0103189848569953,1.0060810130550641,1.0060810130550641,4.991157579601183e-05,1.183336503391564,4.949138181148946,nan,0.39473742164311687,nan
0.59,219.98521423339844,-229.76132202148438,-4.992203712463379,219.4986203795498,-228.87698497962936,-4.988986506886072,1.0093740300859124,1.0062925214163994,1.0062925214163994,4.965643628788761e-05,1.2208951756615125,4.973668036921885,nan,0.014952722127971434,nan
0.6,219.98558044433594,-229.7560272216797,-4.992716312408447,219.54233020282973,-228.8676433350343,-4.989104612741885,0.9928291650737064,1.0059745050940194,1.0059745050940194,4.848796645785579e-05,1.2488655551528167,3.9729728439763394,4.0873016966703295,0.2097610431906755,nan
0.61,219.98593139648438,-229.75070190429688,-4.993218898773193,219.54180234087337,-228.86418531064905,-4.9900632819780055,0.9915504257314514,1.0061752130080206,1.0061752130080206,4.8251663237032626e-05,1.183502906295764,3.8692038418441204,nan,0.11645899556126177,nan
0.62,219.9862823486328,-229.74533081054688,-4.993711471557617,219.54126742769571,-228.86068587997354,-4.9889383656730155,0.9902816344785603,1.0063792738636803,1.0063792738636803,4.8015447452361066e-05,1.4489023946800166,4.149445646933425,nan,0.8588549272593972,nan
0.63,219.9866180419922,-229.7399139404297,-4.994194030761719,219.54072550592377,-228.85714563031175,-4.988968561866777,0.9890032095980149,1.0065866894609987,1.0065866894609987,4.777970312922126e-05,1.543187720631089,4.244273759664859,nan,0.03883931615092251,nan
0.64,219.98695373535156,-229.73446655273438,-4.994667053222656,219.54017675964727,-228.85356485698082,-4.991087504697638,0.98772986021918,1.0067974615999757,1.0067974615999757,4.754479717910859e-05,1.2385073866886924,3.920537824332956,nan,1.1985524335717084,nan
0.65,219.98727416992188,-229.72897338867188,-4.995131015777588,219.50761040141407,-228.8242689126739,-4.995260302760097,1.023995867386694,1.0064806533419812,1.0064806533419812,4.654138253244148e-05,1.0421750176046256,3.78636807075273,9.263228366550663,0.9065966640273928,nan
0.66,219.9875946044922,-229.7234344482422,-4.995584964752197,219.50655020479016,-228.82020830495077,-4.997999506657645,1.023341101696981,1.0066814819446512,1.0066814819446512,4.63246862089769e-05,1.1661217287394854,3.9360896639889646,nan,1.9985143378941161,nan
0.67,219.98789978027344,-229.71786499023438,-4.996030330657959,219.5054835245399,-228.81610836564246,-4.997938651578606,1.0226896379059003,1.0068854150672866,1.0068854150672866,4.611035535913204e-05,1.1177159860438048,3.850492985822538,nan,0.1466283720744608,nan
0.68,219.98822021484375,-229.71224975585938,-4.996466636657715,219.5044105685382,-228.8119696382897,-4.998682824838814,1.0220474428516708,1.0070924545098874,1.0070924545098874,4.58985969796836e-05,1.1442270423955376,3.926784577267653,nan,0.020211461943316255,nan
0.6900000000000001,219.98851013183594,-229.70660400390625,-4.996894359588623,219.50333143399203,-228.8077925967658,-4.998499460235892,1.0214024137407247,1.007302602072454,1.007302602072454,4.5689604126055526e-05,1.0920850900454524,3.8152410447052043,nan,0.20161389059558038,nan
0.7000000000000001,219.9888153076172,-229.700927734375,-4.997313499450684,219.5546821048735,-228.76978460623587,-4.999334282785569,1.027376876501749,1.0069868197113068,1.0069868197113068,4.481907740478034e-05,1.1392879599276002,2.169115715029975,7.661495775135495,0.28275698731995136,nan
0.71,219.98910522460938,-229.69520568847656,-4.9977240562438965,219.55435031866386,-228.76504300245475,-5.000492054370288,1.026753189683206,1.007187750869519,1.007187750869519,4.4627235842303536e-05,1.2183757965553057,2.2532427973003557,nan,0.1940842984285411,nan
0.72,219.9893798828125,-229.68943786621094,-4.998126983642578,219.55401268555522,-228.76026447004824,-5.001340042165588,1.026117985579265,1.0073915735247838,1.0073915735247838,4.44392368536963e-05,1.2774937393458556,2.3159168243942676,nan,0.054335557320262885,nan
0.73,219.98965454101562,-229.6836395263672,-4.998521327972412,219.55366942071439,-228.75544934072062,-5.00271098278082,1.0254938318011062,1.0075982894771012,1.0075982894771012,4.425515208530184e-05,1.440326261228145,2.4742593612020283,nan,0.335298203165029,nan
0.74,219.98992919921875,-229.6778106689453,-4.998908042907715,219.55332060400787,-228.75059816733034,-5.003298238047604,1.0248752911337493,1.0078079005264713,1.0078079005264713,4.4075043408567926e-05,1.4795079878650366,2.5079793442829152,nan,0.0027510710328845158,nan
0.75,219.99020385742188,-229.6719512939453,-4.999286651611328,219.5680595634331,-228.76028394538895,-5.00218242295663,1.0046648918235113,1.007493000618953,1.007493000618953,4.3312669767324346e-05,1.195440065379672,2.465713666662396,0.9187382357509526,0.8768682021137602,nan
0.76,219.99046325683594,-229.66604614257812,-4.999658107757568,219.56790436023985,-228.75555924080666,-5.002283645343747,1.0037675591677175,1.0076940197810074,1.0076940197810074,4.3148399045343e-05,1.1596109334149796,2.44376494810736,nan,0.05768649246162598,nan
0.77,219.99070739746094,-229.6601104736328,-5.000021934509277,219.56774375442575,-228.75079981258486,-5.005000151385806,1.002880304058433,1.0078977458295881,1.0078977458295881,4.298885851459938e-05,1.5743531634726138,2.8463100668349135,nan,2.401885689687213,nan
0.78,219.990966796875,-229.65414428710938,-5.000378608703613,219.56757798400477,-228.74600605486674,-5.0052008705128355,1.0019962025543792,1.008104180564695,1.008104180564695,4.283401948004831e-05,1.5387932881896784,2.813773766193635,nan,0.0379055603602664,nan
0.79,219.9912109375,-229.64813232421875,-5.000728130340576,219.5674070930553,-228.74117837099544,-5.006633833993892,1.0011044147186343,1.008313325786329,1.008313325786329,4.268384711779805e-05,1.8110209853860337,3.102749713850272,nan,0.4338358700149343,nan
0.8,219.991455078125,-229.64210510253906,-5.001070499420166,219.5847189753102,-228.70910743693946,-5.00758387094163,1.0178218534477652,1.0079991933659807,1.0079991933659807,4.2010220327387966e-05,2.037547849496317,2.696121961350969,1.9921531051544898,0.12375030949231855,nan
0.81,219.99168395996094,-229.6360321044922,-5.001406192779541,219.58476056401807,-228.703866801105,-5.007795312734781,1.0171330413758166,1.0082002886776393,1.0082002886776393,4.1874427219543676e-05,2.0009441439481837,2.6746189457404292,nan,0.038377645694855855,nan
0.8200000000000001,219.99191284179688,-229.6299285888672,-5.001735210418701,219.58479748390303,-228.69859331560855,-5.006444118879787,1.0164401013673514,1.0084039294159994,1.0084039294159994,4.1743823895295626e-05,1.5557063397474309,2.2276620992961167,nan,1.6503980704099093,nan
0.8300000000000001,219.9921417236328,-229.62379455566406,-5.0020575523376465,219.58483001071406,-228.69328751799904,-5.0059486598757585,1.0157565256215788,1.0086101173810607,1.0086101173810607,4.1618308376761606e-05,1.3867380117937025,2.058446185341401,nan,0.4272421073107101,nan
0.84,219.99237060546875,-229.61761474609375,-5.002373695373535,219.58485828298654,-228.68794981698255,-5.008107496469625,1.0150744060753272,1.0088188543728236,1.0088188543728236,4.149777535126997e-05,1.8135828448139302,2.5076152722949496,nan,1.529863809995478,nan
0.85,219.99258422851562,-229.61141967773438,-5.002683162689209,219.59866352031997,-228.64256545987126,-5.00944602636608,1.0458956717290762,1.0085053958805903,1.0085053958805903,4.089735967104049e-05,2.2029465908528003,2.3823575805677875,5.672129570180212,0.02022054387525672,nan
0.86,219.9927978515625,-229.60519409179688,-5.002986431121826,219.59884843834953,-228.636684228466,-5.00737489298242,1.0455748438717878,1.0087065575580432,1.0087065575580432,4.078967114746673e-05,1.555915551605589,1.7288717359215564,nan,3.3558645059360472,nan
0.87,219.99301147460938,-229.59893798828125,-5.003283977508545,219.59902915700727,-228.6307719808153,-5.007717129991863,1.045268930676041,1.008910122314799,1.008910122314799,4.0687323580744046e-05,1.5659397744109653,1.7350315657792594,nan,0.0028972173654845546,nan
0.88,219.9932098388672,-229.59263610839844,-5.003575325012207,219.599205420562,-228.62482905623048,-5.00959185362247,1.04495271208154,1.009116091950858,1.009116091950858,4.05901619571096e-05,1.973833761653284,2.152383590806372,nan,1.1189218599597786,nan
0.89,219.993408203125,-229.58631896972656,-5.003860950469971,219.5993773339384,-228.61885590874394,-5.0093347703357125,1.0446411168155947,1.0093244682662204,1.0093244682662204,4.049802996217859e-05,1.821019661165313,1.9856971693221661,nan,0.25262634130413464,nan
0.9,219.9936065673828,-229.57997131347656,-5.004140853881836,219.64543589012524,-228.6294353944105,-5.012658975604808,1.0123309302468406,1.009011606545859,1.009011606545859,3.995814877450487e-05,2.831449104261706,3.4538476693638676,5.685999328189995,2.502051979571742,nan
0.91,219.99380493164062,-229.57359313964844,-5.004415512084961,219.64612140888497,-228.62359149363013,-5.011344294364167,1.0116496268259834,1.0092128264209232,1.0092128264209232,3.987729716238164e-05,2.2179383671673922,2.8268219497829565,nan,1.766008620389799,nan
0.92,219.99398803710938,-229.5671844482422,-5.004683971405029,219.64680301418664,-228.61771821642492,-5.013166116761343,1.0109873947250705,1.0094163229894022,1.0094163229894022,3.980171753134379e-05,2.8201199170706754,3.4365396408663056,nan,1.023844622095163,nan
0.93,219.99417114257812,-229.5607452392578,-5.004947662353516,219.6474807532416,-228.61181599941676,-5.010943519738405,1.0102954412395402,1.009622098051296,1.009622098051296,3.9731216919401884e-05,1.9157713974033534,2.522147619699528,nan,3.9630101839458667,nan
0.9400000000000001,219.99435424804688,-229.5542755126953,-5.0052056312561035,219.64815474882016,-228.60588541817344,-5.013431188569143,1.0096363327679614,1.009830153406605,1.009830153406605,3.9665602537524575e-05,2.7151303780894205,3.3181241441256404,nan,2.3576241744949247,nan
0.9500000000000001,219.99453735351562,-229.54779052734375,-5.005458831787109,219.6316871626281,-228.62608777649243,-5.012524344960621,0.9905786911853132,1.0095178240813034,1.0095178240813034,3.917573844876915e-05,2.246241151063313,3.0862670325507615,2.5533775498030615,0.3531954958993106,nan
0.96,219.9947052001953,-229.541259765625,-5.005706787109375,219.2861658556352,-229.29996869631375,-5.01361156264694,0.7485398241879528,0.8188720062228232,0.2734901660591516,3.9119845709816965e-05,2.277835562054339,3.156617622480926,nan,0.26095421209753994,0.6272981037653973
0.97,219.994873046875,-229.5347137451172,-5.005949974060059,219.28659908439897,-229.2943258790882,-5.016370292062169,0.7480286860025669,0.8190371925035931,0.2735460494725501,3.906900203496322e-05,3.4604379243520986,4.315656064178125,nan,3.092592933497504,nan
0.98,219.9950408935547,-229.52813720703125,-5.00618839263916,219.28703881802375,-229.28863650760624,-5.016892778695651,0.7474905403160873,0.8192045405278884,0.2736040836819507,3.902298775056968e-05,3.6181359981566734,4.477719685783649,nan,0.0019499161281553577,nan
0.99,219.99520874023438,-229.52154541015625,-5.0064215660095215,219.28747143309803,-229.28292767026443,-5.018310634424927,0.7469751479476859,0.8193740520956648,0.27366427048718317,3.8981584619424606e-05,4.308527636523413,5.148940878350263,nan,0.5185684014027409,nan
1.0,219.99537658691406,-229.51490783691406,-5.006650447845459,219.27136216617617,-229.2686619149555,-5.019257457548775,0.7648482674434892,0.8191298283322812,0.2736133049901808,3.853289716847157e-05,4.835438881510311,5.503155594051014,1.3263512902016836,0.00341078797487566,nan
1.01,219.9955291748047,-229.5082550048828,-5.0068745613098145,219.27162262422513,-229.2628039795183,-5.020437273715179,0.764506930637171,0.8192948299574714,0.2736745295861711,3.8499691877811775e-05,5.489510293584858,6.143990386025376,nan,0.27088599022790355,nan
1.02,219.9956817626953,-229.5015869140625,-5.007094383239746,219.27188526746428,-229.25690969457273,-5.020281364291482,0.7641480253950964,0.8194618904516799,0.2737378031847891,3.847120888874366e-05,5.23267649396711,5.873093870367702,nan,0.25682852260821054,nan
1.03,219.99583435058594,-229.494873046875,-5.007309913635254,219.27214051149372,-229.25099807576922,-5.021209248554439,0.7638068903741826,0.819631011614865,0.27380312758587344,3.844721096435723e-05,5.738284858437578,6.415029624900151,nan,0.11137436979825703,nan
1.04,219.99598693847656,-229.48814392089844,-5.00752067565918,219.27239597823123,-229.24505454810156,-5.021251102365254,0.7634558569642844,0.8198021952469854,0.27387050458926426,3.8427462998023896e-05,5.62034534630307,6.289198522589571,nan,0.12078802107763556,nan
1.05,219.99612426757812,-229.4813995361328,-5.00772762298584,219.24377067512225,-229.224171991659,-5.021143364870695,0.7952244462084949,0.8195588815145387,0.2738218153515888,3.801245737467632e-05,5.49945736262849,5.949392829169803,2.072632430192407,0.12373996156044559,nan
1.06,219.99627685546875,-229.474609375,-5.007930278778076,219.24373559027802,-229.21803451206037,-5.022658245014947,0.7952143919075075,0.8197256753030837,0.27388983806281414,3.799944383331109e-05,6.474361474960603,6.969056933508242,nan,0.6580444203375233,nan
1.07,219.9964141845703,-229.4678192138672,-5.008129119873047,219.2437108116964,-229.2118471159649,-5.020404089213711,0.7951319118942427,0.81989443667684,0.2739598194250201,3.799076218579294e-05,4.7334670021196255,5.2138553454323375,nan,4.479266727373671,nan
1.08,219.99655151367188,-229.4609832763672,-5.008323669433594,219.2436765831528,-229.20564918523294,-5.020081527551099,0.7950813834614531,0.8200651674357693,0.27403176123805834,3.7986164442897604e-05,4.408166058224553,4.932970410259494,nan,0.33170558230224034,nan
1.09,219.99667358398438,-229.45413208007812,-5.008514404296875,219.24364028763583,-229.19942633763557,-5.019544980533632,0.795019392376618,0.8202378693798337,0.27410566530178254,3.798540544720363e-05,3.9732605392798606,4.501355163757946,nan,0.5280932409208413,nan
1.1,219.99681091308594,-229.447265625,-5.008701324462891,219.2268875245157,-229.19238382555486,-5.021305311172074,0.8111138122587073,0.8199950387749468,0.2740577186852238,3.759770423276607e-05,5.040663649112078,6.009707681019834,3.3930899234018583,0.42039936422844276,nan
1.11,219.9969482421875,-229.44036865234375,-5.008884906768799,219.22657211251564,-229.18633600870206,-5.021272216052939,0.811273943027312,0.8201634661436157,0.27413194017004516,3.760230010107164e-05,4.898803482766763,5.89891318935281,nan,0.12536820676529314,nan
1.12,219.9970703125,-229.43344116210938,-5.009064197540283,219.22624988657373,-229.18027359269325,-5.022647789908301,0.811444675385112,0.8203337782826581,0.2742080383004365,3.761080530072538e-05,5.726593298886505,6.743589795373545,nan,0.5708284805291467,nan
1.1300000000000001,219.9971923828125,-229.426513671875,-5.00924015045166,219.22592934452362,-229.1741803104366,-5.02260210843771,0.8116017135557381,0.8205059769920394,0.2742860148762644,3.762296667501874e-05,5.568909276384056,6.568218580353577,nan,0.13565823587703305,nan
1.1400000000000001,219.997314453125,-229.41954040527344,-5.00941276550293,219.225600565315,-229.16807594190266,-5.024581904611846,0.811792340293056,0.8206800640717259,0.2743658716973979,3.763853448461297e-05,6.939544896245529,8.004434679534167,nan,1.4930936361860163,nan
1.1500000000000001,219.9974365234375,-229.4125518798828,-5.009582042694092,219.22770207430472,-229.1628289427301,-5.025921237839462,0.809394611311396,0.820437387747243,0.27431749698311414,3.7272717242141146e-05,7.9867265805688445,9.10205251750104,0.10735380088969243,0.7373660767584482,nan
1.16,219.99754333496094,-229.40554809570312,-5.009747505187988,219.2273995496717,-229.15667081388978,-5.026082663626264,0.8095234331528872,0.8206073104540246,0.2743973947547862,3.729236431515804e-05,7.982025352734306,9.108829151763686,nan,0.054274910693301294,nan
1.17,219.99766540527344,-229.39852905273438,-5.0099101066589355,219.22708958024904,-229.15050093731355,-5.028191284922237,0.8097155362409233,0.82077904249102,0.2744790944391915,3.731549123055226e-05,9.785507327993846,10.957162635058856,nan,1.7076120080679489,nan
1.18,219.99777221679688,-229.3914794921875,-5.010068893432617,219.22677991439764,-229.14430502954437,-5.029382775934043,0.8098749109579046,0.820952585658199,0.27456259783621273,3.734184411158024e-05,10.821548296523062,12.046323790687731,nan,0.3116093815102123,nan
1.19,219.9978790283203,-229.3843994140625,-5.010225296020508,219.22646834202152,-229.13808832443354,-5.030585314863818,0.8100358820308401,0.8211279417555319,0.2746479067457353,3.73711729827741e-05,11.926998775021893,13.236997845491967,nan,0.3093239127748481,nan
1.2,219.99798583984375,-229.3773193359375,-5.010377883911133,219.22679397208898,-229.13343476311806,-5.032457379689061,0.8091378658079302,0.820885165738158,0.27459820936264373,3.702265835565316e-05,14.007059116051664,15.242349454331102,2.093573391716253,0.12255129377893428,nan
1.21,219.9980926513672,-229.3701934814453,-5.010527610778809,219.22647483834362,-229.12720859230072,-5.032513116555198,0.8092707014294584,0.8210564625436808,0.2746833251767083,3.7054910733019545e-05,13.886700996555838,15.241356649565695,nan,0.15783399710085616,nan
1.22,219.99819946289062,-229.36306762695312,-5.010674476623535,219.2261559457033,-229.12095770263952,-5.03147835679494,0.8093832277186658,0.8212294997002012,0.27477017454597835,3.709022622343324e-05,12.513941427670742,13.899872442068572,nan,1.5631592942828898,nan
1.23,219.998291015625,-229.3559112548828,-5.0108184814453125,219.2258331479131,-229.11469020718184,-5.031178761526814,0.8095018790892071,0.8214042790076932,0.2748587592703531,3.7128353677721185e-05,12.012989238409528,13.479631037976617,nan,0.4080758484383511,nan
1.24,219.99839782714844,-229.3487548828125,-5.010959148406982,219.2255064346428,-229.10840663950538,-5.031743107464907,0.8096668176628287,0.8215808022661315,0.2749490811497345,3.716904623089291e-05,12.472626643487985,13.980615794339466,nan,0.003597616236538778,nan
1.25,219.9984893798828,-229.341552734375,-5.011097431182861,219.22117669975586,-229.10475658516935,-5.031170894588229,0.8128286184048008,0.8213377302394613,0.2748973783640544,3.683399868799171e-05,11.811260922599478,13.85107684324066,1.0319907916488789,0.18894492796213982,nan
1.26,219.9985809326172,-229.3343505859375,-5.011232852935791,219.22077897189845,-229.0985226336951,-5.030056563194387,0.8129852675323522,0.8215102942262827,0.2749873080907037,3.687658957145644e-05,10.483800495884108,12.558866199704907,nan,1.5556499226731864,nan
1.27,219.99868774414062,-229.32711791992188,-5.01136589050293,219.22037950404726,-229.09226929822216,-5.028820820566041,0.8131557454110473,0.821684535276879,0.2750789086346676,3.692185426217529e-05,9.130585221789731,11.326715080479662,nan,1.7267837122259486,nan
1.28,219.998779296875,-229.3198699951172,-5.011495590209961,219.21997315084727,-229.08600679706086,-5.030328550622337,0.8133791790386559,0.8218604551912282,0.2751721817958614,3.696954687197226e-05,10.47603063120606,12.708191608222391,nan,0.8053166904356566,nan
1.29,219.9988555908203,-229.31260681152344,-5.011623382568359,219.21956931918209,-229.07971667723743,-5.029096229288586,0.8135294759159456,0.8220380557693093,0.2752671293742032,3.701942607599987e-05,9.132648949195636,11.431919345919576,nan,1.6803514203981185,nan
1.3,219.9989471435547,-229.30532836914062,-5.011748313903809,219.19473646925545,-229.08318325502842,-5.0283492098348015,0.8344931696104402,0.8217945361473443,0.27521290211066896,3.6694675481668685e-05,8.501648025441323,12.421223969738866,7.621600660533617,0.7161343052015107,nan
1.31,219.99903869628906,-229.2980194091797,-5.011870384216309,219.19398517743338,-229.0772237751814,-5.026777341819731,0.8349156230420024,0.821968272547448,0.2753072875268425,3.6745563506375616e-05,7.044951321460869,11.057965614770508,nan,2.331048217806393,nan
1.32,219.99911499023438,-229.29071044921875,-5.011990547180176,219.19322973324145,-229.0712508470736,-5.02672684736877,0.8353626296139333,0.8221436277643416,0.2754032860011201,3.679877351354875e-05,6.9048683817031495,10.887494400554193,nan,0.07605547706953793,nan
1.33,219.99920654296875,-229.2833709716797,-5.012108325958252,219.19247404139267,-229.065257021276,-5.025549791122147,0.8358060166364246,0.8223206035980071,0.27550089933343214,3.685406657215598e-05,5.9122821708496645,10.016143152779124,nan,1.359938020009897,nan
1.34,219.99928283691406,-229.27601623535156,-5.012223243713379,219.1917168561136,-229.0592456911959,-5.0242325716772465,0.8362395028446649,0.8224992018484275,0.27560012932371203,3.691120849012551e-05,4.923472505998938,9.016594198476785,nan,1.5611914323284681,nan
1.35,219.99935913085938,-229.26864624023438,-5.012336254119873,219.18329957043218,-229.0344624731112,-5.022472940837165,0.8490571213800784,0.8222551179742235,0.27554298571932234,3.65941754507817e-05,3.80308617958606,7.8544817869275985,11.810850048555341,0.006078024581393765,nan
1.36,219.9994354248047,-229.26126098632812,-5.012446880340576,219.18256264214773,-229.02810780382322,-5.022386413357839,0.8495530259345141,0.8224299423933336,0.2756415077998194,3.66515718146086e-05,3.695679676517006,7.726064286110703,nan,0.029701577808989302,nan
1.37,219.99951171875,-229.2538604736328,-5.0125555992126465,219.18182396814245,-229.02173643687777,-5.02233060726732,0.850053161111441,0.8226063318664123,0.27574158961067113,3.671098173114621e-05,3.607973138809175,7.63057230499617,nan,0.020403979943887394,nan
1.3800000000000001,219.9995880126953,-229.24642944335938,-5.012661933898926,219.1810832374371,-229.01534944092532,-5.022725051026826,0.850558229030653,0.8227842881934454,0.2758432329518222,3.677217417646194e-05,3.7641489224021782,7.807814973414964,nan,0.04894869930947425,nan
1.3900000000000001,219.99966430664062,-229.23899841308594,-5.012765884399414,219.18034091413045,-229.0089461466633,-5.023163974684426,0.8510716697682637,0.8229638131744191,0.27594643962321963,3.683492294385799e-05,3.950589953202353,7.936712598438515,nan,0.06374134226674022,nan
1.4000000000000001,219.99974060058594,-229.23153686523438,-5.0128679275512695,219.1926086059809,-228.99925706088803,-5.022172768921325,0.8399419886487494,0.822719075821489,0.2758860872125997,3.652354650085055e-05,3.340957024159211,6.82821863013068,1.2601127651022423,0.9114681858445929,nan
1.41,219.9998016357422,-229.2240753173828,-5.012968063354492,219.19201011376683,-228.99270103688744,-5.022962185147315,0.8403339116806076,0.8228949127762925,0.2759884606032697,3.658592488678004e-05,3.704567148670776,7.120175637491342,nan,0.3024182533036472,nan
1.42,219.9998779296875,-229.21658325195312,-5.013066291809082,219.19141029690363,-228.98612915389361,-5.023790740469336,0.8407401610311294,0.823072265029072,0.2760923443579887,3.665005413022046e-05,4.116815527172218,7.586268109866779,nan,0.32415426516416024,nan
1.43,219.99993896484375,-229.20909118652344,-5.013162612915039,219.19080922782223,-228.97954145821498,-5.024489110653821,0.8411375028198596,0.8232511343798166,0.27619774027671357,3.671571142997072e-05,4.476882143698301,7.89254163873555,nan,0.20494013321987414,nan
1.44,220.0,-229.20156860351562,-5.013256549835205,219.1902090191824,-228.97293412281422,-5.0225515803911085,0.8414995876244867,0.8234315226285157,0.2763046501594035,3.678267879519826e-05,3.335772360276003,6.784452955483076,nan,2.7641394853875623,nan
1.45,220.0000762939453,-229.1940460205078,-5.0133490562438965,219.1816134271332,-228.95317109196765,-5.023328927386036,0.853230211242879,0.8231860642170746,0.27624087447751916,3.647534556520794e-05,3.7131173257794465,7.210912097100399,2.508386812157755,1.330995115030529,nan
1.46,220.00013732910156,-229.18649291992188,-5.013439655303955,219.18099131916705,-228.94636023842205,-5.022057857550788,0.8536616213265653,0.8233628459214358,0.27634684290911277,3.654143758545787e-05,3.0187884315861346,6.50468378398769,nan,1.2042647459407567,nan
1.47,220.0001983642578,-229.17893981933594,-5.013528347015381,219.18036731397024,-228.939535784726,-5.021578800506026,0.85410892315006,0.8235410967625495,0.27645427589392085,3.660906293417329e-05,2.7601472393263498,6.184829534034899,nan,0.18941686964072704,nan
1.48,220.00025939941406,-229.17135620117188,-5.013615131378174,219.17974233996947,-228.93269632760035,-5.020704313389299,0.854550780582623,0.8237208185404074,0.2765631752319111,3.66780068423297e-05,2.363706154310756,5.777037973808637,nan,0.5492791530056291,nan
1.49,220.0003204345703,-229.1637725830078,-5.013700008392334,219.17911655597905,-228.92584164180494,-5.019056861912509,0.8549945256401682,0.8239020130550017,0.27667354272305283,3.67480592759606e-05,1.7780270894068364,5.114444204204681,nan,1.7983720930990532,nan
1.5,220.00038146972656,-229.1561737060547,-5.0137834548950195,219.17866683304132,-228.91181646519726,-5.0197068164846534,0.857298367847937,0.8236557831577138,0.27660619072526166,3.644353469393637e-05,1.9453546498134497,4.933532751371904,0.5804195680097481,0.1306521218976507,nan
1.51,220.00042724609375,-229.14854431152344,-5.0138654708862305,219.1780669758112,-228.90482921113042,-5.019907764340899,0.8577353750481406,0.8238334485086987,0.2767155231821529,3.6512314086499693e-05,1.9857239727938392,4.92924054529718,nan,0.023402765633234148,nan
1.52,220.00048828125,-229.1409149169922,-5.013945579528809,219.17746598609276,-228.8978280087538,-5.020051371947906,0.8581924166431786,0.8240125400724032,0.27682627758441614,3.658245168548026e-05,2.0081230457853723,4.897921490791553,nan,0.010777116856969395,nan
1.53,220.00054931640625,-229.13327026367188,-5.014024257659912,219.1768644728266,-228.8908117246186,-5.018722920761009,0.8586413349808102,0.8241930596488217,0.2769384557320277,3.665374019150722e-05,1.5946032528350567,4.442818583617218,nan,1.1625158151180002,nan
1.54,220.00059509277344,-229.1256103515625,-5.014101028442383,219.17626093763948,-228.88378356558192,-5.019406647433975,0.8590897178589615,0.8243750090379485,0.2770520594249655,3.672597691536452e-05,1.7619630434236604,4.5238356381332006,nan,0.3109789177789164,nan
1.55,220.0006561279297,-229.11793518066406,-5.014176845550537,219.15108218154307,-228.87207094559471,-5.016814305345896,0.8844388439340118,0.8241279708640513,0.2769810265555087,3.64233399765198e-05,1.2575866606700683,4.704892018371989,2.2947324617579734,2.7693076649755524,nan
1.56,220.00070190429688,-229.11026000976562,-5.014250755310059,219.15027929619086,-228.86503805540096,-5.017852235021197,0.885079312794268,0.8243064645895503,0.2770935140549486,3.6493998952703615e-05,1.426063403558751,4.719937608893732,nan,0.7931166166621858,nan
1.57,220.00074768066406,-229.10255432128906,-5.0143232345581055,219.1494760987535,-228.85799074455613,-5.016873097916609,0.8857094055253499,0.8244863445291113,0.27720738378738974,3.656587917773839e-05,1.2525539816843314,4.507873645379928,nan,0.56391324611549,nan
1.58,220.0008087158203,-229.0948486328125,-5.014394283294678,219.14867108088725,-228.85093200905146,-5.018229867628247,0.8863681965884547,0.82466761248273,0.2773226375528158,3.6638780016373375e-05,1.4804031909352235,4.6635025289587055,nan,1.3009942384118125,nan
1.59,220.0008544921875,-229.08712768554688,-5.014463901519775,219.14786546455244,-228.84385948148716,-5.017585954396828,0.8870058892625318,0.8248502702504029,0.27743927715121136,3.67125052877189e-05,1.348465383467786,4.437352602727412,nan,0.23755565521070027,nan
1.6,220.0009002685547,-229.0793914794922,-5.014532089233398,219.1292458710962,-228.82074303743377,-5.016721019710368,0.9092223031825569,0.8246023978783062,0.27736449719752054,3.6411088320023916e-05,1.235401723460137,4.271728154639857,1.4131437648562124,0.5386371266227202,nan
1.61,220.00094604492188,-229.07164001464844,-5.014598846435547,219.12834028211537,-228.8134956056451,-5.017656478525819,0.9099937924495947,0.8247816698163072,0.27747995006628623,3.648300930022876e-05,1.3640483657554836,4.329629649401543,nan,0.6490075227208891,nan
1.62,220.00099182128906,-229.06387329101562,-5.014664173126221,219.1274341864339,-228.80623467775928,-5.015374799372601,0.9107585308104763,0.8249622906219359,0.2775967480816444,3.655604765299688e-05,1.125600051385078,4.027311507690441,nan,3.2372450647543047,nan
1.6300000000000001,220.00103759765625,-229.0561065673828,-5.014728546142578,219.1265269486564,-228.79896155306628,-5.012447465422184,0.9115358670569461,0.8251442620951899,0.2777148930435842,3.663000847289048e-05,1.257810529854762,4.065304603139629,nan,5.172049440678358,nan
1.6400000000000001,220.00108337402344,-229.04832458496094,-5.014791488647461,219.12561850427073,-228.79167670113895,-5.009964828984849,0.9123213091257493,0.8253275860360666,0.27783438675209565,3.670470113889085e-05,1.7544545590958567,4.46031881955813,nan,3.4736659900638363,nan
1.6500000000000001,220.00112915039062,-229.04052734375,-5.014853477478027,219.09903155555085,-228.77647469209327,-5.0110625586333315,0.9399565120410303,0.825078862222928,0.2777558238423139,3.6404035879594135e-05,1.5851249323313847,4.538110505183162,2.4122219830900997,0.3252440711404261,nan
1.6600000000000001,220.00115966796875,-229.03271484375,-5.014913558959961,219.09793856773098,-228.76914423103324,-5.00985682447132,0.9409056245800159,0.8252588667087725,0.27787406940134585,3.647676143704511e-05,1.8960285805397812,4.701150813699248,nan,0.7051930032015672,nan
1.67,220.00120544433594,-229.02490234375,-5.014973163604736,219.0968447341196,-228.76180237312877,-5.0096843165666485,0.9418693437132782,0.8254401851277322,0.2779936254093237,3.655052818718521e-05,1.9650024564450983,4.71213246978879,nan,0.00011839182931886796,nan
1.68,220.00125122070312,-229.01705932617188,-5.015030860900879,219.09574999337198,-228.75444892315977,-5.010501474995119,0.9428240619569856,0.8256228192798056,0.2781144936662407,3.6625145984749865e-05,1.764604106042992,4.435038110843172,nan,0.6473669375299848,nan
1.69,220.00128173828125,-229.00921630859375,-5.015088081359863,219.09465443753757,-228.74708382646048,-5.0089502022702295,0.9437818467224491,0.8258067709649914,0.27823667597209084,3.670042879845986e-05,2.2356530224170594,4.771110939331006,nan,1.2336306106272565,nan
1.7,220.00132751464844,-229.00137329101562,-5.015143871307373,219.1135958356425,-228.73368064855856,-5.008917853358956,0.9272354868294334,0.8255571854042152,0.2781543182329314,3.640019958897375e-05,2.195100572157236,4.081403352704948,2.22403673628321,0.002058406697486179,nan
1.71,220.00137329101562,-228.99349975585938,-5.015198230743408,219.11266869038622,-228.72617146923898,-5.007663791159759,0.9280716824616061,0.8257378807469892,0.27827519881875373,3.647340284998442e-05,2.690242463793101,4.521039172857797,nan,0.7411166447008143,nan
1.72,220.00140380859375,-228.98562622070312,-5.015252113342285,219.11174081129397,-228.71865127272247,-5.0076718356519585,0.9288882237511494,0.8259198572880382,0.27839735733504484,3.654759354960642e-05,2.7096114568643044,4.419559409121646,nan,0.0304368047805175,nan
1.73,220.00143432617188,-228.9777374267578,-5.0153045654296875,219.11081225736132,-228.71112024791233,-5.008955964853177,0.929694946870854,0.8261031168273615,0.2785207955818011,3.6622585367962025e-05,2.2415289803780496,3.8853425903701932,nan,1.4261883119835552,nan
1.74,220.00148010253906,-228.9698486328125,-5.015356063842773,219.10988286225407,-228.7035786334032,-5.010320945733856,0.930521737458948,0.8262876611649583,0.2786455153590194,3.669819593834882e-05,1.835437799225423,3.4532981303979478,nan,1.5139634817026413,nan
1.75,220.0015106201172,-228.96194458007812,-5.015406131744385,219.10773365059597,-228.68010701067539,-5.008735863864281,0.9371841757343958,0.8260372090937107,0.27855936986815855,3.6398200340684e-05,2.335979032012599,3.527154660729537,6.991989044363715,5.6407047317860295,nan
1.76,220.0015411376953,-228.9540252685547,-5.015455722808838,219.10683174745654,-228.67237393416505,-5.009399224375823,0.9380133518869386,0.8262185571266532,0.27868274113396774,3.6471657466626806e-05,2.1222999817334696,3.2956384889509094,nan,0.41285436330237646,nan
1.77,220.0015869140625,-228.9460906982422,-5.015504360198975,219.10592888674816,-228.6646310287625,-5.0080576102867385,0.9388707586885885,0.8264011556345259,0.2788073598050474,3.654606583752684e-05,2.6369510735337616,3.835319811784341,nan,0.9695681023562225,nan
1.78,220.00161743164062,-228.9381561279297,-5.015551567077637,219.10502547066667,-228.65687752552847,-5.008137215526138,0.9397072784973114,0.8265850064173285,0.27893322768139606,3.662124210647881e-05,2.623637373118313,3.756061241303535,nan,0.03208642620982511,nan
1.79,220.00164794921875,-228.93020629882812,-5.015598297119141,219.10412130223108,-228.64911383150869,-5.008315273528619,0.9405424496902213,0.8267701112750607,0.27906034656301243,3.669700673521548e-05,2.5709029005013107,3.692528042105134,nan,0.06428942992061748,nan
1.8,220.00167846679688,-228.92225646972656,-5.01564359664917,219.118811454413,-228.6667049151122,-5.009058458811131,0.919132266141171,0.8265187923569542,0.27897043531680554,3.6397123410180753e-05,2.3337204655171346,3.528812208803449,3.0281679806813466,0.7097620654348121,nan
1.81,220.001708984375,-228.91429138183594,-5.015688419342041,219.11796193571087,-228.65915145185443,-5.008564847170036,0.9198673682515465,0.8267007580496736,0.27909616476710164,3.647068919184067e-05,2.5372249687422177,3.727828392787562,nan,0.092369532709367,nan
1.82,220.00173950195312,-228.90631103515625,-5.015732288360596,219.11711235649602,-228.65158749882096,-5.011272948595473,0.9205808775734365,0.8268839453380484,0.27922311292529933,3.654518330253707e-05,1.6935050882579872,2.8809415949546517,nan,5.186955062252888,nan
1.83,220.00177001953125,-228.89833068847656,-5.015775203704834,219.1162618670942,-228.6440145780499,-5.012328097504816,0.9213106178679148,0.827068356022079,0.27935128159139855,3.662042462583476e-05,1.477359995435982,2.646798311543134,nan,0.8041958610164958,nan
1.84,220.00180053710938,-228.8903350830078,-5.015817165374756,219.11541045878494,-228.6364327312693,-5.01236165939028,0.9220443133016745,0.8272539919017652,0.2794806725653992,3.6696235729284544e-05,1.4818069786499806,2.6540199945222445,nan,0.003268384294035264,nan
1.85,220.0018310546875,-228.88232421875,-5.015858173370361,219.0901060514448,-228.61821610212834,-5.012557994510756,0.9492136060886716,0.8270018093270866,0.27938702924730247,3.639639905626695e-05,1.5148173551857083,3.0982339793889384,2.200742828195552,0.423870972807324,nan
1.86,220.00186157226562,-228.8743133544922,-5.015898704528809,219.08344430798152,-228.64903293808183,-5.0135917715499145,0.9456462654147622,0.8261657960128792,0.23245890579668343,3.6469985181783476e-05,1.9060460110788273,3.472101698859683,nan,0.7556139383787258,0.031455211010838334
1.87,220.0018768310547,-228.8662872314453,-5.0159382820129395,219.08243308568913,-228.64138640892045,-5.01300383903021,0.9465546956303249,0.8263461856007863,0.23253664263529683,3.654448737147113e-05,2.0029680357110715,3.518173368549825,nan,0.20752895690999756,nan
1.8800000000000001,220.0019073486328,-228.85826110839844,-5.015977382659912,219.08142018693943,-228.6337404147333,-5.014234535365754,0.9474751681405243,0.8265277658802704,0.2326155448868242,3.661972512779515e-05,1.85751571003967,3.3998694846673034,nan,1.0291506676720685,nan
1.8900000000000001,220.00193786621094,-228.8502197265625,-5.01601505279541,219.08040726960806,-228.62607972323735,-5.0143653923464875,0.9483987046308371,0.8267105386513299,0.23269561435123276,3.669552252391687e-05,1.8559982255825924,3.3971552821964783,nan,0.011995051331392698,nan
1.9000000000000001,220.00196838378906,-228.84217834472656,-5.01605224609375,219.07959804192748,-228.62393539914473,-5.014464834189296,0.9478394118829613,0.8264616454642142,0.2326528617931927,3.6395703251344995e-05,1.9002588469319548,3.666570415413645,0.7425315128302894,0.08389819762502373,nan
1.9100000000000001,220.00198364257812,-228.83412170410156,-5.016088962554932,219.07856129102163,-228.61636354624304,-5.0168603087657315,0.9487507837377765,0.8266414819993045,0.23273293552142252,3.6469265138381884e-05,1.8554970116976326,3.571998761455537,nan,3.7456527599954534,nan
1.92,220.00201416015625,-228.8260498046875,-5.016124725341797,219.07752572265375,-228.60876682517244,-5.015841371460796,0.9496793377515305,0.8268224821103141,0.23281414896184066,3.654373556453724e-05,1.8496761829563528,3.6163822547626383,nan,0.7331693418309108,nan
1.93,220.00204467773438,-228.81797790527344,-5.016160011291504,219.07648811716163,-228.60117442189812,-5.01750583720917,0.9506105977056636,0.8270046475972412,0.23289650391440794,3.661893613131996e-05,1.905168333515087,3.65010360237434,nan,1.7350570418367885,nan
1.94,220.00205993652344,-228.8098907470703,-5.0161943435668945,219.07545044945857,-228.59357107302182,-5.018635199771816,0.9515278769842073,0.8271879802600844,0.232980002179084,3.66946919375297e-05,2.026252124742139,3.7216118676088885,nan,0.7344205813503188,nan
1.95,220.00209045410156,-228.8018035888672,-5.016227722167969,219.07020284027473,-228.58825555246867,-5.017666926164507,0.9560435973122106,0.8269383880799702,0.23293619168664748,3.639488272768027e-05,1.9735759344133468,3.9994675333680485,1.4722510747073803,0.08664797389012276,nan
1.96,220.00210571289062,-228.793701171875,-5.016261100769043,219.06912516639065,-228.58068828397705,-5.0174378406599685,0.9569893287152103,0.8271188300526606,0.23301960090762555,3.64684002268649e-05,1.963653411528088,3.938166158615667,nan,0.04845659820806026,nan
1.97,220.00213623046875,-228.7855987548828,-5.016293525695801,219.06804665669216,-228.57311730485972,-5.018225679045083,0.9579537732367936,0.8273004117031744,0.23310412725173857,3.654282414872146e-05,2.0368838016829063,4.037672636475341,nan,0.363133056388657,nan
1.98,220.0021514892578,-228.77748107910156,-5.016324996948242,219.06696859891898,-228.56553004221664,-5.01692666232865,0.9589007469077944,0.82748313483151,0.23318977251894377,3.661797681489821e-05,1.9536126581907882,3.902178063482322,nan,1.1807346092825137,nan
1.99,220.00218200683594,-228.7693634033203,-5.016355991363525,219.0658885452409,-228.5579498314207,-5.01934386618028,0.9598698203427762,0.8276670012376667,0.23327653850919808,3.669368397992505e-05,2.196048341277682,4.17271281086899,nan,3.66636768047766,nan
2.0,220.002197265625,-228.76124572753906,-5.01638650894165,219.0747521763767,-228.5514439435819,-5.019094940739932,0.9508830200004607,0.827416700366558,0.23323139344728663,3.639388945426603e-05,2.1145473073463306,3.836063508927449,0.5001074546715323,0.00434413038402657,nan
2.0100000000000002,220.00221252441406,-228.7530975341797,-5.016416549682617,219.0737399327535,-228.54381073227566,-5.019161367027587,0.9517719542717853,0.8275977195564946,0.23331798492216302,3.646736053433623e-05,2.1279515430552247,3.8762356003442857,nan,2.6460758547501715e-07,nan
2.02,220.0022430419922,-228.74496459960938,-5.016445636749268,219.072727318584,-228.536167979933,-5.018681837350079,0.952680696269469,0.8277798558376521,0.23340567214697508,3.6541738604025754e-05,2.0664705282176707,3.818428640615909,nan,0.19253116864367967,nan
2.0300000000000002,220.00225830078125,-228.73680114746094,-5.01647424697876,219.07171451766132,-228.5285154828941,-5.017472558669314,0.9535699486631427,0.8279631110100297,0.23349445692168028,3.661684641490373e-05,1.9651955027414065,3.69337768417683,nan,1.028574263578656,nan
2.04,220.0022735595703,-228.72865295410156,-5.016502380371094,219.07070076660003,-228.52086295335826,-5.018339909058003,0.9544673538277962,0.8281474868736264,0.23358434104623635,3.669251010328751e-05,2.0381618177520338,3.7195086402513216,nan,0.45242728062224247,nan
2.05,220.00230407714844,-228.72048950195312,-5.0165300369262695,219.05521122750352,-228.49872843830448,-5.019463178697677,0.9727134411119027,0.8278964710111386,0.23353762512398774,3.6392739978730045e-05,2.1642432649207004,3.9835425483495124,1.5831262919549705,0.8561517856691765,nan
2.06,220.0023193359375,-228.71231079101562,-5.016557216644287,219.05414034503676,-228.49091544013493,-5.019143821064133,0.9736868031865091,0.8280780411735471,0.23362725628174635,3.6466172248666664e-05,2.1187249433304367,3.884648512300838,nan,0.097586578874132,nan
2.07,220.00233459472656,-228.70413208007812,-5.016583442687988,219.05306907044238,-228.4830961337246,-5.018985790376885,0.9746628629681926,0.8282607070562257,0.23371796294526725,3.654051350569677e-05,2.1005391692039015,3.849318731249225,nan,0.03077776239793618,nan
2.08,220.00234985351562,-228.69595336914062,-5.016609191894531,219.05199703486764,-228.4752725119808,-5.019668923537765,0.9756433172972071,0.8284444704591736,0.23380974691451079,3.661558672377639e-05,2.2055578813573082,3.939588895066084,nan,0.2534774534600042,nan
2.09,220.0023651123047,-228.68775939941406,-5.016634941101074,219.05092467275438,-228.46743786587746,-5.0189079572946245,0.9766195035704673,0.82862933318239,0.23390260998943788,3.669121822705906e-05,2.0980200402333478,3.833524191815755,nan,0.4427082295485204,nan
2.1,220.00238037109375,-228.67955017089844,-5.016659736633301,219.05013636691936,-228.46394239058137,-5.017851732331834,0.9763486975835396,0.8283775988720424,0.23385412168838704,3.6391483032688566e-05,2.0386703097884515,3.958252337733819,0.7361630374094641,0.2781921562554014,nan
2.11,220.00241088867188,-228.6713409423828,-5.016684055328369,219.0490534500194,-228.45614819215422,-5.016253421437657,0.9773425760860565,0.8285596955560736,0.23394665964887099,3.646488851988326e-05,2.01275849717482,3.9653014055416587,nan,1.6963766643599232,nan
2.12,220.00242614746094,-228.6631317138672,-5.016707897186279,219.04797026001094,-228.44834757580557,-5.014651935462741,0.9783263739823429,0.828742867718256,0.23404025392112376,3.6539205561948814e-05,2.131242124692215,4.004025256009506,nan,1.6242801895234988,nan
2.13,220.00244140625,-228.65492248535156,-5.0167317390441895,219.046886624222,-228.44054417762675,-5.014548647955413,0.9793098417591036,0.8289271171585891,0.23413490630511005,3.661425721439445e-05,2.153539570389542,4.001413352644728,nan,0.0017757736794681565,nan
2.14,220.00245666503906,-228.6466827392578,-5.016754627227783,219.04580295033853,-228.4327325825216,-5.013757546186789,0.9802907639637096,0.8291124456770727,0.23423061860079541,3.668986985928362e-05,2.276190657879798,4.135482527716495,nan,0.3506048258366662,nan
2.15,220.00247192382812,-228.63845825195312,-5.016777038574219,219.07748553622525,-228.44392060336742,-5.014618725138539,0.9452245089314772,0.8288599918417662,0.2341801864371601,3.6390178501416775e-05,2.1266034374007483,3.642546372025672,2.9895522495615383,0.6594533997444574,nan
2.16,220.0024871826172,-228.63021850585938,-5.016798973083496,219.07656607252272,-228.43622275974488,-5.015725048368393,0.9460261121889703,0.8290425922292394,0.23427550714333237,3.6463570220288745e-05,2.03816824304107,3.5516978717938454,nan,0.8664150893196143,nan
2.17,220.00250244140625,-228.62197875976562,-5.016820907592773,219.07564638691275,-228.42851890739036,-5.016986767899441,0.9468309710513052,0.8292262489027425,0.23437186594569814,3.6537876079141794e-05,2.015171967133159,3.505353823416009,nan,1.0672676643214762,nan
2.18,220.0025177001953,-228.6137237548828,-5.016841888427734,219.07472649362242,-228.42080703638302,-5.01738511032189,0.9476358363637026,0.8294109636622756,0.23446926464422732,3.66129191259132e-05,2.0304203466555664,3.5226653579785436,nan,0.09930670433656874,nan
2.19,220.00253295898438,-228.60546875,-5.016862869262695,219.0738063551841,-228.41308903734557,-5.0177710402097615,0.9484428729353475,0.8295967383078381,0.23456770503889057,3.668852571988434e-05,2.052716777238664,3.5239537900920554,nan,0.08836934391902164,nan
2.2,220.00254821777344,-228.5972137451172,-5.01688289642334,219.04356254826368,-228.38814237679722,-5.0168191787102066,0.9815112609828832,0.8293435658592281,0.2345151835227526,3.63888843394254e-05,2.0772243538023556,3.9752262481171754,4.9827636599953244,0.0016860785257957354,nan
2.21,220.0025634765625,-228.5889434814453,-5.016902923583984,219.04249675385148,-228.38030294783647,-5.016782252922348,0.9824759533357896,0.8295266486210865,0.23461317096786372,3.646227421917236e-05,2.0854163400912915,3.9789178494815505,nan,0.00016057907566768343,nan
2.22,220.0025634765625,-228.58065795898438,-5.016922473907471,219.04143049994218,-228.37246291741943,-5.019835827581923,0.9834278121493715,0.8297107694551024,0.2347121792065548,3.6536580519104904e-05,2.325194398085184,4.157846867937173,nan,6.114236418618832,nan
2.23,220.00257873535156,-228.5723876953125,-5.016941547393799,219.04036455268425,-228.3646080580715,-5.017425511374156,0.9843925767696833,0.8298959301612756,0.2348122100388009,3.6611626228915775e-05,2.1070626883057986,3.9548960840862453,nan,3.8885369896022386,nan
2.24,220.00259399414062,-228.56410217285156,-5.016960620880127,219.03929817452126,-228.3567513900613,-5.017460884294033,0.9853595452845386,0.8300821325396062,0.23491326526457815,3.6687237640702475e-05,2.115323013162324,3.959821993920995,nan,0.001100219229145345,nan
2.25,220.0026092529297,-228.55581665039062,-5.016978740692139,219.02101557605337,-228.33688088212114,-5.0170103545427,1.0057131887922872,0.8298282440489103,0.23485853144346697,3.6387649322910106e-05,2.1260352439788237,4.295912386121669,2.1277240752731013,0.034304446275264106,nan
2.2600000000000002,220.00262451171875,-228.54751586914062,-5.01699686050415,219.019868481693,-228.3289300074003,-5.017316597584953,1.0067717197739119,0.8300117892171034,0.23495907698094773,3.646104712292844e-05,2.1364882975760904,4.296872413016319,nan,0.07328762383211454,nan
2.27,220.0026397705078,-228.53921508789062,-5.017014503479004,219.01872124383436,-228.32097110370307,-5.015769971000103,1.0078331472155486,0.8301963551563877,0.23506062686252724,3.6535363161725195e-05,2.183691404751839,4.320474045542352,nan,1.5037764467020722,nan
2.2800000000000002,220.0026397705078,-228.53089904785156,-5.017031669616699,219.0175735713972,-228.3130097416377,-5.016515924717628,1.0088763216496726,0.8303819436667631,0.23516318288818566,3.6610420347364714e-05,2.156145446064356,4.219192872794036,nan,0.4127997119568201,nan
2.29,220.00265502929688,-228.52259826660156,-5.0170488357543945,219.01642588266222,-228.30504143990652,-5.015884410986871,1.0099407202397472,0.8305685565482296,0.23526674685790408,3.668604488583445e-05,2.1933272014687124,4.278369470418047,nan,0.22710785172169137,nan
2.3000000000000003,220.00267028808594,-228.5142822265625,-5.017065525054932,219.04810868437258,-228.31295933587754,-5.01640831614036,0.9755609635082401,0.8303139559682724,0.2352096973521651,3.638650988812672e-05,2.1079118604045126,3.715587053843309,2.757140991773926,0.06948234561908508,nan
2.31,220.002685546875,-228.50595092773438,-5.0170817375183105,219.04712529136742,-228.305063665128,-5.018692361674856,0.9764495318721641,0.8304979448211197,0.23531269907784924,3.6459922795195886e-05,2.174478961232442,3.7785312761652445,nan,3.478399715190803,nan
2.32,220.002685546875,-228.49761962890625,-5.0170979499816895,219.0461418933537,-228.29716133662137,-5.019342423295266,0.9773250870094814,0.8306829379969828,0.23541668949648864,3.653425525370274e-05,2.2483528778928026,3.7824863172023027,nan,0.2559550294483491,nan
2.33,220.00270080566406,-228.48928833007812,-5.01711368560791,219.0451585039864,-228.28925211909592,-5.017978431961738,0.9782139300748595,0.8308689372958619,0.23552167040806804,3.660933008497515e-05,2.1380577087187986,3.7052113509713314,nan,1.2617614523618863,nan
2.34,220.00271606445312,-228.48095703125,-5.017128944396973,219.04417501478088,-228.2813398251891,-5.018683108914239,0.9791069340422862,0.8310559445177569,0.23562764361257296,3.6684973406787036e-05,2.190578854449864,3.7368227404295156,nan,0.31321928178467456,nan
2.35,220.0027313232422,-228.4726104736328,-5.017143726348877,219.05952542390446,-228.27585477820836,-5.018714680909384,0.9635105812214431,0.8308006369478745,0.23556819206596075,3.6385489661150106e-05,2.122936212114777,3.460781910021704,1.2383662846237509,0.15049560001234996,nan
2.36,220.0027313232422,-228.46426391601562,-5.017158508300781,219.0586324314312,-228.26791551887214,-5.018379249830613,0.964301250019643,0.8309850519072427,0.23567355426373487,3.6458922326772685e-05,2.1022941657039453,3.377756141868924,nan,0.07815942994923589,nan
2.37,220.00274658203125,-228.45591735839844,-5.0171732902526855,219.05773932390696,-228.25997171969877,-5.018399862467154,0.9651087584891203,0.8311704555397621,0.2357798902513794,3.6533275377065285e-05,2.1089447022698926,3.412791525800947,nan,0.0001671379543241772,nan
2.38,220.0027618408203,-228.4475555419922,-5.017187118530273,219.0568460391616,-228.25202248151652,-5.017420737056884,0.965914041798878,0.8313568496454327,0.23588720182888298,3.6608371552811886e-05,2.0756638605130737,3.3766156154576503,nan,0.6248892969094512,nan
2.39,220.0027618408203,-228.43919372558594,-5.017200946807861,219.05595256296883,-228.2440689842113,-5.016888545009349,0.9667065588466083,0.8315442360242546,0.235995490796235,3.6684036891646886e-05,2.0830910460330734,3.320190698131264,nan,0.17161874650762818,nan
2.4,220.00277709960938,-228.4308319091797,-5.017214775085449,219.05575079153263,-228.22607715116004,-5.017117456390175,0.9689083282705749,0.8312882275111504,0.23593356567820273,3.6384600613168225e-05,2.004489807272106,3.1778671256965185,0.8927533357727285,0.06404000932627331,nan
2.41,220.00277709960938,-228.42245483398438,-5.017228126525879,219.0548781830978,-228.2180155544105,-5.016388193459583,0.969695045075544,0.8314730520500153,0.23604119832143355,3.6458055448093995e-05,2.0288858013420152,3.151069974743379,nan,0.3262906024414168,nan
2.42,220.00279235839844,-228.41407775878906,-5.01724100112915,219.05400534542358,-228.2099482052821,-5.013396667938713,0.97050525475259,0.8316588503601117,0.23614979055328908,3.6532431087711415e-05,2.419415564094019,3.5702389366094343,nan,5.653954161957001,nan
2.43,220.0028076171875,-228.40570068359375,-5.017253875732422,219.05313238433104,-228.20187714359287,-5.0120096516408985,0.9713159039394921,0.8318456242414397,0.23625934417376124,3.660755020458332e-05,2.771416932542225,3.9032971807110224,nan,1.0684907781310395,nan
2.44,220.0028076171875,-228.39732360839844,-5.017266273498535,219.0522591777717,-228.19380193389748,-5.010813703601028,0.9721136987645868,0.8320333754939997,0.23636986098284252,3.668323876957593e-05,3.1602937322775064,4.2266460981137195,nan,0.7335995941537415,nan
2.45,220.00282287597656,-228.38893127441406,-5.017278671264648,219.04416071333077,-228.17763724306494,-5.009703508417809,0.9817004089153842,0.8317766728628425,0.23630540368961875,3.63838450618789e-05,3.589907222148721,4.773136773762339,1.196562164747577,1.5494478715189268,nan
2.46,220.00282287597656,-228.3805389404297,-5.017291069030762,219.04326013543408,-228.16949562248067,-5.011051716076968,0.9825165976275462,0.8319618914220012,0.23641522199176324,3.645732265547579e-05,3.085443078145979,4.210503181884382,nan,1.4687006354906371,nan
2.47,220.00283813476562,-228.3721466064453,-5.017302513122559,219.0423594509264,-228.1613497646114,-5.012230166409215,0.9833515848046748,0.83214806955221,0.23652598634056404,3.653172114428975e-05,2.7268374864470566,3.892811194907014,nan,1.0940922521386558,nan
2.48,220.00283813476562,-228.36373901367188,-5.017314434051514,219.0414585068307,-228.15319912003113,-5.011315519275399,0.9841818037339577,0.832335209053469,0.23663769853601568,3.6606863147466304e-05,3.010517730192408,4.12952555153033,nan,0.4351072909917782,nan
2.49,220.0028533935547,-228.3553466796875,-5.017325401306152,219.0405574461099,-228.14504435499566,-5.0104770770085185,0.9850317039492505,0.8325233117257786,0.2367503603781132,3.668257458437144e-05,3.3107894965314286,4.466872804418401,nan,0.34049675267156343,nan
2.5,220.0028533935547,-228.34693908691406,-5.017336845397949,219.07291778063765,-228.1623848958147,-5.011633890606528,0.94808913996368,0.8322659224367941,0.23668332358834815,3.63832179776682e-05,2.9404855652854636,3.8452429058592488,5.0410488926902195,0.2802672880489358,nan
2.5100000000000002,220.00286865234375,-228.33851623535156,-5.017347812652588,219.07215915185836,-228.1543823014574,-5.0119675707813105,0.9487646846862005,0.8324515203496632,0.2367952475970432,3.6456717551540075e-05,2.846058368936339,3.8099788008961335,nan,0.11182413843044865,nan
2.52,220.00286865234375,-228.33010864257812,-5.017358303070068,219.07140013562855,-228.1463758253077,-5.011743756958804,0.949432919642971,0.832638064292589,0.2369081047304442,3.653113786792421e-05,2.920173094365427,3.827924278429985,nan,0.015039843150393561,nan
2.5300000000000002,220.0028839111328,-228.32168579101562,-5.017368793487549,219.0706408710652,-228.13836540129947,-5.011587063359477,0.9501141402186754,0.8328255560655716,0.23702189678854776,3.660630150741862e-05,2.975827158536177,3.940779891005742,nan,0.004422214857796426,nan
2.54,220.0028839111328,-228.31326293945312,-5.017378807067871,219.06988145438345,-228.1303511558346,-5.0126507370331215,0.9507747680355799,0.8330139974686114,0.2371366255713508,3.668203435283075e-05,2.677289130542983,3.6058371171241888,nan,0.8317993292363249,nan
2.5500000000000003,220.00289916992188,-228.30482482910156,-5.017389297485352,219.12531175425966,-228.15396690425106,-5.0143563874901655,0.890464476642348,0.8327559294952225,0.2370669718192544,3.638270924288333e-05,2.255482636373534,3.051355960260559,8.959456557235882,1.0424235806493938,nan
2.56,220.00289916992188,-228.29640197753906,-5.017398834228516,219.12480737160612,-228.14610983282583,-5.015786737922093,0.8908622418120514,0.832941892919799,0.2371809260489399,3.645622908109037e-05,2.0789883921589403,2.822511513220713,nan,1.326817402623205,nan
2.57,220.00291442871094,-228.2879638671875,-5.01740837097168,219.12430286391069,-228.1382490153878,-5.01554451977089,0.8912778986328859,0.8331287894533776,0.23729580106512796,3.653066934542797e-05,2.1080117349040557,2.8919503918311564,nan,0.04912261968077542,nan
2.58,220.00291442871094,-228.27952575683594,-5.017417907714844,219.12379825398216,-228.13038472141295,-5.015329615097174,0.8916796835651567,0.8333166208959587,0.2374115986678167,3.660585259141508e-05,2.1371179156838496,2.8885185432887863,nan,0.03807108711376032,nan
2.59,220.00291442871094,-228.2710723876953,-5.017427444458008,219.12329344577262,-228.1225171449161,-5.013526663629044,0.8920857301143463,0.8335053890475422,0.23752832065700438,3.6681604678604005e-05,2.4379484177412847,3.2088936317016996,nan,2.1409253188484128,nan
2.6,220.0029296875,-228.26263427734375,-5.017436504364014,219.1256212568646,-228.10925714642786,-5.012918655444805,0.8906262053806777,0.8332466507727574,0.23745602109178565,3.638230565724351e-05,2.5306162107763286,3.2273637167721176,0.3211545970493789,0.3235031797259014,nan
2.61,220.0029296875,-228.25418090820312,-5.0174455642700195,219.12513838609084,-228.10133253930948,-5.012509399475643,0.8910132201184856,0.8334329666299386,0.23757193419055872,3.6455843480405736e-05,2.642477443737593,3.3429791146199332,nan,0.09611701540645545,nan
2.62,220.00294494628906,-228.2457275390625,-5.017454147338867,219.12465556813606,-228.09340444594085,-5.012291780173603,0.8914152828560202,0.8336202032587444,0.23768875628781566,3.653030131745861e-05,2.708198065912842,3.43496926465358,nan,0.022257516341878343,nan
2.63,220.00294494628906,-228.23727416992188,-5.017462730407715,219.12417259803001,-228.08547279410513,-5.013348311755268,0.8917967404097336,0.8338083624591751,0.23780648918355562,3.6605501710148496e-05,2.445532422175234,3.154027276297224,nan,0.7682531830470278,nan
2.64,220.00294494628906,-228.2288055419922,-5.017470836639404,219.12368922126743,-228.07753806833128,-5.012842137615234,0.8921849042803477,0.8339974460312308,0.2379251346777779,3.6681270505787336e-05,2.5716472875163765,3.308896140713587,nan,0.15752041124018304,nan
2.65,220.00296020507812,-228.22035217285156,-5.017479419708252,219.1344594269515,-228.08160211256077,-5.012846641780833,0.879526374515603,0.8337380461595193,0.23785016798306785,3.6381992587940466e-05,2.6201117089902013,3.3014831399052778,2.6858614713740097,0.5421285685269496,nan
2.66,220.00296020507812,-228.21188354492188,-5.017487525939941,219.13401847916938,-228.07373820285903,-5.014190642256515,0.8798606298732445,0.8339247020770835,0.2379679724300158,3.6455545856467024e-05,2.3332485477657494,3.0274080458336767,nan,1.245461039151761,nan
2.67,220.0029754638672,-228.2034149169922,-5.017495155334473,219.1335771762489,-228.06587119453192,-5.0145817336398295,0.8802159656174144,0.8341122669790175,0.2380866746065117,3.653001868486984e-05,2.2723983826426406,2.9832685532078824,nan,0.10387003280463085,nan
2.68,220.0029754638672,-228.1949462890625,-5.017502784729004,219.13313534974597,-228.05800102444272,-5.014181512974233,0.8805605376589754,0.8343007426653217,0.23820627631255542,3.6605233610000484e-05,2.346193684340076,3.0335384212294083,nan,0.10326177750870784,nan
2.69,220.0029754638672,-228.18646240234375,-5.017510414123535,219.1326935201783,-228.05012716344726,-5.016599844806568,0.8808965819052569,0.8344901309359961,0.2383267793481469,3.668101647546708e-05,2.072341010786411,2.7852034539873656,nan,3.7764873705414392,nan
2.7,220.00299072265625,-228.177978515625,-5.017518043518066,219.12872473640326,-228.05431512418195,-5.018439815766261,0.8829691380598716,0.834230078418332,0.2382491307991336,3.638175523581796e-05,2.2113803471190874,3.221547479967932,1.2201665294920618,1.6701945830653848,nan
2.71,220.00299072265625,-228.16949462890625,-5.0175251960754395,219.1282504033766,-228.04653521775356,-5.020905554233206,0.8833465173904067,0.8344170626799681,0.2383687626288639,3.645532137973152e-05,2.507538356204927,3.476218432588188,nan,3.666592364725194,nan
2.72,220.00299072265625,-228.1610107421875,-5.0175323486328125,219.12777577900005,-228.03875341309706,-5.018943652863561,0.8837137793964134,0.8346049446577469,0.23848928140942602,3.6529806628099e-05,2.254628948208342,3.1943157367628916,nan,2.8661610218818248,nan
2.73,220.0030059814453,-228.15252685546875,-5.0175395011901855,219.1273011917647,-228.03096873622138,-5.017087051034704,0.8841014985484779,0.8347937261516689,0.23861068894082027,3.660503351938249e-05,2.2117544923924237,3.1510122119551385,nan,2.4613778456277933,nan
2.74,220.0030059814453,-228.14402770996094,-5.0175461769104,219.13569097489759,-228.00863657175742,-5.016053019145373,0.8778202039182279,0.8300455926801472,0.22543955481847694,3.668082668194364e-05,2.862997033247681,3.8055307272498284,nan,0.7627758602101177,0.015913267773384962
2.75,220.0030059814453,-228.1355438232422,-5.017552852630615,219.1343255968996,-228.01655099767797,-5.014041882105945,0.8767994240100002,0.829800107950867,0.2253905400336938,3.638157838648564e-05,3.386037795015133,4.792769023465063,3.695340766576971,2.3124546064617504,nan
2.7600000000000002,220.0030059814453,-228.12704467773438,-5.01755952835083,219.13381223212912,-228.0089123932565,-5.01386722936337,0.8771924780560525,0.8299784273749388,0.22548278824647688,3.6455155010067406e-05,3.4331639690863707,4.875162791826065,nan,0.016812163747122043,nan
2.77,220.00302124023438,-228.11854553222656,-5.017566204071045,219.13330386046894,-228.0012627295742,-5.010921082464972,0.8776147982487558,0.8301576255501749,0.22557588109412113,3.652965030874749e-05,4.280039199976636,5.732619966722328,nan,5.554542683993735,nan
2.7800000000000002,220.00302124023438,-228.1100311279297,-5.017572402954102,219.132791554619,-227.99361625371083,-5.009926970831281,0.8780151372829457,0.8303377042765737,0.2256698203766131,3.66048868269122e-05,4.6800945337253435,6.153477405735684,nan,0.5393501118239822,nan
2.79,220.00302124023438,-228.10153198242188,-5.017578601837158,219.13227564004833,-227.9859725514196,-5.010877556911873,0.8784058209848169,0.8305186653541329,0.22576460789393882,3.668069041711642e-05,4.319125955682513,5.741391929119169,nan,0.7060644340246995,nan
2.8000000000000003,220.00303649902344,-228.093017578125,-5.017584800720215,219.1222892016963,-227.97575767381724,-5.009295801245579,0.8885574795248783,0.8302726882054926,0.2257141107465336,3.638145181465273e-05,5.049136840909742,6.543985187503669,1.8866958272840249,0.30624736754292325,nan
2.81,220.00303649902344,-228.0845184326172,-5.017590522766113,219.12172948657994,-227.9681048247432,-5.008502718235351,0.8890088674875617,0.8304514833118516,0.22580858461190464,3.6455036666122845e-05,5.438207548880961,6.854865732723918,nan,0.28935780264762523,nan
2.82,220.00303649902344,-228.0760040283203,-5.017596244812012,219.1211692424359,-227.96044999427008,-5.007957094248592,0.8894579845333204,0.8306311471925332,0.22590389455330467,3.652953980729246e-05,5.7284895961660975,7.195323613129428,nan,0.10686547524158087,nan
2.83,220.00303649902344,-228.06747436523438,-5.01760196685791,219.12060677206878,-227.9527957549892,-5.008689239229176,0.8898948496169717,0.830811681647534,0.22600004237071852,3.6604783791187766e-05,5.367485810188852,6.889548372906051,nan,0.49814546882567134,nan
2.84,220.0030517578125,-228.0589599609375,-5.017607688903809,219.12004696308483,-227.94513445159095,-5.007713742540547,0.8903659945576836,0.8309930884768506,0.2260970298641308,3.668059447930375e-05,5.878289687182364,7.380769069491313,nan,0.46199999820327026,nan
2.85,220.0030517578125,-228.05044555664062,-5.017613410949707,219.11808781471015,-227.9398793256484,-5.007622300742929,0.8919001593845841,0.8307466065542344,0.2260449467427452,3.638136299655804e-05,6.020374597889642,7.651913935804151,0.1328589088682992,0.0011044100512622897,nan
2.86,220.0030517578125,-228.0419158935547,-5.017618656158447,219.11751241929204,-227.9322441713136,-5.008310656416458,0.892353318806947,0.8309258630381902,0.22614158019767128,3.645495415915607e-05,5.666032668788301,7.359372111499797,nan,0.4465562539562049,nan
2.87,220.0030517578125,-228.03338623046875,-5.0176239013671875,219.11693549534934,-227.9246084389911,-5.010051324483457,0.8928000797721167,0.8311059787408016,0.22623904151798346,3.652946327893159e-05,4.871965444562789,6.572088238648316,nan,2.2445528259016685,nan
2.88,220.00306701660156,-228.0248565673828,-5.017629146575928,219.1163589390806,-227.91696939246017,-5.01155769533596,0.893267999971927,0.8312869554620649,0.22633733250366625,3.660471291876753e-05,4.321991035987515,6.054497049280544,nan,1.6219811319553235,nan
2.89,220.00306701660156,-228.01632690429688,-5.01763391494751,219.11578179422273,-227.90932879505917,-5.013502592336624,0.893722959903582,0.8314687950019757,0.22643645495470419,3.668052895011953e-05,3.7928066409689123,5.493917879547474,nan,2.539857864078507,nan
2.9,220.00306701660156,-228.00778198242188,-5.01763916015625,219.1146777781013,-227.8739457833679,-5.013514523336051,0.8984233856535414,0.831221797654268,0.2263826931747133,3.6381302555494394e-05,3.4129605826335867,4.418454150204618,8.664292517799552,0.013769996268514719,nan
2.91,220.00306701660156,-227.99925231933594,-5.017643928527832,219.1141589006403,-227.86603872052453,-5.015224626008034,0.8988377798884438,0.8314015018613481,0.2264814231397391,3.6454898420972566e-05,3.1136827268198526,4.086059217447841,nan,1.9054800197801183,nan
2.92,220.00308227539062,-227.99070739746094,-5.017648696899414,219.1136429531153,-227.85812475209062,-5.014597196823617,0.899271804025743,0.8315820561304498,0.22658097309029754,3.652941196653424e-05,3.216086773426148,4.235308496984222,nan,0.28465426470243244,nan
2.93,220.00308227539062,-227.982177734375,-5.017653465270996,219.1131258148755,-227.85021012134203,-5.014784479744465,0.899692271601894,0.8317634622615686,0.22668134482637395,3.660466576510692e-05,3.1936624257620245,4.14657261232531,nan,0.017533908405705276,nan
2.94,220.00308227539062,-227.9736328125,-5.01765775680542,219.11260786256946,-227.84229411252602,-5.0155514214611205,0.9001105324617823,0.8319457220547003,0.22678254014795382,3.668048569815034e-05,3.0974988536385397,4.077081159220767,nan,0.3514594539301693,nan
2.95,220.00308227539062,-227.965087890625,-5.017662525177002,219.13794569842523,-227.8387751696894,-5.015918806124452,0.8743107232727362,0.8316982001667561,0.22672701693787947,3.638126283095455e-05,2.9108531456321702,4.033853857368896,6.077344610994743,0.6322944997902985,nan
2.96,220.00308227539062,-227.95652770996094,-5.017666816711426,219.13755588855892,-227.8308300379851,-5.015026192582476,0.8746100868031884,0.831878339052612,0.22682778313371746,3.6454862092404876e-05,3.025019540766363,4.160123402412622,nan,0.6184908160837559,nan
2.97,220.0030975341797,-227.94798278808594,-5.01767110824585,219.13716548766047,-227.8228835022918,-5.014533794789046,0.8749274159785444,0.8320593192222175,0.2269293617497167,3.652937881038673e-05,3.10949946108449,4.21653895570774,nan,0.19942340107570836,nan
2.98,220.0030975341797,-227.93942260742188,-5.017675399780273,219.13677343722205,-227.81493698004996,-5.015561371385904,0.875224874822295,0.8322411424755682,0.22703175458586397,3.660463556735182e-05,2.9684451442922515,4.073628178492906,nan,0.6138141647396536,nan
2.99,220.0030975341797,-227.93087768554688,-5.017679691314697,219.13638425255428,-227.80698379039086,-5.013893181393451,0.8755318083657484,0.8324238106126599,0.22713496344214637,3.668045825414878e-05,3.2432390640986424,4.298689966389997,nan,1.9467223716528421,nan
3.0,220.0030975341797,-227.9223175048828,-5.017683506011963,219.08885875393483,-227.7642810872918,-5.013831095401226,0.9278054201480602,0.8321757564552241,0.22707760503275873,3.638123774918574e-05,3.2054370581581617,4.80401269493332,14.519393455607943,1.9494807353367403,nan
3.0100000000000002,220.0030975341797,-227.91375732421875,-5.017687797546387,219.0882921878993,-227.75612822896966,-5.01467095162001,0.9282913629952466,0.8323563175485864,0.22718034981078997,3.645483937695819e-05,3.052130457070502,4.625245856760317,nan,0.381105646667741,nan
3.02,220.0030975341797,-227.9051971435547,-5.017691612243652,219.08772650239905,-227.7479719621797,-5.014586072926475,0.9287806672492701,0.83253771150647,0.22728389974279364,3.652935828652391e-05,3.071375139042543,4.627247436839326,nan,0.020134180785407223,nan
3.0300000000000002,220.00311279296875,-227.89663696289062,-5.017695426940918,219.08715965644006,-227.73981531152603,-5.015832882719289,0.9292828674437253,0.8327199401288712,0.2273882566287583,3.660461706890118e-05,2.9070704326258916,4.467492858036026,nan,0.8644688106470704,nan
3.04,220.00311279296875,-227.8880615234375,-5.017699241638184,219.08659439491208,-227.73165454046446,-5.015555059739737,0.9297707867077243,0.8329030052157859,0.22749342226867295,3.668044162331209e-05,2.942573882737442,4.458034809593649,nan,0.09888067144812941,nan
3.0500000000000003,220.00311279296875,-227.87950134277344,-5.017702579498291,219.10754150811383,-227.71871665532743,-5.013492288374173,0.9098996475024927,0.8326544123108708,0.22743416307325148,3.6381222637147693e-05,3.0773268851896725,4.097086215158617,4.16980237521495,1.246814219639725,nan
3.06,220.00311279296875,-227.8709259033203,-5.017706394195557,219.10709316949124,-227.71046614808753,-5.01365712761091,0.9102828655236913,0.8328353836792804,0.22753883125869398,3.645482584509031e-05,3.0427470003693378,4.061247455895346,nan,0.00978762191017881,nan
3.0700000000000003,220.00311279296875,-227.8623504638672,-5.017709732055664,219.1066453728761,-227.70221287867324,-5.0130590484721544,0.910669814113278,0.833017179833952,0.2276442976167344,3.652934620260687e-05,3.187886504857131,4.207920195334711,nan,0.26812729467951096,nan
3.08,220.00311279296875,-227.85379028320312,-5.0177130699157715,219.1061963645473,-227.6939592642211,-5.0140122334588595,0.9110536374943182,0.833199802574882,0.22775056394736332,3.660460630809627e-05,2.972522749608225,3.984607324176008,nan,0.5463048657698231,nan
3.09,220.0031280517578,-227.84521484375,-5.017716884613037,219.1057463934616,-227.6857047651052,-5.016136044424263,0.9114492881622251,0.8333832537020671,0.22785763205057152,3.668043206794337e-05,2.6693006593960686,3.694573608897414,nan,2.750724654799902,nan
3.1,220.0031280517578,-227.8366241455078,-5.0177202224731445,219.12479348883124,-227.67990617575643,-5.016747395340695,0.8922068554248117,0.833134116702042,0.22779641392622216,3.6381214010994096e-05,2.511298074382461,3.495843934329083,1.175295325490881,0.06560190156772236,nan
3.11,220.0031280517578,-227.8280487060547,-5.017723083496094,219.1244390346595,-227.67162465984129,-5.014389745444052,0.8925099339198057,0.833315486920114,0.2279029526728514,3.645481821854373e-05,2.791828010997299,3.750599770520175,nan,3.9764789712982935,nan
3.12,220.0031280517578,-227.81947326660156,-5.017726421356201,219.1240835507702,-227.6633425880627,-5.013403833332176,0.892812806956083,0.8334976741702265,0.228010282882012,3.6529339479063115e-05,3.0002258604480985,3.9490329205494086,nan,0.7125760475213418,nan
3.13,220.0031280517578,-227.81088256835938,-5.017729759216309,219.12372792256983,-227.65505852048005,-5.012195682323063,0.8931160882664707,0.8336806802523764,0.2281184063536963,3.6604600397076725e-05,3.3272112181398197,4.28145374717129,nan,1.0066106147675005,nan
3.14,220.0031280517578,-227.80230712890625,-5.017732620239258,219.1233714006222,-227.646773737831,-5.012429191241261,0.8934150923931382,0.8338645069665609,0.22822732488789704,3.668042688487336e-05,3.2589041787957127,4.226571722917371,nan,0.030487388074441412,nan
3.15,220.0031280517578,-227.79371643066406,-5.017735481262207,219.13370705158417,-227.64544805227513,-5.012608356040523,0.8819879109069831,0.8336148215454307,0.2281640964690566,3.6381209361698296e-05,3.222694274916078,3.943914115509794,1.9789231485584222,0.6192333118796961,nan
3.16,220.00314331054688,-227.78512573242188,-5.017738342285156,219.1333918282602,-227.63719350052162,-5.011293931054028,0.8822658990412118,0.8337965796654279,0.22827245512447641,3.645481415579026e-05,3.6412966757337912,4.376708437130552,nan,1.1335725898958477,nan
3.17,220.00314331054688,-227.7765350341797,-5.017741680145264,219.13307588326902,-227.62893801595428,-5.011329995425035,0.8825210011664868,0.8339791473714064,0.22838159879096062,3.652933593503087e-05,3.6292003538851194,4.365371780036894,nan,0.002149796826837679,nan
3.18,220.00314331054688,-227.7679443359375,-5.017744064331055,219.13275933934926,-227.62068167817694,-5.012888557085682,0.882767310019486,0.8341625264633641,0.22849152926850338,3.660459730885406e-05,3.1495673327030427,3.914964642255734,nan,1.60446030429327,nan
3.19,220.00314331054688,-227.7593536376953,-5.017746925354004,219.132443122558,-227.6124232183229,-5.013789656229719,0.8830192667658836,0.8343467187412986,0.22860224835709908,3.6680424194247987e-05,2.934054156620405,3.700398230365858,nan,0.5026583906256101,nan
3.2,220.00314331054688,-227.75076293945312,-5.017749786376953,219.1201078707779,-227.59875346884417,-5.012655888160826,0.8960381771118008,0.8340964814968278,0.22853696445342553,3.6381206953076546e-05,3.256039257791907,3.971362039896793,0.5242318475851919,0.5253590859223592,nan
3.21,220.00314331054688,-227.74215698242188,-5.017752647399902,219.1197431082785,-227.5904713720061,-5.0127010763110675,0.8963425462095826,0.8342786170213464,0.22864709443398665,3.6454812052514886e-05,3.2447366794204866,3.9753494672375966,nan,0.00102279774711971,nan
3.22,220.00314331054688,-227.7335662841797,-5.017755031585693,219.11937788072424,-227.58218826508332,-5.014151108225506,0.8966435344543042,0.8344615549790497,0.2287580032207771,3.652933409174607e-05,2.901966640132084,3.6421869877792714,nan,1.3467487380262517,nan
3.23,220.00314331054688,-227.72496032714844,-5.017757415771484,219.11901372239683,-227.5739021621721,-5.012630656633168,0.8969559529361815,0.8346452971699359,0.2288696926137926,3.660459568400478e-05,3.266254077443855,4.013006218085338,nan,1.568716903598826,nan
3.24,220.00315856933594,-227.71636962890625,-5.017760276794434,219.11864895921266,-227.56561507745755,-5.012282904679669,0.8972815537991453,0.8348298453940034,0.22898216441302904,3.668042274989262e-05,3.367811037393664,4.12285156181845,nan,0.08061249267461312,nan
3.25,220.00315856933594,-227.707763671875,-5.017762660980225,219.09786760847314,-227.55698841577245,-5.010099376612636,0.9177928021073052,0.834579053759508,0.22891478546480415,3.6381205641448405e-05,4.330375779932532,4.916490553180736,4.293093387772567,0.7672111009028989,nan
3.2600000000000002,220.00315856933594,-227.69915771484375,-5.017765045166016,219.09740697613148,-227.54873086920065,-5.0093082840789025,0.9181969839259047,0.8347615566160987,0.22902664013935686,3.645481086530387e-05,4.680776228478613,5.2940157021485,nan,0.33555557210985487,nan
3.27,220.00315856933594,-227.6905517578125,-5.017767429351807,219.09694582256824,-227.54047205486543,-5.0096374712407306,0.9185921596986417,0.83494485503234,0.22913926765065548,3.652933300051101e-05,4.531113578175938,5.171827054855761,nan,0.11204607434490407,nan
3.2800000000000002,220.00315856933594,-227.68194580078125,-5.017769813537598,219.0964845634339,-227.53221143971808,-5.009597671583763,0.9189912490146731,0.8351289508082304,0.22925266979869696,3.660459466314375e-05,4.548849709672463,5.214927250349627,nan,0.0008908398281734097,nan
3.29,220.00315856933594,-227.67333984375,-5.0177717208862305,219.09602309653883,-227.52394940321682,-5.009720858618812,0.9193895181656034,0.8353138457437685,0.2293668483834784,3.6680421776480984e-05,4.494050351638557,5.193495021693046,nan,0.025252299197668294,nan
3.3000000000000003,220.00315856933594,-227.6647186279297,-5.0177741050720215,219.0933844317926,-227.52463426725248,-5.010079870601102,0.9205280064686563,0.8350624979085339,0.22929733996845733,3.6381204721516306e-05,4.496104043863197,5.100642366106672,2.279178758637612,0.9778989123155778,nan
3.31,220.00315856933594,-227.65611267089844,-5.0177764892578125,219.09289993549504,-227.51643862392575,-5.011598418621932,0.920933107471116,0.8352453584260946,0.22941087455020326,3.645480996229419e-05,3.9194357069547836,4.533251621647477,nan,1.6575865486797736,nan
3.3200000000000003,220.00315856933594,-227.64749145507812,-5.017778396606445,219.09241581574705,-227.50824114886564,-5.011515735397351,0.9213480514552405,0.8354290078958686,0.22952517622392202,3.652933209822741e-05,3.949814016045301,4.59427130406521,nan,0.001021158619103292,nan
3.33,220.00315856933594,-227.63888549804688,-5.017780303955078,219.09193177892038,-227.50004228959668,-5.012100993108441,0.9217613328164024,0.8356134481178549,0.2296402467896115,3.660459374742708e-05,3.76073431294857,4.407791921852977,nan,0.25422808438685135,nan
3.34,220.003173828125,-227.63026428222656,-5.017782688140869,219.09144812154068,-227.49184178557425,-5.011296948093535,0.9221966256987167,0.8357986808920527,0.22975608804726985,3.668042083507617e-05,4.030067995964629,4.7193148354319785,nan,0.38634527317106343,nan
3.35,220.003173828125,-227.6216583251953,-5.017784595489502,219.13470135298925,-227.50447308483723,-5.01009729206763,0.8763765830167368,0.835546775729462,0.2296844204336136,3.638120379964178e-05,4.428384751554089,4.880438422090547,5.802588604969271,0.13769988324167728,nan
3.36,220.003173828125,-227.613037109375,-5.017786502838135,219.1343897292297,-227.49634966202734,-5.010133970396797,0.8766186925423185,0.8357299846162578,0.22979959187939186,3.645480900137129e-05,4.413654172224383,4.905809037382876,nan,0.009528005486648575,nan
3.37,220.003173828125,-227.6044158935547,-5.017788410186768,219.13407756724527,-227.4882250066676,-5.01283799331239,0.8768427108084816,0.835913976101534,0.2299155248870335,3.652933109052395e-05,3.4812422783292956,3.993397889353583,nan,5.018530786605376,nan
3.38,220.003173828125,-227.59579467773438,-5.0177903175354,219.13376560890092,-227.48009876135956,-5.012741403651539,0.8770870471347806,0.8360987519852899,0.2300322212565373,3.660459268660533e-05,3.5098307905581376,4.029707245761765,nan,0.0038361663276299564,nan
3.39,220.003173828125,-227.58717346191406,-5.017792224884033,219.13345347752806,-227.4719713710332,-5.014334693936585,0.8773237512492372,0.8362843140675251,0.23014968278790207,3.668041971608625e-05,3.1423404981302223,3.672038695792566,nan,1.6704814242070016,nan
3.4,220.003173828125,-227.5785369873047,-5.017794132232666,219.11797338089102,-227.45977929941066,-5.015781149462584,0.8931334011875351,0.8360318510700867,0.23007583052844557,3.638120269337927e-05,3.0106685040677483,3.6759975964669045,0.8391910051039584,0.7564082853392375,nan
3.41,220.003173828125,-227.56991577148438,-5.017795562744141,219.1175981545706,-227.45164372807255,-5.015076856589864,0.8934427464629665,0.8362153993932646,0.23019259744485102,3.64548078343728e-05,3.1054488681867487,3.750422646203016,nan,0.37606718096692193,nan
3.42,220.003173828125,-227.56129455566406,-5.017797470092773,219.11722299679667,-227.4435069787341,-5.014620949558358,0.8937521351544276,0.8363997242032188,0.23031012059818137,3.652932986057446e-05,3.1822634088228363,3.8204224482236495,nan,0.1598252710719738,nan
3.43,220.003173828125,-227.5526580810547,-5.017799377441406,219.1168478898063,-227.43536884129142,-5.013754123724497,0.8940619658493408,0.8365848272999492,0.23042840178843593,3.660459139238774e-05,3.35657180798202,4.011874346500389,nan,0.5198674371271853,nan
3.44,220.003173828125,-227.54403686523438,-5.017800807952881,219.1164726793884,-227.42722917790826,-5.013879425975514,0.8943703596530237,0.8367707104834552,0.23054744281561418,3.6680418357098456e-05,3.3319620902149993,3.976406776543838,nan,0.008126342690556704,nan
3.45,220.003173828125,-227.535400390625,-5.017802715301514,219.150068869136,-227.420707522401,-5.012143027871686,0.8607987901564975,0.8365176897040095,0.23047138437925876,3.6381201354689374e-05,3.5491369242366875,3.9504787145335616,5.015854917495471,0.5384340486337612,nan
3.46,220.00318908691406,-227.5267791748047,-5.017804145812988,219.14984330192652,-227.41252751341443,-5.012412656502284,0.8609770839246654,0.8367015688704881,0.23058970693504605,3.645480643448008e-05,3.467844916568916,3.873361112733076,nan,0.06262153375230917,nan
3.47,220.00318908691406,-227.5181427001953,-5.017805576324463,219.149617640812,-227.40434628794267,-5.013579667377729,0.8611339590033289,0.8368862186430587,0.2307087805990144,3.652932840057199e-05,3.1611536639080966,3.5929666436808785,nan,0.9320297630418127,nan
3.48,220.00318908691406,-227.50950622558594,-5.017807483673096,219.14939189308112,-227.3961640068562,-5.014856405561971,0.8612925261521849,0.837071640821721,0.23082860717116352,3.660458987389676e-05,2.9119534785030248,3.3476791067706615,nan,1.0603433815200785,nan
3.49,220.00318908691406,-227.50086975097656,-5.01780891418457,219.14916602688996,-227.38798070821454,-5.015845563992709,0.8614541065968845,0.8372578372064752,0.2309491884514933,3.668041678220765e-05,2.780835529903236,3.223247010642541,nan,0.5990313204117155,nan
3.5,220.00318908691406,-227.4922332763672,-5.017810344696045,219.1403451609069,-227.38024264375434,-5.015542724356763,0.8700842973772713,0.8370042592049476,0.23087090588798326,3.638119981350627e-05,2.9006464453106466,3.388680813163771,0.2859328123955723,0.15499703689737704,nan
3.5100000000000002,220.00318908691406,-227.4835968017578,-5.0178117752075195,219.14008063276663,-227.37207202136713,-5.016043116290326,0.8702856475987252,0.8371884609435719,0.23099074573226083,3.645480484335104e-05,2.8472545885417286,3.3350542106337993,nan,0.13656497619844907,nan
3.52,220.00318908691406,-227.47496032714844,-5.017813205718994,219.13981596398628,-227.36390026112767,-5.017175508439498,0.8704871591910074,0.8373734276282339,0.23111133174367587,3.6529326762311045e-05,2.7746654512075053,3.257580726391164,nan,0.7539098980465189,nan
3.5300000000000002,220.00318908691406,-227.46632385253906,-5.017814636230469,219.1395511411338,-227.35572741148655,-5.0182411892309835,0.8706906776303978,0.8375591610589334,0.23123266572222845,3.660458819158417e-05,2.7705402458808193,3.244438718046475,nan,0.6291919090505488,nan
3.54,220.00318908691406,-227.4576873779297,-5.017816066741943,219.13928631899054,-227.3475535655892,-5.019635143905608,0.8708965254772201,0.8377456630356706,0.23135474946791865,3.668041505914563e-05,2.8577686668193603,3.3181798448673474,nan,1.0740250977521857,nan
3.5500000000000003,220.00318908691406,-227.44903564453125,-5.01781702041626,219.11038102744314,-227.31953924095686,-5.019444894747562,0.9021519825227763,0.837491528830802,0.23127422810267623,3.638119813808602e-05,2.8301705787659204,3.152532737713154,3.7325485586570877,0.08904023124022253,nan
3.56,220.00318908691406,-227.44039916992188,-5.017818450927734,219.1100138161947,-227.3112732609865,-5.017000761220038,0.9024612086951088,0.8376760451756673,0.23139554828843875,3.645480313438415e-05,2.777396859504828,3.0745929391876357,nan,4.229782313504205,nan
3.5700000000000003,220.00318908691406,-227.43174743652344,-5.017819881439209,219.1096466863874,-227.3030057480461,-5.017122167860325,0.9027695889290749,0.8378613210173328,0.2315176098799514,3.65293250232514e-05,2.77424593577536,3.0750958760403555,nan,0.0030497936165366207,nan
3.58,220.00318908691406,-227.42311096191406,-5.017821311950684,219.10927961559904,-227.2947370665543,-5.017081905589675,0.9030805870122108,0.8380473581557986,0.23164041467721438,3.6604586425974536e-05,2.777477815513465,3.066403548212256,nan,0.005870340496990573,nan
3.59,220.00318908691406,-227.41445922851562,-5.017822265625,219.10891258371677,-227.28646734198222,-5.017076229739712,0.9033896965090398,0.8382341583910646,0.23176396448022796,3.668041327058844e-05,2.779478105697818,3.074583038698017,nan,0.002286475478227654,nan
3.6,220.00318908691406,-227.40582275390625,-5.017823696136475,219.12636714893273,-227.3020705833958,-5.015932919107111,0.8829409939790696,0.8379794694166182,0.23168119263628378,3.638119640865819e-05,3.0324744115795843,3.2926248495952617,3.461657936723351,0.2857355278690922,nan
3.61,220.00318908691406,-227.3971710205078,-5.017824649810791,219.1260508515724,-227.29392767247285,-5.016583842680728,0.8831943231328604,0.8381642926914695,0.23180395754887237,3.645480138866526e-05,2.979259702447617,3.2601485038942455,nan,0.2617791400581203,nan
3.62,220.00320434570312,-227.38851928710938,-5.017826080322266,219.12573448092058,-227.28578357715662,-5.017649042180394,0.8834636500974387,0.8383498702154248,0.23192745927785685,3.6529323264646356e-05,2.9407738200740945,3.2232312703879136,nan,0.6921067291723758,nan
3.63,220.00320434570312,-227.37986755371094,-5.017827033996582,219.12541783699427,-227.27763904897316,-5.015953212133657,0.8837212984083676,0.8385362037884845,0.23205169962323752,3.660458465786674e-05,3.038549163353392,3.311237609977625,nan,1.974052469945792,nan
3.64,220.00320434570312,-227.3712158203125,-5.017827987670898,219.1251011828305,-227.2694933755458,-5.015300933215415,0.883979075782033,0.8387232952106485,0.2321766803850147,3.6680411496320865e-05,3.1193830496279107,3.391174774013911,nan,0.2876182522354166,nan
3.65,220.00320434570312,-227.36256408691406,-5.017829418182373,219.16557121983263,-227.27190408677183,-5.017104478066584,0.8425253792732542,0.8384680532756466,0.2320916491293915,3.638119470122108e-05,2.777020423146791,3.075901339315835,3.7929188470478485,2.2449679782939955,nan
3.66,220.00320434570312,-227.35391235351562,-5.0178303718566895,219.1827741662834,-227.25191839419708,-5.018203819751746,0.8267457810618059,0.8282305881416481,0.2273544386391603,3.645479860096677e-05,3.4032625080424257,3.7022289716432017,nan,0.7263209389820799,0.028904950632550268
3.67,220.00320434570312,-227.3452606201172,-5.017831325531006,219.182634772546,-227.24376145791692,-5.019158441759057,0.8268242047473513,0.828401743734297,0.22746083023239053,3.6529320523427145e-05,3.449944604628097,3.7410019520612465,nan,0.5107908755153289,nan
3.68,220.00320434570312,-227.33660888671875,-5.017832279205322,219.18249224474835,-227.23560588670313,-5.019106267632621,0.8269048202255664,0.8285736399393653,0.22756792082256724,3.66045819653027e-05,3.448284305192164,3.7284923482144547,nan,0.012345226172462531,nan
3.69,220.00320434570312,-227.3279571533203,-5.017833232879639,219.1823490722789,-227.227449922567,-5.0188529340768415,0.8269861686464888,0.8287462785568497,0.22767571220969238,3.6680408854434264e-05,3.4344267047175006,3.706145635461234,nan,0.07305166783021384,nan
3.7,220.00320434570312,-227.31930541992188,-5.017834186553955,219.1590548890532,-227.21432120004383,-5.018546334999085,0.8506529837372926,0.8285097654906086,0.22761259468132902,3.6381192186520085e-05,3.586617498652565,3.8464796273384283,1.6058074432064737,0.11030353381155086,nan
3.71,220.00320434570312,-227.31063842773438,-5.0178351402282715,219.1588136951292,-227.20616669291257,-5.020164138193119,0.8508321446588968,0.8286807019290906,0.22771989206893442,3.6454797217714986e-05,3.7249317744299373,3.9951438793704925,nan,1.554791161174771,nan
3.72,220.00320434570312,-227.30198669433594,-5.017836093902588,219.15857138921393,-227.1980122614469,-5.021432183957188,0.8510161254323863,0.8288523726659213,0.2278278835906649,3.652931914929296e-05,3.933257256458384,4.172667210210577,nan,0.8745438186102308,nan
3.73,220.00320434570312,-227.29331970214844,-5.017837047576904,219.1583251049453,-227.1898602231532,-5.021148799900555,0.8511966652665693,0.8290247795010944,0.2279365710465203,3.660458060228929e-05,3.8821656595664646,4.123800887368048,nan,0.11104219754590933,nan
3.74,220.00320434570312,-227.28466796875,-5.017838001251221,219.15808564245745,-227.1817022690396,-5.0235774071975605,0.8513873963555729,0.8291979242346029,0.22804595623650006,3.668040750445603e-05,4.483526697637971,4.694227395574579,nan,3.4088929393556953,nan
3.75,220.00320434570312,-227.2760009765625,-5.017838954925537,219.14486280873996,-227.18384749469237,-5.025142526833568,0.8633051606817226,0.8289612189703626,0.22798110839988175,3.6381190896238266e-05,5.394203522077614,5.806459861966434,3.260376175041461,0.7741730119911697,nan
3.7600000000000002,220.00320434570312,-227.26734924316406,-5.0178399085998535,219.14452719535126,-227.17579288224425,-5.024479531683898,0.8635699742093735,0.829132664457745,0.22808997615703314,3.645479594285891e-05,5.142733568080223,5.498740915593654,nan,0.49922665059920207,nan
3.77,220.00320434570312,-227.25868225097656,-5.01784086227417,219.14419298166465,-227.16773634546198,-5.024404140116473,0.8638372288186899,0.8293048398921599,0.22819953509051985,3.6529317891407834e-05,5.11830283029669,5.474837601305054,nan,0.047474777245888694,nan
3.7800000000000002,220.00320434570312,-227.25001525878906,-5.017841815948486,219.14385638230777,-227.15968058710538,-5.023313797707061,0.8641002359010793,0.8294777470735984,0.22830978700033994,3.660457936282736e-05,4.762604273820632,5.0952251409836595,nan,1.0571947220021216,nan
3.79,220.00320434570312,-227.24136352539062,-5.0178422927856445,219.14352363040607,-227.15162102023086,-5.023920009048492,0.8643735234960555,0.8296513878020518,0.22842073368649116,3.6680406284773546e-05,4.956795760373127,5.246112971676844,nan,0.12570610895734596,nan
3.8000000000000003,220.00320434570312,-227.23269653320312,-5.017843246459961,219.13886904115208,-227.11900874015748,-5.025826834119306,0.871816592324817,0.8294144641532567,0.22835411585449814,3.638118973431857e-05,5.317653935917878,5.483046232999324,5.44366570857249,1.2057697684836555,nan
3.81,220.00320434570312,-227.22402954101562,-5.017844200134277,219.13857204236683,-227.11077896719866,-5.0270197742373135,0.8720658826044149,0.8295864083808924,0.2284645222845526,3.6454794801985085e-05,5.877512157557449,6.019801281392251,nan,0.6126908147164637,nan
3.8200000000000003,220.00320434570312,-227.21536254882812,-5.0178446769714355,219.138272357441,-227.1025507638547,-5.0268692643145565,0.8723045834596312,0.8297590783601844,0.22857561703411042,3.652931677259553e-05,5.799828819346959,5.922090142291995,nan,0.10077677334866915,nan
3.83,220.00320434570312,-227.20669555664062,-5.017845630645752,219.1379746744723,-227.09432036064266,-5.027741891685534,0.8725528663848081,0.8299324758911226,0.22868740190316852,3.6604578267002564e-05,6.247991825070191,6.349052370866395,nan,0.2605121475411897,nan
3.84,220.00320434570312,-227.19802856445312,-5.017846584320068,219.13767263518506,-227.08609268423072,-5.026393925283356,0.8727816681341578,0.8301066027736975,0.22879987869172363,3.668040521277307e-05,5.566305018413484,5.647180490531212,nan,1.6416238682607427,nan
3.85,220.00320434570312,-227.18936157226562,-5.017847061157227,219.1692263783915,-227.0922642686686,-5.025235200818114,0.8396438059884037,0.829869436244612,0.2287314546511485,3.638118871614846e-05,5.003572733482896,5.119863443143659,2.477643747152069,1.1309884120522664,nan
3.86,220.0032196044922,-227.18069458007812,-5.017848014831543,219.16904538680603,-227.0840820446702,-5.0242377355623224,0.8397746340425348,0.8300418691925208,0.2288433689453118,3.645479380796493e-05,4.62504654464515,4.723988675068554,nan,0.9115985283760782,nan
3.87,220.0032196044922,-227.17202758789062,-5.017848491668701,219.1688645619809,-227.07589886997556,-5.023326646869368,0.8398923011650904,0.8302150238461785,0.2289559687992204,3.652931580327355e-05,4.3282232571841215,4.424185546456892,nan,0.7454285743302075,nan
3.88,220.0032196044922,-227.16336059570312,-5.017848968505859,219.1686877066828,-227.06771191300828,-5.024630802652847,0.8400227093579152,0.8303889020055755,0.22906925601287056,3.6604577322849524e-05,4.764716438493657,4.853771054514501,nan,0.8735583236859239,nan
3.89,220.0032196044922,-227.15469360351562,-5.017849922180176,219.1685070448456,-227.0595271729179,-5.023655805311898,0.8401401163040669,0.8305635054707018,0.22918323238625854,3.668040429418368e-05,4.428664481002999,4.510358138819231,nan,0.835838548092992,nan
3.9,220.0032196044922,-227.14601135253906,-5.017850399017334,219.17226683029543,-227.04168638437443,-5.02392057081887,0.8374980948715903,0.8303260731588809,0.2291129691855464,3.6381187846120884e-05,4.328513687207476,4.430664947715421,2.238619384739394,0.18528040608419358,nan
3.91,220.0032196044922,-227.13734436035156,-5.01785135269165,219.17212505506646,-227.0334279066031,-5.023325261915598,0.8375838722939952,0.8304989850843222,0.22922636138752217,3.6454792963103194e-05,4.137753980568279,4.222297435430185,nan,0.37255598583210786,nan
3.92,220.0032196044922,-227.12867736816406,-5.017851829528809,219.17198289915692,-227.02516898943915,-5.022435950793769,0.837669062894571,0.8306726148129283,0.22934043648285207,3.6529314983745706e-05,3.8911199967627073,3.969699381008025,nan,0.6941419381343263,nan
3.93,220.0032196044922,-227.1199951171875,-5.017852306365967,219.1718435860793,-227.016907044894,-5.023473227719869,0.837761797528473,0.8308469641446897,0.22945519627153232,3.660457652876203e-05,4.179215604043479,4.259666646731027,nan,0.5364151239782874,nan
3.94,220.0032196044922,-227.111328125,-5.017853260040283,219.1717039744671,-227.00864453142793,-5.024363519803198,0.8378571160090846,0.8310220348795974,0.22957064255355902,3.668040352558281e-05,4.4714667932101895,4.538704822410396,nan,0.3556026471505324,nan
3.95,220.0032196044922,-227.10264587402344,-5.017853736877441,219.1367995438828,-226.9832037448821,-5.023582149186762,0.8746330421083874,0.8307843153846266,0.2294985103045225,3.638118712008147e-05,4.2914924998683555,4.296328728316731,6.011713979833962,0.01815769078911714,nan
3.96,220.0032196044922,-227.09397888183594,-5.0178542137146,219.13653210460546,-226.9748798483998,-5.023365210019559,0.8748498004261026,0.8309576968112501,0.22961335127697352,3.6454792261645117e-05,4.222774866559046,4.227748470712293,nan,0.07258535485979967,nan
3.97,220.0032196044922,-227.08529663085938,-5.017854690551758,219.1362683289056,-226.96655241290887,-5.026096549191891,0.8750843569460782,0.8311317922759349,0.22972887256621488,3.652931430675109e-05,5.249540344893042,5.256860128774045,nan,4.442845399557485,nan
3.98,220.0032196044922,-227.0766143798828,-5.017855167388916,219.13600233997417,-226.95822596858292,-5.027261775149363,0.8753114211969276,0.8313066035786727,0.22984507597224282,3.6604575876067126e-05,5.80755274391138,5.818329939004127,nan,0.6392324066160101,nan
3.99,220.0032196044922,-227.0679473876953,-5.017856121063232,219.13573446220562,-226.9499001540533,-5.027022330928339,0.8755282067767847,0.8314821325194554,0.22996196329505378,3.6680402896980665e-05,5.680783785241891,5.6979741713198795,nan,0.11945458059804089,nan
4.0,220.0032196044922,-227.05926513671875,-5.017856597900391,219.10053605023376,-226.93672551690378,-5.026984043416424,0.9110087089675266,0.8312441058574993,0.22988793498752158,3.638118652781073e-05,5.966949317798887,6.065085537940964,3.843926361218581,0.00025770701450545676,nan
4.01,220.0032196044922,-227.0505828857422,-5.017857074737549,219.10011997631847,-226.9284169490411,-5.028073369035085,0.9113823715470589,0.8314179475650367,0.23000419638023326,3.6454791692247906e-05,6.541854033734082,6.6465249695665864,nan,0.544308819819318,nan
4.0200000000000005,220.0032196044922,-227.0419158935547,-5.017857551574707,219.09970243539522,-226.92010897766514,-5.027827429353858,0.911745358131568,0.8315924996774577,0.2301211355996168,3.652931375991203e-05,6.401273341236694,6.513897137865077,nan,0.12575596428822033,nan
4.03,220.0032196044922,-227.03323364257812,-5.017858028411865,219.09928565951193,-226.9117997554375,-5.02839481532247,0.9121150090378098,0.831767763994755,0.2302387544456689,3.6604575351440146e-05,6.714899145490418,6.839759513620864,nan,0.09362078626234928,nan
4.04,220.0032196044922,-227.02455139160156,-5.017858505249023,219.09887043003292,-226.90348880127937,-5.030627886954313,0.9125056916150269,0.8319437423169218,0.2303570547183863,3.668040239419121e-05,8.128745687429308,8.265003485171002,nan,2.663647091546167,nan
4.05,220.0032196044922,-227.015869140625,-5.017858982086182,219.0876283578988,-226.9021520840794,-5.032358740896846,0.9227400190700414,0.8317053898406612,0.2302811060468306,3.638118605527939e-05,9.711461260062588,9.854043654844142,4.5789677070887524,0.07332775715488675,nan
4.0600000000000005,220.0032196044922,-227.00718688964844,-5.01785945892334,219.08714975744397,-226.89390149347759,-5.032495671490768,0.9231639964680466,0.8318796828551311,0.23039876026647355,3.645479124018196e-05,9.811826981314532,9.960775762913036,nan,0.017723307827402484,nan
4.07,220.0032196044922,-226.99850463867188,-5.017859935760498,219.0866707244158,-226.8856507112781,-5.032081503217093,0.9235800514727519,0.832054682767946,0.230517089905883,3.652931332787542e-05,9.47517441613169,9.63458230933323,nan,0.3297051986945495,nan
4.08,220.0032196044922,-226.9898223876953,-5.017860412597656,219.0861915997759,-226.87739952198532,-5.031420254541137,0.9239930364899462,0.8322303913791,0.23063609676505606,3.660457493897956e-05,8.964394180527895,9.13612339711308,nan,0.5773641740198188,nan
4.09,220.0032196044922,-226.98114013671875,-5.0178608894348145,219.08571237846604,-226.86914787959768,-5.030365576878503,0.9244015051228174,0.8324068104885876,0.23075578264398997,3.6680402000837323e-05,8.206983999338023,8.394050635227037,nan,1.1188204206196959,nan
4.1,220.0032196044922,-226.9724578857422,-5.017861366271973,219.0694497137624,-226.8373937496357,-5.03157260888975,0.9435870536785891,0.8321681148121588,0.2306778918452568,3.638118568653786e-05,8.88497982236289,9.116134049848172,2.859766435489043,0.5234583423677673,nan
4.11,220.0032196044922,-226.96377563476562,-5.017861843109131,219.06894130023218,-226.82901571362493,-5.029944891553055,0.9440244627214357,0.8323428503965521,0.23079691202665364,3.6454790889145936e-05,7.723727284329363,7.975615468695041,nan,2.3192206381780074,nan
4.12,220.0032196044922,-226.95509338378906,-5.017862319946289,219.06843435297557,-226.82063594630407,-5.030388548606724,0.9444888434240328,0.8325182894943585,0.23091660530103375,3.6529312994051286e-05,8.015300480973051,8.285466797042144,nan,0.031964370265069236,nan
4.13,220.0032196044922,-226.9464111328125,-5.017862796783447,219.0679281080732,-226.8122552695709,-5.03190536760452,0.9449683448195637,0.8326944339055733,0.23103697346839475,3.660457462186638e-05,9.108199182495058,9.398197042170011,nan,1.0714256443928247,nan
4.14,220.0032196044922,-226.93772888183594,-5.017862796783447,219.0674217455642,-226.80387421666293,-5.033210542393883,0.9454471203923174,0.832871285430192,0.23115801832873434,3.66804016999282e-05,10.14389544326233,10.456717300434985,nan,0.705337140183721,nan
4.15,220.0032196044922,-226.9290313720703,-5.0178632736206055,219.10786461363605,-226.81189497434767,-5.034393894221242,0.9031360676774394,0.8326322303587702,0.23107816603007245,3.638118540519204e-05,11.099373281564521,11.260290173331347,4.128679319991004,0.31684445785335325,nan
4.16,220.0032196044922,-226.92034912109375,-5.017863750457764,219.10750937549813,-226.80356083303647,-5.034121002772644,0.903438219694504,0.832807400004191,0.2311985260088803,3.6454790622663265e-05,10.83871414823472,11.036827970131544,nan,0.2180439292941759,nan
4.17,220.0032196044922,-226.9116668701172,-5.017864227294922,219.1071551343206,-226.79522545289961,-5.035767797879919,0.9037757886706218,0.8329832698949055,0.23131955683105349,3.6529312741927945e-05,12.363818552325975,12.601170022695886,nan,1.1827904121847226,nan
4.18,220.0032196044922,-226.90296936035156,-5.01786470413208,219.1067997558569,-226.78689055373846,-5.035033774745819,0.9040672604169185,0.8331598418309101,0.23144126029659007,3.660457438359879e-05,11.642531632093114,11.926185622385914,nan,0.7230124609483535,nan
4.19,220.0032196044922,-226.894287109375,-5.01786470413208,219.1064453909432,-226.77855437364275,-5.0364639353285705,0.90440255838181,0.8333371176122013,0.23156363820548825,3.6680401475014266e-05,13.020687517969868,13.349014117590258,nan,0.8148080375443991,nan
4.2,220.0032196044922,-226.88560485839844,-5.017865180969238,219.09170686975375,-226.75703465728844,-5.033882461813424,0.92067492389521,0.8330976880759029,0.23148180728213716,3.63811851954729e-05,10.580930705223922,10.976026670170251,0.8995586002890718,5.572148943154199,nan
4.21,220.0032196044922,-226.8769073486328,-5.0178656578063965,219.09131112393746,-226.7486367914159,-5.034190045765921,0.9210303460791218,0.8332732834931375,0.23160348156886293,3.645479042507563e-05,10.839181986460467,11.27591214627924,nan,0.0010587755640267798,nan
4.22,220.0032196044922,-226.86822509765625,-5.017866134643555,219.09091479079368,-226.74023915481536,-5.03265547264989,0.9213572592545276,0.8334495759997902,0.23172582452367146,3.6529312555991026e-05,9.51652730060732,10.012997846318568,nan,2.1048019683742756,nan
4.23,220.0032196044922,-226.85952758789062,-5.017866134643555,219.09051890944417,-226.7318407547337,-5.0321348695113794,0.9216995621662767,0.8336265673958583,0.23184883794656136,3.660457420883758e-05,9.090870907323517,9.618735213223232,nan,0.3637406500793328,nan
4.24,220.0032196044922,-226.85084533691406,-5.017866611480713,219.0901230734849,-226.72344183363532,-5.031868652986812,0.9220482551100949,0.8338042594813393,0.23197252363753126,3.668040131095968e-05,8.873454173512542,9.459267720220897,nan,0.14878831271428486,nan
4.25,220.0032196044922,-226.84214782714844,-5.017867088317871,219.11166228049007,-226.7374954864403,-5.031104204139839,0.8977760275440633,0.8335644414731385,0.2318886990791889,3.638118504294514e-05,8.504541273346542,9.373453130610887,5.7941155222732466,0.02382488476165515,nan
4.26,220.0032196044922,-226.83346557617188,-5.017867088317871,219.11132572420036,-226.72920153994656,-5.0317637743135855,0.8980750530070848,0.8337404545846296,0.23201166283446,3.6454790282184156e-05,8.986217229666776,9.886191359659351,nan,0.16328349842352252,nan
4.2700000000000005,220.0032196044922,-226.82476806640625,-5.017867565155029,219.11098950350075,-226.72090703956778,-5.033435369563465,0.8983896830135784,0.8339171617375506,0.2321352931541576,3.652931242229979e-05,10.32400469631936,11.275091864651753,nan,1.4586564007189255,nan
4.28,220.0032196044922,-226.8160858154297,-5.0178680419921875,219.11065319722928,-226.71261243389463,-5.034041528093371,0.8986896648527641,0.8340945647318992,0.2322595918382806,3.6604574083919065e-05,10.835932433913431,11.844282009261539,nan,0.10429631057827325,nan
4.29,220.0032196044922,-226.80738830566406,-5.0178680419921875,219.1103167303134,-226.70431761628905,-5.033251155698218,0.8989637088961229,0.8342726653676741,0.23238456068682808,3.6680401194396106e-05,10.141746998909626,11.207808356452649,nan,0.6466229666762164,nan
4.3,220.0032196044922,-226.79869079589844,-5.017868518829346,219.1400114726448,-226.7216560805794,-5.03140492561219,0.8667444032471913,0.8340324458850581,0.23229872947237123,3.638118493491278e-05,8.866811486558046,9.779751240933091,4.473365670130114,4.668928311746877,nan
4.3100000000000005,220.0032196044922,-226.79000854492188,-5.017868995666504,219.13976401358823,-226.71347397887484,-5.030920050491155,0.8669391139493815,0.8342088688172608,0.23242295848339023,3.645479018160078e-05,8.503715700962251,9.448760372009968,nan,0.2735123531995184,nan
4.32,220.0032196044922,-226.78131103515625,-5.017868995666504,219.1395170855313,-226.70529090995706,-5.03319902117618,0.867177092857505,0.8343859828466361,0.23254785202421074,3.652931232878526e-05,10.266060727750943,11.251153893583421,nan,2.93085451679101,nan
4.33,220.0032196044922,-226.77261352539062,-5.017869472503662,219.13926977844014,-226.69710764590238,-5.032535798394462,0.8673670162554004,0.8345637897731829,0.2326734118948321,3.660457399710426e-05,9.710137643747462,10.757968118400628,nan,0.4779478579286307,nan
4.34,220.00323486328125,-226.763916015625,-5.017869472503662,219.1390225561585,-226.6889238037572,-5.0323360099472225,0.8675805578324509,0.8347422913969001,0.23279963989525365,3.6680401113922494e-05,9.54059278878638,10.627582754695489,nan,0.09262634796054013,nan
4.3500000000000005,220.00323486328125,-226.75523376464844,-5.01786994934082,219.1653937999598,-226.66588767925646,-5.032296159067875,0.8427149493687647,0.8345016583870044,0.2327117908751353,3.6381184860589e-05,9.055938784123388,10.109479666728586,5.914932067385573,0.1573503154792376,nan
4.36,220.00323486328125,-226.7465362548828,-5.01786994934082,219.16528013823847,-226.65758827146223,-5.032907755837311,0.8427965357073622,0.8346784834631024,0.2328372615332505,3.645479011287481e-05,9.537375397951587,10.63473878316879,nan,0.123420788581908,nan
4.37,220.00323486328125,-226.7378387451172,-5.0178704261779785,219.16516614539677,-226.649288725192,-5.031594921230784,0.8428455633683695,0.8348559967918807,0.23296339475308744,3.652931226533796e-05,8.489281844331185,9.646693362859892,nan,1.454089782924316,nan
4.38,220.00323486328125,-226.72914123535156,-5.017870903015137,219.1650521330187,-226.64098864213815,-5.031775030927925,0.8429202179172489,0.8350342001733388,0.23309019233464576,3.660457393862736e-05,8.612852526025673,9.817121086711284,nan,0.0004213700435451704,nan
4.39,220.00323486328125,-226.72044372558594,-5.017870903015137,219.16493800817355,-226.63268839491977,-5.031118399314531,0.8429816792208424,0.835213095407476,0.23321765607792505,3.6680401060118765e-05,8.11442939611625,9.354185635417732,nan,0.4238421230274265,nan
4.4,220.00323486328125,-226.7117462158203,-5.017871379852295,219.18731720191363,-226.63995806188248,-5.031445937767495,0.8191821761977018,0.8349720377154631,0.23312777986371647,3.638118481109198e-05,8.435864320702777,9.699391711798826,1.643081402278827,0.0007002913469722407,nan
4.41,220.00323486328125,-226.7030487060547,-5.017871379852295,219.1872748767103,-226.6317199642767,-5.033783736451748,0.8192262765445574,0.835149257448426,0.23325446914304593,3.645479006745932e-05,10.315354489675867,11.614823941593011,nan,3.111294457283962,nan
4.42,220.00323486328125,-226.69435119628906,-5.017871856689453,219.18723248577086,-226.62348174966382,-5.032807490083948,0.8192102487838308,0.8353271626855544,0.2333818190801796,3.652931222374422e-05,9.475084142997307,10.842496164234994,nan,0.8924454608623219,nan
4.43,220.00323486328125,-226.68565368652344,-5.017871856689453,219.18719008343635,-226.61524312258328,-5.032912816307133,0.8192148440383055,0.8355057552268476,0.23350983147511722,3.660457390060624e-05,9.547453571688123,10.958912283912444,nan,0.0030089136182672427,nan
4.44,220.00323486328125,-226.6769561767578,-5.017871856689453,219.187147501756,-226.60700415831855,-5.0336537079342545,0.8192319167083917,0.8356850368723056,0.2336385081278587,3.668040102543175e-05,10.155881963970138,11.61798824714307,nan,0.20669056993152607,nan
4.45,220.00323486328125,-226.6682586669922,-5.017872333526611,219.20812986145432,-226.59788340976783,-5.031481489765628,0.7983294118928149,0.8354435441927685,0.23354659698844638,3.6381184779324365e-05,8.25380186144511,10.17185910321376,2.871532959321759,1.6982235488260475,nan
4.46,220.00323486328125,-226.65956115722656,-5.017872333526611,219.2081749296955,-226.589616832675,-5.0292794840709165,0.798212145744405,0.835621151278731,0.233674482425496,3.645479003856861e-05,6.73019704768649,8.681118720630323,nan,3.5003394754530297,nan
4.47,220.00323486328125,-226.65086364746094,-5.0178728103637695,219.20821993236888,-226.58134985634823,-5.028139064448908,0.7981142170776109,0.8357994412127026,0.2338030266783095,3.6529312197525605e-05,6.043718843281769,8.025143600005602,nan,0.9470831958995937,nan
4.48,220.00323486328125,-226.6421661376953,-5.0178728103637695,219.20826496732488,-226.57308252519135,-5.026350805941865,0.798011000802935,0.8359784157946827,0.23393223154688683,3.660457387686471e-05,5.119744447483555,7.1036483143586535,nan,2.1627857243061945,nan
4.49,220.00323486328125,-226.6334686279297,-5.017873287200928,219.208310018808,-226.5648147866341,-5.0246623096270495,0.7979128706262208,0.8361580768246716,0.23406209883122803,3.668040100398138e-05,4.410346520658619,6.3886680268706355,nan,1.839750333511702,nan
4.5,220.00323486328125,-226.62477111816406,-5.017873287200928,219.20605611717284,-226.54274426531194,-5.023903137060664,0.8014104547141492,0.8359161396558593,0.23396814659521234,3.638118475978017e-05,3.975578486354332,5.819410746629862,1.1412117435004436,0.5979719506172928,nan
4.51,220.00323486328125,-226.61607360839844,-5.017873764038086,219.20610995404707,-226.5344029370926,-5.02391477356182,0.801320605793473,0.8360941269678039,0.23409720626943278,3.645479002097344e-05,3.974146003569579,5.799914302589765,nan,0.0017622861566103409,nan
4.5200000000000005,220.00323486328125,-226.6073760986328,-5.017873764038086,219.20616402624523,-226.52606139465692,-5.02264931380334,0.801222070472066,0.8362727945605012,0.23422692297706255,3.6529312181723196e-05,3.5942550441915193,5.389321910679865,nan,0.9740930914433579,nan
4.53,220.00323486328125,-226.59866333007812,-5.017873764038086,219.20621836319867,-226.5177195658321,-5.0185189245604045,0.8011164775526074,0.8364521442339511,0.23435729851810164,3.660457386270681e-05,2.978367795470243,4.731188258430349,nan,10.65266408985584,nan
4.54,220.00323486328125,-226.5899658203125,-5.017874240875244,219.2062721634827,-226.50937770248055,-5.01911401132548,0.8010277939226865,0.8366321777881538,0.23448833469255023,3.6680400991328325e-05,3.005708251977161,4.700755590810881,nan,0.3583761540133156,nan
4.55,220.00323486328125,-226.58126831054688,-5.017874240875244,219.22543965654882,-226.4917592450203,-5.017367895623838,0.7829288044342904,0.8363897873888335,0.23439233665642795,3.6381184748317084e-05,2.680607167341087,4.386913486058794,2.6881373857230235,2.5214322293047298,nan
4.5600000000000005,220.00323486328125,-226.57257080078125,-5.017874240875244,219.22922168633784,-226.47797770097816,-5.0195609869902285,0.779773747778706,0.8336622767329132,0.22819451104939126,3.645478880811541e-05,3.4237061008767813,5.059755630036077,nan,3.5984852899396174,0.004557713424378524
4.57,220.00323486328125,-226.56385803222656,-5.017874717712402,219.22937024735822,-226.46955580734866,-5.019005522535723,0.7795900410563058,0.8338338231185842,0.22830356435038113,3.65293110193078e-05,3.3753601755258593,4.9588052937822145,nan,0.12950227598910674,nan
4.58,220.00323486328125,-226.55516052246094,-5.017874717712402,219.22951948469034,-226.4611327786547,-5.018029742429444,0.7794079340794684,0.8340060394578803,0.22841323722458837,3.6604572749842925e-05,3.3353844682824034,4.878706978274571,nan,0.47531716188322226,nan
4.59,220.00323486328125,-226.5464630126953,-5.017874717712402,219.22966740884436,-226.45271136474037,-5.017800923390847,0.7792278123269433,0.8341789275508033,0.22852353147201393,3.668039992706569e-05,3.329213079931432,4.818441039873895,nan,0.005687994596983046,nan
4.6000000000000005,220.00323486328125,-226.53775024414062,-5.0178751945495605,219.26232060412488,-226.46363240551187,-5.0192313167402585,0.7446134785857864,0.8339421855458787,0.228457474471653,3.6381183747906304e-05,3.3895108526369637,4.804910667321104,5.190654058182041,0.22496015336112607,nan
4.61,220.00323486328125,-226.529052734375,-5.0178751945495605,219.2625742361086,-226.45528426329582,-5.0185107692804705,0.7443254368381973,0.8341135145754858,0.22856728236211427,3.6454789055786456e-05,3.34452798941076,4.731100014590179,nan,0.2689464642776058,nan
4.62,220.00323486328125,-226.52035522460938,-5.0178751945495605,219.26282744407513,-226.4469364833355,-5.018069234518961,0.7440386385378253,0.8342855096524643,0.22867770749890173,3.6529311262038695e-05,3.3289234837669124,4.6868262661225675,nan,0.07997134885860092,nan
4.63,220.00323486328125,-226.5116424560547,-5.017875671386719,219.26308036929365,-226.43858872142133,-5.017785342351573,0.7437509874099404,0.8344581725768145,0.22878875168201399,3.6604572987313227e-05,3.322804676423205,4.647060702422696,nan,0.02260375668113653,nan
4.64,220.00323486328125,-226.50294494628906,-5.017875671386719,219.26333050882047,-226.43024433721072,-5.019254885589628,0.7434687179311563,0.8346315051485365,0.22890041671144915,3.668040015899031e-05,3.3688096139448307,4.663954726170432,nan,1.5797350889290618,nan
4.65,220.00323486328125,-226.49424743652344,-5.017875671386719,219.27429075976383,-226.42359279927516,-5.019698045382207,0.7323625501515502,0.8343945820763236,0.22883277610249714,3.638118396827663e-05,3.328521134314648,4.604186812981136,1.535474465345239,0.022133119919904683,nan
4.66,220.00323486328125,-226.48553466796875,-5.017876148223877,219.27458621807926,-226.41524021369386,-5.019968034987968,0.7320345172508789,0.8345663552267889,0.2289439361263306,3.6454789270423866e-05,3.351569569551611,4.612882227961699,nan,0.06077737236971021,nan
4.67,220.00323486328125,-226.47683715820312,-5.017876148223877,219.2748812466726,-226.40688819541165,-5.020627797443514,0.7317099287258042,0.8347387923885871,0.22905571288727575,3.652931147075885e-05,3.4327871079043417,4.690164486661812,nan,0.30629379470321405,nan
4.68,220.00323486328125,-226.46812438964844,-5.017876148223877,219.27517771697975,-226.39853407461592,-5.020311571324366,0.7313794852965727,0.8349118953617171,0.22916810818532915,3.66045731899604e-05,3.3817769753067246,4.625221196702016,nan,0.05952585861190765,nan
4.69,220.00323486328125,-226.4594268798828,-5.017876625061035,219.27547128525217,-226.39018377867146,-5.022140289973142,0.7310626590173669,0.8350856659461777,0.22928112382048702,3.6680400355436345e-05,3.709260034090538,4.960158287253512,nan,2.1885319182929903,nan
4.7,220.00323486328125,-226.45071411132812,-5.017876625061035,219.2921639499755,-226.39257703567117,-5.020614187106334,0.7134488471932404,0.8348485412631388,0.2292118670118737,3.638118415422039e-05,3.4455837567001577,4.92904351968908,1.2026662018690013,0.8405179930649426,nan
4.71,220.00323486328125,-226.4420166015625,-5.017876625061035,219.29250964600996,-226.3842676836659,-5.021399694511519,0.7130762119170018,0.835020751956337,0.22932435923587188,3.64547894502277e-05,3.574159997422001,5.053874453323119,nan,0.4207700505515622,nan
4.72,220.00323486328125,-226.4333038330078,-5.017876625061035,219.29285604967933,-226.3759570451744,-5.0215742763084075,0.7126993654508396,0.8351936246924514,0.22943746770478707,3.652931164436793e-05,3.6023134667012853,5.070842423746591,nan,0.01988284323722002,nan
4.73,220.00323486328125,-226.4246063232422,-5.017877101898193,219.29320231585902,-226.36764640259736,-5.021781821895214,0.7123242925781922,0.8353671612714804,0.22955119421861464,3.660457335734115e-05,3.6385822500949767,5.114263110453276,nan,0.026700606017649172,nan
4.74,220.00323486328125,-226.4158935546875,-5.017877101898193,219.29355063130248,-226.35933291837063,-5.020264292529789,0.7119385601152515,0.835541363493422,0.22966554057734975,3.668040051657475e-05,3.371694648652756,4.833876413612758,nan,1.4959703623651208,nan
4.75,220.00323486328125,-226.4071807861328,-5.017877101898193,219.28871385470202,-226.34102962739038,-5.019078018340033,0.7175776541283461,0.8353040176373067,0.22959463708908626,3.638118430619666e-05,3.1354060633509064,4.676681357648918,1.2009359805118291,0.2947522249634888,nan
4.76,220.00323486328125,-226.3984832763672,-5.017877101898193,219.28905693142477,-226.33266401471184,-5.018717529802359,0.7172049915294236,0.8354766593922509,0.229708441871904,3.645478959618683e-05,3.108605504286607,4.644182928931141,nan,0.05920757827427622,nan
4.7700000000000005,220.00323486328125,-226.3897705078125,-5.017877578735352,219.28939849446235,-226.32429995966086,-5.019628890420754,0.7168345842776088,0.8356499612868371,0.22982286242383645,3.652931178434607e-05,3.1669002047337442,4.677233451413411,nan,0.6158930117545034,nan
4.78,220.00323486328125,-226.38107299804688,-5.017877578735352,219.2897418088045,-226.31593340549293,-5.018910006664642,0.7164611442444565,0.835823925121063,0.2299379005448784,3.6604573491388497e-05,3.105474532743406,4.611625045188705,nan,0.2951749510648836,nan
4.79,220.00323486328125,-226.3723602294922,-5.017877578735352,219.29008499999952,-226.30756689479682,-5.018319805438575,0.7160873545065229,0.8359985526949264,0.23005355803502467,3.6680400644755444e-05,3.075346281415406,4.552588765739191,nan,0.18330098819445412,nan
4.8,220.00323486328125,-226.3636474609375,-5.017877578735352,219.28858796922515,-226.28369858410605,-5.019660157997002,0.7191072129241011,0.8357609670506805,0.22998097942020895,3.6381184426663844e-05,2.915120130795037,4.414693865898609,2.50630232304152,0.5308146334883559,nan
4.8100000000000005,220.00323486328125,-226.35494995117188,-5.01787805557251,219.2889504547035,-226.27524164981887,-5.019538256374721,0.7187199634826889,0.8359340334821064,0.23009607740817334,3.645478971110721e-05,2.8958250896782882,4.414020034414281,nan,0.006385773396325121,nan
4.82,220.00323486328125,-226.3462371826172,-5.01787805557251,219.28931387962484,-226.2667830114914,-5.0184093814391275,0.7183289069231401,0.8361077582126671,0.23021179070524125,3.6529311893813594e-05,2.8206203258881914,4.308205219637293,nan,0.7901205698708368,nan
4.83,220.00323486328125,-226.3375244140625,-5.01787805557251,219.2896785890774,-226.25832239728908,-5.015877894083122,0.7179411651121876,0.8362821430423604,0.23032812111140752,3.6604573595506505e-05,2.914845105465657,4.394204902407465,nan,3.9778078174620926,nan
4.84,220.00323486328125,-226.32882690429688,-5.01787805557251,219.29004024888934,-226.24986560754758,-5.016664599450082,0.7175534243927181,0.8364571897711839,0.23044507042666698,3.6680400743635326e-05,2.8380903907236537,4.324745273234262,nan,0.5046810071824344,nan
4.8500000000000005,220.00323486328125,-226.3201141357422,-5.01787805557251,219.32378726220801,-226.26994819497344,-5.017822585965349,0.681297047765705,0.8362193466379158,0.23037079019594384,3.638118451925875e-05,2.9500025346058902,4.852589439863577,6.367987136905316,2.9208447141146188,nan
4.86,220.00323486328125,-226.3114013671875,-5.017878532409668,219.32424030272864,-226.2616158479854,-5.018543522374654,0.6808176359304355,0.8363928314548829,0.2304871623189187,3.645478979882523e-05,2.955375081197802,4.843835455995985,nan,0.4095170450409809,nan
4.87,220.00323486328125,-226.3026885986328,-5.017878532409668,219.3246944566166,-226.25328187446618,-5.017973395421814,0.6803367672472808,0.8365669727909701,0.2306041493062007,3.65293119767813e-05,2.936797984914805,4.806921587396904,nan,0.17196591994275903,nan
4.88,220.00323486328125,-226.2939910888672,-5.017878532409668,219.3251473540496,-226.24494962883745,-5.01918065426272,0.679859860926621,0.8367417724461753,0.23072175295778505,3.660457367385502e-05,2.9758995319113195,4.843600947025942,nan,1.0426178529257437,nan
4.89,220.00323486328125,-226.2852783203125,-5.017878532409668,219.3256016542887,-226.23661545803063,-5.0187943745101045,0.6793788919754228,0.8369172322204962,0.2308399750736669,3.668040081749981e-05,2.9457132113337736,4.793368457835135,nan,0.07869380034875369,nan
4.9,220.00323486328125,-226.2765655517578,-5.017878532409668,219.3133099559183,-226.234164164268,-5.019458202509855,0.6912284360603677,0.8366791147794694,0.23076396862207296,3.638118458816115e-05,3.2241547913016757,4.747985708302697,1.8776911748839398,0.04399053771573444,nan
4.91,220.00323486328125,-226.26785278320312,-5.017879009246826,219.31370116583707,-226.2258798270377,-5.019129124957655,0.6908111259596164,0.8368530117839824,0.2308815960893773,3.645478986360826e-05,3.1926262686492177,4.7109273750255545,nan,0.06384489715700965,nan
4.92,220.00323486328125,-226.2591552734375,-5.017879009246826,219.31409134897984,-226.2175963960725,-5.020042304712586,0.6903988727096846,0.8370275635859129,0.23099983799085475,3.6529312037584074e-05,3.2717666118595075,4.788333987087973,nan,0.5650302491480448,nan
4.93,220.00323486328125,-226.2504425048828,-5.017879009246826,219.3144816907314,-226.20931248291845,-5.020763300975503,0.6899861814145496,0.8372027719852587,0.23111869612650088,3.6604573730818094e-05,3.3650637413103324,4.872096248637083,nan,0.3348492388664622,nan
4.94,220.00323486328125,-226.24172973632812,-5.017879009246826,219.31487162475776,-226.20102889667535,-5.022224803855545,0.689579141527478,0.8373786387820179,0.23123817229631158,3.6680400870764854e-05,3.6467829420412485,5.152373698059181,nan,1.3389062753442529,nan
4.95,220.00323486328125,-226.23301696777344,-5.017879009246826,219.32733461515346,-226.17747582132796,-5.022691714929326,0.6781954928364469,0.8371402310656426,0.23116041683243857,3.638118463763158e-05,3.3972728332776305,5.16149012622143,5.293128934137785,0.12305189298300188,nan
4.96,220.00323486328125,-226.22430419921875,-5.017879009246826,219.32780114615272,-226.16908774226857,-5.020870610322036,0.6776935244114284,0.8373145341512906,0.23127928112881938,3.6454789909722864e-05,2.9988879524376064,4.767573788543104,nan,2.348514247404465,nan
4.97,220.00323486328125,-226.21559143066406,-5.017879486083984,219.32826647692616,-226.16070088758056,-5.021094993396578,0.6772042777375769,0.837489490368875,0.23139875944337143,3.65293120804807e-05,3.0291856758736144,4.801425498840069,nan,0.022058746391829517,nan
4.98,220.00323486328125,-226.20689392089844,-5.017879486083984,219.32873262806783,-226.1523130096426,-5.020062766740025,0.6767105052353233,0.837665101518394,0.23151885357609106,3.660457377063399e-05,2.868857584579334,4.660435119313713,nan,0.7474886540214001,nan
4.99,220.00323486328125,-226.19818115234375,-5.017879486083984,219.3291987406989,-226.14392523627032,-5.019287177232052,0.6762177020525157,0.8378413693998459,0.23163956532697472,3.668040090763576e-05,2.785391714551762,4.560764149013718,nan,0.4084559251114604,nan
5.0,220.00323486328125,-226.18946838378906,-5.017879486083984,219.3227565429781,-226.13256412502403,-5.019784189542461,0.6828561099993482,0.8376026562616382,0.2315600398043847,3.638118467169774e-05,2.850512945252162,4.519808378615547,0.2631603809716486,0.03929298754055838,nan
5.01,220.00323486328125,-226.18075561523438,-5.017879486083984,219.32319829061325,-226.12416805127538,-5.020501253289882,0.6823919447239523,0.8377773594122528,0.2316801226860436,3.6454789941148735e-05,2.932169450215429,4.602753969874488,nan,0.31255628873422625,nan
5.0200000000000005,220.00323486328125,-226.1720428466797,-5.017879486083984,219.32363975073488,-226.11577205580951,-5.021779996982656,0.6819319122077608,0.8379527140835401,0.23180081918349596,3.6529312109394036e-05,3.1529168134133503,4.825133034748209,nan,0.9936326184079465,nan
5.03,220.00323486328125,-226.163330078125,-5.017879486083984,219.32408103826737,-226.10737607233642,-5.023416252847424,0.6814773837633723,0.8381287220754984,0.2319221310967387,3.6604573797159916e-05,3.56672122604199,5.242610947944105,nan,1.5860471577035777,nan
5.04,220.00323486328125,-226.1546173095703,-5.017879962921143,219.32452290119807,-226.0989792826717,-5.023919473310985,0.6810154133334466,0.8383053851881263,0.23204406022576898,3.668040093189744e-05,3.716453470741203,5.398599365746721,nan,0.10300434234923443,nan
5.05,220.00323486328125,-226.14590454101562,-5.017879962921143,219.33623242090368,-226.09707613384725,-5.023078194808936,0.6688075157315425,0.8380663522736093,0.23196274527659697,3.638118469396354e-05,3.4653535053090287,5.283064367584444,0.9888173048797915,1.4107367267344701,nan
5.0600000000000005,220.00323486328125,-226.13719177246094,-5.017879962921143,219.33670962565566,-226.08870217415293,-5.024128447985171,0.6683159261169223,0.8382414495619409,0.23208402876727097,3.645478996140977e-05,3.7864807299578183,5.60605793630883,nan,0.5808430709596383,nan
5.07,220.00323486328125,-226.12847900390625,-5.017879962921143,219.33718714591745,-226.08032705829578,-5.023680030561491,0.6678112101905965,0.8384171968119757,0.23220592548449687,3.652931212776215e-05,3.629233186754851,5.451806337479122,nan,0.21376026291980812,nan
5.08,220.00323486328125,-226.11976623535156,-5.017879962921143,219.33766514207957,-226.07195106493177,-5.021913936143182,0.6672972480407131,0.8385935958237123,0.23232843722827234,3.660457381374441e-05,3.145696730369604,4.973787990341191,nan,2.2796516505665574,nan
5.09,220.00323486328125,-226.11105346679688,-5.017879962921143,219.3381434431253,-226.06357472386355,-5.019537129007309,0.6667860034486608,0.8387706483971497,0.23245156579859516,3.668040094680441e-05,2.76882431006457,4.599478213868731,nan,3.8565512812677545,nan
5.1000000000000005,220.00323486328125,-226.1023406982422,-5.017879962921143,219.3534552874551,-226.05059749167998,-5.018437507742669,0.6518367644145199,0.8385312821156672,0.23236844366927728,3.638118470751317e-05,2.4998008535317107,4.729787487971753,3.7823719240511418,0.008678245805863074,nan
5.11,220.00323486328125,-226.0936279296875,-5.017880439758301,219.35399900917622,-226.0421812147286,-5.018557162414886,0.6512713848228733,0.8387067677020811,0.2324909100563731,3.6454789973494104e-05,2.4960921280373847,4.722389810228866,nan,0.01362993324683973,nan
5.12,220.00323486328125,-226.0849151611328,-5.017880439758301,219.35454239138258,-226.03376547071886,-5.020218403010652,0.6507101351597492,0.8388829017416773,0.23261398929344776,3.652931213847567e-05,2.625441356232707,4.847894614984709,nan,1.831747773722602,nan
5.13,220.00323486328125,-226.07620239257812,-5.017880439758301,219.35508608961857,-226.02534930465043,-5.021486217838392,0.6501506525319994,0.8390596860344555,0.2327376831804995,3.6604573823178193e-05,2.8232726216461037,5.04482412027216,nan,1.0092478278989565,nan
5.14,220.00323486328125,-226.06748962402344,-5.017880439758301,219.355630196282,-226.01693223441643,-5.020578309469901,0.6495807362168878,0.8392371223804144,0.2328619935175267,3.668040095504625e-05,2.658788255735794,4.879330274318259,nan,0.582303500904836,nan
5.15,220.00323486328125,-226.05877685546875,-5.017880439758301,219.39419199619383,-226.03336386547554,-5.02035718302672,0.6095778607099205,0.8389974098778329,0.23277704800659113,3.6381184714883935e-05,2.669899382510473,5.4417270581736,5.046509336501327,0.474523263856987,nan
5.16,220.00323486328125,-226.05006408691406,-5.017880439758301,219.39485214743806,-226.0250404820548,-5.020724647934639,0.6089037684700598,0.8391732780090223,0.23290067983737306,3.64547899798405e-05,2.7156783298365608,5.486243445946525,nan,0.07192121009003208,nan
5.17,220.00323486328125,-226.04135131835938,-5.017880439758301,219.39551260810833,-226.01671671877313,-5.020142624639973,0.6082255506057511,0.8393497931335515,0.23302492415378023,3.6529312143874024e-05,2.626347348202805,5.396667402735541,nan,0.2529273936972484,nan
5.18,220.00323486328125,-226.0326385498047,-5.017880439758301,219.39617271652838,-226.0083930332283,-5.021830670453992,0.6075589678515203,0.8395269570514201,0.23314978275581139,3.66045738277016e-05,2.9050252952721314,5.674170755068183,nan,1.7698366723353023,nan
5.19,220.00323486328125,-226.02392578125,-5.017880439758301,219.3968332091392,-226.00006848424076,-5.021100576628948,0.6068793175321301,0.8397047715626272,0.23327525744346536,3.668040095876474e-05,2.753897364098683,5.522771011816804,nan,0.40855911454147664,nan
5.2,220.00323486328125,-226.0152130126953,-5.017880916595459,219.42966282535906,-226.00663388539277,-5.02174406302592,0.5736492029209409,0.8394647006948981,0.23318847384132674,3.6381184718087956e-05,2.8274526411918606,6.350631700520968,5.978288033435922,2.069977259933112,nan
5.21,220.00323486328125,-226.00650024414062,-5.017880916595459,219.43043037941783,-225.99835526525007,-5.022133503900355,0.5728781737105669,0.8396409457026174,0.23331325391915783,3.645478998236682e-05,2.9057316455301576,6.425555233462653,nan,0.08078095989238801,nan
5.22,220.00323486328125,-225.99778747558594,-5.017880916595459,219.4311983337424,-225.99007635340922,-5.021760435282959,0.5721016546011044,0.8398178362908107,0.23343864613004897,3.652931214578208e-05,2.814074027559517,6.332368439958977,nan,0.11344292395008954,nan
5.23,220.00323486328125,-225.9890594482422,-5.017880916595459,219.43196594677357,-225.9817977819415,-5.025094279402734,0.5713606036193839,0.839995374259478,0.23356465227399936,3.6604573829048e-05,3.8161692171621713,7.322987875451656,nan,7.001148411801481,nan
5.24,220.00323486328125,-225.9803466796875,-5.017880916595459,219.43273395662692,-225.97351873273186,-5.024674176091947,0.5705822059332288,0.8401735614086188,0.23369127415100818,3.668040095960277e-05,3.645223080255353,7.166098914711635,nan,0.18057477295346938,nan
5.25,220.00323486328125,-225.9716339111328,-5.017880916595459,219.44118304414877,-225.96948044258903,-5.025227853341539,0.562103960399184,0.8399331207161767,0.23360263918170707,3.638118471866215e-05,3.869888222354203,7.492755267441399,2.026655378257329,0.11538496131980062,nan
5.26,220.00323486328125,-225.96292114257812,-5.017880916595459,219.44197526432188,-225.96121628284996,-5.026213677319477,0.5613240408819189,0.8401097370159916,0.23372855056234262,3.645478998252569e-05,4.2833845989762205,7.909744721470094,nan,0.47458220130151935,nan
5.2700000000000005,220.00323486328125,-225.95420837402344,-5.017880916595459,219.44276730068142,-225.95295239461782,-5.02970246858208,0.5605936275968796,0.8402869975287586,0.23385507373484773,3.6529312145570265e-05,6.196850173188863,9.828986103090424,nan,7.210576773212491,nan
5.28,220.00323486328125,-225.94549560546875,-5.017880916595459,219.44355975870332,-225.94468825891522,-5.028678913755475,0.5597798417551733,0.8404649040544775,0.2339822104992219,3.660457382850714e-05,5.54897272991604,9.19398372733587,nan,1.0032867416795694,nan
5.29,220.00323486328125,-225.93678283691406,-5.017880916595459,219.44435204541168,-225.93642414598364,-5.029075986008444,0.5589950468011143,0.840643458393148,0.23410996265546472,3.6680400958772363e-05,5.772957735163057,9.429516654138965,nan,0.02544016318793755,nan
5.3,220.00323486328125,-225.9280548095703,-5.017880916595459,219.4890692287175,-225.94216445032396,-5.027803672619974,0.5144548987186837,0.8404026370761205,0.23401946442029428,3.638118471773457e-05,4.90315372873765,9.621050198170071,4.8522855029032534,2.0511172605947894,nan
5.3100000000000005,220.00323486328125,-225.91934204101562,-5.017881393432617,219.49001463458168,-225.93392992877696,-5.0273740569889185,0.5135152580762968,0.8405796191661775,0.23414649040822763,3.6454789981373333e-05,4.6608282855366525,9.39151820398187,nan,0.24105872872063222,nan
5.32,220.00323486328125,-225.91062927246094,-5.017881393432617,219.49096009096993,-225.9256953341723,-5.025266141229846,0.5125494737702195,0.8407572441454386,0.23427412785781745,3.652931214422473e-05,3.674088676989495,8.408722702112044,nan,3.3499112666293667,nan
5.33,220.00323486328125,-225.90191650390625,-5.017881393432617,219.4919055173782,-225.9174608036607,-5.0221784247600905,0.511583609701021,0.8409355138139039,0.23440237856906349,3.660457382699826e-05,2.6778431959959645,7.413531709906782,nan,6.625799169269433,nan
5.34,220.00323486328125,-225.89320373535156,-5.017881393432617,219.49285088064855,-225.90922631179208,-5.022814015409925,0.510659243961551,0.841114429971573,0.2345312443419656,3.668040095712776e-05,2.8289593332049696,7.561639409993656,nan,0.22008523666170499,nan
5.3500000000000005,220.00323486328125,-225.8844757080078,-5.017881393432617,219.53612389976416,-225.9326553523443,-5.020434530333594,0.46959604861443166,0.8408732178657762,0.23443887226493076,3.6381184716095876e-05,2.458064475699692,8.281192312769324,5.883860094917689,4.50845126503299,nan
5.36,220.00323486328125,-225.87576293945312,-5.017881393432617,219.53719380082083,-225.92454291089655,-5.021982847342724,0.46860492895128053,0.8410505603255888,0.2345669964097905,3.645478997964111e-05,2.7329739153820425,8.538294492728568,nan,1.5259077757332549,nan
5.37,220.00323486328125,-225.86705017089844,-5.017881393432617,219.53826373702245,-225.91643041200712,-5.022782818990675,0.46761157004380455,0.8412285443931237,0.23469573169668945,3.652931214242076e-05,2.921831028383324,8.71865023080829,nan,0.3638902070271797,nan
5.38,220.00323486328125,-225.85833740234375,-5.017881393432617,219.53933361560303,-225.90831797225715,-5.0232252027634265,0.46661652485145033,0.8414071718683809,0.23482507992562754,3.6604573825142436e-05,3.036944918278655,8.8257597209232,nan,0.09064047858176019,nan
5.39,220.00323486328125,-225.84962463378906,-5.017881393432617,219.54040348038205,-225.90020576108765,-5.0219396482941425,0.4656047775395988,0.8415864445513604,0.23495504289660477,3.668040095523833e-05,2.6984696624389914,8.48142517115277,nan,1.1905743538149647,nan
5.4,220.00323486328125,-225.8408966064453,-5.017881393432617,219.57891766018457,-225.9088766591543,-5.022568095642471,0.42975381509383487,0.8413448321050605,0.23486078767165883,3.638118471426879e-05,2.7968396501811896,9.69615680685414,4.9883386251822435,0.03441864087435539,nan
5.41,220.00323486328125,-225.83218383789062,-5.017881393432617,219.5801111320765,-225.90081464061953,-5.022031776912664,0.4286736575471814,0.8415225295943143,0.23498999376465704,3.6454789977805834e-05,2.658256406111071,9.536644479556191,nan,0.24733597907826438,nan
5.42,220.00323486328125,-225.82347106933594,-5.017881393432617,219.58130470441677,-225.8927527278387,-5.020822884591079,0.42759052788215385,0.8417008674506247,0.23511981069030635,3.652931214059097e-05,2.415249142755237,9.283696921926255,nan,1.0554073541394131,nan
5.43,220.00323486328125,-225.81475830078125,-5.017881393432617,219.5824983570149,-225.88469064880144,-5.021348652559162,0.42652287499109687,0.8418798474739919,0.23525024024860686,3.660457382333048e-05,2.4994740511535998,9.354062614319961,nan,0.151191343223244,nan
5.44,220.00323486328125,-225.8060302734375,-5.017881393432617,219.58369193660974,-225.87662853742253,-5.020268276761983,0.42544809249757515,0.8420594714644161,0.23538128423955865,3.6680400953455416e-05,2.3192530641651974,9.171923624025974,nan,0.8239768568948758,nan
5.45,220.00323486328125,-225.7973175048828,-5.017881393432617,219.59680362416285,-225.87441751939681,-5.019804265237542,0.41368401202531296,0.8418174497158306,0.2352851377795649,3.638118471257242e-05,2.257291059510948,9.53312464110664,0.43266028684674795,0.299262938480234,nan
5.46,220.00323486328125,-225.78860473632812,-5.017881870269775,219.59874210427404,-225.8692953747866,-5.020666462394948,0.41247196895959437,0.8412525845173289,0.22270004106656713,3.6454788668974014e-05,3.0664406565020266,10.327262270576044,nan,0.45669603331430614,0.0006713314562275969
5.47,220.00323486328125,-225.77989196777344,-5.017881870269775,219.59997331901147,-225.8612576262892,-5.021474692290562,0.4114038792265137,0.8414346827293399,0.22279897716433178,3.652931088079903e-05,3.1978451143729494,10.44482869778245,nan,0.3789681087080646,nan
5.48,220.00323486328125,-225.7711639404297,-5.017881870269775,219.6012047200392,-225.85322027603038,-5.022564759507709,0.41034547364270846,0.8416174140549243,0.2228984855145639,3.66045726121091e-05,3.4345831824332915,10.680805434935888,nan,0.6829628949403079,nan
5.49,220.00323486328125,-225.762451171875,-5.017881870269775,219.60243443414035,-225.84517607606642,-5.021660823870526,0.40926601894529063,0.8418007802940823,0.22299856791725517,3.668039979024935e-05,3.2155310859599036,10.441609736771166,nan,0.6262020755774408,nan
5.5,220.00323486328125,-225.7537384033203,-5.017881870269775,219.58935542229634,-225.82642816834667,-5.023528863774454,0.4202521649500611,0.8415544452365857,0.222944857060706,3.6381183616924294e-05,3.6440608189126693,10.48164193185603,2.7163448491519078,0.5486168408348027,nan
5.51,220.00323486328125,-225.74501037597656,-5.017881870269775,219.5905447914708,-225.81834517947672,-5.025088098577633,0.4192171495797305,0.8417361866358045,0.22304462412577652,3.645478892592699e-05,4.182842873374016,11.014803225037157,nan,1.3376643403474175,nan
5.5200000000000005,220.00323486328125,-225.73629760742188,-5.017881870269775,219.5917318178397,-225.8102532068264,-5.023825362974376,0.41813814965448914,0.8419185584045499,0.22314496248638,3.652931113342904e-05,3.7158859540490035,10.53054667354025,nan,1.303763006141058,nan
5.53,220.00323486328125,-225.7275848388672,-5.017881870269775,219.5929204469138,-225.80216711480713,-5.024538092889005,0.4170908072145598,0.8421015623428219,0.22324587394250484,3.660457286007783e-05,3.9497331995225706,10.754293006497065,nan,0.22118407629145834,nan
5.54,220.00323486328125,-225.71885681152344,-5.017881870269775,219.5941088745037,-225.79407999204383,-5.024909079584908,0.41604324685251115,0.8422852002506201,0.22334736029413882,3.668040003325042e-05,4.0764183118040425,10.878139282346345,nan,0.03404708067254803,nan
5.55,220.00323486328125,-225.71014404296875,-5.017881870269775,219.59560063212277,-225.77194800299756,-5.027801942576183,0.41241217698071714,0.8420383840869289,0.22329240310666965,3.638118384823274e-05,5.17720794270395,12.106036148585886,2.3463522965798074,6.332742680077487,nan
5.5600000000000005,220.00323486328125,-225.70143127441406,-5.017881870269775,219.59680357254229,-225.76377166508945,-5.0275617165544775,0.41129845346827704,0.8422203967133404,0.22339355589157578,3.645478915201522e-05,5.032355456887459,11.957315366505842,nan,0.12509872802463726,nan
5.57,220.00323486328125,-225.6927032470703,-5.017881870269775,219.59800546043832,-225.75559156125388,-5.02594314081619,0.41015947273239317,0.8424030387962327,0.2234952807934466,3.652931135408532e-05,4.23106782581775,11.147598265760232,nan,2.1167889077584365,nan
5.58,220.00323486328125,-225.68399047851562,-5.017881870269775,219.59920794845885,-225.7474139743585,-5.025311203913671,0.4090421527473985,0.8425863121356054,0.22359757961226828,3.660457307511729e-05,3.9497724450532283,10.865291316962745,nan,0.3956265859050349,nan
5.59,220.00323486328125,-225.67527770996094,-5.017881870269775,219.6004101767024,-225.73923525498037,-5.024230351815314,0.4079198437195558,0.8427702185314582,0.22370045414802667,3.66804002425137e-05,3.530471506203331,10.442923136419456,nan,0.9493930619581732,nan
5.6000000000000005,220.00323486328125,-225.6665496826172,-5.017881870269775,219.58911199919908,-225.74260911442812,-5.025513476931437,0.42111877795137886,0.8425229191641826,0.22364420621577816,3.6381184046701486e-05,4.359424713700578,10.968445677629143,3.7430044882679616,2.0558528486491108,nan
5.61,220.00323486328125,-225.6578369140625,-5.017881870269775,219.59025839816954,-225.73452360342205,-5.02663912743109,0.42012747900379205,0.8427051997615297,0.2237467290515447,3.645478934469944e-05,4.853092022138512,11.453464057133898,nan,0.6537538009957685,nan
5.62,220.00323486328125,-225.6491241455078,-5.017881870269775,219.59140366226023,-225.726434237377,-5.026126650845757,0.4191059112515351,0.8428881089322063,0.22384982480454882,3.652931154089837e-05,4.601122473338487,11.20123482631141,nan,0.2802562028137651,nan
5.63,220.00323486328125,-225.64039611816406,-5.017881870269775,219.5925489353386,-225.7183456992872,-5.025907716582761,0.41809506432917515,0.8430716484762119,0.22395349527477604,3.6604573255992816e-05,4.491114367194166,11.09271867391273,nan,0.07958859391747004,nan
5.64,220.00323486328125,-225.63168334960938,-5.017881870269775,219.59369374423298,-225.7102560782551,-5.02511628055101,0.41707306142960343,0.8432558201935457,0.22405774226221176,3.6680400417404936e-05,4.149070310650865,10.746650601387708,nan,0.5400241995530478,nan
5.65,220.00323486328125,-225.6229705810547,-5.017881870269775,219.62003841798256,-225.72066248737747,-5.025572120956963,0.3955279562890155,0.8430080357540612,0.2240001611287067,3.6381184212013186e-05,4.444059484840782,11.960551434037761,3.065558585273494,0.5340993990520497,nan
5.66,220.00323486328125,-225.61424255371094,-5.017882347106934,219.62125831913215,-225.71264934008457,-5.024750134609637,0.39450873550487414,0.843190581084283,0.22410403838444928,3.645478950418881e-05,4.103931660695895,11.63463396588653,nan,0.5549169062083945,nan
5.67,220.00323486328125,-225.60552978515625,-5.017882347106934,219.62247732194584,-225.70463260133323,-5.022056691701689,0.3934654986282697,0.8433737541335158,0.22420848933700502,3.652931169457037e-05,3.278424472564746,10.788577804862186,nan,4.988436661946004,nan
5.68,220.00323486328125,-225.5968017578125,-5.017882347106934,219.6236957697854,-225.69661406234604,-5.0182610180017155,0.3924443438496665,0.843557556701759,0.22431351578635977,3.6604573403867144e-05,2.796915039079653,10.29924144365937,nan,9.400506984606883,nan
5.69,220.00323486328125,-225.5880889892578,-5.017882347106934,219.62491612707524,-225.68860247707116,-5.018156670796196,0.3914436136283282,0.8437419905890119,0.2244191195324996,3.668040055951535e-05,2.786353206898259,10.247309115204025,nan,0.0013527040618322758,nan
5.7,220.00323486328125,-225.57937622070312,-5.017882347106934,219.62751347060268,-225.66956647272977,-5.01899528202313,0.3863962798747968,0.8434937194326042,0.2243601646625055,3.6381184345906585e-05,2.6066589745518867,10.050998969603736,3.735597471837835,0.009455962180590112,nan
5.71,220.00323486328125,-225.57064819335938,-5.017882347106934,219.62874956001977,-225.66148940116545,-5.019710948317813,0.38535011506018557,0.843676526276655,0.22446538075218742,3.645478963258669e-05,2.6553321130207297,10.08675852875418,nan,0.34575069158793953,nan
5.72,220.00323486328125,-225.5619354248047,-5.017882347106934,219.62998456847362,-225.6534081988974,-5.0179693487729615,0.3842955354196729,0.8438599600132117,0.2245711712980156,3.652931181754006e-05,2.5545451854545007,9.966185163484699,nan,1.9698764858024047,nan
5.73,220.00323486328125,-225.55320739746094,-5.017882347106934,219.63122046415742,-225.6453296091937,-5.017832603329393,0.38325085456453106,0.8440440224422735,0.22467753809997715,3.6604573521485895e-05,2.5454105152263513,9.940641626146272,nan,0.006840772180014864,nan
5.74,220.00323486328125,-225.54449462890625,-5.017882347106934,219.63245623028587,-225.63725059138798,-5.01738930360712,0.38220505799077187,0.8442287153638397,0.22478448295805936,3.668040067186903e-05,2.5427151850112337,9.91498271790217,nan,0.10704100802964717,nan
5.75,220.00323486328125,-225.53578186035156,-5.017882347106934,219.6193123525861,-225.6263057565896,-5.0186954354791755,0.3944511771072431,0.843979956064735,0.22472411570061646,3.6381184451425565e-05,2.6389358354056416,9.626029056177526,0.5169169404336489,1.186131184640923,nan
5.76,220.00323486328125,-225.5270538330078,-5.017882347106934,219.62049904656357,-225.61823019180073,-5.019530061193298,0.3934495504673992,0.8441630212233591,0.22483065508945355,3.645478973316472e-05,2.686517714011529,9.663088131511294,nan,0.46646936803170347,nan
5.7700000000000005,220.00323486328125,-225.51834106445312,-5.017882347106934,219.6216849172461,-225.61015151747674,-5.018217146343452,0.392440610404103,0.8443467124748179,0.22493776967397633,3.652931191328252e-05,2.606121837511157,9.564698181544658,nan,1.1268054335727524,nan
5.78,220.00323486328125,-225.50961303710938,-5.017882347106934,219.6228714586853,-225.60207521761276,-5.018603795231383,0.3914410490312214,0.8445310316191107,0.22504546125417355,3.66045736125034e-05,2.608559964841973,9.552549796577194,nan,0.10713782398574864,nan
5.79,220.00323486328125,-225.5009002685547,-5.017882347106934,219.62405686101718,-225.5939957314275,-5.0164597069595676,0.3904417325459233,0.844715980456237,0.22515373163003416,3.668040075827767e-05,2.6405430863614523,9.565222379980957,nan,2.9187608728822263,nan
5.8,220.00323486328125,-225.49217224121094,-5.017882347106934,219.5899623297675,-225.55699795023466,-5.016621783680662,0.4183278003282257,0.844466731802533,0.22509191518076965,3.638118453231148e-05,2.4568789263606274,8.443044530402304,5.224009094857918,0.04550347140952097,nan
5.8100000000000005,220.00323486328125,-225.48345947265625,-5.017882347106934,219.5910469790786,-225.54880227146356,-5.019052919922028,0.4173366788099684,0.8446500520969943,0.2251997623912964,3.645478980978266e-05,2.441328629565215,8.420671495898466,nan,4.008619491788732,nan
5.82,220.00323486328125,-225.47474670410156,-5.017882347106934,219.59213029736992,-225.54060269379264,-5.018122391234627,0.41634604971407757,0.8448339977105127,0.22530818551769702,3.652931198575608e-05,2.3958737433145982,8.363244774600497,nan,0.5627678333493078,nan
5.83,220.00323486328125,-225.4660186767578,-5.017882347106934,219.59321469098361,-225.53240616926942,-5.020156753000611,0.41536612015802454,0.8450185704430878,0.22541718635996202,3.660457368095906e-05,2.5264370088269255,8.474280513390152,nan,2.7127708049345696,nan
5.84,220.00323486328125,-225.45730590820312,-5.017882347106934,219.5942984857575,-225.52420740271833,-5.02013235911008,0.4143788524824073,0.8452037720947191,0.22552676671808228,3.6680400822843775e-05,2.513717024163178,8.461102526521099,nan,0.0017826059952488977,nan
5.8500000000000005,220.00323486328125,-225.44857788085938,-5.017882347106934,219.59483431966686,-225.53177874111307,-5.022738202808137,0.41681766577974644,0.844954033083236,0.22546346608092546,3.6381184592540034e-05,3.2987491740397163,9.219701070828583,2.7730727408825855,2.729482309440066,nan
5.86,220.00323486328125,-225.4398651123047,-5.017882347106934,219.59590286110898,-225.52366973757228,-5.022892825991627,0.41589383273687,0.845137605356007,0.2255726056987352,3.645478986645172e-05,3.3306509406012568,9.242190365192238,nan,0.00212408835414753,nan
5.87,220.00323486328125,-225.43113708496094,-5.017882347106934,219.5969710681658,-225.51555961651692,-5.021906628297992,0.4149622029715894,0.8453218021990472,0.2256823219336919,3.6529312038993964e-05,3.0769623759242584,8.980978645098398,nan,0.7628460946165451,nan
5.88,220.00323486328125,-225.42242431640625,-5.017882347106934,219.59803955997057,-225.50745009943648,-5.02171254397094,0.4140377857309074,0.8455066254123561,0.2257926165857879,3.6604573730894096e-05,3.0257714019060526,8.921232788928299,nan,0.04729037627185188,nan
5.89,220.00323486328125,-225.4136962890625,-5.017882347106934,219.59910860605666,-225.49934183742738,-5.023268301010173,0.41313702355577403,0.8456920767959335,0.22590349145501584,3.668040086960413e-05,3.4074695432582423,9.29486478319356,nan,1.4130521134574148,nan
5.9,220.00323486328125,-225.4049835205078,-5.017882347106934,219.6154770989971,-225.4981881911278,-5.025371477205962,0.39887251278780983,0.845441846626998,0.2258386734034224,3.638118463599044e-05,4.139686141417023,10.526631013052087,4.839392881471255,0.2992026067170583,nan
5.91,220.00323486328125,-225.39625549316406,-5.017882347106934,219.61659494098956,-225.49009956512637,-5.025992765510245,0.3979483864006359,0.8456256677424054,0.22594909008259365,3.645478990702941e-05,4.394114110807399,10.766430633989605,nan,0.12626201757369426,nan
5.92,220.00323486328125,-225.38754272460938,-5.017882347106934,219.6177123370346,-225.4820100610511,-5.025412743927578,0.39699924782583645,0.8458101127034152,0.2260600840616999,3.6529312076821554e-05,4.1335085649622325,10.485154548576023,nan,0.384725446511673,nan
5.93,220.00323486328125,-225.37881469726562,-5.017882347106934,219.61882897245533,-225.47391895056893,-5.022240387455379,0.39601982325853935,0.8459951833100271,0.22617165714073512,3.660457376609281e-05,3.0916926865592114,9.430710613672915,nan,7.221499052339068,nan
5.94,220.00323486328125,-225.37010192871094,-5.017882347106934,219.61994645020806,-225.46582999979935,-5.0227803934481905,0.39509221967590435,0.8461808813622408,0.22628381111969362,3.668040090229369e-05,3.2183215019240956,9.542487233326568,nan,0.12231092186528503,nan
5.95,220.00323486328125,-225.3613739013672,-5.017882347106934,219.61482961541552,-225.44260104856798,-5.024142064250053,0.3968572414240833,0.8459301594344205,0.22621744415747932,3.638118466623016e-05,3.445520722350012,9.668188772129623,1.399547107845221,0.9711854977064385,nan
5.96,220.00323486328125,-225.3526611328125,-5.017882347106934,219.61593707176212,-225.43443568273807,-5.0249227981198175,0.39589926026906236,0.8461142262792524,0.22632912262570037,3.6454789935023664e-05,3.7191871634432485,9.934153547850185,nan,0.26452509013770176,nan
5.97,220.00323486328125,-225.34393310546875,-5.017882347106934,219.61704430840882,-225.42626967342102,-5.02462693235509,0.3949277712759663,0.8462989162683059,0.2264413790585832,3.652931210268123e-05,3.5960227586213698,9.79471111476962,nan,0.13307652193641356,nan
5.98,220.00323486328125,-225.33522033691406,-5.017882347106934,219.6181517341496,-225.4181036021797,-5.024760635179779,0.39396187994492365,0.8464842312015809,0.2265542152561233,3.660457378992654e-05,3.6342418762617137,9.828973304523746,nan,0.00014648506609154827,nan
5.99,220.00323486328125,-225.3264923095703,-5.017882347106934,219.61925908996588,-225.4099371295882,-5.024589702836054,0.39299544666806435,0.846670172879077,0.22666763301831638,3.6680400924207226e-05,3.559538251053403,9.736978712738816,nan,0.06580917058593233,nan
6.0,220.00323486328125,-225.31777954101562,-5.017882347106934,219.60593170946953,-225.375282057745,-5.025103409145286,0.40150775732968613,0.8464189587838765,0.22659968734019464,3.6381184686390716e-05,3.475283610701925,9.418652066447038,5.407540992718462,0.09879886899815996,nan
6.01,220.00323486328125,-225.30905151367188,-5.017882347106934,219.60700851378306,-225.36698716418442,-5.0245834793503885,0.4004956489280753,0.84660326826795,0.22671261240359766,3.645478995348586e-05,3.2645390797309672,9.173265861937402,nan,0.3095072526353772,nan
6.0200000000000005,220.00323486328125,-225.3003387451172,-5.017882347106934,219.60808518511703,-225.3586922293539,-5.023596624802661,0.3994759695468939,0.8467882002173472,0.22682611607874575,3.6529312119541023e-05,2.9171303443698218,8.832872876137555,nan,0.8457769655601768,nan
6.03,220.00323486328125,-225.29161071777344,-5.017882823944092,219.6091620856745,-225.3503976271056,-5.023429345195339,0.3984721052439016,0.8469737564320683,0.22694020016563565,3.6604573805276654e-05,2.8544489448641786,8.7400788676922,nan,0.057940530449659154,nan
6.04,220.00323486328125,-225.28289794921875,-5.017882823944092,219.61023882433636,-225.34210261228478,-5.022439053225068,0.39745671208371025,0.847159938712113,0.22705486646426434,3.6680400938137916e-05,2.570520545431408,8.463565587697785,nan,0.801198299112768,nan
6.05,220.00323486328125,-225.274169921875,-5.017882823944092,219.62605169429875,-225.35040322533928,-5.021419001249658,0.3848261478521081,0.8469082322286465,0.22698531391617544,3.638118469911498e-05,2.4779728142185675,8.759834800266537,1.78221561723656,0.40217391839288624,nan
6.0600000000000005,220.00323486328125,-225.2654571533203,-5.017882823944092,219.62716796595095,-225.34218119132942,-5.020719404848261,0.3838240944329704,0.8470927812853372,0.22709947046389117,3.64547899649706e-05,2.345880300878635,8.62797469477782,nan,0.38721959888860297,nan
6.07,220.00323486328125,-225.25672912597656,-5.017882823944092,219.62828401351314,-225.33395925009233,-5.019568272446835,0.3828256424920126,0.8472779521501649,0.22721420625320335,3.6529312129865596e-05,2.194086725255192,8.450129361731594,nan,0.9435725956854393,nan
6.08,220.00323486328125,-225.24801635742188,-5.017882823944092,219.62940010086103,-225.3257378331734,-5.019945262614148,0.38183414074705674,0.8474637466231297,0.22732952308410975,3.6604573814517885e-05,2.223476707997747,8.479922097160923,nan,0.0771115485374416,nan
6.09,220.00323486328125,-225.23928833007812,-5.017882823944092,219.63051636888676,-225.31751658926288,-5.021876375773117,0.3808604535193752,0.8476501665042318,0.2274454227566084,3.6680400946369565e-05,2.533268066488996,8.76654741624614,nan,2.295564368754758,nan
6.1000000000000005,220.00323486328125,-225.23057556152344,-5.017882823944092,219.63606127251066,-225.30404562575745,-5.021921484197475,0.3744737732800016,0.8473979675938813,0.227374236795923,3.638118470655525e-05,2.4334470507137542,8.892770423020703,0.43313516918462697,0.012146573900297785,nan
6.11,220.00323486328125,-225.2218475341797,-5.017882823944092,219.63719677594383,-225.2957908613728,-5.020162348794249,0.37343900874381686,0.847582753180617,0.22748960980436644,3.6454789971541964e-05,2.1187303204308563,8.55198926094064,nan,2.193246816581305,nan
6.12,220.00323486328125,-225.213134765625,-5.017882823944092,219.63833259630425,-225.2875362718423,-5.021004211329444,0.37242313519914994,0.8477681599392713,0.22760556266743118,3.652931213563202e-05,2.2337836584731914,8.671505673550705,nan,0.4169915502339462,nan
6.13,220.00323486328125,-225.20440673828125,-5.017882823944092,219.63946836250065,-225.2792815032253,-5.02146745206158,0.3714096755259991,0.8479541896698445,0.2277220971851158,3.660457381954038e-05,2.3092212702329675,8.717989036592352,nan,0.10591407591533347,nan
6.140000000000001,220.00323486328125,-225.1956787109375,-5.017882823944092,219.64060386047595,-225.27102651427307,-5.01942507762192,0.3703794192574442,0.8481408441723362,0.2278392151574191,3.668040095070648e-05,2.0141736642333146,8.411246405766779,nan,2.8570312321527638,nan
6.15,220.00323486328125,-225.1869659423828,-5.017882823944092,219.63587784670617,-225.2687937852584,-5.018258301603896,0.37636035189707634,0.8478881529734098,0.22776637081309228,3.638118471040465e-05,2.0875540215369237,8.348586390959943,0.7150421538033938,1.4316644495717246,nan
6.16,220.00323486328125,-225.17823791503906,-5.017882823944092,219.63698864899413,-225.26057668528446,-5.0189004822370835,0.37538912902955834,0.8480731720721294,0.22788294534998957,3.645478997481212e-05,2.1035337935789595,8.34134521122628,nan,0.2641698810405705,nan
6.17,220.00323486328125,-225.16952514648438,-5.017882823944092,219.6380993354895,-225.25235963203275,-5.018568236508212,0.3744141763371241,0.8482588117268025,0.22800010033810558,3.652931213837228e-05,2.0792271929265587,8.315556980519888,nan,0.07996660421529984,nan
6.18,220.00323486328125,-225.16079711914062,-5.017882823944092,219.63920980607583,-225.24414289118945,-5.017290789612974,0.3734449229759016,0.8484450737374294,0.22811783757743953,3.660457382179756e-05,2.0674365043752654,8.277861357439146,nan,1.072494890078545,nan
6.19,220.00323486328125,-225.15208435058594,-5.017882823944092,219.6403202330824,-225.23592638896037,-5.0167618251732,0.37247519762983844,0.8486319599040101,0.2282361588679907,3.66804009525249e-05,2.0834138654173047,8.294142613735627,nan,0.1699045749264568,nan
6.2,220.00323486328125,-225.1433563232422,-5.017882823944092,219.63749817835063,-225.2175838484487,-5.015919289928195,0.37319820962614136,0.8483787767264086,0.2281616327007373,3.6381184711949853e-05,2.0395710907674673,8.254221233263365,4.153121001431014,2.6837623039424625,nan
6.21,220.00323486328125,-225.1346435546875,-5.017882823944092,219.63860200470387,-225.20931871597813,-5.018093723025868,0.37220094807310167,0.8485640263439853,0.2282793939289034,3.645478997599602e-05,1.92598849067704,8.15020637991962,nan,3.1081664737604426,nan
6.22,220.00323486328125,-225.12591552734375,-5.017882823944092,219.6397056616406,-225.20105361743117,-5.0178339210119525,0.3712131670872916,0.8487498959211166,0.22839773618885087,3.652931213923162e-05,1.9162470927029913,8.110909963729101,nan,0.05654981935320031,nan
6.23,220.00323486328125,-225.1171875,-5.017882823944092,219.64080912545717,-225.1927886047725,-5.015782085636253,0.3702328396855005,0.8489363872578025,0.22851666128057946,3.6604573822367014e-05,2.028180895492897,8.211398928796166,nan,2.794102060096575,nan
6.24,220.00323486328125,-225.1084747314453,-5.017882823944092,219.64191261171308,-225.18452352935887,-5.015373245237509,0.3692471897356464,0.8491235021540431,0.2286361710040889,3.6680400952836655e-05,2.0705666648828793,8.265128774631734,nan,0.10013702521319368,nan
6.25,220.00323486328125,-225.09974670410156,-5.017882823944092,219.6360348913881,-225.17111309375082,-5.0162181454022665,0.3740745274467939,0.8488698274739429,0.22855994106664643,3.6381184712132115e-05,1.9557351341980374,8.03479320213891,0.39693426102124973,0.20501458235971196,nan
6.26,220.00323486328125,-225.09103393554688,-5.017882823944092,219.63711791029843,-225.16282792353618,-5.018324094136683,0.3730900624409842,0.8490553046425762,0.22867887424752273,3.6454789975974596e-05,1.876184758013019,7.969379754640673,nan,2.8663993671273253,nan
6.2700000000000005,220.00323486328125,-225.08230590820312,-5.017882823944092,219.63820100415154,-225.1545429662886,-5.017971730668408,0.37211277695932343,0.8492414011932686,0.22879838902509478,3.652931213903287e-05,1.862574617111654,7.9242723429230235,nan,0.10593611915259687,nan
6.28,220.00323486328125,-225.07359313964844,-5.017882823944092,219.6392842285526,-225.14625750297424,-5.0205367766463755,0.3711431229079539,0.8494281189260204,0.22891848719936256,3.660457382201511e-05,2.046105206634864,8.116768291848187,nan,4.0942521510439205,nan
6.29,220.00323486328125,-225.0648651123047,-5.017882823944092,219.64036740860016,-225.1379720097218,-5.021832262593785,0.37017969444898086,0.8496154596408316,0.22903917057032613,3.668040095235441e-05,2.27048844331932,8.303226555763208,nan,0.9165915106450079,nan
6.3,220.00323486328125,-225.05613708496094,-5.017882823944092,219.6533087816036,-225.12340689935343,-5.0202893635070165,0.35634152438262395,0.8493612940953962,0.2289612163678666,3.638118471161083e-05,1.8345021591606008,8.259395497757428,1.1748839269182687,1.215863833077255,nan
6.3100000000000005,220.00323486328125,-225.04742431640625,-5.017882823944092,219.65443700693757,-225.11507809006173,-5.020649161317648,0.35530920379612657,0.8495469958729707,0.22908130686482808,3.645478997535854e-05,1.8764712525729426,8.312007891535611,nan,0.04901298493681824,nan
6.32,220.00323486328125,-225.0386962890625,-5.017882823944092,219.65556528019985,-225.10674928440088,-5.020017293870281,0.35427377144855654,0.8497333164733757,0.22920197950813107,3.652931213833956e-05,1.782734811247306,8.176901056785992,nan,0.33930647366783745,nan
6.33,220.00323486328125,-225.0299835205078,-5.017882823944092,219.6566935300416,-225.09842020454343,-5.020031702483002,0.35324084283146623,0.8499202576966114,0.22932323609777575,3.660457382126104e-05,1.7754597598497135,8.17812099751055,nan,0.002552907811308655,nan
6.34,220.00323486328125,-225.02125549316406,-5.017882823944092,219.65782186500942,-225.0900910766191,-5.020010463540326,0.3522115894955469,0.8501078213426779,0.22944507843376236,3.668040095155457e-05,1.7642454413433633,8.128122587381505,nan,0.0061619450021730285,nan
6.3500000000000005,220.00323486328125,-225.0125274658203,-5.017882823944092,219.65643205104772,-225.10614523052658,-5.020206078814334,0.3592239885571088,0.8498531657248026,0.22936538088450903,3.6381184710823815e-05,2.1375075450883663,8.464909156832626,5.616900606648981,0.3252185418665707,nan
6.36,220.00323486328125,-225.00381469726562,-5.017882823944092,219.6561644058039,-225.10077574491282,-5.020533856070802,0.36036977562735706,0.8486597113875624,0.2235927693612378,3.6454788603131534e-05,2.8674295199840594,9.190383790342112,nan,0.03413655851811628,0.0013635568826603302
6.37,220.00323486328125,-224.99508666992188,-5.017882823944092,219.65726477873062,-225.09257860489944,-5.021562539643942,0.35946281740573904,0.8488411330608951,0.22369325680542065,3.6529310817901516e-05,3.03489347868059,9.33017490339877,nan,0.5526047620596123,nan
6.38,220.00323486328125,-224.9863739013672,-5.017882823944092,219.6583659793491,-225.08437997942764,-5.021966920364708,0.3585476513449378,0.8490231653305989,0.22379429020911343,3.6604572552090215e-05,3.1092022043418712,9.399631948947157,nan,0.04999973097811083,nan
6.390000000000001,220.00323486328125,-224.97764587402344,-5.017882823944092,219.65946690027914,-225.07618207763912,-5.022721077278871,0.35764396332797366,0.8492058099966742,0.22389587137231093,3.6680399733040676e-05,3.281312586112598,9.540928399899874,nan,0.2476341517245416,nan
6.4,220.00323486328125,-224.9689178466797,-5.017882823944092,219.62059574870764,-225.0455527904559,-5.024426869220459,0.3902927505576247,0.8489600560741216,0.22384055013857485,3.638118356326588e-05,3.7927909718787607,9.048925198179168,4.487595532512818,2.193234447862115,nan
6.41,220.00323486328125,-224.960205078125,-5.017882823944092,219.62157617449964,-225.0372737851447,-5.023769111931524,0.38940671374599856,0.8491411368309602,0.2239418042113595,3.645478887487489e-05,3.5553571561771866,8.81557588127293,nan,0.4512124807299467,nan
6.42,220.00323486328125,-224.95147705078125,-5.017882823944092,219.62255661385785,-225.02899500409814,-5.02319006864825,0.3885268710357763,0.8493228261152453,0.22404360399815576,3.652931108491048e-05,3.365509538969333,8.590469517307815,nan,0.35185582575022306,nan
6.43,220.00323486328125,-224.94276428222656,-5.017882823944092,219.62353408308704,-225.02072155234578,-5.025378224902449,0.3876934349199901,0.8495051257269773,0.2241459512989573,3.660457281401912e-05,4.1185019165294285,9.350138025241673,nan,2.6941347733935666,nan
6.44,220.00323486328125,-224.9340362548828,-5.017882823944092,219.62451378409443,-225.0124439826756,-5.025559743550444,0.38682859601210556,0.8496880374661563,0.22424884791375774,3.6680399989576896e-05,4.179966947418003,9.378455146893554,nan,3.6381223595404456e-05,nan
6.45,220.00323486328125,-224.92530822753906,-5.017882823944092,219.62646718099234,-224.99470660226143,-5.025778869524172,0.3831871192606417,0.8494418499281416,0.22419230641793014,3.638118380738071e-05,4.1053081694679765,9.4348935242968,2.478747738747916,0.43628791599911987,nan
6.46,220.00323486328125,-224.91659545898438,-5.017882823944092,219.62746189310968,-224.9863689381084,-5.024032964241076,0.3822453240084238,0.8496231960164208,0.22429485945420996,3.645478911335209e-05,3.4180675989794915,8.768649754508333,nan,2.3925311705065186,nan
6.47,220.00323486328125,-224.90786743164062,-5.017882823944092,219.62845300259323,-224.97803773049526,-5.026029754800516,0.3813812874598077,0.8498051503734486,0.2243979597196976,3.652931131753666e-05,4.1866849413360345,9.502686969394885,nan,2.249359088567259,nan
6.48,220.00323486328125,-224.89915466308594,-5.017882823944092,219.6294457396272,-224.96970341449924,-5.026298115854718,0.38048160589703817,0.849987714799225,0.22450160901438612,3.6604573040608675e-05,4.293347386568562,9.630846563371735,nan,0.005738057780694358,nan
6.49,220.00323486328125,-224.8904266357422,-5.017882823944092,219.63043729548502,-224.96137124491827,-5.027874303242435,0.37961953820173433,0.8501708910937492,0.22460580913826855,3.668040020997057e-05,5.069572438137755,10.374874132635929,nan,1.2559963835495902,nan
6.5,220.00323486328125,-224.88169860839844,-5.017882823944092,219.64904540736597,-224.95828360717869,-5.026228003934744,0.36247079158023987,0.8499242662337579,0.22454800702910432,3.6381184016347634e-05,4.189601963720273,10.004479582403572,0.9173161760752132,2.954762202343641,nan
6.51,220.00323486328125,-224.87298583984375,-5.017882823944092,219.65009605420244,-224.94995785277177,-5.027107984504495,0.3615478015963592,0.8501058750894553,0.2246518470933649,3.645478931613185e-05,4.598849548892188,10.434799385841385,nan,0.32216674535202133,nan
6.5200000000000005,220.00323486328125,-224.8642578125,-5.017882823944092,219.65114778004178,-224.9416302542495,-5.026784322223201,0.36059817747455297,0.8502880919650009,0.2247562358635497,3.652931151404584e-05,4.422752753491356,10.22601387762572,nan,0.1722062756485275,nan
6.53,220.00323486328125,-224.85552978515625,-5.017882823944092,219.65219925126425,-224.93330322898737,-5.02669902530894,0.3596559951898589,0.8504709186603939,0.22486117513965187,3.6604573230784675e-05,4.366313062587439,10.164366624627268,nan,0.04605917689402985,nan
6.54,220.00323486328125,-224.84681701660156,-5.017882823944092,219.65325125056327,-224.92497537157072,-5.025815361768079,0.35869232327851935,0.8506543569756337,0.22496666672166443,3.668040039377158e-05,3.947512847387177,9.767509031257946,nan,0.7221540590506734,nan
6.55,220.00323486328125,-224.8380889892578,-5.017882823944092,219.65789647934167,-224.92047751747347,-5.0250384860536785,0.3551023408874796,0.8504072913227189,0.2249075651731655,3.638118419003752e-05,3.6703610198639263,9.56350017961813,1.0575211409215735,1.588619436111835,nan
6.5600000000000005,220.00323486328125,-224.82937622070312,-5.017882823944092,219.6589559923599,-224.91216971166995,-5.0262010462215185,0.3541918913967603,0.8505891603682314,0.22501268023025645,3.645478948363075e-05,4.150237195713128,10.062017919047602,nan,0.6654754274635135,nan
6.57,220.00323486328125,-224.82064819335938,-5.017882823944092,219.66001545467688,-224.9038620171739,-5.027615190554767,0.3532970731217761,0.8507716371940799,0.22511834543232112,3.652931167536495e-05,4.834684409482865,10.715195881804643,nan,0.9958891624995233,nan
6.58,220.00323486328125,-224.81192016601562,-5.017882823944092,219.66107416820935,-224.89555548922252,-5.030126500978093,0.3524467564999253,0.8509547236002635,0.225224562579353,3.660457338595087e-05,6.3266132686724585,12.202068873987187,nan,3.437630448968204,nan
6.59,220.00323486328125,-224.80320739746094,-5.017882823944092,219.66213499166787,-224.88724520190658,-5.029392053508181,0.3514881752717545,0.8511384213867813,0.22533133347134573,3.6680400542825966e-05,5.8318832044009365,11.727897375848418,nan,0.6256772893853434,nan
6.6000000000000005,220.00323486328125,-224.7944793701172,-5.017882823944092,219.6745808499558,-224.875011039315,-5.0290722110152455,0.3385616821226951,0.8508909117031415,0.22527089517401358,3.6381184330440725e-05,5.496513557244985,11.846664079973833,1.9435233526047522,0.007711848017777807,nan
6.61,220.00323486328125,-224.78575134277344,-5.017882823944092,219.67568502607324,-224.86666577939698,-5.029053542837085,0.33758084493893636,0.8510730383492177,0.2253772730999927,3.6454789618214564e-05,5.46752447369445,11.822162939108091,nan,0.03278551071080243,nan
6.62,220.00323486328125,-224.77703857421875,-5.017882823944092,219.67678880684653,-224.85832142111263,-5.029770004999376,0.33662328207418374,0.8512557725451155,0.22548420257313231,3.65293118042052e-05,5.9019848096956995,12.293421561623653,nan,0.1711973878147654,nan
6.63,220.00323486328125,-224.768310546875,-5.017882823944092,219.67789321207988,-224.8499762159987,-5.029546265558172,0.3356374642231436,0.8514391160908343,0.22559168539342672,3.6604573509133234e-05,5.739565327243367,12.108861409783534,nan,0.12367694234495838,nan
6.640000000000001,220.00323486328125,-224.75958251953125,-5.017882823944092,219.6789972590447,-224.84163175930064,-5.029995730426268,0.3346771941008742,0.851623070786373,0.2256997233608702,3.668040066044556e-05,6.012746024424746,12.393551434320221,nan,0.0380734941497384,nan
6.65,220.00323486328125,-224.75086975097656,-5.017882823944092,219.67296516273979,-224.8514426743367,-5.030042985867021,0.34545746126975807,0.8513751140646466,0.22563791251090087,3.6381184440880106e-05,6.438837730486035,12.46866400534766,4.620421360944456,0.35605455823958704,nan
6.66,220.00323486328125,-224.7421417236328,-5.017882823944092,219.6740277575423,-224.84320708777568,-5.030257931477849,0.34459348453623584,0.8515574957122466,0.22574554110347267,3.6454789723438946e-05,6.56559359188434,12.587601395353662,nan,4.4581611401087357e-05,nan
6.67,220.00323486328125,-224.73341369628906,-5.017882823944092,219.67509067747108,-224.83497059557453,-5.029768817128401,0.34370581506206543,0.8517404846877796,0.22585372260932457,3.652931190432883e-05,6.222487933155895,12.25400290636908,nan,0.32927571236064423,nan
6.68,220.00323486328125,-224.72470092773438,-5.017882823944092,219.67615398595214,-224.8267332216417,-5.028439883082408,0.34278847823697095,0.8519240827912447,0.22596245882845165,3.660457360427612e-05,5.3898041149479035,11.451272266242052,nan,1.5257366832622195,nan
6.69,220.00323486328125,-224.71597290039062,-5.017882823944092,219.67721678075168,-224.81849675244146,-5.028102468243381,0.34191135036030124,0.8521082918226408,0.22607175156084916,3.668040075073275e-05,5.182739126479939,11.23447114307227,nan,0.1699721752133943,nan
6.7,220.00323486328125,-224.70726013183594,-5.017882823944092,219.68371272024777,-224.8064883591808,-5.027732409056196,0.3347202642768936,0.8518598852829368,0.2260085338474168,3.638118452537753e-05,4.890012024282584,11.234944041012108,0.48165348239682304,0.05688506035838082,nan
6.71,220.00323486328125,-224.6985321044922,-5.017882823944092,219.68479728724762,-224.79822579865984,-5.0287685164549085,0.33385598809727596,0.8520425193250218,0.22611740083597306,3.645478980344379e-05,5.464174883839805,11.796710090148647,nan,0.5094305594816106,nan
6.72,220.00323486328125,-224.68980407714844,-5.017882823944092,219.685882464803,-224.78996218331815,-5.028343170760526,0.33294685748167296,0.8522257604814203,0.22622682206864808,3.652931197997384e-05,5.199231285939483,11.54226466348449,nan,0.22995089388178164,nan
6.73,220.00323486328125,-224.68109130859375,-5.017882823944092,219.68696711898423,-224.78169916308798,-5.028989238808047,0.3320701415661888,0.8524096105521312,0.22633679934543785,3.6604573675696584e-05,5.563736298038001,11.939313843741601,nan,0.15304619396693456,nan
6.74,220.00323486328125,-224.67236328125,-5.017882823944092,219.688051513719,-224.77343626615928,-5.030101801952114,0.3312183502514897,0.8525940713371537,0.2264473344663384,3.66804008180655e-05,6.25454681798394,12.620213812104481,nan,0.5696939056447661,nan
6.75,220.00323486328125,-224.66363525390625,-5.017882823944092,219.67812217078512,-224.75500148560675,-5.0287601270241895,0.3378821789315507,0.8523452124238396,0.2263826770571075,3.638118458817195e-05,5.36449307928333,11.621720822561032,1.14640228194177,0.7386710957009631,nan
6.76,220.00323486328125,-224.65492248535156,-5.017882823944092,219.6791773989234,-224.74669451140798,-5.026802748004572,0.33691973824307725,0.8525280962470901,0.22649277011237812,3.6454789862500716e-05,4.284928417392608,10.580165838981141,nan,2.882402158297293,nan
6.7700000000000005,220.00323486328125,-224.6461944580078,-5.017882823944092,219.68023112127608,-224.73838968702515,-5.028713305396666,0.33607837914896566,0.8527115869789634,0.226603418708102,3.652931203542979e-05,5.303716632241873,11.575890680866033,nan,2.1114152587839596,nan
6.78,220.00323486328125,-224.63746643066406,-5.017882823944092,219.6812864909288,-224.73008235536008,-5.025956717651371,0.3351024495990429,0.8528956864194589,0.2267146246442759,3.6604573727687683e-05,3.8637598159469158,10.149809353769468,nan,5.423778226452373,nan
6.79,220.00323486328125,-224.62875366210938,-5.017882823944092,219.6823419182143,-224.72177481493787,-5.02285698721175,0.33414062813058565,0.8530803963685759,0.22682638972089675,3.6680400866727956e-05,2.7474971912133377,9.058327534529079,nan,6.497679067015891,nan
6.8,220.00323486328125,-224.62002563476562,-5.017882823944092,219.68446410481627,-224.7118049252306,-5.022143305388836,0.3317474737096497,0.852831082746849,0.22676026124589888,3.638118463337833e-05,2.5359639080204635,8.751483044285068,1.2971643501046,1.362717284705242,nan
6.8100000000000005,220.00323486328125,-224.61129760742188,-5.017882823944092,219.68552387997454,-224.70348834736632,-5.02196238615488,0.33084141861782124,0.853014213733315,0.22687156798922078,3.6454789904697526e-05,2.4838929152094185,8.681477235745815,nan,0.02529512488620474,nan
6.82,220.00323486328125,-224.6025848388672,-5.017882823944092,219.68658440206525,-224.6951706712111,-5.0190703759130155,0.32991068673020735,0.8531979514303175,0.22698343153559328,3.6529312074746614e-05,2.056084374155433,8.263302114290479,nan,5.462245647489282,nan
6.83,220.00323486328125,-224.59385681152344,-5.017882823944092,219.6876439771397,-224.68685412688336,-5.0193855414491475,0.3290111947026585,0.8533822976378562,0.22709585368501398,3.660457376425292e-05,2.0695511856418243,8.22260030373512,nan,0.08529234642433617,nan
6.84,220.00323486328125,-224.5851287841797,-5.017882823944092,219.68870311464767,-224.67853809525073,-5.021666981356098,0.32813082778152025,0.8535672541559305,0.2272088362374806,3.6680400900668045e-05,2.388665573417837,8.517146225761369,nan,3.4565474874046718,nan
6.8500000000000005,220.00323486328125,-224.576416015625,-5.017882823944092,219.7264468319901,-224.67724464587383,-5.019843634516198,0.2945876299541166,0.8533174837081874,0.22714120677148678,3.6381184664766066e-05,1.9183064473447022,9.087858974249157,4.233435106745792,3.9044847759571812,nan
6.86,220.00323486328125,-224.56768798828125,-5.017882823944092,219.72762931046415,-224.66892509550186,-5.019306479249139,0.293614371951448,0.8535008592368711,0.22725371478369966,3.6454789933737786e-05,1.858530132518892,8.978114338538091,nan,0.17946911470311924,nan
6.87,220.00323486328125,-224.5589599609375,-5.017882823944092,219.72881183163472,-224.66060528505892,-5.0181810156869595,0.2926428901103515,0.8536848412852992,0.22736678082858056,3.652931210155653e-05,1.795708588558858,8.89268397494184,nan,0.7878455543500624,nan
6.88,220.00323486328125,-224.5502471923828,-5.017882823944092,219.72999392813804,-224.65228582099246,-5.018596213529445,0.2916727606259665,0.8538694316534713,0.22748040670612774,3.660457378894689e-05,1.7973328270629234,8.89564170151577,nan,0.13645395835924443,nan
6.890000000000001,220.00323486328125,-224.54151916503906,-5.017882823944092,219.73117607754125,-224.643966313537,-5.018849353882652,0.29071005368545927,0.854054632141387,0.22759459421633957,3.668040092335795e-05,1.7993127308277412,8.848079484374674,nan,0.05287488338299498,nan
6.9,220.00323486328125,-224.5327911376953,-5.017882823944092,219.7478825653917,-224.6417349874643,-5.01877699629603,0.27762268996635364,0.8538044029634155,0.22752543525985355,3.638118468563347e-05,1.7651460323976422,9.343122277568451,0.6703840702866007,0.01845686477566815,nan
6.91,220.00323486328125,-224.52407836914062,-5.017882823944092,219.74911429307733,-224.63343032373226,-5.017769142182709,0.27664982757507767,0.853988020411789,0.22763913208983094,3.645478995283382e-05,1.733802667699634,9.312995939552268,nan,0.6192919786898905,nan
6.92,220.00323486328125,-224.51535034179688,-5.017882823944092,219.7503457522068,-224.62512566415626,-5.016869856414003,0.2756892272148895,0.8541722441961119,0.22775338814986062,3.652931211898201e-05,1.7520753784857097,9.272963210908081,nan,0.4647636189945178,nan
6.93,220.00323486328125,-224.50662231445312,-5.017882823944092,219.75157682999608,-224.61682111813437,-5.016642545562253,0.2747309235237272,0.854357076116384,0.22786820523994136,3.660457380479959e-05,1.7565863911208923,9.248364480119035,nan,0.016095925796406934,nan
6.94,220.00323486328125,-224.49790954589844,-5.017882823944092,219.75280807095515,-224.60851617902367,-5.014436562847795,0.2737869286901409,0.8545425179726049,0.22798358516007214,3.668040093773257e-05,2.0287478249857536,9.519142204962806,nan,2.9224306596542906,nan
6.95,220.00323486328125,-224.4891815185547,-5.017882823944092,219.73648373265695,-224.5919956689826,-5.012135329970149,0.2859369666631745,0.8542918283696123,0.22791286961906604,3.6381184698757166e-05,2.624413797016932,9.624877263481077,0.7610459348942651,3.3378658861244066,nan
6.96,220.00323486328125,-224.48045349121094,-5.017882823944092,219.73765972147197,-224.58366641399633,-5.013065176141154,0.2849671439083363,0.8544756851150692,0.22802774279188967,3.645478996466776e-05,2.3437761662038357,9.31155292691864,nan,0.7746971020601755,nan
6.97,220.00323486328125,-224.47174072265625,-5.017882823944092,219.73883577788493,-224.57533698054633,-5.012795585479471,0.2840157407652497,0.8546601480193948,0.22814317636065315,3.652931212960973e-05,2.406078055234433,9.37293317779964,nan,0.011315561097278349,nan
6.98,220.00323486328125,-224.4630126953125,-5.017882823944092,219.74001176992718,-224.56700750232335,-5.012333212366435,0.2830761645719624,0.8548452188825887,0.22825917212535574,3.660457381430168e-05,2.5297351221431077,9.44169592885904,nan,0.06721186327703695,nan
6.99,220.00323486328125,-224.45428466796875,-5.017882823944092,219.74118768858693,-224.5586780841133,-5.013023563419942,0.28211756328247933,0.8550308995046508,0.2283757318859968,3.668040094618604e-05,2.3228831826118865,9.211022586782793,nan,0.44846032552696213,nan
7.0,220.00323486328125,-224.44557189941406,-5.017882823944092,219.74578784920607,-224.53815414083766,-5.015004392872778,0.27360321973375484,0.8547797479871512,0.22830343405050385,3.6381184706392565e-05,1.7162522465389125,8.878159209074294,3.3218450073911283,0.9307466567154693,nan
7.01,220.00323486328125,-224.4368438720703,-5.017882823944092,219.7469848685582,-224.52975899284885,-5.014863930771394,0.2725919903094037,0.8549638414083975,0.22841947107529048,3.6454789971401845e-05,1.7292480766256864,8.838389809112977,nan,0.00436570146011211,nan
7.0200000000000005,220.00323486328125,-224.42811584472656,-5.017882823944092,219.7481817431835,-224.5213639016211,-5.015137741295151,0.2715784042683748,0.855148540817875,0.22853606963113365,3.6529312135509465e-05,1.6763109183622584,8.770352736352518,nan,0.07177597998745228,nan
7.03,220.00323486328125,-224.41940307617188,-5.017882823944092,219.74937846706496,-224.51296872966472,-5.015390418885661,0.2705620326218034,0.855333848015583,0.2286532315180329,3.66045738194306e-05,1.6303570992084306,8.745217097133427,nan,0.0593557292602252,nan
7.04,220.00323486328125,-224.41067504882812,-5.017882823944092,219.75057505839357,-224.50457339336918,-5.016621597521844,0.26954678036571456,0.8555197648015219,0.22877095853598797,3.668040095060517e-05,1.4948791140673197,8.561163779452887,nan,1.0418720968717836,nan
7.05,220.00323486328125,-224.40194702148438,-5.017882823944092,219.73028286371607,-224.47513184513676,-5.014423870561835,0.28261418371723845,0.8552681500810952,0.22869705405766402,3.63811847103101e-05,1.656325385706666,8.301408688023397,2.467204006092122,2.6816297292442735,nan
7.0600000000000005,220.00323486328125,-224.39321899414062,-5.017882823944092,219.73142106735588,-224.46665067279113,-5.0146716339932995,0.28157638897054055,0.8554524775594774,0.22881424243505297,3.6454789974720716e-05,1.6012020720666476,8.235286373078146,nan,0.06332664531359355,nan
7.07,220.00323486328125,-224.38450622558594,-5.017882823944092,219.73255938361316,-224.4581696061754,-5.01544238582118,0.28053068401094444,0.8556374108616374,0.22893199344855908,3.65293121382809e-05,1.4721162652419937,8.140680535661264,nan,0.442821928127257,nan
7.08,220.00323486328125,-224.3757781982422,-5.017882823944092,219.73369794665084,-224.44968875765215,-5.013775019400414,0.27951707331949227,0.855822951787575,0.2290503088981822,3.66045738217036e-05,1.7610294208943877,8.374042228720109,nan,1.7123467921161002,nan
7.09,220.00323486328125,-224.36705017089844,-5.017882823944092,219.73483652952973,-224.4412077229412,-5.015715234842986,0.2784631152021334,0.8560091021372903,0.22916919058392232,3.668040095242595e-05,1.4191551213809595,8.02426911739772,nan,2.5972200533363656,nan
7.1000000000000005,220.00323486328125,-224.35833740234375,-5.017882823944092,219.73821242157706,-224.43753589644626,-5.015128725418975,0.276616848969188,0.8557570231222313,0.22909365645268126,3.638118471185169e-05,1.5400053387898702,8.240590748973153,0.6632345503284454,0.0053296143306595265,nan
7.11,220.00323486328125,-224.349609375,-5.017882823944092,219.7393556572898,-224.42907696500117,-5.015737670592736,0.2755937860296882,0.855941582043005,0.22921198368199128,3.645478997589049e-05,1.4488691485641916,8.095037033406324,nan,0.2815935215492043,nan
7.12,220.00323486328125,-224.34088134765625,-5.017882823944092,219.7404990181848,-224.42061817128604,-5.014022484489264,0.27459604433024287,0.8561267466290403,0.229330874623127,3.6529312139117256e-05,1.7217582966388076,8.355792476571647,nan,1.8289089517490802,nan
7.13,220.00323486328125,-224.33216857910156,-5.017882823944092,219.74164238016863,-224.41215940167137,-5.013065577105969,0.27359160218018763,0.8563125186803374,0.22945033107608853,3.6604573822242486e-05,1.9387962430990087,8.604424314021074,nan,0.5076314639208237,nan
7.140000000000001,220.00323486328125,-224.3234405517578,-5.017882823944092,219.74278567037783,-224.40370047827417,-5.0138672368453365,0.27256478647874477,0.8564988999968964,0.22957035484087593,3.668040095270126e-05,1.7356996785911016,8.348937544409864,nan,0.507278247095313,nan
7.15,220.00323486328125,-224.31471252441406,-5.017882823944092,219.73518570166965,-224.39445415916805,-5.015640265332003,0.2796678573290977,0.8562463557877679,0.22949316936069983,3.638118471199612e-05,1.4776867511881342,7.925339484069759,1.11861505452616,0.9836196933176987,nan
7.16,220.00323486328125,-224.30599975585938,-5.017882823944092,219.73629928874135,-224.38599984841264,-5.016222598110191,0.2786707234592411,0.8564311435413082,0.22961262294676413,3.645478997582702e-05,1.4062360127731028,7.884847249832033,nan,0.22911958248499031,nan
7.17,220.00323486328125,-224.29727172851562,-5.017882823944092,219.7374128900642,-224.37754573497725,-5.014324412859311,0.2777010980314112,0.856616536807295,0.22973264129170323,3.6529312138873134e-05,1.6686575407952553,8.096159959759552,nan,2.337322244064842,nan
7.18,220.00323486328125,-224.28854370117188,-5.017882823944092,219.7385264142223,-224.36909134669813,-5.014213571776834,0.27671637034062246,0.8568025373857284,0.22985322619551735,3.660457382184305e-05,1.6812703974264538,8.100307867921874,nan,0.0034263178953090724,nan
7.19,220.00323486328125,-224.27981567382812,-5.017882823944092,219.73963973324612,-224.3606371911212,-5.014407061134831,0.2757291989668474,0.8569891470766084,0.22997437945820665,3.6680400952170026e-05,1.634306645197472,8.043392935615236,nan,0.0345479667477731,nan
7.2,220.00323486328125,-224.27110290527344,-5.017882823944092,219.73262992107934,-224.35006653475477,-5.013317812559828,0.28192752411551647,0.8567361369617144,0.229895522222227,3.6381184711427275e-05,1.9012632583009927,8.220169725232443,0.41800196785837984,1.2546569694674714,nan
7.21,220.00323486328125,-224.2623748779297,-5.017882823944092,219.7337168595581,-224.34160940361238,-5.013663991024432,0.2809552685789763,0.8569211509446703,0.23001608968191473,3.645478997516295e-05,1.808266997908263,8.084351001040421,nan,0.10015709542131948,nan
7.22,220.00323486328125,-224.25364685058594,-5.017882823944092,219.7348036940846,-224.3331522137523,-5.013516304669622,0.27999189605963176,0.857106770292732,0.23013722291954827,3.652931213813223e-05,1.8335937685403474,8.105136478212884,nan,0.007950377063258629,nan
7.23,220.00323486328125,-224.24493408203125,-5.017882823944092,219.73589040867034,-224.324694820949,-5.014399825401406,0.2790106882589906,0.8572929968058995,0.23025892373512788,3.6604573821042356e-05,1.6345316295510355,7.944210573418234,nan,0.5475328322059488,nan
7.24,220.00323486328125,-224.2362060546875,-5.017882823944092,219.73697706243496,-224.31623774309625,-5.013838291152141,0.2780551130739434,0.8574798322841732,0.23038119392865383,3.668040095132473e-05,1.7407810734019478,8.00406138144335,nan,0.1901533204860381,nan
7.25,220.00323486328125,-224.22747802734375,-5.017882823944092,219.7059687497072,-224.2969550819381,-5.015606823501628,0.30528574086015764,0.8572263557349628,0.23030064579359474,3.638118471059721e-05,1.5092416592697175,6.9887399174442875,2.4372645808437956,2.5976984873415745,nan
7.26,220.00323486328125,-224.21876525878906,-5.017882823944092,219.69436839974796,-224.29573570189095,-5.014490810523046,0.3183307197898302,0.8499084356769344,0.22792424099528158,3.6454788798609235e-05,2.3358360156873617,7.853558903269706,nan,0.8200087335888475,0.021109477264013472
7.2700000000000005,220.00323486328125,-224.2100372314453,-5.017882823944092,219.6953388906487,-224.28727653408808,-5.013002338204598,0.3174738713297993,0.8500815644345123,0.22803283558498824,3.652931100923473e-05,2.6608182869084454,8.132709299200211,nan,1.402371771006306,nan
7.28,220.00323486328125,-224.20130920410156,-5.017882823944092,219.69631380773785,-224.2788146579197,-5.013185455071058,0.31659073735938326,0.8502552894526162,0.22814196160152525,3.660457273908996e-05,2.60014860495666,8.078643417045422,nan,0.034291398410710126,nan
7.29,220.00323486328125,-224.19259643554688,-5.017882823944092,219.6972916552793,-224.2703510018888,-5.014513714686505,0.3156871394383095,0.8504296125312434,0.2282516208448946,3.668039991553967e-05,2.295173991420535,7.82186036849105,nan,1.2042040560891323,nan
7.3,220.00323486328125,-224.18386840820312,-5.017882823944092,219.67524075630692,-224.2432367645596,-5.012858223984271,0.3333616392914988,0.8501943738307336,0.22818719809456714,3.6381183736383336e-05,2.5712410600561415,7.644239360179556,3.1023617958873233,0.6515470291790236,nan
7.3100000000000005,220.00323486328125,-224.17514038085938,-5.017882823944092,219.67615288896576,-224.23470222416108,-5.011841794272396,0.33251575171578046,0.8503672704060682,0.22829643128042393,3.64547890434225e-05,2.8669272384289175,7.942736692861898,nan,0.5934773144090928,nan
7.32,220.00323486328125,-224.16641235351562,-5.017882823944092,219.6770671862143,-224.2261663501194,-5.011742979701453,0.33165281750756465,0.850540761587734,0.22840619602363132,3.652931124878526e-05,2.8864395634960505,7.970977038270361,nan,0.0002155810575710424,nan
7.33,220.00323486328125,-224.15769958496094,-5.017882823944092,219.67798212455455,-224.21762978232832,-5.0120026189337725,0.33078021315773676,0.8507148491757263,0.22851649412419012,3.660457297313597e-05,2.7874678486453206,7.930113390273557,nan,0.07434230925015169,nan
7.34,220.00323486328125,-224.1489715576172,-5.017882823944092,219.678898613727,-224.2090920502376,-5.013068467026308,0.32989642986908474,0.8508895349700398,0.22862732738210084,3.668040014386769e-05,2.4634546168451177,7.5640788665740954,nan,0.8300508648773447,nan
7.3500000000000005,220.00323486328125,-224.14024353027344,-5.017882823944092,219.69427851598496,-224.2129274779389,-5.016046790393331,0.3173962063448466,0.8506540244390639,0.22856154758823413,3.638118395323404e-05,1.9939278302206087,7.430206225704702,1.543062660583872,4.102204898339878,nan
7.36,220.00323486328125,-224.13153076171875,-5.017882823944092,219.69522815658829,-224.2044420089093,-5.015472444882288,0.3165280260292102,0.850827280423401,0.22867194000787625,3.645478925446839e-05,2.0493176140536056,7.52732733747879,nan,0.24033445130390335,nan
7.37,220.00323486328125,-224.122802734375,-5.017882823944092,219.69617710460008,-224.1959570267643,-5.014509179851197,0.315669762783428,0.8510011311581708,0.22878286586767158,3.652931145389519e-05,2.190477670745613,7.618609424350505,nan,0.6278377892343728,nan
7.38,220.00323486328125,-224.11407470703125,-5.017882823944092,219.6971298451572,-224.18746966610803,-5.015329118256668,0.3147913968826672,0.8511755784433669,0.22889432696761972,3.660457317220176e-05,2.046068739999937,7.479698867274763,nan,0.43160526689391526,nan
7.390000000000001,220.00323486328125,-224.1053466796875,-5.017882823944092,219.6980824006006,-224.1789825093417,-5.0159372406270295,0.31391726009151427,0.8513506240789827,0.22900632510772023,3.668040033680356e-05,1.9601496221497796,7.392960847716859,nan,0.22151341741202482,nan
7.4,220.00323486328125,-224.0966339111328,-5.017882823944092,219.70885618494984,-224.18420983448024,-5.013880316338322,0.3071552843000399,0.8511148295550317,0.22893915785008134,3.6381184135855004e-05,2.4298684080600075,7.8473547900223455,3.713432292700617,0.7277720454475145,nan
7.41,220.00323486328125,-224.08790588378906,-5.017882823944092,219.70982675087615,-224.17578469378955,-5.0145899979309725,0.30630352328267557,0.8512884420308039,0.22905070034529446,3.645478943107161e-05,2.276313719847848,7.655085803202718,nan,0.35963471350042653,nan
7.42,220.00323486328125,-224.0791778564453,-5.017882823944092,219.7107973588375,-224.1673596522838,-5.015382848826045,0.30545371662197046,0.8514626493993278,0.2291627781166826,3.6529311624454996e-05,2.139372637744325,7.518660334969627,nan,0.4243558026658344,nan
7.43,220.00323486328125,-224.07046508789062,-5.017882823944092,219.71176624259522,-224.15893572807056,-5.0151482150352305,0.30461203046555824,0.8516374534605963,0.2292753929642447,3.660457333670962e-05,2.161757899455121,7.579832624378504,nan,0.03598881885160956,nan
7.44,220.00323486328125,-224.06173706054688,-5.017882823944092,219.71273727688487,-224.15051026289385,-5.016134216586951,0.30376403142036146,0.8518128560146019,0.2293885466879796,3.66804004952672e-05,2.0302875505549394,7.407332700475802,nan,0.626922870815029,nan
7.45,220.00323486328125,-224.05300903320312,-5.017882823944092,219.70401912595318,-224.12446180967393,-5.013457374604185,0.307660756893087,0.8515767657039426,0.2293199627062452,3.6381184285368984e-05,2.28716905671329,7.590656836683749,3.9499864103382913,2.0617570780297174,nan
7.46,220.00323486328125,-224.04429626464844,-5.017882823944092,219.70497652475927,-224.115954747705,-5.013509690998036,0.3067769531493841,0.8517507317088534,0.2294326459617069,3.645478957478403e-05,2.2625228962540906,7.616094278659816,nan,0.008066959760160973,nan
7.47,220.00323486328125,-224.0355682373047,-5.017882823944092,219.70593584944564,-224.10744628574625,-5.014821089832192,0.30587993018693976,0.8519252927469797,0.22954586628351883,3.6529311762414376e-05,1.9838844009270178,7.288629245721493,nan,1.2094261888806004,nan
7.48,220.00323486328125,-224.02684020996094,-5.017882823944092,219.70688963929538,-224.09894161710997,-5.012396468632918,0.3050396773973918,0.8521004506183142,0.22965962547167945,3.66045734689764e-05,2.5389545081169147,7.843765089599217,nan,3.710700219108198,nan
7.49,220.00323486328125,-224.0181121826172,-5.017882823944092,219.7078472661267,-224.09043440481403,-5.012480766815094,0.3041603501402815,0.8522762071228493,0.22977392532618718,3.668040062191239e-05,2.501664427695163,7.809793702229557,nan,0.016528411673633444,nan
7.5,220.00323486328125,-224.0093994140625,-5.017882823944092,219.7569811972568,-224.07610015366885,-5.013635733383409,0.2551624864135453,0.85203980960341,0.22970389652069498,3.638118440448839e-05,1.76279117126857,9.077054987609262,15.874900287575194,0.017125724984059336,nan
7.51,220.00323486328125,-224.00067138671875,-5.017882823944092,219.75812830431536,-224.06750983439903,-5.014708549028857,0.25407612905907767,0.8522141261338757,0.22981771107552518,3.645478968859845e-05,1.5327719529827426,8.780126504973627,nan,0.7637558155546781,nan
7.5200000000000005,220.00323486328125,-223.991943359375,-5.017882823944092,219.75927580862304,-224.0589190574238,-5.016222188611306,0.2529911504154974,0.8523890378361001,0.2299320644419618,3.6529311871019856e-05,1.32131355023138,8.561252519266466,nan,1.4566837673023665,nan
7.53,220.00323486328125,-223.9832305908203,-5.017882823944092,219.76042151404164,-224.05032930424912,-5.0163808460570705,0.25191827216446916,0.8525645465100763,0.23004695842000314,3.6604573572475794e-05,1.2967658313200447,8.579713192069455,nan,0.008044329832262262,nan
7.54,220.00323486328125,-223.97450256347656,-5.017882823944092,219.76156692443996,-224.04173960958053,-5.016318925826542,0.2508518662675369,0.8527406539557973,0.23016239480964748,3.66804007204156e-05,1.2913858545795511,8.498762420850907,nan,0.008092828242216427,nan
7.55,220.00323486328125,-223.9657745361328,-5.017882823944092,219.7442570515949,-224.02542382598173,-5.015050242387084,0.26577352810919325,0.8525039381792413,0.23009089424009072,3.63811844968448e-05,1.4660458182686589,8.19905805762589,0.9521816133533668,0.7742971145508768,nan
7.5600000000000005,220.00323486328125,-223.95704650878906,-5.017882823944092,219.7453449340186,-224.01681287343948,-5.015870399251604,0.26473247592951105,0.8526786021937208,0.23020583049903912,3.6454789776305254e-05,1.3462745358327468,8.070366671487676,nan,0.4202601860491522,nan
7.57,220.00323486328125,-223.94833374023438,-5.017882823944092,219.74643262063827,-224.00820220040126,-5.016589006381853,0.26369167281713696,0.8528538615165234,0.2303213072708521,3.6529311954198464e-05,1.2705585706590725,8.040486364649043,nan,0.3029434442593018,nan
7.58,220.00323486328125,-223.93960571289062,-5.017882823944092,219.7475185320892,-223.9995927581971,-5.015706891986828,0.26266713217074944,0.8530297179476429,0.2304373263555279,3.6604573651251674e-05,1.3438853006243618,8.038668416277375,nan,0.5602469075741844,nan
7.59,220.00323486328125,-223.93087768554688,-5.017882823944092,219.74860652105764,-223.99098176895387,-5.016806997091194,0.26162807744803956,0.8532061732870733,0.23055388955306486,3.6680400794917194e-05,1.2359584096590681,7.920286046980618,nan,0.7332411731799681,nan
7.6000000000000005,220.00323486328125,-223.9221649169922,-5.017882823944092,219.7291578514875,-223.97499688202194,-5.017733973967771,0.2791226380625623,0.8529691285801004,0.23048089143524714,3.6381184566465494e-05,1.244344944955034,7.564017347805611,1.2041798989126726,0.23498416436850303,nan
7.61,220.00323486328125,-223.91343688964844,-5.017882823944092,219.73017804034245,-223.96637015228174,-5.017688094065349,0.27814024657744557,0.853144137002313,0.23059693967952094,3.645478984199621e-05,1.2347419811741798,7.4713139500019325,nan,0.010652566534723544,nan
7.62,220.00323486328125,-223.9047088623047,-5.017882823944092,219.73119944259312,-223.95774258420184,-5.019068910661372,0.2771592548859435,0.853319740867383,0.23071353009483256,3.652931201609084e-05,1.2622399903508856,7.479732268058691,nan,1.0939233340201548,nan
7.63,220.00323486328125,-223.89598083496094,-5.017882823944092,219.73221918524155,-223.94911611912545,-5.018576436071115,0.27617627932960864,0.8534959419753054,0.23083066448118042,3.660457370947747e-05,1.2269558784249837,7.417018764954054,nan,0.2337948833443346,nan
7.640000000000001,220.00323486328125,-223.88726806640625,-5.017882823944092,219.73324038887085,-223.94048848501203,-5.019801541285036,0.2751964946087692,0.853672742126075,0.2309483446385629,3.668040084960911e-05,1.3041355367644292,7.5324607328121225,nan,0.8157919643442118,nan
7.65,220.00323486328125,-223.8785400390625,-5.017882823944092,219.73546249706837,-223.9285432068305,-5.017832408886103,0.27240110028367975,0.8534353581909966,0.23087382433933112,3.6381184617389345e-05,1.151438653412447,7.469182362659701,0.14856032261784552,3.1796264624283435,nan
7.66,220.00323486328125,-223.86981201171875,-5.017882823944092,219.73649093535772,-223.91989821747273,-5.017473516120149,0.2714058190676789,0.8536107079130308,0.23099097473706542,3.645478988970753e-05,1.146237223959012,7.444060650741066,nan,0.12613980467812794,nan
7.67,220.00323486328125,-223.86109924316406,-5.017882823944092,219.73752003149724,-223.91125273270353,-5.0180837754858505,0.2704067024400695,0.8537866532103824,0.2311086689218308,3.6529312060718326e-05,1.1329022413436385,7.4718978710618575,nan,0.1867049300152426,nan
7.68,220.00323486328125,-223.8523712158203,-5.017882823944092,219.738549058785,-223.90260731147293,-5.018705403193031,0.2694121694446424,0.8539631958830469,0.2312269086936258,3.6604573751148904e-05,1.1406781825187913,7.395287282596096,nan,0.18500507405502706,nan
7.69,220.00323486328125,-223.84364318847656,-5.017882823944092,219.73957737774677,-223.893962256591,-5.018253972100892,0.2684164973417719,0.85414033773102,0.23134569585244907,3.66804008884511e-05,1.1164029760783114,7.3465474818028484,nan,0.19405623711343462,nan
7.7,220.00323486328125,-223.8349151611328,-5.017882823944092,219.72974228796357,-223.89606810857333,-5.01875233486079,0.28024744028053394,0.8539026046456477,0.2312696298829179,3.6381184653407056e-05,1.3289559994082152,7.03516539179868,2.0219908947762915,0.1763860382074084,nan
7.71,220.00323486328125,-223.82620239257812,-5.017882823944092,219.73071892544334,-223.8874863673151,-5.02096595349285,0.27933880436317937,0.8540782925309635,0.23138787249929202,3.6454789923181337e-05,1.559266235343885,7.30140720909655,nan,2.917704578830636,nan
7.72,220.00323486328125,-223.81747436523438,-5.017882823944092,219.7316938930031,-223.8789058869071,-5.020513215226166,0.2784156054407204,0.8542545761219429,0.2315066604774065,3.652931209176695e-05,1.4785045804756987,7.134098930406732,nan,0.22866707795431257,nan
7.73,220.00323486328125,-223.80874633789062,-5.017882823944092,219.7326688520819,-223.8703251404561,-5.02042018976034,0.27749658298258084,0.8544314572185825,0.2316259956172602,3.6604573779889084e-05,1.455615853634673,7.0817204246906575,nan,0.03198252039275939,nan
7.74,220.00323486328125,-223.80003356933594,-5.017882823944092,219.73364291474715,-223.86174487269673,-5.018828498787292,0.2765664440560525,0.8546089376208788,0.23174587971885194,3.66804009149969e-05,1.2946072687198742,6.952612998710102,nan,1.89294157306448,nan
7.75,220.00323486328125,-223.7913055419922,-5.017882823944092,219.75111326433012,-223.8476671526418,-5.018537077944741,0.2583454274048473,0.8543708458377701,0.23166824572603162,3.6381184677902436e-05,1.1078871653587834,7.296246082752657,1.8778123765726265,0.007826019876593308,nan
7.76,220.00323486328125,-223.78257751464844,-5.017882823944092,219.75215484647217,-223.83904314920352,-5.018127272834135,0.2573511268322284,0.8545468687240944,0.23178757053303575,3.645478994572594e-05,1.08859004078348,7.258639444901716,nan,0.1532290162841135,nan
7.7700000000000005,220.00323486328125,-223.7738494873047,-5.017882823944092,219.7531953827636,-223.83041993904962,-5.015181010257892,0.25637327790811826,0.8547234874442824,0.23190744223609241,3.652931211246524e-05,1.2776707189394383,7.431437698679346,nan,5.873022468899729,nan
7.78,220.00323486328125,-223.76513671875,-5.017882823944092,219.75423654480662,-223.82179612039417,-5.013525790829336,0.25540053667804485,0.8549007037983315,0.2320278626352007,3.660457379884238e-05,1.5872238360736892,7.793146261772089,nan,1.7692267715215118,nan
7.79,220.00323486328125,-223.75640869140625,-5.017882823944092,219.75527853402102,-223.81317148143512,-5.013973070447722,0.25440055370315784,0.8550785195862391,0.23214883353035967,3.66804009323041e-05,1.4763455102466516,7.618298637462835,nan,0.14831216433792305,nan
7.8,220.00323486328125,-223.7476806640625,-5.017882823944092,219.78329559429687,-223.8420281172867,-5.014674431395886,0.23934288741054782,0.8548400599313403,0.23206961028729667,3.6381184693773855e-05,1.614715132080412,8.27104732671816,10.232455199338217,0.11514114415168801,nan
7.8100000000000005,220.00323486328125,-223.73895263671875,-5.017882823944092,219.78439191351407,-223.83356270388018,-5.01525170391544,0.23843285063869618,0.8550164146334593,0.2321900071731535,3.645478996015156e-05,1.5127865653762194,8.15709105574918,nan,0.20052771276005338,nan
7.82,220.00323486328125,-223.73023986816406,-5.017882823944092,219.78548814673556,-223.8250972602685,-5.0161000472699495,0.23751786395123076,0.855193365295469,0.2323109524498548,3.6529312125532846e-05,1.4008599207673025,8.078300791390083,nan,0.4281895154716278,nan
7.83,220.00323486328125,-223.7215118408203,-5.017882823944092,219.78658366978598,-223.8166324594845,-5.014747929583536,0.23663368166986468,0.8553709137173672,0.23243244791739986,3.660457381063714e-05,1.573538790591433,8.188230783344851,nan,1.2732699605296438,nan
7.84,220.00323486328125,-223.71278381347656,-5.017882823944092,219.7876792299812,-223.8081677585653,-5.0134803328681965,0.23575773572833966,0.8555490616991523,0.23255449537578804,3.6680400942908026e-05,1.8247132934242911,8.4304149671508,nan,1.0701665945811778,nan
7.8500000000000005,220.00323486328125,-223.70407104492188,-5.017882823944092,219.7968146975274,-223.78839908907372,-5.014567090990777,0.22300560070397832,0.8553102253698752,0.2324736627703243,3.638118470341503e-05,1.409818664330055,8.608013886323688,1.8537032438287,0.38283429081719406,nan
7.86,220.00323486328125,-223.69534301757812,-5.017882823944092,219.79795294625046,-223.77987129897565,-5.016323648273132,0.22200929450054005,0.8554869086823256,0.23259512154857015,3.6454789968760776e-05,1.165665322127273,8.299493851474445,nan,1.9400031146967893,nan
7.87,220.00323486328125,-223.68661499023438,-5.017882823944092,219.79909034821623,-223.77134420002085,-5.014609263441416,0.2210536998571593,0.8556641880784983,0.2327171301737989,3.652931213318184e-05,1.3837416342298625,8.497731370959386,nan,2.0540878991239717,nan
7.88,220.00323486328125,-223.67788696289062,-5.017882823944092,219.8002283393121,-223.76281651567126,-5.015519226444336,0.2200687717571423,0.8558420653583921,0.23283969044601,3.660457381739454e-05,1.2344565077800913,8.33750215305482,nan,0.49941702245288216,nan
7.890000000000001,220.00323486328125,-223.66917419433594,-5.017882823944092,219.80136608711007,-223.75428895989288,-5.015328585442805,0.21909370197014927,0.8560205423220059,0.23296280416520304,3.6680400948839676e-05,1.2510335729416824,8.38359749201663,nan,0.037060543048017,nan
7.9,220.00323486328125,-223.6604461669922,-5.017882823944092,219.81816847159837,-223.77966581751278,-5.013152529268349,0.22019371037450802,0.8557813208847788,0.2328803431874563,3.638118470873543e-05,1.993970473412607,9.147799071662714,6.001859490638658,2.7350245610141726,nan
7.91,220.00323486328125,-223.65171813964844,-5.017882823944092,219.81932466624346,-223.77128820662438,-5.012207221943786,0.21943603612254534,0.855958329584438,0.23300285360568737,3.6454789973377315e-05,2.2542421564743576,9.40668436372255,nan,0.5735553943289539,nan
7.92,220.00323486328125,-223.6429901123047,-5.017882823944092,219.8204812222502,-223.76291041780306,-5.012938623300012,0.21864175745024947,0.8561359344894396,0.2331259152892423,3.652931213715068e-05,2.0315240897663123,9.185229962457093,nan,0.37045408051343026,nan
7.930000000000001,220.00323486328125,-223.63427734375,-5.017882823944092,219.82163757690884,-223.7545330513596,-5.010898791466257,0.21791692531825038,0.8563141373997828,0.23324953003812077,3.660457382076929e-05,2.6864265324990675,9.873275600570212,nan,2.6606995849346977,nan
7.94,220.00323486328125,-223.62554931640625,-5.017882823944092,219.82279418603846,-223.74615560233997,-5.0104801879946965,0.21716241210108178,0.8564929401154668,0.23337369965232246,3.6680400951670846e-05,2.8396532424438825,10.001859279568803,nan,0.08667966586580064,nan
7.95,220.00323486328125,-223.6168212890625,-5.017882823944092,219.81250990396933,-223.73927235738321,-5.009424003723742,0.22680790523466915,0.8562533255027966,0.23328959238098818,3.638118471120756e-05,3.405376769264925,10.241595403798176,0.5361081928176094,0.5997312808293519,nan
7.96,220.00323486328125,-223.6081085205078,-5.017882823944092,219.81362400078882,-223.7309120898712,-5.0100305131454945,0.2260412674897845,0.8564306563513767,0.23341314412927747,3.645478997539625e-05,3.1217570402968065,10.006326443396857,nan,0.3060898701442816,nan
7.97,220.00323486328125,-223.59938049316406,-5.017882823944092,219.81473827166735,-223.7225517779832,-5.0117477609869905,0.22525489884027183,0.8566085835246953,0.2335372485242792,3.652931213875892e-05,2.4527156614735617,9.323083442211757,nan,2.0530327899506187,nan
7.98,220.00323486328125,-223.5906524658203,-5.017882823944092,219.81585251699983,-223.71419165293773,-5.013348799954123,0.22448748701231686,0.8567871088227519,0.23366190736599324,3.6604573822006964e-05,1.9759385691852962,8.849229068251761,nan,1.7019245503435538,nan
7.99,220.00323486328125,-223.58192443847656,-5.017882823944092,219.81696662183296,-223.70583171564425,-5.014516010373153,0.22374138316585512,0.8569662340455462,0.23378712245441946,3.668040095257577e-05,1.7153957633922663,8.583307032088712,nan,0.8558053069586969,nan
8.0,220.00323486328125,-223.57321166992188,-5.017882823944092,219.80873487016336,-223.68922571405525,-5.013023166109079,0.22652399880214286,0.8567262185526241,0.23370135204198988,3.6381184711926326e-05,2.0109617518171374,8.65328289545648,0.7510637704893812,0.8341179808298783,nan
8.01,220.00323486328125,-223.56448364257812,-5.017882823944092,219.80982437984576,-223.68083476669548,-5.0134610932555015,0.22575373947822766,0.8569038682990684,0.23382593476098054,3.6454789975846315e-05,1.89022262845926,8.495331000027642,nan,0.12637530209713946,nan
8.02,220.00323486328125,-223.55575561523438,-5.017882823944092,219.81091395323443,-223.6724438564474,-5.012265809678295,0.22502228540276664,0.8570821144874154,0.2339510714719537,3.65293121389712e-05,2.209711393971337,8.809203697926389,nan,0.9358528645241192,nan
8.03,220.00323486328125,-223.54702758789062,-5.017882823944092,219.81200353141102,-223.66405290865362,-5.0125891599389805,0.2242596059640279,0.8572609589176653,0.23407676397490937,3.6604573822010243e-05,2.103694122320969,8.70396515381071,nan,0.07508693230732309,nan
8.040000000000001,220.00323486328125,-223.53831481933594,-5.017882823944092,219.81309316405572,-223.6556618997196,-5.014434527627283,0.22346385346725092,0.8574404033898176,0.2342030140698475,3.6680400952397424e-05,1.6542952051039554,8.293133183335069,nan,2.2078363680416744,nan
8.05,220.00323486328125,-223.5295867919922,-5.017882823944092,219.83136678695254,-223.63870119260815,-5.014342555959143,0.20361021973397309,0.8571999796707054,0.23411556472684047,3.638118471167391e-05,1.4665665517142612,8.670828515102952,2.306286932103167,0.018952589483574568,nan
8.06,220.00323486328125,-223.52085876464844,-5.017882823944092,219.83252680870248,-223.63025537103854,-5.014508541502321,0.20278126927735757,0.857377945053491,0.23424116801552206,3.645478997545521e-05,1.4266103283176494,8.622136110910755,nan,0.013225951586533669,nan
8.07,220.00323486328125,-223.51214599609375,-5.017882823944092,219.8336867548918,-223.6218096090346,-5.015827294672186,0.20193289544368853,0.8575565069931086,0.23436732660615983,3.652931213846287e-05,1.2220453524303465,8.443243957639524,nan,1.0790104536287122,nan
8.08,220.00323486328125,-223.50341796875,-5.017882823944092,219.83484659580688,-223.61336377419522,-5.017522170466893,0.2011040000321949,0.8577356672895581,0.23449404229875387,3.6604573821404534e-05,1.1022414790977841,8.26277859938434,nan,1.7298056373061905,nan
8.09,220.00323486328125,-223.49468994140625,-5.017882823944092,219.83600629102455,-223.60491790093312,-5.020252329744667,0.2003028032709758,0.8579154277428396,0.23462131689330418,3.668040095171237e-05,1.2441057350355325,8.376657172910551,nan,4.461718998389877,nan
8.1,220.00323486328125,-223.4859619140625,-5.017882823944092,219.8358612583647,-223.59613041591206,-5.020835021411951,0.2003989468346228,0.8576745888062678,0.23453217387159167,3.638118471098198e-05,1.3319647455629402,8.430618847642425,0.053486532999949474,0.2138761979665345,nan
8.11,220.00323486328125,-223.4772491455078,-5.017882823944092,219.83701654245317,-223.58768429792627,-5.0238295777231174,0.19964923478216332,0.8578528665556167,0.23465878729476525,3.64547899747115e-05,2.0547458948361337,9.149795696646326,nan,5.224013426571554,nan
8.120000000000001,220.00323486328125,-223.46852111816406,-5.017882823944092,219.83817204744125,-223.57923805107365,-5.023155539007523,0.19882598907103596,0.8580317409744913,0.23478595729538262,3.6529312137681705e-05,1.8382218612304904,8.835831576507415,nan,0.519171742383288,nan
8.13,220.00323486328125,-223.4597930908203,-5.017882823944092,219.83932772721036,-223.57079174886485,-5.02208131784835,0.19799969367075598,0.8582112138628919,0.2349136856734439,3.6604573820598416e-05,1.5512260238774107,8.501328751945103,nan,1.0513728719854143,nan
8.14,220.00323486328125,-223.45106506347656,-5.017882823944092,219.8404835780537,-223.56234534440046,-5.020204242538056,0.19717167836687552,0.8583912870208186,0.23504197422894924,3.668040095089291e-05,1.2091394615503648,8.116711481863229,nan,2.705537255462727,nan
8.15,220.00323486328125,-223.44235229492188,-5.017882823944092,219.84836868932945,-223.5685750743146,-5.017811394724196,0.19978920635065983,0.8581500262256312,0.23495112380427102,3.638118471019104e-05,1.185346662574674,8.169923200091311,1.2709304597815856,3.165287732422412,nan
8.16,220.00323486328125,-223.43362426757812,-5.017882823944092,219.84953344132714,-223.56019086224438,-5.01856480107543,0.19910724519448325,0.8583286130656301,0.23507873689971004,3.645478997392277e-05,1.1906218696276474,8.122554626040886,nan,0.3024255610418514,nan
8.17,220.00323486328125,-223.42489624023438,-5.017882823944092,219.85069839697513,-223.55180661153864,-5.018099972356841,0.19842797950686303,0.8585077966856169,0.23520690781439252,3.6529312136903376e-05,1.1718486799298582,8.080366204780141,nan,0.19713738809930126,nan
8.18,220.00323486328125,-223.4161834716797,-5.017882823944092,219.8415876755011,-223.55851384225068,-5.017205747013308,0.21537921472898747,0.8564838943702506,0.23058239149037718,3.660457256966663e-05,1.8619927259482216,8.779897276576422,nan,0.6063393212429781,0.04791532935006547
8.19,220.00323486328125,-223.40745544433594,-5.017882823944092,219.84273840178034,-223.55015817963485,-5.016397720180915,0.21476822471979512,0.8566576744936958,0.2306924989201488,3.668039975088203e-05,1.899172947812309,8.767999884380405,nan,0.4788653310157688,nan
8.2,220.00323486328125,-223.3987274169922,-5.017882823944092,219.864710261874,-223.5501001096494,-5.01749222490503,0.2051899360225668,0.8564221005576618,0.2306272817498187,3.638118358032715e-05,1.8022577260805275,9.47963429728311,2.3986380860886403,0.06589296286451816,nan
8.21,220.00323486328125,-223.38999938964844,-5.017882823944092,219.86592616546434,-223.54176654248622,-5.017718858490194,0.20466307449398313,0.8565944748753448,0.23073696255818743,3.6454788892087994e-05,1.7884634193734519,9.44098830072632,nan,0.014069325510990067,nan
8.22,220.00323486328125,-223.38128662109375,-5.017882823944092,219.8671428960067,-223.53343178578572,-5.017382440733896,0.20413090182322338,0.8567674364573474,0.23084716474430295,3.652931110221706e-05,1.784038012326886,9.444780591890044,nan,0.11415105054544741,nan
8.23,220.00323486328125,-223.37255859375,-5.017882823944092,219.86835897446358,-223.52509814397325,-5.017544808302976,0.2036171260509381,0.8569409871036705,0.23095789010816525,3.660457283136444e-05,1.7700525285214523,9.375505808275815,nan,0.004882612979997785,nan
8.24,220.00323486328125,-223.36383056640625,-5.017882823944092,219.86957510664854,-223.51676474293564,-5.017749490436355,0.20311034112437665,0.8571151286143146,0.2310691404497739,3.668040000690936e-05,1.7572075283750526,9.34188176560875,nan,0.010276822225929396,nan
8.25,220.00323486328125,-223.3551025390625,-5.017882823944092,219.8448504657341,-223.50702131898424,-5.018080248255546,0.219465195545079,0.8568793239553197,0.23100259476023935,3.63811838238311e-05,1.9465420855581752,8.522377361323821,5.027566634950181,1.0403518873885713,nan
8.26,220.00323486328125,-223.3463897705078,-5.017882823944092,219.84597114110383,-223.49870873230108,-5.017786774535872,0.21893595789720066,0.8570520560806508,0.23111340422690324,3.64547891297186e-05,1.9355945192479398,8.522714031214578,nan,0.08322403038187738,nan
8.27,220.00323486328125,-223.33766174316406,-5.017882823944092,219.84709097398647,-223.4903974502878,-5.018151218200832,0.21842431739658108,0.85722537582291,0.2312247372134886,3.652931133377901e-05,1.9274743221709778,8.472745432046828,nan,0.06090382701266517,nan
8.28,220.00323486328125,-223.3289337158203,-5.017882823944092,219.84821068452075,-223.4820864091775,-5.0186206201996475,0.21791922316822326,0.8573992849820969,0.23133659551999358,3.660457305668936e-05,1.9305691933358864,8.45702264000837,nan,0.10526272316890294,nan
8.290000000000001,220.00323486328125,-223.32020568847656,-5.017882823944092,219.84933191270034,-223.47377299493613,-5.017711900341307,0.2174145004953325,0.857573785358211,0.23144898094641597,3.668040022585552e-05,1.9067263966183567,8.414317393254429,nan,0.6209607869749508,nan
8.3,220.00323486328125,-223.31149291992188,-5.017882823944092,219.87483472308892,-223.4815021972707,-5.018212614397583,0.2130489595088818,0.857337737089219,0.2313810768095127,3.638118403134065e-05,1.967401538695559,9.185739171599055,1.7885754812598313,0.0732186327332807,nan
8.31,220.00323486328125,-223.30276489257812,-5.017882823944092,219.87602145905856,-223.4732496245099,-5.019661817215112,0.21272390287137175,0.8575108244596651,0.23149300705609996,3.645478933089101e-05,2.0417058542877244,9.222421386892073,nan,1.2395675742573808,nan
8.32,220.00323486328125,-223.29403686523438,-5.017882823944092,219.87721150700622,-223.46499285454837,-5.0184853134804746,0.21238691014935643,0.8576844997920874,0.23160546291240783,3.652931152854551e-05,1.9553376726037257,9.115514565723487,nan,1.0530000666448789,nan
8.33,220.00323486328125,-223.2853240966797,-5.017882823944092,219.8783979253255,-223.45674122714755,-5.020592154609474,0.21207412423174188,0.8578587648864847,0.23171844617843323,3.660457324500194e-05,2.1362228386479423,9.29979883544453,nan,2.667199394661509,nan
8.34,220.00323486328125,-223.27659606933594,-5.017882823944092,219.8795863736647,-223.44848671776998,-5.020904646203256,0.21176514211101324,0.858033621542856,0.23183195865417291,3.66804004076857e-05,2.1752063840892113,9.290414936914134,nan,0.024336971522199043,nan
8.35,220.00323486328125,-223.2678680419922,-5.017882823944092,219.86038784747177,-223.42318054755685,-5.021704916752643,0.21104940820548473,0.8577973171164303,0.23176266720273794,3.63811842031117e-05,2.2171938701245653,9.082502526904163,4.374939271703253,0.09129518137803476,nan
8.36,220.00323486328125,-223.25914001464844,-5.017882823944092,219.86152561525446,-223.41485695145056,-5.020464659631518,0.2105610155248828,0.8579707571096687,0.23187571015211714,3.645478949638854e-05,1.9889508504465816,8.818225000403894,nan,1.2805978973574232,nan
8.370000000000001,220.00323486328125,-223.25042724609375,-5.017882823944092,219.862664332809,-223.40653220340224,-5.018327800241152,0.21006910705155524,0.8581447854024512,0.23198928074964353,3.6529311687792894e-05,1.8017524444966737,8.630245509290887,nan,3.33710744370104,nan
8.38,220.00323486328125,-223.24169921875,-5.017882823944092,219.86379926051788,-223.39821262937784,-5.02004311478011,0.2096268157484601,0.8583194037947762,0.2321033807953134,3.660457339803671e-05,1.9143345729979588,8.6950812714443,nan,1.711337503933306,nan
8.39,220.00323486328125,-223.23297119140625,-5.017882823944092,219.86493404648715,-223.38989317610248,-5.022055428920789,0.2092105060440541,0.8584946140866422,0.232218012089123,3.668040055455954e-05,2.252040543424592,9.00321552973156,nan,2.2924426299083636,nan
8.4,220.00323486328125,-223.2242431640625,-5.017882823944092,219.88129006456654,-223.37972180407246,-5.023153658801118,0.197666191173421,0.8582580413008067,0.23214730552361965,3.63811843414233e-05,2.392360721236864,9.897436056835154,2.865134544533199,0.005598310159477399,nan
8.41,220.00323486328125,-223.2155303955078,-5.017882823944092,219.88248524964476,-223.37137535161287,-5.02390558007214,0.19724196594063542,0.8584318312385391,0.23226145291228797,3.6454789628848914e-05,2.614029958494756,10.09785161468104,nan,0.19391993593158752,nan
8.42,220.00323486328125,-223.20680236816406,-5.017882823944092,219.88368227453034,-223.36302648616837,-5.022527947451844,0.19677493157327752,0.8586062098059876,0.23237612993715615,3.652931181448608e-05,2.200223233621667,9.599077453292239,nan,1.6485567139746888,nan
8.43,220.00323486328125,-223.1980743408203,-5.017882823944092,219.88487707482093,-223.35468086741966,-5.023842526502122,0.19639167069229033,0.8587811788031504,0.23249133839822025,3.660457351905682e-05,2.570442484227419,9.92900591535045,nan,0.8224598356014655,nan
8.44,220.00323486328125,-223.18934631347656,-5.017882823944092,219.88607511111906,-223.3463312174664,-5.021490510815598,0.19591754135852193,0.858956740030026,0.23260708009547645,3.668040067000916e-05,1.945583770577374,9.255711902344965,nan,4.213459815779262,nan
8.45,220.00323486328125,-223.18063354492188,-5.017882823944092,219.894506039254,-223.35930812032555,-5.020700055975507,0.20917575831427496,0.8587198870332048,0.23253493168840678,3.6381184449800034e-05,2.0768525129675823,9.406032532807023,3.0109406989341974,0.4043637761281976,nan
8.46,220.00323486328125,-223.17190551757812,-5.017882823944092,219.8957000789055,-223.3510620131409,-5.02068200584462,0.20897036912535993,0.8588940241848637,0.2326501750785329,3.645478973201424e-05,2.064713288966239,9.341849426293479,nan,0.014619090582229393,nan
8.47,220.00323486328125,-223.16317749023438,-5.017882823944092,219.89689499047475,-223.34281485352085,-5.0195573833794604,0.2087595626224632,0.8590687502891032,0.23276595004353057,3.652931191255998e-05,1.9176561524864242,9.166413821911709,nan,1.0181675256119012,nan
8.48,220.00323486328125,-223.1544647216797,-5.017882823944092,219.8980884566429,-223.3345695278016,-5.02025034222579,0.20856441009908147,0.8592440671459215,0.2328822583833961,3.6604573612164824e-05,1.9849234989668902,9.227473402222383,nan,0.22392579068451215,nan
8.49,220.00323486328125,-223.14573669433594,-5.017882823944092,219.89928182475168,-223.32632400145448,-5.020946153621381,0.20839240317384067,0.8594199765553168,0.23299910189812578,3.668040075828152e-05,2.0788033765520493,9.271461177086415,nan,0.21483609559887748,nan
8.5,220.00323486328125,-223.1370086669922,-5.017882823944092,219.9103905845031,-223.32460824187694,-5.021615241251957,0.20935040372002678,0.8591828318503871,0.23292548599633905,3.638118453239417e-05,2.229411439049212,9.753818864228432,0.2942896756384219,0.1581829837238962,nan
8.51,220.00323486328125,-223.12828063964844,-5.017882823944092,219.9116137711847,-223.31638318492264,-5.0199016709185456,0.20923925969737206,0.8593573134367357,0.2330418167874584,3.645478981014157e-05,1.949614094724638,9.44426467864448,nan,2.2430454510722,nan
8.52,220.00323486328125,-223.11956787109375,-5.017882823944092,219.91283614935384,-223.30815930275918,-5.01941641854616,0.20914350931776526,0.8595323842913133,0.23315868104372714,3.652931198635736e-05,1.8933029922096967,9.379984398729626,nan,0.22547893093334095,nan
8.53,220.00323486328125,-223.11083984375,-5.017882823944092,219.9140579029527,-223.2999361918467,-5.019718059590015,0.20907732351173342,0.8597080462141181,0.23327608056514199,3.6604573681770895e-05,1.912311360821275,9.35470406179967,nan,0.02799958190781296,nan
8.540000000000001,220.00323486328125,-223.10211181640625,-5.017882823944092,219.91527884801326,-223.29171422249757,-5.021461233710986,0.20904099606034843,0.8598843010051488,0.23339401715169958,3.668040082383678e-05,2.160805911311491,9.580951821662572,nan,1.7352631876114952,nan
8.55,220.00323486328125,-223.0933837890625,-5.017882823944092,219.9568951170449,-223.30166013423576,-5.024819378891437,0.21348190516884208,0.8596468534526543,0.23331890917670756,3.638118459351776e-05,3.104369390104318,11.939359740573805,4.854822138668714,4.484481678910499,nan
8.56,220.00323486328125,-223.0846710205078,-5.017882823944092,219.95824203558888,-223.2934881955933,-5.025393082153663,0.21374136504855074,0.8598216766492779,0.23343631861707176,3.645478986756651e-05,3.3203898540452914,12.119657037129421,nan,0.08107795377594795,nan
8.57,220.00323486328125,-223.07594299316406,-5.017882823944092,219.95958870490531,-223.28531692200482,-5.026737968381766,0.2140580360607976,0.8599970894226575,0.23355426336544927,3.652931204022219e-05,3.9113566617184023,12.650801559611569,nan,0.8053719515548707,nan
8.58,220.00323486328125,-223.0672149658203,-5.017882823944092,219.96093629007459,-223.2771444480718,-5.0265411686957515,0.21432340923831333,0.8601730935727917,0.23367274522183712,3.660457373221388e-05,3.8044183755903784,12.490039880333342,nan,0.13122914659320115,nan
8.59,220.00323486328125,-223.05848693847656,-5.017882823944092,219.96228275532948,-223.2689729690106,-5.028101523912272,0.21467618876976252,0.860349690899679,0.2337917659862325,3.6680400870995335e-05,4.5948652608090965,13.22960638668192,nan,1.1092829954920749,nan
8.6,220.00323486328125,-223.04977416992188,-5.017882823944092,219.95957696388203,-223.25474816549286,-5.028390655920321,0.20983509137683753,0.8601119297202406,0.2337151424326395,3.638118463731636e-05,4.721215260476602,13.312105626816109,0.398819531471148,0.06082407300594403,nan
8.61,220.00323486328125,-223.04104614257812,-5.017882823944092,219.96091832484447,-223.24654774760035,-5.025462477834442,0.2099501137057985,0.8602870916609315,0.23383362163021973,3.645478990839976e-05,3.2538950931418973,11.785672322763313,nan,6.644641716809812,nan
8.620000000000001,220.00323486328125,-223.03231811523438,-5.017882823944092,219.96225801893067,-223.23834941471668,-5.026220438797823,0.21023204789172412,0.8604628434798819,0.23395263793223545,3.6529312078221096e-05,3.5726438515263883,12.070847535676617,nan,0.20064525337597494,nan
8.63,220.00323486328125,-223.02359008789062,-5.017882823944092,219.96359787019256,-223.23015101897462,-5.027215541248284,0.2105364792231539,0.8606391869770903,0.2340721931386842,3.6604573767507116e-05,4.040822877151815,12.51067939183269,nan,0.3929045519110886,nan
8.64,220.00323486328125,-223.01487731933594,-5.017882823944092,219.96493754424804,-223.22195303884718,-5.029564576682783,0.21091112252149213,0.8608161239525557,0.23419228904956363,3.6680400903709814e-05,5.373209141492513,13.830776147612086,nan,2.8751230196420994,nan
8.65,220.00323486328125,-223.0061492919922,-5.017882823944092,219.97069869522372,-223.218825336907,-5.029197100348608,0.21544770865115792,0.8605780387285223,0.23411412748171911,3.6381184667561024e-05,5.213390657726354,13.817380839976268,1.8325847690399388,0.02271355892290017,nan
8.66,220.00323486328125,-222.99742126464844,-5.017882823944092,219.9720484559243,-223.21064797505508,-5.031644915976873,0.21593428910618073,0.8607535365085588,0.23423366741486557,3.645478993634176e-05,6.881977240004802,15.463943740530327,nan,3.1483510735649363,nan
8.67,220.00323486328125,-222.98870849609375,-5.017882823944092,219.97339920071326,-223.20246927177425,-5.030940618698365,0.21622752365100048,0.860929624461434,0.234353746203392,3.6529312103977145e-05,6.345991778581233,14.92227923564144,nan,0.6468609227548512,nan
8.68,220.00323486328125,-222.97998046875,-5.017882823944092,219.9747494185717,-223.1942914182284,-5.031968701362324,0.21665413813097906,0.861106304387147,0.23447436564729648,3.66045737911918e-05,7.0907250751651585,15.64277844699468,nan,0.36552544904126527,nan
8.69,220.00323486328125,-222.97125244140625,-5.017882823944092,219.9760996471124,-223.18611378654595,-5.033677888676305,0.2171432745024925,0.8612835780856969,0.23459552754657717,3.66804009254346e-05,8.463873823141748,17.00620812907657,nan,1.287916018692318,nan
8.700000000000001,220.00323486328125,-222.9625244140625,-5.017882823944092,219.99453719279103,-223.19522326024318,-5.034559614070648,0.2334577431029059,0.8610451587620772,0.23451580659355692,3.6381184687532116e-05,9.439218026193826,18.535017326388598,3.942870848928952,0.12475148323219441,nan
8.71,220.00323486328125,-222.9538116455078,-5.017882823944092,219.99592994595875,-223.18711264152455,-5.032633280415109,0.2338809366442542,0.8612209894413952,0.2346363981213169,3.645478995458312e-05,7.75519152850657,16.838872695975585,nan,3.4005388266170993,nan
8.72,220.00323486328125,-222.94508361816406,-5.017882823944092,219.99732269537097,-223.1790022511331,-5.031233681803184,0.23437390209893771,0.86139741058131,0.23475753021087892,3.652931212058904e-05,6.65866595101766,15.723961170168634,nan,1.8969238120041176,nan
8.73,220.00323486328125,-222.9363555908203,-5.017882823944092,219.99871490181184,-223.1708924756789,-5.032200975958241,0.23501699914677318,0.8615744239818208,0.23487920466224152,3.6604573806271355e-05,7.372160652430843,16.42322036301044,nan,0.3075843470561591,nan
8.74,220.00323486328125,-222.92762756347656,-5.017882823944092,220.00010746614336,-223.16278203755368,-5.031179068773014,0.23555083828739765,0.8617520314429268,0.23500142327540327,3.6680400939075805e-05,6.5836408474099235,15.624954444177941,nan,1.1085110110294683,nan
8.75,220.00323486328125,-222.91891479492188,-5.017882823944092,220.0066418130561,-223.15389444174988,-5.030796585388841,0.23535888970853858,0.861513268327639,0.2349201226244223,3.63811846999767e-05,6.299513794979503,15.599088573367743,1.7109921829607577,1.378264661761747,nan
8.76,220.00323486328125,-222.91018676757812,-5.017882823944092,220.0080536967026,-223.14577600151932,-5.0311180632763985,0.23600991475937344,0.8616894289339014,0.2350417564965194,3.6454789965774666e-05,6.513273741303024,15.791373402966345,nan,0.001671667108593579,nan
8.77,220.00323486328125,-222.90145874023438,-5.017882823944092,220.00946543588609,-223.1376578153025,-5.032326601749093,0.2367222968275355,0.861866180281801,0.23516393259326393,3.6529312130610247e-05,7.411655051747384,16.673760640677408,nan,0.5665184321441918,nan
8.78,220.00323486328125,-222.89273071289062,-5.017882823944092,220.01087726683633,-223.12953944942905,-5.032564148356075,0.2373864472111077,0.8620435241713369,0.23528665271465482,3.6604573815201745e-05,7.581402251140711,16.83547649788496,nan,0.002055765432462588,nan
8.790000000000001,220.00323486328125,-222.88401794433594,-5.017882823944092,220.01228924378995,-223.12142092437992,-5.032476280134312,0.23802337217957245,0.8622214624025089,0.23540991866069114,3.668040094699199e-05,7.491390220739531,16.75159293756577,nan,0.09338028417130359,nan
8.8,220.00323486328125,-222.8752899169922,-5.017882823944092,220.00960491444525,-223.13201963724387,-5.0326909030720515,0.2572353125443702,0.8619823461659922,0.23532701904905093,3.638118470711683e-05,8.025848774304036,17.09052130503232,3.394587610550447,0.18761657081406868,nan
8.81,220.00323486328125,-222.86656188964844,-5.017882823944092,220.01098105040725,-223.12399414097268,-5.032700823553206,0.2579746897454801,0.8621588336975523,0.2354496859155289,3.645478997204444e-05,8.014766455122963,17.075636635103194,nan,0.05356145376987529,nan
8.82,220.00323486328125,-222.8578338623047,-5.017882823944092,220.0123571406682,-223.11596875729876,-5.033171930914801,0.2587481338102494,0.8623359122451781,0.23557289662685899,3.652931213607545e-05,8.383805975280165,17.440671163564204,nan,0.02077567145982605,nan
8.83,220.00323486328125,-222.84912109375,-5.017882823944092,220.01373325032867,-223.1079431837507,-5.032863089854026,0.25946772201887325,0.8625135836088693,0.23569665298304046,3.660457381992519e-05,8.108085825259838,17.165050279478393,nan,0.23636436900821572,nan
8.84,220.00323486328125,-222.84039306640625,-5.017882823944092,220.01510950649705,-223.09991757470908,-5.0314846458823625,0.2601518539648903,0.8626918495886255,0.23582095678407267,3.668040095103322e-05,7.014388054158673,16.079755517419414,nan,1.7744133306052468,nan
8.85,220.00323486328125,-222.8316650390625,-5.017882823944092,220.0057542943879,-223.08778732810026,-5.031001741566071,0.2564704280704043,0.8624523712628464,0.23573643998974128,3.638118471068771e-05,6.720539306413649,15.474358390503701,0.6093462927571816,0.7911707674777932,nan
8.86,220.00323486328125,-222.82293701171875,-5.017882823944092,220.00709696101157,-223.07975196373746,-5.029356697306232,0.2571001461477293,0.8626291826916103,0.23586013041027637,3.645478997504156e-05,5.594373943276157,14.348111384095473,nan,2.31662503982186,nan
8.870000000000001,220.00323486328125,-222.81422424316406,-5.017882823944092,220.0084396050955,-223.07171673145905,-5.027008046096153,0.25770669480054437,0.8628065854043643,0.23598436625415303,3.65293121385496e-05,4.2555239520727355,13.00360647385251,nan,4.213862384312408,nan
8.88,220.00323486328125,-222.8054962158203,-5.017882823944092,220.0097819254871,-223.06368163186406,-5.026590197138096,0.2584151532498592,0.8629845812011081,0.23610914932137084,3.6604573821923914e-05,4.040465774168537,12.780881106901356,nan,0.20684399374696832,nan
8.89,220.00323486328125,-222.79676818847656,-5.017882823944092,220.0111241505214,-223.05564644883822,-5.025971481820848,0.25912472079537613,0.8631631718818416,0.23623448141192943,3.668040095260175e-05,3.746083054087708,12.476548006180652,nan,0.36686119332583883,nan
8.9,220.00323486328125,-222.78805541992188,-5.017882823944092,219.98811432233728,-223.05192466137956,-5.024687681204045,0.2643896999283822,0.8629233228587361,0.23614833024285176,3.638118471199919e-05,3.493945471492543,11.469509161524526,2.623266912586155,1.1012907058416168,nan
8.91,220.00323486328125,-222.77932739257812,-5.017882823944092,219.98936489097267,-223.0439301637879,-5.0241378697296275,0.26503986164634835,0.8631004551329235,0.23627303469573754,3.6454789976000875e-05,3.288055065475541,11.258109834436256,nan,0.2660240479018677,nan
8.92,220.00323486328125,-222.77059936523438,-5.017882823944092,219.99061518203706,-223.0359356056139,-5.024010204444264,0.2657068339453094,0.8632781789526296,0.2363982861096539,3.6529312139193794e-05,3.2362508775809946,11.189011275701532,nan,0.027123343189647837,nan
8.93,220.00323486328125,-222.76187133789062,-5.017882823944092,219.99186532670294,-223.02794105038677,-5.023739798265547,0.26637691795272034,0.863456496117854,0.23652408628460067,3.660457382228829e-05,3.1392790448189833,11.0781198363608,nan,0.0762865166439231,nan
8.94,220.00323486328125,-222.75315856933594,-5.017882823944092,219.9931153877425,-223.0199464926575,-5.023613268653746,0.2670412661218994,0.8636354084285969,0.23665043702057761,3.668040095271913e-05,3.0908081364788673,11.006557041036361,nan,0.02408865890980739,nan
8.950000000000001,220.00323486328125,-222.7444305419922,-5.017882823944092,219.94176500614788,-222.9996722899931,-5.02244019675012,0.26257886987618023,0.8633951804579856,0.2365626353028093,3.6381184712001326e-05,2.9942624328097343,9.553959310092267,9.635048946165321,0.022529358700673498,nan
8.96,220.00323486328125,-222.73570251464844,-5.017882823944092,219.94284090481298,-222.99166369321523,-5.021771121650182,0.26301839101442986,0.8635726305047917,0.23668834419361878,3.645478997580975e-05,2.832137766280076,9.372241761663048,nan,0.3024891180613328,nan
8.97,220.00323486328125,-222.7269744873047,-5.017882823944092,219.94391667101382,-222.98365504558228,-5.022559204014763,0.26348704989455957,0.8637506723523585,0.23681460154325085,3.652931213883581e-05,3.0101054741616013,9.527005310855113,nan,0.4025521121579712,nan
8.98,220.00323486328125,-222.71826171875,-5.017882823944092,219.94499231877225,-222.9756464106721,-5.020749082408604,0.26390772831485815,0.8639293078006858,0.23694140915170547,3.660457382178797e-05,2.6296736473468774,9.120903413922871,nan,2.1523611486846423,nan
8.99,220.00323486328125,-222.70953369140625,-5.017882823944092,219.94606790520987,-222.96763754117606,-5.020473044771235,0.2643716467495423,0.8641085386497737,0.23706876881898262,3.66804009520992e-05,2.582192652697926,9.053790282758362,nan,0.041614543430016845,nan
9.0,220.00323486328125,-222.7008056640625,-5.017882823944092,219.96003914134252,-222.95992411019017,-5.017870520207832,0.2626941942046103,0.8638679238367809,0.23697930138373918,3.638118471135325e-05,2.3046320132748948,9.56513759209955,6.12423941608089,0.7392524393416391,nan
9.01,220.00323486328125,-222.69207763671875,-5.017882823944092,219.96115990584596,-222.9519060294353,-5.019635882476309,0.2632188612524959,0.8640456885649391,0.23710600505366874,3.645478997507696e-05,2.3828643277197643,9.580806396070823,nan,2.301244923555622,nan
9.02,220.00323486328125,-222.68336486816406,-5.017882823944092,219.9622806046788,-222.94388817079897,-5.02043194270028,0.2637349816006778,0.8642240453429236,0.2372332586412078,3.652931213803601e-05,2.4701430410609095,9.620990840738822,nan,0.49065747461917514,nan
9.03,220.00323486328125,-222.6746368408203,-5.017882823944092,219.9634013398371,-222.93587033252095,-5.021143275719535,0.2642731112350663,0.8644029959707348,0.23736106394635642,3.66045738209374e-05,2.5766276277133824,9.690394958836947,nan,0.37824286630364334,nan
9.040000000000001,220.00323486328125,-222.66590881347656,-5.017882823944092,219.96452199243467,-222.9278525177969,-5.020214896195743,0.2647992242496854,0.8645825422483726,0.23748942276911472,3.6680400951212954e-05,2.428440930625796,9.509227221654303,nan,0.5096485340323194,nan
9.05,220.00323486328125,-222.6571807861328,-5.017882823944092,219.94101903960737,-222.90488057409172,-5.019386319861185,0.2553982266388709,0.8643415330503891,0.2373982754388243,3.6381184710487976e-05,2.3014433685705886,8.669714492869588,1.7956832022674165,0.6643241721199454,nan
9.06,220.00323486328125,-222.64846801757812,-5.017882823944092,219.94226835044472,-222.89742754068425,-5.018861376172918,0.256317610392145,0.863272735480145,0.22580597142217237,3.645478865614106e-05,2.968977224137313,9.299487052855584,nan,0.13679341381545643,3.2214473008744186e-05
9.07,220.00323486328125,-222.63973999023438,-5.017882823944092,219.9433182102753,-222.88936468908537,-5.019992539340782,0.25672348253118676,0.8634557621547124,0.22590374382367512,3.652931086860931e-05,3.0566293474071347,9.351000942908252,nan,0.9418068640500281,nan
9.08,220.00323486328125,-222.63101196289062,-5.017882823944092,219.94436600751197,-222.88129581177995,-5.019264421801472,0.2571175917884221,0.8636393752926413,0.22600202981313774,3.660457260054043e-05,2.9790061369109937,9.244371219650668,nan,0.29788366726443083,nan
9.09,220.00323486328125,-222.62228393554688,-5.017882823944092,219.94541433010943,-222.8732285122108,-5.018972567972598,0.25752200324507873,0.8638235766939318,0.22610083119055271,3.6680399779279947e-05,2.9513100543547637,9.183011907608575,nan,0.03386457123919044,nan
9.1,220.00323486328125,-222.6135711669922,-5.017882823944092,219.95277476240054,-222.86809289547696,-5.017038720695515,0.25947686710391654,0.8635767643806883,0.2260487515564055,3.6381183606674545e-05,2.938636246567174,9.403812576425949,0.12826802120078443,2.0089615249246444,nan
9.11,220.00323486328125,-222.60484313964844,-5.017882823944092,219.95384340826018,-222.8600369885566,-5.017681952993142,0.25992971492078304,0.8637594396016732,0.2261472713151339,3.6454788916223615e-05,2.912303080437293,9.33343173161101,nan,0.36708207787366054,nan
9.120000000000001,220.00323486328125,-222.5961151123047,-5.017882823944092,219.95490973246055,-222.85197432132594,-5.016063781565193,0.2603892509782137,0.8639426999124411,0.226246305246542,3.652931112425123e-05,2.993920433272792,9.376149875105291,nan,1.508990620260224,nan
9.13,220.00323486328125,-222.58738708496094,-5.017882823944092,219.95597535577886,-222.843909885741,-5.013793819316733,0.26087186189441347,0.8641265471129913,0.22634585515061909,3.6604572851404805e-05,3.352249758106265,9.686705861362627,nan,2.969359626511905,nan
9.14,220.00323486328125,-222.57867431640625,-5.017882823944092,219.9570439753103,-222.83585449171605,-5.0146883867164425,0.2613148390985935,0.8643109830033233,0.22644592282735398,3.6680400025061843e-05,3.1655017727539017,9.447104327211994,nan,0.7258405049377614,nan
9.15,220.00323486328125,-222.5699462890625,-5.017882823944092,219.97551266536743,-222.83065874638035,-5.016492260157207,0.2621858869686363,0.8640637041649843,0.2263927551352005,3.638118384059888e-05,2.8298677130367875,9.489684164267954,3.3486421828578976,0.5664462027398641,nan
9.16,220.00323486328125,-222.56121826171875,-5.017882823944092,219.97663698282716,-222.82259460976383,-5.016475502883241,0.26272994331556304,0.8642466109068271,0.22649252619504473,3.6454789144819254e-05,2.822997728121249,9.452731601856147,nan,0.0024004168893294107,nan
9.17,220.00323486328125,-222.55250549316406,-5.017882823944092,219.9777599606626,-222.8145266428855,-5.015009331469419,0.2632723124899025,0.8644301031552588,0.22659281375476334,3.6529311347308445e-05,2.9863515656423587,9.593366955603436,nan,1.2521968212088421,nan
9.18,220.00323486328125,-222.5437774658203,-5.017882823944092,219.97888336258586,-222.80645957460948,-5.013912002988669,0.26383830897559174,0.8646141827102786,0.22669361961434353,3.660457306874098e-05,3.1830199341817647,9.758881972425463,nan,0.6353891784895109,nan
9.19,220.00323486328125,-222.53504943847656,-5.017882823944092,219.98000605218292,-222.79839043908626,-5.011959709637889,0.26442984617898974,0.8647988513718852,0.22679494557377222,3.668040023651984e-05,3.7006858981018618,10.24920807111057,nan,2.1423881335420365,nan
9.200000000000001,220.00323486328125,-222.5263214111328,-5.017882823944092,219.95371905476543,-222.77855926133833,-5.010202246905978,0.2571667545249871,0.8645511042800017,0.22674064906364522,3.638118404112697e-05,4.398855355209701,10.202102566301392,2.157259050672904,2.576222317401597,nan
9.21,220.00323486328125,-222.51760864257812,-5.017882823944092,219.95475842837578,-222.77046142711814,-5.009320562305813,0.25760009261478023,0.8647342408170908,0.22684166331805258,3.645478933946787e-05,4.780135009547628,10.564912533276726,nan,0.3127174277761913,nan
9.22,220.00323486328125,-222.50888061523438,-5.017882823944092,219.95579794774272,-222.76236410609354,-5.008635483304531,0.2580497130454965,0.8649179632680962,0.2269431963430756,3.6529311535993226e-05,5.102057562506648,10.862253107241893,nan,0.1509673832798086,nan
9.23,220.00323486328125,-222.50015258789062,-5.017882823944092,219.95683765996188,-222.7542670181092,-5.008027369594866,0.2585033347978352,0.8651022734330166,0.22704524993870084,3.6604573251398055e-05,5.406623208564679,11.15228981801327,nan,0.10128779589023398,nan
9.24,220.00323486328125,-222.49142456054688,-5.017882823944092,219.95787700871531,-222.7461690340748,-5.0068859733523245,0.2589845796312592,0.8652871731118508,0.2271478259049147,3.668040041310495e-05,6.042036270992595,11.773977617967814,nan,0.545602551930798,nan
9.25,220.00323486328125,-222.4827117919922,-5.017882823944092,219.93902268160178,-222.74183761246383,-5.006514616733842,0.26720522308950395,0.8650389561979124,0.2270923609813447,3.638118420802351e-05,6.573413323671671,11.83879277556042,3.769633078857825,0.3349439642390267,nan
9.26,220.00323486328125,-222.47398376464844,-5.017882823944092,219.93999383061458,-222.7337883819283,-5.00738139102125,0.2675969870273415,0.8652223207702537,0.2271946100760618,3.645478950046127e-05,6.039008705444024,11.285302155458632,nan,0.8258967968260664,nan
9.27,220.00323486328125,-222.4652557373047,-5.017882823944092,219.9409640028443,-222.72573692053166,-5.007115888983964,0.2680373738181219,0.8654062716544988,0.22729738015674367,3.6529311691090976e-05,6.18017225856142,11.411899394282159,nan,0.0005941426732040863,nan
9.28,220.00323486328125,-222.45652770996094,-5.017882823944092,219.94193430581066,-222.717686304229,-5.007244805961246,0.2684673856036919,0.8655908106506461,0.22740067302337724,3.6604573400622425e-05,6.0910131403328975,11.31317290401984,nan,0.08522570221857863,nan
9.290000000000001,220.00323486328125,-222.44781494140625,-5.017882823944092,219.94290601306565,-222.70963949416068,-5.009486578676887,0.2688162263108052,0.8657759395586943,0.22750449047594945,3.668040055649243e-05,4.913753473649436,10.133532076153042,nan,3.90686986637833,nan
9.3,220.00323486328125,-222.4390869140625,-5.017882823944092,219.91860774505716,-222.69852423379837,-5.009464671526817,0.27302076349751303,0.8655272514138881,0.2274478187254832,3.638118434310884e-05,5.138212313202521,9.766901435046774,2.701282479116792,0.3833273750807747,nan
9.31,220.00323486328125,-222.43035888671875,-5.017882823944092,219.9194950757418,-222.6904862556764,-5.009434203034446,0.2734044244215152,0.8657108422293528,0.22755129407295263,3.645478962998432e-05,5.141643923265829,9.761985358556535,nan,0.014751752359828636,nan
9.32,220.00323486328125,-222.421630859375,-5.017882823944092,219.92038191302862,-222.68244697405757,-5.008594206132669,0.27381733959799287,0.8658950197455099,0.22765529256740033,3.652931181512161e-05,5.538776204315319,10.156880331174223,nan,0.2845298518547871,nan
9.33,220.00323486328125,-222.4129180908203,-5.017882823944092,219.92126935417306,-222.67440911795822,-5.008662891324133,0.2741913731584542,0.8660797857623579,0.2277598160088143,3.6604573519240234e-05,5.492114182123581,10.107478095850773,nan,0.043238714374917324,nan
9.34,220.00323486328125,-222.40419006347656,-5.017882823944092,219.92215770044118,-222.6663740231204,-5.010572367351424,0.27453119641364854,0.8662651420798958,0.22786486619718269,3.668040066978575e-05,4.620027748145459,9.237671926052064,nan,2.8113396751925155,nan
9.35,220.00323486328125,-222.3954620361328,-5.017882823944092,219.91535849661588,-222.66021161880224,-5.009858505632007,0.27906806880457374,0.8660159814545738,0.22780695040291996,3.638118444950213e-05,5.058771153663465,9.582969734863394,1.0096581951835835,0.8017538485686712,nan
9.36,220.00323486328125,-222.38673400878906,-5.017882823944092,219.91621842019043,-222.65219265691272,-5.009921843173953,0.2794700922221168,0.8661997966910863,0.22791164319629534,3.6454789731383045e-05,5.021032521453202,9.554720051613664,nan,0.025787451264939837,nan
9.370000000000001,220.00323486328125,-222.37802124023438,-5.017882823944092,219.91707843626847,-222.6441739389562,-5.0101955848980255,0.27985582466095504,0.8663841990080248,0.228016861244378,3.652931191163362e-05,4.893491922900093,9.433323826009344,nan,0.105797340285324,nan
9.38,220.00323486328125,-222.36929321289062,-5.017882823944092,219.91793819024392,-222.6361546508038,-5.01005696824825,0.28027092873449977,0.8665691902053881,0.2281226063471574,3.6604573610978436e-05,4.942493908815093,9.496104899144177,nan,0.00020162189185460669,nan
9.39,220.00323486328125,-222.36056518554688,-5.017882823944092,219.91879855523317,-222.62813717577296,-5.011452106165638,0.2806521231016909,0.8667547720831753,0.22822888030462327,3.6680400756868325e-05,4.390356604927722,8.954668566372327,nan,1.4737780131882228,nan
9.4,220.00323486328125,-222.35183715820312,-5.017882823944092,219.92746128016339,-222.62832898854367,-5.012227415154043,0.28674265778249347,0.8665051378860487,0.22816968445790223,3.638118453101309e-05,4.243466528835195,8.963065688528662,2.250256312684272,1.9500852156577846,nan
9.41,220.00323486328125,-222.34312438964844,-5.017882823944092,219.92834151144334,-222.62034457863453,-5.012271606617066,0.28721339295181475,0.8666891756937165,0.22827558568468026,3.6454789808584026e-05,4.2216116373939885,8.936124720021265,nan,0.011205377886853001,nan
9.42,220.00323486328125,-222.3343963623047,-5.017882823944092,219.9292212216023,-222.61235890470724,-5.011223318571981,0.28772476978055095,0.8668738009526337,0.22838201422165505,3.652931198465027e-05,4.565873078909019,9.291814814543867,nan,0.6027896561792171,nan
9.43,220.00323486328125,-222.32566833496094,-5.017882823944092,219.9301020184513,-222.60437552937455,-5.01235657592957,0.28819551111692904,0.8670590154627993,0.22848897186881775,3.660457367993935e-05,4.179984489552447,8.914005742534552,nan,0.9849818128049529,nan
9.44,220.00323486328125,-222.3169403076172,-5.017882823944092,219.93098197316132,-222.59639006024142,-5.01134405584222,0.28871335241155055,0.8672448210242125,0.2285964604261598,3.668040082190382e-05,4.505158942811231,9.244105847027605,nan,0.5639090375556651,nan
9.450000000000001,220.00323486328125,-222.3082275390625,-5.017882823944092,219.91856029409772,-222.58405668701144,-5.013327402458342,0.2885693216361853,0.8669947123212889,0.22853594973552116,3.638118459167554e-05,3.9635131939447286,8.438102569078488,0.42353809175908397,2.589351884749338,nan
9.46,220.00323486328125,-222.29949951171875,-5.017882823944092,219.91939806918057,-222.57606180321162,-5.01121806482713,0.289066995928195,0.8671789708244703,0.2286430501907902,3.6454789865655304e-05,4.605580103742327,9.090225690029444,nan,2.7653504560964466,nan
9.47,220.00323486328125,-222.290771484375,-5.017882823944092,219.92023761842628,-222.5680708157493,-5.013757671537012,0.2894831233708372,0.8673638171409609,0.22875067996054435,3.6529312038260304e-05,3.846932630713292,8.34193697767382,nan,4.47508977779521,nan
9.48,220.00323486328125,-222.28204345703125,-5.017882823944092,219.92107626924297,-222.56007777864,-5.014093068532634,0.28994392701496424,0.8675492530707598,0.22885884084477642,3.660457373021818e-05,3.7674155406598135,8.262790565111853,nan,0.08699862771093765,nan
9.49,220.00323486328125,-222.27333068847656,-5.017882823944092,219.92191396551453,-222.55208271269223,-5.0118184920981275,0.29043511416261686,0.8677352804138665,0.22896753464347952,3.668040086898124e-05,4.3712877726844495,8.863155863166442,nan,3.252438736401663,nan
9.5,220.00323486328125,-222.2646026611328,-5.017882823944092,219.91255765105933,-222.53502554266822,-5.011387853104695,0.28529471835359654,0.867484696427144,0.22890567554103966,3.638118463541747e-05,4.450990762411393,8.682839261113202,1.0718977364954476,0.009990131471328356,nan
9.51,220.00323486328125,-222.25587463378906,-5.017882823944092,219.91336796759506,-222.5269964143761,-5.01160023380109,0.285696604438804,0.8676691737264568,0.2290139658403457,3.645478990650107e-05,4.367954541931717,8.609936750061568,nan,0.05925529527587334,nan
9.52,220.00323486328125,-222.24716186523438,-5.017882823944092,219.9141783541488,-222.5189672839442,-5.011733836888109,0.28608924743984027,0.8678542391925224,0.229122787408255,3.652931207633398e-05,4.313694091378168,8.566449956656792,nan,0.03007130148442519,nan
9.53,220.00323486328125,-222.23843383789062,-5.017882823944092,219.91498870253506,-222.51093805969634,-5.01141409113288,0.2865096513078857,0.86803989462534,0.22923214204476197,3.660457376564236e-05,4.415508450114546,8.678692343157337,nan,0.03818860080258928,nan
9.540000000000001,220.00323486328125,-222.22970581054688,-5.017882823944092,219.91579900095996,-222.50290885596297,-5.011021517021957,0.28693555300306745,0.8682261418249093,0.2293420315498613,3.668040090187712e-05,4.549525289761194,8.824153333542577,nan,0.06242706308512169,nan
9.55,220.00323486328125,-222.22097778320312,-5.017882823944092,219.88996325798243,-222.48548028749477,-5.011428454925084,0.2878084262542622,0.867975081930847,0.22927879169522455,3.638118466584626e-05,4.495464147739016,8.273628190945937,1.7929923328667638,0.034890245248490395,nan
9.56,220.00323486328125,-222.21226501464844,-5.017882823944092,219.8906912109871,-222.47743151177485,-5.013318824841258,0.28809750946131696,0.8681597761051162,0.22938826228705494,3.645478993466767e-05,3.9153759159861794,7.709597611540743,nan,2.4929872608174484,nan
9.57,220.00323486328125,-222.2035369873047,-5.017882823944092,219.8914184294984,-222.46938131271926,-5.01261411217364,0.2884508269060181,0.868345058791114,0.22949826605245985,3.652931210235043e-05,4.097787989454412,7.896042495546651,nan,0.2990862669208615,nan
9.58,220.00323486328125,-222.19480895996094,-5.017882823944092,219.89214548158796,-222.46133077041304,-5.011224297286591,0.2888235830899438,0.8685309317888402,0.22960880479143506,3.660457378961827e-05,4.542955648394091,8.352642617316933,nan,1.1762864604023224,nan
9.59,220.00323486328125,-222.1860809326172,-5.017882823944092,219.89287321213538,-222.4532814554188,-5.0129848170386655,0.28913630678407837,0.8687173968982944,0.22971988030397658,3.668040092391928e-05,3.97963842553217,7.803953152596054,nan,2.1434589005346414,nan
9.6,220.00323486328125,-222.1773681640625,-5.017882823944092,219.88663189936327,-222.4355100435245,-5.013704409270478,0.2832859690768514,0.8684658606260692,0.22965522858581425,3.6381184686123893e-05,3.6848785916663958,7.614628499482282,2.7647930964998944,0.027943481304192806,nan
9.61,220.00323486328125,-222.16864013671875,-5.017882823944092,219.8873421669053,-222.42741736913774,-5.0147280530754585,0.2835607971334403,0.8686507697342147,0.22976586976370178,3.645478995323549e-05,3.4715489985442667,7.401629128020786,nan,0.6632167258337393,nan
9.620000000000001,220.00323486328125,-222.159912109375,-5.017882823944092,219.88805255984093,-222.41932460572815,-5.015758681409736,0.28384206571876797,0.8688362676907467,0.22987704597200292,3.65293121193054e-05,3.3155964770700104,7.242560710239598,nan,0.6397667560796223,nan
9.63,220.00323486328125,-222.15118408203125,-5.017882823944092,219.8887628896206,-222.4112316043957,-5.015705743375679,0.2841360348872667,0.8690223562956649,0.22998875901071464,3.660457380505396e-05,3.3150976130090877,7.2339932863322485,nan,0.008048566465270378,nan
9.64,220.00323486328125,-222.14247131347656,-5.017882823944092,219.88947319628076,-222.40313850365138,-5.015108463137905,0.28442362417746847,0.869209037348969,0.23010101067983404,3.668040093792661e-05,3.388675556614742,7.309176258094849,nan,0.275074698858314,nan
9.65,220.00323486328125,-222.1337432861328,-5.017882823944092,219.80279276064033,-222.36360474756577,-5.014852022871911,0.3049959241012066,0.8689570243785387,0.2300349172152579,3.638118469891743e-05,3.6826356947579986,5.942466812014113,18.27074248946643,0.04831071545045491,nan
9.66,220.00323486328125,-222.12501525878906,-5.017882823944092,219.80323244135275,-222.35544017439878,-5.016665327664397,0.3051198007475146,0.869142146461404,0.23014671912950685,3.6454789964781855e-05,3.464837020303302,5.7276617380934605,nan,2.0773919432745953,nan
9.67,220.00323486328125,-222.1162872314453,-5.017882823944092,219.8036718222579,-222.3472751876567,-5.016479976062362,0.30525859732261784,0.8693278577211447,0.23025905788388207,3.6529312129684636e-05,3.472061695973477,5.728448270098124,nan,0.04054778967585457,nan
9.68,220.00323486328125,-222.10757446289062,-5.017882823944092,219.80411110991022,-222.33911021619363,-5.016032943191076,0.305389089970412,0.8695141599577608,0.2303719352783815,3.660457381434366e-05,3.5053579955871865,5.770619805884277,nan,0.16594533309766957,nan
9.69,220.00323486328125,-222.09884643554688,-5.017882823944092,219.80455044039476,-222.33094545053885,-5.016062073794085,0.3055303058439367,0.8697010549712522,0.23048535311300328,3.668040094620111e-05,3.4962348884333916,5.748411167525451,nan,0.0002918123812981547,nan
9.700000000000001,220.00323486328125,-222.09011840820312,-5.017882823944092,219.78621407616365,-222.31796913506466,-5.016146099639272,0.3146696553272725,0.8694485651312357,0.23041778924485848,3.638118470639623e-05,3.593897178408232,5.624856576432505,0.9009714320925244,0.01633505107868942,nan
9.71,220.00323486328125,-222.08139038085938,-5.017882823944092,219.78659399751177,-222.309798747856,-5.016104033988481,0.31481234240277667,0.8696338982133557,0.23053074191389533,3.6454789971387276e-05,3.5920422229293667,5.617701213552367,nan,0.006388143060568311,nan
9.72,220.00323486328125,-222.0726776123047,-5.017882823944092,219.78697374686524,-222.30162828174048,-5.015360461189751,0.31495022118178995,0.8698198207928216,0.23064423318664104,3.652931213548097e-05,3.6733393485585086,5.71085360800249,nan,0.4135458562549327,nan
9.73,220.00323486328125,-222.06394958496094,-5.017882823944092,219.78735336075775,-222.29345775526673,-5.013529297335063,0.31511549717976806,0.8700063346696334,0.23075826486309428,3.6604573819392356e-05,4.011173209994669,6.034392495745812,nan,2.254637480539034,nan
9.74,220.00323486328125,-222.0552215576172,-5.017882823944092,219.78773323609806,-222.28528760529343,-5.015107316095493,0.3152444147892038,0.8701934416437909,0.2308728387432539,3.668040095056082e-05,3.6976131431121897,5.727577352705674,nan,1.59925764069731,nan
9.75,220.00323486328125,-222.04649353027344,-5.017882823944092,219.77787763255233,-222.2886384558692,-5.0165166291946175,0.3307898319502574,0.8699404749091824,0.2308037770354547,3.638118471026576e-05,3.9023234614273092,5.698811867600347,2.1502676815085797,2.019385443425183,nan
9.76,220.00323486328125,-222.03778076171875,-5.017882823944092,219.7782168383503,-222.28053546768965,-5.014601967691047,0.33101921822244645,0.870126017000494,0.23091787035680697,3.645478997467498e-05,4.141141151297344,5.943634329742058,nan,2.5241435223437505,nan
9.77,220.00323486328125,-222.029052734375,-5.017882823944092,219.77855622835284,-222.27243243101066,-5.0148609167677005,0.33124507188898744,0.8703121489017529,0.2310325040003067,3.6529312138236525e-05,4.0910111677300405,5.892841359434218,nan,0.03865802768970594,nan
9.78,220.00323486328125,-222.02032470703125,-5.017882823944092,219.77889555909502,-222.26432925173793,-5.015350278377267,0.331470594513791,0.8704988724129593,0.23114767976595324,3.6604573821662885e-05,4.011363016276181,5.81926123419736,nan,0.1414286607000271,nan
9.790000000000001,220.00323486328125,-222.0115966796875,-5.017882823944092,219.77923465470647,-222.2562260463452,-5.014003729967783,0.33171473865803935,0.8706861893341132,0.23126339945374597,3.66804009523912e-05,4.24147069319211,6.049732496924788,nan,1.2195115384589306,nan
9.8,220.00323486328125,-222.0028839111328,-5.017882823944092,219.75369652292108,-222.2309744883917,-5.013176127925831,0.3381077457429939,0.8704327458238429,0.23119281368477437,3.638118471182161e-05,4.3649672505483155,5.8879708556796,2.089612078772026,0.44232227525011536,nan
9.81,220.00323486328125,-221.99415588378906,-5.017882823944092,219.75396013722687,-222.22281109237102,-5.013389075944369,0.33829171913044076,0.870618494921335,0.23130803744568096,3.6454789975868283e-05,4.304869119559723,5.828641279981181,nan,0.033544223261605347,nan
9.82,220.00323486328125,-221.9854278564453,-5.017882823944092,219.75422373382878,-222.21464784092203,-5.013979579762833,0.3384724201317414,0.8708048341336573,0.23142380320300535,3.652931213910424e-05,4.1628551658484465,5.697159353731523,nan,0.2321467476341257,nan
9.83,220.00323486328125,-221.97669982910156,-5.017882823944092,219.75448727153795,-222.20648456619665,-5.013777335819901,0.3386639113231374,0.8709917652608098,0.23154011275674727,3.660457382223977e-05,4.201077481094476,5.747122406156481,nan,0.02782030002895372,nan
9.84,220.00323486328125,-221.96798706054688,-5.017882823944092,219.75475070347318,-222.19832149180985,-5.009698353351993,0.3389178565074942,0.8711792901027927,0.23165696790690646,3.6680400952709586e-05,5.561294714933294,7.133286595722966,nan,10.687201039546725,nan
9.85,220.00323486328125,-221.95925903320312,-5.017882823944092,219.73578957268805,-222.19107521987908,-5.008461120099958,0.3540543692270871,0.870925370077147,0.23158483306159255,3.63811847120099e-05,6.4148689609750615,7.877815486881241,1.6465302793432577,1.6690341169400307,nan
9.86,220.00323486328125,-221.95053100585938,-5.017882823944092,219.735989015893,-222.18293374859974,-5.0099316967700265,0.35425216753442573,0.8711113241664542,0.23170117694924963,3.64547899758525e-05,5.704560673470486,7.206130394187888,nan,1.6011411129230553,nan
9.870000000000001,220.00323486328125,-221.94180297851562,-5.017882823944092,219.7361884364772,-222.17479228910264,-5.011377781016859,0.35445751296892103,0.871297868667905,0.23181806446439104,3.652931213891102e-05,5.124152841794647,6.656401262440287,nan,1.4758797730815294,nan
9.88,220.00323486328125,-221.93309020996094,-5.017882823944092,219.73638786323056,-222.1666508768006,-5.012522099990219,0.35466412828469723,0.8714850053814994,0.23193549740701674,3.660457382189337e-05,4.745877739244837,6.310815557002883,nan,0.8891523472894327,nan
9.89,220.00323486328125,-221.9243621826172,-5.017882823944092,219.7365871949123,-222.15850945373077,-5.013295235901562,0.3548900809836618,0.8716727361072376,0.2320534775771268,3.6680400952232815e-05,4.529918780998707,6.097597419252418,nan,0.3873435791574144,nan
9.9,220.00323486328125,-221.91563415527344,-5.017882823944092,219.74132328897795,-222.164812679211,-5.011648248688946,0.36156116975464125,0.8714183399651538,0.23197976983682567,3.638118471149382e-05,5.305006716396229,6.940237441467289,1.197789205366393,2.010036188688348,nan
9.91,220.00323486328125,-221.90692138671875,-5.017882823944092,219.74152942948243,-222.1567377031057,-5.010728745387565,0.3618689083811575,0.8716044970220928,0.23209722344827277,3.645478997524159e-05,5.636347365576814,7.2935691497013835,nan,0.5270868701994441,nan
9.92,220.00323486328125,-221.898193359375,-5.017882823944092,219.7417355874866,-222.14866275712393,-5.009835414985485,0.3621899380722552,0.8717912447810681,0.2322152222760198,3.652931213822288e-05,6.001337103242369,7.679641092464369,nan,0.47396214858253927,nan
9.93,220.00323486328125,-221.88946533203125,-5.017882823944092,219.7419415702647,-222.14058751870365,-5.010586797629759,0.36247726772109357,0.8719785850420801,0.23233376812006692,3.66045738211447e-05,5.678802387885779,7.385153632497815,nan,0.4192294321254303,nan
9.94,220.00323486328125,-221.8807373046875,-5.017882823944092,219.74214732666252,-222.13251245689645,-5.010469479161051,0.3627842151036199,0.8721665196051288,0.23245286278041435,3.6680400951438644e-05,5.718877335265473,7.448516111945415,nan,0.004161619122968308,nan
9.950000000000001,220.00323486328125,-221.8720245361328,-5.017882823944092,219.72711510396334,-222.08890411682643,-5.01262844377232,0.35115022784928795,0.8719116478813732,0.23237755951169167,3.6381184710712515e-05,4.404833190093441,6.023342361257239,6.781068782262829,3.6349257892623426,nan
9.96,220.00323486328125,-221.86329650878906,-5.017882823944092,219.7331540161346,-222.0662041199968,-5.01271222502454,0.33784892744342543,0.8711702993234807,0.22684984991878368,3.6454788604997154e-05,5.034671152007985,6.646983659812144,nan,0.0037841093407424567,0.03707166799924622
9.97,220.00323486328125,-221.8545684814453,-5.017882823944092,219.7333435049189,-222.0579406688515,-5.010586400603536,0.3380160199200822,0.8713531229366523,0.22694823920227725,3.652931081980982e-05,5.751899730183734,7.379931505383757,nan,2.9519325453393175,nan
9.98,220.00323486328125,-221.84584045410156,-5.017882823944092,219.73353103376138,-222.04968125625518,-5.010299366687638,0.3381549010502067,0.8715365301824436,0.2270471391369434,3.660457255403272e-05,5.858752194643154,7.514215420780346,nan,0.04078906886030508,nan
9.99,220.00323486328125,-221.83712768554688,-5.017882823944092,219.7337164937712,-222.0414258382364,-5.011994847543623,0.3382492497579249,0.8717205228608551,0.2271465515227773,3.668039973500916e-05,5.225560865438275,6.933582296087477,nan,1.932522386454303,nan
10.0,220.00323486328125,-221.82839965820312,-5.017882823944092,219.7252316673819,-222.01548029731737,-5.01313583156935,0.3351230764931724,0.8714733154595007,0.22709368610959363,3.6381183565200213e-05,4.580943709855061,6.497450432264688,3.315416576408461,0.1794475358479533,nan
10.01,220.00323486328125,-221.81967163085938,-5.017882823944092,219.7254037831172,-222.00713137297183,-5.012390740091086,0.3352035605464797,0.8716557898601746,0.22719280956975993,3.645478887682167e-05,4.781072281877569,6.700590622470242,nan,0.3995034576277021,nan
10.02,220.00323486328125,-221.81094360351562,-5.017882823944092,219.72557409959035,-221.9987858488267,-5.01337002154309,0.33526194863485087,0.8718388465989321,0.22729244433774232,3.652931108686314e-05,4.503257125606351,6.437041225390727,nan,0.5918043128709952,nan
10.03,220.00323486328125,-221.80223083496094,-5.017882823944092,219.72574561696655,-221.99043755782333,-5.012863749535513,0.3353315425945195,0.8720224874757738,0.22739259221353483,3.66045728159715e-05,4.625645748563586,6.598100230175198,nan,0.19572822147158517,nan
10.040000000000001,220.00323486328125,-221.7935028076172,-5.017882823944092,219.7259153131921,-221.98209342248177,-5.014519971793497,0.33538613813220364,0.8722067142907001,0.22749325499713133,3.668039999152339e-05,4.237804551047649,6.191322272969672,nan,1.6885030946713282,nan
10.05,220.00323486328125,-221.78477478027344,-5.017882823944092,219.73931566824527,-221.97822275399434,-5.013614673345006,0.32725170305852014,0.8719590677584325,0.22743929800715562,3.638118380926998e-05,4.385000021050743,6.4688772007462925,0.41274150910237045,0.692926780529778,nan
10.06,220.00323486328125,-221.7760467529297,-5.017882823944092,219.73952799648222,-221.96988447692422,-5.013796882367536,0.32730882933234107,0.8721417732279284,0.22753965710964152,3.645478911522648e-05,4.334192449584401,6.4208815698153945,nan,0.011041991177523722,nan
10.07,220.00323486328125,-221.767333984375,-5.017882823944092,219.739738860185,-221.96154907950577,-5.015750244406762,0.3273441533307563,0.8723250615292422,0.22764052991767855,3.652931131939171e-05,3.9923076114509457,6.112788949895517,nan,2.330275531725812,nan
10.08,220.00323486328125,-221.75860595703125,-5.017882823944092,219.73995050706088,-221.95321171164508,-5.0166475589790975,0.3274012489877308,0.8725089344623738,0.22774191823126017,3.660457304244013e-05,3.901412944076108,5.974564745448274,nan,0.4117120969491079,nan
10.09,220.00323486328125,-221.7498779296875,-5.017882823944092,219.7401635106515,-221.94487142595082,-5.0157211028651725,0.3274655297851313,0.8726933938273231,0.22784382385037968,3.668040021177481e-05,3.9790288715759194,6.031874687993767,nan,0.6978634336564543,nan
10.1,220.00323486328125,-221.74114990234375,-5.017882823944092,219.75669073637053,-221.9365268651817,-5.013028302507801,0.3146104424527621,0.8724453056226363,0.22778873539618003,3.63811840180836e-05,4.315457371151907,5.964281174466167,12.753050826735157,0.2293577355678032,nan
10.11,220.00323486328125,-221.73243713378906,-5.017882823944092,219.75695760891517,-221.9281699075571,-5.013866777913161,0.3146107648678731,0.8726282405668909,0.22789032248158822,3.645478931783563e-05,4.1012057770764665,5.801504554321371,nan,0.47503671062721725,nan
10.120000000000001,220.00323486328125,-221.7237091064453,-5.017882823944092,219.75722410978622,-221.91981346672523,-5.01520643130245,0.3146194114061617,0.872811758825155,0.22799242561244693,3.652931151571484e-05,3.8462878070698414,5.522534062956616,nan,1.1563025994636087,nan
10.13,220.00323486328125,-221.71498107910156,-5.017882823944092,219.75749133223795,-221.91145544906502,-5.015558833977706,0.31463862132855,0.8729958621974282,0.22809504658874946,3.660457323241632e-05,3.789150239141597,5.472769381903793,nan,0.06573194042679939,nan
10.14,220.00323486328125,-221.7062530517578,-5.017882823944092,219.75775819045973,-221.9030986194871,-5.016746761424248,0.31465578823890167,0.8731805524837102,0.22819818721048932,3.66804003953637e-05,3.66818302664979,5.357382104616373,nan,0.8439793315544305,nan
10.15,220.00323486328125,-221.69754028320312,-5.017882823944092,219.7756955195545,-221.91055756414727,-5.0169921015488725,0.31169104624744437,0.8729320202372759,0.2281419285186279,3.6381184191558994e-05,3.819832879158096,5.7074037715798065,1.7114895148506641,0.0014788428148098448,nan
10.16,220.00323486328125,-221.68881225585938,-5.017882823944092,219.77601144315872,-221.9022637390141,-5.01682944326319,0.31175812407055337,0.8731151830219414,0.22824473566854786,3.6454789485110574e-05,3.820375355537778,5.676508868236521,nan,0.03751787716056084,nan
10.17,220.00323486328125,-221.68008422851562,-5.017882823944092,219.77632512134917,-221.89397388261855,-5.020047241096199,0.3118356936233565,0.8732989295914559,0.22834806114704853,3.65293116768019e-05,3.9100764258933274,5.760526946701324,nan,6.397435052553896,nan
10.18,220.00323486328125,-221.67135620117188,-5.017882823944092,219.77664041831054,-221.88568091726455,-5.020739129180529,0.31191070020022765,0.8734832617458191,0.2284519067541237,3.6604573387343814e-05,3.9965943322205963,5.828718433746494,nan,0.19416130351719538,nan
10.19,220.00323486328125,-221.6626434326172,-5.017882823944092,219.7769565366418,-221.87738663719233,-5.020080722477357,0.3119637090687281,0.8736681812850303,0.22855627428976721,3.668040054417398e-05,3.896933610663991,5.736182630125527,nan,0.42560444285377264,nan
10.200000000000001,220.00323486328125,-221.65391540527344,-5.017882823944092,219.73830007026626,-221.8423351461954,-5.0210739350766405,0.3251194034647234,0.8734192027997411,0.22849880772014974,3.638118433172176e-05,3.89095634178418,5.587232850605615,6.634028798522653,0.002059334539351538,nan
10.21,220.00323486328125,-221.6451873779297,-5.017882823944092,219.73850403380777,-221.8339426133709,-5.02071658094193,0.3251445542507354,0.8736025917526066,0.2286028267716528,3.645478961945076e-05,3.822785384833385,5.487965914729331,nan,0.18611778073471905,nan
10.22,220.00323486328125,-221.63645935058594,-5.017882823944092,219.73870752331203,-221.82555142083913,-5.021639721280044,0.32518400775779815,0.8737865649500001,0.22870736637916167,3.652931180539619e-05,3.9803322645547246,5.618211240742866,nan,0.3698316132000861,nan
10.23,220.00323486328125,-221.62774658203125,-5.017882823944092,219.7389114143199,-221.8171598271925,-5.022179415041449,0.3252118137589849,0.8739711241919212,0.22881242834267088,3.6604573510278836e-05,4.0893713972875165,5.736838976404955,nan,0.0813005544494955,nan
10.24,220.00323486328125,-221.6190185546875,-5.017882823944092,219.73911571368086,-221.8087677026272,-5.022115598939535,0.32524080419534507,0.8741562712783695,0.228918014462175,3.6680400661545575e-05,4.064914955997655,5.640168478070161,nan,0.04238404697452439,nan
10.25,220.00323486328125,-221.61029052734375,-5.017882823944092,219.7323501766627,-221.80420240229287,-5.023420928346763,0.3331831317625393,0.8739068445290653,0.2288593035244195,3.6381184441920046e-05,4.590668019945397,6.071011627365762,0.571311864082397,0.5299896316598174,nan
10.26,220.00323486328125,-221.6015625,-5.017882823944092,219.7325283783247,-221.7958378501526,-5.022832013279523,0.33324076453747514,0.8740904579424162,0.2289645260841907,3.6454789724434935e-05,4.411456923851715,5.854545724996506,nan,0.42371425587324735,nan
10.27,220.00323486328125,-221.5928497314453,-5.017882823944092,219.7327064719265,-221.78747320527413,-5.022027347881933,0.33328828988258713,0.8742746560490064,0.22907027137274832,3.652931190528121e-05,4.201326144130375,5.646781671140024,nan,0.6557009313241859,nan
10.28,220.00323486328125,-221.58412170410156,-5.017882823944092,219.73288488210966,-221.77910823694276,-5.02073250741516,0.3333421380575775,0.8744594406488354,0.22917654119008762,3.660457360518532e-05,3.944833616041208,5.32785652879278,nan,1.4033143679255597,nan
10.290000000000001,220.00323486328125,-221.5753936767578,-5.017882823944092,219.73306231169246,-221.77074497408933,-5.0216523527689185,0.3334209746681535,0.8746448135419026,0.229283337336204,3.6680400751599475e-05,4.102238303831704,5.46750243452015,nan,0.3804829380739995,nan
10.3,220.00323486328125,-221.56666564941406,-5.017882823944092,219.7068448003122,-221.7445100731048,-5.01922897896203,0.3456552047894196,0.8743949366747977,0.22922334670315198,3.6381184526193e-05,3.6731712905365503,4.946131095783241,2.3937417223222672,5.178300324696622,nan
10.31,220.00323486328125,-221.55795288085938,-5.017882823944092,219.70694617992055,-221.73608106370864,-5.018988096839201,0.3457135447751081,0.874578772807715,0.2293297641612551,3.645478980421892e-05,3.648196464420231,4.955253955677546,nan,0.0837149190953564,nan
10.32,220.00323486328125,-221.54922485351562,-5.017882823944092,219.7070467314039,-221.72765306678366,-5.020293247793267,0.34578873159511,0.8747631940718078,0.22943670646733658,3.6529311980709396e-05,3.765393244099538,5.01379001248649,nan,0.9224854890990999,nan
10.33,220.00323486328125,-221.54049682617188,-5.017882823944092,219.70714748317639,-221.71922458845935,-5.02092551162783,0.3458621222654967,0.8749482022670758,0.22954417542139252,3.660457367639326e-05,3.8509027351150387,5.084209924368152,nan,0.1574305188996511,nan
10.34,220.00323486328125,-221.53176879882812,-5.017882823944092,219.7072488221414,-221.71079506657955,-5.019824106842516,0.3459218259577453,0.8751337991935185,0.22965217282341918,3.6680400818724336e-05,3.6923644477719075,4.907809689569511,nan,1.0043870251281968,nan
10.35,220.00323486328125,-221.52305603027344,-5.017882823944092,219.68967507758302,-221.7104280423876,-5.021332320722458,0.36529427747893406,0.8748834705253437,0.22959086834191098,3.6381184588788844e-05,4.305141237388654,5.282786805633217,2.385146234169518,1.3963348584093818,nan
10.36,220.00323486328125,-221.5143280029297,-5.017882823944092,219.68971155268505,-221.70206059836855,-5.0216727062384905,0.3654514425819313,0.875067527605939,0.22969847188518386,3.64547898630824e-05,4.364753501911112,5.288086430415754,nan,0.022900750836419743,nan
10.370000000000001,220.00323486328125,-221.50559997558594,-5.017882823944092,219.6897484333025,-221.69369266350387,-5.021049004833208,0.3655989958006416,0.8752521702450652,0.2298066023430891,3.65293120359774e-05,4.237838414413799,5.1444169208292045,nan,0.3950517732051627,nan
10.38,220.00323486328125,-221.4968719482422,-5.017882823944092,219.68978507563452,-221.6853251957718,-5.021489078082223,0.3657572978754511,0.8754374002427217,0.22991526151562364,3.6604573728202103e-05,4.311328672331468,5.204931422971219,nan,0.057435692124394054,nan
10.39,220.00323486328125,-221.4881591796875,-5.017882823944092,219.68982198346225,-221.67695711538528,-5.020799192007416,0.3658972519203452,0.8756232193989081,0.23002445120278459,3.668040086721026e-05,4.180184601907101,5.099583599323753,nan,0.45158395089141273,nan
10.4,220.00323486328125,-221.47943115234375,-5.017882823944092,219.6788766470752,-221.6625881059957,-5.020935366281566,0.3725104563715557,0.875372437415786,0.2299617999018239,3.6381184633827625e-05,4.205457049342848,5.12987009136674,1.0984476239177043,0.20405417310286242,nan
10.41,220.00323486328125,-221.470703125,-5.017882823944092,219.67888040714632,-221.65420150916663,-5.0220767741060115,0.37268627480000843,0.8755567136433761,0.2300705805269028,3.6454789905117234e-05,4.424470438290223,5.336322413571419,nan,0.643558886809241,nan
10.42,220.00323486328125,-221.4619903564453,-5.017882823944092,219.6788843200524,-221.6458148841575,-5.022892936091128,0.372853634963087,0.8757415758464645,0.2301798900817747,3.652931207513796e-05,4.621411542020616,5.556012736975341,nan,0.27094489495114515,nan
10.43,220.00323486328125,-221.45326232910156,-5.017882823944092,219.67888826792188,-221.63742835620252,-5.023736873023611,0.37303097639471255,0.8759270258250509,0.23028973036643732,3.660457376461697e-05,4.863088617982947,5.737163713869491,nan,0.2803598711248338,nan
10.44,220.00323486328125,-221.4445343017578,-5.017882823944092,219.67889212299548,-221.62904210377596,-5.024660357179204,0.3732121074381218,0.8761130653791348,0.23040010318088847,3.668040090100591e-05,5.1717732734052735,6.024566013245223,nan,0.33588015409607824,nan
10.450000000000001,220.00323486328125,-221.43580627441406,-5.017882823944092,219.66819421882602,-221.61032455488257,-5.023767338718319,0.3778140960430007,0.875861828735204,0.23033607327732064,3.638118466507907e-05,4.773416637238556,5.496012158386586,2.6059250104938405,0.029008513272584635,nan
10.46,220.00323486328125,-221.42709350585938,-5.017882823944092,219.66816941479985,-221.6018960278418,-5.022909665596444,0.37795508409658674,0.8760463222824212,0.23044602180329277,3.645478993402709e-05,4.506828892312047,5.267280288469223,nan,0.6898828076564862,nan
10.47,220.00323486328125,-221.41836547851562,-5.017882823944092,219.6681447477591,-221.5934674792181,-5.021790724229896,0.37810232458330995,0.8762314022119101,0.23055650122376292,3.6529312101823195e-05,4.224099394933861,4.931609116746871,nan,1.044257749266821,nan
10.48,220.00323486328125,-221.40963745117188,-5.017882823944092,219.66811963634885,-221.58503964372034,-5.022946843837925,0.3782773965891269,0.8764170703236707,0.2306675133387294,3.660457378919197e-05,4.498965122731449,5.202729190511037,nan,0.685532486400916,nan
10.49,220.00323486328125,-221.40090942382812,-5.017882823944092,219.66809481829358,-221.5766113171019,-5.0223880699185175,0.3784313706547299,0.8766033284177025,0.23077905994819067,3.668040092358234e-05,4.3440844600629385,5.04298823170979,nan,0.3205902026275983,nan
10.5,220.00323486328125,-221.39219665527344,-5.017882823944092,219.70182952842526,-221.57317117831235,-5.021586110448119,0.35158308861454296,0.8763516359335072,0.23071362085001712,3.6381184685839704e-05,3.9130347075554046,4.906926885910983,2.902827769307088,0.6702169368359142,nan
10.51,220.00323486328125,-221.3834686279297,-5.017882823944092,219.70191321865312,-221.56473462475597,-5.023824458458124,0.35169219233233884,0.8765363449483473,0.23082472793070152,3.645478995302172e-05,4.496265249038656,5.439620912990868,nan,2.9263187916079434,nan
10.52,220.00323486328125,-221.37474060058594,-5.017882823944092,219.7019970843296,-221.55629779380737,-5.024306071119832,0.35177901015047347,0.876721640742232,0.2309363678211633,3.652931211915251e-05,4.649097080901468,5.58597844831696,nan,0.06555753245173926,nan
10.53,220.00323486328125,-221.3660125732422,-5.017882823944092,219.70208087969,-221.54786078567918,-5.024640419621658,0.3518638363042677,0.8769075251151612,0.23104854232140132,3.6604573804953677e-05,4.758947764940853,5.691225441332224,nan,0.01714328104404902,nan
10.540000000000001,220.00323486328125,-221.3572998046875,-5.017882823944092,219.7021645035156,-221.53942368356593,-5.025220595803411,0.35194646138723906,0.8770939998671347,0.23116125323141454,3.668040093787127e-05,4.970770143323677,5.945685384365875,nan,0.10490210714277866,nan
10.55,220.00323486328125,-221.34857177734375,-5.017882823944092,219.6712053096486,-221.51648056860589,-5.02758076237072,0.37219757747510346,0.8768418505277936,0.2310943755388682,3.638118469888331e-05,6.124896116589345,6.951904574593085,3.06961880789014,1.730066850644245,nan
10.56,220.00323486328125,-221.33984375,-5.017882823944092,219.67119482911502,-221.50800115008278,-5.0282225007627686,0.37233641294993225,0.877026773135602,0.23120663167472552,3.6454789964780236e-05,6.464306646494322,7.279894061608249,nan,0.10140982041050974,nan
10.57,220.00323486328125,-221.33111572265625,-5.017882823944092,219.67118442316084,-221.4995217067383,-5.029042431792672,0.37248168694063233,0.8772122829094195,0.2313194224872356,3.65293121297094e-05,6.9327809402380005,7.737736207898871,nan,0.20542500323310264,nan
10.58,220.00323486328125,-221.32240295410156,-5.017882823944092,219.67117409554004,-221.4910422212712,-5.02861505738174,0.3725838653765762,0.8773983816492464,0.23143274977639783,3.6604573814389203e-05,6.6617430406868205,7.50939997968008,nan,0.3132526737014279,nan
10.59,220.00323486328125,-221.3136749267578,-5.017882823944092,219.67116378330152,-221.48256273403243,-5.0293757515435535,0.3727282937874935,0.8775850711550823,0.23154661534221152,3.6680400946262344e-05,7.1080309485324955,7.899551394795747,nan,0.16361548922361918,nan
10.6,220.00323486328125,-221.30494689941406,-5.017882823944092,219.64862745730375,-221.47030713013646,-5.027012167970656,0.39137419843548016,0.8773324641082554,0.231478270846714,3.6381184706460694e-05,5.969537318352071,6.6114246339743525,2.04206812564157,2.769899842222622,nan
10.61,220.00323486328125,-221.2962188720703,-5.017882823944092,219.64854506421472,-221.46183043212883,-5.027528282308547,0.3915674619448563,0.8775175984136496,0.23159166639638662,3.6454789971460277e-05,6.223019039451218,6.869790121134952,nan,0.0655729264266957,nan
10.620000000000001,220.00323486328125,-221.28750610351562,-5.017882823944092,219.64846274598654,-221.45335387491744,-5.0295782497016175,0.3917978068754001,0.8777033202624018,0.2317055984421963,3.6529312135559006e-05,7.4074002522915166,8.112473163317624,nan,2.1989866498760495,nan
10.63,220.00323486328125,-221.27877807617188,-5.017882823944092,219.6483807023584,-221.44487736084255,-5.029937601989073,0.39198949675480915,0.8778896314545117,0.23182006878414255,3.6604573819471774e-05,7.625144969933896,8.287055074952164,nan,0.008007757646690216,nan
10.64,220.00323486328125,-221.27005004882812,-5.017882823944092,219.6482985381968,-221.43640079413706,-5.031973248005915,0.39223832726995866,0.8780765337899795,0.23193507922222514,3.6680400950638625e-05,9.060189326458127,9.734230606962567,nan,2.042805091150339,nan
10.65,220.00323486328125,-221.26132202148438,-5.017882823944092,219.66836689191868,-221.43326447412764,-5.031839552887212,0.37669026473782946,0.8778234683436432,0.23186524090334654,3.638118471033866e-05,8.906437057057303,9.646791748543142,2.9420452143434126,1.1561942916929981,nan
10.66,220.00323486328125,-221.2526092529297,-5.017882823944092,219.66834797480945,-221.42479505648882,-5.033019506371902,0.3768637660648049,0.8780088124323746,0.23197976609483142,3.64547899747426e-05,9.82910078140295,10.624815882581034,nan,0.49741171425632713,nan
10.67,220.00323486328125,-221.24388122558594,-5.017882823944092,219.66832894216193,-221.4163257459148,-5.0326663952085084,0.37698493679663103,0.8781947444323874,0.2320948295555494,3.652931213829679e-05,9.519158407417894,10.272059623940478,nan,0.2974854198905233,nan
10.68,220.00323486328125,-221.2351531982422,-5.017882823944092,219.66830975525784,-221.40785653098564,-5.032305422925185,0.37710645776300317,0.8783812661436815,0.2322104330855003,3.6604573821714006e-05,9.21094531962307,9.976601575490303,nan,0.2909970514851648,nan
10.69,220.00323486328125,-221.22642517089844,-5.017882823944092,219.66829038624417,-221.39938724841045,-5.0333894337333485,0.37728522089007505,0.8785683793662572,0.2323265784846841,3.668040095243139e-05,10.075789820356434,10.859061661521332,nan,0.3971294053018189,nan
10.700000000000001,220.00323486328125,-221.21771240234375,-5.017882823944092,219.69859946832636,-221.408937327814,-5.0337221275627355,0.36002858153143996,0.8783148549863071,0.232255220505224,3.638118471185472e-05,10.47592500641348,11.379023314914226,2.6249850498936,0.00918787022624534,nan
10.71,220.00323486328125,-221.208984375,-5.017882823944092,219.69866934645802,-221.4005277981267,-5.033506047296445,0.36012931300965945,0.8785004069270602,0.23237086544668054,3.645478997588941e-05,10.267783165734691,11.147448175450124,nan,0.1866285275026053,nan
10.72,220.00323486328125,-221.20025634765625,-5.017882823944092,219.69873924362008,-221.39211823900135,-5.033661991434198,0.36024651264104945,0.8786865471377828,0.23248705038507092,3.65293121391125e-05,10.380444905839461,11.285064444996136,nan,0.015238952491524247,nan
10.73,220.00323486328125,-221.1915283203125,-5.017882823944092,219.69880913251322,-221.38370864974868,-5.034329849717073,0.36038702700378517,0.8788732774184753,0.23260377712039518,3.660457382223444e-05,10.946662286094481,11.881283630176775,nan,0.0838155066622376,nan
10.74,220.00323486328125,-221.1828155517578,-5.017882823944092,219.69887900806776,-221.3752992295671,-5.0333247317091105,0.36044542630077553,0.8790605995691375,0.23272104745265343,3.668040095269016e-05,10.04950481302156,11.066195837363411,nan,1.1198093019294704,nan
10.75,220.00323486328125,-221.17408752441406,-5.017882823944092,219.70691762542344,-221.3708820533878,-5.033787101691823,0.35606872670363443,0.8788066158768304,0.23264814515195895,3.638118471198411e-05,10.509278845572675,11.61727111104816,1.1901838504282949,0.4417606326785469,nan
10.76,220.00323486328125,-221.1653594970703,-5.017882823944092,219.7070111894528,-221.3624848381164,-5.031566648520042,0.3560816087275229,0.8789923737229611,0.2327648998421552,3.6454789975812725e-05,8.685351532637053,9.836071354017273,nan,4.055207525338739,nan
10.77,220.00323486328125,-221.15663146972656,-5.017882823944092,219.70710477765516,-221.35408733460972,-5.032671413446958,0.35623103257458244,0.8791787201887032,0.23288219621257283,3.652931213885686e-05,9.528280535985553,10.717700682532842,nan,0.50130774647125,nan
10.78,220.00323486328125,-221.14791870117188,-5.017882823944092,219.70719852598089,-221.3456901194452,-5.0312119361575505,0.35627056027752285,0.879365657074057,0.23300003606321204,3.660457382182509e-05,8.386870376609636,9.665155759831897,nan,1.8716226573975165,nan
10.790000000000001,220.00323486328125,-221.13919067382812,-5.017882823944092,219.7072922712758,-221.33729271975275,-5.0312251539392,0.3563768456734016,0.8795531861790226,0.23311842119407306,3.6680400952150775e-05,8.378744958679157,9.648083577274274,nan,0.02454559910149375,nan
10.8,220.00323486328125,-221.13046264648438,-5.017882823944092,219.70514647253265,-221.31840422231144,-5.031105798559297,0.35263801791798893,0.8792987429482728,0.23304395107970852,3.638118471140809e-05,8.154379654167727,9.337573036016366,2.5678619588399765,0.9557737027347829,nan
10.81,220.00323486328125,-221.12173461914062,-5.017882823944092,219.70523872410476,-221.3099582325943,-5.030204733165287,0.352677837512527,0.8794847047394871,0.23316180541810982,3.645478997514276e-05,7.505248938691539,8.723552302617044,nan,0.8174778941079337,nan
10.82,220.00323486328125,-221.11302185058594,-5.017882823944092,219.70533102420504,-221.30151203296904,-5.031089310904036,0.3527742301940233,0.8796712554910955,0.23328020307657762,3.652931213811125e-05,8.106612332498026,9.405886049099387,nan,0.30569446006549306,nan
10.83,220.00323486328125,-221.1042938232422,-5.017882823944092,219.7054231466311,-221.2930661151235,-5.029378144406158,0.3527873851893898,0.879858397003098,0.23339914585511218,3.660457382102064e-05,6.93402687139618,8.216899910509587,nan,2.386757509526644,nan
10.84,220.00323486328125,-221.09556579589844,-5.017882823944092,219.70551508826247,-221.284619751523,-5.03084268502492,0.352911349454446,0.8800461310754948,0.23351863555371374,3.6680400951302603e-05,7.894964929806237,9.205634112005335,nan,1.0710362229428672,nan
10.85,220.00323486328125,-221.0868377685547,-5.017882823944092,219.71157130451357,-221.28432653513764,-5.032057287711328,0.3525200134213261,0.8797912282300362,0.23344257529159282,3.638118471057576e-05,8.947169235274043,10.40106055672013,1.624162571462225,1.9679239575230103,nan
10.86,220.00323486328125,-221.078125,-5.017882823944092,219.72637196696502,-221.2672602718395,-5.032075757665444,0.3355989478202051,0.8730841294161384,0.23117064518164937,3.645478880790968e-05,9.59641709377297,11.14415034877416,nan,0.023211689316741283,0.03132183604467533
10.870000000000001,220.00323486328125,-221.06939697265625,-5.017882823944092,219.7264986575487,-221.25881890616347,-5.035293143566953,0.3358075575180495,0.8732588762420275,0.23127687985263082,3.652931101809016e-05,12.358945715535885,13.90786131232394,nan,5.873811154870341,nan
10.88,220.00323486328125,-221.0606689453125,-5.017882823944092,219.7266115516878,-221.250386241075,-5.032949332447796,0.3357679384736718,0.8734342037140256,0.23138362460508838,3.660457274751162e-05,10.252649362507984,11.873130119177253,nan,4.4056975068901085,nan
10.89,220.00323486328125,-221.05194091796875,-5.017882823944092,219.7267329093984,-221.24194814720317,-5.034097146082587,0.3358853701856986,0.8736101136321303,0.23149088123902395,3.66803999235393e-05,11.208936510361244,12.881969163550481,nan,0.5583144453878732,nan
10.9,220.00323486328125,-221.04322814941406,-5.017882823944092,219.69873577856086,-221.22154234858988,-5.03408028090342,0.3532393010909422,0.8733742560601003,0.23142961469747758,3.638118374389509e-05,11.317292525541003,12.734454817158017,2.775950845960348,0.46534504747979655,nan
10.91,220.00323486328125,-221.0345001220703,-5.017882823944092,219.69876998035457,-221.21307252491096,-5.035457473585701,0.3534060501772199,0.8735487517498094,0.231536485852378,3.645478905054378e-05,12.569060518086818,13.997677307049115,nan,0.8315747211052392,nan
10.92,220.00323486328125,-221.02577209472656,-5.017882823944092,219.69880525050854,-221.20460201422154,-5.037365886192,0.3536058808250724,0.8737238268725955,0.23164386775637705,3.6529311255528305e-05,14.47825965067051,15.9816744109489,nan,1.734212655563877,nan
10.93,220.00323486328125,-221.01705932617188,-5.017882823944092,219.69883725785533,-221.1961336170206,-5.03780440023448,0.35372640986205467,0.8738994832284546,0.23175176220947558,3.6604572979512975e-05,14.919030164530945,16.558642349156482,nan,0.011001605275523973,nan
10.94,220.00323486328125,-221.00833129882812,-5.017882823944092,219.6988675092703,-221.18766609063772,-5.037495796280968,0.35381509637791464,0.8740757226173815,0.2318601710116741,3.6680400149890925e-05,14.55443336444684,16.235661381949843,nan,0.24685845582892058,nan
10.950000000000001,220.00323486328125,-220.99960327148438,-5.017882823944092,219.7204769299427,-221.18563072480495,-5.038443019555234,0.33908846028492406,0.8738395396598022,0.2317976437274173,3.6381183958872416e-05,15.581643592591284,17.382680635477126,1.2439262477756006,0.15379444463928282,nan
10.96,220.00323486328125,-220.99087524414062,-5.017882823944092,219.72057895477076,-221.17717173437626,-5.038896971319165,0.339178919274044,0.8740143610299665,0.23190565300266244,3.6454789259783e-05,16.066074973643854,17.966431107866683,nan,0.012018554280490801,nan
10.97,220.00323486328125,-220.98216247558594,-5.017882823944092,219.72067147964714,-221.16871914912434,-5.034423664471968,0.33899713511745544,0.8741897624063616,0.23201417543568167,3.652931145889809e-05,11.432270038117535,13.483684775304809,nan,14.879177495813133,nan
10.98,220.00323486328125,-220.9734344482422,-5.017882823944092,219.72077066186964,-221.16026230314856,-5.03325973817668,0.3390090292887967,0.8743657455889815,0.23212321282647475,3.660457317690494e-05,10.392146523967659,12.462634495813221,nan,1.2316844841024477,nan
10.99,220.00323486328125,-220.96470642089844,-5.017882823944092,219.72087007897727,-221.15180526429728,-5.0321706396646215,0.33902800812658734,0.8745423123778202,0.23223276697504117,3.6680400341218775e-05,9.488165160270261,11.621460792299143,nan,1.0488655367524629,nan
11.0,220.00323486328125,-220.9559783935547,-5.017882823944092,219.70214966070586,-221.13452431482415,-5.029657708742458,0.350242192095471,0.8743057947430445,0.23216894701187357,3.638118413997415e-05,7.7587560357360825,10.061431310031802,2.035793983049519,2.5737779628543547,nan
11.01,220.00323486328125,-220.947265625,-5.017882823944092,219.70219311892976,-221.1260406504539,-5.029414248455178,0.35031359568175957,0.8744809396965468,0.23227808750430357,3.645478943493003e-05,7.585332202709653,9.969981698954323,nan,0.0719637481862586,nan
11.02,220.00323486328125,-220.93853759765625,-5.017882823944092,219.70223435111413,-221.11755845274598,-5.0277995438529315,0.35035427243816863,0.8746566652158587,0.23238774350528965,3.6529311628063946e-05,6.620088775688696,8.977412721927179,nan,1.8652797094178069,nan
11.03,220.00323486328125,-220.9298095703125,-5.017882823944092,219.7022744822719,-221.10907707351456,-5.0254159943840016,0.3503865541062832,0.8748329731009739,0.23249791681483084,3.6604573340080196e-05,5.468546050461685,7.830731147511065,nan,3.807665050392617,nan
11.040000000000001,220.00323486328125,-220.92108154296875,-5.017882823944092,219.70231763141547,-221.1005937376067,-5.024851984970479,0.35046309030039796,0.8750098651518855,0.23260860923292606,3.668040049841045e-05,5.232607161653741,7.580488298873708,nan,0.20089322794870762,nan
11.05,220.00323486328125,-220.91236877441406,-5.017882823944092,219.69972231677804,-221.09166558137832,-5.023138748225342,0.3525547271169326,0.874773003809542,0.2325434656501388,3.638118428829061e-05,4.694819140171279,7.034734337161562,0.02042738390352361,1.8550725600087237,nan
11.06,220.00323486328125,-220.9036407470703,-5.017882823944092,219.69976098564734,-221.08317959725767,-5.025598177470493,0.35268983514242913,0.8749484701853589,0.2326537302122228,3.6454789577501675e-05,5.558779470687087,7.814755731102824,nan,4.0965940311589994,nan
11.07,220.00323486328125,-220.89491271972656,-5.017882823944092,219.6997935119034,-221.07469799415384,-5.023925905676507,0.35275475540908857,0.8751245176732281,0.23276451257680736,3.65293117649381e-05,4.915979333451741,7.165084095752361,nan,1.8183894598074803,nan
11.08,220.00323486328125,-220.8861846923828,-5.017882823944092,219.69982944745874,-221.06621422187868,-5.02454405404493,0.3528595327143516,0.8753011480731429,0.23287581454389109,3.660457347131587e-05,5.118835496199391,7.345186308379941,nan,0.27185375988182886,nan
11.09,220.00323486328125,-220.87747192382812,-5.017882823944092,219.69986390785,-221.05773147017,-5.02413159892186,0.352939779332654,0.8754783631850968,0.23298763791347246,3.6680400624077316e-05,4.961172497651629,7.224369995678307,nan,0.10081192358665299,nan
11.1,220.00323486328125,-220.86874389648438,-5.017882823944092,219.68282093149617,-221.02607629195518,-5.025216599544474,0.35703270804103343,0.8752411493717138,0.2329211407801179,3.638118440649217e-05,5.055362114526991,7.3225333966505355,3.155353550355872,0.5519524491641701,nan
11.11,220.00323486328125,-220.86001586914062,-5.017882823944092,219.6828214878016,-221.01749254336826,-5.02504930324092,0.35709241456180385,0.8754169349485602,0.233032522033376,3.645478969044735e-05,4.97547365998418,7.23322257559415,nan,0.019542740552048698,nan
11.120000000000001,220.00323486328125,-220.85128784179688,-5.017882823944092,219.6828213157928,-221.00890943441593,-5.0241558368494275,0.35713969054811745,0.8755933021706027,0.23314442332729612,3.652931187272262e-05,4.63352724817931,6.881618498503325,nan,0.520711048063936,nan
11.13,220.00323486328125,-220.8425750732422,-5.017882823944092,219.68282153957426,-221.0003261221023,-5.023375089948346,0.35718378520208327,0.875770252837835,0.23325684646187667,3.6604573574040643e-05,4.369676929747956,6.667911016065153,nan,0.37811871141158426,nan
11.14,220.00323486328125,-220.83384704589844,-5.017882823944092,219.68282252617075,-220.99174213297076,-5.0231769170503835,0.35724354678007003,0.8759477887502511,0.23336979323711596,3.6680400721850594e-05,4.299343056251368,6.516283172860824,nan,0.01805421813049931,nan
11.15,220.00323486328125,-220.8251190185547,-5.017882823944092,219.69654496072516,-220.96884755057474,-5.02583065022136,0.3387916102695491,0.8757102139741068,0.23330191364378405,3.638118449816634e-05,4.823437141192986,6.992463293790653,7.7548455852211085,1.295023902175147,nan
11.16,220.00323486328125,-220.81639099121094,-5.017882823944092,219.69661210944247,-220.9601764365253,-5.026067452611049,0.3387606169588542,0.8758863164739865,0.23341440399188373,3.645478977751276e-05,4.913502829010749,7.091408056374137,nan,0.021226155745189604,nan
11.17,220.00323486328125,-220.80767822265625,-5.017882823944092,219.6966794772589,-220.95150516336412,-5.026530448216932,0.33872876313986483,0.8760630011393449,0.23352741656407594,3.652931195529919e-05,5.111586201959199,7.377483199175699,nan,0.10457958746263903,nan
11.18,220.00323486328125,-220.7989501953125,-5.017882823944092,219.69674569053493,-220.94283472279022,-5.025832728283296,0.3386762041201254,0.8762402697701761,0.23364095316035904,3.6604573652252474e-05,4.779831080180747,6.981734168555162,nan,0.3805182449415313,nan
11.19,220.00323486328125,-220.79022216796875,-5.017882823944092,219.69681363622115,-220.93416296028582,-5.026932690948229,0.33866623714015914,0.8764181241664749,0.23375501558073145,3.668040079582466e-05,5.274886320133296,7.488370307728704,nan,0.7008087424751765,nan
11.200000000000001,220.00323486328125,-220.781494140625,-5.017882823944092,219.6975316700835,-220.9002686518855,-5.0253496418230785,0.3280511853746559,0.8761801802117006,0.23368572564893592,3.638118456729616e-05,4.084710106480005,6.911078072943597,5.724712019262834,1.0639214304301057,nan
11.21,220.00323486328125,-220.7727813720703,-5.017882823944092,219.69762967289688,-220.89147040100116,-5.0256057164611505,0.3279348426856222,0.8763565973033646,0.2337993172904588,3.6454789842746044e-05,4.176205673780215,7.096932317120145,nan,0.03181282678074253,nan
11.22,220.00323486328125,-220.76405334472656,-5.017882823944092,219.6977272061302,-220.88267268228003,-5.025298872292335,0.3278116434671794,0.8765335970681645,0.23391343328582223,3.652931201676554e-05,4.033913171853536,6.8635479130725345,nan,0.07808869476405363,nan
11.23,220.00323486328125,-220.7553253173828,-5.017882823944092,219.69782561391824,-220.87387445037575,-5.026015072819788,0.32771151948265514,0.8767111813060955,0.23402807543502469,3.6604573710082476e-05,4.323285087751547,7.157526407638117,nan,0.30003123429411177,nan
11.24,220.00323486328125,-220.74659729003906,-5.017882823944092,219.6979219993461,-220.86507779122064,-5.024189667171918,0.3275566368065494,0.8768893518171532,0.23414324553806465,3.668040085014948e-05,3.5892778348928984,6.428113210349329,nan,2.255733162640689,nan
11.25,220.00323486328125,-220.73788452148438,-5.017882823944092,219.69421625888745,-220.85427460640395,-5.023677642018066,0.3302616078892414,0.8766510307471272,0.23407251842734203,3.638118461787983e-05,3.426291404538846,6.552997178411559,1.1700100386888748,0.01634982217547484,nan
11.26,220.00323486328125,-220.72915649414062,-5.017882823944092,219.69430256158932,-220.84547066020573,-5.023114222237221,0.3301446952234639,0.8768277600494369,0.23418720336821688,3.6454789890143026e-05,3.242406841907715,6.25753969919184,nan,0.1940724881644085,nan
11.27,220.00323486328125,-220.72042846679688,-5.017882823944092,219.69438822830432,-220.83666715705667,-5.02149669235666,0.3300162679244593,0.8770050725201508,0.23430241474004165,3.652931206110324e-05,2.83763283853342,5.832931152229784,nan,1.635510660786352,nan
11.28,220.00323486328125,-220.71170043945312,-5.017882823944092,219.69447546871348,-220.82786248569263,-5.02204236174206,0.32991405922618694,0.877182969959265,0.23441815434281504,3.660457375148742e-05,2.941242635415602,5.903801433819798,nan,0.23738990503083623,nan
11.290000000000001,220.00323486328125,-220.70298767089844,-5.017882823944092,219.69456329445597,-220.8190572859054,-5.023617644200992,0.32982295416222496,0.8773614541667759,0.23453442397653576,3.668040088874731e-05,3.3534227843489015,6.3811976092097,nan,1.6887054677196003,nan
11.3,220.00323486328125,-220.6942596435547,-5.017882823944092,219.6906911766404,-220.80718700359205,-5.024835152547141,0.3323920570306498,0.8771227483268352,0.23446223388936313,3.638118465367276e-05,3.7670113527325397,6.4303679274007965,1.8222198078928513,0.09385640996672484,nan
11.31,220.00323486328125,-220.68553161621094,-5.017882823944092,219.6907674805151,-220.7983707855466,-5.025559717174071,0.3323063016537028,0.8772997874120334,0.2345780039549626,3.645478992341155e-05,4.043682108633334,6.708458443133426,nan,0.3069325090888271,nan
11.32,220.00323486328125,-220.6768035888672,-5.017882823944092,219.69084386342973,-220.78955480118182,-5.026079274201801,0.33221702915936857,0.87747741014875,0.2346943024770212,3.652931209196498e-05,4.254776565181693,6.924291601889068,nan,0.1407296184475285,nan
11.33,220.00323486328125,-220.6680908203125,-5.017882823944092,219.69092039167165,-220.78073889711953,-5.026574879184015,0.3321226734346793,0.877655618336982,0.23481113125553787,3.660457378005789e-05,4.468053790419473,7.238691962536608,nan,0.11978649408137967,nan
11.34,220.00323486328125,-220.65936279296875,-5.017882823944092,219.69099663948936,-220.77192323991844,-5.026627460698865,0.3320226367075038,0.8778344137767264,0.23492849209051153,3.6680400915139535e-05,4.477487463764667,7.165928232479288,nan,0.00031800323773562266,nan
11.35,220.00323486328125,-220.650634765625,-5.017882823944092,219.68726178901076,-220.76430865254886,-5.026656858202412,0.3359132624793023,0.8775953157962297,0.23485481427514748,3.6381184678027864e-05,4.563809604116718,7.257137408461753,0.3205825741589789,0.044937071907098065,nan
11.36,220.00323486328125,-220.64190673828125,-5.017882823944092,219.68732271034958,-220.75550281401476,-5.025547436313691,0.33580247627847376,0.8777726621931187,0.2349716611220472,3.64547899458301e-05,4.048133838467706,6.752146944304804,nan,0.9006515920650178,nan
11.370000000000001,220.00323486328125,-220.63319396972656,-5.017882823944092,219.68738371904772,-220.74669683861853,-5.024853016578848,0.3356984214227199,0.8779505927127199,0.23508903840034723,3.6529312112550644e-05,3.7552837134377954,6.554334399887399,nan,0.35215340883061264,nan
11.38,220.00323486328125,-220.6244659423828,-5.017882823944092,219.6874454886481,-220.7378902321244,-5.026191647370532,0.33564420921760124,0.8781291091550312,0.23520694791004665,3.66045737989111e-05,4.300251230475274,7.007759819148902,nan,1.1066678395297433,nan
11.39,220.00323486328125,-220.61573791503906,-5.017882823944092,219.68750626967343,-220.72908427926757,-5.025033209942729,0.3355340088952526,0.8783082133200502,0.23532539145114464,3.6680400932358176e-05,3.797103472363459,6.513751466273848,nan,0.9488148953022623,nan
11.4,220.00323486328125,-220.6070098876953,-5.017882823944092,219.67831277877465,-220.71358488016082,-5.024960962633112,0.34202732356704546,0.8780687161138241,0.23525020220249934,3.63811846938194e-05,3.74856420669036,6.426199416230777,0.3719597189471868,0.057294895525501155,nan
11.41,220.00323486328125,-220.59829711914062,-5.017882823944092,219.67834824717252,-220.70475446699035,-5.024999958661697,0.34195779541394594,0.8782463673108497,0.2353681173298984,3.645478996018562e-05,3.7497626222392655,6.521484001685494,nan,1.0352428524539645e-05,nan
11.42,220.00323486328125,-220.58956909179688,-5.017882823944092,219.6783833430712,-220.69592440741874,-5.023921469668954,0.34187194764413753,0.8784246030900942,0.23548656481409572,3.652931212555718e-05,3.3476114853753396,6.026780190985859,nan,0.8037284141255681,nan
11.43,220.00323486328125,-220.58084106445312,-5.017882823944092,219.67841879348174,-220.68709408496395,-5.023852992380797,0.34180524641795046,0.8786034252515558,0.23560554645509063,3.660457381065325e-05,3.3122249451845174,5.985179562779082,nan,0.004241745976284354,nan
11.44,220.00323486328125,-220.57211303710938,-5.017882823944092,219.67845405149097,-220.6782640724532,-5.023134754885177,0.34172825576812854,0.8787828355952327,0.23572506405288252,3.668040094291731e-05,3.079644334448047,5.746329859229977,nan,0.34193823780018395,nan
11.450000000000001,220.00323486328125,-220.5634002685547,-5.017882823944092,219.68254058841654,-220.6664487329491,-5.023839550689392,0.33689655168696225,0.8785429323644307,0.2356483407115204,3.638118470342118e-05,3.2172255036044977,5.7714073747886125,3.3832192223511317,0.12304262752220085,nan
11.46,220.00323486328125,-220.55467224121094,-5.017882823944092,219.68259331304375,-220.65760081904187,-5.0240105616185815,0.3368127744638136,0.8787208858126755,0.2357673154723232,3.645478996876216e-05,3.261134853191582,5.718238036722245,nan,0.011128650772592105,nan
11.47,220.00323486328125,-220.5459442138672,-5.017882823944092,219.6826461920726,-220.64875280607868,-5.024156207198174,0.3367284634201302,0.8788994242911896,0.2358868244667961,3.652931213317948e-05,3.2977042936134544,5.756005808037427,nan,0.006667034827236272,nan
11.48,220.00323486328125,-220.53721618652344,-5.017882823944092,219.68269928671248,-220.6399044694376,-5.024909913668373,0.33665608457909524,0.8790785495999717,0.2360068694949386,3.6604573817389414e-05,3.558614145016491,6.022867634328466,nan,0.32153559505500845,nan
11.49,220.00323486328125,-220.52850341796875,-5.017882823944092,219.6827520482008,-220.63105623354443,-5.023898686789744,0.3365449529411613,0.8792582635390209,0.23612745235675028,3.6680400948832506e-05,3.1853010011397975,5.752614760761951,nan,0.7412117335704118,nan
11.5,220.00323486328125,-220.519775390625,-5.017882823944092,219.6817190027173,-220.63323855078778,-5.023550158780345,0.3409962697632446,0.8790179477714303,0.23604917330613026,3.6381184708727876e-05,3.273056232963243,5.549118134792004,1.1023035901760707,0.008635992912094928,nan
11.51,220.00323486328125,-220.51104736328125,-5.017882823944092,219.6817571436808,-220.62444419643077,-5.023841304002543,0.3409432056112062,0.8791962008875134,0.23616919891769061,3.645478997336905e-05,3.35371557178996,5.625668585784425,nan,0.045276195967246365,nan
11.52,220.00323486328125,-220.50233459472656,-5.017882823944092,219.68179499825735,-220.61565023440824,-5.021556261201883,0.34084822892944566,0.8793750394706904,0.2362897605922752,3.652931213714232e-05,2.738587268079481,5.101992274022293,nan,3.479797957850503,nan
11.53,220.00323486328125,-220.4936065673828,-5.017882823944092,219.6818331454214,-220.60685589112958,-5.021755096798348,0.3407924119892134,0.8795544653209607,0.23641086012988372,3.660457382076125e-05,2.7684761873522996,5.031810797735366,nan,0.02965268065627572,nan
11.540000000000001,220.00323486328125,-220.48487854003906,-5.017882823944092,219.68187136121648,-220.59806144612668,-5.022360110238609,0.34074171564740147,0.8797344802383238,0.23653249933051593,3.668040095166403e-05,2.895040611960133,5.149223264596276,nan,0.24279638133150194,nan
11.55,220.00323486328125,-220.4761505126953,-5.017882823944092,219.69454981243913,-220.57525024023658,-5.021141679405497,0.32421880998959934,0.8794937457081451,0.2364526439925706,3.6381184711201625e-05,2.3096241916893496,5.23540305759931,5.494602798890416,0.017394788974283773,nan
11.56,220.00323486328125,-220.46743774414062,-5.017882823944092,219.69464564105905,-220.56637851005596,-5.022452957992999,0.3240948462361548,0.8796722958770316,0.2365737115470995,3.645478997539183e-05,2.5799057605233955,5.577656464961118,nan,1.1979573128863237,nan
11.57,220.00323486328125,-220.45870971679688,-5.017882823944092,219.69474124729106,-220.5575070992225,-5.020309934123487,0.32393691476069875,0.8798514319388397,0.23669531694748827,3.6529312138756345e-05,2.1577787419920993,5.037629367852424,nan,2.9278778810859234,nan
11.58,220.00323486328125,-220.44998168945312,-5.017882823944092,219.69483708441237,-220.54863536467585,-5.023225793756759,0.32383681843272194,0.880031155693569,0.23681746199373674,3.660457382200637e-05,2.7659842176917357,5.618302336117025,nan,5.710838961527658,nan
11.59,220.00323486328125,-220.44125366210938,-5.017882823944092,219.6949328148323,-220.53976396874234,-5.02239469323368,0.323689342665503,0.880211468941219,0.23694014848584477,3.66804009525775e-05,2.530711377072491,5.3705408778799475,nan,0.44834008612664283,nan
11.6,220.00323486328125,-220.4325408935547,-5.017882823944092,219.66586532906913,-220.52449202236838,-5.023185811780484,0.3497160768174726,0.8799703097083532,0.2368586973150001,3.6381184711929227e-05,2.8862306716765134,5.593647783740936,2.153966905499067,0.3171925811978407,nan
11.61,220.00323486328125,-220.42381286621094,-5.017882823944092,219.6658654757331,-220.51561553911924,-5.0209333461701116,0.3496500251588217,0.8801491542860732,0.23698079778963896,3.6454789975851715e-05,2.3583835136238434,4.95759208776421,nan,3.3227385851645064,nan
11.620000000000001,220.00323486328125,-220.4150848388672,-5.017882823944092,219.66586572228786,-220.50673893641246,-5.021265281308806,0.34961386115152715,0.880328585171772,0.23710343784744417,3.6529312138979495e-05,2.4062157513946,4.987884428966804,nan,0.0891850682271378,nan
11.63,220.00323486328125,-220.40635681152344,-5.017882823944092,219.665865992724,-220.49786226321555,-5.021256384422171,0.349574574906051,0.8805086041654494,0.23722661928841562,3.6604573822021214e-05,2.393864453884647,4.957786419806959,nan,0.00029597117855200593,nan
11.64,220.00323486328125,-220.39764404296875,-5.017882823944092,219.66586620462868,-220.48898567625213,-5.022422776699792,0.34954472815782817,0.8806892130671053,0.23735034391255339,3.6680400952410875e-05,2.6346033777275077,5.278337741014006,nan,0.9167345254512322,nan
11.65,220.00323486328125,-220.388916015625,-5.017882823944092,219.68059190234843,-220.47668022904725,-5.02299243542639,0.3344056601294693,0.8804476234759749,0.23726727838828718,3.6381184711688215e-05,2.621197398983189,5.317477454224681,1.068442871985634,0.10791192500860726,nan
11.66,220.00323486328125,-220.38018798828125,-5.017882823944092,219.68064643486247,-220.4677758789637,-5.021057823597791,0.3342828343883374,0.8806267597922515,0.23739040265484948,3.64547899754722e-05,2.170050979780517,4.857428765454261,nan,2.4712092883836267,nan
11.67,220.00323486328125,-220.3714599609375,-5.017882823944092,219.680700714136,-220.45887150115757,-5.022019432178923,0.3341948028563263,0.8808064828210188,0.23751406819733434,3.652931213848253e-05,2.3519609197650158,5.023615570481397,nan,0.6309003639873791,nan
11.68,220.00323486328125,-220.3627471923828,-5.017882823944092,219.68075508600464,-220.44996706094244,-5.022052608147774,0.33409265080848116,0.880986794362277,0.23763827681574173,3.660457382142682e-05,2.3483479068229203,5.10701599216351,nan,0.0008497713100688355,nan
11.69,220.00323486328125,-220.35401916503906,-5.017882823944092,219.68080960849872,-220.44106254875933,-5.020355164880886,0.33397710706089057,0.8811676962160259,0.23776303031007184,3.6680400951737247e-05,2.0300769064729707,4.677996624798799,nan,1.8461510018716134,nan
11.700000000000001,220.00323486328125,-220.3452911376953,-5.017882823944092,219.6777419540655,-220.44173450592388,-5.020378667384087,0.3394895969826954,0.880925670893962,0.23767833292810842,3.638118471100744e-05,2.1992864502309812,4.506266821696565,1.1886492487495457,0.08619758257780359,nan
11.71,220.00323486328125,-220.33656311035156,-5.017882823944092,219.67777673068235,-220.43287697121164,-5.019791071639844,0.3394156703480319,0.8811050962547515,0.23780247176249264,3.645478997473933e-05,2.1182286409922924,4.411702775335314,nan,0.20563207235401554,nan
11.72,220.00323486328125,-220.32785034179688,-5.017882823944092,219.67781149002494,-220.42401929279836,-5.018716562704149,0.3393369035612906,0.8812851087222213,0.23792715352197327,3.652931213771155e-05,2.027452466666843,4.40152634705108,nan,0.6976582235703677,nan
11.73,220.00323486328125,-220.31912231445312,-5.017882823944092,219.67784611248092,-220.41516154116792,-5.017777192613407,0.33926594785411646,0.8814657100963715,0.23805238000655046,3.660457382063046e-05,1.9990776236526893,4.257424070603857,nan,0.5009010087830182,nan
11.74,220.00323486328125,-220.31039428710938,-5.017882823944092,219.67788062830942,-220.40630363984843,-5.017146775070851,0.3391968807711396,0.8816469021772024,0.2381781530162244,3.668040095092705e-05,2.003927909084349,4.242057332061237,nan,0.1973304632286284,nan
11.75,220.00323486328125,-220.30166625976562,-5.017882823944092,219.6616596052144,-220.3942012695085,-5.013805229128181,0.35391102233617205,0.8814044360324221,0.23809180727845983,3.638118471022488e-05,2.526888360496255,4.753926665951298,1.3962656930944501,4.779011683320424,nan
11.76,220.00323486328125,-220.29295349121094,-5.017882823944092,219.66164061193578,-220.38534116544812,-5.011729599617967,0.3539208627261694,0.8815841477223652,0.23821695136973728,3.645478997395846e-05,3.098800182735693,5.376276973850506,nan,2.3613587359619093,nan
11.77,220.00323486328125,-220.2842254638672,-5.017882823944092,219.66162144259917,-220.37648137466795,-5.011805234043075,0.35390368656852716,0.8817644469030766,0.23834263999265926,3.652931213694079e-05,3.061946646983,5.196926543532832,nan,0.05263150567815068,nan
11.78,220.00323486328125,-220.27549743652344,-5.017882823944092,219.65881667836115,-220.3721065788775,-5.014365024444004,0.3577283709791077,0.8801021871971897,0.23369083330370508,3.660457257752079e-05,3.1114189203428877,5.204613853527963,nan,4.9159202560694935,0.004209594761436617
11.790000000000001,220.00323486328125,-220.2667694091797,-5.017882823944092,219.65879418468512,-220.36325436770917,-5.01357124099082,0.35772519905894484,0.8802777199478777,0.23379849080364534,3.6680399758367753e-05,3.2676293401507186,5.3365048334716585,nan,0.27353136420531715,nan
11.8,220.00323486328125,-220.258056640625,-5.017882823944092,219.65364158652713,-220.35253930428004,-5.013780039101666,0.3621591718105429,0.8800412810859255,0.2337365064029239,3.638118358737216e-05,3.2375268781572784,5.297351360261394,0.7879504910945023,0.021225514133603483,nan
11.81,220.00323486328125,-220.24932861328125,-5.017882823944092,219.65359952070867,-220.34368792054374,-5.015269569391938,0.36215380812889353,0.8802154048246189,0.23384377401302006,3.645478889878938e-05,2.9497988096550265,4.8961386757091745,nan,1.709082126364091,nan
11.82,220.00323486328125,-220.2406005859375,-5.017882823944092,219.6535592095274,-220.33483370748016,-5.015398330404908,0.36215896610742787,0.8803901070883589,0.2339515504685094,3.652931110858444e-05,2.9191041527362698,4.855071080234957,nan,0.032668946505593904,nan
11.83,220.00323486328125,-220.23187255859375,-5.017882823944092,219.65351928107816,-220.32597884970312,-5.015270375609464,0.36216544195755074,0.880565389677146,0.23405983756939183,3.660457283740733e-05,2.924261212640923,4.853243284111495,nan,0.000923167980258983,nan
11.84,220.00323486328125,-220.22315979003906,-5.017882823944092,219.6534794190434,-220.31712380118194,-5.015089858781736,0.3621683404419373,0.880741254390981,0.23416863711566685,3.6680400012637435e-05,2.9378984952538008,4.955003238382724,nan,0.005242937376370983,nan
11.85,220.00323486328125,-220.2144317626953,-5.017882823944092,219.66484216323354,-220.29912182106818,-5.014059887452449,0.3488504554622167,0.8805045254244594,0.23410539723125565,3.638118382920606e-05,2.8363450197566626,5.142643967465633,2.6192343156026343,0.17034929564856452,nan
11.86,220.00323486328125,-220.20570373535156,-5.017882823944092,219.66485309485114,-220.2902101929003,-5.016181540183203,0.3487785213280218,0.8806789773363427,0.23421379298401754,3.645478913480358e-05,2.501413078692587,4.794020701878043,nan,3.267154996777487,nan
11.870000000000001,220.00323486328125,-220.1969757080078,-5.017882823944092,219.6648649285668,-220.28129676449606,-5.017447621806997,0.34871828556423,0.8808540083710963,0.23432270003744501,3.6529311338584025e-05,2.4146345799679056,4.698725620747486,nan,1.1569267756963275,nan
11.88,220.00323486328125,-220.18826293945312,-5.017882823944092,219.66487473941908,-220.27238593057086,-5.020305584572346,0.34866907064390196,0.8810296203287197,0.23443212019153614,3.6604573061223905e-05,2.5570069424596054,4.937840321918845,nan,5.4148566280193196,nan
11.89,220.00323486328125,-220.17953491210938,-5.017882823944092,219.66488760889862,-220.2634704405393,-5.020508605484759,0.3486128686806761,0.8812058150092128,0.2345420552462887,3.6680400230129076e-05,2.572148500948608,4.847018226464997,nan,0.020680788204872406,nan
11.9,220.00323486328125,-220.17080688476562,-5.017882823944092,219.68387486231515,-220.24665534647164,-5.020150981280089,0.3282513425683695,0.8809687857799812,0.23447752818838083,3.638118403533827e-05,2.2082993933661625,4.944524505095365,3.2027111864487328,0.04350508256965024,nan
11.91,220.00323486328125,-220.16207885742188,-5.017882823944092,219.68396788718897,-220.23767666786372,-5.019465651738284,0.3280989733457514,0.8811435638397437,0.23458704546025785,3.645478933465093e-05,2.1229365801565723,4.855508015423636,nan,0.321706297953749,nan
11.92,220.00323486328125,-220.1533660888672,-5.017882823944092,219.6840616145441,-220.22869676570548,-5.017992536880824,0.3279425035265577,0.8813189216060028,0.23469707642927476,3.652931153207717e-05,2.0416639329862427,4.879929697997927,nan,1.4121587345008122,nan
11.93,220.00323486328125,-220.14463806152344,-5.017882823944092,219.68415488765655,-220.21971750015769,-5.016880294007766,0.32779560402264113,0.8814948608787576,0.23480762289542853,3.660457324831465e-05,2.0562291909147903,4.777481571934302,nan,0.7588644845087317,nan
11.94,220.00323486328125,-220.1359100341797,-5.017882823944092,219.6842466609872,-220.21074038476982,-5.017212894663462,0.3276484447963466,0.8816713834580074,0.23491868665871582,3.668040041078869e-05,2.028501612405768,4.742204442219964,nan,0.09384949386574852,nan
11.950000000000001,220.00323486328125,-220.12718200683594,-5.017882823944092,219.68509375566688,-220.19756580586326,-5.017679525110228,0.3258338301190202,0.8814340440718216,0.2348528417137156,3.638118420600483e-05,1.9375695579490329,4.757862475097941,0.29850755144522934,0.055893070548973835,nan
11.96,220.00323486328125,-220.11846923828125,-5.017882823944092,219.68519451042104,-220.18856476923844,-5.017019943270992,0.32567436815118295,0.8816091461858461,0.23496347362970518,3.645478949909235e-05,1.9441894086504705,4.872575616928997,nan,0.26304670694991966,nan
11.97,220.00323486328125,-220.1097412109375,-5.017882823944092,219.68529440681752,-220.17956517673971,-5.017293218071267,0.32551784542755824,0.8817848285760461,0.2350746215815732,3.6529311690315744e-05,1.9209233589394645,4.727382528743226,nan,0.06192814545720024,nan
11.98,220.00323486328125,-220.10101318359375,-5.017882823944092,219.68539434940203,-220.17056571828357,-5.017582327277603,0.3253617027909568,0.8819610930424205,0.23518628736931596,3.660457340038735e-05,1.9015781246660681,4.70261032721701,nan,0.0649638831189166,nan
11.99,220.00323486328125,-220.09228515625,-5.017882823944092,219.6854954422225,-220.16156456230928,-5.016526987528453,0.3252073401555691,0.882137941384968,0.23529847279292962,3.668040055674627e-05,1.9369949197409215,4.731589315493543,nan,0.6871691297119155,nan
12.0,220.00323486328125,-220.0835723876953,-5.017882823944092,219.6494228312067,-220.1489126136735,-5.013517371836856,0.35982128389480983,0.8819002822180764,0.2352312802384471,3.638118434345431e-05,2.6603770738066763,5.239292881964652,5.026734587950186,3.701663239168579,nan
12.01,220.00323486328125,-220.07484436035156,-5.017882823944092,219.64939651949604,-220.13993175167417,-5.013367788961532,0.35980317895029584,0.8820757062282052,0.23534301968560062,3.645478963073344e-05,2.683868366134444,5.142194519946727,nan,0.0005902884106493045,nan
12.02,220.00323486328125,-220.0661163330078,-5.017882823944092,219.6493684650469,-220.1309530788921,-5.015152502597871,0.35976754449347714,0.8822517110704908,0.23545527745069664,3.652931181623169e-05,2.316901329735582,4.765590569649184,nan,2.345040555690194,nan
12.030000000000001,220.00323486328125,-220.05738830566406,-5.017882823944092,219.6493417171765,-220.1219722888745,-5.015301903802392,0.35974728754505425,0.8824282985449318,0.23556805533373132,3.660457352067116e-05,2.283013947394775,4.726979603804169,nan,0.032831683792591944,nan
12.040000000000001,220.00323486328125,-220.04867553710938,-5.017882823944092,219.6493131823882,-220.11299375481636,-5.017624184802973,0.3597185792107095,0.8826054704515267,0.2356813551347007,3.66804006714991e-05,2.090869192146249,4.639706849297069,nan,3.673115507739105,nan
12.05,220.00323486328125,-220.03994750976562,-5.017882823944092,219.64290738794546,-220.10445036815423,-5.018109409207548,0.3660554050455332,0.8823674821564425,0.23561278625205512,3.638118445117793e-05,2.1510493118880345,4.514880757432887,0.3912042232704296,0.4181538697508442,nan
12.06,220.00323486328125,-220.03121948242188,-5.017882823944092,219.64285823486117,-220.0954763956483,-5.016484428134992,0.3660631376137915,0.8825432258436523,0.2357256258926642,3.6454789733281876e-05,2.1917233085386547,4.54898454840844,nan,1.6897886017225,nan
12.07,220.00323486328125,-220.02249145507812,-5.017882823944092,219.6428081933473,-220.0865038803104,-5.016000458844563,0.36607173925634834,0.8827195509055523,0.2358389860776645,3.6529311913724025e-05,2.2235742614530416,4.576003484110221,nan,0.12395604509101227,nan
12.08,220.00323486328125,-220.01377868652344,-5.017882823944092,219.64275674402563,-220.07753348099337,-5.017619777051758,0.3660726942475192,0.8828964591421412,0.23595286860705228,3.6604573613231476e-05,2.116756182705528,4.573459751265259,nan,1.806112393091673,nan
12.09,220.00323486328125,-220.0050506591797,-5.017882823944092,219.6427067284089,-220.06856100195208,-5.017059301827016,0.36608028881964055,0.8830739523534176,0.23606727528082389,3.668040075925673e-05,2.1219483054423525,4.466007944454342,nan,0.18930433338075167,nan
12.1,220.00323486328125,-219.99632263183594,-5.017882823944092,219.62519520132332,-220.03555573427613,-5.015478454517788,0.38007762803496487,0.8828356258638963,0.235997302365156,3.638118453329143e-05,2.0268183286966037,4.8347494141881375,3.219735582654938,1.8519886910957655,nan
12.11,220.00323486328125,-219.98760986328125,-5.017882823944092,219.62511053076412,-220.02648135396078,-5.015734228231542,0.38012316437269494,0.8830116869518829,0.2361112346496135,3.645478981095891e-05,1.9829199479223218,4.905273428011895,nan,0.06382234167995249,nan
12.120000000000001,220.00323486328125,-219.9788818359375,-5.017882823944092,219.62502670458298,-220.01740622976274,-5.014810669366008,0.3801775616199498,0.8831883299438948,0.23622568965035157,3.652931198710028e-05,2.1033170736197286,4.8986024401152335,nan,0.49387073599634557,nan
12.13,220.00323486328125,-219.97015380859375,-5.017882823944092,219.62494145939596,-220.008333307114,-5.01622108190052,0.3802187987422485,0.8833655566399307,0.23634066916736673,3.6604573682444117e-05,1.9091056725985829,4.698631272833909,nan,1.4083827662205504,nan
12.14,220.00323486328125,-219.96142578125,-5.017882823944092,219.6248565571313,-219.99926010349145,-5.0172018491770105,0.3802657521142449,0.8835433688399891,0.23645617500065574,3.6680400824444824e-05,1.835089988019759,4.6217513773822,nan,0.661701149050174,nan
12.15,220.00323486328125,-219.9527130126953,-5.017882823944092,219.61700719114714,-219.9739313167021,-5.0181712905463725,0.3868101787182446,0.8833046953752445,0.23638477136875052,3.638118459407362e-05,1.6452749849080839,4.948486323556486,1.5844625800262355,0.7767947731184114,nan
12.16,220.00323486328125,-219.94398498535156,-5.017882823944092,219.6169151339276,-219.96478192880247,-5.015556688524759,0.3868861034604025,0.8834810715339144,0.23649978854808276,3.645478986806642e-05,1.7803143093923441,4.950854756855351,nan,4.46912195483554,nan
12.17,220.00323486328125,-219.9352569580078,-5.017882823944092,219.61682215046613,-219.9556337385011,-5.014554980744726,0.3869639160810316,0.8836580301129949,0.23661533056207706,3.652931204067026e-05,1.924016071038538,5.088107177452612,nan,0.5886869227271472,nan
12.18,220.00323486328125,-219.92652893066406,-5.017882823944092,219.616726771618,-219.94648863412752,-5.018015026053952,0.38702314163485163,0.8838355729124847,0.23673139921073041,3.660457373261407e-05,1.610351735205085,4.769104231464569,nan,8.018262044233778,nan
12.19,220.00323486328125,-219.91781616210938,-5.017882823944092,219.6166335688567,-219.9373402136781,-5.01665506344839,0.3870959271759663,0.8840137017323827,0.23684799629404,3.6680400871351347e-05,1.6398485234486748,4.923588192282494,nan,1.205225265940604,nan
12.200000000000001,220.00323486328125,-219.90908813476562,-5.017882823944092,219.5937514194565,-219.928747709125,-5.018756265212403,0.4099560373140148,0.8837746728005711,0.23677513628996197,3.638118463763934e-05,1.8005624770919002,4.781627995101696,2.8820064336260605,1.4597512598778215,nan
12.21,220.00323486328125,-219.90036010742188,-5.017882823944092,219.59357576751248,-219.9196247559856,-5.019612413802939,0.4101154629021605,0.8839513616494398,0.23689123042802868,3.645478990868528e-05,1.850920137340194,4.827320711533288,nan,0.42934327414955686,nan
12.22,220.00323486328125,-219.89163208007812,-5.017882823944092,219.59340001361832,-219.91050174388062,-5.020428652761563,0.41027691801345845,0.8841286334224024,0.2370078514666776,3.6529312078472035e-05,1.9356099446909556,4.904834323560235,nan,0.36836848415657075,nan
12.23,220.00323486328125,-219.88291931152344,-5.017882823944092,219.59322411910034,-219.90137872610694,-5.02118264995217,0.4104393367870967,0.884306489919458,0.23712500120590638,3.660457376772673e-05,2.0448191508280646,5.130941383159274,nan,0.293495213565567,nan
12.24,220.00323486328125,-219.8741912841797,-5.017882823944092,219.59304904366527,-219.89225450540445,-5.019671207490309,0.4105872439454892,0.8844849329406057,0.23724268144571262,3.668040090390091e-05,1.8239791192979866,4.7793270285016245,nan,1.655561422526048,nan
12.25,220.00323486328125,-219.86546325683594,-5.017882823944092,219.61485299152665,-219.894089026875,-5.017107104682553,0.38943614978364777,0.8842455403416125,0.23716834044435794,3.638118466773213e-05,1.7348995986637146,4.535555231909422,4.510748498696725,1.3974593433854718,nan
12.26,220.00323486328125,-219.8567352294922,-5.017882823944092,219.61474373216774,-219.8849977761069,-5.015541844080635,0.3895248524570997,0.884422539453109,0.23728550342971852,3.645478993648919e-05,1.8581798699344567,4.654241067961258,nan,1.5465821776366597,nan
12.27,220.00323486328125,-219.8480224609375,-5.017882823944092,219.61463410665345,-219.87590706976383,-5.014845852419712,0.38961175887944166,0.8846001219799278,0.23740319533016083,3.6529312104103245e-05,1.949671038337258,4.858301586421594,nan,0.2658332353893669,nan
12.280000000000001,220.00323486328125,-219.83929443359375,-5.017882823944092,219.61452454785632,-219.8668163606705,-5.01396029876101,0.38970315881652606,0.8847782897220681,0.23752141794568302,3.6604573791299004e-05,2.1071226974269894,4.89237713804039,nan,0.43056875161907965,nan
12.290000000000001,220.00323486328125,-219.83056640625,-5.017882823944092,219.61441424426988,-219.85772657139228,-5.015652509855513,0.3897744509839938,0.884957044479529,0.23764017307628318,3.6680400925524674e-05,1.8120549454794643,4.593388256847966,nan,2.0263728763357496,nan
12.3,220.00323486328125,-219.82183837890625,-5.017882823944092,219.5825917309657,-219.83975695426187,-5.016428411114897,0.4210271195822042,0.8847172803070891,0.23756432748495054,3.638118468761092e-05,1.852069564723668,4.656233880558849,3.0571515254978316,0.0721054592535071,nan
12.31,220.00323486328125,-219.81312561035156,-5.017882823944092,219.58237900610007,-219.83065324774725,-5.018154572093759,0.4212207787413127,0.8848945872097669,0.2376825510423953,3.6454789954648157e-05,1.7856028581936774,4.708672322333136,nan,1.9686429831863306,nan
12.32,220.00323486328125,-219.8043975830078,-5.017882823944092,219.58216751009047,-219.82154822107498,-5.015628936105673,0.4214225199483139,0.8850724780067858,0.2378013054790345,3.652931212064196e-05,1.9125656283955812,4.7099449777238505,nan,4.208020126814002,nan
12.33,220.00323486328125,-219.79566955566406,-5.017882823944092,219.58195584718496,-219.81244377776366,-5.014226540234336,0.42162869012992127,0.8852509544981452,0.2379205925948666,3.6604573806313707e-05,2.128682560323145,4.923935211780448,nan,1.213579044021877,nan
12.34,220.00323486328125,-219.7869415283203,-5.017882823944092,219.58174380809513,-219.80333988858445,-5.014169508408936,0.4218262729294229,0.8854300184838446,0.23804041418989022,3.668040093910898e-05,2.1294097852217,4.92407857961977,nan,2.925118734486125e-06,nan
12.35,220.00323486328125,-219.77822875976562,-5.017882823944092,219.57936292817269,-219.78938888201247,-5.015144320273883,0.424027670209853,0.8851898751270272,0.23796304144797392,3.638118470000464e-05,1.9059466576036774,4.948713332258397,0.19596801986971077,0.4907539872635285,nan
12.36,220.00323486328125,-219.76950073242188,-5.017882823944092,219.5791484990086,-219.7802636514406,-5.014183888310031,0.4242390445404886,0.8853674873086806,0.23808231714972025,3.645478996579564e-05,2.065260611435853,4.984762526459971,nan,0.5613412491461149,nan
12.370000000000001,220.00323486328125,-219.76077270507812,-5.017882823944092,219.57893380271162,-219.77113853210548,-5.014262540373077,0.42444310198613283,0.8855456838517285,0.23820212564541302,3.6529312130625635e-05,2.0389151080331254,4.963093534795452,nan,0.01073626311180097,nan
12.38,220.00323486328125,-219.75204467773438,-5.017882823944092,219.5787186990763,-219.76201380466514,-5.016234147097952,0.4246364036424538,0.8857244665561703,0.23832246873505106,3.660457381521228e-05,1.744609524376406,4.6686472816504905,nan,2.6239855825670513,nan
12.39,220.00323486328125,-219.7433319091797,-5.017882823944092,219.578504101798,-219.75288841359796,-5.015402135288135,0.4248455017333416,0.885903837222006,0.23844334821863344,3.6680400946998334e-05,1.828195186965168,4.8762140981228,nan,0.44267586876502435,nan
12.4,220.00323486328125,-219.73460388183594,-5.017882823944092,219.57573178987084,-219.74265438344443,-5.0167949184019065,0.4275802519878115,0.8856633073660993,0.2383644267955411,3.6381184707121346e-05,1.6946139785566434,4.614143763584797,0.2575980257696437,1.9427620651190556,nan
12.41,220.00323486328125,-219.7258758544922,-5.017882823944092,219.57550934777538,-219.73352574263413,-5.017093232874745,0.42779464799995215,0.8858412222767866,0.2384847460720944,3.645478997204639e-05,1.6695703523166074,4.586515823616064,nan,0.05575631429891583,nan
12.42,220.00323486328125,-219.71714782714844,-5.017882823944092,219.57528682173253,-219.724397131649,-5.017608860126236,0.4280095252880453,0.8860197220041987,0.23860560000900358,3.652931213607555e-05,1.6449592984832697,4.558793459357154,nan,0.16365197246894578,nan
12.43,220.00323486328125,-219.70843505859375,-5.017882823944092,219.57506428420058,-219.7152685328895,-5.018371919281789,0.4282253850199416,0.886198808348335,0.2387269904062679,3.660457381992405e-05,1.6397220678633089,4.672082068430827,nan,0.35140906931843163,nan
12.44,220.00323486328125,-219.69970703125,-5.017882823944092,219.57484198881986,-219.7061396267269,-5.0177223690784745,0.4284411965715125,0.8863784831091955,0.23884891906388672,3.668040095103143e-05,1.6244240064200517,4.531532340146457,nan,0.30663721086672685,nan
12.450000000000001,220.00323486328125,-219.69097900390625,-5.017882823944092,219.58831164716656,-219.67950542821515,-5.016485534604139,0.41508417294278294,0.8861375597360206,0.23876842845528173,3.638118471068612e-05,1.3599350941939377,4.80110722404817,4.111291712085089,0.6420996474982122,nan
12.46,220.00323486328125,-219.6822509765625,-5.017882823944092,219.58815501242626,-219.670281937435,-5.016736603835432,0.4152539636222361,0.8863157747909931,0.23888978260596286,3.6454789975040034e-05,1.3330266842771303,4.768914049237826,nan,0.042613978200035874,nan
12.47,220.00323486328125,-219.6735382080078,-5.017882823944092,219.58799841343028,-219.66105834213954,-5.01552373588483,0.4154306459968918,0.886494575106538,0.23901167323607597,3.6529312138548273e-05,1.4399396426188684,5.002703251612705,nan,0.9544483258305912,nan
12.48,220.00323486328125,-219.66481018066406,-5.017882823944092,219.58784174210163,-219.65183466436764,-5.01245479197061,0.4156311738520218,0.886673962482655,0.23913410214562064,3.6604573821923406e-05,2.083343225151851,5.5077946919038245,nan,5.975180613022359,nan
12.49,220.00323486328125,-219.6560821533203,-5.017882823944092,219.58768440533768,-219.64261147131464,-5.015137444435573,0.41577780060923425,0.8868539387193439,0.23925707113459646,3.6680400952602365e-05,1.4748123413577319,4.899240003017468,nan,4.930270973507607,nan
12.5,220.00323486328125,-219.64735412597656,-5.017882823944092,219.59153752220774,-219.6357644227797,-5.014917782935734,0.41187111252838227,0.8866126151070285,0.23917499185706556,3.638118471200046e-05,1.5087067266608183,4.931146113325215,0.39645692476861943,0.21297764668062039,nan
12.51,220.00323486328125,-219.63864135742188,-5.017882823944092,219.59139212855604,-219.62654891455747,-5.0137895301616595,0.4120405567105739,0.8867911276895672,0.239297372060206,3.6454789976003585e-05,1.7174942698901488,5.27126941064963,nan,0.7954983313252691,nan
12.52,220.00323486328125,-219.62991333007812,-5.017882823944092,219.59124663812582,-219.61733341733648,-5.0133628911486126,0.4122050238216183,0.8869702259652817,0.23942029051552077,3.652931213919814e-05,1.808211743189943,5.230295163019495,nan,0.09432154202518747,nan
12.530000000000001,220.00323486328125,-219.62118530273438,-5.017882823944092,219.59110114636223,-219.6081180315854,-5.015517450462906,0.41234760723019775,0.887149911734172,0.23954374902300976,3.66045738222947e-05,1.3929061375285723,4.818707109753972,nan,3.137661942106817,nan
12.540000000000001,220.00323486328125,-219.61245727539062,-5.017882823944092,219.59095584087393,-219.59890263722806,-5.015020447182899,0.41251171345014576,0.8873301867962381,0.2396677493826727,3.6680400952727455e-05,1.4545984209010854,4.876622182227425,nan,0.1566615061866301,nan
12.55,220.00323486328125,-219.60374450683594,-5.017882823944092,219.58563953871092,-219.60115789264563,-5.016681576933476,0.4176050630324636,0.887088456518485,0.23958406296691598,3.6381184712010054e-05,1.4344739238679989,4.692931476948709,1.4873391799415332,1.1825066003524631,nan
12.56,220.00323486328125,-219.5950164794922,-5.017882823944092,219.585465274513,-219.5920003431748,-5.01824181431945,0.4177806305370763,0.887267263982644,0.2397074602897229,3.6454789975820457e-05,1.38952785711874,4.518440849349481,nan,1.5172415145147327,nan
12.57,220.00323486328125,-219.58628845214844,-5.017882823944092,219.58529117004682,-219.58284273514352,-5.0165939812540525,0.4179598841941613,0.8874466575615747,0.23983139759210245,3.652931213884854e-05,1.4226981004677774,4.5411539678362125,nan,1.9010975702585449,nan
12.58,220.00323486328125,-219.5775604248047,-5.017882823944092,219.58511696749528,-219.5736850646367,-5.018373392678371,0.418136142722201,0.8876266390552771,0.23995587667405457,3.660457382180276e-05,1.3750821061670613,4.489719163499112,nan,1.9723150669093463,nan
12.59,220.00323486328125,-219.56884765625,-5.017882823944092,219.5849428421428,-219.56452730654937,-5.01948333176538,0.4183173938469639,0.8878072102637513,0.2400808993355793,3.668040095211607e-05,1.429496944660195,4.660389367676393,nan,0.6950450221088713,nan
12.6,220.00323486328125,-219.56011962890625,-5.017882823944092,219.58448095037357,-219.5392782763581,-5.019937683918255,0.41927726387325026,0.8875650671886276,0.23999558831821877,3.63811847113705e-05,1.2932584677237005,4.715010709254393,3.4349517526597952,0.9705211969323816,nan
12.61,220.00323486328125,-219.5513916015625,-5.017882823944092,219.58432115879518,-219.5300465863205,-5.019731664669683,0.4194612254952229,0.8877441668618867,0.2401199937263131,3.645478997509618e-05,1.2625410345221353,4.667731487699296,nan,0.05357424166581177,nan
12.620000000000001,220.00323486328125,-219.54266357421875,-5.017882823944092,219.5841611522678,-219.52081504929643,-5.018236398105012,0.41964301295095574,0.88792385306074,0.24024494079701308,3.652931213805744e-05,1.1638342896169775,4.558606207973064,nan,1.5972069230557413,nan
12.63,220.00323486328125,-219.53395080566406,-5.017882823944092,219.58400117172525,-219.51158342477027,-5.016017992431458,0.41983409277986433,0.8881041275851872,0.24037043133031874,3.66045738209607e-05,1.2469454774920914,4.766156592427507,nan,3.2943130486096575,nan
12.64,220.00323486328125,-219.5252227783203,-5.017882823944092,219.5838413783146,-219.5023515287527,-5.016278878986215,0.42001971611900907,0.8882849922352288,0.24049646712623027,3.668040095123781e-05,1.2138231033476743,4.597285715442755,nan,0.045603233159248635,nan
12.65,220.00323486328125,-219.51649475097656,-5.017882823944092,219.57891980339176,-219.50778125433382,-5.016800500849555,0.42440589828140834,0.8880424305235083,0.24040951504033117,3.6381184710512784e-05,1.3642844237331757,4.40835149602104,2.5225865933555873,0.0018047831871589855,nan
12.66,220.00323486328125,-219.5077667236328,-5.017882823944092,219.58864831906084,-219.5249496651204,-5.016196862393615,0.4149458983929589,0.8865085749821386,0.22846211690609258,3.6454788670067825e-05,2.0551309022110065,5.094421660700586,nan,0.25821631814751606,0.05742060211214913
12.67,220.00323486328125,-219.49905395507812,-5.017882823944092,219.58844453494228,-219.51582412782176,-5.016758376579178,0.4151307258674977,0.8866935711430839,0.22855728718023466,3.652931088204568e-05,1.9995901114442571,5.164040359899171,nan,0.1937190893316878,nan
12.68,220.00323486328125,-219.49032592773438,-5.017882823944092,219.58824028264232,-219.5066974593085,-5.0169819044170625,0.41531836061238636,0.8868791486644709,0.22865296337656266,3.660457261348907e-05,1.9752805231510029,5.013641670495858,nan,0.02481096704131192,nan
12.69,220.00323486328125,-219.48159790039062,-5.017882823944092,219.58803299038163,-219.49756314881358,-5.014759701849495,0.41552044270790445,0.8870653093462993,0.22874914729506876,3.668039979174449e-05,2.2072108911046215,5.243759359722159,nan,3.2622311042294707,nan
12.700000000000001,220.00323486328125,-219.47286987304688,-5.017882823944092,219.58435424935683,-219.5048761659813,-5.018091495901133,0.4201016722807525,0.8868150424411855,0.22869980162351106,3.6381183618445294e-05,2.248145566020285,4.916872676775636,6.199628791478085,3.368454709521624,nan
12.71,220.00323486328125,-219.4641571044922,-5.017882823944092,219.58413068654568,-219.49585033541092,-5.019339192933001,0.420303334335932,0.8869996656586192,0.228795737845083,3.645478892753287e-05,2.293479104518379,5.06649575264352,nan,0.8810150801451306,nan
12.72,220.00323486328125,-219.45542907714844,-5.017882823944092,219.58390569322992,-219.48682114935218,-5.0194369330389215,0.4205054462290096,0.8871848690061415,0.22889218076281126,3.6529311135104784e-05,2.290079997861555,4.935180718331093,nan,9.079650016297002e-05,nan
12.73,220.00323486328125,-219.4467010498047,-5.017882823944092,219.58367971172515,-219.4777896617472,-5.018710565030802,0.4207062064494395,0.8873706542837511,0.2289891321766849,3.6604572861809676e-05,2.231388732083369,4.86336805277269,nan,0.4509083701325007,nan
12.74,220.00323486328125,-219.43798828125,-5.017882823944092,219.58345552488322,-219.46876287634095,-5.019657028484318,0.4209096297908255,0.8875570232914469,0.2290865938866924,3.668040003502542e-05,2.286976271103284,5.021057482844791,nan,0.4675169251298291,nan
12.75,220.00323486328125,-219.42926025390625,-5.017882823944092,219.59433480644216,-219.45828592591508,-5.018507179690872,0.4099294279978828,0.887306284106582,0.22903623492911568,3.638118384998069e-05,2.0835559840412086,4.804802770861494,0.6257561184310567,0.8052324385460925,nan
12.76,220.00323486328125,-219.4205322265625,-5.017882823944092,219.59414384597451,-219.44922706644638,-5.015808510849789,0.41010139850021826,0.8874911125278132,0.22913343415894527,3.645478915378627e-05,2.179579946838847,4.894005275236422,nan,5.026903337574343,nan
12.77,220.00323486328125,-219.41180419921875,-5.017882823944092,219.59395646205303,-219.44017673114405,-5.016386380313026,0.4102633905472455,0.8876765216352833,0.22923114259761565,3.652931135586944e-05,2.1116038283212335,4.829071726674488,nan,0.19904229427620046,nan
12.780000000000001,220.00323486328125,-219.40309143066406,-5.017882823944092,219.5937674056864,-219.43112211074458,-5.015339386518455,0.410433657158985,0.887862513228991,0.2293293620451137,3.660457307690539e-05,2.215574263100434,5.047514206202627,nan,0.7561662947804715,nan
12.790000000000001,220.00323486328125,-219.3943634033203,-5.017882823944092,219.59358144305764,-219.42207498822907,-5.017345743537374,0.41058999633992144,0.8880490891089344,0.22942809430142597,3.668040024429691e-05,2.0355552519473004,4.7564374994752034,nan,2.5480021294002597,nan
12.8,220.00323486328125,-219.38563537597656,-5.017882823944092,219.62275177122228,-219.42431579972813,-5.019917202124851,0.38244960088740526,0.8877978771749759,0.22937667941957796,3.6381184048428566e-05,2.067451105773099,4.782058164791961,2.2627358887804894,3.086820455755748,nan
12.81,220.00323486328125,-219.3769073486328,-5.017882823944092,219.62265419057417,-219.4152901563709,-5.02010481221999,0.38251774547062933,0.8879829093512245,0.22947513429644337,3.645478934640978e-05,2.07797264207098,4.77839836477644,nan,0.002822623809677161,nan
12.82,220.00323486328125,-219.36819458007812,-5.017882823944092,219.62255513401988,-219.40626088481005,-5.018669371853682,0.38257903560450207,0.8881685227566027,0.22957410083464766,3.652931154258556e-05,1.9481244279523187,4.7407201364120235,nan,1.5737100686869956,nan
12.83,220.00323486328125,-219.35946655273438,-5.017882823944092,219.6224578609375,-219.39723549530345,-5.018951928226376,0.3826470456186147,0.888354719191109,0.229673580834177,3.660457325765108e-05,1.9513587582118823,4.6245343914035635,nan,0.023641883605612715,nan
12.84,220.00323486328125,-219.35073852539062,-5.017882823944092,219.6223614858058,-219.38821178752886,-5.020042873693166,0.3827184877422926,0.8885415004547413,0.22977357609501756,3.66804004190291e-05,2.036329040993284,4.697856660991637,nan,0.6348619974149884,nan
12.85,220.00323486328125,-219.34201049804688,-5.017882823944092,219.60521650478537,-219.3703302047968,-5.0196833763037265,0.3990286474414495,0.8882898154349617,0.22972106374900492,3.6381184213569166e-05,1.9983027545546805,4.85078269641889,1.5351873451319444,0.7092295272526608,nan
12.86,220.00323486328125,-219.3332977294922,-5.017882823944092,219.605068195881,-219.36127649001594,-5.019663101975973,0.3991524463897802,0.8884750498838844,0.22982076662741543,3.6454789505704804e-05,1.9850316558226164,4.935750781023984,nan,0.013368646920100659,nan
12.870000000000001,220.00323486328125,-219.32456970214844,-5.017882823944092,219.60491962986325,-219.3522221690358,-5.019313771081121,0.3992765103377659,0.8886608660918041,0.22992098356056795,3.652931169604308e-05,1.9433373173998678,4.76255928907882,nan,0.14327483264896088,nan
12.88,220.00323486328125,-219.3158416748047,-5.017882823944092,219.60477246066998,-219.34317111014357,-5.020665435407077,0.39940822131904613,0.8888472658587189,0.23002171634844906,3.660457340529323e-05,2.088055094447051,4.892553893840088,nan,0.9900473868974661,nan
12.89,220.00323486328125,-219.30711364746094,-5.017882823944092,219.60462430021548,-219.3341179708554,-5.0208651660740085,0.39953536618700664,0.8890342509846271,0.23012296679104546,3.668040056089205e-05,2.108303632051274,4.891561220818981,nan,0.002269629736103796,nan
12.9,220.00323486328125,-219.29840087890625,-5.017882823944092,219.6181330702047,-219.32984572227483,-5.019277669316564,0.3863859660997891,0.8887820926741354,0.23006931656403515,3.638118434721446e-05,1.8770507272102257,4.750539346840161,0.4255042865222511,1.9942428216353758,nan
12.91,220.00323486328125,-219.2896728515625,-5.017882823944092,219.61802663145872,-219.32080256542625,-5.019394445192737,0.3864669791170771,0.8889675278818605,0.2301702595294594,3.64547896338436e-05,1.8756168655716436,4.61849645842822,nan,6.659156082148443e-05,nan
12.92,220.00323486328125,-219.28094482421875,-5.017882823944092,219.61791969572045,-219.3117584192066,-5.018798619187659,0.38654636807168974,0.8891535453656627,0.23027171888502276,3.652931181874454e-05,1.8253119358339454,4.554623981699042,nan,0.3204124096415671,nan
12.93,220.00323486328125,-219.272216796875,-5.017882823944092,219.61781300643497,-219.3027153037494,-5.018775532669789,0.38662768083166316,0.8893401469255403,0.2303736964307129,3.660457352263665e-05,1.8135929455596027,4.529501253496379,nan,0.008765031501330872,nan
12.94,220.00323486328125,-219.2635040283203,-5.017882823944092,219.6177066898131,-219.29367316194697,-5.0193698808877,0.38670965917574535,0.8895273343614917,0.23047619396651778,3.668040067296538e-05,1.8413979722571683,4.659722104002775,nan,0.1619632371287693,nan
12.950000000000001,220.00323486328125,-219.25477600097656,-5.017882823944092,219.64756206201903,-219.28929777683416,-5.0193843237844185,0.3573473787057133,0.8892747026862453,0.23042136658620743,3.638118445245948e-05,1.6732161848834477,4.534738994661893,2.2906560667638685,0.003036134920652238,nan
12.96,220.00323486328125,-219.2460479736328,-5.017882823944092,219.64755203196262,-219.28024716705764,-5.0208822247269245,0.3573357772890965,0.8894603371093586,0.23052354146993573,3.645478973414524e-05,1.8475465111980929,4.695642280334321,nan,1.2653036843167662,nan
12.97,220.00323486328125,-219.23731994628906,-5.017882823944092,219.64754111900476,-219.2711943698896,-5.020892094783232,0.35731578750830945,0.8896465543130779,0.2306262350222798,3.652931191420944e-05,1.8382373091621134,4.668201987242537,nan,0.009917231327992559,nan
12.98,220.00323486328125,-219.22860717773438,-5.017882823944092,219.64752942328914,-219.26214009003948,-5.019655587701587,0.3572869420213679,0.8898333560974019,0.23072944904322892,3.660457361337703e-05,1.665601670671282,4.5901965779147424,nan,1.2067430836579036,nan
12.99,220.00323486328125,-219.21987915039062,-5.017882823944092,219.6475193822314,-219.25308950224732,-5.021332052222054,0.3572790619455462,0.8900207442623288,0.23083318533277258,3.668040075909838e-05,1.8937779889937447,4.6902383870318,nan,1.5887172379965713,nan
13.0,220.00323486328125,-219.21115112304688,-5.017882823944092,219.6275443485973,-219.23723395818337,-5.022884611638805,0.3766280592207567,0.8897676392779464,0.23077714268975208,3.638118453307923e-05,2.3080773193839668,5.294137803547298,4.274257643417565,0.038168621604120996,nan
13.01,220.00323486328125,-219.20242309570312,-5.017882823944092,219.6274720284129,-219.22816800145895,-5.023307426669318,0.3766828036364206,0.8899534713454262,0.23088054108338876,3.6454789810499974e-05,2.4174593325097566,5.370587739251365,nan,0.03289777252071371,nan
13.02,220.00323486328125,-219.19371032714844,-5.017882823944092,219.6273993917301,-219.21910140590822,-5.0232315373148655,0.37673016509350177,0.8901398866857251,0.23098446036827897,3.6529311986423914e-05,2.3831097977344733,5.414402753878354,nan,0.05062166192391147,nan
13.030000000000001,220.00323486328125,-219.1849822998047,-5.017882823944092,219.6273271354967,-219.21003616278676,-5.024427027113433,0.3767985435927136,0.8903268870988417,0.23108890234441373,3.660457368157863e-05,2.759867127913247,5.640658252014971,nan,0.6402421642581305,nan
13.040000000000001,220.00323486328125,-219.17625427246094,-5.017882823944092,219.62725436840344,-219.20097006462913,-5.024688282472818,0.3768534425699853,0.8905144743847747,0.23119386881178422,3.668040082341589e-05,2.8425363619390573,5.686146747652429,nan,0.001015817618245301,nan
13.05,220.00323486328125,-219.1675262451172,-5.017882823944092,219.62954396614657,-219.20418367581266,-5.026351091447115,0.3755800385816816,0.8902608962751649,0.2311365739749135,3.638118459307013e-05,3.7053515723641564,6.319571417302677,1.7626351622641554,0.5769117631840386,nan
13.06,220.00323486328125,-219.1588134765625,-5.017882823944092,219.62947206753083,-219.19517850847998,-5.024964945826441,0.3755944614659387,0.8904469243902665,0.23124118724449608,3.645478986693775e-05,3.100025390001409,5.7738035959881735,nan,1.7764229505481086,nan
13.07,220.00323486328125,-219.15008544921875,-5.017882823944092,219.62940086280707,-219.18617508174367,-5.025533382311351,0.37564990686760547,0.8906335362583186,0.2313463235732077,3.652931203943723e-05,3.316682569620453,5.8463186608722,nan,0.0730664970357389,nan
13.08,220.00323486328125,-219.141357421875,-5.017882823944092,219.62932938822513,-219.17717098115273,-5.025360846229889,0.375691144588728,0.8908207336793204,0.23145198476104095,3.660457373129597e-05,3.2323313614573648,5.727743396762461,nan,0.11014958599900739,nan
13.09,220.00323486328125,-219.13262939453125,-5.017882823944092,219.62925755766193,-219.16816596809943,-5.0241354105345595,0.37571394440228634,0.8910085184532704,0.23155817260798886,3.668040086996605e-05,2.7607501459303254,5.224167867460639,nan,1.3648858531472259,nan
13.1,220.00323486328125,-219.12391662597656,-5.017882823944092,219.64207181909708,-219.17850196974706,-5.024404340609551,0.36532291800342304,0.8907544675290852,0.23149958983691754,3.638118463632123e-05,3.046614294997731,5.156037695785627,3.3074237246383458,0.32509214818748927,nan
13.11,220.00323486328125,-219.1151885986328,-5.017882823944092,219.64203282767005,-219.16958541986023,-5.024329422776215,0.3653320179313934,0.8909406900711743,0.2316054091366606,3.6454789907323836e-05,3.008099219202476,5.001504382775183,nan,0.04543748516528438,nan
13.120000000000001,220.00323486328125,-219.10646057128906,-5.017882823944092,219.6419935834211,-219.1606682838573,-5.023280346825487,0.36532570622682115,0.8911274968344977,0.23171175360971683,3.652931207708139e-05,2.6561589128072542,4.63466369459153,nan,0.9851550573818287,nan
13.13,220.00323486328125,-219.0977325439453,-5.017882823944092,219.64195424798413,-219.15175091369642,-5.021778317673088,0.3653174539101911,0.8913148896190544,0.23181862505608045,3.660457376631928e-05,2.2637608932188904,4.229201603204425,nan,1.7775599682428918,nan
13.14,220.00323486328125,-219.08901977539062,-5.017882823944092,219.6419144806489,-219.14283313049728,-5.019360015266762,0.3653087436506709,0.8915028702248438,0.23192602527574602,3.668040090248819e-05,1.899069241592788,3.952735240369393,nan,4.145910837030004,nan
13.15,220.00323486328125,-219.08029174804688,-5.017882823944092,219.60492710303672,-219.1268335087149,-5.0187840119234375,0.40101872711492076,0.8912483469217705,0.23186612003070237,3.6381184666403415e-05,2.0531897761334417,3.8150632117133654,5.699925585615179,0.08140610667392509,nan
13.16,220.00323486328125,-219.07156372070312,-5.017882823944092,219.6047720557247,-219.1179206043473,-5.02028152372245,0.4011574795858435,0.8914347622481054,0.23197313631636435,3.64547899351685e-05,2.1796254189314626,3.9418561645060066,nan,1.3944864628731453,nan
13.17,220.00323486328125,-219.06283569335938,-5.017882823944092,219.60461649270695,-219.10900659290598,-5.01952829568587,0.4012867614331477,0.8916217622523426,0.23208067983689712,3.652931210279913e-05,2.086870902897595,3.8481162117183874,nan,0.4338155343069304,nan
13.18,220.00323486328125,-219.0541229248047,-5.017882823944092,219.60446123814265,-219.10009285516082,-5.019437588835429,0.4014175580327771,0.8918093487344816,0.23218875239229633,3.660457379001886e-05,2.06953879368131,3.9275323819422443,nan,0.012543746759940076,nan
13.19,220.00323486328125,-219.04539489746094,-5.017882823944092,219.6043066714745,-219.09118004107478,-5.021777043322624,0.4015658682439528,0.8919975234945218,0.23229735578255786,3.668040092427558e-05,2.407952542411071,4.169652092360011,nan,3.372771562703551,nan
13.200000000000001,220.00323486328125,-219.0366668701172,-5.017882823944092,219.5940562626313,-219.08127734502293,-5.024275009311452,0.4116528655735647,0.8917425283714263,0.23223609473153378,3.6381184686446295e-05,3.185866697838298,4.914551504627017,0.598441991750022,2.6954946563945095,nan
13.21,220.00323486328125,-219.02793884277344,-5.017882823944092,219.59386831640734,-219.07236837021858,-5.022610427668371,0.4117976479357835,0.8919291348188884,0.23234429877340707,3.645478995352046e-05,2.6670408771615755,4.390868408476851,nan,2.16245154116136,nan
13.22,220.00323486328125,-219.01922607421875,-5.017882823944092,219.59368084812186,-219.06346021865247,-5.023241955516796,0.41197071638427346,0.8921163263895364,0.23245303206013987,3.652931211955586e-05,2.831152114246784,4.645420204436352,nan,0.16864632508193464,nan
13.23,220.00323486328125,-219.010498046875,-5.017882823944092,219.5934935610269,-219.05455234099662,-5.0246769822835455,0.4121587997255369,0.8923041048833701,0.2325622963917291,3.660457380527321e-05,3.2972348426931073,5.013516267065538,nan,1.0921191828223342,nan
13.24,220.00323486328125,-219.00177001953125,-5.017882823944092,219.59330638299477,-219.04564449896273,-5.026342707887687,0.4123565187210052,0.892492472100389,0.2326720935681719,3.668040093811751e-05,3.9786196724059355,5.690715885343026,nan,1.4496503837624355,nan
13.25,220.00323486328125,-218.9930419921875,-5.017882823944092,219.61901387292463,-219.04468951310196,-5.026042963398679,0.38776258680170883,0.8922370058373178,0.23260944459163105,3.638118469908798e-05,3.76845334519902,5.492786793497628,2.341753909855525,0.759559129053831,nan
13.26,220.00323486328125,-218.9843292236328,-5.017882823944092,219.61890713931427,-219.03579584508154,-5.027931797640541,0.3878886366024846,0.892423801724091,0.23271882698715413,3.645478996492898e-05,4.6992253121445255,6.50893641137663,nan,1.8530787096007146,nan
13.27,220.00323486328125,-218.97560119628906,-5.017882823944092,219.6188005480017,-219.0269021478077,-5.030325825694336,0.38804169709417846,0.8926111831681789,0.23282874058700678,3.6529312129810675e-05,6.158893062210806,7.867060340915306,nan,3.008792262158582,nan
13.280000000000001,220.00323486328125,-218.9668731689453,-5.017882823944092,219.61869342046677,-219.01800774624144,-5.030063698980481,0.3881175594504171,0.8927991519695815,0.23293918719118692,3.660457381445108e-05,5.965134827594584,7.667057593097543,nan,0.19347905366772564,nan
13.290000000000001,220.00323486328125,-218.95814514160156,-5.017882823944092,219.61858613156772,-219.0091134727743,-5.030682301357003,0.3882219007389976,0.8929877099282982,0.23305016859969255,3.6680400946291685e-05,6.369362510804269,8.065911859931227,nan,0.07574361553059505,nan
13.3,220.00323486328125,-218.94943237304688,-5.017882823944092,219.61652868988838,-219.0004913737596,-5.030003452983218,0.39025068320534506,0.8927317733243555,0.23298610079292867,3.638118470647542e-05,5.960379692698509,7.727955809016219,0.5902713392853686,0.1488793740400264,nan
13.31,220.00323486328125,-218.94070434570312,-5.017882823944092,219.6164146070227,-218.99160036524657,-5.02920601487995,0.39031849829371795,0.8929187569515546,0.2330966519789222,3.645478997145302e-05,5.43082516112915,7.113546713835094,nan,0.7159861817463558,nan
13.32,220.00323486328125,-218.93197631835938,-5.017882823944092,219.6163006421036,-218.98270931345067,-5.029094419486952,0.3904070032464937,0.8931063265592701,0.23320773627923833,3.652931213553492e-05,5.346260640236899,7.0373844329123285,nan,0.07567562054292516,nan
13.33,220.00323486328125,-218.9232635498047,-5.017882823944092,219.61618672606053,-218.97381812181922,-5.028670025972681,0.39048481277151476,0.8932944839475021,0.23331935549387567,3.660457381943605e-05,5.075387613199917,6.8718380310158125,nan,0.27067072194972597,nan
13.34,220.00323486328125,-218.91453552246094,-5.017882823944092,219.6160730520748,-218.96492690102687,-5.028979041376405,0.3905850549262507,0.8934832309162501,0.23343151142283314,3.668040095059566e-05,5.244683602924107,6.958855695538542,nan,0.006232368259498599,nan
13.35,220.00323486328125,-218.9058074951172,-5.017882823944092,219.63228980850334,-218.97571671511312,-5.029395945352281,0.3776507442984631,0.8932268248873553,0.23336599509610176,3.638118471029534e-05,5.697340723609148,7.136354712503494,2.2242806963542465,0.002949784859602979,nan
13.36,220.00323486328125,-218.89707946777344,-5.017882823944092,219.63222005946446,-218.96690791950567,-5.030926476129581,0.37775406574234166,0.8934139945406028,0.2334777053606291,3.645478997469793e-05,6.7127144897265865,8.167382196242567,nan,1.1122301621919788,nan
13.370000000000001,220.00323486328125,-218.88836669921875,-5.017882823944092,219.63215033228474,-218.95809891349887,-5.031800834840363,0.37783597218981035,0.8936017505868675,0.23358995060102772,3.65293121382542e-05,7.340060240000279,8.89783928519911,nan,0.25091840379755165,nan
13.38,220.00323486328125,-218.879638671875,-5.017882823944092,219.6320805814912,-218.9492898091749,-5.031159260419993,0.3778664388163484,0.8937900948261492,0.23370273261729685,3.660457382167601e-05,6.844290485515338,8.341547675928147,nan,0.5310239877145041,nan
13.39,220.00323486328125,-218.87091064453125,-5.017882823944092,219.63201090658418,-218.94048065507198,-5.030426199549116,0.37789489102663254,0.893979029058448,0.2338160532094359,3.668040095240041e-05,6.310122741040307,7.830728924648118,nan,0.6169470805863079,nan
13.4,220.00323486328125,-218.8621826171875,-5.017882823944092,219.66828269449383,-218.94298196458743,-5.03134370712143,0.34482268674141503,0.8937221546349873,0.23374905988598554,3.6381184711828965e-05,6.884501501829471,8.409006719268012,5.837046976190594,0.10075523005439184,nan
13.41,220.00323486328125,-218.8534698486328,-5.017882823944092,219.66832549134966,-218.93419446332666,-5.030006332812965,0.3447139833142463,0.8939095085859396,0.2338619193798398,3.6454789975873345e-05,5.92734807295569,7.548748521512545,nan,1.6762103898287335,nan
13.42,220.00323486328125,-218.84474182128906,-5.017882823944092,219.66836834039663,-218.92540683814377,-5.029915134821556,0.3446552039329468,0.8940974493319327,0.23397531566369278,3.65293121391077e-05,5.850555688277926,7.405396742406325,nan,0.06882229539647744,nan
13.43,220.00323486328125,-218.8360137939453,-5.017882823944092,219.66841116565496,-218.9166192563129,-5.029009287017928,0.34456921980375743,0.8942859786729666,0.23408925053754415,3.660457382224224e-05,5.261066857611873,6.832929155380054,nan,0.8295181245538903,nan
13.44,220.00323486328125,-218.82728576660156,-5.017882823944092,219.66845401874863,-218.90783168116468,-5.028520757510186,0.3444982203863144,0.8944750984090414,0.23420372580139368,3.668040095271162e-05,4.955999520892421,6.5437957405511575,nan,0.30861496544411315,nan
13.450000000000001,220.00323486328125,-218.81857299804688,-5.017882823944092,219.69192106203192,-218.90721638790447,-5.028834647998332,0.3238732404257347,0.8942177567334253,0.23413522821351643,3.63811847120121e-05,5.108505110651407,6.83520514640139,1.5025929955815063,0.027626551508937915,nan
13.46,220.00323486328125,-218.80984497070312,-5.017882823944092,219.69203573851112,-218.89844731130745,-5.026193067275604,0.3236731841881356,0.8944052932412482,0.23424922696133693,3.645478997585496e-05,3.6978802565656386,5.358834828045331,nan,5.2545506743142,nan
13.47,220.00323486328125,-218.80111694335938,-5.017882823944092,219.69215038589329,-218.88967799179872,-5.026259939119741,0.3235533764791914,0.8945934169358805,0.23436376426687505,3.652931213891385e-05,3.716389302301132,5.386333036494209,nan,0.0035953500265662112,nan
13.48,220.00323486328125,-218.79238891601562,-5.017882823944092,219.69226497574516,-218.88090867849039,-5.026348132757446,0.32343419849499744,0.8947821296173223,0.2344788419301308,3.660457382189719e-05,3.744873286964226,5.425238173036937,nan,0.001785769947020588,nan
13.49,220.00323486328125,-218.78367614746094,-5.017882823944092,219.69237946052732,-218.87213949154207,-5.0258224568676875,0.3232953486183904,0.8949714330855738,0.2345944617511042,3.66804009522379e-05,3.497391225424771,5.266779987586674,nan,0.2849652125142575,nan
13.5,220.00323486328125,-218.7749481201172,-5.017882823944092,219.7016115161751,-218.87737213044053,-5.027856860617377,0.3186954703440246,0.8947136254097058,0.23452443383432683,3.6381184711499456e-05,4.647465786096262,6.100077012782492,7.551968326679069,0.05088979472004491,nan
13.51,220.00323486328125,-218.76622009277344,-5.017882823944092,219.70174908206533,-218.86866261600267,-5.0293146514226414,0.31862020262444407,0.8949013427225002,0.23463956174534717,3.6454789975248804e-05,5.4900216783620355,6.946945523826907,nan,1.014837663917077,nan
13.52,220.00323486328125,-218.7574920654297,-5.017882823944092,219.70188680882094,-218.85995344056423,-5.028519560208179,0.31846840263960824,0.8950896476038372,0.23475522993639752,3.652931213823183e-05,4.994468388880987,6.459647820213418,nan,0.6882935697768807,nan
13.530000000000001,220.00323486328125,-218.748779296875,-5.017882823944092,219.70202453805055,-218.85124387169458,-5.029907216957858,0.3183884971946845,0.895278541853717,0.2348714402074781,3.6604573821155804e-05,5.839071040571442,7.38503759554608,nan,0.8862096422407537,nan
13.540000000000001,220.00323486328125,-218.74005126953125,-5.017882823944092,219.70216221212598,-218.8425344287487,-5.030470304928014,0.31828600954860037,0.8954680272721398,0.2349881943585891,3.6680400951451735e-05,6.200876754129945,7.685114354567312,nan,0.06630798623917245,nan
13.55,220.00323486328125,-218.7313232421875,-5.017882823944092,219.73294917483605,-218.8591388000684,-5.030558590853719,0.2992521433197203,0.8952097549548091,0.23491661124412144,3.638118471072589e-05,6.439664293093861,7.910578784200234,4.0733478787427,0.12926459556480135,nan
13.56,220.00323486328125,-218.72259521484375,-5.017882823944092,219.7316424394364,-218.85444812277842,-5.032239539612687,0.30224782762749347,0.8945409275124911,0.2294125463045173,3.64547886088882e-05,8.366620957399181,9.850574894208867,nan,1.3237458774233577,0.0027391829609435714
13.57,220.00323486328125,-218.71388244628906,-5.017882823944092,219.73186858600204,-218.84583106634432,-5.027846425288907,0.30190953633600787,0.894725486415062,0.229508728249213,3.6529310823579964e-05,5.419879697328668,6.986766507447453,nan,14.165791371324257,nan
13.58,220.00323486328125,-218.7051544189453,-5.017882823944092,219.7320893771706,-218.83722679674693,-5.029187172536623,0.3018124846878452,0.8949106260858563,0.22960541624363776,3.66045725576816e-05,6.1832362545684525,7.702064783169451,nan,0.8607918790426795,nan
13.59,220.00323486328125,-218.69642639160156,-5.017882823944092,219.73231287100592,-218.8286168613616,-5.027813111396854,0.3016150805293268,0.8950963483248748,0.2297026120877866,3.668039973853673e-05,5.370522914624136,6.908562352352643,nan,1.612570272620023,nan
13.6,220.00323486328125,-218.6876983642578,-5.017882823944092,219.78236660839812,-218.82270384378597,-5.026393074998055,0.2590013318319985,0.8948461730952435,0.22965216546043288,3.6381183568543696e-05,4.243538961598772,6.5742102617552876,8.597495378471192,0.8171844734844658,nan
13.61,220.00323486328125,-218.67898559570312,-5.017882823944092,219.78275238700377,-218.81404780454255,-5.026282314564681,0.2586984229652768,0.8950303632520986,0.2297491008263478,3.645478888004779e-05,4.177107431123073,6.590010199349048,nan,0.03847375891989794,nan
13.620000000000001,220.00323486328125,-218.67025756835938,-5.017882823944092,219.78313948819823,-218.80538878684533,-5.024603217870892,0.25835553804198697,0.895215132962931,0.22984654301213406,3.652931108997288e-05,3.4674394181822845,5.821613751189984,nan,2.113955684212912,nan
13.63,220.00323486328125,-218.66152954101562,-5.017882823944092,219.78352524114854,-218.79673272030453,-5.0243607065759015,0.25805848312140206,0.8954004840277412,0.22994449381778567,3.660457281896554e-05,3.3667683361703165,5.726182680957255,nan,0.0712809300538695,nan
13.64,220.00323486328125,-218.65280151367188,-5.017882823944092,219.78390934961286,-218.7880801137313,-5.0260421618229625,0.2578188421635699,0.8955864182465297,0.23004295504329644,3.6680399994402605e-05,4.024722577241531,6.392289710024153,nan,1.6376985841414944,nan
13.65,220.00323486328125,-218.6440887451172,-5.017882823944092,219.77575325240986,-218.76595327631688,-5.021914735324984,0.2580990189027225,0.8953357950111995,0.22999147318812402,3.6381183811990615e-05,2.493074956155338,5.244833877035046,4.523424424492466,6.270295637216931,nan
13.66,220.00323486328125,-218.63536071777344,-5.017882823944092,219.77611645591514,-218.75723766473897,-5.02459797399575,0.257840753967194,0.8955201940326644,0.230089659245513,3.6454789117838124e-05,3.2724032731701307,5.938702208270606,nan,4.673142446857803,nan
13.67,220.00323486328125,-218.6266326904297,-5.017882823944092,219.77648114990936,-218.74851880289327,-5.02551668931461,0.2575495036685626,0.8957051731799606,0.2301883546317564,3.652931132189601e-05,3.619994625781568,6.291881700661853,nan,0.4764290105381504,nan
13.68,220.00323486328125,-218.61790466308594,-5.017882823944092,219.77684710369417,-218.739797260059,-5.024865530486055,0.25721193805565484,0.8958907342530882,0.2302875611468477,3.66045730448389e-05,3.345974173264752,6.026224637708297,nan,0.3447741600217307,nan
13.69,220.00323486328125,-218.60919189453125,-5.017882823944092,219.777213073387,-218.7310754985401,-5.02407537136678,0.2568653539829106,0.8960768790520474,0.23038728059078023,3.668040021406998e-05,3.048456742410079,5.810093794009565,nan,0.4697274939988319,nan
13.700000000000001,220.00323486328125,-218.6004638671875,-5.017882823944092,219.80571305767037,-218.71526085087825,-5.023886072233839,0.228537196417353,0.8958258064644667,0.23033472190419285,3.638118402024609e-05,2.6458424808238665,5.985795418618748,4.623949000190697,0.029291095415065572,nan
13.71,220.00323486328125,-218.59173583984375,-5.017882823944092,219.80617506540605,-218.7064670828627,-5.024344930530536,0.22811747167812962,0.8960104129524641,0.23043415137627843,3.645478931990089e-05,2.7898469905778347,6.129218576459565,nan,0.11232142818794465,nan
13.72,220.00323486328125,-218.5830078125,-5.017882823944092,219.80663735416857,-218.69767287549186,-5.024579989919426,0.22769169789945815,0.8961956001244896,0.2305340926261314,3.652931151768481e-05,2.861341177946585,6.204781008454973,nan,0.02147665643535027,nan
13.73,220.00323486328125,-218.5742950439453,-5.017882823944092,219.80709932501895,-218.68887937793994,-5.025334272917418,0.22727569834506178,0.8963813697805434,0.23063454745374518,3.660457323429359e-05,3.1393414093070353,6.568094038965162,nan,0.31263633880411573,nan
13.74,220.00323486328125,-218.56556701660156,-5.017882823944092,219.80756306752605,-218.68008200653344,-5.023243826476038,0.22678155771868053,0.896567723720625,0.23073551765911327,3.668040039715064e-05,2.395275279290458,5.742944056823153,nan,3.005699671322154,nan
13.75,220.00323486328125,-218.5568389892578,-5.017882823944092,219.79446908007063,-218.67903115073273,-5.020865076722525,0.24191521324028115,0.8963162005826478,0.2306818416204401,3.6381184193237387e-05,2.079872186503529,4.982605116124644,1.9333634211040913,4.1655325104126435,nan
13.76,220.00323486328125,-218.54811096191406,-5.017882823944092,219.7948832542355,-218.6702928643106,-5.018901117288085,0.24153643035063932,0.8965010131011678,0.23078250694855706,3.645478948670518e-05,1.8533908442800042,4.740481656739472,nan,2.4533378681681968,nan
13.77,220.00323486328125,-218.53939819335938,-5.017882823944092,219.7952961170368,-218.66155729132677,-5.018990648891939,0.24116922416021025,0.8966864068485004,0.23088368644436857,3.652931167831519e-05,1.8478812577631365,4.790101577047201,nan,0.014850476321072994,nan
13.780000000000001,220.00323486328125,-218.53067016601562,-5.017882823944092,219.7957091071214,-218.65282142378013,-5.01874629541665,0.24080825323511296,0.8968723836246454,0.23098538190786855,3.660457338877855e-05,1.8242805430993965,4.663773372798035,nan,0.02248321880439035,nan
13.790000000000001,220.00323486328125,-218.52194213867188,-5.017882823944092,219.79612304297305,-218.6440836266081,-5.0166280467732305,0.24044838043206135,0.8970589452296023,0.23108759513905086,3.668040054553239e-05,1.8365102127447126,4.6513869320850025,nan,2.716983582683701,nan
13.8,220.00323486328125,-218.51321411132812,-5.017882823944092,219.75439659018156,-218.6247912123735,-5.017206134184367,0.2727093572761306,0.8968069704909329,0.23103276233458334,3.6381184332993445e-05,1.978098377583318,4.143951170859801,6.053447171256097,0.024359422272204178,nan
13.81,220.00323486328125,-218.50450134277344,-5.017882823944092,219.75467700731718,-218.61604840845257,-5.017471021901893,0.2724406819915118,0.8969919875682312,0.23113465569324076,3.6454789620652433e-05,1.9598542506144392,4.1910300947690615,nan,0.07188943194191434,nan
13.82,220.00323486328125,-218.4957733154297,-5.017882823944092,219.754958595147,-218.60730298917687,-5.015380722967729,0.2721878651852768,0.8971775864059583,0.23123706555161735,3.652931180653035e-05,2.1165609524947806,4.255628572291803,nan,2.6690127374168826,nan
13.83,220.00323486328125,-218.48704528808594,-5.017882823944092,219.7552378248317,-218.59856120428412,-5.0171488965835564,0.27191702648902705,0.8973637688041138,0.2313399937097076,3.660457351134799e-05,1.9499034781617535,4.07133621393721,nan,2.2551328540685756,nan
13.84,220.00323486328125,-218.4783172607422,-5.017882823944092,219.7555168445856,-218.5898194240186,-5.018966308492633,0.27165809971466937,0.8975505365626971,0.2314434419675061,3.668040066255219e-05,1.9572431065784235,4.065592032102648,nan,2.263557155289701,nan
13.85,220.00323486328125,-218.4696044921875,-5.017882823944092,219.7651942702978,-218.57346301236225,-5.020669572685975,0.2597261675098482,0.8972981093200918,0.23138741411137131,3.638118444285956e-05,1.9410591441158553,4.4649939436635915,1.6829562397090956,2.993302076983653,nan
13.86,220.00323486328125,-218.46087646484375,-5.017882823944092,219.76550914442723,-218.56466811962977,-5.020855844749163,0.25941292153744,0.8974833294508349,0.23149052742295925,3.645478972531764e-05,1.9600224094305745,4.392533784164313,nan,0.020302768852138064,nan
13.870000000000001,220.00323486328125,-218.4521484375,-5.017882823944092,219.76582418817884,-218.55587305036693,-5.020816189753231,0.25909694826830004,0.8976691318606986,0.2315941595094692,3.652931190610973e-05,1.9431230309538785,4.372409212385839,nan,0.0018768175333631427,nan
13.88,220.00323486328125,-218.44342041015625,-5.017882823944092,219.76613907929183,-218.54707844532587,-5.0213126457397435,0.2587878720464538,0.8978555183496825,0.23169831217089643,3.660457360596172e-05,2.018991063007273,4.442541046616061,nan,0.1500263962854599,nan
13.89,220.00323486328125,-218.43470764160156,-5.017882823944092,219.76645474667356,-218.5382826668334,-5.020264081349923,0.258453631933001,0.8980424907177862,0.2318029872072364,3.668040075232576e-05,1.8420722115876011,4.3484452759442025,nan,0.7402250851414994,nan
13.9,220.00323486328125,-218.4259796142578,-5.017882823944092,219.753844711325,-218.54331483828744,-5.020598076072267,0.2756272397368663,0.8977896102140268,0.2317457271592255,3.6381184526868526e-05,2.208461324495855,4.191644469169901,3.372914209689606,0.19103237739025697,nan
13.91,220.00323486328125,-218.41725158691406,-5.017882823944092,219.7541092759745,-218.53460854090582,-5.021660844369669,0.27540967001811345,0.8979750318613837,0.23185005210836038,3.645478980484964e-05,2.3878587692700592,4.365278129659469,nan,0.7248409930312824,nan
13.92,220.00323486328125,-218.4085235595703,-5.017882823944092,219.7543742090283,-218.52590165369463,-5.0219988444322965,0.27518390912283325,0.8981610362938726,0.231954898051876,3.6529311981297433e-05,2.4506400915439537,4.430622710706585,nan,0.06120810546761548,nan
13.93,220.00323486328125,-218.39981079101562,-5.017882823944092,219.75463905309934,-218.51719490098606,-5.022777880447415,0.2749597564948759,0.8983476253114927,0.23206026678976857,3.660457367694069e-05,2.631783845102121,4.685092062549262,nan,0.35379943392486407,nan
13.94,220.00323486328125,-218.39108276367188,-5.017882823944092,219.75490403164756,-218.50848781675472,-5.023027510585137,0.2747337187712918,0.8985348007142439,0.2321661601220344,3.6680400819233186e-05,2.68935654821571,4.67062486355455,nan,0.024261234148520494,nan
13.950000000000001,220.00323486328125,-218.38235473632812,-5.017882823944092,219.75284423060688,-218.49873395369283,-5.023919603837039,0.2761811613361205,0.8982814663368955,0.23210763190250697,3.6381184589260594e-05,2.9708481636165196,4.8519772773659,1.3465102941407054,0.005793494717311628,nan
13.96,220.00323486328125,-218.37364196777344,-5.017882823944092,219.75310213604362,-218.49002398126132,-5.024298388979636,0.2759570868333542,0.8984670879345766,0.23221315995001204,3.6454789863519785e-05,3.088653303735318,5.048216749309591,nan,0.05160424437733213,nan
13.97,220.00323486328125,-218.3649139404297,-5.017882823944092,219.75336036569453,-218.48131332699958,-5.0234023012757305,0.275710983401236,0.8986532928109626,0.23231921115668602,3.652931203638199e-05,2.7842942106524053,4.674091127246464,nan,0.6475398314982922,nan
13.98,220.00323486328125,-218.35618591308594,-5.017882823944092,219.75361773664844,-218.47260387127756,-5.024818302639871,0.275517606992125,0.8988400827660532,0.23242578732252592,3.660457372857597e-05,3.2551350034763793,5.147533933682237,nan,1.144131257677033,nan
13.99,220.00323486328125,-218.3474578857422,-5.017882823944092,219.75387565077048,-218.46389330814458,-5.0239999118638465,0.2752719441182326,0.899027459599848,0.23253289024752885,3.668040086755513e-05,2.951980734951883,4.8516790548051585,nan,0.5573535276156023,nan
14.0,220.00323486328125,-218.3387451171875,-5.017882823944092,219.75514782370473,-218.43557084925195,-5.025691554394897,0.2664270591867686,0.8987736708798151,0.23247305904951573,3.638118463414577e-05,3.3013131074330113,5.648779390074403,3.3064315429971787,1.5581066876831737,nan
14.01,220.00323486328125,-218.33001708984375,-5.017882823944092,219.75542016336584,-218.42675674172412,-5.023688800861289,0.26609095269862604,0.8989594908340554,0.2325797814460331,3.6454789905409853e-05,2.540563067736808,4.807484043972382,nan,2.9583011474579832,nan
14.02,220.00323486328125,-218.3212890625,-5.017882823944092,219.75569251515773,-218.41794294678078,-5.022245027411987,0.2657785098162807,0.8991458945483771,0.2326870291129053,3.652931207540657e-05,2.1274315890529056,4.398270668224433,nan,1.5136991422249422,nan
14.030000000000001,220.00323486328125,-218.31256103515625,-5.017882823944092,219.755964913905,-218.4091291895296,-5.0205887542007845,0.26547157731510396,0.8993328838227802,0.23279480385013007,3.660457376486333e-05,1.7972246804185121,4.06584179476743,nan,1.8833886984019164,nan
14.040000000000001,220.00323486328125,-218.30384826660156,-5.017882823944092,219.75623659772205,-218.40031622845464,-5.021135345143847,0.2651882157025359,0.8995204604572641,0.2329031074577052,3.668040090123115e-05,1.8761074967953857,4.226314444401568,nan,0.17993359105803555,nan
14.05,220.00323486328125,-218.2951202392578,-5.017882823944092,219.72356657964184,-218.36571543149725,-5.0210668368805855,0.28845826037663796,0.8992662170671573,0.23284193965633362,3.638118466528555e-05,1.742683376691369,4.2083477451972735,6.721383222585252,0.5215864102398355,nan
14.06,220.00323486328125,-218.28639221191406,-5.017882823944092,219.72374473581593,-218.3568033063562,-5.020103598122166,0.28823147886563627,0.8994522337586456,0.2329498474555656,3.6454789934215215e-05,1.5900967974265994,4.046545851138786,nan,0.6090351199771422,nan
14.07,220.00323486328125,-218.2776641845703,-5.017882823944092,219.72392264212473,-218.34789154411393,-5.020842936679618,0.2880207651945652,0.8996388346796357,0.23305828258379843,3.652931210199419e-05,1.6855091352805005,4.131047095619205,nan,0.36813576499628003,nan
14.08,220.00323486328125,-218.26895141601562,-5.017882823944092,219.72410041521243,-218.3389799913847,-5.022726523619246,0.28782547297528555,0.8998260216301275,0.2331672468410305,3.660457378934701e-05,2.0772530016260746,4.610126978045296,nan,2.279807020977128,nan
14.09,220.00323486328125,-218.26022338867188,-5.017882823944092,219.72427881127507,-218.33006757995057,-5.021541342613232,0.28759011590300043,0.9000137964101208,0.23327674202726026,3.668040092372256e-05,1.7921324313679112,4.2303000935247335,nan,0.9703083223347003,nan
14.1,220.00323486328125,-218.25149536132812,-5.017882823944092,219.7454445961805,-218.34361341817473,-5.022237454573913,0.2737891908330008,0.8997590981624464,0.23321420518662567,3.638118468596764e-05,2.1039597513822286,4.300619984335661,3.2483808520304183,0.0688794000768571,nan
14.11,220.00323486328125,-218.24276733398438,-5.017882823944092,219.7456791180772,-218.33479471913387,-5.024077919585281,0.2735733552725382,0.8999453099481988,0.2333232892582042,3.6454789953136935e-05,2.62657576874543,4.821896720486857,nan,2.100594627814646,nan
14.120000000000001,220.00323486328125,-218.2340545654297,-5.017882823944092,219.74591400983317,-218.32597571005743,-5.0240211526659815,0.2733151981292308,0.9001321064211562,0.23343290266594546,3.652931211925626e-05,2.5961417551801507,4.881262091948563,nan,0.012551487547189181,nan
14.13,220.00323486328125,-218.22532653808594,-5.017882823944092,219.74614901126705,-218.31715665430414,-5.023013430830752,0.2730425400510722,0.9003194893813186,0.2335430472098483,3.660457380504656e-05,2.2749222347605182,4.475440277999473,nan,0.7631148200856869,nan
14.14,220.00323486328125,-218.2165985107422,-5.017882823944092,219.7463836239793,-218.3083380681953,-5.024398524428495,0.27282074680169777,0.9005074606286858,0.23365372468991172,3.6680400937953906e-05,2.704388966240396,4.904662919126201,nan,1.1303633383611076,nan
14.15,220.00323486328125,-218.20787048339844,-5.017882823944092,219.76641365129473,-218.32175734121748,-5.0247539210885925,0.26287205025759053,0.9002523074738729,0.23358978756752044,3.638118469895812e-05,3.014652486109218,5.037599317885278,3.269891415444686,0.01533834383268989,nan
14.16,220.00323486328125,-218.19915771484375,-5.017882823944092,219.7667010167599,-218.31303209777738,-5.026603795818564,0.26266269432322875,0.9004387126890521,0.23370003860950403,3.645478996484665e-05,3.794401693413109,5.897082985736622,nan,1.9789789034015006,nan
14.17,220.00323486328125,-218.1904296875,-5.017882823944092,219.76698859501943,-218.30430668122054,-5.025551006556914,0.2623720068739199,0.9006257030376595,0.23381082094437605,3.6529312129768126e-05,3.3092224417281506,5.3466112205536716,nan,0.9262413944237743,nan
14.18,220.00323486328125,-218.18170166015625,-5.017882823944092,219.7672761269701,-218.29558139506454,-5.0238623258188655,0.26207036022222635,0.9008132803196953,0.23392213637213582,3.660457381444093e-05,2.6677575996558973,4.712359513202922,nan,2.1044879536897474,nan
14.19,220.00323486328125,-218.1729736328125,-5.017882823944092,219.76756362304275,-218.2868561831372,-5.022003932548601,0.26177691319163277,0.9010014463351591,0.23403398669278272,3.668040094630772e-05,2.1454835898823243,4.193456501092638,nan,2.411357878376628,nan
14.200000000000001,220.00323486328125,-218.1642608642578,-5.017882823944092,219.75527255957292,-218.25740587080972,-5.019134661820042,0.2648827351942114,0.9007458383594331,0.2339686192416888,3.638118470650166e-05,1.5262595386448865,3.874188799701985,2.7274351474392327,4.325809515705172,nan
14.21,220.00323486328125,-218.15553283691406,-5.017882823944092,219.7555293520708,-218.24858909332983,-5.016851404136943,0.2646101868200994,0.9009324353191123,0.2340800277926872,3.6454789971495994e-05,1.5038185678296305,3.751839261951492,nan,3.296321361830108,nan
14.22,220.00323486328125,-218.1468048095703,-5.017882823944092,219.75578598980385,-218.23977242729777,-5.016502087855933,0.26434036650367104,0.9011196178471982,0.23419196954390342,3.6529312135589736e-05,1.5183156554771933,3.7498894044160975,nan,0.04730659266395031,nan
14.23,220.00323486328125,-218.13807678222656,-5.017882823944092,219.75604277637674,-218.2309557842029,-5.016364980919298,0.26406957546028226,0.901307387743691,0.23430444629533714,3.6604573819498296e-05,1.52059324425145,3.733164835390368,nan,0.0018268939059146473,nan
14.24,220.00323486328125,-218.12936401367188,-5.017882823944092,219.75629977114937,-218.22213919206246,-5.016634157562307,0.26379107759610876,0.9014957468085908,0.23441745984698806,3.66804009506614e-05,1.491526120890683,3.7738155123806325,nan,0.08005615169038421,nan
14.25,220.00323486328125,-218.12063598632812,-5.017882823944092,219.76492180107792,-218.21362369992434,-5.015860365354417,0.2558200946667951,0.9012396842317094,0.234350633215748,3.638118471035885e-05,1.5075016716399805,3.8162310501731986,0.2677953546048851,0.18052736513750436,nan
14.26,220.00323486328125,-218.11190795898438,-5.017882823944092,219.76520554293174,-218.20480058614595,-5.018186868297812,0.25551338510927124,0.9014264712325805,0.2344631896666755,3.64547899747598e-05,1.389240355445953,3.68085934472828,nan,3.8068886845705454,nan
14.27,220.00323486328125,-218.10317993164062,-5.017882823944092,219.76548962135942,-218.19597742879057,-5.016873533653991,0.25521597559841863,0.9016138442258258,0.23457628117678478,3.652931213831138e-05,1.4062614721397808,3.6859281189935738,nan,1.0485372256317471,nan
14.280000000000001,220.00323486328125,-218.09446716308594,-5.017882823944092,219.76577359154066,-218.1871540613058,-5.019643999857333,0.2549153161716079,0.9018018050114457,0.23468990954607574,3.66045738217266e-05,1.454626211563462,3.804690160091309,nan,5.1876543463650435,nan
14.290000000000001,220.00323486328125,-218.0857391357422,-5.017882823944092,219.76605770893244,-218.17833084321535,-5.019659702876269,0.2546161505807048,0.9019903553894402,0.23480407657454827,3.668040095244201e-05,1.4477162767637457,3.703147518423469,nan,0.00024506225077504477,nan
14.3,220.00323486328125,-218.07701110839844,-5.017882823944092,219.75200834981445,-218.15674181321253,-5.021163597234575,0.2635953524480704,0.9017338385623003,0.2347357631051142,3.6381184711863795e-05,1.588849710950933,3.832505108946165,1.5616652069762638,0.6654265516164332,nan
14.31,220.00323486328125,-218.0682830810547,-5.017882823944092,219.75225195247984,-218.14786887443626,-5.020931324843758,0.26331656495605876,0.9019208138843287,0.23484945771057356,3.645478997589702e-05,1.539758525854235,3.7807214653687145,nan,0.04941327028409869,nan
14.32,220.00323486328125,-218.0595703125,-5.017882823944092,219.7524955663283,-218.13899602589174,-5.0193914184657995,0.26302265081487114,0.9021083756119194,0.2349636891868343,3.6529312139118896e-05,1.3388214490695765,3.666543400852819,nan,1.6119761615688046,nan
14.33,220.00323486328125,-218.05084228515625,-5.017882823944092,219.7527390904838,-218.13012310194216,-5.0185775751165185,0.26274334012268397,0.9022965255450723,0.23507845933389646,3.6604573822239844e-05,1.2816226757715443,3.5126548478574326,nan,0.4320636060290324,nan
14.34,220.00323486328125,-218.0421142578125,-5.017882823944092,219.75298249760974,-218.12124994845,-5.01909596162201,0.2624693806139807,0.9024852654837878,0.2351937699517601,3.6680400952694766e-05,1.3005163006252765,3.5246110934114516,nan,0.18041437639684296,nan
14.35,220.00323486328125,-218.03338623046875,-5.017882823944092,219.76923813398776,-218.1085189497181,-5.020392216153707,0.2457756942236492,0.9022282948859156,0.23512394317543148,3.6381184711988214e-05,1.2890328847947934,3.763440140108386,5.011434531525953,0.0006667905047661437,nan
14.36,220.00323486328125,-218.02467346191406,-5.017882823944092,219.7695353793796,-218.09961211800288,-5.020281336247948,0.24543227948575155,0.9024154567939402,0.23523876606473024,3.6454789975816337e-05,1.2656472421823943,3.8299519303862444,nan,0.018867468433195134,nan
14.370000000000001,220.00323486328125,-218.0159454345703,-5.017882823944092,219.76983244401214,-218.09070509289256,-5.02208412880557,0.2451190461707799,0.9026032055101643,0.2353541275901165,3.6529312138860395e-05,1.5831503123643855,4.044829640254969,nan,1.9725543873359963,nan
14.38,220.00323486328125,-218.00721740722656,-5.017882823944092,219.77012928041742,-218.08179839327607,-5.021843489829838,0.24477790569547148,0.902791542834588,0.23547002955159044,3.6604573821828396e-05,1.5206591075773854,3.9755435724131156,nan,0.07302463886509551,nan
14.39,220.00323486328125,-217.9984893798828,-5.017882823944092,219.77042592247815,-218.07289162728054,-5.021269981048161,0.24443234272276645,0.9029804705672114,0.23558647374915223,3.668040095215371e-05,1.3970920003838412,3.847109608919026,nan,0.28217844636304024,nan
14.4,220.00323486328125,-217.98977661132812,-5.017882823944092,219.77016169367113,-218.05765928817493,-5.022862621085834,0.24280848129249905,0.9027230468041485,0.23551510838070416,3.638118471141092e-05,1.6974224631496873,4.42547662612727,5.847138395548388,2.689395241406971e-05,nan
14.41,220.00323486328125,-217.98104858398438,-5.017882823944092,219.77045947086296,-218.04872222941847,-5.0243866398379105,0.2425003200472314,0.9029103935494275,0.2356310495685068,3.645478997514565e-05,2.1684606351112707,4.7846095800158706,nan,1.2341655451951297,nan
14.42,220.00323486328125,-217.97232055664062,-5.017882823944092,219.77075733413028,-218.03978499673664,-5.026483977009505,0.2422214525422216,0.9030983274952195,0.23574753111234964,3.652931213811428e-05,3.025727002928625,5.626283593382631,nan,2.3864813065439137,nan
14.43,220.00323486328125,-217.96359252929688,-5.017882823944092,219.7710553281153,-218.03084840378398,-5.024912676386265,0.2418266073620981,0.9032868504415242,0.23586455481223295,3.660457382102389e-05,2.3430072070685966,4.921863120253798,nan,2.0666511933909804,nan
14.44,220.00323486328125,-217.9548797607422,-5.017882823944092,219.77135346703875,-218.02191166978557,-5.025531649788737,0.2414969219062072,0.9034759641883423,0.235982122468157,3.6680400951306134e-05,2.580229045065974,5.242604114160616,nan,0.12282450911702857,nan
14.450000000000001,220.00323486328125,-217.94615173339844,-5.017882823944092,219.7373754604555,-217.9950240187056,-5.0237700828093415,0.2703782205706634,0.9032180879889348,0.23590919439826016,3.638118471057959e-05,1.936039607445176,4.417935067266118,3.0363241262870524,2.65149973396015,nan
14.46,220.00323486328125,-217.9374237060547,-5.017882823944092,219.71693425321996,-217.998010123442,-5.021725089405842,0.2926662199454746,0.8964497400886101,0.233682667159035,3.645478881542576e-05,2.0069763438307127,4.475059125545903,nan,3.137618290793471,0.061226289412521215
14.47,220.00323486328125,-217.92869567871094,-5.017882823944092,219.71710882233052,-217.98905295005392,-5.020461227114175,0.29243419717437047,0.8966258897035423,0.23378714278086601,3.652931102529505e-05,1.773161338803622,4.234317419656158,nan,1.213118854692792,nan
14.48,220.00323486328125,-217.91998291015625,-5.017882823944092,219.71728400148675,-217.98009537051456,-5.019373019565047,0.2922047637091801,0.896802618414925,0.2338921256355457,3.660457275441081e-05,1.6408133658057968,4.2022630645211665,nan,0.8740044120111826,nan
14.49,220.00323486328125,-217.9112548828125,-5.017882823944092,219.7174652806473,-217.97113361918255,-5.020855793779918,0.29199067789520095,0.896979928022756,0.23399761752307593,3.668039993013836e-05,1.810370047134349,4.267901012716805,nan,1.3134158163185212,nan
14.5,220.00323486328125,-217.90252685546875,-5.017882823944092,219.72687870196611,-217.9381468925981,-5.020114474869779,0.2786512070811597,0.8967428836191074,0.2339387241473778,3.638118375010384e-05,1.3006216760012117,4.614499999895641,8.00512752635678,0.5758364805207389,nan
14.51,220.00323486328125,-217.893798828125,-5.017882823944092,219.72712045573581,-217.92904710669916,-5.020883850419,0.27837135872160296,0.8969187656413001,0.23404385370978967,3.645478905647142e-05,1.4001871889578787,4.705325578473639,nan,0.3177785027141972,nan
14.52,220.00323486328125,-217.8850860595703,-5.017882823944092,219.72735640107274,-217.91995118395582,-5.018932551297472,0.2780748185946824,0.8970952255902823,0.2341494912431652,3.652931126118122e-05,1.1725887219426572,4.588773398990699,nan,2.686098258825194,nan
14.530000000000001,220.00323486328125,-217.87635803222656,-5.017882823944092,219.72759692078324,-217.91085223807482,-5.019046522335259,0.27779035220032955,0.8972722652660496,0.2342556385475052,3.6604572984898085e-05,1.1689708051826648,4.457470392459183,nan,0.00327514050593438,nan
14.540000000000001,220.00323486328125,-217.8676300048828,-5.017882823944092,219.7278365268363,-217.9017539970022,-5.018782936958123,0.2775058571602424,0.8974498864685975,0.2343622974228102,3.6680400155014804e-05,1.1436923279551976,4.421609443223448,nan,0.061239654233317446,nan
14.55,220.00323486328125,-217.85890197753906,-5.017882823944092,219.74830553546394,-217.88871042866236,-5.017571028045551,0.25666632649499843,0.8972124787112058,0.23430217621373292,3.63811839636796e-05,0.9434158586170781,4.745685527332937,3.2586286056351037,2.232673757962495,nan
14.56,220.00323486328125,-217.85018920898438,-5.017882823944092,219.74862339961888,-217.87956779119526,-5.017872439794166,0.25630079716779486,0.8973886685584422,0.23440845868790677,3.645478926434832e-05,0.9305338144515327,4.850894959069864,nan,0.04868452536796092,nan
14.57,220.00323486328125,-217.84146118164062,-5.017882823944092,219.74894423424098,-217.87042316884776,-5.019684777072526,0.2559409458366514,0.8975654369478228,0.23451525161080075,3.6529311463228684e-05,1.00945919212279,4.79488759060795,nan,2.045036192287447,nan
14.58,220.00323486328125,-217.83273315429688,-5.017882823944092,219.7492650854528,-217.86127846047336,-5.02160730389007,0.2555960764679434,0.8977427856793414,0.23462255678241462,3.660457318100803e-05,1.2896523997942813,5.0622333087832,nan,2.2012621766729876,nan
14.59,220.00323486328125,-217.8240203857422,-5.017882823944092,219.74958267078642,-217.85213600918698,-5.021794649494636,0.2552356272510941,0.8979207165529921,0.2347303760027479,3.6680400345101655e-05,1.317902197249768,5.198014790691798,nan,0.003306634559782563,nan
14.6,220.00323486328125,-217.81529235839844,-5.017882823944092,219.7000999874429,-217.8310355643199,-5.022940552123008,0.30358554329306026,0.8976829377619177,0.2346689936693832,3.6381184143606724e-05,1.765688022474749,5.044471131296654,6.842529967882929,1.2804767583870142,nan
14.61,220.00323486328125,-217.8065643310547,-5.017882823944092,219.70025239306872,-217.82188615108015,-5.022385640204092,0.3034030500493505,0.8978594334902527,0.2347764223212977,3.645478943836083e-05,1.6089352405712607,4.87641841828108,nan,0.3072148909339463,nan
14.620000000000001,220.00323486328125,-217.79783630371094,-5.017882823944092,219.70040575227833,-217.81273630703444,-5.02227241981544,0.3032272235828669,0.8980365083613718,0.23488436384039504,3.6529311631300465e-05,1.5705070681814255,4.8251722171010085,nan,0.03488323864602563,nan
14.63,220.00323486328125,-217.78912353515625,-5.017882823944092,219.70055962130368,-217.803586221192,-5.022462691096755,0.30305518734495207,0.8982141641752686,0.2349928200266743,3.6604573343129345e-05,1.6062082066292929,4.973028831490527,nan,0.0036429910074449023,nan
14.64,220.00323486328125,-217.7803955078125,-5.017882823944092,219.7007133059695,-217.79443645829986,-5.022563002381345,0.30288338514868635,0.8983924027319361,0.23510179268013434,3.66804005012791e-05,1.6207618112458424,4.849499932552099,nan,0.00019708181552863295,nan
14.65,220.00323486328125,-217.77166748046875,-5.017882823944092,219.6921697176057,-217.79391621614383,-5.022498258521095,0.3118939456443812,0.8981542454632493,0.23503911692004173,3.638118429096611e-05,1.7630962936752017,4.616246843135923,1.5994288858376207,0.09475688993065316,nan
14.66,220.00323486328125,-217.762939453125,-5.017882823944092,219.69228189054138,-217.78482162256034,-5.022257739311387,0.311752659137705,0.8983310450669968,0.2351476847574398,3.645478958001371e-05,1.6930283634251877,4.5342784594726435,nan,0.08456154676512984,nan
14.67,220.00323486328125,-217.7542266845703,-5.017882823944092,219.6923909425562,-217.77572911307965,-5.0199707909507225,0.3115937372441059,0.8985084243997212,0.23525676782225755,3.6529311767293475e-05,1.2776498125633708,4.2257281477487965,nan,3.7282466530344234,nan
14.68,220.00323486328125,-217.74549865722656,-5.017882823944092,219.6925027052491,-217.76663483547176,-5.01951808779033,0.31145446882968025,0.8986863852614161,0.23536636791449358,3.6604573473521306e-05,1.2219169587435814,4.045126448681234,nan,0.1707107127174408,nan
14.69,220.00323486328125,-217.7367706298828,-5.017882823944092,219.6926185623278,-217.75753783355103,-5.022075730270005,0.3113379893775615,0.8988649294520747,0.2354764868341465,3.668040062613943e-05,1.6187734357521302,4.435359619740186,nan,4.029756056443462,nan
14.700000000000001,220.00323486328125,-217.72804260253906,-5.017882823944092,219.7071385449815,-217.75277815066636,-5.019236768862273,0.2971307964830845,0.8986263865025941,0.2354124863502909,3.638118440840928e-05,1.144138124587004,4.023864905286684,2.979019235455926,2.462638270096038,nan
14.71,220.00323486328125,-217.71932983398438,-5.017882823944092,219.70729644332457,-217.743690683061,-5.018795695123369,0.296940789902605,0.8988034879177782,0.23552218613648457,3.6454789692235716e-05,1.1071681763500645,4.096791779041389,nan,0.13849400988020646,nan
14.72,220.00323486328125,-217.71060180664062,-5.017882823944092,219.70745634094757,-217.73460177423493,-5.019911465198695,0.2967575577870952,0.8989811696339511,0.23563240345317618,3.6529311874388106e-05,1.1877698753719506,4.055095428529456,nan,0.7890350811988955,nan
14.73,220.00323486328125,-217.70187377929688,-5.017882823944092,219.7076141796297,-217.72551428218665,-5.019372951090639,0.2965681750599745,0.8991594334511066,0.23574314010036418,3.660457357558951e-05,1.1266344068037182,3.987109567259218,nan,0.21302023981352292,nan
14.74,220.00323486328125,-217.69314575195312,-5.017882823944092,219.70777100606443,-217.7164275766289,-5.017954240837943,0.29637972161071513,0.8993382811692385,0.235854397878047,3.668040072328868e-05,1.0570386359111168,3.909174469159947,nan,1.3371628499092172,nan
14.75,220.00323486328125,-217.68443298339844,-5.017882823944092,219.71364018310214,-217.7199443861155,-5.016650022304368,0.29176644479935415,0.8990993455805868,0.2357890423931209,3.638118449949812e-05,1.2077341546248803,3.9322565418093935,2.4092340518752247,0.19312200111651193,nan
14.76,220.00323486328125,-217.6757049560547,-5.017882823944092,219.71380233658763,-217.71091727610857,-5.013692364590881,0.29159673342035103,0.8992767466883069,0.2358998666604737,3.645478977874604e-05,1.6386109292123634,4.244339187787556,nan,5.491203021049048,nan
14.77,220.00323486328125,-217.66697692871094,-5.017882823944092,219.71396611623092,-217.7018889448974,-5.012143274675178,0.2914244315771787,0.8994547286551114,0.2360112107053097,3.652931195643926e-05,2.04974310674162,4.643721429084806,nan,1.3350727671469969,nan
14.780000000000001,220.00323486328125,-217.6582489013672,-5.017882823944092,219.71413320406018,-217.69285797523415,-5.014002088816864,0.29119171942799954,0.899633293280995,0.2361230763276274,3.660457365330475e-05,1.5504319528445234,4.132230132836221,nan,2.5820926489430085,nan
14.790000000000001,220.00323486328125,-217.6495361328125,-5.017882823944092,219.71429668397067,-217.68382917549366,-5.012476696181139,0.29101634053267883,0.8998124423659517,0.2362354653274252,3.6680400796793826e-05,1.9267264727987152,4.606936808776224,nan,1.3068511428539142,nan
14.8,220.00323486328125,-217.64080810546875,-5.017882823944092,219.76117600645244,-217.71052518616833,-5.013060773987719,0.2519448623733395,0.8995731074279556,0.23616872559565621,3.638118456818951e-05,1.902639143865691,4.287590453877581,8.159110853270823,0.10760516251234649,nan
14.81,220.00323486328125,-217.632080078125,-5.017882823944092,219.76146725834627,-217.70162935915428,-5.012140998571253,0.2516379260888505,0.8997508060576654,0.23628066665873704,3.645478984356629e-05,2.1590283805439587,4.537823448873216,nan,0.43185046863678855,nan
14.82,220.00323486328125,-217.62335205078125,-5.017882823944092,219.76176167911999,-217.69273132917317,-5.0150471085520705,0.2512584808935777,0.8999290860909028,0.23639312969125617,3.65293120175171e-05,1.465990565215007,3.842510707928744,nan,5.930344473820866,nan
14.83,220.00323486328125,-217.61463928222656,-5.017882823944092,219.7620527876905,-217.68383564066593,-5.014046791439022,0.2509415165988191,0.9001079493276629,0.23650611649321213,3.660457371076959e-05,1.6389122075164408,4.106936478315295,nan,0.576457160461419,nan
14.84,220.00323486328125,-217.6059112548828,-5.017882823944092,219.76234543767765,-217.67493870179806,-5.014835674145341,0.2506028509757301,0.9002873975679413,0.23661962886460347,3.668040085077624e-05,1.4813354993577983,3.8579147520469923,nan,0.478008274283404,nan
14.85,220.00323486328125,-217.59718322753906,-5.017882823944092,219.75831934109925,-217.686427600845,-5.015229524666517,0.2606822034000556,0.9000476568214059,0.23655147668115162,3.638118461845475e-05,1.7206071490829329,3.6692511374402303,6.104758129232206,0.15247986157437254,nan
14.86,220.00323486328125,-217.5884552001953,-5.017882823944092,219.75857532026728,-217.67763764781628,-5.0151445551755645,0.2604213874997959,0.9002256507541068,0.23666452664955584,3.6454789890665476e-05,1.724284826595178,3.6758826829024223,nan,0.002613340040095298,nan
14.870000000000001,220.00323486328125,-217.57974243164062,-5.017882823944092,219.7588316700907,-217.66884754938775,-5.015581158956105,0.26014984242198386,0.900404226621388,0.23677810072538202,3.6529312061577055e-05,1.6549525865253556,3.6915340313161895,nan,0.13601116626197948,nan
14.88,220.00323486328125,-217.57101440429688,-5.017882823944092,219.75908788587208,-217.66005767116232,-5.015654393205989,0.2598873137643711,0.9005833862232456,0.2368922007086288,3.660457375191571e-05,1.6371660626127524,3.598793333586277,nan,0.004545045884361799,nan
14.89,220.00323486328125,-217.56228637695312,-5.017882823944092,219.75934503378062,-217.65126742939955,-5.016973171995599,0.25961645574768233,0.9007631313596758,0.2370068283992949,3.668040088913306e-05,1.5156737601556136,3.4787136323480006,nan,1.129503993778142,nan
14.9,220.00323486328125,-217.55355834960938,-5.017882823944092,219.74863714576307,-217.62990265762255,-5.017915707279437,0.26579776562791435,0.9005229785985585,0.23693723660734525,3.6381184654024306e-05,1.397816924699526,3.4312629269923844,0.9222188492673176,0.7677259629520148,nan
14.91,220.00323486328125,-217.5448455810547,-5.017882823944092,219.74886900817816,-217.62106047811923,-5.020160620320166,0.2655482764644042,0.9007012655699053,0.2370513873981792,3.645478992372687e-05,1.5315542628210899,3.6474924661907795,nan,3.162954688840192,nan
14.92,220.00323486328125,-217.53611755371094,-5.017882823944092,219.7491002485593,-217.61221869713324,-5.021594294940032,0.26531031161078034,0.9008801349937555,0.23716606438150115,3.652931209224685e-05,1.7580128419779681,3.781980735032878,nan,1.1726816895118612,nan
14.93,220.00323486328125,-217.5273895263672,-5.017882823944092,219.74933162298726,-217.60337689475546,-5.023441851314667,0.26508835955520726,0.9010595886701063,0.23728126935731003,3.660457378030895e-05,2.2168773837222187,4.231702239716441,nan,1.9279289328262839,nan
14.94,220.00323486328125,-217.51866149902344,-5.017882823944092,219.74956199627528,-217.59453597513243,-5.023289749035408,0.26483220049455475,0.9012396283989546,0.23739700412560477,3.6680400915362284e-05,2.1614254758029716,4.165767702425283,nan,0.06121933437860971,nan
14.950000000000001,220.00323486328125,-217.50994873046875,-5.017882823944092,219.755569537093,-217.58130624163806,-5.02310754779283,0.2577931456332797,0.9009990576719686,0.23732594662126075,3.6381184678229384e-05,2.0171303045163835,4.264690997080905,0.4071974661402598,0.060476907607535525,nan
14.96,220.00323486328125,-217.501220703125,-5.017882823944092,219.7558239799336,-217.5724388868105,-5.021748977486655,0.2574861589086576,0.9011776353752908,0.23744118997128733,3.6454789946007756e-05,1.6686445292428758,3.8160418626114905,nan,1.4669285892150934,nan
14.97,220.00323486328125,-217.49249267578125,-5.017882823944092,219.75607959169162,-217.5635710074408,-5.022737719793402,0.2572186375824236,0.901356796036169,0.23755696154699862,3.652931211270627e-05,1.8957269931371896,4.033721484623595,nan,0.4973280514638793,nan
14.98,220.00323486328125,-217.4837646484375,-5.017882823944092,219.75633496454964,-217.5547034010292,-5.023317809645507,0.25694630894901316,0.901536541454601,0.23767326314839374,3.660457379904693e-05,2.049377496228882,4.177393591817367,nan,0.1294264361119324,nan
14.99,220.00323486328125,-217.4750518798828,-5.017882823944092,219.75659023888207,-217.54583582231092,-5.02373318214997,0.2566674189331709,0.9017168734305848,0.23779009657547187,3.6680400932476076e-05,2.1672668126070636,4.376205214303053,nan,0.04767224357759557,nan
15.0,220.00323486328125,-217.46632385253906,-5.017882823944092,219.7495609973028,-217.53265972248647,-5.025659849275523,0.2623191949612795,0.9014758790422597,0.23771754831055616,3.6381184693924626e-05,2.888076530735947,5.006760349523801,0.3472317509915923,1.44934573920829,nan
15.01,220.00323486328125,-217.4575958251953,-5.017882823944092,219.749794071686,-217.52377850939297,-5.022517019752842,0.26198064490114853,0.9016547451314949,0.2378338757880001,3.645478996027611e-05,1.8067616428879059,3.913783905629703,nan,7.244434246872544,nan
15.02,220.00323486328125,-217.44886779785156,-5.017882823944092,219.75002796144048,-217.5148965722353,-5.021700758909385,0.26170233245773533,0.9018341946707258,0.23795073347349757,3.652931212563444e-05,1.6087687286702204,3.7079779976329736,nan,0.5729018764744644,nan
15.030000000000001,220.00323486328125,-217.44015502929688,-5.017882823944092,219.7502619824542,-217.50601455151445,-5.0214817669082255,0.26143011970912666,0.9020142294599506,0.23806812316704784,3.6604573810718976e-05,1.5555086279003558,3.735690002161215,nan,0.0677169048146,nan
15.040000000000001,220.00323486328125,-217.43142700195312,-5.017882823944092,219.7504959607578,-217.49713250342865,-5.021471884992727,0.2611647892272556,0.9021948512991677,0.23818604666865034,3.668040094297253e-05,1.545000894344596,3.63049690343716,nan,0.007622578427759835,nan
15.05,220.00323486328125,-217.42269897460938,-5.017882823944092,219.76635865115807,-217.49119463302114,-5.019617760369632,0.24658670908117997,0.9019534278103924,0.23811198365151978,3.6381184703469326e-05,1.2116859783127345,3.4427436612757187,0.6870286799561528,2.115373914377645,nan
15.06,220.00323486328125,-217.41397094726562,-5.017882823944092,219.76664370483576,-217.48231293211745,-5.0178754377435855,0.2462640923939648,0.9021325799029359,0.2382293866675317,3.645478996880199e-05,1.121186852655651,3.349041192069001,nan,2.0934309462887524,nan
15.07,220.00323486328125,-217.40525817871094,-5.017882823944092,219.7669293078413,-217.47343046049178,-5.019047609247819,0.2459453847092681,0.9023123159255567,0.23834732182417204,3.6529312133212054e-05,1.1504244422475978,3.4643239070962943,nan,0.8672390420090104,nan
15.08,220.00323486328125,-217.3965301513672,-5.017882823944092,219.76721447348226,-217.46454806206629,-5.018779598773889,0.24562749190967043,0.9024926376782537,0.2384657909214403,3.660457381741571e-05,1.1275709054573257,3.349048097236119,nan,0.061419132533810775,nan
15.09,220.00323486328125,-217.38780212402344,-5.017882823944092,219.76749910865988,-217.45566599505676,-5.015733549981255,0.24531911946911805,0.9026735469610259,0.23858479575933605,3.668040094885345e-05,1.223895555918682,3.441734907755139,nan,6.091791552358321,nan
15.1,220.00323486328125,-217.3790740966797,-5.017882823944092,219.76447764539623,-217.42805780946242,-5.016786538398924,0.24373267128592743,0.9024316891891049,0.23850919505381551,3.6381184708745684e-05,0.9430483088225898,3.51692479077545,2.5921248838875677,0.3092423373078207,nan
15.11,220.00323486328125,-217.370361328125,-5.017882823944092,219.76476825611934,-217.4190882249206,-5.015789162082528,0.2434029922220228,0.9026111248685711,0.2386276648735949,3.6454789973382865e-05,1.0226489403757708,3.6910734798878657,nan,0.6496817292808826,nan
15.120000000000001,220.00323486328125,-217.36163330078125,-5.017882823944092,219.76505928310374,-217.41011842387266,-5.017149211671526,0.2430616225179323,0.9027911449460925,0.23874666871780958,3.652931213715313e-05,0.9097390766336774,3.4770337904918374,nan,1.229336813548085,nan
15.13,220.00323486328125,-217.3529052734375,-5.017882823944092,219.76535022317182,-217.40114888658587,-5.01694100812455,0.24272913963230655,0.9029717512216681,0.23886620838645925,3.660457382076941e-05,0.911886410619151,3.47545081668588,nan,0.0314543622856575,nan
15.14,220.00323486328125,-217.34417724609375,-5.017882823944092,219.765641227588,-217.39217925844173,-5.0162361542871015,0.2423997533669446,0.9031529454952972,0.23898628567954364,3.668040095166985e-05,0.9542709598975921,3.516816122840548,nan,0.3269710708571953,nan
15.15,220.00323486328125,-217.33546447753906,-5.017882823944092,219.75922907130854,-217.39053685450622,-5.017521719763099,0.25014380587428603,0.9029106485135446,0.23890912540208445,3.638118471120641e-05,0.9939591730299596,3.4467619656671062,1.275832682556969,0.4503210418606157,nan
15.16,220.00323486328125,-217.3267364501953,-5.017882823944092,219.75949036810238,-217.381607681054,-5.018643919935685,0.2498455726505051,0.903090365332446,0.2390286531556625,3.645478997539539e-05,0.99896560024102,3.3519220974840938,nan,0.768668279887795,nan
15.17,220.00323486328125,-217.31800842285156,-5.017882823944092,219.75975151907846,-217.37267854063236,-5.019051911978833,0.24954824673632225,0.9032706670055274,0.2391487167697316,3.65293121387591e-05,1.0132350110697637,3.3615015104866983,nan,0.07873087824751913,nan
15.18,220.00323486328125,-217.3092803955078,-5.017882823944092,219.76001258550937,-217.36374945671818,-5.017659509478574,0.2492468754127721,0.9034515553327884,0.23926931804429163,3.660457382200871e-05,0.9699679963883436,3.309682413183783,nan,1.3738829753765545,nan
15.19,220.00323486328125,-217.30056762695312,-5.017882823944092,219.76027362940968,-217.3548203511476,-5.016718106144741,0.24894753626912708,0.9036330321142286,0.23939045877934254,3.668040095257978e-05,0.9982586027056386,3.4262589721117798,nan,0.6140453174420178,nan
15.200000000000001,220.00323486328125,-217.29183959960938,-5.017882823944092,219.73642759644463,-217.32933238112966,-5.017533422269588,0.26942893011791896,0.9033902912511261,0.2393117180945081,3.638118471193176e-05,0.9235938809633647,3.2542689078669182,2.149670873629158,0.8932568825107876,nan
15.21,220.00323486328125,-217.28311157226562,-5.017882823944092,219.736620276585,-217.32034539636345,-5.019081781639277,0.2692046303385485,0.9035702867334662,0.23943229478719166,3.6454789975854595e-05,0.9526416398968833,3.2786325461909835,nan,1.5055698914592759,nan
15.22,220.00323486328125,-217.27439880371094,-5.017882823944092,219.73681291692156,-217.31135870808512,-5.019228474188987,0.2689767625799921,0.9037508675145076,0.2395534091296785,3.6529312138982686e-05,0.955643326137173,3.3717209510468753,nan,0.004821369724525158,nan
15.23,220.00323486328125,-217.2656707763672,-5.017882823944092,219.73700548654614,-217.30237218193338,-5.018931187770338,0.2687492758576518,0.9039320353942503,0.23967506292196858,3.660457382202521e-05,0.9291620379797481,3.2394931676758,nan,0.08382012302834645,nan
15.24,220.00323486328125,-217.25694274902344,-5.017882823944092,219.73719796847465,-217.2933855879189,-5.018013729372567,0.2685213716658901,0.9041137921726942,0.23979725796406184,3.668040095241585e-05,0.8927110053791827,3.197095251613926,nan,0.6087441274134626,nan
15.25,220.00323486328125,-217.2482147216797,-5.017882823944092,219.70400563248606,-217.28228306132178,-5.018578666150753,0.30116319251300827,0.9038706030106409,0.23971691707844262,3.6381184711693555e-05,1.067133325413832,3.029717526193967,3.4254425207696015,0.44503225513466804,nan
15.26,220.00323486328125,-217.239501953125,-5.017882823944092,219.7040852227517,-217.2733148712276,-5.018024631602332,0.30105454816192945,0.9040508746544229,0.2398385336009217,3.6454789975478675e-05,1.047362491878896,3.0998801537622955,nan,0.2305921946502857,nan
15.27,220.00323486328125,-217.23077392578125,-5.017882823944092,219.70416468278174,-217.26434669314938,-5.018405289577872,0.3009491261710257,0.904231732030071,0.23996068951676985,3.652931213849025e-05,1.0474728047153423,3.0029750460944493,nan,0.0796539149061673,nan
15.280000000000001,220.00323486328125,-217.2220458984375,-5.017882823944092,219.70424394180483,-217.25537858744275,-5.019930729984011,0.3008501839799767,0.9044131769375852,0.24008338662598716,3.660457382143613e-05,1.1478019856971722,3.097355127097749,nan,1.4246569964188602,nan
15.290000000000001,220.00323486328125,-217.21331787109375,-5.017882823944092,219.70432330165178,-217.2464105236986,-5.016432432114332,0.3007413323250576,0.9045952111769654,0.24020662672857362,3.668040095174794e-05,1.0838463584676856,3.0274039283256804,nan,8.178628716715107,nan
15.3,220.00323486328125,-217.20460510253906,-5.017882823944092,219.7158493779845,-217.24134057889702,-5.017404658801344,0.28972424997640756,0.9043515695506446,0.2401246668832313,3.6381184711018165e-05,1.0067363954534734,3.0760827501043932,0.308273479812245,0.6475750534428917,nan
15.31,220.00323486328125,-217.1958770751953,-5.017882823944092,219.71596415300564,-217.23238125874593,-5.02013942086543,0.289589552001819,0.9045321148302978,0.24024731402135238,3.645478997475144e-05,1.1334673766154502,3.107188900870026,nan,4.80157424224882,nan
15.32,220.00323486328125,-217.18714904785156,-5.017882823944092,219.716079037668,-217.22342193525117,-5.022617232196265,0.2894764328324921,0.9047132462638692,0.24037050225164852,3.652931213772506e-05,1.6007535049473014,3.567568543350396,nan,3.7317844655385555,nan
15.33,220.00323486328125,-217.1784210205078,-5.017882823944092,219.71619422700834,-217.2144625903929,-5.023152913382172,0.2893425227553365,0.9048949656513589,0.24049423337411988,3.6604573820645375e-05,1.7393027604739464,3.6981786129573173,nan,0.10624527662773423,nan
15.34,220.00323486328125,-217.16970825195312,-5.017882823944092,219.71630938193312,-217.20550317975378,-5.025012877367665,0.28923752585882717,0.9050772747927669,0.24061850918876657,3.668040095094336e-05,2.3597939687937397,4.402618901605267,nan,1.8997788266695912,nan
15.35,220.00323486328125,-217.16098022460938,-5.017882823944092,219.72990038275063,-217.2057317855608,-5.026360006632344,0.27710341585924914,0.9048331767871527,0.24053491265030566,3.638118471024126e-05,2.967060921872113,4.856558553698415,1.1542449491339757,1.803047614955273,nan
15.36,220.00323486328125,-217.15225219726562,-5.017882823944092,219.73005388238005,-217.19680399823818,-5.026420412037622,0.2769216526501601,0.9050139931558756,0.24065858109451432,3.645478997397613e-05,2.9847472605900096,4.8682058764461065,nan,0.011260563449831148,nan
15.370000000000001,220.00323486328125,-217.14352416992188,-5.017882823944092,219.7302075896721,-217.18787601658642,-5.023653514579353,0.27666636822608826,0.9051953960896976,0.24078279228591962,3.652931213695999e-05,1.8904104671838209,3.769082148482279,nan,5.657882971874046,nan
15.38,220.00323486328125,-217.1348114013672,-5.017882823944092,219.71805687041413,-217.19832948808127,-5.021663617083463,0.29219057026587836,0.9034832887129265,0.23620805020718816,3.660457258734283e-05,2.0211364829599696,3.9867759766475155,nan,2.885885365995408,0.07993191796416664
15.39,220.00323486328125,-217.12608337402344,-5.017882823944092,219.71818872400303,-217.18944418492907,-5.023398680098876,0.29205533473155326,0.9036598810103005,0.23631439137795146,3.668039976778595e-05,2.450501770459481,4.325555376044766,nan,1.7545515729606658,nan
15.4,220.00323486328125,-217.1173553466797,-5.017882823944092,219.72782869814642,-217.20304315464932,-5.023612248065526,0.28848532463485005,0.9034225464446916,0.23625428996614087,3.638118359624214e-05,2.7989391602775777,4.323084007637271,5.5915221628978795,0.6077233533774467,nan
15.41,220.00323486328125,-217.10862731933594,-5.017882823944092,219.72797252499885,-217.1942579495935,-5.021037715878434,0.2882913683378663,0.9035977188298305,0.2363602584943695,3.645478890727913e-05,2.160556341936745,3.6874096109918364,nan,4.65218795510293,nan
15.42,220.00323486328125,-217.09991455078125,-5.017882823944092,219.7281119728771,-217.18547932861745,-5.021676960684756,0.288146371665696,0.9037734689610166,0.2364667341551618,3.652931111670127e-05,2.272254778348372,3.8780243931341483,nan,0.22909854050653497,nan
15.43,220.00323486328125,-217.0911865234375,-5.017882823944092,219.72825489241092,-217.176695560248,-5.019709486729348,0.28797415934947823,0.9039497986382506,0.23657371874851774,3.660457284515895e-05,1.9602598902644548,3.490731143147679,nan,2.6443853000579507,nan
15.44,220.00323486328125,-217.08245849609375,-5.017882823944092,219.72839492025875,-217.16791599133094,-5.019886467957131,0.2878263232613663,0.9041267096615331,0.23668121407443682,3.6680400020031965e-05,1.9695116070482215,3.49914203780419,nan,0.016792845442255996,nan
15.450000000000001,220.00323486328125,-217.07373046875,-5.017882823944092,219.7288580881217,-217.15346696320103,-5.019983310110179,0.28573577888745477,0.9038890559487625,0.23661987777217452,3.63811838361514e-05,1.885586802859028,3.5477906882630648,0.5204605052651896,0.08265984796871188,nan
15.46,220.00323486328125,-217.0650177001953,-5.017882823944092,219.72900722857725,-217.1446553676671,-5.019289259898472,0.28556073220559164,0.9040645433012887,0.2367269865064507,3.645478914141657e-05,1.8092383677958228,3.5495325466700383,nan,0.32766218790727286,nan
15.47,220.00323486328125,-217.05628967285156,-5.017882823944092,219.72915380369687,-217.13584748374566,-5.020655198725855,0.2854077058509215,0.9042406090196331,0.23683460487123045,3.652931134487315e-05,1.9563246445245248,3.6132751398045873,nan,1.204291590956772,nan
15.48,220.00323486328125,-217.0475616455078,-5.017882823944092,219.7293033345801,-217.12703537890735,-5.019624485750128,0.28523251936421845,0.9044172549037955,0.23694273466651197,3.66045730671984e-05,1.8197565296723714,3.4769774571582914,nan,0.7283590581779049,nan
15.49,220.00323486328125,-217.03883361816406,-5.017882823944092,219.72945281430236,-217.11822339114266,-5.018633452175378,0.2850612387530323,0.9045944827537757,0.23705137769229306,3.6680400235798064e-05,1.7432509351017789,3.3989063089081184,nan,0.6432983002829769,nan
15.5,220.00323486328125,-217.03012084960938,-5.017882823944092,219.68914955294036,-217.0925675775594,-5.017627297098449,0.32023310462468546,0.9043565009464803,0.23698877383991465,3.638118404064777e-05,1.794892299246943,3.440275886705956,4.2681481875299365,0.25869361380425143,nan
15.51,220.00323486328125,-217.02139282226562,-5.017882823944092,219.68917280268064,-217.08371323977906,-5.0171599409335315,0.3201864065003289,0.9045323013424763,0.23709701623291424,3.645478933967919e-05,1.798639407927303,3.3524386123921803,nan,0.11865155716129931,nan
15.52,220.00323486328125,-217.01266479492188,-5.017882823944092,219.6891966406061,-217.07485832240647,-5.016198651253848,0.32014196319694727,0.9047086807092644,0.2372057706946898,3.65293115368334e-05,1.853192460343434,3.398957440358459,nan,0.5395571733104643,nan
15.530000000000001,220.00323486328125,-217.00393676757812,-5.017882823944092,219.68921891891958,-217.06600584261452,-5.016695822881816,0.3200937243382741,0.9048856408468436,0.2373150390252384,3.660457325280839e-05,1.805307631909993,3.3433024496975956,nan,0.2050711201985069,nan
15.540000000000001,220.00323486328125,-216.99522399902344,-5.017882823944092,219.6892419226715,-217.05715235888957,-5.016555655013059,0.32004444985945135,0.9050631835552131,0.2374248230245568,3.668040041502893e-05,1.8059007612996647,3.424333033947941,nan,0.00478343008137338,nan
15.55,220.00323486328125,-216.9864959716797,-5.017882823944092,219.70207669573924,-217.05470113051408,-5.017879011631002,0.30878501515361967,0.9048248649522176,0.23736091993700686,3.638118420996419e-05,1.7509755663028155,3.2737560457845096,0.41479988487397035,1.1646405756095886,nan
15.56,220.00323486328125,-216.97776794433594,-5.017882823944092,219.7021384664292,-217.0458664003978,-5.017485751421484,0.30870147000279086,0.9050009764015663,0.2374702891812428,3.6454789502820704e-05,1.7466595572958203,3.266796251417361,nan,0.0891076636386171,nan
15.57,220.00323486328125,-216.9690399169922,-5.017882823944092,219.702201264214,-217.0370301463433,-5.016005389938155,0.3086218135729234,0.9051776674121488,0.23758017287392968,3.652931169382207e-05,1.830213966769016,3.3479929271356506,nan,1.3609761622909435,nan
15.58,220.00323486328125,-216.9603271484375,-5.017882823944092,219.7022642473862,-217.0281937143862,-5.014300009891533,0.3085482441409164,0.9053549397839636,0.23769057281506395,3.6604573403680525e-05,2.0755894720604524,3.6707392069202185,nan,1.742847439139753,nan
15.59,220.00323486328125,-216.95159912109375,-5.017882823944092,219.70232709354488,-217.01935761896675,-5.012764370758232,0.30848484320098646,0.9055327953170097,0.23780149080464189,3.668040055983508e-05,2.4305948766436405,3.938629380192623,nan,1.3307545152591982,nan
15.6,220.00323486328125,-216.94287109375,-5.017882823944092,219.70009633521906,-217.0065729800536,-5.013494537985917,0.3097905010938821,0.9052941314691777,0.23773625778818525,3.638118434632954e-05,2.2025648995611347,3.7517148850939512,1.4765055277470038,0.007272985396098463,nan
15.610000000000001,220.00323486328125,-216.93414306640625,-5.017882823944092,219.70015396854365,-216.99772155789137,-5.013853790219278,0.3097038689574699,0.9054705519191732,0.23784674682977128,3.645478963342455e-05,2.110026440454426,3.661201886914773,nan,0.13032189378870507,nan
15.620000000000001,220.00323486328125,-216.92543029785156,-5.017882823944092,219.70021276899848,-216.9888685773201,-5.012846141698096,0.30963231920051276,0.9056475525065777,0.23795775264195523,3.6529311818746654e-05,2.3504792028024104,3.989001505247709,nan,0.5595320126756802,nan
15.63,220.00323486328125,-216.9167022705078,-5.017882823944092,219.70027150580114,-216.9800155662058,-5.011751378947095,0.3095689971646254,0.9058251350313894,0.23806927702473338,3.660457352301779e-05,2.6746122154007743,4.2330640788560565,nan,0.6416093325470036,nan
15.64,220.00323486328125,-216.90797424316406,-5.017882823944092,219.7003277643157,-216.97116604924216,-5.013760428915841,0.30945582738076427,0.9060033012936071,0.23818132177810192,3.668040067368562e-05,2.102446928945824,3.6675948512648,nan,2.90224762883562,nan
15.65,220.00323486328125,-216.8992462158203,-5.017882823944092,219.6862792223211,-216.9603490619263,-5.013512299271268,0.32282121619346127,0.9057642840089385,0.23811472914445947,3.63811844532061e-05,2.2439088195741,3.6931596818681243,0.9133309520233237,0.023311243817454502,nan
15.66,220.00323486328125,-216.89053344726562,-5.017882823944092,219.6862901069387,-216.95149985062307,-5.011885100011962,0.3228108635156785,0.9059410113478138,0.23822633069655452,3.6454789735167005e-05,2.697176482592034,4.234043548181579,nan,1.5520052394051604,nan
15.67,220.00323486328125,-216.88180541992188,-5.017882823944092,219.68629877786526,-216.942653660957,-5.013132001023818,0.3227592926536746,0.906118319386271,0.23833845128493428,3.6529311915473365e-05,2.320059337969584,3.779102666159094,nan,1.199036502646522,nan
15.68,220.00323486328125,-216.87307739257812,-5.017882823944092,219.68630843654756,-216.93380601080563,-5.012893562526382,0.32273087513205,0.9062962099243087,0.23845109270959514,3.660457361485209e-05,2.374054694660887,3.8404470589515696,nan,0.015422922464825677,nan
15.69,220.00323486328125,-216.86434936523438,-5.017882823944092,219.68631897714818,-216.92495684034446,-5.0110677710085705,0.32273114177166995,0.9064746847619256,0.2385642567705335,3.668040076075548e-05,2.9520654133816913,4.426038599175988,nan,1.9422724690581599,nan
15.700000000000001,220.00323486328125,-216.8556365966797,-5.017882823944092,219.68439215272528,-216.91816537096582,-5.0124144118873915,0.3249621904450213,0.9062353061099299,0.2384962758485426,3.638118453467634e-05,2.552225873390462,4.061624700722295,0.1314466639286883,1.1323361298974801,nan
15.71,220.00323486328125,-216.84690856933594,-5.017882823944092,219.68439358509005,-216.90932808305823,-5.010027633642556,0.32498870809091057,0.906412338170297,0.23860898240447062,3.645478981223606e-05,3.414873134420918,4.8527732750027335,nan,3.43777569193071,nan
15.72,220.00323486328125,-216.8381805419922,-5.017882823944092,219.68439238927928,-216.90049424762316,-5.011870906760041,0.32493024526102054,0.9065899514786813,0.23872221020697493,3.6529311988275535e-05,2.703688014693653,4.160451056067224,nan,2.5340833459320966,nan
15.73,220.00323486328125,-216.82945251464844,-5.017882823944092,219.6843921004236,-216.89165896960367,-5.0122273391754115,0.32490357796240027,0.9067681478350812,0.2388359610560523,3.660457368352372e-05,2.5800727404332404,4.050429658572055,nan,0.12930272364789658,nan
15.74,220.00323486328125,-216.82073974609375,-5.017882823944092,219.68439115653078,-216.88282457307594,-5.013722556518193,0.324858650648006,0.9069469290394956,0.2389502367516994,3.6680400825434504e-05,2.1699750679134397,3.7349734712478586,nan,1.5937232991578707,nan
15.75,220.00323486328125,-216.81201171875,-5.017882823944092,219.6783484947421,-216.8804892887683,-5.014642048477205,0.33204040820929814,0.9067071813548673,0.23888083989660044,3.638118459498364e-05,2.1318255559030983,3.4543030123015863,0.7280561618581786,0.5284703433245109,nan
15.76,220.00323486328125,-216.80328369140625,-5.017882823944092,219.6783197839148,-216.8716924416053,-5.015283700926577,0.33204867315496017,0.9068845159170711,0.23899464374264082,3.6454789868897834e-05,2.020772270793531,3.349691648501318,nan,0.2862285260646086,nan
15.77,220.00323486328125,-216.7945556640625,-5.017882823944092,219.67829197852546,-216.8628945141937,-5.014213917174426,0.332071585155295,0.9070624322622521,0.23910897099121498,3.652931204142809e-05,2.1963003270763464,3.533651510422675,nan,0.7313513869060879,nan
15.780000000000001,220.00323486328125,-216.7858428955078,-5.017882823944092,219.67826304875646,-216.85409816952682,-5.015479917703248,0.3320711318759051,0.9072409321904094,0.23922382344232013,3.6604573733303403e-05,1.9776764592178895,3.400411921464227,nan,1.0803692819140671,nan
15.790000000000001,220.00323486328125,-216.77711486816406,-5.017882823944092,219.6782346065903,-216.84530106157897,-5.015725486925899,0.33208308888680627,0.9074200175015414,0.2393392028959534,3.668040087197656e-05,1.939206834573701,3.293290107867685,nan,0.038587383441262765,nan
15.8,220.00323486328125,-216.7683868408203,-5.017882823944092,219.67262141847925,-216.8466194109207,-5.016125472953718,0.3397479553887857,0.90717989338717,0.23926836349640596,3.6381184638210635e-05,2.1004392856989558,3.2154325997016886,1.350299862966303,0.2269566819264063,nan
15.81,220.00323486328125,-216.75967407226562,-5.017882823944092,219.6725626425431,-216.83787801259757,-5.016874702407719,0.3397955122722574,0.907357528182553,0.2393832567242509,3.6454789909201234e-05,2.0359491400541945,3.224780902308669,nan,0.35390913303576726,nan
15.82,220.00323486328125,-216.75094604492188,-5.017882823944092,219.672504920759,-216.829135119475,-5.014995627081505,0.33985903278561347,0.9075357452826603,0.23949867545730943,3.6529312078936636e-05,2.2290452235053406,3.3532714218943216,nan,2.3540054661189562,nan
15.83,220.00323486328125,-216.74221801757812,-5.017882823944092,219.6724466973433,-216.82039279734408,-5.014486821989832,0.33991710716779133,0.9077145464874908,0.2396146214955792,3.660457376814378e-05,2.3086999960780923,3.443569230107294,nan,0.15895435792950385,nan
15.84,220.00323486328125,-216.73348999023438,-5.017882823944092,219.67238843668338,-216.81165035449305,-5.01404838728489,0.33997515120685573,0.9078939335970436,0.23973109663905784,3.6680400904274026e-05,2.387272390478875,3.5312736765405144,nan,0.11125057625568907,nan
15.85,220.00323486328125,-216.7247772216797,-5.017882823944092,219.67596686637722,-216.8043494041742,-5.015587710230341,0.3368105425479902,0.9076534259263841,0.2396587891219903,3.6381184668070714e-05,2.1249575563383667,3.315051614187563,0.12204666613899008,2.0255735641983565,nan
15.860000000000001,220.00323486328125,-216.71604919433594,-5.017882823944092,219.67592007135,-216.79561063384122,-5.014974532575205,0.3368582102782146,0.9078313586404636,0.23977476364086733,3.6454789936790717e-05,2.2050328533833583,3.3324917841064674,nan,0.24418084169729817,nan
15.870000000000001,220.00323486328125,-216.7073211669922,-5.017882823944092,219.67587239560595,-216.7868728652112,-5.016741888176235,0.3368916141230236,0.9080098741680613,0.2398912657154107,3.652931210437048e-05,2.0015107317780867,3.136735570074612,nan,2.0500370988668237,nan
15.88,220.00323486328125,-216.69859313964844,-5.017882823944092,219.67582579958773,-216.77813339913658,-5.0147598198881145,0.3369467332123041,0.9081889743091763,0.24000829714561853,3.660457379153457e-05,2.2251971950175755,3.36373357974721,nan,2.6009068777140207,nan
15.89,220.00323486328125,-216.68988037109375,-5.017882823944092,219.67577851019777,-216.76939466013064,-5.01463267067495,0.3369877576886826,0.9083686608638082,0.24012585973148903,3.668040092573158e-05,2.2393925083867856,3.456337283330069,nan,0.007934959047470179,nan
15.9,220.00323486328125,-216.68115234375,-5.017882823944092,219.6781221924766,-216.77535023242658,-5.015249067270046,0.3384943539013314,0.9081277627826444,0.24005205956488565,3.63811846877968e-05,2.3577735889047173,3.2358205477736304,2.3592629450599922,1.014184659268964,nan
15.91,220.00323486328125,-216.67242431640625,-5.017882823944092,219.67806798282413,-216.76668111814863,-5.015902537881299,0.3385583647671487,0.9083059910581995,0.24016910711334283,3.645478995481018e-05,2.267992994801057,3.154073589067612,nan,0.29239391777978796,nan
15.92,220.00323486328125,-216.6636962890625,-5.017882823944092,219.67801379460786,-216.75801201977043,-5.016733703697573,0.3386229777279912,0.9084848026433724,0.24028668421673643,3.652931212078238e-05,2.189890182050679,3.082062181663731,nan,0.4491269617861807,nan
15.93,220.00323486328125,-216.6549835205078,-5.017882823944092,219.67795963510463,-216.74934297842933,-5.01773303948172,0.3386852577246026,0.9086641993381627,0.240404792675065,3.6604573806434636e-05,2.147437474301702,3.105681592198351,nan,0.6217907705205226,nan
15.94,220.00323486328125,-216.64625549316406,-5.017882823944092,219.67790598490578,-216.7406731334419,-5.016248726497863,0.3387569042471937,0.9088441829425695,0.24052343428832718,3.6680400939212435e-05,2.212962539816323,3.110682818060289,nan,1.4892984276168502,nan
15.950000000000001,220.00323486328125,-216.6375274658203,-5.017882823944092,219.70557961963328,-216.74012429270294,-5.014492974039111,0.314859086004983,0.9086028878701972,0.24044811798205767,3.6381184700096495e-05,2.3569015027520686,3.2925681152455053,3.068700045298074,0.7309269596526152,nan
15.96,220.00323486328125,-216.62879943847656,-5.017882823944092,219.7056136942955,-216.7314691536524,-5.01642043986666,0.3148357813367555,0.9087814093102673,0.24056623013941178,3.645478996587335e-05,2.0929086619687394,3.0366808048003473,nan,2.5343780537645886,nan
15.97,220.00323486328125,-216.62008666992188,-5.017882823944092,219.7056481341108,-216.72281333260037,-5.016346476739335,0.3148221545034085,0.9089605145436175,0.2406848738008266,3.652931213069053e-05,2.091826714015483,3.1023056878463326,nan,0.0032055759399374183,nan
15.98,220.00323486328125,-216.61135864257812,-5.017882823944092,219.70568252829236,-216.714157549352,-5.016613974953137,0.31481203482237957,0.9091402053702473,0.24080405076630113,3.660457381526615e-05,2.0644117766882824,3.018986001460048,nan,0.0475268613779791,nan
15.99,220.00323486328125,-216.60263061523438,-5.017882823944092,219.70571710542015,-216.7055015962799,-5.015731730174966,0.3148076908024476,0.9093204835901565,0.2409237628358344,3.668040094704255e-05,2.139808760143798,3.0995978123394226,nan,0.5027926494035132,nan
16.0,220.00323486328125,-216.59390258789062,-5.017882823944092,219.69584988946562,-216.67544842345802,-5.0164444474934005,0.31802093382800173,0.9090787852200164,0.2408469079406288,3.6381184707159604e-05,1.8283887899208326,3.020081565161486,2.5201272425940187,0.23072998232952296,nan
16.01,220.00323486328125,-216.58518981933594,-5.017882823944092,219.69587098800577,-216.66669897451177,-5.015633718879615,0.317995837512747,0.9092575973908104,0.24096607613807552,3.645478997207749e-05,1.9029956479110588,3.1703718972212016,nan,0.43197343415093425,nan
16.02,220.00323486328125,-216.5764617919922,-5.017882823944092,219.6958920645754,-216.6579496458762,-5.015067908757487,0.31797451154845574,0.909436993826364,0.24108577773959056,3.652931213610003e-05,1.9741071776592716,3.175285318373153,nan,0.1983974041445596,nan
16.03,220.00323486328125,-216.56773376464844,-5.017882823944092,219.6959128728984,-216.64920044999258,-5.015023833322945,0.3179493677006067,0.909616976326677,0.24120601454517335,3.6604573819943476e-05,1.973471673322499,3.180722961337498,nan,0.0002817031220197131,nan
16.04,220.00323486328125,-216.5590057373047,-5.017882823944092,219.6959332277859,-216.64045160537242,-5.017719844110045,0.3179115461348476,0.9097975466917493,0.24132678835482313,3.668040095104617e-05,1.7438944102984772,2.958730089639469,nan,4.74250230673147,nan
16.05,220.00323486328125,-216.55029296875,-5.017882823944092,219.666055513365,-216.61997839028902,-5.01740711424082,0.34430538521019544,0.9095554389915407,0.2412483734594954,3.6381184710698433e-05,1.8091311216087091,3.132725965726588,3.109534348905603,0.6350898085801644,nan
16.06,220.00323486328125,-216.54156494140625,-5.017882823944092,219.6659837422203,-216.61119920998047,-5.016095324498479,0.3443696345077459,0.909734539425257,0.24136858899088273,3.645478997504904e-05,1.8837184949870092,3.134184475134069,nan,1.1989026170872448,nan
16.07,220.00323486328125,-216.5328369140625,-5.017882823944092,219.6659116371901,-216.60242008603743,-5.015306475396836,0.3444349202018662,0.9099142245832829,0.24148933977824982,3.652931213855522e-05,1.9709570134381291,3.225058006685885,nan,0.42136272419542653,nan
16.080000000000002,220.00323486328125,-216.52410888671875,-5.017882823944092,219.665839508715,-216.59364112739695,-5.014125274921768,0.344506134852872,0.910094496265618,0.24161062762159619,3.6604573821928915e-05,2.168174324070173,3.427218536466579,nan,0.9012696977151643,nan
16.09,220.00323486328125,-216.51539611816406,-5.017882823944092,219.66576746340803,-216.58486215048046,-5.011545166975992,0.34460113394882996,0.9102753562722623,0.24173245432092144,3.668040095260646e-05,2.87047811082566,4.21373561898567,nan,4.194034728725182,nan
16.1,220.00323486328125,-216.5066680908203,-5.017882823944092,219.67648785983323,-216.58073360258865,-5.013566419500618,0.33506407692124474,0.9100328334835648,0.24165245904794228,3.6381184712004274e-05,2.2736131447404833,3.4525847192179384,1.564747509152957,5.2032214300662565,nan
16.11,220.00323486328125,-216.49794006347656,-5.017882823944092,219.6764484922205,-216.57196752523703,-5.013300276709796,0.3350975934633286,0.9102122196811238,0.24177371308020884,3.645478997600675e-05,2.330795727294918,3.5216847487582257,nan,0.030607632818174045,nan
16.12,220.00323486328125,-216.4892120361328,-5.017882823944092,219.67640891590761,-216.56320151976507,-5.015498997216784,0.335104948030775,0.9103921910508627,0.24189550417328118,3.6529312139201614e-05,1.9035776451182578,3.1062082777301074,nan,3.28020299889733,nan
16.13,220.00323486328125,-216.48049926757812,-5.017882823944092,219.67636937146278,-216.55443546083302,-5.0155534894816665,0.335131371575075,0.9105727493927812,0.242017834127159,3.660457382229802e-05,1.8893133659721848,3.1714005923261697,nan,0.0021075924750762775,nan
16.14,220.00323486328125,-216.47177124023438,-5.017882823944092,219.67632970957214,-216.54566944249504,-5.0146608668869685,0.3351690690177276,0.9107538965068795,0.2421407047418422,3.668040095273176e-05,2.017406250754514,3.2315190936483043,nan,0.5107464305075142,nan
16.15,220.00323486328125,-216.46304321289062,-5.017882823944092,219.6788874908972,-216.5284900993697,-5.016442695661514,0.3308875743990772,0.9105109531443104,0.24205910974136247,3.638118471201438e-05,1.658222489251499,3.1760578981469805,3.072261487712993,0.41174363902876315,nan
16.16,220.00323486328125,-216.45431518554688,-5.017882823944092,219.67886453633997,-216.5196824560687,-5.015153566806319,0.3309024597974274,0.9106906225779979,0.24218139332464156,3.6454789975826115e-05,1.7987611787451758,3.3189984066416094,nan,1.1565703232401165,nan
16.17,220.00323486328125,-216.4456024169922,-5.017882823944092,219.67884154275632,-216.5108745578618,-5.014408805791017,0.3309132024821951,0.9108708776203042,0.24230421572746816,3.652931213885574e-05,1.9178463123004301,3.5202100230706406,nan,0.3754827958794753,nan
16.18,220.00323486328125,-216.43687438964844,-5.017882823944092,219.67881858638918,-216.50206660382398,-5.013810902871406,0.3309267683987519,0.911051720071229,0.24242757874984222,3.66045738218111e-05,2.0336778705429324,3.5657507228744234,nan,0.23132118393590342,nan
16.19,220.00323486328125,-216.4281463623047,-5.017882823944092,219.67879557985393,-216.49325848533118,-5.014928872437562,0.3309216871487209,0.9112331517307728,0.24255148419176384,3.6680400952126245e-05,1.811877775330489,3.355724399672723,nan,0.8176906078886124,nan
16.2,220.00323486328125,-216.41941833496094,-5.017882823944092,219.66250260936914,-216.465020609062,-5.014962433982564,0.34378272925896386,0.9109897825807096,0.2424682711341852,3.6381184711380844e-05,1.6710784710557702,3.418280050235498,1.839257681636435,0.0023718939045872397,nan
16.21,220.00323486328125,-216.41070556640625,-5.017882823944092,219.6624409028453,-216.45613535957912,-5.01432365905244,0.34382707460593137,0.9111697326967332,0.24259157521157798,3.645478997510846e-05,1.7771991525931825,3.615356158740135,nan,0.27799167436286615,nan
16.22,220.00323486328125,-216.4019775390625,-5.017882823944092,219.66237925184583,-216.44725030521724,-5.013782445820682,0.3438735004373957,0.9113502688466283,0.2427154198221664,3.65293121380709e-05,1.8832493853955565,3.6427307812431047,nan,0.19111026722865096,nan
16.23,220.00323486328125,-216.39324951171875,-5.017882823944092,219.66231743808032,-216.43836551093108,-5.012034464264895,0.3439394532493973,0.9115313928303952,0.24283980676595063,3.6604573820976226e-05,2.350692131038695,4.119000197230153,nan,1.9497670817726604,nan
16.240000000000002,220.00323486328125,-216.384521484375,-5.017882823944092,219.66225561434698,-216.42948042466594,-5.014672555629535,0.3439454322105731,0.9117131064480338,0.24296473784293068,3.6680400951255414e-05,1.6905871596301825,3.475623068326368,nan,4.621121620784987,nan
16.25,220.00323486328125,-216.3758087158203,-5.017882823944092,219.67853258590412,-216.45026618706632,-5.0164271514197925,0.3331330108841528,0.9114693065669283,0.24287988941012076,3.638118471053035e-05,1.7389131523828316,3.4219361708428675,5.933536916160384,0.5418682935667719,nan
16.26,220.00323486328125,-216.36708068847656,-5.017882823944092,219.67850071494894,-216.4415049146642,-5.015497487675127,0.33316200618596226,0.9116495347878878,0.24300420482714158,3.6454789974242536e-05,1.830355810422303,3.4343691492021664,nan,0.6528851940402699,nan
16.27,220.00323486328125,-216.3583526611328,-5.017882823944092,219.67846882984654,-216.4327436824615,-5.014647192692685,0.3331928418151243,0.9118303494570283,0.24312906244689195,3.6529312137200475e-05,1.9545027257960892,3.55880922335014,nan,0.5267926232321782,nan
16.28,220.00323486328125,-216.34962463378906,-5.017882823944092,219.68543551228979,-216.44243681200592,-5.013564465935268,0.331102969077365,0.9102652413461494,0.2311103778202061,3.660457251991843e-05,2.901298445469541,4.507546775931226,nan,0.8022915758274446,0.02804336871686925
16.29,220.00323486328125,-216.34091186523438,-5.017882823944092,219.68539333462095,-216.43369808117808,-5.013295508207912,0.3311397932534364,0.9104523203343329,0.23120519189080163,3.6680399699379864e-05,2.9564835841589967,4.649760862592976,nan,0.049892938147000535,nan
16.3,220.00323486328125,-216.33218383789062,-5.017882823944092,219.6827492584413,-216.4113898521217,-5.011032574364744,0.3301992451828075,0.9102001267970226,0.2311573746775944,3.63811835301986e-05,3.450615912874756,5.11568400889322,3.7091529519084903,1.2379018155345847,nan
16.31,220.00323486328125,-216.32345581054688,-5.017882823944092,219.68270504857975,-216.40257586034656,-5.010556262832718,0.3302317714736152,0.9103856584630555,0.231251958121627,3.6454788840686606e-05,3.624081213288431,5.315436254988513,nan,0.11015781929465648,nan
16.32,220.00323486328125,-216.31472778320312,-5.017882823944092,219.68266151831037,-216.3937635733849,-5.010637816701749,0.3302520488436327,0.9105717697451118,0.23134704652975688,3.6529311049785174e-05,3.579405255921193,5.299117423577149,nan,0.015341563227565334,nan
16.330000000000002,220.00323486328125,-216.30601501464844,-5.017882823944092,219.68261807000832,-216.38495167051656,-5.010855554062635,0.3302658115673606,0.9107584624431905,0.23144264170197484,3.660457277813102e-05,3.4821706641994368,5.309622156816937,nan,0.052618397260498884,nan
16.34,220.00323486328125,-216.2972869873047,-5.017882823944092,219.68257412463439,-216.37613856566892,-5.010695593378811,0.33029159390345186,0.9109457383572906,0.23153874543827088,3.668039995309032e-05,3.5322770319375016,5.306069511052994,nan,0.006311383232691402,nan
16.35,220.00323486328125,-216.28855895996094,-5.017882823944092,219.67685737237647,-216.34920596556736,-5.011899869541956,0.33201825492237735,0.9106930759864867,0.2314899461739292,3.638118377202408e-05,2.8513846908051796,5.294965162152253,5.994213904305086,0.011292495409595139,nan
16.36,220.00323486328125,-216.2798309326172,-5.017882823944092,219.6768079633201,-216.34030591682873,-5.015041363373075,0.33199370269902456,0.9108788014961853,0.23158580449336402,3.645478907765434e-05,2.0795323284051,4.5417450001307555,nan,6.438984494604384,nan
16.37,220.00323486328125,-216.2711181640625,-5.017882823944092,219.67675433454474,-216.33139544738347,-5.01451306058384,0.33201542409010504,0.9110651071921055,0.2316821703321076,3.6529311281632864e-05,2.1592754971426347,4.710002791312146,nan,0.2262333569602593,nan
16.38,220.00323486328125,-216.26239013671875,-5.017882823944092,219.67670297728696,-216.32249047270585,-5.016081235485081,0.33202163886970226,0.9112519948742459,0.23177904549014783,3.6604573004624215e-05,1.9277358069120276,4.386505410637454,nan,1.482922517545819,nan
16.39,220.00323486328125,-216.253662109375,-5.017882823944092,219.67665154614576,-216.31358527273915,-5.017632248188243,0.332035406736983,0.911439466342605,0.23187643176747216,3.66804001740239e-05,1.8314572958716924,4.277794580044483,nan,1.378566083212912,nan
16.4,220.00323486328125,-216.24493408203125,-5.017882823944092,219.65161326314896,-216.29121806961433,-5.020169232509492,0.3546620713444151,0.911186335134739,0.23182660672249472,3.638118398181381e-05,1.964258796699668,4.583412750275743,1.828163231993236,3.0778443879814117,nan
16.41,220.00323486328125,-216.23622131347656,-5.017882823944092,219.65148364012927,-216.28226046846885,-5.018429728880259,0.3547517806668857,0.9113722531243552,0.23192373266873245,3.645478928180024e-05,1.8193164553845587,4.493418058934648,nan,2.388374764591024,nan
16.42,220.00323486328125,-216.2274932861328,-5.017882823944092,219.65135904076578,-216.27331478233737,-5.021699431383585,0.3548672575452792,0.9115587518567694,0.2320213686284708,3.6529311480008224e-05,2.200692238110437,4.752453105501646,nan,6.3500848639853436,nan
16.43,220.00323486328125,-216.21876525878906,-5.017882823944092,219.65123083582918,-216.26436082940646,-5.021495484394612,0.35496315684579555,0.9117458331319795,0.23211951640169634,3.660457319712535e-05,2.14933519208969,4.651579151142803,nan,0.10845153610045855,nan
16.44,220.00323486328125,-216.21005249023438,-5.017882823944092,219.65110510601616,-216.255412852309,-5.023987716366499,0.3550918164511845,0.911933498749984,0.2322181777883956,3.6680400360568734e-05,2.7995065113697275,5.354709014261812,nan,3.3765805776712754,nan
16.45,220.00323486328125,-216.20132446289062,-5.017882823944092,219.66563401858147,-216.24852517332266,-5.021377764369722,0.340902408345661,0.9116798988235602,0.23216728432289382,3.638118415834143e-05,2.0312705626107252,4.404705285997481,1.0799976128774635,3.759229232147643,nan
16.46,220.00323486328125,-216.19259643554688,-5.017882823944092,219.66555271863103,-216.23956572594204,-5.021517205771881,0.34095242158850464,0.9118660078976101,0.23226567035293474,3.64547894524818e-05,2.0487378997091823,4.38970544210555,nan,0.0009493731216996365,nan
16.47,220.00323486328125,-216.18386840820312,-5.017882823944092,219.66547184727938,-216.23060745954012,-5.022210963388553,0.3410089832975292,0.9120526982576569,0.23236456883074572,3.652931164481967e-05,2.190135611001876,4.496454333112007,nan,0.17225259214637562,nan
16.48,220.00323486328125,-216.17515563964844,-5.017882823944092,219.665390790178,-216.22164910933174,-5.022860228063553,0.34106456134572005,0.9122399717036986,0.23246398155631334,3.660457335606088e-05,2.3448620820148944,4.716927342824917,nan,0.13585173069434212,nan
16.490000000000002,220.00323486328125,-216.1664276123047,-5.017882823944092,219.66530870441918,-216.21268898504266,-5.022558636328094,0.34111005067621275,0.9124278300357334,0.23256391032962423,3.6680400513636675e-05,2.255088667179867,4.4944325314791715,nan,0.16230923184316354,nan
16.5,220.00323486328125,-216.15769958496094,-5.017882823944092,219.6789899154782,-216.1996458469573,-5.02319019003182,0.32698997416748476,0.9121737616302982,0.2325119069203062,3.6381184302719004e-05,2.2675012649275432,4.6681017728217125,1.2623332962221554,0.2903490699713176,nan
16.51,220.00323486328125,-216.1489715576172,-5.017882823944092,219.67895625756057,-216.1906511305383,-5.025184481512922,0.32702769780293234,0.912360060363471,0.23261154521226596,3.645478959122905e-05,2.946678819401983,5.31551066319733,nan,2.0994363622721806,nan
16.52,220.00323486328125,-216.1402587890625,-5.017882823944092,219.67892094135408,-216.18165245723037,-5.024959035226908,0.32702144958136015,0.9125469409127072,0.2327116983274381,3.6529311777985016e-05,2.845744095093862,5.280655684362925,nan,0.13835455290071189,nan
16.53,220.00323486328125,-216.13153076171875,-5.017882823944092,219.67888405517257,-216.17264987058343,-5.02236464799692,0.32697754446049776,0.9127344050780049,0.23281236806581015,3.660457348370412e-05,2.014777759505335,4.314047414514086,nan,5.132986550517197,nan
16.54,220.00323486328125,-216.122802734375,-5.017882823944092,219.6788489760929,-216.16365135386948,-5.022178723146748,0.326975944484516,0.9129224546593622,0.23291355622736962,3.668040063582767e-05,1.9602332509037241,4.236595370476451,nan,0.08013432665228411,nan
16.55,220.00323486328125,-216.11407470703125,-5.017882823944092,219.69599044984773,-216.15770044814622,-5.021729567982423,0.31035001581059396,0.9126679181342982,0.23286040249119147,3.638118441760605e-05,1.7798148166550498,4.081665083717294,1.1009342265410482,0.031184002879555046,nan
16.56,220.00323486328125,-216.10536193847656,-5.017882823944092,219.6960108798765,-216.14870116468043,-5.02349096550815,0.3103164767762695,0.9128544050733202,0.23296128495945206,3.645478970097279e-05,2.2267457341168195,4.617465559546006,nan,1.7093147482707944,nan
16.57,220.00323486328125,-216.0966339111328,-5.017882823944092,219.69602890726637,-216.13969636666795,-5.021429499409752,0.31022967845548316,0.9130414743455837,0.23306268456863294,3.652931188268072e-05,1.6995190424633129,3.967685103228936,nan,3.239342296961294,nan
16.580000000000002,220.00323486328125,-216.08790588378906,-5.017882823944092,219.6960484778604,-216.13069449066376,-5.021446537063286,0.3101725976249482,0.913229127751087,0.23316460311872286,3.660457358345237e-05,1.6933320574762505,3.9504635599341853,nan,0.007973957522633838,nan
16.59,220.00323486328125,-216.0791778564453,-5.017882823944092,219.69606749970077,-216.12169085876204,-5.02023613146576,0.3101043093400243,0.9134173670898283,0.23326704240971077,3.668040073073594e-05,1.4886148720069958,3.7337262609486497,nan,1.1473932700942415,nan
16.6,220.00323486328125,-216.07046508789062,-5.017882823944092,219.75677178499512,-216.13393752218906,-5.020328487739352,0.2545167580837096,0.9131623629229799,0.23321269912431705,3.638118450655243e-05,1.3657332717434207,4.004349252363294,9.43908163442341,0.3023665656647766,nan
16.61,220.00323486328125,-216.06173706054688,-5.017882823944092,219.7569776767827,-216.1249795903777,-5.019920148842941,0.25425650468440386,0.9133490365884319,0.23331481743430862,3.6454789785416964e-05,1.3064640388280648,3.8342590137836567,nan,0.17830183251388323,nan
16.62,220.00323486328125,-216.05300903320312,-5.017882823944092,219.75718398459176,-216.11602262307846,-5.020449967849727,0.2540046016131966,0.9135362930916584,0.23341745514628243,3.65293119627416e-05,1.364340400438025,3.878008769543561,nan,0.1166724374166606,nan
16.63,220.00323486328125,-216.04428100585938,-5.017882823944092,219.7573906192146,-216.10706639033575,-5.0216384190162575,0.25376268705012434,0.9137241342326577,0.23352061406022878,3.6604573659251765e-05,1.5606272711245197,4.06125429624036,nan,0.741838835351448,nan
16.64,220.00323486328125,-216.0355682373047,-5.017882823944092,219.7575961340879,-216.0981076813842,-5.020625490024716,0.2534898214183992,0.9139125618114289,0.23362429597613843,3.668040080240031e-05,1.3716179322623518,3.95439171506246,nan,0.8529272431676961,nan
16.65,220.00323486328125,-216.02684020996094,-5.017882823944092,219.75973764030826,-216.09247901008857,-5.018200121608835,0.25218931451503135,0.9136570905975714,0.23356872509721668,3.6381184573486536e-05,1.194617461881121,3.5200920677981165,2.363948282601174,1.617376435304964,nan
16.66,220.00323486328125,-216.0181121826172,-5.017882823944092,219.75994962394532,-216.08353932354316,-5.020576814172039,0.2519437953826961,0.913843949485659,0.23367207067982507,3.645478984855162e-05,1.382449460996192,3.703334627815024,nan,3.551696887456404,nan
16.67,220.00323486328125,-216.00938415527344,-5.017882823944092,219.76015996665078,-216.07459633068956,-5.019416501666051,0.2516751584121361,0.9140313917036512,0.233775937869916,3.6529312022203914e-05,1.2393208443177486,3.5513087880201226,nan,1.0122993496009642,nan
16.68,220.00323486328125,-216.00067138671875,-5.017882823944092,219.76037191514922,-216.06565666790448,-5.0217691200083765,0.251437072929327,0.9142194190515469,0.23388032846748155,3.6604573715170285e-05,1.5789621922414558,3.981788719235461,nan,3.374658158483177,nan
16.69,220.00323486328125,-215.991943359375,-5.017882823944092,219.76058237087517,-216.05671396813796,-5.0207535180053435,0.2511646963942184,0.9144080333293451,0.23398524427251416,3.668040085490408e-05,1.3826837996752306,3.679977973298562,nan,0.8202283144465701,nan
16.7,220.00323486328125,-215.98321533203125,-5.017882823944092,219.80719090136895,-216.057968899865,-5.020292357069391,0.20982644436777906,0.9141520957785083,0.2339284089481893,3.6381184622343695e-05,1.1538078205850353,3.8952893511065816,5.018010791428773,0.14663845580834245,nan
16.71,220.00323486328125,-215.9744873046875,-5.017882823944092,219.80754713592952,-216.04903017886804,-5.020591931170805,0.20942221942560024,0.9143391383627848,0.2340329730137878,3.6454789894306654e-05,1.1873394714458316,3.921864139422181,nan,0.0318051278012031,nan
16.72,220.00323486328125,-215.9657745361328,-5.017882823944092,219.80790331221323,-216.04009137039694,-5.020860850790316,0.2090126200533778,0.9145267647569347,0.23413806083788663,3.652931206498141e-05,1.2204671321646112,4.041623527958421,nan,0.022111958151521022,nan
16.73,220.00323486328125,-215.95704650878906,-5.017882823944092,219.80825901695084,-216.03115193892185,-5.0200935424521385,0.2085955002001394,0.9147149767609571,0.23424367422047956,3.6604573755095555e-05,1.1030985081762201,3.8174787871510527,nan,0.4725488422878101,nan
16.740000000000002,220.00323486328125,-215.9483184814453,-5.017882823944092,219.8086150592813,-216.02221305856156,-5.020130236172646,0.20818820211024341,0.9149037761748512,0.23434981496156057,3.668040089209955e-05,1.0992310640602438,3.806879657868407,nan,0.0007657754280667612,nan
16.75,220.00323486328125,-215.93959045410156,-5.017882823944092,219.82863994745495,-216.01537838387839,-5.021779352788073,0.19037430989837606,0.9146473731105085,0.23429167954395702,3.638118465681002e-05,1.2892280109306196,4.298873189230613,1.419229190745429,0.8858694280396875,nan
16.76,220.00323486328125,-215.93087768554688,-5.017882823944092,219.82905801169514,-216.00642837673013,-5.020144723127751,0.18986995221633782,0.9148345978435506,0.23439745309605994,3.645478992632049e-05,1.0041993065698462,4.0989241991815,nan,1.9919086014909066,nan
16.77,220.00323486328125,-215.92214965820312,-5.017882823944092,219.82947666347926,-215.99747928639667,-5.020133840680764,0.18939781402792433,0.9150224068545131,0.2345037525042715,3.6529312094657953e-05,0.9947406070445155,3.9821309540758234,nan,0.00524906396995339,nan
16.78,220.00323486328125,-215.91342163085938,-5.017882823944092,219.82989579521458,-215.988530972775,-5.021584283079839,0.1889485288668691,0.9152108019433954,0.23461057956858694,3.660457378254794e-05,1.2225461936538382,4.199432212008949,nan,1.2132308307871082,nan
16.79,220.00323486328125,-215.90469360351562,-5.017882823944092,219.83031437892058,-215.97958192049347,-5.021057949286173,0.18846706702297508,0.9153997849101968,0.23471793608900168,3.668040091743814e-05,1.1153823762598996,4.078384899223704,nan,0.25935486692638304,nan
16.8,220.00323486328125,-215.89598083496094,-5.017882823944092,219.83871707857097,-215.99379865175757,-5.019779380298226,0.1914106154183824,0.9151429172673283,0.23465846614310196,3.638118468017166e-05,1.1444960537136284,3.848337364095972,3.8870509652658676,0.6780240732604053,nan
16.81,220.00323486328125,-215.8872528076172,-5.017882823944092,219.83915167056526,-215.9849619053224,-5.020419498294417,0.1909889960783042,0.9153303225823639,0.23476543999163876,3.645478994780443e-05,1.214377427123758,3.826642774729844,nan,0.2190646738469237,nan
16.82,220.00323486328125,-215.87852478027344,-5.017882823944092,219.8395861817075,-215.97612479871296,-5.02010739436581,0.1905560371486206,0.9155183126316837,0.23487294174154955,3.652931211436639e-05,1.1656190282598906,3.7730070056245535,nan,0.09606634023463932,nan
16.830000000000002,220.00323486328125,-215.8697967529297,-5.017882823944092,219.84002068145907,-215.96728751481567,-5.0192755099547295,0.19011906105206225,0.9157068892152872,0.2349809731928308,3.66045738005787e-05,1.075459378105822,3.6753517563624056,nan,0.5192167483132134,nan
16.84,220.00323486328125,-215.861083984375,-5.017882823944092,219.8404554391477,-215.9584510176637,-5.0202561822951575,0.18969215303369116,0.9158960541331739,0.23508953614547906,3.66804009338868e-05,1.1682370698604547,3.8439071123991817,nan,0.5594210192506968,nan
16.85,220.00323486328125,-215.85235595703125,-5.017882823944092,219.79447208834114,-215.93629050510205,-5.0198269011253815,0.22501263074910322,0.915638722956216,0.23502869845540603,3.6381184695239066e-05,1.2340213295901292,3.3530864695736184,6.5003215344079575,0.07066487663649061,nan
16.86,220.00323486328125,-215.8436279296875,-5.017882823944092,219.7947629699784,-215.9274321652152,-5.017617914610872,0.22468589267378616,0.9158263072687044,0.23513686322961627,3.645478996148358e-05,1.1244982591371129,3.2415186471872106,nan,3.2833413685843658,nan
16.87,220.00323486328125,-215.83489990234375,-5.017882823944092,219.7950541491725,-215.91857423588297,-5.017342966568213,0.22436776788578178,0.9160144767603942,0.23524555789918175,3.6529312126742416e-05,1.1230258758101372,3.2355697740367924,nan,0.04576256397353479,nan
16.88,220.00323486328125,-215.82618713378906,-5.017882823944092,219.79534561488336,-215.90971675623038,-5.019061495147847,0.22404581382037822,0.9162032332312849,0.23535478426409995,3.660457381173327e-05,1.1453367465492728,3.3396185705593675,nan,1.9337590259741506,nan
16.89,220.00323486328125,-215.8174591064453,-5.017882823944092,219.79563673455118,-215.90085885831158,-5.018541261498041,0.22372513315135997,0.9163925784813763,0.23546454412436865,3.668040094390031e-05,1.1117589456306902,3.215515305182366,nan,0.1908169039013932,nan
16.9,220.00323486328125,-215.80873107910156,-5.017882823944092,219.7713557472698,-215.8918518255581,-5.018725254931627,0.24632842431133883,0.9161347849220649,0.23540230669722065,3.638118470432882e-05,1.2659259348697116,3.055606806272281,1.9107989751570806,0.004772757744939815,nan
16.91,220.00323486328125,-215.8000030517578,-5.017882823944092,219.7715681554705,-215.8830177848325,-5.018625948294309,0.24609238437857342,0.9163225466312296,0.23551165285816927,3.645478996958596e-05,1.2542282745344147,3.042918343349052,nan,0.00999586115288445,nan
16.92,220.00323486328125,-215.79129028320312,-5.017882823944092,219.77178092904748,-215.87418390797382,-5.020806195061849,0.2458674903247811,0.9165108939533009,0.23562153085822135,3.6529312133925974e-05,1.465537823310695,3.335595660124949,nan,3.011219779641321,nan
16.93,220.00323486328125,-215.78256225585938,-5.017882823944092,219.7719936280836,-215.86534970741238,-5.021591110807338,0.24564206150786294,0.9166998286882785,0.23573194249737522,3.660457381806422e-05,1.5999863354789958,3.385852847109163,nan,0.32828873459454067,nan
16.94,220.00323486328125,-215.77383422851562,-5.017882823944092,219.7722060285056,-215.85651530168363,-5.020338329829407,0.2453905292939469,0.9168893526361623,0.23584288957562957,3.668040094944204e-05,1.3814530092721742,3.163079149537423,nan,1.1531832379390556,nan
16.95,220.00323486328125,-215.76510620117188,-5.017882823944092,219.73230696739998,-215.83895829154417,-5.0169968126355835,0.28081460260294544,0.9166310979512837,0.2357792216429944,3.638118470928744e-05,1.3857117151303597,2.9004519787441714,6.489445453048914,3.5366468881886304,nan
16.96,220.00323486328125,-215.7563934326172,-5.017882823944092,219.732394285144,-215.83011984448922,-5.016269689992917,0.2807005606948135,0.916819035441597,0.2358897394957087,3.6454789973873074e-05,1.428247875279711,3.0187201416299967,nan,0.30800547446462745,nan
16.97,220.00323486328125,-215.74766540527344,-5.017882823944092,219.7324815852044,-215.82128147169888,-5.01543289398327,0.2805934157854209,0.9170075589675433,0.2360007910820839,3.6529312137595165e-05,1.5141332717072473,3.0179925496451148,nan,0.3979774922221083,nan
16.98,220.00323486328125,-215.7389373779297,-5.017882823944092,219.7325688955424,-215.81244309502017,-5.013769135847756,0.2804996951277144,0.9171966703291226,0.23611237820211922,3.660457382116807e-05,1.8051112281619075,3.304054643650794,nan,1.639812541381642,nan
16.990000000000002,220.00323486328125,-215.73020935058594,-5.017882823944092,219.73265633276787,-215.80360476551755,-5.013065361840601,0.2803976391642407,0.9173863713263347,0.23622450265581368,3.668040095202887e-05,1.9685278987619685,3.4624036143715595,nan,0.23216162309819519,nan
17.0,220.00323486328125,-215.72149658203125,-5.017882823944092,219.75962131160912,-215.7835395382757,-5.013150996296851,0.2514344470647216,0.9171276568753867,0.23615937467308742,3.6381184711534286e-05,1.6543106817218707,3.711912193151632,4.85607994872573,0.05558882117756218,nan
17.01,220.00323486328125,-215.7127685546875,-5.017882823944092,219.75979959664502,-215.77461922498364,-5.0135748664799635,0.2512066737884261,0.9173157685180079,0.23627105437831758,3.645478997568977e-05,1.5409651778730558,3.505336304634819,nan,0.1765911064731902,nan
17.02,220.00323486328125,-215.70404052734375,-5.017882823944092,219.75997773827825,-215.76569893481638,-5.013502914530568,0.2509879911136314,0.9175044666082403,0.23638326966360826,3.652931213902255e-05,1.5500836027975522,3.5127773402903015,nan,0.00011551783067751695,nan
17.03,220.00323486328125,-215.6953125,-5.017882823944092,219.7601560973732,-215.75677860681415,-5.014722284185989,0.2507495916922556,0.917693752946084,0.23649602232895917,3.66045738222447e-05,1.2908986133850386,3.255765294456151,nan,1.0946140886873512,nan
17.04,220.00323486328125,-215.6865997314453,-5.017882823944092,219.76033454737947,-215.74785820311266,-5.013504453729458,0.2505440758468234,0.9178836293315392,0.23660931417436978,3.668040095279051e-05,1.5335873986308055,3.5900499257932132,nan,0.8682563026015838,nan
17.05,220.00323486328125,-215.67787170410156,-5.017882823944092,219.73574318712983,-215.7321696701405,-5.0125443285467,0.2729992041368837,0.9176244565743181,0.23654269781800497,3.6381184712122716e-05,1.8596105836184327,3.6789591997398903,1.9721747816526016,0.09612129807952245,nan
17.06,220.00323486328125,-215.6691436767578,-5.017882823944092,219.73584515232966,-215.7232386984489,-5.012855727598355,0.27285307510124335,0.9178127407284838,0.2366555294036095,3.645478997602465e-05,1.7626831820348223,3.5815177949094106,nan,0.11481061141699538,nan
17.07,220.00323486328125,-215.66043090820312,-5.017882823944092,219.73594709232168,-215.71430784985688,-5.013399794906938,0.27270052236078574,0.9180016117317196,0.23676889836853926,3.6529312139134624e-05,1.6126932970127725,3.521667983976621,nan,0.26748543135608877,nan
17.080000000000002,220.00323486328125,-215.65170288085938,-5.017882823944092,219.73604889011466,-215.7053769486748,-5.014786892852583,0.27254143648655677,0.9181910713840254,0.23688280651279414,3.66045738221611e-05,1.3176369621264667,3.136929811677513,nan,1.3944630011788632,nan
17.09,220.00323486328125,-215.64297485351562,-5.017882823944092,219.7361506211618,-215.69644596399033,-5.015806541357852,0.2723921125754018,0.9183811214854014,0.23699725563637397,3.668040095253704e-05,1.166625063234594,2.9873064106899823,nan,0.7354693096033148,nan
17.1,220.00323486328125,-215.63424682617188,-5.017882823944092,219.72584491714403,-215.6808342593044,-5.017372750872999,0.2812753656444589,0.9181214919795184,0.23692912379917866,3.6381184711802775e-05,1.0415920409928416,2.876136587229878,0.6970298709171379,2.553045798848287,nan
17.11,220.00323486328125,-215.6255340576172,-5.017882823944092,219.7259162654498,-215.6718799989671,-5.017161990088481,0.2811655572509929,0.918309946993887,0.2370430971711384,3.645478997557618e-05,1.0419201746663938,2.9687300478038297,nan,0.028771472159168674,nan
17.12,220.00323486328125,-215.61680603027344,-5.017882823944092,219.7259876194506,-215.662925546836,-5.018096456466826,0.28105709323643635,0.9184989892484908,0.2371576096755652,3.652931213857811e-05,1.0223409287476275,2.852721379765914,nan,0.5698890272709207,nan
17.13,220.00323486328125,-215.6080780029297,-5.017882823944092,219.72605896969122,-215.65397148378057,-5.015989424711023,0.28095599750262584,0.9186886205433298,0.23727266311245906,3.660457382151494e-05,1.1124890534630953,2.9410388113230446,nan,2.907965154016502,nan
17.14,220.00323486328125,-215.59934997558594,-5.017882823944092,219.72613044240282,-215.6450171032272,-5.016053347198937,0.2808481682378109,0.9188788426784044,0.23738825928182028,3.6680400951819795e-05,1.0992929623250034,2.9269727565687877,nan,0.00542059482515063,nan
17.150000000000002,220.00323486328125,-215.59063720703125,-5.017882823944092,219.72684151047415,-215.64148332015696,-5.016689291352807,0.2810338720083262,0.9186187580767439,0.2373185860664288,3.638118471108296e-05,1.0994763577636655,2.9056953154112097,0.9724241049183114,0.9831702171130895,nan
17.16,220.00323486328125,-215.5819091796875,-5.017882823944092,219.71974065839802,-215.65125911132367,-5.0168342796575685,0.29185523237631794,0.9179815911263576,0.23181830282126573,3.645478863475442e-05,1.7232783921616566,3.4361685603054246,nan,0.01838604965879209,0.06230106022465992
17.17,220.00323486328125,-215.57318115234375,-5.017882823944092,219.71979788692565,-215.64236031080227,-5.014655564574061,0.2917750687321957,0.9181669841976906,0.23191338028752884,3.652931084835386e-05,1.9688642356474746,3.683228646315674,nan,3.020389698562264,nan
17.18,220.00323486328125,-215.564453125,-5.017882823944092,219.7198538847735,-215.63346416467283,-5.01371689633256,0.2916927450753612,0.918352957881057,0.23200896279408018,3.660457258137957e-05,2.1485250161246117,3.86555427208834,nan,0.492641631768939,nan
17.19,220.00323486328125,-215.5557403564453,-5.017882823944092,219.71990802071494,-215.62457238123747,-5.0148571150008,0.29158378259120105,0.9185395139764577,0.23210505214091465,3.668039976117793e-05,1.9144505476057752,3.722827643869387,nan,0.959338014273152,nan
17.2,220.00323486328125,-215.54701232910156,-5.017882823944092,219.707930175529,-215.62742783215674,-5.014803644925176,0.3060735092808751,0.9182876346137495,0.23205596195781572,3.638118358981261e-05,2.2126625599145044,3.5340468808764443,4.10016245871341,0.27862907635409295,nan
17.21,220.00323486328125,-215.5382843017578,-5.017882823944092,219.70794036724752,-215.61861287413976,-5.013308214532894,0.30605954646114675,0.9184726489721797,0.23215180486016407,3.645478890032685e-05,2.5173106942261825,3.839660918253006,nan,1.3217561681906798,nan
17.22,220.00323486328125,-215.52955627441406,-5.017882823944092,219.70795016738103,-215.60979898450373,-5.012238720261044,0.30604542156648107,0.918658242732855,0.23224815359797057,3.6529311109283235e-05,2.8065507465500312,4.129594525935831,nan,0.609015640530961,nan
17.23,220.00323486328125,-215.52084350585938,-5.017882823944092,219.70795874008965,-215.60098773869058,-5.012504693343544,0.3060065542956859,0.9188444176957761,0.23234500997122914,3.6604572837331e-05,2.7156722120026977,4.120940861579628,nan,0.09591879690820779,nan
17.240000000000002,220.00323486328125,-215.51211547851562,-5.017882823944092,219.70796750480613,-215.59217570994164,-5.012404223824372,0.30597788922752495,0.9190311756609434,0.23244237577993335,3.668040001184701e-05,2.735058697189476,4.065880205670259,nan,6.56999644506015e-05,nan
17.25,220.00323486328125,-215.50338745117188,-5.017882823944092,219.71139003742533,-215.5582524520986,-5.012132786516832,0.2970128509609905,0.9187788497884676,0.2323922716312827,3.638118382832829e-05,2.4061915025312817,4.34202972636658,7.218416400498667,0.02953917943922328,nan
17.26,220.00323486328125,-215.49465942382812,-5.017882823944092,219.71142332756168,-215.54929648967723,-5.012820816241965,0.2969255887686216,0.9189640629513008,0.2324893762587184,3.6454789133323743e-05,2.191148720301112,4.129522511195221,nan,0.41475442587028966,nan
17.27,220.00323486328125,-215.48594665527344,-5.017882823944092,219.711457344151,-215.54033875738145,-5.01243122953948,0.2968540741224278,0.9191498560925646,0.23258698925511984,3.65293113365542e-05,2.2925206666780307,4.332750730111107,nan,0.057104806904239996,nan
17.28,220.00323486328125,-215.4772186279297,-5.017882823944092,219.7114911809427,-215.53138125896157,-5.012237502097072,0.29678247327549,0.9193362310122593,0.23268511242048034,3.660457305869577e-05,2.3405171732899017,4.290519763148695,nan,0.00590158903783321,nan
17.29,220.00323486328125,-215.46849060058594,-5.017882823944092,219.71152396088573,-215.52242576847834,-5.01332456950006,0.2966901255444276,0.9195231895103845,0.2327837475547931,3.668040022715087e-05,2.0273048987584414,3.982722891552103,nan,0.9029674848097162,nan
17.3,220.00323486328125,-215.4597625732422,-5.017882823944092,219.72644801904877,-215.5135293713275,-5.010224492424749,0.2820646659157796,0.9192704162413389,0.23273258694444893,3.6381184032458316e-05,2.962918398490506,5.0479446187953965,2.9609507402910387,2.820939264220726,nan
17.31,220.00323486328125,-215.4510498046875,-5.017882823944092,219.72653170078027,-215.50455183837354,-5.008518996477106,0.2819836679870262,0.9194558268758317,0.2328309460421623,3.6454789331403286e-05,3.746821421203194,5.9333676177726264,nan,1.5537753350773955,nan
17.32,220.00323486328125,-215.44232177734375,-5.017882823944092,219.72661480195075,-215.49557531252265,-5.007462201207923,0.2818921544097168,0.9196418180511607,0.23292981598177992,3.652931152850361e-05,4.305330813463171,6.397304221815087,nan,0.48420569200319014,nan
17.330000000000002,220.00323486328125,-215.43359375,-5.017882823944092,219.7266968656857,-215.48660072896683,-5.007807778307152,0.2817525696030608,0.9198283915673259,0.23302919856329507,3.6604573244454445e-05,4.096819388795134,6.199375057824915,nan,0.19857675410030545,nan
17.34,220.00323486328125,-215.42486572265625,-5.017882823944092,219.72678019330203,-215.47762361846745,-5.006385814904989,0.28167847156037285,0.9200155492243268,0.2331290955867012,3.6680400406678586e-05,4.918495298782061,7.035049722308686,nan,0.963623501659722,nan
17.35,220.00323486328125,-215.41615295410156,-5.017882823944092,219.73407526980856,-215.474328329325,-5.008302782821927,0.2755413548429277,0.9197623278106111,0.23307683710194535,3.638118420210194e-05,3.8600584941556564,6.138592632860645,2.832873180759036,0.7997506388922289,nan
17.36,220.00323486328125,-215.4074249267578,-5.017882823944092,219.73417840666679,-215.46537566510796,-5.008465284539098,0.2753876449111372,0.9199479345481275,0.2331764431272187,3.645478949499691e-05,3.7615160088343385,5.969185238724358,nan,0.06366731527498712,nan
17.37,220.00323486328125,-215.39869689941406,-5.017882823944092,219.73428245347168,-215.4564213145322,-5.007184900780209,0.2752852200956819,0.9201341223753537,0.23327656240785433,3.652931168605904e-05,4.45289680844321,6.686854574092939,nan,0.8374736502791474,nan
17.38,220.00323486328125,-215.3899688720703,-5.017882823944092,219.7343857102388,-215.44746836804651,-5.007080777980564,0.27514131519304713,0.9203208930922895,0.233377196743846,3.660457339599778e-05,4.498936237751865,6.765405783162741,nan,0.002515341817572551,nan
17.39,220.00323486328125,-215.38125610351562,-5.017882823944092,219.73448700856852,-215.43851899723072,-5.010306669103293,0.27488515152967313,0.9205082484989345,0.23347834793518762,3.668040055225158e-05,2.8672232096488384,5.267806187115892,nan,7.374252626039572,nan
17.400000000000002,220.00323486328125,-215.37252807617188,-5.017882823944092,219.7261808312159,-215.4241456740728,-5.010210098819105,0.2819258480657037,0.9202545783303288,0.2334249512721745,3.63811843392202e-05,2.9031737622522167,5.278638325437285,0.28088339942550045,0.01650681369185182,nan
17.41,220.00323486328125,-215.36380004882812,-5.017882823944092,219.72625941979572,-215.41517311941584,-5.010303668391314,0.281801405735506,0.9204403797684161,0.23352579640964363,3.645478962643087e-05,2.8522235150840936,5.2510794594299615,nan,0.020592891604102385,nan
17.42,220.00323486328125,-215.35507202148438,-5.017882823944092,219.72633680505135,-215.40620277369624,-5.012589091975627,0.2816290327210528,0.920626762831803,0.23362715715754043,3.652931181188298e-05,2.0351381604683523,4.457687200171477,nan,3.619325236986429,nan
17.43,220.00323486328125,-215.3463592529297,-5.017882823944092,219.72641508212487,-215.3972308354083,-5.013308226269508,0.2814925151531142,0.920813729320489,0.23372903531585934,3.6604573516295724e-05,1.8310449945444347,4.364005468048997,nan,0.3588813820462502,nan
17.44,220.00323486328125,-215.33763122558594,-5.017882823944092,219.72649397826126,-215.38825770409295,-5.012919180941976,0.28137731877235733,0.9210012810344737,0.23383143268459505,3.6680400667116565e-05,1.9226276602189338,4.367337077259906,nan,0.09218194666572121,nan
17.45,220.00323486328125,-215.3289031982422,-5.017882823944092,219.70269767489611,-215.36146990713831,-5.013538699622826,0.3023277419405735,0.9207471616376056,0.2337768586705627,3.638118444706916e-05,1.6989096100917775,4.3567932891638685,2.2239167750536555,0.1779128786871315,nan
17.46,220.00323486328125,-215.32017517089844,-5.017882823944092,219.70270880765253,-215.35242693994545,-5.01202354503244,0.3023084813030956,0.9209331563420232,0.2338789348471224,3.645478972918771e-05,2.113653072760583,4.780494930687668,nan,1.4912922932327901,nan
17.47,220.00323486328125,-215.31146240234375,-5.017882823944092,219.70271962131199,-215.34338454370067,-5.011206558295694,0.30227968222767587,0.9211197331942931,0.2339815289318682,3.65293119096584e-05,2.38366212313378,5.167427844410232,nan,0.3985044999284752,nan
17.48,220.00323486328125,-215.302734375,-5.017882823944092,219.70273014890515,-215.33434259817375,-5.010910665963346,0.30224290582472463,0.9213068939944148,0.23408464272479543,3.6604573609208184e-05,2.483285188336719,5.1830509183865585,nan,0.03949498890509652,nan
17.490000000000002,220.00323486328125,-215.29400634765625,-5.017882823944092,219.70274009810709,-215.3253013318406,-5.01186085712726,0.3021799861283297,0.921494640542388,0.23418827802589962,3.668040075528782e-05,2.1357815500088444,4.857691341144781,nan,0.6453251993834306,nan
17.5,220.00323486328125,-215.2852783203125,-5.017882823944092,219.7256351983726,-215.30267829275093,-5.012578308539044,0.27819502310777383,0.9212400715795009,0.23413248863826308,3.638118452958419e-05,1.628615609809531,5.2407220080022086,7.4533049995736125,0.033950030130750215,nan
17.51,220.00323486328125,-215.2765655517578,-5.017882823944092,219.72572753914187,-215.29353696551476,-5.011539527163725,0.27809815038930297,0.9214262580861969,0.23423578753761037,3.6454789807316425e-05,1.950912697235121,5.680195875927765,nan,0.7154560145009182,nan
17.52,220.00323486328125,-215.26783752441406,-5.017882823944092,219.72581939667324,-215.2843965852205,-5.011568413465068,0.27798096227588287,0.921613027250508,0.23433960658667805,3.652931198353051e-05,1.9308243839510857,5.54701472322933,nan,0.0010567573351175097,nan
17.53,220.00323486328125,-215.2591094970703,-5.017882823944092,219.72591057363636,-215.27525712315975,-5.013072083800221,0.27783565407647304,0.9218003808724338,0.2344439475854624,3.660457367895577e-05,1.4638047583307376,5.09340704019656,nan,1.4758818345345943,nan
17.54,220.00323486328125,-215.25038146972656,-5.017882823944092,219.72600250401038,-215.26611593783068,-5.01197510983333,0.2777413465788375,0.9219883207519738,0.23454881233395966,3.6680400821044264e-05,1.775336320580533,5.40530520333676,nan,0.8068012634945926,nan
17.55,220.00323486328125,-215.24166870117188,-5.017882823944092,219.7130478126575,-215.26010234223537,-5.0129367016163755,0.2908140086011221,0.9217333020195089,0.23449177071640706,3.638118459090795e-05,1.5964297955009912,5.325659179887882,1.8128322024834267,0.07263489971560826,nan
17.56,220.00323486328125,-215.23294067382812,-5.017882823944092,219.7130953530177,-215.25099226762003,-5.012313494405715,0.2907538699414058,0.9219196788365481,0.23459628379321806,3.645478986499102e-05,1.7671305104202926,5.384445472533932,nan,0.28405390216031834,nan
17.57,220.00323486328125,-215.22421264648438,-5.017882823944092,219.7131420756322,-215.24188326334297,-5.0138859564324525,0.29065796238202485,0.922106638808421,0.23470131920613854,3.6529312037690265e-05,1.3459484845834462,4.964209017921615,nan,1.550165745279699,nan
17.580000000000002,220.00323486328125,-215.21548461914062,-5.017882823944092,219.71318947954822,-215.23277335259712,-5.013295879732651,0.29059639534338594,0.9222941837351271,0.23480687875516548,3.6604573729733315e-05,1.4758232585958864,5.084808257173559,nan,0.2718384081714942,nan
17.59,220.00323486328125,-215.20677185058594,-5.017882823944092,219.713235689578,-215.2236656094593,-5.016825268261247,0.29049275078986303,0.922482315416666,0.23491296424029595,3.6680400868572496e-05,0.9238178662589536,4.634501697789978,nan,7.7845911990689345,nan
17.6,220.00323486328125,-215.1980438232422,-5.017882823944092,219.73805126297808,-215.2221177418496,-5.016753734795099,0.26627649214524357,0.9222268468436686,0.23485463471601198,3.638118463506024e-05,0.867326898413964,4.298925602119149,2.4932120044164,0.1493062887975759,nan
17.61,220.00323486328125,-215.18931579589844,-5.017882823944092,219.73817511113032,-215.2130209891319,-5.015984876825694,0.2661244269130778,0.9224134124531088,0.2349603532097489,3.645478990620546e-05,0.9236741549313245,4.331656150121094,nan,0.49502595307012554,nan
17.62,220.00323486328125,-215.1805877685547,-5.017882823944092,219.7382983029621,-215.20392502564505,-5.017477527400887,0.2659627282675681,0.9226005617023015,0.2350665961719129,3.652931207609365e-05,0.821986383285728,4.215148169749667,nan,1.280027808992709,nan
17.63,220.00323486328125,-215.171875,-5.017882823944092,219.7384216141573,-215.1948285993081,-5.017784526438179,0.2658061968713017,0.9227882963912464,0.2351733654025016,3.660457376545031e-05,0.8102845741395249,4.285610146173525,nan,0.02301835119429638,nan
17.64,220.00323486328125,-215.16314697265625,-5.017882823944092,219.7385453022165,-215.1857317633685,-5.016806944218657,0.26565352251636487,0.9229766183199433,0.23528066270151302,3.668040090172764e-05,0.8343134718984117,4.17255177695909,nan,0.777569793710671,nan
17.650000000000002,220.00323486328125,-215.1544189453125,-5.017882823944092,219.74534955743871,-215.17667237219254,-5.016415306052748,0.2588478309473825,0.9227206999663075,0.23522101078365346,3.6381184665722034e-05,0.8240905684191546,4.028280659637095,1.4189874760428616,0.034992247496046326,nan
17.66,220.00323486328125,-215.14569091796875,-5.017882823944092,219.7454949596333,-215.16756869136486,-5.015135189302261,0.25868135688013655,0.922907452826024,0.2353279257319985,3.645478993457608e-05,0.9648572393257127,4.152918805418933,nan,1.1905825184724406,nan
17.67,220.00323486328125,-215.13697814941406,-5.017882823944092,219.74564056843616,-215.15846491261976,-5.013382107455382,0.25852806071819273,0.9230947897983555,0.23543536722808497,3.652931210228728e-05,1.3050687052819732,4.599805388803453,nan,2.092287728963281,nan
17.68,220.00323486328125,-215.1282501220703,-5.017882823944092,219.7457856210953,-215.14936188129238,-5.0152315711878686,0.25832701721024764,0.9232827126833016,0.2355433370719112,3.660457378957865e-05,0.9355458220895231,4.122274306838522,nan,2.1876019904721193,nan
17.69,220.00323486328125,-215.11952209472656,-5.017882823944092,219.7459313535248,-215.14025804623623,-5.013959329091101,0.25816752241491375,0.9234712232808625,0.23565183706347573,3.6680400923899746e-05,1.1562166303462735,4.337189567915232,nan,1.11870385400758,nan
17.7,220.00323486328125,-215.11080932617188,-5.017882823944092,219.74637849677387,-215.12404003789177,-5.014802648169603,0.25721534213726327,0.9232148553354235,0.23559082946301957,3.638118468611329e-05,0.9272667445425089,4.357181752241463,0.508655657847042,0.6809460046517508,nan
17.71,220.00323486328125,-215.10208129882812,-5.017882823944092,219.746528346814,-215.11489945068524,-5.015117520392696,0.25704121754597997,0.9234017938808825,0.23569893171493506,3.645478995323892e-05,0.8694965764939493,4.179095546169308,nan,0.051175167490427144,nan
17.72,220.00323486328125,-215.09335327148438,-5.017882823944092,219.74667821756447,-215.10575862020949,-5.015135103710457,0.2568710865491126,0.9235893170000041,0.23580756254196464,3.652931211931899e-05,0.8597139427063634,4.1608813120152535,nan,0.0003608438274830743,nan
17.73,220.00323486328125,-215.08462524414062,-5.017882823944092,219.74682834999183,-215.0966175789782,-5.013468353520769,0.2567247625399863,0.9237774264927886,0.23591672374410733,3.6604573805075764e-05,1.178765354347068,4.4701377310380375,nan,1.8804250680471712,nan
17.740000000000002,220.00323486328125,-215.07591247558594,-5.017882823944092,219.74697823284095,-215.0874768209192,-5.01349786599636,0.25655491143965486,0.9239661241592357,0.2360264171213621,3.668040093795411e-05,1.163861669266372,4.574230099016781,nan,0.0003760526580393015,nan
17.75,220.00323486328125,-215.0671844482422,-5.017882823944092,219.72034003902155,-215.06552801516702,-5.013027211493109,0.28294134080358924,0.9237093069377209,0.23596402175246659,3.638118469894539e-05,1.2980314006159335,4.663983109076933,1.8039061061836,0.23848756182186717,nan
17.76,220.00323486328125,-215.05845642089844,-5.017882823944092,219.72040958321526,-215.056349079918,-5.013213991806009,0.2828716633456744,0.9238964295837004,0.23607330198087967,3.645478996481209e-05,1.2414612053661593,4.610244980331042,nan,0.02256903405116037,nan
17.77,220.00323486328125,-215.0497283935547,-5.017882823944092,219.72047911389234,-215.0471701915829,-5.013831671845296,0.2827963402223252,0.924084137252816,0.23618311276089218,3.652931212971476e-05,1.0863847987407134,4.457687016227479,nan,0.24253698201724253,nan
17.78,220.00323486328125,-215.041015625,-5.017882823944092,219.72054838819471,-215.03799138950944,-5.015825376108884,0.28271013828433417,0.9242724317450678,0.2362934558925036,3.660457381437263e-05,0.7462671712888074,4.232438029983773,nan,2.5107404639354853,nan
17.79,220.00323486328125,-215.03228759765625,-5.017882823944092,219.72061795961028,-215.02881244908158,-5.0145201202357415,0.2826582719016242,0.9244613148604554,0.23640433317571322,3.668040094622695e-05,0.9326011800884395,4.285674597345938,nan,1.202579197148371,nan
17.8,220.00323486328125,-215.0235595703125,-5.017882823944092,219.74109775419802,-215.03818704597995,-5.01337049145326,0.26258367837209795,0.9242040488033095,0.23634051915869647,3.638118470641914e-05,1.24491344992463,4.347870686887787,2.0668912744050836,0.896148559597992,nan
17.81,220.00323486328125,-215.01483154296875,-5.017882823944092,219.7412245981753,-215.0290816250177,-5.013030394982597,0.2624423554347026,0.9243913539455694,0.23645096787280914,3.645478997140546e-05,1.324756170307995,4.430998768030125,nan,0.07963246751260916,nan
17.82,220.00323486328125,-215.00611877441406,-5.017882823944092,219.74135179726346,-215.01997621093926,-5.0122441886662825,0.26231005131661095,0.9245792445491021,0.23656194906516534,3.652931213549404e-05,1.542754069277198,4.767127700869295,nan,0.4035824381258909,nan
17.830000000000002,220.00323486328125,-214.9973907470703,-5.017882823944092,219.74147912419912,-215.0108707305696,-5.012781913286119,0.2621522385697198,0.9247677224139079,0.2366734645357647,3.660457381939951e-05,1.3769005244406856,4.498833543687771,nan,0.19518506951897274,nan
17.84,220.00323486328125,-214.98866271972656,-5.017882823944092,219.74160665459252,-215.00176516009842,-5.010987390965991,0.26204682887096553,0.9249567893399865,0.2367855160846069,3.6680400950560847e-05,1.9560786956340968,5.08553301258861,nan,2.0670454896418975,nan
17.85,220.00323486328125,-214.9799346923828,-5.017882823944092,219.73170492932132,-214.97171215647194,-5.010570412693188,0.27175280401752894,0.9246990750100755,0.23672025374668385,3.6381184710262415e-05,2.001258073837306,5.487744354848561,2.71389565919637,0.012425145541275025,nan
17.86,220.00323486328125,-214.97122192382812,-5.017882823944092,219.73180977632143,-214.962511374845,-5.011461942972385,0.2716407171378909,0.9248865610269751,0.23683186130390865,3.645478997466407e-05,1.6564822388732754,5.2794691954566355,nan,0.5769068914677777,nan
17.87,220.00323486328125,-214.96249389648438,-5.017882823944092,219.73191471748575,-214.9533105258573,-5.012262680143296,0.27153368451613347,0.925074632932184,0.23694400321721684,3.652931213821825e-05,1.384448343841529,4.9029038652733625,nan,0.44559770723719017,nan
17.88,220.00323486328125,-214.95376586914062,-5.017882823944092,219.73201983227437,-214.94410974803398,-5.0104918403250105,0.27148749576682885,0.9252632925257022,0.23705668128660828,3.660457382163645e-05,2.0063864906379303,5.532646309632465,nan,1.9984176085895435,nan
17.89,220.00323486328125,-214.94503784179688,-5.017882823944092,219.7321248545897,-214.93490866905958,-5.011254454623136,0.27138012497773245,0.9254525416075299,0.23716989731208296,3.668040095235671e-05,1.7061481881607157,5.251206569061068,nan,0.4207349438543891,nan
17.900000000000002,220.00323486328125,-214.9363250732422,-5.017882823944092,219.72812908782646,-214.9456619592118,-5.011160257069665,0.27534625117036216,0.9251943796877382,0.23710315818597688,3.638118471178469e-05,1.9236124807693185,5.000584427867545,3.370402648561304,0.01710466313655839,nan
17.91,220.00323486328125,-214.92759704589844,-5.017882823944092,219.72821204946882,-214.93656351821573,-5.011554037960289,0.2752417106383961,0.9253820449418028,0.23721591480349957,3.64547899758233e-05,1.7741233114865427,4.75916061368213,nan,0.11901426934775772,nan
17.92,220.00323486328125,-214.9188690185547,-5.017882823944092,219.72829503415102,-214.92746528086732,-5.0105230167132015,0.27517262242160845,0.9255702965003466,0.2373292076071691,3.652931213905177e-05,2.1522789198792305,5.154691686746217,nan,0.6566649522498048,nan
17.93,220.00323486328125,-214.91014099121094,-5.017882823944092,219.7283779521088,-214.9183669691538,-5.010894511154313,0.2750687638537528,0.9257591361633698,0.23744303839698544,3.660457382217933e-05,1.9977009911190633,5.022002157647266,nan,0.11138104053257897,nan
17.94,220.00323486328125,-214.90142822265625,-5.017882823944092,219.72846075170213,-214.9092685286678,-5.011258034933391,0.2749657626357978,0.9259485657308725,0.23755740897294875,3.6680400952641885e-05,1.8540322655968429,5.001090093639297,nan,0.1014783315574965,nan
17.95,220.00323486328125,-214.8927001953125,-5.017882823944092,219.68983756435276,-214.8791455395931,-5.011204709850945,0.3137613629419456,0.9256899570216042,0.23748916579350057,3.6381184711940895e-05,1.8817525120206655,5.365728373483317,5.779536030389527,0.5141912186777273,nan
17.96,220.00323486328125,-214.88397216796875,-5.017882823944092,219.68980511587603,-214.86997909817,-5.013408534627017,0.31377385459242363,0.9258777998610404,0.2376030615594725,3.645478997577685e-05,1.199381796514084,4.691773237071745,nan,3.1674091265884066,nan
17.97,220.00323486328125,-214.875244140625,-5.017882823944092,219.68977265717672,-214.86081303662914,-5.012505269036428,0.31384029300783606,0.9260662294104908,0.23771749529489558,3.652931213882814e-05,1.436221841604,4.9230321542440825,nan,0.5817709801504347,nan
17.98,220.00323486328125,-214.8665313720703,-5.017882823944092,219.68973999047003,-214.85164684361868,-5.01275254694965,0.3138899555707217,0.9262552474699556,0.2378324687997701,3.660457382180435e-05,1.3578838471067587,4.958984756191577,nan,0.0317318538389265,nan
17.990000000000002,220.00323486328125,-214.85780334472656,-5.017882823944092,219.68970721814088,-214.84248061199617,-5.013264427996545,0.31393582144559457,0.9264448558394349,0.2379479838740962,3.668040095213793e-05,1.214794595981751,4.703115146906905,nan,0.14818882875042932,nan
18.0,220.00323486328125,-214.8490753173828,-5.017882823944092,219.68235425743936,-214.83730270857376,-5.013517422387358,0.3211261656333579,0.9261858012560243,0.23787821057299102,3.638118471139946e-05,1.2202584303638713,4.958582092294356,3.109789860332587,0.4670192560427595,nan
18.01,220.00323486328125,-214.84034729003906,-5.017882823944092,219.68229601239295,-214.82816310705624,-5.013918649217026,0.32119451272667454,0.9263738200161847,0.23799323545735335,3.645478997514213e-05,1.1219498924394808,4.843348001048835,nan,0.06972081144941251,nan
18.02,220.00323486328125,-214.83163452148438,-5.017882823944092,219.68223774440202,-214.81902388054107,-5.012120897936017,0.3212964026955367,0.9265624258814884,0.23810880004871898,3.6529312138118096e-05,1.5940701610413932,5.404753624903874,nan,2.2859995848772874,nan
18.03,220.00323486328125,-214.82290649414062,-5.017882823944092,219.68217956216677,-214.80988436451742,-5.0136032125327015,0.32134778248413054,0.9267516206519356,0.23822490614708827,3.660457382103548e-05,1.180074479958528,4.875238043362107,nan,1.33697874701832,nan
18.04,220.00323486328125,-214.81417846679688,-5.017882823944092,219.68212161181523,-214.8007449872189,-5.014745224215926,0.32140943230201413,0.9269414061275264,0.2383415555524614,3.668040095132478e-05,0.9426599893874044,4.627351036917871,nan,0.7313205674175107,nan
18.05,220.00323486328125,-214.80545043945312,-5.017882823944092,219.6649299911547,-214.7803652928163,-5.01610965328177,0.33923825730678586,0.9266819066975746,0.23827022725118985,3.63811847106011e-05,0.7447455505125813,4.732175646286514,1.3143923488706264,0.48358625805464606,nan
18.06,220.00323486328125,-214.79673767089844,-5.017882823944092,219.63567013681023,-214.78796618930565,-5.014943495854429,0.367681120925,0.9198516614699833,0.23606127437297617,3.645478882547143e-05,1.4579044490299204,5.509814713355072,nan,1.1033329090577138,0.12108665833699221
18.07,220.00323486328125,-214.7880096435547,-5.017882823944092,219.6355368179794,-214.7788354954584,-5.014701128467897,0.36782623709869705,0.9200285117475139,0.23616489010806688,3.652931103493038e-05,1.4894955589595853,5.395739319192717,nan,0.07992151745397774,nan
18.080000000000002,220.00323486328125,-214.77928161621094,-5.017882823944092,219.63540519224907,-214.76970390438348,-5.015155320136238,0.3679644530827887,0.9202059411843614,0.23626901241357406,3.660457276364259e-05,1.4071181383428644,5.2838610711642,nan,0.07978622190865296,nan
18.09,220.00323486328125,-214.7705535888672,-5.017882823944092,219.63527390436448,-214.76057228936253,-5.015730866372869,0.36810260057236444,0.9203839515805231,0.2363736430894996,3.668039993897337e-05,1.3216997286443066,5.166614627785586,nan,0.13854895809058568,nan
18.1,220.00323486328125,-214.7618408203125,-5.017882823944092,219.62310311285663,-214.73802898232685,-5.014005577277864,0.38089655334598954,0.9201459457732551,0.23631606526852625,3.638118375841507e-05,1.519655312255575,5.7807535907940935,1.1184145591576478,2.32084367401307,nan
18.11,220.00323486328125,-214.75311279296875,-5.017882823944092,219.6229435096985,-214.72883957512485,-5.014303744641115,0.38108202860139373,0.9203225199870628,0.23642034487109956,3.645478906441104e-05,1.4495465300670303,5.574039986270168,nan,0.02977406050696168,nan
18.12,220.00323486328125,-214.744384765625,-5.017882823944092,219.6227834073268,-214.71965056925245,-5.014323640503579,0.38127124018841824,0.9204996721890596,0.2365251317989596,3.652931126875815e-05,1.436705834537377,5.537703770558404,nan,0.003163096496726274,nan
18.13,220.00323486328125,-214.73565673828125,-5.017882823944092,219.62261994970916,-214.71046372045564,-5.012778611571357,0.38148191774263196,0.9206774041792409,0.2366304278521071,3.6604572992120166e-05,1.793480560692266,5.876099349760976,nan,1.7212935227359034,nan
18.14,220.00323486328125,-214.72694396972656,-5.017882823944092,219.62246277361928,-214.7012727320935,-5.014219076567054,0.3816540576909954,0.920855717757602,0.23673623483054268,3.668040016189182e-05,1.4393770884670938,5.634451750995986,nan,1.231926268471916,nan
18.150000000000002,220.00323486328125,-214.7182159423828,-5.017882823944092,219.63384195996954,-214.6842550932653,-5.015582991997339,0.3709578756635537,0.9206173381679122,0.23667743923785148,3.6381183970131815e-05,1.055778583121817,5.754101537498208,3.068651572418445,0.20672279030465665,nan
18.16,220.00323486328125,-214.70948791503906,-5.017882823944092,219.63372965528995,-214.6750127123133,-5.014536398294944,0.37112509602598687,0.9207942118469733,0.23678288100576247,3.645478927048046e-05,1.2096554816442027,5.867220533157099,nan,0.9024135239643201,nan
18.17,220.00323486328125,-214.7007598876953,-5.017882823944092,219.63361990306512,-214.66576870792122,-5.014715136145557,0.3712810737480975,0.9209716641281332,0.2368888325931164,3.652931146905062e-05,1.1692844023776199,5.792884773285495,nan,0.003298252095661229,nan
18.18,220.00323486328125,-214.69204711914062,-5.017882823944092,219.6335120116901,-214.6565235554881,-5.015904454685611,0.37143078023797277,0.9211496968113859,0.236995295799913,3.660457318652867e-05,0.9935493022954149,5.7116706189336215,nan,0.7506423307928385,nan
18.19,220.00323486328125,-214.68331909179688,-5.017882823944092,219.63340127706226,-214.64728021818607,-5.015625235458033,0.37159222087189286,0.9213283116967251,0.2371022724261519,3.668040035033107e-05,1.0178240088880428,5.570751384435519,nan,0.10997560223741183,nan
18.2,220.00323486328125,-214.67459106445312,-5.017882823944092,219.6162866728085,-214.6177042796252,-5.013703849828733,0.3911297383514076,0.9210895512572095,0.23704222514267295,3.6381184148499214e-05,1.2472377554926588,6.422476606835871,2.7163335005778944,3.600719133832831,nan
18.21,220.00323486328125,-214.66586303710938,-5.017882823944092,219.6161381120352,-214.60837213549735,-5.01355496476763,0.3913666170721003,0.9212667225078983,0.23714882232716852,3.645478944298644e-05,1.2736320014016491,6.417160763590755,nan,0.03727262658290099,nan
18.22,220.00323486328125,-214.6571502685547,-5.017882823944092,219.61599032885536,-214.5990393014343,-5.013930457318893,0.39160035130772264,0.9214444729599035,0.237255931765618,3.6529311635667774e-05,1.1800129612947003,6.430567934053838,nan,0.054131789329312105,nan
18.23,220.00323486328125,-214.64842224121094,-5.017882823944092,219.61584116889415,-214.58970739016448,-5.013399583269848,0.3918436009828885,0.9216228044132186,0.23736355525802055,3.660457334724858e-05,1.2942244426167044,6.3799687621221635,nan,0.2511866078650416,nan
18.240000000000002,220.00323486328125,-214.6396942138672,-5.017882823944092,219.61569493351644,-214.58037359820287,-5.014629397155894,0.39206723580372815,0.9218017186678368,0.23747169460437514,3.6680400505159617e-05,1.0265093656303061,6.09105959638225,nan,0.8469170211214813,nan
18.25,220.00323486328125,-214.63096618652344,-5.017882823944092,219.6526273529948,-214.57850149301703,-5.016523117849123,0.3545137784834889,0.9215625705379538,0.2374103627041585,3.6381184294586024e-05,0.6649877378215522,5.67065014532258,3.9842146825053733,2.9421909727653954,nan
18.26,220.00323486328125,-214.62225341796875,-5.017882823944092,219.6525994345062,-214.56916944648546,-5.014814601521615,0.35464422444126364,0.921740037406787,0.23751810829455527,3.645478958341697e-05,0.865377549746439,5.953742816838892,nan,2.217583364849724,nan
18.27,220.00323486328125,-214.613525390625,-5.017882823944092,219.652575127307,-214.55983471352354,-5.015607719027504,0.35475359806989004,0.92191808406173,0.2376263685148439,3.6529311770488436e-05,0.7420029166644813,5.660908004051618,nan,0.31128696747186896,nan
18.28,220.00323486328125,-214.60479736328125,-5.017882823944092,219.65255062567726,-214.5505000043898,-5.016357894756542,0.3548661199600544,0.9220967123027761,0.2377351451650231,3.660457347651732e-05,0.6570667452280109,5.533823296973059,nan,0.2595682939000623,nan
18.29,220.00323486328125,-214.59608459472656,-5.017882823944092,219.65252625456245,-214.54116528792798,-5.017231192525053,0.3549832152542178,0.9222759239299189,0.2378444400450914,3.6680400628944605e-05,0.5982933412874264,5.5671533394916946,nan,0.3542215359304093,nan
18.3,220.00323486328125,-214.5873565673828,-5.017882823944092,219.61768246317433,-214.52079167518775,-5.019581141444062,0.39126004445058654,0.9220363815003,0.23778179161301974,3.6381184411018075e-05,0.7350865766451742,5.641615265413261,2.978415887776647,2.793972584600978,nan
18.31,220.00323486328125,-214.57862854003906,-5.017882823944092,219.61754443658458,-214.51143877741228,-5.018467198294201,0.3914995669738133,0.9222141419772812,0.2378906783506513,3.645478969467293e-05,0.6585311283987038,5.4957807226491955,nan,1.120667148223467,nan
18.32,220.00323486328125,-214.5699005126953,-5.017882823944092,219.6174069963009,-214.50208538385897,-5.017946596239689,0.3917423116087947,0.9223924828110078,0.2380000820366112,3.652931187666232e-05,0.6426966858539787,5.422687049783804,nan,0.3104093653111046,nan
18.330000000000002,220.00323486328125,-214.56118774414062,-5.017882823944092,219.61727101180182,-214.49273101908727,-5.018700122052748,0.39198862972038495,0.9225714058014736,0.23811000447089778,3.6604573577708574e-05,0.6541950101649746,5.516201692261496,nan,0.2284956985832369,nan
18.34,220.00323486328125,-214.55245971679688,-5.017882823944092,219.61713515964792,-214.4833766304426,-5.019509473621413,0.3922347510804655,0.9227509127486722,0.23822044745350954,3.668040072525972e-05,0.7016326184434246,5.369057383335457,nan,0.26067805469223443,nan
18.35,220.00323486328125,-214.54373168945312,-5.017882823944092,219.62982161483043,-214.46989762018794,-5.020644943507393,0.38065279876460906,0.9225109696447885,0.23815645160034635,3.6381184501325096e-05,0.7452222738999089,6.053807559058842,4.006637650760783,0.013266660255468136,nan
18.36,220.00323486328125,-214.53500366210938,-5.017882823944092,219.62973277992361,-214.46051038063595,-5.0194774904518455,0.380861652333815,0.9226890216666699,0.23826647199218629,3.645478978044121e-05,0.5991961003865918,5.81309795571699,nan,1.2765890410963392,nan
18.37,220.00323486328125,-214.5262908935547,-5.017882823944092,219.62964387230994,-214.4511234031042,-5.018052928603895,0.38107795671115013,0.9228676546020395,0.2383770115943594,3.652931195801012e-05,0.5241100496761449,5.799313120548211,nan,1.7177408350180234,nan
18.38,220.00323486328125,-214.51756286621094,-5.017882823944092,219.6295553946543,-214.44173624868804,-5.0169478846200155,0.38129633529556806,0.9230468702508916,0.23848807220686405,3.660457365475723e-05,0.5412541489470318,5.613651444158616,nan,1.0480612106077982,nan
18.39,220.00323486328125,-214.5088348388672,-5.017882823944092,219.6294684419314,-214.4323480410995,-5.017449149373887,0.381512458558115,0.923226670413221,0.23859965562969876,3.6680400798135296e-05,0.5166243729089743,5.5365997505672855,nan,0.08214358663667297,nan
18.400000000000002,220.00323486328125,-214.50010681152344,-5.017882823944092,219.61460687530055,-214.41639647556093,-5.01799398546876,0.39754137614312024,0.922986320498434,0.23853428250457478,3.638118456942814e-05,0.5233391105933309,5.239562250690265,3.380716998422833,1.4122941592858,nan
18.41,220.00323486328125,-214.49139404296875,-5.017882823944092,219.6144741950072,-214.40699042898729,-5.017658058127258,0.39781764386422946,0.9231646619518943,0.23864542883652948,3.645478984470658e-05,0.5185376979579421,5.331652993700181,nan,0.14487265136999294,nan
18.42,220.00323486328125,-214.482666015625,-5.017882823944092,219.61434316989622,-214.3975833003143,-5.019080843696484,0.39809201559419505,0.923343584861957,0.2387570965854579,3.6529312018565406e-05,0.5507659381383052,5.181561422702361,nan,1.0867042381463554,nan
18.43,220.00323486328125,-214.47393798828125,-5.017882823944092,219.61421117806705,-214.3881770754568,-5.019158592170536,0.3983666519811673,0.9235230910286173,0.23886928755135856,3.660457371173096e-05,0.5503260778127165,5.134118051401804,nan,0.0039553180683598345,nan
18.44,220.00323486328125,-214.4652099609375,-5.017882823944092,219.61407965267583,-214.37877072526513,-5.019779933755078,0.3986440999571051,0.9237031822518708,0.23898200353423005,3.6680400851656604e-05,0.5984312901620665,5.133487248332397,nan,0.13925650107196544,nan
18.45,220.00323486328125,-214.4564971923828,-5.017882823944092,219.60785965790143,-214.3757446546893,-5.018981957367003,0.40353901108487567,0.9234624196298893,0.23891522433467258,3.6381184619263456e-05,0.6003742214954116,5.023941798222553,0.6978964652039892,0.6304866662776414,nan
18.46,220.00323486328125,-214.44776916503906,-5.017882823944092,219.60770072160605,-214.3663769293196,-5.01957604372998,0.4038252347976661,0.9236410483546295,0.23902748868453927,3.645478989140366e-05,0.6401236764754092,4.883991920274237,nan,0.1295564033208617,nan
18.47,220.00323486328125,-214.4390411376953,-5.017882823944092,219.6075427273942,-214.35700856841547,-5.021740710611012,0.4041243522915333,0.9238202590657197,0.2391402766037194,3.6529312062248596e-05,0.963283066113044,5.163424140786594,nan,2.6045986242400394,nan
18.48,220.00323486328125,-214.43031311035156,-5.017882823944092,219.60738445153729,-214.34764050759838,-5.023455913518683,0.4044296812194394,0.9240000535631564,0.23925358989221174,3.6604573752525935e-05,1.3987859889331669,5.542578016394149,nan,1.4732227557933628,nan
18.490000000000002,220.00323486328125,-214.42160034179688,-5.017882823944092,219.60722521556113,-214.3382731875728,-5.023617349099111,0.40472205338633155,0.9241804336469355,0.23936743035001495,3.6680400889686256e-05,1.4411740991815258,5.65808738065757,nan,0.003692154860422321,nan
18.5,220.00323486328125,-214.41287231445312,-5.017882823944092,219.5706658272066,-214.33526336242247,-5.0242462293244055,0.4395220282692167,0.9239392526637114,0.23929921732962628,3.6381184654529585e-05,1.8736099097689742,5.7610901263110605,7.246105842323816,0.04210429371883039,nan
18.51,220.00323486328125,-214.40414428710938,-5.017882823944092,219.5703724825068,-214.32596399012226,-5.0226741228222656,0.4398919822770813,0.9241181664554659,0.23941259157971267,3.645478992418316e-05,1.3845030457650216,5.202386600950113,nan,2.185207279302427,nan
18.52,220.00323486328125,-214.39541625976562,-5.017882823944092,219.5700796681074,-214.31666417117498,-5.021875184795711,0.44027406635940447,0.9242976627502127,0.23952649149821004,3.652931209265726e-05,1.1853414484834712,4.941557987171919,nan,0.6757163752487202,nan
18.53,220.00323486328125,-214.38670349121094,-5.017882823944092,219.5697877309469,-214.3073637618719,-5.022669327714893,0.4406746189637113,0.924477743347949,0.23964091888511732,3.660457378067752e-05,1.3690531814333757,5.201053124642544,nan,0.22611230491155834,nan
18.54,220.00323486328125,-214.3779754638672,-5.017882823944092,219.56949579390724,-214.2980634573474,-5.023581318645367,0.44107593669266576,0.9246584100486713,0.23975587554043343,3.668040091569179e-05,1.6227780696932834,5.272998015934936,nan,0.3109820471035281,nan
18.55,220.00323486328125,-214.36924743652344,-5.017882823944092,219.58636702188073,-214.27650118025414,-5.02238621076649,0.42708423728670714,0.9244168052937556,0.23968620201432547,3.6381184678528474e-05,1.118213559756652,4.997216789085087,4.6924226349610185,0.3057011856905307,nan
18.56,220.00323486328125,-214.3605194091797,-5.017882823944092,219.5861464580177,-214.26712366878485,-5.024124451919091,0.4274628171536828,0.9245960019072209,0.23980067786372816,3.645478994627377e-05,1.6242254631719764,5.461409016716562,nan,1.5686053366612438,nan
18.57,220.00323486328125,-214.351806640625,-5.017882823944092,219.58592547278295,-214.25774634476153,-5.025036055539747,0.4278383285520949,0.9247757815274744,0.23991568142845013,3.6529312112942535e-05,1.9510589557045972,5.875688467614691,nan,0.3102800184568069,nan
18.580000000000002,220.00323486328125,-214.34307861328125,-5.017882823944092,219.58570411600778,-214.2483690884714,-5.025243646243237,0.4282008882678455,0.9249561459545136,0.2400312145084905,3.660457379925607e-05,2.025388973039217,5.768745038503477,nan,0.0004890702405479165,nan
18.59,220.00323486328125,-214.3343505859375,-5.017882823944092,219.58548298063673,-214.23899143285885,-5.0261876971065815,0.42857785109261737,0.9251370969883363,0.24014727890384838,3.668040093266001e-05,2.420470497901327,6.118240474446445,nan,0.32219534281709,nan
18.6,220.00323486328125,-214.32562255859375,-5.017882823944092,219.56433589306766,-214.23880976006538,-5.025887615907584,0.4474738481042802,0.9248950632957234,0.2400761192519415,3.638118469409044e-05,2.459171265707405,5.89774012090998,3.6196027367113164,0.64714372418073,nan
18.61,220.00323486328125,-214.31690979003906,-5.017882823944092,219.56403366859718,-214.2294966506818,-5.0261351549262825,0.44789155753468984,0.9250745404474029,0.24019168822848178,3.6454789960421e-05,2.560572799643512,6.074598709946958,nan,9.949786754373056e-06,nan
18.62,220.00323486328125,-214.3081817626953,-5.017882823944092,219.56373150180892,-214.22018350847833,-5.026852694598735,0.44831613407313187,0.9252546010970776,0.24030778691610669,3.6529312125760996e-05,2.8897904702104276,6.231571259377892,nan,0.14006103121481805,nan
18.63,220.00323486328125,-214.29945373535156,-5.017882823944092,219.5634284468581,-214.210871118378,-5.024541647151771,0.4486879805425705,0.9254352470447452,0.24042441711481544,3.6604573810828284e-05,1.893317986833292,5.191063333856872,nan,4.2712269459827,nan
18.64,220.00323486328125,-214.2907257080078,-5.017882823944092,219.5631268675121,-214.20155770144706,-5.027120160032379,0.4491450875963891,0.9256164800904045,0.24054158062460756,3.6680400943067194e-05,3.0030886021699557,6.266773110512691,nan,3.6040523385674943,nan
18.650000000000002,220.00323486328125,-214.28201293945312,-5.017882823944092,219.5856101167312,-214.19421555188273,-5.027466218733077,0.42686139629961567,0.9253740125388928,0.24046891029290005,3.638118470355393e-05,3.111056889395929,6.622733392443622,2.6763007187007233,0.24129758840040158,nan
18.66,220.00323486328125,-214.27328491210938,-5.017882823944092,219.58538478314154,-214.1848916823754,-5.026911517034768,0.4271926612601113,0.9255537679098594,0.240585563764716,3.645478996887433e-05,2.817767770538852,6.151491215873454,nan,0.45368140678311697,nan
18.67,220.00323486328125,-214.26455688476562,-5.017882823944092,219.5851593425048,-214.17556775945965,-5.0256066159963035,0.4275112424941496,0.9257341072576943,0.24070274889327786,3.6529312133274125e-05,2.209831402971031,5.499394651580063,nan,1.5922259817031164,nan
18.68,220.00323486328125,-214.25582885742188,-5.017882823944092,219.58493406335492,-214.1662437910773,-5.0249226968786855,0.42784413416792566,0.9259150323823961,0.24082046747858515,3.660457381746827e-05,1.9257353194869382,5.173364610752099,nan,0.5387617335602586,nan
18.69,220.00323486328125,-214.2471160888672,-5.017882823944092,219.58470877935386,-214.15691985638503,-5.024315312350543,0.4281831619630443,0.926096545083964,0.24093872132063754,3.668040094889826e-05,1.6948970812177047,5.037584303017624,nan,0.4302027851965847,nan
18.7,220.00323486328125,-214.23838806152344,-5.017882823944092,219.57264110910955,-214.14204156992662,-5.026267384317298,0.4413206639478176,0.9258536389970558,0.24086451682055454,3.6381184708784986e-05,2.507805973895195,5.896649263137351,0.8680876647010987,1.094336725781694,nan
18.71,220.00323486328125,-214.2296600341797,-5.017882823944092,219.57238026222552,-214.13270124244642,-5.026225674492008,0.4417083853636144,0.9260336702356311,0.24098224600734952,3.6454789973416353e-05,2.4800341749687966,5.8291440031529715,nan,0.05318379146103451,nan
18.72,220.00323486328125,-214.22093200683594,-5.017882823944092,219.57211956770516,-214.12336076399862,-5.0278364245347476,0.44213077214009683,0.9262142859178678,0.24110050874747854,3.652931213718094e-05,3.27823086426972,6.5892787232197625,nan,1.217107213926548,nan
18.73,220.00323486328125,-214.21221923828125,-5.017882823944092,219.571858680485,-214.1140204486711,-5.028229574184752,0.4425330141416522,0.9263954878437652,0.24121930684094142,3.660457382079324e-05,3.4859467948576666,6.886519340837767,nan,0.009739174743480333,nan
18.740000000000002,220.00323486328125,-214.2034912109375,-5.017882823944092,219.57159795196978,-214.10467994293595,-5.029077691659473,0.44294403140097427,0.9265772778133228,0.24133864208773792,3.668040095169049e-05,3.9733870924807952,7.2121503897394454,nan,0.2115380640800005,nan
18.75,220.00323486328125,-214.19476318359375,-5.017882823944092,219.55056552204462,-214.10878748114388,-5.030350598181248,0.46093036274667437,0.9263339287586909,0.24126288099366386,3.638118471122455e-05,5.019006542634685,7.929020166088105,4.667321535391799,0.13901108360275596,nan
18.76,220.00323486328125,-214.18603515625,-5.017882823944092,219.5502215721075,-214.09952987518906,-5.029373476395635,0.46134178298228806,0.9265142334830424,0.24138167697761206,3.6454789975411495e-05,4.363354568174026,7.231781697151529,nan,1.097363367110612,nan
18.77,220.00323486328125,-214.1773223876953,-5.017882823944092,219.54987769579978,-214.09027209170617,-5.030387537461388,0.4618082320604189,0.9266951231060199,0.24150100836343139,3.6529312138773225e-05,5.017145479748753,7.968238987487137,nan,0.3344166650044185,nan
18.78,220.00323486328125,-214.16859436035156,-5.017882823944092,219.54953378367222,-214.08101429535714,-5.028995462015181,0.46221037217670585,0.926876599427623,0.24162087695112178,3.660457382202193e-05,4.105396024475516,6.908018656237025,nan,1.8702338734834834,nan
18.79,220.00323486328125,-214.1598663330078,-5.017882823944092,219.5491901620825,-214.07175654160434,-5.026603870897942,0.4625969981396191,0.9270586642478513,0.24174128454068303,3.668040095259204e-05,2.8005076538705094,5.576522438701706,nan,4.5636646071352,nan
18.8,220.00323486328125,-214.15113830566406,-5.017882823944092,219.52941420947482,-214.0356230892344,-5.0240686657414315,0.48773767728060813,0.926814868036396,0.2416639454857837,3.6381184711943375e-05,1.6667340745025812,5.101636930615523,9.122958919504281,1.0326432845382825,nan
18.81,220.00323486328125,-214.14242553710938,-5.017882823944092,219.5290275009315,-214.02625416149903,-5.022250168108922,0.4882494083078412,0.9269954438370523,0.24178379922209456,3.645478997586588e-05,1.1337555294059514,4.688626804338774,nan,2.4506175234012453,nan
18.82,220.00323486328125,-214.13369750976562,-5.017882823944092,219.52864089960457,-214.01688506838104,-5.024463908586604,0.4888025035693271,0.9271766049797198,0.24190419016177492,3.652931213899451e-05,1.7919034530335018,5.208070319287157,nan,2.9402440629620497,nan
18.830000000000002,220.00323486328125,-214.12496948242188,-5.017882823944092,219.52825434864053,-214.00751617350525,-5.02320639923169,0.4893159608245673,0.927358353264398,0.24202512010482477,3.660457382203787e-05,1.3762573076115892,4.782064964269016,nan,1.239427254318473,nan
18.84,220.00323486328125,-214.11624145507812,-5.017882823944092,219.5278678700716,-213.99814738241915,-5.023399778790124,0.48984734869258106,0.927540690491087,0.24214659085124407,3.6680400952429035e-05,1.4276129191498834,4.824437891405692,nan,0.0055877458859698815,nan
18.85,220.00323486328125,-214.10752868652344,-5.017882823944092,219.52247302664955,-213.99212373561966,-5.023274551489519,0.4944484978038801,0.9272964431756104,0.2420676535216806,3.6381184711706985e-05,1.4383070062802088,4.924093986358122,1.0559025973528346,0.08118085952418029,nan
18.86,220.00323486328125,-214.0988006591797,-5.017882823944092,219.52206653815742,-213.98277526032598,-5.023452340956045,0.49499077749124,0.9274772876178957,0.24218855584882343,3.64547899754929e-05,1.4859413366406775,4.836580947856327,nan,0.005549403156004206,nan
18.87,220.00323486328125,-214.09007263183594,-5.017882823944092,219.5216601674778,-213.97342692735253,-5.023013923855293,0.4955267260188119,0.9276587178342441,0.24230999713479784,3.652931213850598e-05,1.3516080343809183,4.693968072015727,nan,0.17959564722797383,nan
18.88,220.00323486328125,-214.0813446044922,-5.017882823944092,219.52125381005408,-213.96407879580144,-5.022121895797365,0.4960594473327234,0.9278407356246555,0.24243197917960377,3.660457382145269e-05,1.1176507066176735,4.45025564377247,nan,0.6062735626772493,nan
18.89,220.00323486328125,-214.0726318359375,-5.017882823944092,219.52084738378701,-213.95473070346904,-5.02346481253222,0.4966180786144873,0.9280233427891301,0.24255450378324137,3.668040095176624e-05,1.4720028297396626,4.921514790480035,nan,1.0595630445129827,nan
18.900000000000002,220.00323486328125,-214.06390380859375,-5.017882823944092,219.53028743627252,-213.95136245397651,-5.0221451941935955,0.4861717731557517,0.927778640662649,0.24247394891087867,3.638118471103679e-05,1.1185793116996186,4.327846217899144,0.48111148157216804,0.8105548154744573,nan
18.91,220.00323486328125,-214.05517578125,-5.017882823944092,219.52990971493753,-213.94203396786781,-5.024373883528693,0.48670309208442813,0.9279597512890362,0.24259589056047068,3.645478997477129e-05,1.7709033495111859,4.974270580768733,nan,3.082447349467918,nan
18.92,220.00323486328125,-214.0464630126953,-5.017882823944092,219.52953220527561,-213.93270506975438,-5.0239610552236105,0.4872083975869507,0.9281414481104495,0.24271837287931156,3.6529312137746716e-05,1.6223434132792456,4.948401001924208,nan,0.16939202747818405,nan
18.93,220.00323486328125,-214.03773498535156,-5.017882823944092,219.5291548224235,-213.92337586340017,-5.022012391535251,0.48769554769515433,0.928323732926889,0.24284139766740134,3.660457382066832e-05,1.0728311802675587,4.270971211113495,nan,2.6746895443943135,nan
18.94,220.00323486328125,-214.0290069580078,-5.017882823944092,219.52877716328337,-213.91404665853835,-5.0226138506292335,0.48820934255182574,0.928506607538355,0.24296496672474024,3.6680400950968154e-05,1.213179288201978,4.401757701341769,nan,0.19842667383495996,nan
18.95,220.00323486328125,-214.02027893066406,-5.017882823944092,219.56380822897913,-213.92189558539772,-5.023353824355237,0.4503387407334468,0.9282614471320786,0.24288277607844777,3.6381184710265606e-05,1.3913672400131896,4.161032567923875,3.3464061729718706,0.08770296708467692,nan
18.96,220.00323486328125,-214.01156616210938,-5.017882823944092,219.5635370468333,-213.91261791951965,-5.023520599205598,0.450729086049036,0.9284428214644626,0.24300574768480826,3.645478997400223e-05,1.4363909280172393,4.319873096508744,nan,0.004688393840643872,nan
18.97,220.00323486328125,-214.00283813476562,-5.017882823944092,219.56326601286608,-213.90334015368876,-5.022048650616954,0.4510984279355079,0.9286247824019881,0.24312926162677062,3.652931213698701e-05,1.0355759451473192,3.7952028127948347,nan,1.5680096980786584,nan
18.98,220.00323486328125,-213.99411010742188,-5.017882823944092,219.54386213655118,-213.92483767872866,-5.02210383240802,0.4645856092830737,0.9269767955532628,0.2385171647928795,3.6604572600948194e-05,1.5829158542614832,4.333580705534145,nan,9.000260182423986e-06,0.1999738796916506
18.990000000000002,220.00323486328125,-213.98538208007812,-5.017882823944092,219.54356250525825,-213.91561884312767,-5.0206762418664095,0.4649445011438652,0.9271540922739652,0.2386227143789253,3.668039978084042e-05,1.3017123200903042,4.048770059071379,nan,1.4067079841039791,nan
19.0,220.00323486328125,-213.97666931152344,-5.017882823944092,219.52323195413962,-213.88885528259922,-5.021014510597962,0.48797940932136735,0.926915793948702,0.23856387884400013,3.6381183608536e-05,1.286475128087204,4.586606780119262,2.07915068180117,0.0009428301028651208,nan
19.01,220.00323486328125,-213.9679412841797,-5.017882823944092,219.52288045586425,-213.8795676264496,-5.02053785949201,0.4884232890836458,0.9270916618642637,0.23866906618372344,3.645478891905335e-05,1.203268389588853,4.370082158826739,nan,0.17070277328935468,nan
19.02,220.00323486328125,-213.95921325683594,-5.017882823944092,219.52252789915607,-213.87028153759803,-5.020881380716345,0.4888732222036395,0.9272681077052366,0.23877476017774685,3.652931112796483e-05,1.249088479653303,4.4081043249726095,nan,0.06535075258668667,nan
19.03,220.00323486328125,-213.9504852294922,-5.017882823944092,219.52217603915446,-213.86099436894486,-5.020625430332716,0.48931965858889737,0.9274451332716217,0.2388809626260704,3.6604572855922526e-05,1.2015377435497852,4.3498636060669185,nan,0.05401536392312436,nan
19.04,220.00323486328125,-213.9417724609375,-5.017882823944092,219.52182678451334,-213.851703257506,-5.018193027871192,0.4897614684070978,0.9276227403634195,0.23898767532869344,3.668040003030565e-05,0.9916605628892702,4.257021889039763,nan,3.8844698602003382,nan
19.05,220.00323486328125,-213.93304443359375,-5.017882823944092,219.55597437892033,-213.8599280956943,-5.018817930102029,0.4531984269192933,0.9273841123498274,0.2389276123976265,3.638118384580044e-05,0.9854519788589325,3.8786677218398604,6.076784696710677,2.045098899314383,nan
19.06,220.00323486328125,-213.92431640625,-5.017882823944092,219.55572539668162,-213.850694782692,-5.018450282047883,0.4535252894385268,0.927560286935847,0.23903394883777265,3.645478915060921e-05,0.9633694727844552,3.8371486768866427,nan,0.07128538688222708,nan
19.07,220.00323486328125,-213.91558837890625,-5.017882823944092,219.55547834359925,-213.84145875445648,-5.016482644556439,0.4538535696027085,0.927737040062415,0.23914079444251074,3.652931135362161e-05,1.0013735348401285,3.8581333259155977,nan,2.3980536194462654,nan
19.080000000000002,220.00323486328125,-213.90687561035156,-5.017882823944092,219.55522943043485,-213.83222560835654,-5.016079605023631,0.454185801469204,0.9279143735295312,0.23924815101183886,3.660457307551462e-05,1.029592348658516,3.9803984333655595,nan,0.06583695888699137,nan
19.09,220.00323486328125,-213.8981475830078,-5.017882823944092,219.55498219736347,-213.82299006756776,-5.014214922106608,0.45452454073834825,0.9280922891371952,0.23935602034575484,3.6680400243693705e-05,1.3008031758940697,4.112551802929346,nan,2.022334155412104,nan
19.1,220.00323486328125,-213.88941955566406,-5.017882823944092,219.55078703680263,-213.80615221995038,-5.010493452336667,0.46010551800085386,0.9278533230944617,0.23929469679692547,3.638118404804298e-05,2.3776549103688254,5.515907775666586,2.616074922379917,4.54864668433415,nan
19.11,220.00323486328125,-213.8806915283203,-5.017882823944092,219.5505347071509,-213.79688111796466,-5.008544004737062,0.46048760003784983,0.9280298024728321,0.2394021757580791,3.645478934668687e-05,3.2625999746485723,6.351960422511358,nan,1.9282795497897625,nan
19.12,220.00323486328125,-213.87197875976562,-5.017882823944092,219.55027926863977,-213.78761446912844,-5.009479628328086,0.46082178545321933,0.928206860992193,0.23951016633417307,3.652931154346651e-05,2.7966165810254795,5.960040705037075,nan,0.9301008386821221,nan
19.13,220.00323486328125,-213.86325073242188,-5.017882823944092,219.55002407684472,-213.77834736422372,-5.010221480463962,0.46115864413206964,0.9283845004525431,0.23961867032520426,3.660457325907858e-05,2.4605886146522256,5.457758625285583,nan,0.6162974655102544,nan
19.14,220.00323486328125,-213.85452270507812,-5.017882823944092,219.54976895919657,-213.76908025153145,-5.011002395447764,0.46149656481029805,0.9285627226538821,0.23972768953116957,3.668040042094955e-05,2.141253939809053,5.1038468212439625,nan,0.6347393430397752,nan
19.150000000000002,220.00323486328125,-213.84579467773438,-5.017882823944092,219.54741427110517,-213.74833490455757,-5.012470083279231,0.4661546067571721,0.9283234104790234,0.23966507312349913,3.638118421549346e-05,1.5583914122483495,4.786912186552652,3.5129552906947987,0.28256273445813956,nan
19.16,220.00323486328125,-213.8370819091797,-5.017882823944092,219.54716499910052,-213.73901041990888,-5.01349497666511,0.46651579954527855,0.9285001927074668,0.2397736877632666,3.645478950803064e-05,1.2749280803501961,4.618145808923962,nan,0.8670044758862886,nan
19.17,220.00323486328125,-213.82835388183594,-5.017882823944092,219.5469178193348,-213.7296831836189,-5.012499921652336,0.46689412817013587,0.9286775546629114,0.2398828164094533,3.652931169872538e-05,1.5338899055954065,4.7341911161799,nan,0.5135873912059896,nan
19.18,220.00323486328125,-213.8196258544922,-5.017882823944092,219.54666794078568,-213.72036010698784,-5.014519270698326,0.46724549953435435,0.9288554981453561,0.23999246086205558,3.660457340828874e-05,1.0436862522995232,4.231521235125218,nan,2.95651838272832,nan
19.19,220.00323486328125,-213.81089782714844,-5.017882823944092,219.5464195490005,-213.71103472023285,-5.014831240699951,0.46761328429008586,0.9290340249547997,0.24010262292106985,3.66804005641607e-05,0.9824795623166247,4.161144622177878,nan,0.09608689130241305,nan
19.2,220.00323486328125,-213.80218505859375,-5.017882823944092,219.54680322142434,-213.72338044574755,-5.015064235032001,0.46319321577230427,0.928794358788043,0.24003868241132806,3.638118435035612e-05,1.140064445364885,3.840697804849944,5.106135562348557,0.07554281109508747,nan
19.21,220.00323486328125,-213.79345703125,-5.017882823944092,219.54653208614408,-213.71416645460394,-5.015901350788008,0.4635389394921787,0.9289714418636138,0.24014842563822372,3.645478963719569e-05,1.0232044335296397,3.606181495645114,nan,0.5032509718209711,nan
19.22,220.00323486328125,-213.78472900390625,-5.017882823944092,219.54626023138414,-213.70495326566862,-5.017585959930489,0.46388583804326433,0.9291491052380296,0.2402586852052215,3.6529311822273333e-05,0.9117627687927846,3.492848640180235,nan,1.88660298209999,nan
19.23,220.00323486328125,-213.7760009765625,-5.017882823944092,219.54598963481175,-213.69573785525185,-5.017558156042548,0.4642364408465828,0.9293273507112894,0.24036946291231773,3.6604573526311604e-05,0.9061192892123738,3.4834293746876908,nan,0.0011949216193962852,nan
19.240000000000002,220.00323486328125,-213.7672882080078,-5.017882823944092,219.54571913113332,-213.6865222074066,-5.017346911536228,0.46459022720896376,0.9295061800833916,0.24048076055950857,3.6680400676757406e-05,0.9048525679803261,3.5914694017291753,nan,0.03296719934144781,nan
19.25,220.00323486328125,-213.75856018066406,-5.017882823944092,219.55677280650156,-213.67251707596807,-5.016532111567791,0.45467967673253584,0.9292661523128438,0.24041546571700298,3.6381184456055576e-05,0.8376986371504844,3.591693091963104,1.0447977984704433,0.36377661249182036,nan
19.26,220.00323486328125,-213.7498321533203,-5.017882823944092,219.55654890735312,-213.66326327792055,-5.014369754488851,0.45501082961662126,0.9294435341753504,0.24052633020401445,3.6454789737817974e-05,1.1201880118201044,3.869372804011652,nan,3.018133581443522,nan
19.27,220.00323486328125,-213.74110412597656,-5.017882823944092,219.5563221976011,-213.65401313941084,-5.015858816101167,0.4553239146959809,0.9296214968946424,0.2406377133080869,3.6529311917935215e-05,0.8879230998955162,3.6354469819461452,nan,1.538816377390211,nan
19.28,220.00323486328125,-213.73239135742188,-5.017882823944092,219.5560967112528,-213.6447609515145,-5.015414231775394,0.45565086303683094,0.9298000422707184,0.24074961682921675,3.6604573617135064e-05,0.9363058175936936,3.799804825907,nan,0.11698966396107557,nan
19.29,220.00323486328125,-213.72366333007812,-5.017882823944092,219.55586826679502,-213.6355130258935,-5.019619334224957,0.4559718886592419,0.9299791721035772,0.24086204256740035,3.668040076286845e-05,0.8462630312450371,3.587927444462981,nan,11.491148541326677,nan
19.3,220.00323486328125,-213.71493530273438,-5.017882823944092,219.54903999314988,-213.60442404613136,-5.019214724989096,0.467447849337258,0.9297387753692079,0.24079536418614927,3.638118453662886e-05,0.6653406101408393,4.034324492251163,3.532649023496865,0.43155096898032563,nan
19.31,220.00323486328125,-213.70620727539062,-5.017882823944092,219.5488150701671,-213.59506771854558,-5.018564958317987,0.4678138676620394,0.9299164539045509,0.2409073423839759,3.6454789814038106e-05,0.624033732280214,3.980601825697482,nan,0.33251050515098873,nan
19.32,220.00323486328125,-213.69749450683594,-5.017882823944092,219.54858935719764,-213.5857125644084,-5.019386787063806,0.46818799724038174,0.9300947138409785,0.24101984142016736,3.652931198993611e-05,0.667820119323151,4.142713916027197,nan,0.3846162264864256,nan
19.330000000000002,220.00323486328125,-213.6887664794922,-5.017882823944092,219.54836637006943,-213.5763538565582,-5.015739415736183,0.4685579346360869,0.9302735569784895,0.24113286309472032,3.660457368505099e-05,0.7262033068095229,4.0567845528296935,nan,8.898090352257363,nan
19.34,220.00323486328125,-213.68003845214844,-5.017882823944092,219.54814147620377,-213.56699780933138,-5.015392906191863,0.4689289685875263,0.9304529851170825,0.2412464092076315,3.668040082683582e-05,0.7645595093287522,4.091369186686717,nan,0.07215781783292012,nan
19.35,220.00323486328125,-213.6713104248047,-5.017882823944092,219.55321083374878,-213.56044509801907,-5.015638392288942,0.46348439597615204,0.9302122123140454,0.24117831911612336,3.638118459627286e-05,0.7275568199189076,3.9399655203018398,4.971371720235275,1.8341565329013374,nan
19.36,220.00323486328125,-213.66259765625,-5.017882823944092,219.5530012470827,-213.5510984632886,-5.0160468847809785,0.46383806426259466,0.9303901853574712,0.24129140326608312,3.645478987007678e-05,0.6763630213279447,4.004943372099362,nan,0.13334721161152224,nan
19.37,220.00323486328125,-213.65386962890625,-5.017882823944092,219.5527916955587,-213.54175223534148,-5.016521103870334,0.4641887671726166,0.9305687403329014,0.24140501042112167,3.652931204250427e-05,0.6296336102799468,3.815521151113368,nan,0.16700629026094893,nan
19.38,220.00323486328125,-213.6451416015625,-5.017882823944092,219.55258238195339,-213.53240578115813,-5.016359083062781,0.46454208196403524,0.9307478790403347,0.24151914238123612,3.6604573734282655e-05,0.6373245731833348,3.8130039206029,nan,0.012663644480930443,nan
19.39,220.00323486328125,-213.63641357421875,-5.017882823944092,219.55237279760507,-213.52305947930444,-5.016449926231983,0.4648954788933588,0.9309276032797703,0.24163380094642378,3.668040087286611e-05,0.624945682198425,3.791070264861924,nan,0.008491022981000745,nan
19.400000000000002,220.00323486328125,-213.62770080566406,-5.017882823944092,219.57291664622986,-213.52392935433002,-5.015915429220896,0.4426580538974302,0.9306864475610951,0.2415642720150676,3.6381184639024545e-05,0.6546363117874452,3.798148741271055,1.6879619290642511,0.6730818041599413,nan
19.41,220.00323486328125,-213.6189727783203,-5.017882823944092,219.572769216928,-213.51461354240791,-5.015917027519352,0.4429394847675206,0.9308647129003643,0.2416784541616687,3.645478990993711e-05,0.6493445296932085,3.6596123997364076,nan,0.0002780233265221762,nan
19.42,220.00323486328125,-213.61024475097656,-5.017882823944092,219.57262186000287,-213.5052975521576,-5.015665945169478,0.4432227292049397,0.9310435606894384,0.24179316142653334,3.652931207960054e-05,0.6730225416808906,3.6773708799205114,nan,0.03524921173509796,nan
19.43,220.00323486328125,-213.6015167236328,-5.017882823944092,219.57247465158017,-213.49598126453233,-5.014885800724711,0.44350994944926514,0.9312229927283162,0.24190839560965915,3.6604573768740436e-05,0.7790626475901141,3.7771850196857377,nan,0.3706651095375878,nan
19.44,220.00323486328125,-213.59280395507812,-5.017882823944092,219.57232740241966,-213.48666500900313,-5.0139970404272285,0.4438038023875335,0.9314030108169971,0.24202415851104386,3.668040090480902e-05,0.9404671936295705,4.057609830742005,nan,0.46531572726649567,nan
19.45,220.00323486328125,-213.58407592773438,-5.017882823944092,219.58617139429612,-213.48889979756646,-5.014615332862796,0.42779797733699015,0.9311614655956775,0.24195316465741504,3.638118466855629e-05,0.8394596573526157,3.5648500561902434,4.367160375889578,2.3135622693487705,nan
19.46,220.00323486328125,-213.57534790039062,-5.017882823944092,219.58606081669018,-213.47962803169895,-5.015456448889653,0.42802145472794434,0.931340020974147,0.24206843666059014,3.645478993722357e-05,0.7026712327513384,3.4194984895531526,nan,0.5367120152486365,nan
19.47,220.00323486328125,-213.56661987304688,-5.017882823944092,219.5859510293946,-213.47035530867709,-5.01418471499608,0.4282596646734688,0.9315191593073613,0.24218423584273915,3.652931210475459e-05,0.910783826233182,3.620414077128999,nan,0.9705552232274726,nan
19.48,220.00323486328125,-213.5579071044922,-5.017882823944092,219.5858412493597,-213.4610825995887,-5.012718009013081,0.4285079800955464,0.9316988823953197,0.24230056400386032,3.6604573791874526e-05,1.2603093994443721,4.080697320983536,nan,1.2522605220599756,nan
19.490000000000002,220.00323486328125,-213.54917907714844,-5.017882823944092,219.58573080616313,-213.45181082198644,-5.013130695238457,0.4287339472803841,0.9318791920380214,0.2424174229439518,3.6680400926031186e-05,1.142547146011835,3.8373182067722325,nan,0.16996934826406151,nan
19.5,220.00323486328125,-213.5404510498047,-5.017882823944092,219.60461530647942,-213.4428925700012,-5.015405972614841,0.41039169440787443,0.9316372509885269,0.2423449391359396,3.6381184688065984e-05,0.6205511796459705,3.5646444010273273,6.720898328815215,0.48457351562564377,nan
19.51,220.00323486328125,-213.53172302246094,-5.017882823944092,219.6045714633876,-213.43360439963755,-5.014022992595837,0.4105784563972642,0.9318160941081463,0.24246129268294056,3.645478995504571e-05,0.8561700868197977,3.796093559587509,nan,1.2395374507656753,nan
19.52,220.00323486328125,-213.52301025390625,-5.017882823944092,219.60452712695204,-213.4243168328213,-5.014549501514423,0.41075462433506416,0.9319955206748469,0.24257817541820004,3.652931212098688e-05,0.7471809630016804,3.80947722790029,nan,0.20090307886258138,nan
19.53,220.00323486328125,-213.5142822265625,-5.017882823944092,219.60448294469705,-213.41502894636878,-5.014330849354309,0.4109342072975639,0.9321755324886285,0.24269558914171674,3.660457380661162e-05,0.7833448825022811,3.722706669234176,nan,0.026082457063853832,nan
19.54,220.00323486328125,-213.50555419921875,-5.017882823944092,219.6044386894029,-213.4057411185649,-5.014309794910775,0.4111128870591248,0.9323561313494905,0.24281353565348918,3.668040093936412e-05,0.7824303559969517,3.7212587552167955,nan,5.780599404066817e-08,nan
19.55,220.00323486328125,-213.49684143066406,-5.017882823944092,219.58919845712052,-213.3884523133955,-5.013927574657953,0.428006998033523,0.9321137884087307,0.24273953791045083,3.638118470023101e-05,0.870318538664513,3.9883038941402464,1.1006060251664425,0.00571914847154711,nan
19.56,220.00323486328125,-213.4881134033203,-5.017882823944092,219.58910898386713,-213.37913981026216,-5.014064009373896,0.4282406698682875,0.9322929169329509,0.2428569645274036,3.6454789965987285e-05,0.8362079719350853,3.8310546201603577,nan,0.019612843548741,nan
19.57,220.00323486328125,-213.47938537597656,-5.017882823944092,219.58901938245873,-213.3698272592771,-5.014382295716796,0.4284736855229703,0.9324726293842414,0.242974922291515,3.652931213078671e-05,0.7675160837603032,3.7610283874719066,nan,0.07961572019464126,nan
19.580000000000002,220.00323486328125,-213.4706573486328,-5.017882823944092,219.5889297461637,-213.36051470401344,-5.013896509735829,0.4287143838670488,0.9326529275626017,0.24309341300278395,3.660457381534665e-05,0.8621323829110257,3.850275132709052,nan,0.1375011686959182,nan
19.59,220.00323486328125,-213.46194458007812,-5.017882823944092,219.5888402357482,-213.35120211718356,-5.013074940562006,0.4289637702170546,0.9328338132680314,0.2432124384612095,3.668040094710879e-05,1.0541157652491562,4.16673245583079,nan,0.39905145442815426,nan
19.6,220.00323486328125,-213.45321655273438,-5.017882823944092,219.60151029611637,-213.3383304691523,-5.011321493760807,0.4178809532850314,0.9325910626358016,0.24313690385323591,3.638118470721733e-05,1.5433776092938938,4.656478995041864,1.6223500763094933,0.8560543777287941,nan
19.61,220.00323486328125,-213.44448852539062,-5.017882823944092,219.60146825824606,-213.328989636614,-5.011258681438706,0.41809123106574264,0.9327704741923994,0.24325539491635526,3.645478997212381e-05,1.5600302525124974,4.676970669451175,nan,0.0008238138935303879,nan
19.62,220.00323486328125,-213.43576049804688,-5.017882823944092,219.6014262191386,-213.31964869991324,-5.011143796301965,0.418303180321569,0.9329504701439616,0.24337441903618198,3.6529312136137584e-05,1.5959721909920246,4.718966776019248,nan,0.00021578187949231409,nan
19.63,220.00323486328125,-213.4270477294922,-5.017882823944092,219.60138396213696,-213.31030804419265,-5.013031192658424,0.41849234067117796,0.933131052290488,0.2434939780127153,3.6604573819972574e-05,0.9921265393987434,4.246402461520492,nan,2.5344956296988554,nan
19.64,220.00323486328125,-213.41831970214844,-5.017882823944092,219.60134195553755,-213.30096714333314,-5.012754223469749,0.4187073380035395,0.9333122224319783,0.24361407364595467,3.6680400951069236e-05,1.0626222127170808,4.190701965409566,nan,0.03259365889404091,nan
19.650000000000002,220.00323486328125,-213.4095916748047,-5.017882823944092,219.61648977282658,-213.2842580909635,-5.013941304587924,0.40656587142073125,0.9330690585709129,0.24353698029135176,3.638118471071779e-05,0.69641532460635,4.148923347252828,1.686954237715066,1.11191246676648,nan
19.66,220.00323486328125,-213.40086364746094,-5.017882823944092,219.61650737814716,-213.27486858737313,-5.01274417126566,0.4067668972224939,0.9332487507547271,0.24365652703781648,3.645478997506376e-05,0.9907489263169095,4.438384980717912,nan,0.8866194545353743,nan
19.67,220.00323486328125,-213.39215087890625,-5.017882823944092,219.6165249132709,-213.26547928107198,-5.0137695925741985,0.4069486427145356,0.9334290277895566,0.2437766087022106,3.652931213856629e-05,0.7265674058453984,4.305906327728465,nan,0.7531132666817059,nan
19.68,220.00323486328125,-213.3834228515625,-5.017882823944092,219.6165426117507,-213.25608995451378,-5.014247779213986,0.40713361150213734,0.9336098914754011,0.24389722708453365,3.66045738219367e-05,0.6215071673380566,4.064983178255981,nan,0.16570376607101908,nan
19.69,220.00323486328125,-213.37469482421875,-5.017882823944092,219.61656024336241,-213.24670063442045,-5.015881641284633,0.4073128761082025,0.9337913436122607,0.24401838398478531,3.6680400952612875e-05,0.36686609857367836,3.8065934647390867,nan,1.7486824917196586,nan
19.7,220.00323486328125,-213.365966796875,-5.017882823944092,219.6449044177503,-213.22417227721073,-5.016702947894413,0.38536707968990547,0.9335477612473224,0.24393971104587384,3.638118471200924e-05,0.20157842557310923,4.267792085227407,5.553576083972862,0.5707813349381673,nan
19.71,220.00323486328125,-213.3572540283203,-5.017882823944092,219.6450316239126,-213.21469642095678,-5.017143975262043,0.3855292180999939,0.9337277316229056,0.2440603045843638,3.645478997601145e-05,0.1765901525366757,4.36289242886323,nan,0.10708168982653232,nan
19.72,220.00323486328125,-213.34852600097656,-5.017882823944092,219.64515885861334,-213.2052207059827,-5.016674222244729,0.3856893742511943,0.9339082872939604,0.24418143485469374,3.6529312139205544e-05,0.19998539067684085,4.226141435802724,nan,0.17143386407576208,nan
19.73,220.00323486328125,-213.3397979736328,-5.017882823944092,219.6452860033925,-213.19574511015847,-5.015485154692304,0.3858553648566458,0.9340894300604866,0.2443031036568635,3.660457382230281e-05,0.31548502458922,4.322370876001799,nan,0.965282295117884,nan
19.740000000000002,220.00323486328125,-213.33106994628906,-5.017882823944092,219.64541309637318,-213.18626968578826,-5.015181674406964,0.3860192074536423,0.9342711617224844,0.2444253127908729,3.668040095273729e-05,0.35583371322239654,4.348699757605127,nan,0.06274766092070333,nan
19.75,220.00323486328125,-213.32235717773438,-5.017882823944092,219.6306894914746,-213.16626385466287,-5.014603168955979,0.40393803447916526,0.9340271558400164,0.2443450404682079,3.6381184712020225e-05,0.45802328770863426,4.8958439674333984,1.9763621977631736,1.1054577803354344,nan
19.76,220.00323486328125,-213.31362915039062,-5.017882823944092,219.6307749446679,-213.15675149457007,-5.016491836841829,0.40415210591351536,0.9342074019442006,0.2444666717891049,3.645478997583323e-05,0.2142293301452306,4.4958500899826195,nan,2.2958593274003873,nan
19.77,220.00323486328125,-213.30490112304688,-5.017882823944092,219.63086044532915,-213.1472391043863,-5.0149275008704555,0.40438688555362845,0.9343882337769647,0.24458884160944633,3.652931213886388e-05,0.39908123358506253,4.6628014401577405,nan,1.6884111647130033,nan
19.78,220.00323486328125,-213.29617309570312,-5.017882823944092,219.63094591279886,-213.13772673986858,-5.014806252662991,0.4046155899361393,0.9345696531383088,0.24471155172923226,3.660457382182164e-05,0.4174535840199911,4.665046041135105,nan,0.01230636429788394,nan
19.79,220.00323486328125,-213.28746032714844,-5.017882823944092,219.63103124150376,-213.12821447489844,-5.017081904375776,0.40483999184277847,0.9347516618282327,0.24483480394846263,3.668040095213828e-05,0.17527776550255908,4.550489967895966,nan,3.2791548454029513,nan
19.8,220.00323486328125,-213.2787322998047,-5.017882823944092,219.62814616469313,-213.11214811474008,-5.018592286978127,0.41041725823844444,0.9345072276746001,0.24475291347357206,3.638118471139406e-05,0.16864080937558604,4.609002586221368,0.28778828235239334,1.0629206957164343,nan
19.81,220.00323486328125,-213.27000427246094,-5.017882823944092,219.62822676418068,-213.10260796186543,-5.0192325302645235,0.4106755664745114,0.9346877470189785,0.24487557345882674,3.6454789975123294e-05,0.20407016505691722,4.612942614486359,nan,0.18841593684019312,nan
19.82,220.00323486328125,-213.2612762451172,-5.017882823944092,219.6283073859605,-213.09306769758126,-5.018483793339906,0.4109319771914249,0.9348688525139409,0.24499877366581913,3.652931213808858e-05,0.16332777279641697,4.53763768228803,nan,0.4820615995149564,nan
19.830000000000002,220.00323486328125,-213.2525634765625,-5.017882823944092,219.628388115041,-213.08352715197043,-5.020534914644675,0.4112060277804498,0.9350505459594874,0.2451225158945493,3.6604573820996264e-05,0.3449741394191742,4.832069700784791,nan,2.461988596763086,nan
19.84,220.00323486328125,-213.24383544921875,-5.017882823944092,219.62846897892263,-213.07398651559748,-5.021614869075269,0.4114754628070113,0.9352328291556181,0.2452468019450173,3.6680400951277314e-05,0.5319810009420787,4.836975595871775,nan,0.5669384549368078,nan
19.85,220.00323486328125,-213.235107421875,-5.017882823944092,219.62046849177867,-213.06407927236174,-5.022659584957813,0.41926547738272785,0.9349879622354644,0.24516327557175677,3.638118471055317e-05,0.7874811641277412,5.071957560540692,0.284265599924469,0.30703253373372796,nan
19.86,220.00323486328125,-213.22637939453125,-5.017882823944092,219.62052174711187,-213.05454358883213,-5.022893116493247,0.41954973059194506,0.9351687523087887,0.24528695500442504,3.645478997426715e-05,0.8482894208531265,5.082374634807017,nan,0.0014511878668338714,nan
19.87,220.00323486328125,-213.21766662597656,-5.017882823944092,219.62057498538474,-213.04500799648727,-5.022317420410446,0.41983240719924825,0.9353501289438382,0.24541117633679657,3.6529312137227966e-05,0.6974512675394623,5.024693617445952,nan,0.37750538402681166,nan
19.88,220.00323486328125,-213.2089385986328,-5.017882823944092,219.65360788003008,-213.11914353774955,-5.02285558591731,0.3610081837548629,0.9336272497088133,0.2332750216592968,3.6604572531331376e-05,1.023073249366852,5.1648151402895515,nan,0.08659578260549505,0.570989930647097
19.89,220.00323486328125,-213.20021057128906,-5.017882823944092,219.65361505626274,-213.109713255093,-5.022570042821683,0.36117273390880317,0.9338150775936137,0.2333690273860463,3.668039971036897e-05,0.9414808171595825,5.042500109468598,nan,0.13991543066494946,nan
19.900000000000002,220.00323486328125,-213.1914825439453,-5.017882823944092,219.62571567326594,-213.09191911768957,-5.023562252638125,0.3904687831157388,0.9335611722556376,0.2333223155707742,3.63811835405645e-05,1.2748115081689073,5.414408777528558,1.9119670167327825,0.22047855758198528,nan
19.91,220.00323486328125,-213.18276977539062,-5.017882823944092,219.62563510792506,-213.08247459803775,-5.02234686901807,0.39071808960389764,0.9337474433184613,0.23341610114965852,3.6454788850648385e-05,0.9297492542510142,5.164601009455182,nan,1.295488156835753,nan
19.92,220.00323486328125,-213.17404174804688,-5.017882823944092,219.6255558207875,-213.07303343289735,-5.022128964832426,0.3909759181596586,0.9339342942136661,0.23351039134259574,3.652931105934812e-05,0.8717440071867774,4.9282428571275805,nan,0.09574010258634473,nan
19.93,220.00323486328125,-213.16531372070312,-5.017882823944092,219.62547555075577,-213.06358972311546,-5.021077292783958,0.39122892852665075,0.9341217267412513,0.2336051879495766,3.660457278730044e-05,0.65209160832321,4.675026967475212,nan,0.9447790098970947,nan
19.94,220.00323486328125,-213.15658569335938,-5.017882823944092,219.62539627609434,-213.054148428916,-5.020808757518085,0.3914894024125384,0.9343097427012156,0.23370049277059127,3.6680399961873755e-05,0.6019120238648918,4.593965432700955,nan,0.1037442172356585,nan
19.95,220.00323486328125,-213.1478729248047,-5.017882823944092,219.62749230106962,-213.0506106956987,-5.023038732829201,0.38816104604204443,0.9340553738503939,0.23365281062401616,3.638118378028614e-05,1.122158912991629,5.095918475663149,0.4254395619905512,2.288940463369237,nan
19.96,220.00323486328125,-213.13914489746094,-5.017882823944092,219.6274165453553,-213.04119788429327,-5.021980127932636,0.3883938894693651,0.9342418299687376,0.23374788043548647,3.645478908555396e-05,0.8471134405819005,4.648500556068812,nan,0.9932762447534891,nan
19.97,220.00323486328125,-213.1304168701172,-5.017882823944092,219.62734372774796,-213.0317913154474,-5.023232363459912,0.3886512104438406,0.9344288664840129,0.2338434574253965,3.652931128917657e-05,1.165209921636638,4.9378702369573135,nan,0.7834973776328624,nan
19.98,220.00323486328125,-213.12168884277344,-5.017882823944092,219.62727122473683,-213.02238504603534,-5.024669726041028,0.38891639666415967,0.9346164851962183,0.23393954339373418,3.6604573011821075e-05,1.6354233085871996,5.374543765908708,nan,1.023963867850768,nan
19.990000000000002,220.00323486328125,-213.11297607421875,-5.017882823944092,219.62719934395963,-213.01298023590772,-5.026739198429669,0.38920472098888265,0.9348046879053522,0.2340361401404869,3.668040018088162e-05,2.5106357125280874,6.350682068533288,nan,2.2300882889106624,nan
20.0,220.00323486328125,-213.104248046875,-5.017882823944092,219.6347757516599,-212.97010086963212,-5.025623010136611,0.3921957324873906,0.9345498558768394,0.23398744328266302,3.6381183988247045e-05,1.8496005261698458,6.829566852873472,17.236417796708096,0.008546010490512514,nan
20.01,220.00323486328125,-213.09552001953125,-5.017882823944092,219.63474275613095,-212.96049774515893,-5.027616353675246,0.3925712536722103,0.9347364957345028,0.23408379003232477,3.645478928791878e-05,2.7989689349701536,7.746490054122998,nan,2.1155015059964195,nan
20.02,220.00323486328125,-213.0867919921875,-5.017882823944092,219.63470605276544,-212.95088596310433,-5.02590801234797,0.3928719086041576,0.9349237165401545,0.23418064646358117,3.6529311485820314e-05,1.9604674150806838,6.875904831956257,nan,2.4292353680204015,nan
20.03,220.00323486328125,-213.0780792236328,-5.017882823944092,219.63467112104885,-212.94127820172145,-5.025855372284962,0.3932140806372404,0.9351115200937928,0.23427801437641887,3.660457320264102e-05,1.9311817813939776,6.981175632273413,nan,0.03731559940367587,nan
20.04,220.00323486328125,-213.06935119628906,-5.017882823944092,219.63463417427496,-212.93166582190952,-5.023686465546201,0.39351926574157625,0.9352999081954155,0.23437589557082428,3.668040036579593e-05,1.110471432214448,5.972744222195085,nan,3.552186152866218,nan
20.05,220.00323486328125,-213.0606231689453,-5.017882823944092,219.61404010519456,-212.90649121755982,-5.026164036884905,0.41868579704574094,0.9350446134382995,0.23432614071813165,3.6381184163231624e-05,2.0778909377516115,7.408417549419698,2.6728846908658372,1.93889818136694,nan
20.06,220.00323486328125,-213.05189514160156,-5.017882823944092,219.6139464036,-212.89682306697858,-5.02668261028616,0.41913039666496704,0.9352314356895068,0.2344237568147241,3.6454789457107136e-05,2.3150766602544173,7.614866258007111,nan,0.06592661537898126,nan
20.07,220.00323486328125,-213.04318237304688,-5.017882823944092,219.61385150666743,-212.8871519509322,-5.025820315777045,0.41955678377273903,0.9354188394265088,0.23452188503593502,3.652931164919028e-05,1.9137084554309567,7.35003978572522,nan,0.7412202872607834,nan
20.080000000000002,220.00323486328125,-213.03445434570312,-5.017882823944092,219.6137563297029,-212.87748018437614,-5.0245825439342795,0.41997535843260175,0.9356068264493032,0.23462052718175097,3.6604573360185255e-05,1.413373985534735,6.65334032039221,nan,1.3055791694911092,nan
20.09,220.00323486328125,-213.02572631835938,-5.017882823944092,219.6136633324371,-212.8678135056175,-5.0258604969693375,0.4204355804867029,0.9357953985578878,0.23471968505215848,3.668040051752328e-05,1.92044165256819,7.130355568356821,nan,0.8080840082715904,nan
20.1,220.00323486328125,-213.01699829101562,-5.017882823944092,219.57798756982532,-212.84565379978545,-5.026343158801851,0.45854745941115155,0.9355396416339701,0.23466883004494235,3.638118430634426e-05,2.190467186818869,7.643870868235855,3.5077768713187925,0.030101309627965374,nan
20.11,220.00323486328125,-213.00828552246094,-5.017882823944092,219.57778560742113,-212.83596073849435,-5.027592533264412,0.4591265391328869,0.9357266449051681,0.23476770761597396,3.6454789594638175e-05,2.807398912070894,8.397557567703378,nan,0.7138406794931172,nan
20.12,220.00323486328125,-212.9995574951172,-5.017882823944092,219.57758125974985,-212.82626258766618,-5.025930716535262,0.4596486524758668,0.9359142301869589,0.23486709969561542,3.652931178118777e-05,1.992567290282904,7.383899640417825,nan,2.3038115829757744,nan
20.13,220.00323486328125,-212.99082946777344,-5.017882823944092,219.5773771345699,-212.8165651149651,-5.024564244365724,0.4601820413072944,0.9361023992793405,0.23496700808385407,3.660457348670796e-05,1.4374231643896338,6.800963513779775,nan,1.5509845254003605,nan
20.14,220.00323486328125,-212.9821014404297,-5.017882823944092,219.5771734829465,-212.8068686329526,-5.023703269515568,0.46072628991159686,0.936291153982311,0.23506743458067753,3.668040063864215e-05,1.1398799084379057,6.476285395277235,nan,0.6585959437968485,nan
20.150000000000002,220.00323486328125,-212.973388671875,-5.017882823944092,219.6057864471661,-212.80502747279698,-5.024718118752875,0.43169139218027613,0.9360349355647325,0.23501543840750913,3.6381184420222335e-05,1.4651818223103485,6.906651789113369,1.8964576802703144,0.6054441180627456,nan
20.16,220.00323486328125,-212.96466064453125,-5.017882823944092,219.60567301581563,-212.79534200014382,-5.0251715601563856,0.43217745379999883,0.9362221184563447,0.23511556931452565,3.645478970341816e-05,1.6370999933893535,6.886288098352487,nan,0.06025379265657469,nan
20.17,220.00323486328125,-212.9559326171875,-5.017882823944092,219.6055592371479,-212.78565539077147,-5.024898580435086,0.43265397062274746,0.9364098838705827,0.23521621705620693,3.652931188496305e-05,1.526130260267099,6.752751955024294,nan,0.11931226640914776,nan
20.18,220.00323486328125,-212.9472198486328,-5.017882823944092,219.60544453196067,-212.7759663037044,-5.0228405337323725,0.4331160389884338,0.936598233607444,0.2353173834325417,3.6604573585578825e-05,0.8491174536465735,6.216881958505336,nan,3.1359100545776206,nan
20.19,220.00323486328125,-212.93849182128906,-5.017882823944092,219.6053309815014,-212.76627928681236,-5.0223242790384495,0.43359472170417335,0.9367871694669273,0.235419070243519,3.6680400732715174e-05,0.7144784652322947,5.895914331195813,nan,0.2444297272824291,nan
20.2,220.00323486328125,-212.9297637939453,-5.017882823944092,219.6124274799285,-212.76776053687175,-5.022695265112201,0.4230822919663077,0.9365304903386494,0.2353658930621992,3.63811845083851e-05,0.8161406668800056,5.646068751060492,1.0035442308401814,0.1962715066148565,nan
20.21,220.00323486328125,-212.92103576660156,-5.017882823944092,219.6123335686018,-212.75812775644994,-5.024207704137277,0.4235361213203566,0.9367178514267875,0.23546726891567968,3.645478978711852e-05,1.2755935810266363,6.082275722177983,nan,1.3155481179421555,nan
20.22,220.00323486328125,-212.91232299804688,-5.017882823944092,219.61223805961598,-212.74849181795162,-5.023128820889945,0.4239654190282761,0.9369057955370594,0.2355691638730356,3.6529311964317784e-05,0.9303277183734715,5.877390411076868,nan,0.9323205180578596,nan
20.23,220.00323486328125,-212.90359497070312,-5.017882823944092,219.6121430090469,-212.7388570829567,-5.023171136185831,0.4244047317761504,0.9370943244694636,0.2356715797342574,3.660457366071037e-05,0.9397578804413631,5.708487252555678,nan,0.0018695088531676977,nan
20.240000000000002,220.00323486328125,-212.89486694335938,-5.017882823944092,219.61204865986525,-212.72922389487442,-5.02465637662249,0.4248648564782664,0.9372834400239987,0.2357745182993357,3.668040080374723e-05,1.425444650147735,6.172948318276211,nan,1.2384336210655575,nan
20.25,220.00323486328125,-212.88613891601562,-5.017882823944092,219.59072368158897,-212.70201703976915,-5.023826260108521,0.4517761223959568,0.9370263010761498,0.23572012145476817,3.6381184574728964e-05,1.1557869360699382,6.468503076930919,2.4227734083951193,0.21192208737958004,nan
20.26,220.00323486328125,-212.87742614746094,-5.017882823944092,219.5905678131056,-212.69231241339767,-5.024229782781807,0.4523289430558368,0.9372138389142791,0.2358227336286449,3.6454789849695584e-05,1.2893625615388655,6.745261879313704,nan,0.06046149258593723,nan
20.27,220.00323486328125,-212.8686981201172,-5.017882823944092,219.59041134824255,-212.68260651125206,-5.023224896074551,0.4528596683229391,0.9374019602617667,0.23592586711985133,3.652931202325463e-05,0.9651196153066023,6.235145265255644,nan,0.7985628970250279,nan
20.28,220.00323486328125,-212.85997009277344,-5.017882823944092,219.59025499020686,-212.6729006926286,-5.022144567106199,0.4533933154446304,0.9375906669186116,0.23602952372837965,3.660457371613442e-05,0.6796992420856527,5.926354574562148,nan,0.8717107024849562,nan
20.29,220.00323486328125,-212.8512420654297,-5.017882823944092,219.59009950839638,-212.66319679139085,-5.023250741289019,0.453950064523417,0.9377799606848122,0.23613370525422214,3.6680400855785876e-05,0.9687661457238083,6.19235132642671,nan,0.704416538197565,nan
20.3,220.00323486328125,-212.842529296875,-5.017882823944092,219.60729485344038,-212.65855914751995,-5.024746174859849,0.4366470117065961,0.9375223629149109,0.2360780512932829,3.6381184623153635e-05,1.462126385130573,6.798651978831828,0.6974672529371454,1.1273488919510848,nan
20.31,220.00323486328125,-212.83380126953125,-5.017882823944092,219.60719185845863,-212.64886103107307,-5.0234664433643585,0.4371317081563932,0.9377100760354725,0.2361818909390825,3.645478989504478e-05,1.0225238451403285,6.17546204838969,nan,1.2662857918280779,nan
20.32,220.00323486328125,-212.8250732421875,-5.017882823944092,219.60708946550957,-212.63916400353125,-5.023487855929924,0.4376355076738955,0.9378983731405724,0.23628625406099232,3.652931206565349e-05,1.0273562435154016,6.157341926608224,nan,0.002773854349283792,nan
20.330000000000002,220.00323486328125,-212.81634521484375,-5.017882823944092,219.60698737297383,-212.62946771921565,-5.024455896728945,0.43815348593043313,0.9380872560302098,0.23639114245900597,3.6604573755705514e-05,1.3477275853597894,6.4546501089413715,nan,0.5007124893523903,nan
20.34,220.00323486328125,-212.80763244628906,-5.017882823944092,219.6068846232588,-212.6197703207685,-5.0236322657530845,0.43865561326862595,0.9382767265043833,0.2364965579331174,3.668040089265113e-05,1.06873473063576,6.316148075424573,nan,0.5556099909741077,nan
20.35,220.00323486328125,-212.7989044189453,-5.017882823944092,219.61940625189527,-212.60976108385378,-5.022697238506518,0.42792847850501214,0.9380186710144454,0.2364396106166509,3.638118465731383e-05,0.7968765686597374,6.083134790936329,1.3501106915567256,0.12301300686836598,nan
20.36,220.00323486328125,-212.79017639160156,-5.017882823944092,219.61934358247456,-212.60004756171543,-5.019781778585234,0.42839828835092647,0.9382065579304332,0.23654466867725474,3.645478992677402e-05,0.2593184080604295,5.519720747794838,nan,5.724391389549384,nan
20.37,220.00323486328125,-212.7814483642578,-5.017882823944092,219.61928190951696,-212.59033585189118,-5.019923050717137,0.42889162455414775,0.9383950292943325,0.2366502523191518,3.6529312095066e-05,0.2750374528363702,5.503556196644985,nan,0.014983707881214918,nan
20.38,220.00323486328125,-212.77273559570312,-5.017882823944092,219.61922101797208,-212.58062550686583,-5.022722959052979,0.42941395707415125,0.9385840869061424,0.2367563633423372,3.66045737829129e-05,0.801843433382226,6.160171044669417,nan,5.075749962687869,nan
20.39,220.00323486328125,-212.76400756835938,-5.017882823944092,219.61915860234157,-212.57091270517645,-5.020626477180502,0.4298926936319308,0.938773732565862,0.23686300354680648,3.6680400917764415e-05,0.3678692467472795,5.538831817298433,nan,2.9714173782083098,nan
20.400000000000002,220.00323486328125,-212.75527954101562,-5.017882823944092,219.62348473075406,-212.54717656396807,-5.02114813033056,0.43304465639963136,0.9385152205604036,0.2368047278588769,3.63811846804671e-05,0.476384691686648,6.144950257466662,5.2878315465084675,0.2804879643410652,nan
20.41,220.00323486328125,-212.74655151367188,-5.017882823944092,219.62344201474497,-212.53738712389827,-5.020456045701336,0.43358848141859185,0.9387032797668963,0.2369109950818994,3.6454789948066683e-05,0.36697555529887377,6.003392766968456,nan,0.35710678077975344,nan
20.42,220.00323486328125,-212.7378387451172,-5.017882823944092,219.6233992741958,-212.52759777242235,-5.019748297433336,0.434142627861969,0.9388919238731028,0.2370177899388707,3.652931211459825e-05,0.2827219603064202,6.05868192089773,nan,0.35620228573136997,nan
20.43,220.00323486328125,-212.72911071777344,-5.017882823944092,219.62335657886078,-212.51780842236244,-5.018961734139136,0.4346922302818485,0.9390811546790225,0.23712511422978727,3.660457380078225e-05,0.2213989537787927,5.794585523024624,nan,0.41815338790745477,nan
20.44,220.00323486328125,-212.7203826904297,-5.017882823944092,219.62331412704305,-212.508019431889,-5.018978795237707,0.4352460459956763,0.9392709739846551,0.2372329697546459,3.668040093406566e-05,0.22454354767993945,5.763243260770416,nan,0.00013713221600210183,nan
20.45,220.00323486328125,-212.71165466308594,-5.017882823944092,219.6500354861563,-212.4999229173305,-5.017061788610482,0.4118019017211002,0.9390120067685988,0.237173331909174,3.638118469539884e-05,0.22066548160793326,5.958422040155063,1.994399295663124,2.894329902510056,nan
20.46,220.00323486328125,-212.70294189453125,-5.017882823944092,219.6500782300009,-212.49011552322466,-5.017847839212732,0.41232835601905105,0.9392002367442461,0.23728079885995865,3.645478996162299e-05,0.2052894074055702,6.080025374542831,nan,0.4349879525845919,nan
20.47,220.00323486328125,-212.6942138671875,-5.017882823944092,219.65012137521558,-212.48030873323142,-5.021325920779917,0.4128636538889007,0.939389052060074,0.23738879544588287,3.652931212686243e-05,0.5329168832503473,6.201001062806762,nan,7.887742871583399,nan
20.48,220.00323486328125,-212.68548583984375,-5.017882823944092,219.65016343242783,-212.47050067179387,-5.0201327806222,0.41338011571841266,0.9395784545160819,0.23749732346694424,3.66045738118369e-05,0.3498669313183095,5.985459749450621,nan,1.0177551031670866,nan
20.490000000000002,220.00323486328125,-212.6767578125,-5.017882823944092,219.65020540640216,-212.46069269369588,-5.0190757184491925,0.41390259238797045,0.9397684459122696,0.23760638472314044,3.668040094398878e-05,0.25360330150529714,5.855799548041032,nan,0.7683801442492697,nan
20.5,220.00323486328125,-212.6680450439453,-5.017882823944092,219.67311311576313,-212.45707220870108,-5.0171528538968015,0.3917785576721607,0.9395090248887641,0.2375453521680546,3.638118470440697e-05,0.2322489217574046,6.062386355726306,2.31666858160899,1.0224617672830054,nan
20.51,220.00323486328125,-212.65931701660156,-5.017882823944092,219.67322592926752,-212.44727312089847,-5.017539437699211,0.39226091845598976,0.93969742409723,0.23765400924228824,3.6454789969651956e-05,0.22450574839790938,5.843997032221842,nan,0.11978474518656354,nan
20.52,220.00323486328125,-212.6505889892578,-5.017882823944092,219.67333842797393,-212.43747379376302,-5.016091878201359,0.3927504959461078,0.9398864090752397,0.23776319790244174,3.652931213398072e-05,0.3127984221807021,5.8939759943345535,nan,1.2955384041789069,nan
20.53,220.00323486328125,-212.64186096191406,-5.017882823944092,219.67345092923244,-212.42767477102578,-5.015694968528701,0.3932403263085541,0.9400759816227932,0.2378729199485136,3.6604573818110165e-05,0.3595335121946309,5.899139229705915,nan,0.07204229071302988,nan
20.54,220.00323486328125,-212.63314819335938,-5.017882823944092,219.6735633419434,-212.41787584972303,-5.014770705307366,0.3937450687923608,0.94026614353989,0.23798317718050227,3.6680400949479314e-05,0.49669267701899256,6.165844740136461,nan,0.46954289841734576,nan
20.55,220.00323486328125,-212.62442016601562,-5.017882823944092,219.68998568704558,-212.4183650581448,-5.015749319736459,0.3749510711175448,0.9400062702080504,0.23792071859953298,3.638118470932021e-05,0.34083806250228676,5.6476722270603155,1.2884390232390814,0.2554056654055744,nan
20.56,220.00323486328125,-212.61569213867188,-5.017882823944092,219.69014625747684,-212.40860211947108,-5.016500884918267,0.3753833519118879,0.9401948370994095,0.23803055603547857,3.645478997389914e-05,0.2718218074430719,5.548629872182628,nan,0.4195194436498869,nan
20.57,220.00323486328125,-212.60696411132812,-5.017882823944092,219.69030641749535,-212.39883898127582,-5.014200994080181,0.3758375151743323,0.9403839901788039,0.23814092695875977,3.652931213761659e-05,0.594291375912086,5.83488339393305,nan,3.323867541846594,nan
20.580000000000002,220.00323486328125,-212.59825134277344,-5.017882823944092,219.6904668842118,-212.38907623786477,-5.015671429049059,0.3762750636331479,0.9405737312462332,0.23825183316937562,3.660457382118519e-05,0.360660926545586,5.7321340624248345,nan,1.5527504645353873,nan
20.59,220.00323486328125,-212.5895233154297,-5.017882823944092,219.6906273799697,-212.37931356117727,-5.01545421302577,0.37671936180164267,0.9407640621016976,0.23836327646732522,3.668040095204194e-05,0.39171817779868995,5.5671189271176456,nan,0.018551790154566417,nan
20.6,220.00323486328125,-212.58079528808594,-5.017882823944092,219.66306544892572,-212.38249338800262,-5.014237555713211,0.39376663395990597,0.9405037380542758,0.23829936177956976,3.6381184711545934e-05,0.5357550490843819,5.013659866952362,5.9944453048826185,0.1632142676760862,nan
20.61,220.00323486328125,-212.5720672607422,-5.017882823944092,219.6631329093294,-212.37282202904686,-5.01455231436659,0.3941815491994055,0.940692471066367,0.23841036966992007,3.645478997569855e-05,0.4769784162844514,4.925457719572757,nan,0.10655249123181154,nan
20.62,220.00323486328125,-212.5633544921875,-5.017882823944092,219.66320043469509,-212.36315077303217,-5.0147053587053785,0.39460744807072184,0.9408817906743411,0.23852191290069327,3.6529312139030195e-05,0.45136477741411196,5.0229801061801185,nan,0.03532700078966136,nan
20.63,220.00323486328125,-212.55462646484375,-5.017882823944092,219.66326779838067,-212.35347966577115,-5.012694017444887,0.39505007746759596,0.9410716986781981,0.23863399327188886,3.660457382225065e-05,0.9127825099732687,5.304736393969682,nan,2.4169297763312363,nan
20.64,220.00323486328125,-212.5458984375,-5.017882823944092,219.66333518155713,-212.34380831026365,-5.015029786713636,0.3954495580778904,0.9412621968779379,0.23874661258350652,3.668040095279635e-05,0.4014857835099378,4.768136918114946,nan,3.8568651168083394,nan
20.650000000000002,220.00323486328125,-212.53717041015625,-5.017882823944092,219.64429115380696,-212.3393088954013,-5.012855332097452,0.40989637869411977,0.9410014237989316,0.23868121294088934,3.638118471212817e-05,0.8590700044032352,4.937200029585873,2.5881366649474282,4.910791646820225,nan
20.66,220.00323486328125,-212.52845764160156,-5.017882823944092,219.64429581673775,-212.32968118478647,-5.014455879584686,0.4103182458350608,0.941190321358666,0.23879338124424285,3.645478997603009e-05,0.48808486613005486,4.69700874070343,nan,1.8596691999476873,nan
20.67,220.00323486328125,-212.5197296142578,-5.017882823944092,219.64430036887975,-212.32005352162955,-5.015013251710016,0.4107465735503531,0.941379805911714,0.23890608669380448,3.6529312139140377e-05,0.39297501835170856,4.436501602302832,nan,0.24149993925035396,nan
20.68,220.00323486328125,-212.51100158691406,-5.017882823944092,219.64430485442045,-212.31042614341936,-5.013641676146014,0.41119246968852835,0.9415698792580756,0.239019331089574,3.660457382216694e-05,0.6606102430403094,4.685572821678303,nan,1.1437640387358734,nan
20.69,220.00323486328125,-212.5022735595703,-5.017882823944092,219.64430935643458,-212.30079856927236,-5.014640013446284,0.4116190070934856,0.9417605431977508,0.23913311623155142,3.6680400952544333e-05,0.457599994960169,4.466490304706793,nan,0.7288701221707503,nan
20.7,220.00323486328125,-212.49356079101562,-5.017882823944092,219.6429928701079,-212.29468951442854,-5.0155391419456965,0.4114967449958771,0.9414993228599571,0.23906620401430476,3.6381184711809795e-05,0.31671223628810763,4.393560475865405,0.26229846039667293,0.3124988406999147,nan
20.71,220.00323486328125,-212.48483276367188,-5.017882823944092,219.64299179565532,-212.28508034321104,-5.014919562683909,0.4119282439573678,0.9416883833845829,0.23917952256626718,3.645478997558491e-05,0.4081498517553521,4.326679840178395,nan,0.23683948297388482,nan
20.72,220.00323486328125,-212.47610473632812,-5.017882823944092,219.64299075542624,-212.27547115120257,-5.0135235729355765,0.41236956215746823,0.9418780312897598,0.2392933800239363,3.652931213858762e-05,0.6890762196098816,4.59359533835511,nan,1.2111066409955618,nan
20.73,220.00323486328125,-212.46737670898438,-5.017882823944092,219.64298978516803,-212.26586176977432,-5.014044926357768,0.41279476315418345,0.942068268375488,0.23940777818731235,3.6604573821526466e-05,0.5728755171332995,4.463320305734937,nan,0.21531276195187915,nan
20.740000000000002,220.00323486328125,-212.4586639404297,-5.017882823944092,219.6429889696567,-212.25625304234762,-5.010926774570969,0.41327431829067307,0.9422590964417675,0.2395227188563954,3.668040095183289e-05,1.491308730825277,5.509582893471273,nan,6.067179535498317,nan
20.75,220.00323486328125,-212.44993591308594,-5.017882823944092,219.6163829229714,-212.24755316446482,-5.010920414182928,0.43664822891042226,0.9419974307042893,0.23945426766668032,3.638118471109583e-05,1.5050767455914613,5.17474534265399,2.7200166218925474,0.25963711193062555,nan
20.76,220.00323486328125,-212.4412078857422,-5.017882823944092,219.59455269569156,-212.2967829162352,-5.012325010229876,0.4334865340655716,0.9414115926056298,0.23389912070492822,3.6454788653412914e-05,1.113360157924904,4.7775203945901135,nan,1.5096779477666147,0.6100385027786426
20.77,220.00323486328125,-212.4324951171875,-5.017882823944092,219.59441564985613,-212.28730879577427,-5.011952423868765,0.4338748515829112,0.9415977291888311,0.233993420683605,3.652931086630506e-05,1.2259259204226745,5.026969105148414,nan,0.053637098451489625,nan
20.78,220.00323486328125,-212.42376708984375,-5.017882823944092,219.59427808536822,-212.27783563282154,-5.01215496954875,0.43425159143705033,0.9417844466469468,0.23408822536605028,3.660457259863217e-05,1.156668928868447,4.818991867814427,nan,0.05515671933687938,nan
20.79,220.00323486328125,-212.4150390625,-5.017882823944092,219.59414080583915,-212.26836176487558,-5.012112062687163,0.4346325794948316,0.9419717467799777,0.23418353655225876,3.6680399777739566e-05,1.165554604723873,4.8270875543332314,nan,0.0010191767353267764,nan
20.8,220.00323486328125,-212.40631103515625,-5.017882823944092,219.61242454576333,-212.26802174291726,-5.010560046763039,0.4146206165786514,0.941718217733433,0.234135556934441,3.638118360540952e-05,1.7154100532130876,5.185533503856095,1.3123100443520923,0.7055173382325508,nan
20.81,220.00323486328125,-212.39759826660156,-5.017882823944092,219.6123429238506,-212.25857492752846,-5.009818622657996,0.414956658533478,0.941903966560267,0.2342306318292878,3.645478891527115e-05,2.0226492971999206,5.6285002667105,nan,0.24921432975112384,nan
20.82,220.00323486328125,-212.3888702392578,-5.017882823944092,219.61226067366843,-212.2491294016719,-5.009777124691352,0.41527583723711997,0.9420902950453205,0.23432621223193584,3.652931112358751e-05,2.0347599825823464,5.511530827316122,nan,0.005591077911628437,nan
20.830000000000002,220.00323486328125,-212.38014221191406,-5.017882823944092,219.61217752614553,-212.2396863684055,-5.011144097948012,0.4155708066400144,0.9422772049885938,0.23442229994237893,3.660457285100688e-05,1.474141672860913,4.957780064732702,nan,1.446663944619923,nan
20.84,220.00323486328125,-212.3714141845703,-5.017882823944092,219.61209479863365,-212.2302427292693,-5.012274313508441,0.4158742422339285,0.9424646981900876,0.2345188967606107,3.668040002490693e-05,1.0886167549285526,4.574955572188248,nan,0.9674466788019678,nan
20.85,220.00323486328125,-212.36270141601562,-5.017882823944092,219.58268375846168,-212.21821733449053,-5.010779896143319,0.44473512697160567,0.942210726713903,0.23446991334053968,3.638118384059376e-05,1.681287647881971,5.197147258174265,2.5880624739157687,1.6787675302427474,nan
20.86,220.00323486328125,-212.35397338867188,-5.017882823944092,219.58250697985318,-212.20879578328376,-5.011821419926259,0.44511260330253405,0.9423966656098446,0.23456625905806308,3.64547891450148e-05,1.2995670698944568,4.693553155890367,nan,0.8396259275134966,nan
20.87,220.00323486328125,-212.34524536132812,-5.017882823944092,219.58233108227054,-212.19937221767384,-5.011697409672378,0.4455078296263783,0.9425831847334444,0.23466311282555094,3.652931134768623e-05,1.336324523266318,4.731992347661523,nan,0.001910049657982949,nan
20.88,220.00323486328125,-212.33651733398438,-5.017882823944092,219.58215614072495,-212.18994661761477,-5.0102955306350845,0.4459235724947773,0.9427702858847027,0.23476047644299655,3.660457306928236e-05,1.858924131507242,5.260476781417348,nan,1.143022190699379,nan
20.89,220.00323486328125,-212.3278045654297,-5.017882823944092,219.58197984317758,-212.1805242422629,-5.010935390710513,0.4463132894987513,0.9429579708636195,0.23485835171039318,3.668040023720818e-05,1.5994041794451848,5.141058655034985,nan,0.34937510223108514,nan
20.900000000000002,220.00323486328125,-212.31907653808594,-5.017882823944092,219.59398520124364,-212.17697867680798,-5.013289625584902,0.4332414863893289,0.9427035564291318,0.23480832137740842,3.638118404187691e-05,0.8512031926184348,4.143921265995506,0.46603666470223604,4.530964408184583,nan
20.91,220.00323486328125,-212.3103485107422,-5.017882823944092,219.5938456765615,-212.1675743612635,-5.014177190829699,0.4335870105056217,0.9428896841089751,0.23490593061446186,3.645478934033328e-05,0.6453662299241429,3.9378196301146806,nan,0.5492858913579961,nan
20.92,220.00323486328125,-212.30162048339844,-5.017882823944092,219.59370564920602,-212.15817109578018,-5.015856904908985,0.43393087967678745,0.9430763925722933,0.23500405038287023,3.6529311536960395e-05,0.3784793933782085,3.669170467518792,nan,1.8492593672168347,nan
20.93,220.00323486328125,-212.29290771484375,-5.017882823944092,219.59356600875552,-212.1487670097324,-5.017077088020539,0.4342876494315715,0.9432636836190861,0.2351026824826268,3.6604573252452964e-05,0.2812839405285572,3.6897973262849577,nan,0.9171736980726172,nan
20.94,220.00323486328125,-212.2841796875,-5.017882823944092,219.5934266294983,-212.13936259312715,-5.018103561914356,0.43464333426861634,0.9434515590493536,0.23520182871372508,3.668040041423551e-05,0.2624049903608699,3.5297052639038506,nan,0.6065315692324046,nan
20.95,220.00323486328125,-212.27545166015625,-5.017882823944092,219.59604322903462,-212.124528008017,-5.018143438023997,0.4342614923006534,0.943196701258506,0.23515070944774064,3.6381184209157615e-05,0.23711423794124167,3.7192799187623,0.4211824758146765,0.006554512274721699,nan
20.96,220.00323486328125,-212.2667236328125,-5.017882823944092,219.59591575830245,-212.1150894055374,-5.018511868435084,0.4346287931776027,0.9433830164032877,0.23524957461102441,3.6454789501649603e-05,0.2439874757667152,3.704504193879648,nan,0.054855016973195496,nan
20.97,220.00323486328125,-212.2580108642578,-5.017882823944092,219.5957866760642,-212.10565372638507,-5.021484794279167,0.4350168926806564,0.9435699128739837,0.2353489527273728,3.6529311692322806e-05,0.5861953051610568,4.15880287958493,nan,5.396126068799242,nan
20.98,220.00323486328125,-212.24928283691406,-5.017882823944092,219.5956589830993,-212.09621522043784,-5.022340362899015,0.43539368733749334,0.9437573924705941,0.2354488455967797,3.66045734018888e-05,0.7718234930458963,4.184564344093421,nan,0.321549186965525,nan
20.990000000000002,220.00323486328125,-212.2405548095703,-5.017882823944092,219.59553095288064,-212.086777535292,-5.02405917355015,0.4357844374629262,0.9439454569931183,0.23554925501923898,3.668040055778422e-05,1.267023974045296,4.646641671406405,nan,1.5479411055135892,nan
21.0,220.00323486328125,-212.23182678222656,-5.017882823944092,219.58229861560906,-212.0726417748304,-5.023740640630887,0.45006833392318707,0.9436901555774234,0.23549700591677003,3.6381184344369484e-05,1.1841114091279223,4.919369757030243,5.801211117276632,2.622949759340824,nan
21.01,220.00323486328125,-212.22311401367188,-5.017882823944092,219.5821316252816,-212.0631915294342,-5.02333113286066,0.45048065673078586,0.9438766568363883,0.23559711913820625,3.645478963125688e-05,1.053247894579867,4.864476915025591,nan,0.2620909082609767,nan
21.02,220.00323486328125,-212.21438598632812,-5.017882823944092,219.58196454599445,-212.053741586734,-5.023341245498566,0.450893665639411,0.9440637399505751,0.23569774767582743,3.652931181639869e-05,1.0527394125530034,4.6814449972446335,nan,0.02658666785037763,nan
21.03,220.00323486328125,-212.20565795898438,-5.017882823944092,219.5817974777371,-212.04429177623194,-5.023575497574525,0.45131022745274013,0.9442514067199839,0.2357988933296282,3.66045735205161e-05,1.120602345206663,4.699965857803947,nan,0.0004007539663585863,nan
21.04,220.00323486328125,-212.19692993164062,-5.017882823944092,219.5816310977508,-212.03484087328718,-5.022606434241909,0.4517133055839797,0.9444396589446141,0.23590055789960315,3.6680400671054096e-05,0.8418062197105134,4.371124337387721,nan,0.8931793259000547,nan
21.05,220.00323486328125,-212.18821716308594,-5.017882823944092,219.62419394670857,-212.04357426996535,-5.024264662117213,0.4057515382903896,0.9441839137639327,0.23584713919651207,3.6381184450722094e-05,1.3107943433939018,4.735789985985246,4.37929399566041,1.0490536214900636,nan
21.06,220.00323486328125,-212.1794891357422,-5.017882823944092,219.62415659547705,-212.03417393917277,-5.024787604796391,0.4060351160602503,0.9443705997564524,0.23594849234826124,3.645478973258754e-05,1.4974078111477271,4.749624932090882,nan,0.05820988222258097,nan
21.07,220.00323486328125,-212.17076110839844,-5.017882823944092,219.62411887522103,-212.02477436037415,-5.0262452959828385,0.40633852135895554,0.9445578681206152,0.23605036312181565,3.652931191281871e-05,2.1022969282135424,5.305003479760085,nan,0.9732467255663098,nan
21.080000000000002,220.00323486328125,-212.1620330810547,-5.017882823944092,219.62408185295345,-212.01537340105463,-5.026041938401038,0.4066111633084752,0.9447457206564204,0.23615275331717067,3.6604573612140606e-05,2.0049407093342877,5.1551693526075315,nan,0.1377276415910102,nan
21.09,220.00323486328125,-212.1533203125,-5.017882823944092,219.6240442776013,-212.00597333811584,-5.027123223315072,0.40691770188699755,0.9449341591638676,0.23625566473432172,3.668040075800366e-05,2.5124702549384192,5.7373709884142325,nan,0.4436451410320244,nan
21.1,220.00323486328125,-212.14459228515625,-5.017882823944092,219.61534560805106,-211.980866469492,-5.026468943156918,0.42111511309983796,0.9446779702050109,0.23620103782540347,3.638118453209402e-05,2.19718277488342,5.738634400649421,1.7274899714337857,0.7760328782754359,nan
21.11,220.00323486328125,-212.1358642578125,-5.017882823944092,219.61528757710767,-211.9713919222738,-5.027916082279224,0.42149129561572796,0.944864839522457,0.2363036225345165,3.64547898096344e-05,2.9312721058537754,6.4241375171747155,nan,0.9252056229116333,nan
21.12,220.00323486328125,-212.12713623046875,-5.017882823944092,219.61523117525198,-211.96191454575404,-5.02516419159044,0.42177966444470105,0.9450522917153238,0.2364067271146412,3.652931198566841e-05,1.6203584080282663,5.06212417071855,nan,5.951244421073697,nan
21.13,220.00323486328125,-212.11842346191406,-5.017882823944092,219.61517480858308,-211.9524371121339,-5.022011944363497,0.42208900009491673,0.9452403285836105,0.2365103533657736,3.660457368092277e-05,0.6338699203200354,4.164995066988322,nan,7.308798457197494,nan
21.14,220.00323486328125,-212.1096954345703,-5.017882823944092,219.61511763833292,-211.9429611665617,-5.020980958167656,0.42242738413321185,0.9454289519273171,0.23661450308791016,3.6680400822851466e-05,0.4289543394902195,3.798620825480394,nan,0.8842486573665428,nan
21.150000000000002,220.00323486328125,-212.10096740722656,-5.017882823944092,219.61335409037972,-211.9300226754692,-5.019867235480476,0.4257147592966963,0.9451723193024875,0.2365586305434393,3.638118459257007e-05,0.2738688303927588,3.937852231891797,3.7585535401270276,3.9379323343703994,nan
21.16,220.00323486328125,-212.0922393798828,-5.017882823944092,219.6132927876704,-211.920530864634,-5.020016714654236,0.4260788542397054,0.9453593705100546,0.2366624382061405,3.6454789866512684e-05,0.28994291721495896,3.9242395289068437,nan,0.0005101236212289623,nan
21.17,220.00323486328125,-212.08352661132812,-5.017882823944092,219.61323131391958,-211.91103966237483,-5.021385189713721,0.42645841841836934,0.9455470050844199,0.23676676793372803,3.6529312039080266e-05,0.5002743418463077,4.236978874043172,nan,1.0033932128985255,nan
21.18,220.00323486328125,-212.07479858398438,-5.017882823944092,219.6131699085226,-211.90154848792668,-5.02270756830371,0.4268366700191197,0.9457352248255833,0.23687162152619887,3.6604573730999555e-05,0.7999030030154944,4.368591719190931,nan,0.8833325286954801,nan
21.19,220.00323486328125,-212.06607055664062,-5.017882823944092,219.61310890713418,-211.89205641935945,-5.022195153628506,0.4271975863937994,0.9459240315335442,0.23697700078355025,3.668040086972418e-05,0.6704824829156063,4.201336204891657,nan,0.3060463386179943,nan
21.2,220.00323486328125,-212.05734252929688,-5.017882823944092,219.62883361828915,-211.8961952990101,-5.020660946090415,0.40761800750628907,0.9456669554786216,0.23691984636291544,3.6381184636113056e-05,0.36729373940308474,3.55150901166556,1.4322504543625523,1.2488356776025484,nan
21.21,220.00323486328125,-212.0486297607422,-5.017882823944092,219.62881703850076,-211.88675843128848,-5.020711642029037,0.40792038074141823,0.9458541871171036,0.2370248681585125,3.645478990715926e-05,0.3739256320178408,3.6591957613965316,nan,0.003200551731383144,nan
21.22,220.00323486328125,-212.03990173339844,-5.017882823944092,219.62880042377157,-211.87732189212997,-5.021455669638566,0.4082231246563186,0.9460420026016038,0.23713041415861646,3.652931207695433e-05,0.5031845852525441,3.636652692266628,nan,0.2515428017700328,nan
21.23,220.00323486328125,-212.0311737060547,-5.017882823944092,219.62878381691056,-211.86788523404493,-5.022111525878757,0.4085273468685301,0.9462304037321217,0.23723648616322515,3.660457376622568e-05,0.6416068010800124,3.751437998212002,nan,0.17458609701633196,nan
21.240000000000002,220.00323486328125,-212.02244567871094,-5.017882823944092,219.62876710035752,-211.85844833583923,-5.022859763368837,0.40883493474031873,0.9464193923086575,0.23734308597233642,3.66804009024235e-05,0.8277785195034155,3.9095828343919106,nan,0.23138894599232146,nan
21.25,220.00323486328125,-212.01373291015625,-5.017882823944092,219.5721721491667,-211.84587524915827,-5.023970593910252,0.46263194744707475,0.9461618731813467,0.23728461463488756,3.638118466635346e-05,1.2538773842023216,4.139229191250424,10.739252941246871,2.1596204611265284,nan
21.26,220.00323486328125,-212.0050048828125,-5.017882823944092,219.57197494562556,-211.83648082327673,-5.022704827233362,0.46304289966971063,0.9463492837688642,0.23739084153930667,3.645478993514031e-05,0.871663089268275,3.6176217974302802,nan,1.3254571829635098,nan
21.27,220.00323486328125,-211.99627685546875,-5.017882823944092,219.57177743174668,-211.82708672234244,-5.022511747250878,0.4634676291875022,0.9465372786697023,0.23749759473467083,3.6529312102788616e-05,0.81908877174861,3.5474042206415968,nan,0.06860935947593136,nan
21.28,220.00323486328125,-211.987548828125,-5.017882823944092,219.5715802134932,-211.81769216991762,-5.02035196059915,0.46387834359542873,0.9467258596838609,0.2376048760209785,3.6604573790023325e-05,0.39778930836937254,3.1095391590047017,nan,3.368419073579078,nan
21.29,220.00323486328125,-211.9788360595703,-5.017882823944092,219.57138284474345,-211.80829763286164,-5.018530584690361,0.4643058695444453,0.9469150286113399,0.23771268719822808,3.6680400924291495e-05,0.24139066456336566,3.0577195595383113,nan,2.3140198393033127,nan
21.3,220.00323486328125,-211.97010803222656,-5.017882823944092,219.5419399415594,-211.78525441674083,-5.015233367636941,0.49696165202481585,0.9466570668891857,0.23765286511146344,3.6381184686466223e-05,0.4496663205842263,3.441472986903353,7.971870715799529,2.07662620395605,nan
21.31,220.00323486328125,-211.9613800048828,-5.017882823944092,219.54165392072255,-211.77582026542436,-5.015823773113648,0.49748730951812986,0.9468446549228636,0.23776028791040738,3.645478995354752e-05,0.3719188959009255,3.3474158870247677,nan,0.28438043513904243,nan
21.32,220.00323486328125,-211.95265197753906,-5.017882823944092,219.54136829971392,-211.76638577272172,-5.014054789363065,0.49802658106500847,0.9470328277254867,0.23786823903461715,3.652931211958839e-05,0.6557039250895386,3.614711427897217,nan,1.8993048600857798,nan
21.330000000000002,220.00323486328125,-211.94393920898438,-5.017882823944092,219.54108283571765,-211.7569513009023,-5.011752764659552,0.49858454847386974,0.9472215870970547,0.23797672028409164,3.660457380530918e-05,1.2800685128440303,4.344400421425237,nan,3.1475458373447673,nan
21.34,220.00323486328125,-211.93521118164062,-5.017882823944092,219.54079690845722,-211.7475171901118,-5.012303827802379,0.49910822645574243,0.9474109348375678,0.23808573345882983,3.668040093815456e-05,1.101033781281934,4.0307154712046716,nan,0.30574820090885413,nan
21.35,220.00323486328125,-211.92648315429688,-5.017882823944092,219.53022827701622,-211.72264482033285,-5.010554494924794,0.5151106691280454,0.9471525311158493,0.23802452800405008,3.638118469912378e-05,1.7223319791846143,5.095998537046049,1.552451999056447,1.249787306260259,nan
21.36,220.00323486328125,-211.91775512695312,-5.017882823944092,219.52991643391857,-211.7131421614789,-5.009924326991031,0.5157132331909421,0.9473402950734463,0.23813313730577854,3.6454789964963554e-05,1.9831008094657263,5.338223717695825,nan,0.1417666772822143,nan
21.37,220.00323486328125,-211.90904235839844,-5.017882823944092,219.5296046225608,-211.70363953588983,-5.0084933522850905,0.5163371830475091,0.9475286442441723,0.2382422769160338,3.652931212984329e-05,2.658648341736992,6.12862216130633,nan,1.0253863304203168,nan
21.38,220.00323486328125,-211.9003143310547,-5.017882823944092,219.52929274964282,-211.69413683753817,-5.006590286540217,0.5169698321119276,0.9477175804280271,0.2383519486348152,3.660457381447979e-05,3.7285043080980627,7.060531246347775,nan,1.8721403454916055,nan
21.39,220.00323486328125,-211.89158630371094,-5.017882823944092,219.52898083561882,-211.68463417964375,-5.005842400054921,0.5175819125678403,0.9479071054250109,0.2384621542621222,3.6680400946316364e-05,4.196640918304311,7.52365451246152,nan,0.1689600880003889,nan
21.400000000000002,220.00323486328125,-211.88287353515625,-5.017882823944092,219.52770777251683,-211.68495678146905,-5.006868420374967,0.5151877061100456,0.9476482604145253,0.2383995340376785,3.6381184706496865e-05,3.5924774830893074,6.777424172954466,0.8965350658300529,1.4556223138284878,nan
21.41,220.00323486328125,-211.8741455078125,-5.017882823944092,219.52738820884701,-211.6755048173023,-5.0076923039282315,0.5157441314846083,0.9478361987560143,0.2385093202854107,3.64547899714689e-05,3.105779016270682,6.1696502761261,nan,0.7103299955209357,nan
21.42,220.00323486328125,-211.86541748046875,-5.017882823944092,219.52706847484777,-211.66605276913032,-5.010411236907757,0.5162717716607071,0.9480247227436108,0.23861963877492048,3.652931213554518e-05,1.7846485362111948,4.850503618820295,nan,5.505610248274291,nan
21.43,220.00323486328125,-211.856689453125,-5.017882823944092,219.526749013403,-211.6566008651003,-5.010532736913748,0.5168444949607934,0.9482138341773148,0.23873049130620744,3.660457381943964e-05,1.7316383558751616,4.795650512163492,nan,0.04183073745282464,nan
21.44,220.00323486328125,-211.8479766845703,-5.017882823944092,219.52642946468194,-211.64714894328938,-5.0118832344893685,0.5174081221580057,0.9484035348571263,0.23884187967927142,3.6680400950592756e-05,1.2364166577832945,4.425014692898639,nan,1.4000494847305012,nan
21.45,220.00323486328125,-211.83924865722656,-5.017882823944092,219.54548820455443,-211.66524246318392,-5.012421344253736,0.4897346086414381,0.9481442493818736,0.23877781450153288,3.638118471028875e-05,1.0914649587722798,3.5138289049423115,4.397184135983392,0.13394454991254795,nan
21.46,220.00323486328125,-211.8305206298828,-5.017882823944092,219.54521916676626,-211.65591006460653,-5.011767075464126,0.49020876179408035,0.9483323605509721,0.23888876798547318,3.645478997468471e-05,1.2963487155721531,3.72024251064289,nan,0.21850510885169114,nan
21.47,220.00323486328125,-211.82179260253906,-5.017882823944092,219.54495000471564,-211.64657787237934,-5.013563384753322,0.49065657114764516,0.948521057788185,0.23900025559547217,3.652931213823338e-05,0.7798952363683761,3.2066993737481937,nan,2.292783859583826,nan
21.48,220.00323486328125,-211.81307983398438,-5.017882823944092,219.5446810940228,-211.637246004283,-5.013263794619405,0.4911317851661493,0.9487103428935121,0.23911227913152983,3.660457382164832e-05,0.8507754859242695,3.383776074965743,nan,0.042036396587079854,nan
21.490000000000002,220.00323486328125,-211.80435180664062,-5.017882823944092,219.54441234491762,-211.627914156242,-5.014282199734313,0.4915905942249389,0.9489002176669536,0.2392248403936461,3.6680400952365826e-05,0.6201936735426583,3.0474337363355195,nan,0.7309606824496739,nan
21.5,220.00323486328125,-211.79562377929688,-5.017882823944092,219.57072338148544,-211.6177980849421,-5.016393128142726,0.4676434311006045,0.9486404926617288,0.23915930129581184,3.638118471179191e-05,0.27657930309660217,2.9019120167842676,3.3175029960539946,1.3384390228485363,nan
21.51,220.00323486328125,-211.78689575195312,-5.017882823944092,219.5705403419905,-211.60843717686456,-5.01634961125337,0.46805380301716826,0.9488287750873822,0.23927141216479988,3.645478997582977e-05,0.279268816285873,2.8964350800086756,nan,0.0044902991040515995,nan
21.52,220.00323486328125,-211.77818298339844,-5.017882823944092,219.57035732410137,-211.59907612866763,-5.017239240466507,0.46846840185618316,0.9490176439924161,0.23938405899618925,3.6529312139057144e-05,0.22533272894693335,2.943078356107452,nan,0.46835572654140656,nan
21.53,220.00323486328125,-211.7694549560547,-5.017882823944092,219.57017434003274,-211.58971509112178,-5.018906458530204,0.46888045776097803,0.9492071011768308,0.2394972435899801,3.66045738221854e-05,0.24187730515616712,2.834805011208378,nan,1.667873937642323,nan
21.54,220.00323486328125,-211.76072692871094,-5.017882823944092,219.56999132310526,-211.58035449935093,-5.017514764908508,0.46929128890797855,0.9493971484406264,0.23961096774617244,3.668040095264814e-05,0.21622933330059854,2.7896966468562114,nan,1.417349184433817,nan
21.55,220.00323486328125,-211.7519989013672,-5.017882823944092,219.5894874500727,-211.57983351479547,-5.017940935825698,0.4481381992724332,0.9491369849485312,0.23954392697505064,3.638118471194802e-05,0.1941233367439517,2.650590313219166,0.9588564819141945,0.03980011945444188,nan
21.56,220.00323486328125,-211.7432861328125,-5.017882823944092,219.58936351023857,-211.57049811611452,-5.017314765694351,0.4484924952259231,0.9493254370463456,0.23965718524783833,3.6454789975784854e-05,0.20215234745386812,2.751382470330153,nan,0.319084313844266,nan
21.57,220.00323486328125,-211.73455810546875,-5.017882823944092,219.58923953444344,-211.56116256425028,-5.017068503160343,0.44884163034673374,0.9495144760242957,0.2397709812724523,3.652931213883852e-05,0.210768860835413,2.641943299141658,nan,0.060896691663244226,nan
21.580000000000002,220.00323486328125,-211.725830078125,-5.017882823944092,219.58911558641304,-211.55182655771344,-5.0198609059497645,0.4491947388359343,0.9497041036823817,0.23988531684889272,3.6604573821816896e-05,0.2988501553921019,2.7194819313387537,nan,4.828623324609654,nan
21.59,220.00323486328125,-211.71710205078125,-5.017882823944092,219.58899162040728,-211.54249072992766,-5.019788237168912,0.4495444452293124,0.9498943218206035,0.24000019377715973,3.668040095215236e-05,0.2903008164075108,2.6895485891031807,nan,0.02277380410692419,nan
21.6,220.00323486328125,-211.70838928222656,-5.017882823944092,219.57290410686107,-211.52296256953258,-5.019461119811244,0.46858309478629456,0.9496337209904843,0.23993162478803579,3.63811847114152e-05,0.27073792320055157,2.85869211570367,2.239709115987312,0.07219218106960222,nan
21.61,220.00323486328125,-211.6996612548828,-5.017882823944092,219.5727332793556,-211.51359123383443,-5.021029910862147,0.4690027405586426,0.949822341164114,0.24004602036419342,3.645478997515998e-05,0.47349986333815464,2.9339679423314897,nan,1.4288618063240903,nan
21.62,220.00323486328125,-211.69093322753906,-5.017882823944092,219.5725625243676,-211.50422035789904,-5.01976225827115,0.4694080223728007,0.9500115486083496,0.24016095543569457,3.65293121381393e-05,0.29808699837572616,2.738519349547106,nan,1.244567696574189,nan
21.63,220.00323486328125,-211.6822052001953,-5.017882823944092,219.57239183282192,-211.49484939047977,-5.0192398480347435,0.4698188564158815,0.950201345123191,0.2402764318025394,3.660457382105904e-05,0.2512962731928504,2.6744755460731153,nan,0.2416319648064027,nan
21.64,220.00323486328125,-211.67349243164062,-5.017882823944092,219.5722211668864,-211.4854784620189,-5.019094814083671,0.47023773580281847,0.9503917325086385,0.24039245126472825,3.668040095135189e-05,0.2406447566585475,2.758195844887691,nan,0.031825813243749085,nan
21.650000000000002,220.00323486328125,-211.66476440429688,-5.017882823944092,219.57573941827926,-211.46706737012676,-5.0173721979463295,0.47099547084449156,0.9501306955924614,0.24032232871444034,3.638118471062869e-05,0.1996068840383711,2.8097799847071574,0.9810877532577051,1.399682992731031,nan
21.66,220.00323486328125,-211.65603637695312,-5.017882823944092,219.57558419074144,-211.4576495096958,-5.016518604746132,0.4714279456268415,0.950319482234946,0.24043785138489585,3.645478997435156e-05,0.24353705914257762,2.841649641462753,nan,0.5054306573955474,nan
21.67,220.00323486328125,-211.64730834960938,-5.017882823944092,219.57542903988113,-211.44823173050943,-5.016182255291905,0.4718603763202194,0.9505088565284454,0.2405539152493031,3.6529312137320143e-05,0.27172214184682775,2.8584370968397854,nan,0.0776726863357295,nan
21.68,220.00323486328125,-211.6385955810547,-5.017882823944092,219.51506096719757,-211.47332337098413,-5.016130139334839,0.515394730417827,0.9435257929951312,0.238314408852353,3.660457268004684e-05,0.5055042243441856,3.1974595813500293,nan,0.0020539897166890705,0.505448048023596
21.69,220.00323486328125,-211.62986755371094,-5.017882823944092,219.5148587174437,-211.46400071226267,-5.017657283461777,0.5157742915109974,0.9437042543784243,0.23841825689200738,3.66803998565531e-05,0.41989140662788943,2.992629130306138,nan,1.489613080709602,nan
21.7,220.00323486328125,-211.6211395263672,-5.017882823944092,219.5209056640233,-211.45608444531487,-5.017678895801462,0.5097888561205377,0.9434654541250764,0.23836191292445666,3.638118367970611e-05,0.40328257421444147,2.9242351311968258,1.1361460224000015,0.26096889264633266,nan
21.71,220.00323486328125,-211.61241149902344,-5.017882823944092,219.52071916149464,-211.44676513810333,-5.017268596401353,0.510157325373432,0.9436424732496749,0.23846542010275615,3.645478898704458e-05,0.409508345075051,2.922694297496822,nan,0.1221067495429735,nan
21.72,220.00323486328125,-211.60369873046875,-5.017882823944092,219.52053334003324,-211.4374453489228,-5.017114388879181,0.5105306434621331,0.9438200704650197,0.2385694336019826,3.6529311192843076e-05,0.4123108559506473,3.0328061822432577,nan,0.018489543460707452,nan
21.73,220.00323486328125,-211.594970703125,-5.017882823944092,219.52034841903156,-211.42812491214931,-5.017320845143132,0.5108983772009659,0.9439982475711072,0.2386739552221373,3.6604572917757015e-05,0.4018734494873289,2.902640684906045,nan,0.024308389895972872,nan
21.740000000000002,220.00323486328125,-211.58624267578125,-5.017882823944092,219.5201635189784,-211.41880441417462,-5.0175467079453675,0.5112666702518224,0.9441770063679333,0.23877898676322115,3.668040008916916e-05,0.39346476674697045,2.8867986906354175,nan,0.027842881474104582,nan
21.75,220.00323486328125,-211.5775146484375,-5.017882823944092,219.5074641057782,-211.3914486532608,-5.0188334489624316,0.5295376306214313,0.943937830206109,0.23872143450070532,3.638118390097385e-05,0.37585821759062,3.4327510678712514,4.07002406841961,0.08867548545012799,nan
21.76,220.00323486328125,-211.5688018798828,-5.017882823944092,219.50725696511628,-211.38204456700362,-5.020195071008151,0.5299789768174586,0.9441151430847495,0.23882611101816156,3.645478920302764e-05,0.4952728219252617,3.6586180417856555,nan,1.079797639841922,nan
21.77,220.00323486328125,-211.56007385253906,-5.017882823944092,219.50704647245425,-211.37264251412194,-5.020004865447964,0.5304129795475113,0.9442930346648882,0.23893129637545843,3.6529311403360985e-05,0.4695773294506533,3.4921938725016743,nan,0.05506096264706476,nan
21.78,220.00323486328125,-211.5513458251953,-5.017882823944092,219.50683753596118,-211.363239366881,-5.02062918369986,0.5308501565620637,0.9444715067465198,0.23903699237259604,3.6604573122653994e-05,0.5500936637694351,3.554663965255752,nan,0.1796769158276331,nan
21.79,220.00323486328125,-211.54261779785156,-5.017882823944092,219.5066262465845,-211.35383780704439,-5.020095662765033,0.5312841986755075,0.9446505611296381,0.23914320080957419,3.668040028831282e-05,0.47531410313738953,3.4588272635982853,nan,0.2647537742846853,nan
21.8,220.00323486328125,-211.53390502929688,-5.017882823944092,219.52597887783745,-211.35376593753057,-5.021836723435836,0.5101362576268399,0.9444110023164511,0.2390844058071575,3.6381184089741216e-05,0.7498293932805884,3.683151799001451,0.9505804273160774,1.8707344829145536,nan
21.81,220.00323486328125,-211.52517700195312,-5.017882823944092,219.52582841488382,-211.34439103827407,-5.022316902247627,0.5105096891198212,0.9445886071039544,0.23919024496032584,3.6454789386073774e-05,0.8572387606917896,3.6512948868574404,nan,0.0791783733452552,nan
21.82,220.00323486328125,-211.51644897460938,-5.017882823944092,219.52567543700593,-211.335017769138,-5.021384441778833,0.5108742988942269,0.9447667911891122,0.23929659541211454,3.6529311580621833e-05,0.6514016173788013,3.4231859336096537,nan,0.7438014755571825,nan
21.830000000000002,220.00323486328125,-211.50772094726562,-5.017882823944092,219.52552452016118,-211.32564308065122,-5.021571802798449,0.5112466430205019,0.944945556371918,0.2394034589625228,3.660457329408272e-05,0.685390004163572,3.4399488234109845,nan,0.0031703114421002326,nan
21.84,220.00323486328125,-211.49900817871094,-5.017882823944092,219.525373993842,-211.3162678936208,-5.022016803799393,0.5116269267009891,0.945124904452365,0.23951083741154972,3.668040045388118e-05,0.7773931405665544,3.632698491221324,nan,0.06792475352463447,nan
21.85,220.00323486328125,-211.4902801513672,-5.017882823944092,219.50003818616585,-211.30135659750798,-5.02006572772495,0.5374976931408065,0.9448849564645543,0.23945076621644212,3.63811842461715e-05,0.4886855529337568,3.245546842253315,1.9432188702489095,1.975574271509441,nan
21.86,220.00323486328125,-211.48155212402344,-5.017882823944092,219.49980252477616,-211.29198134589066,-5.019117020347396,0.5379430477432849,0.9450628512565853,0.23955776103476284,3.645478953682816e-05,0.3973451140658093,3.1408301193156056,nan,0.682094500410331,nan
21.87,220.00323486328125,-211.4728240966797,-5.017882823944092,219.49956912970956,-211.28260461398045,-5.019547904572996,0.5383914888500537,0.9452413259280965,0.23966526955142498,3.652931172571894e-05,0.4293477544885531,3.1605776173200035,nan,0.09167959842319721,nan
21.88,220.00323486328125,-211.464111328125,-5.017882823944092,219.49933770949684,-211.27322641286634,-5.021295392979094,0.5388515918996185,0.9454203822790811,0.23977329356642715,3.6604573433554056e-05,0.6694702256786081,3.507269224310459,nan,1.8274465100541213,nan
21.89,220.00323486328125,-211.45538330078125,-5.017882823944092,219.4991021684391,-211.26385082662247,-5.020326274660416,0.5392962387385987,0.9456000221095323,0.2398818348797681,3.668040058777255e-05,0.5120572271881595,3.217990576225249,nan,0.7350798714477854,nan
21.900000000000002,220.00323486328125,-211.4466552734375,-5.017882823944092,219.47885577188868,-211.23304276910685,-5.021829557572765,0.5662325584090447,0.9453596786476585,0.2398204550499977,3.6381184372275594e-05,0.7626210057274863,4.054919932521909,2.863210831883543,0.8812240990509491,nan
21.91,220.00323486328125,-211.43792724609375,-5.017882823944092,219.4785719667767,-211.2235771900023,-5.020628982182758,0.5667668329216307,0.9455378614840113,0.2399285983098975,3.645478965762913e-05,0.5398758354862119,3.8126459078397916,nan,1.1277069339307744,nan
21.92,220.00323486328125,-211.42921447753906,-5.017882823944092,219.47828782358974,-211.21411185806093,-5.019035346821485,0.5673093157142917,0.9457166247676038,0.24003725760987635,3.652931184129141e-05,0.36791034664476846,3.750783620024963,nan,1.8323223522343914,nan
21.93,220.00323486328125,-211.4204864501953,-5.017882823944092,219.47800886074756,-211.2046429111665,-5.021446103804218,0.5678586831610114,0.9458959702984291,0.2401464347499327,3.66045735439814e-05,0.6770339747533062,3.9184855931993456,nan,3.5807514329482344,nan
21.94,220.00323486328125,-211.41175842285156,-5.017882823944092,219.47772447914704,-211.1951776907042,-5.0194803904286145,0.5683932877761989,0.9460758998764809,0.240256131530065,3.668040069314619e-05,0.39840261912196095,3.6226963215731054,nan,2.753690272040114,nan
21.95,220.00323486328125,-211.4030303955078,-5.017882823944092,219.44012259609454,-211.15801604698126,-5.019635018456417,0.6141095395983173,0.9458351548685003,0.24019341165043967,3.638118447120841e-05,0.4362417082067072,4.432860185206656,8.903591588202744,1.2079508182342955,nan
21.96,220.00323486328125,-211.39431762695312,-5.017882823944092,219.43973812519437,-211.14844528293608,-5.019534125937399,0.6148044487357474,0.9460136237363025,0.24030269588910927,3.645478975183185e-05,0.4259284772009387,4.542987759350221,nan,0.01197551651736304,nan
21.97,220.00323486328125,-211.38558959960938,-5.017882823944092,219.4393548698087,-211.138873660587,-5.0206080621666604,0.6154972205702118,0.9461926736052997,0.2404124984526862,3.6529311930870696e-05,0.553784325999899,4.514042014194319,nan,0.7008683597651101,nan
21.98,220.00323486328125,-211.37686157226562,-5.017882823944092,219.438970485019,-211.12930294333137,-5.020736807633349,0.6161880464260703,0.9463723062754862,0.2405228211411689,3.6604573629051e-05,0.572371477102942,4.513450034154342,nan,0.0033127955142215545,nan
21.990000000000002,220.00323486328125,-211.36813354492188,-5.017882823944092,219.43858851398022,-211.11973070182765,-5.023147392666691,0.6168931738316684,0.9465525235468562,0.2406336657545558,3.6680400773822516e-05,1.1048734974042278,5.028550872436895,nan,3.5466998386641877,nan
22.0,220.00323486328125,-211.3594207763672,-5.017882823944092,219.44346579819813,-211.11821044030341,-5.022385021136688,0.6095441757802186,0.9463113711510949,0.24056957545001623,3.638118454670809e-05,0.9080002566379872,4.7477939260015445,0.4128147235611311,0.37919252743867876,nan
22.01,220.00323486328125,-211.35069274902344,-5.017882823944092,219.44308896877166,-211.1086772274611,-5.019717098699239,0.6101952969147783,0.94649012398793,0.24067999297885795,3.6454789823271625e-05,0.44238035125156183,4.133832093159615,nan,4.947103953059363,nan
22.02,220.00323486328125,-211.3419647216797,-5.017882823944092,219.44271540405245,-211.09914168448117,-5.020354719379473,0.6108610331618014,0.9466694583663735,0.24079093106159752,3.652931199837358e-05,0.5166301108926268,4.192601999538351,nan,0.23699370814341264,nan
22.03,220.00323486328125,-211.333251953125,-5.017882823944092,219.44234077954442,-211.089606910877,-5.019728524774674,0.6115296283865258,0.9468493760864206,0.24090239149823353,3.6604573692741937e-05,0.4417129399293049,4.233728501095801,nan,0.2916685752354799,nan
22.04,220.00323486328125,-211.32452392578125,-5.017882823944092,219.44196631478195,-211.08007191319587,-5.01917446272177,0.6121934647824062,0.9470298789480662,0.24101437608876436,3.668040083382743e-05,0.39347910996600977,4.03979476809824,nan,0.2210794649228472,nan
22.05,220.00323486328125,-211.3157958984375,-5.017882823944092,219.43392728797184,-211.06740581183212,-5.021629731938965,0.621146351311855,0.9467883135556185,0.2409488860352329,3.6381184602668075e-05,0.743395814271574,4.51784244979166,2.9207204548201533,1.222790067084103,nan
22.06,220.00323486328125,-211.30706787109375,-5.017882823944092,219.43353031654428,-211.0578620936948,-5.022603278375265,0.621843286328498,0.9469673482525678,0.2410604289529731,3.645478987586461e-05,0.9681724430806218,4.72105651853361,nan,0.49554607904503556,nan
22.07,220.00323486328125,-211.29835510253906,-5.017882823944092,219.43313162883638,-211.04831956116863,-5.021679633405268,0.6225350477161882,0.9471469650182569,0.24117249459883203,3.6529312047725816e-05,0.751012242784546,4.617574090239988,nan,0.7051603563900223,nan
22.080000000000002,220.00323486328125,-211.2896270751953,-5.017882823944092,219.43273336253586,-211.0387764942691,-5.0215594531053425,0.6232266793918253,0.9473271656526815,0.24128508477280824,3.660457373897785e-05,0.7251674268697691,4.442155048845061,nan,0.03085047710392133,nan
22.09,220.00323486328125,-211.28089904785156,-5.017882823944092,219.43233585608954,-211.0292327814911,-5.022435487028083,0.6239249255939856,0.9475079519558373,0.24139820127490036,3.668040087707152e-05,0.9204817797419742,4.620170983261737,nan,0.3917497331785853,nan
22.1,220.00323486328125,-211.2721710205078,-5.017882823944092,219.45949967883558,-211.04605637543168,-5.020899388631055,0.5888844395843553,0.9472659681924174,0.24133128320773306,3.638118464284058e-05,0.5949925925897938,3.5734540416660594,4.1720097349484195,1.172365069218982,nan
22.11,220.00323486328125,-211.26345825195312,-5.017882823944092,219.45917053925973,-211.03661961853797,-5.01821678512418,0.5894589602446622,0.9474452825970199,0.24144394341319556,3.6454789913334396e-05,0.34688474426028204,3.432584967497035,nan,4.924940911311086,nan
22.12,220.00323486328125,-211.25473022460938,-5.017882823944092,219.45884403117583,-211.02718064063174,-5.019869160216294,0.5900374028657956,0.9476251795844695,0.2415571284672912,3.652931208261126e-05,0.45085186739412253,3.407298608664961,nan,1.7421410296905007,nan
22.13,220.00323486328125,-211.24600219726562,-5.017882823944092,219.45851707145846,-211.01774178509578,-5.020882176204768,0.5906177144365284,0.9478056609547625,0.24167084017001875,3.660457377139521e-05,0.5876542131878119,3.530815287953065,nan,0.5998697132532693,nan
22.14,220.00323486328125,-211.23727416992188,-5.017882823944092,219.4581891934003,-211.0083037148239,-5.0201462602381595,0.5911914873436516,0.9479867285078959,0.24178508032137713,3.66804009071369e-05,0.4806380975151344,3.4105028256151897,nan,0.41693444728607143,nan
22.150000000000002,220.00323486328125,-211.2285614013672,-5.017882823944092,219.48269012727818,-211.01210095598876,-5.020303437511841,0.5637621891932658,0.9477443212351652,0.24171670704152587,3.6381184670644346e-05,0.47638740408046165,3.224066874505086,1.6158568815132186,0.023360573901285438,nan
22.16,220.00323486328125,-211.21983337402344,-5.017882823944092,219.48243521135052,-211.00270536541433,-5.018193450841413,0.5642490106883628,0.9479239131542958,0.2418304762460629,3.645478993903638e-05,0.3169708675158113,2.938946308745774,nan,3.044909741834277,nan
22.17,220.00323486328125,-211.2111053466797,-5.017882823944092,219.4821809051151,-210.9933090684455,-5.0169015028076895,0.5647418960237119,0.9481040881576135,0.24194477236709921,3.652931210631759e-05,0.33970710476641763,2.95432605332506,nan,1.094888404639248,nan
22.18,220.00323486328125,-211.20237731933594,-5.017882823944092,219.481926607094,-210.98391257712458,-5.015159976327001,0.5652402634788144,0.9482848480451156,0.24205959720463374,3.660457379320959e-05,0.5149352558088989,3.1191574671118887,nan,1.9131265195665206,nan
22.19,220.00323486328125,-211.19366455078125,-5.017882823944092,219.48167247218706,-210.97451587946193,-5.0136171431789505,0.5657487640086402,0.9484661946167996,0.2421749525586657,3.668040092716054e-05,0.8075167803090308,3.516444147970332,nan,1.420213756003349,nan
22.2,220.00323486328125,-211.1849365234375,-5.017882823944092,219.48631039536633,-210.96303689794266,-5.012630847190217,0.5625637142437258,0.9482233589331986,0.24210509793665874,3.638118468905812e-05,1.0565246950518135,3.7313044378936056,0.22737494899254757,0.7277353167139939,nan
22.21,220.00323486328125,-211.17620849609375,-5.017882823944092,219.48607588853014,-210.95362483184303,-5.012640610819505,0.5630491750774016,0.9484032261358656,0.24221996767623835,3.6454789955869334e-05,1.0514550922945012,3.71911305985992,nan,0.008027928714428862,nan
22.22,220.00323486328125,-211.16748046875,-5.017882823944092,219.485841950017,-210.94421217422396,-5.014561806709291,0.5635203520655683,0.9485836769115473,0.24233536634858652,3.6529312121659724e-05,0.5988506220033483,3.2611970607960914,nan,2.6382942659728332,nan
22.23,220.00323486328125,-211.1587677001953,-5.017882823944092,219.48560699075762,-210.9348000932881,-5.013711426462404,0.5640190634314066,0.9487647130602419,0.24245129575370258,3.660457380715029e-05,0.7716006301607237,3.5437172404356154,nan,0.409619879801486,nan
22.240000000000002,220.00323486328125,-211.15003967285156,-5.017882823944092,219.48537240419134,-210.9253877658258,-5.013644290095827,0.5645068387842116,0.9489463363819476,0.2425677576915858,3.6680400939784677e-05,0.7853714272612952,3.434879150494775,nan,3.5960362409070284e-06,nan
22.25,220.00323486328125,-211.1413116455078,-5.017882823944092,219.49184515973485,-210.91589419041745,-5.012773129843761,0.5588904784718469,0.948703067623055,0.2424963966694356,3.6381184700581784e-05,1.0018134448733458,3.686205158923641,0.1506289594310133,0.4365538075305266,nan
22.26,220.00323486328125,-211.13258361816406,-5.017882823944092,219.49163397754572,-210.90647506759643,-5.014071643123709,0.5593523648152583,0.9488832078431151,0.24261235831638364,3.645478996624524e-05,0.6821159069797313,3.3632832042551337,nan,1.2428376845875293,nan
22.27,220.00323486328125,-211.12387084960938,-5.017882823944092,219.49142214970087,-210.89705625785243,-5.013337958138245,0.5598372697682601,0.9490639321127589,0.24272885086181725,3.652931213096312e-05,0.8486586631632134,3.642281006702679,nan,0.2994949004623012,nan
22.28,220.00323486328125,-211.11514282226562,-5.017882823944092,219.4912107107567,-210.88763707755575,-5.014418637214169,0.560303129773686,0.9492452422319849,0.24284587610573602,3.660457381545356e-05,0.6106142699581332,3.2834761444625316,nan,0.8489345153878733,nan
22.29,220.00323486328125,-211.10641479492188,-5.017882823944092,219.4909995943036,-210.87821755486027,-5.017688247284342,0.560766430001322,0.9494271400007919,0.24296343584813934,3.668040094715677e-05,0.28340097892110855,2.9516899600253885,nan,7.033282077175052,nan
22.3,220.00323486328125,-211.09768676757812,-5.017882823944092,219.51231178126434,-210.88571369466376,-5.019616568477819,0.5347345715098686,0.9491834337392366,0.24289054443928418,3.638118470723814e-05,0.3491703241067683,2.699277921289386,1.7809045032910782,1.9778187419441056,nan
22.31,220.00323486328125,-211.08897399902344,-5.017882823944092,219.51215870607626,-210.87635728648937,-5.019160021287635,0.5351292272498923,0.9493638446780315,0.24300758921368126,3.645478997210195e-05,0.3106142702996673,2.7555700309083795,nan,0.18570719463919722,nan
22.32,220.00323486328125,-211.0802459716797,-5.017882823944092,219.51200589841233,-210.86700071909843,-5.019242743813906,0.5355196383482981,0.949544840130971,0.2431251668027652,3.6529312136081246e-05,0.3158593966890668,2.6402873164208347,nan,0.00015051634100063656,nan
22.330000000000002,220.00323486328125,-211.07151794433594,-5.017882823944092,219.51185322683833,-210.85764415094627,-5.017861756097042,0.5359084927261981,0.949726421898054,0.24324327900653553,3.660457381988978e-05,0.2646344335161762,2.578120137832381,nan,1.3544795640458207,nan
22.34,220.00323486328125,-211.0627899169922,-5.017882823944092,219.5117008821452,-210.84828731927846,-5.0183752255665475,0.5362996005002799,0.9499085917792798,0.243361927624992,3.6680400950965674e-05,0.27064875365052127,2.573563556503842,nan,0.14484536752319155,nan
22.35,220.00323486328125,-211.0540771484375,-5.017882823944092,219.49752244914367,-210.8335174693809,-5.018219883453059,0.5517170755446323,0.9496644438242318,0.24328748291237962,3.6381184710610674e-05,0.2828452502852801,2.736553694583526,2.1933811316582075,0.26306967433232353,nan
22.36,220.00323486328125,-211.04534912109375,-5.017882823944092,219.49732672235587,-210.82414687019042,-5.020510290608094,0.5521597472112125,0.9498451231531422,0.24340560189311333,3.6454789974946014e-05,0.4685679715286222,2.8013910476905672,nan,3.3308713773259906,nan
22.37,220.00323486328125,-211.03662109375,-5.017882823944092,219.49713066284886,-210.81477657660864,-5.019395525662716,0.5525927431187299,0.9500263874489993,0.24352425555624696,3.652931213844296e-05,0.3413331922667797,2.6630550013423253,nan,0.9182632003285023,nan
22.38,220.00323486328125,-211.02789306640625,-5.017882823944092,219.49693485565413,-210.8054062619621,-5.019932846935222,0.5530318964302612,0.9502082385118024,0.2436434457017802,3.6604573821812275e-05,0.39302408601160854,2.7007511284723487,nan,0.15205273942623126,nan
22.39,220.00323486328125,-211.01918029785156,-5.017882823944092,219.49673914769494,-210.79603619792022,-5.0198489010174665,0.553475441822416,0.9503906781415512,0.24376317412971304,3.6680400952491363e-05,0.3831276267772102,2.787249499988022,nan,0.013870824385642593,nan
22.400000000000002,220.00323486328125,-211.0104522705078,-5.017882823944092,219.49968330656097,-210.82406708885682,-5.019902888008958,0.5369429083927998,0.9501460845378147,0.24368715426213125,3.6381184711895806e-05,0.46072481362734324,2.036127543855607,9.69482454306223,0.17514630145146684,nan
22.41,220.00323486328125,-211.00172424316406,-5.017882823944092,219.499466844007,-210.81487303121116,-5.018987689875478,0.5373051399163157,0.9503270299007351,0.24380633839760477,3.645478997590524e-05,0.380684660324127,1.946205114868126,nan,0.6360160431907737,nan
22.42,220.00323486328125,-210.9929962158203,-5.017882823944092,219.49925031345526,-210.80567914936424,-5.016751327247357,0.5376703359250782,0.9505085606718925,0.24392605903572157,3.6529312139110405e-05,0.38090393836960845,1.939570765871999,nan,3.393362875285441,nan
22.43,220.00323486328125,-210.98428344726562,-5.017882823944092,219.4990338360747,-210.79648515592967,-5.017724291604016,0.5380398676653605,0.9506906786512863,0.24404631797648155,3.660457382222e-05,0.3451715387513285,1.9887140613506782,nan,0.6039126951847977,nan
22.44,220.00323486328125,-210.97555541992188,-5.017882823944092,219.4988173803765,-210.7872911544556,-5.0192751183740185,0.5384072521756232,0.9508733856389165,0.24416711701988472,3.668040095266941e-05,0.39602809136861994,1.9460540312482515,nan,1.4901738459451779,nan
22.45,220.00323486328125,-210.96682739257812,-5.017882823944092,219.4987927000423,-210.78867523005,-5.017296602720002,0.5349770394343848,0.9506283426656492,0.24408950120664433,3.638118471196308e-05,0.3868134841242145,1.7370018753540803,1.0655417886811045,1.8290044299634165,nan
22.46,220.00323486328125,-210.95809936523438,-5.017882823944092,219.49856839185173,-210.77953108627815,-5.016497623919704,0.5353286807313921,0.9508095516813841,0.2442097413251434,3.645478997579275e-05,0.4285502078522041,1.776227650051086,nan,0.4244502000497512,nan
22.47,220.00323486328125,-210.9493865966797,-5.017882823944092,219.49834421257265,-210.77038691084877,-5.016330372350786,0.5356844843809395,0.9509913465353784,0.2443305197200678,3.652931213884123e-05,0.4404024333435639,1.8678974768694105,nan,0.016572857107774504,nan
22.48,220.00323486328125,-210.94065856933594,-5.017882823944092,219.49812010136705,-210.76124274223548,-5.01652834680544,0.5360343238320648,0.9511737290276322,0.24445183819141772,3.660457382181775e-05,0.42312588752938757,1.7663301961193036,nan,0.027816927920158236,nan
22.490000000000002,220.00323486328125,-210.9319305419922,-5.017882823944092,219.49789594539794,-210.75209858480324,-5.01717085417228,0.5363836888411476,0.9513567009581454,0.24457369853919309,3.668040095215437e-05,0.3854231919969623,1.7268105573968169,nan,0.26849869307475804,nan
22.5,220.00323486328125,-210.92320251464844,-5.017882823944092,219.5154535097158,-210.74191830537885,-5.017652005864906,0.5203793488347052,0.9511112051272275,0.24449446704326439,3.638118471141886e-05,0.3233902310814406,1.7426917329831275,1.5297894344644298,0.0006399471028215007,nan
22.51,220.00323486328125,-210.91448974609375,-5.017882823944092,219.51529046926174,-210.73275477747336,-5.017115345137226,0.5206898496209017,0.9512926753918068,0.24461575386298512,3.645478997516789e-05,0.3367663421591448,1.8347724668202408,nan,0.21022832506448808,nan
22.52,220.00323486328125,-210.90576171875,-5.017882823944092,219.5151273619058,-210.72359128192213,-5.0149796135235825,0.5210023316490933,0.9514747319136427,0.24473758068744994,3.6529312138152025e-05,0.5500907379296347,1.960568904684072,nan,3.0093210374560733,nan
22.53,220.00323486328125,-210.89703369140625,-5.017882823944092,219.51496375295326,-210.714427878196,-5.01713567222403,0.5213004109290456,0.9516573764927355,0.244859949316659,3.660457382107911e-05,0.3333688945857986,1.744653514089106,nan,3.0658316121066824,nan
22.54,220.00323486328125,-210.8883056640625,-5.017882823944092,219.51480016662563,-210.70526441916223,-5.017937095450478,0.5216057449617478,0.9518406109290851,0.24498286155061236,3.668040095137941e-05,0.31697982824171356,1.7247843459595822,nan,0.3884820057335187,nan
22.55,220.00323486328125,-210.8795928955078,-5.017882823944092,219.5557046487391,-210.7064334185654,-5.017189938269224,0.479862456828696,0.9515946589831616,0.24490199568031665,3.6381184710660845e-05,0.2662112392038218,1.808904364487574,5.614923685076514,1.673508754175025,nan
22.56,220.00323486328125,-210.87086486816406,-5.017882823944092,219.55567239703527,-210.69728481949178,-5.01719323106041,0.48004444588767287,0.9517763880720796,0.2450243198190573,3.645478997439282e-05,0.2649335648476234,1.7190892944394132,nan,0.0010934181441804084,nan
22.57,220.00323486328125,-210.8621368408203,-5.017882823944092,219.55564013786324,-210.68813620156538,-5.019291985493289,0.48022832738128085,0.9519587038264654,0.24514718564638419,3.6529312137371196e-05,0.3051403966086804,1.7536894075606844,nan,2.731250615665677,nan
22.580000000000002,220.00323486328125,-210.85340881347656,-5.017882823944092,219.52781912330485,-210.72249744772174,-5.019620799621061,0.4931135082925169,0.9502396893295157,0.2406080078154622,3.660457261413242e-05,0.6676027530844163,2.1037502941366615,nan,0.03697835478001998,0.40602312721645734
22.59,220.00323486328125,-210.84469604492188,-5.017882823944092,219.52774254685298,-210.7134386647889,-5.020655402680556,0.49328402570380087,0.9504172730500571,0.24071307496825664,3.668039979359763e-05,0.7909636076731755,2.2978753127676006,nan,0.5651838000528645,nan
22.6,220.00323486328125,-210.83596801757812,-5.017882823944092,219.536606473288,-210.70671740045435,-5.020421390526913,0.4842047301450711,0.9501783449922558,0.24065516452051527,3.63811836206113e-05,0.7339737406679068,2.1387891501706116,0.31318977949196003,0.01333843155785609,nan
22.61,220.00323486328125,-210.82723999023438,-5.017882823944092,219.53656141549234,-210.69765768221586,-5.019932080933081,0.4843344721128127,0.9503544957679071,0.2407598760210239,3.6454788930711125e-05,0.6684945869514998,2.0629692191039393,nan,0.23008149539273254,nan
22.62,220.00323486328125,-210.81851196289062,-5.017882823944092,219.5365167181277,-210.68859732515378,-5.019121365298044,0.48446380060697136,0.9505312246632727,0.24086509361813144,3.65293111392058e-05,0.591776162652744,1.9765580799878988,nan,0.5293874094684358,nan
22.63,220.00323486328125,-210.80979919433594,-5.017882823944092,219.53647280126478,-210.67953559565146,-5.017597991657463,0.4845982963337063,0.9507085334783535,0.24097081911183788,3.660457286674631e-05,0.5484046265935545,2.007652372131047,nan,1.6461231881800356,nan
22.64,220.00323486328125,-210.8010711669922,-5.017882823944092,219.53643164291168,-210.67046967279165,-5.013780530639345,0.4847461455702063,0.9508864240131503,0.24107705430214293,3.668040004071515e-05,1.001522386799702,2.375587451419146,nan,9.55258276140167,nan
22.650000000000002,220.00323486328125,-210.79234313964844,-5.017882823944092,219.54360021205855,-210.66663687785413,-5.014302478696519,0.4765279590233963,0.9506471677108518,0.24101791786976454,3.638118385561963e-05,0.8984810539683277,2.23948805541705,0.21905714367974585,0.12586306599792502,nan
22.66,220.00323486328125,-210.78363037109375,-5.017882823944092,219.54357196710296,-210.65760069868006,-5.015837364949315,0.4766315561880191,0.950823621641189,0.24112378335672927,3.645478916003144e-05,0.6573492661632444,2.081533606300674,nan,1.5833650510616482,nan
22.67,220.00323486328125,-210.77490234375,-5.017882823944092,219.54354550960537,-210.6485621430657,-5.015989319411987,0.4767386428131388,0.9510006543010481,0.24123015746463047,3.652931136265124e-05,0.6373102849865842,1.983559325757539,nan,0.01328158359307988,nan
22.68,220.00323486328125,-210.76617431640625,-5.017882823944092,219.54352054868832,-210.63952152667645,-5.014940840415544,0.476850957276035,0.9511782674904288,0.24133704199346637,3.6604573084156225e-05,0.7722186282393287,2.1186589720714406,nan,0.7256106722684742,nan
22.69,220.00323486328125,-210.7574462890625,-5.017882823944092,219.54349377901235,-210.6304837473373,-5.01547003701736,0.4769561542813107,0.9513564630093311,0.241444438743235,3.66804002519542e-05,0.6911069251220675,2.0395646167415418,nan,0.1862807371512821,nan
22.7,220.00323486328125,-210.7487335205078,-5.017882823944092,219.5578066674712,-210.6138349469295,-5.014275100727619,0.4654212268933038,0.9511168702766913,0.24138404284182016,3.6381184055808466e-05,0.7846425787557352,2.466966493939713,2.236126088112587,0.6919010917837141,nan
22.71,220.00323486328125,-210.74000549316406,-5.017882823944092,219.55784117639936,-210.60474044846137,-5.013934787418481,0.4654973207496129,0.9512936255089355,0.2414910557413854,3.64547893540937e-05,0.851289308987379,2.453351194696021,nan,0.0643187947155017,nan
22.72,220.00323486328125,-210.7312774658203,-5.017882823944092,219.55787674527497,-210.5956443346651,-5.012578177418186,0.465583868723807,0.9514709600659492,0.24159857972598725,3.652931155052089e-05,1.190903149290238,2.7971995272435604,nan,1.1361687547480839,nan
22.73,220.00323486328125,-210.72254943847656,-5.017882823944092,219.55791117179945,-210.58654986912418,-5.012205147567222,0.46566222637020216,0.9516488757477318,0.24170661659562293,3.6604573265789375e-05,1.298132298973761,2.912021898817871,nan,0.06331881486171552,nan
22.740000000000002,220.00323486328125,-210.71383666992188,-5.017882823944092,219.5579453441845,-210.5774558029469,-5.011998620317556,0.4657436210476491,0.9518273743542826,0.24181516815028942,3.668040042732434e-05,1.358251516481418,3.0691772394802146,nan,0.012779882702144082,nan
22.75,220.00323486328125,-210.70510864257812,-5.017882823944092,219.59029050285503,-210.59203856153152,-5.01084662408155,0.4282025176761731,0.9515874372389487,0.24175348027726795,3.638118422146574e-05,1.7920857700648112,3.2078810997107157,3.8048353376211583,0.4484008067894534,nan
22.76,220.00323486328125,-210.69638061523438,-5.017882823944092,219.59041054825016,-210.58303604804377,-5.012588423291918,0.428134250756441,0.9517644918567701,0.2418616337501158,3.645478951369158e-05,1.1969617479925683,2.6289396729727375,nan,2.19443183771064,nan
22.77,220.00323486328125,-210.68765258789062,-5.017882823944092,219.59053267663853,-210.57403036481844,-5.012048933748799,0.4280971136440389,0.951942126380311,0.24197030071294,3.6529311704082686e-05,1.356546443065746,2.79954983695391,nan,0.1519086047834481,nan
22.78,220.00323486328125,-210.67893981933594,-5.017882823944092,219.5906535163344,-210.5650264592927,-5.012849062857889,0.4280478480210794,0.95212034260957,0.24207948296573725,3.6604573413352523e-05,1.113817127293403,2.646487142827111,nan,0.4816583775268772,nan
22.79,220.00323486328125,-210.6702117919922,-5.017882823944092,219.59077487275735,-210.5560218290421,-5.013140754932925,0.42800126009163275,0.9522991423445459,0.24218918230850395,3.668040056893904e-05,1.0315027238655639,2.5002961145767393,nan,0.07251202053240373,nan
22.8,220.00323486328125,-210.66148376464844,-5.017882823944092,219.59013148089244,-210.5416776656677,-5.01243323758161,0.430159974760069,0.952058853133009,0.24212617096085015,3.638118435481761e-05,1.2051926878907455,2.7973298298732456,0.26501006946286804,0.40784272068184263,nan
22.81,220.00323486328125,-210.6527557373047,-5.017882823944092,219.5902560555474,-210.53264658711385,-5.0131293501392475,0.43011661106036364,0.9522362051599904,0.24223545791617046,3.6454789641395396e-05,1.005693410893094,2.610968178726775,nan,0.3584524034265557,nan
22.82,220.00323486328125,-210.64404296875,-5.017882823944092,219.5903802033197,-210.5236160749273,-5.014362397845696,0.4300744126400165,0.9524141376596037,0.24234526070832324,3.652931182622159e-05,0.7220669443032346,2.4152742877124695,nan,1.031310966734726,nan
22.830000000000002,220.00323486328125,-210.63531494140625,-5.017882823944092,219.59050596470362,-210.5145833535972,-5.01359059261582,0.43004614085673337,0.9525926524318475,0.2424555811373048,3.6604573530017116e-05,0.8831336494379515,2.5023117960358454,nan,0.3830326155824292,nan
22.84,220.00323486328125,-210.6265869140625,-5.017882823944092,219.5906312078375,-210.50555150929404,-5.013502124110934,0.43001225124877035,0.9527717512767205,0.24256642100311154,3.6680400680228886e-05,0.9000734544556723,2.5268144762186955,nan,0.0033172804676353516,nan
22.85,220.00323486328125,-210.61785888671875,-5.017882823944092,219.61932218840406,-210.51915004569312,-5.013818792956294,0.3964200973410085,0.9525311024989628,0.2425020556924196,3.6381184459284215e-05,0.8559540531145906,2.424378094965023,3.286758789943156,0.005551382771510027,nan
22.86,220.00323486328125,-210.60914611816406,-5.017882823944092,219.61952250207463,-210.51020606109756,-5.015135606218005,0.3962724545566041,0.95270874990198,0.242612468801559,3.645478974083442e-05,0.6058388346019409,2.2485947468020364,nan,1.132199263397018,nan
22.87,220.00323486328125,-210.6004180908203,-5.017882823944092,219.6197232722871,-210.50126136119115,-5.01574282999347,0.39612848550908336,0.9528869783307651,0.24272340003737825,3.652931192074947e-05,0.5211281302667222,2.097617509772199,nan,0.2181682930295595,nan
22.88,220.00323486328125,-210.59169006347656,-5.017882823944092,219.61992287824393,-210.4923182566677,-5.018134323497388,0.39598345560608866,0.9530657895853166,0.2428348511998737,3.660457361975484e-05,0.3944639187882288,1.9689488795135512,nan,3.562246573796681,nan
22.89,220.00323486328125,-210.5829620361328,-5.017882823944092,219.6201237689695,-210.4833732934373,-5.018788673029177,0.39584447554434876,0.9532451854656334,0.24294682408904197,3.6680400765303574e-05,0.4121045303360134,1.9746346005080113,nan,0.20250991599350257,nan
22.900000000000002,220.00323486328125,-210.57424926757812,-5.017882823944092,219.58303152735755,-210.47509542193606,-5.020922213106169,0.43175405790043997,0.9530041698990984,0.24288107535406253,3.638118453888302e-05,0.789986335123706,2.427672893483756,10.528449869425533,0.19449795525553168,nan
22.91,220.00323486328125,-210.56552124023438,-5.017882823944092,219.5831009308418,-210.4661902444054,-5.020767019310816,0.43172617074058733,0.9531821105916196,0.242992607063846,3.6454789816126245e-05,0.761232725373585,2.291959035884557,nan,0.07561710720136941,nan
22.92,220.00323486328125,-210.55679321289062,-5.017882823944092,219.58316969654962,-210.45728577813506,-5.021525803303442,0.43170562327993806,0.9533606328495281,0.24310465913422039,3.652931199186633e-05,0.8933437620832008,2.382755454343499,nan,0.21726311593888853,nan
22.93,220.00323486328125,-210.54806518554688,-5.017882823944092,219.58323790754775,-210.44838178948118,-5.023029738668082,0.4316951621315333,0.9535397384728225,0.2432172333651824,3.660457368683069e-05,1.2507509706462328,2.698318702979426,nan,1.107658320747399,nan
22.94,220.00323486328125,-210.5393524169922,-5.017882823944092,219.5833069161549,-210.4394765329836,-5.022882701160263,0.43167079094655736,0.9537194292615017,0.24333033155672903,3.668040082847386e-05,1.205507719144134,2.6673173263977263,nan,0.08761824673378307,nan
22.95,220.00323486328125,-210.53062438964844,-5.017882823944092,219.6149403551709,-210.4340136283444,-5.021847136104611,0.4001524459494439,0.9534780399344125,0.24326317097346975,3.638118459778025e-05,0.853856558618949,2.5470432465169974,3.2518670049660696,1.687511380524519,nan
22.96,220.00323486328125,-210.5218963623047,-5.017882823944092,219.61511684412764,-210.42509444737493,-5.021572894108773,0.40002477941198733,0.9536562717797148,0.24337581351918988,3.645478987145874e-05,0.7924742686367401,2.4414025612481414,nan,0.14484802310729764,nan
22.97,220.00323486328125,-210.51316833496094,-5.017882823944092,219.61529400055488,-210.41617479148846,-5.020165827591679,0.3998888252425674,0.9538350857167658,0.24348897860454455,3.652931204376674e-05,0.5587308518338416,2.16594850474336,nan,1.647651573534144,nan
22.98,220.00323486328125,-210.50445556640625,-5.017882823944092,219.61547151810717,-210.40725477606782,-5.017691487362337,0.399760480929138,0.9540144835455644,0.24360266802953112,3.6604573735433576e-05,0.4140751899588724,2.0531306639500078,nan,4.454402678782939,nan
22.990000000000002,220.00323486328125,-210.4957275390625,-5.017882823944092,219.61564783021495,-210.3983361380134,-5.017173889786196,0.3996364545272115,0.9541944670661094,0.2437168835941468,3.668040087391155e-05,0.4239162539834537,1.9825910598720768,nan,0.24354555560519112,nan
23.0,220.00323486328125,-210.48699951171875,-5.017882823944092,219.63335846124096,-210.38180936903612,-5.0176268179605055,0.3845433453369417,0.9539526972601651,0.24364828378364115,3.63811846399795e-05,0.3121095518416015,2.0373847748538916,3.1285912282011705,0.5784935066370152,nan
23.01,220.00323486328125,-210.478271484375,-5.017882823944092,219.6336039374779,-210.37283594683032,-5.016859677777475,0.38437575458874274,0.9541312180744661,0.24376202920171178,3.6454789910800364e-05,0.33638378927410534,2.0469298805379346,nan,0.4675963408089528,nan
23.02,220.00323486328125,-210.4695587158203,-5.017882823944092,219.63384922375639,-210.3638630159454,-5.016657440493167,0.3842119639259557,0.9543103214938768,0.24387629928465748,3.652931208037687e-05,0.3460872951789909,2.1162867941631225,nan,0.04569557445816272,nan
23.03,220.00323486328125,-210.46083068847656,-5.017882823944092,219.63409431049243,-210.35489033272685,-5.016979315609567,0.3840428661190332,0.9544900093183966,0.24399109583247605,3.66045737694366e-05,0.32469250284018675,2.0179771527059964,nan,0.04466206514304811,nan
23.04,220.00323486328125,-210.4521026611328,-5.017882823944092,219.63433931812247,-210.34591784190243,-5.017805097867864,0.38387386615179164,0.9546702833480242,0.24410642064516516,3.6680400905429345e-05,0.29998944075387235,1.984907439336356,nan,0.37103797378462106,nan
23.05,220.00323486328125,-210.44337463378906,-5.017882823944092,219.65901709977015,-210.3500990667663,-5.017521437383162,0.3566319261090449,0.9544281266004964,0.24403635527901552,3.638118466911787e-05,0.2907602836729022,1.9522296561775605,2.2747466719337623,0.020778955023076546,nan
23.06,220.00323486328125,-210.43466186523438,-5.017882823944092,219.65933399121562,-210.34116853309382,-5.018722272376091,0.35638394693913467,0.9546069341560015,0.24415119541928676,3.6454789937719735e-05,0.3038435676238319,2.0220199839162523,nan,0.8411986774923643,nan
23.07,220.00323486328125,-210.42593383789062,-5.017882823944092,219.6596507227411,-210.33223824015042,-5.020188197694442,0.3561379527861831,0.9547863248172336,0.2442665622969292,3.652931210519115e-05,0.4274451763529086,2.0656359900391275,nan,1.227386682481177,nan
23.080000000000002,220.00323486328125,-210.41720581054688,-5.017882823944092,219.6599680624957,-210.32330719812148,-5.019659014303915,0.3558822850173346,0.9549663003841917,0.2443824577119409,3.660457379225544e-05,0.36560295760314265,1.9861163274243556,nan,0.2712204380774548,nan
23.09,220.00323486328125,-210.40847778320312,-5.017882823944092,219.6602852697727,-210.31437640207082,-5.0194255170489575,0.35562884236337233,0.9551468626568751,0.24449888346432014,3.668040092636021e-05,0.3417846058315192,1.9465093624278733,nan,0.07413285935960269,nan
23.1,220.00323486328125,-210.39976501464844,-5.017882823944092,219.65531076110722,-210.2982716123991,-5.021318026644159,0.3624415707273969,0.9549043127621385,0.24442732726812025,3.6381184688358854e-05,0.5831387012755191,2.484375739423763,2.719526873471327,0.41125838515575136,nan
23.11,220.00323486328125,-210.3910369873047,-5.017882823944092,219.65561612365312,-210.2893110274909,-5.022250620250171,0.36222373843421607,0.9550834047900035,0.24454325380585368,3.645478995529461e-05,0.779721491023266,2.5845056544160347,nan,0.3844040673193854,nan
23.12,220.00323486328125,-210.38230895996094,-5.017882823944092,219.65592190989543,-210.2803498806202,-5.021429856447971,0.36198690983124865,0.9552630804117229,0.24465970910176205,3.6529312121196566e-05,0.5984623770150628,2.3672048127419085,nan,0.6496434552387802,nan
23.13,220.00323486328125,-210.3735809326172,-5.017882823944092,219.6562275225781,-210.27138882426527,-5.02092772505797,0.36175487962718644,0.9554433414272957,0.2447766949558439,3.660457380678446e-05,0.5049954350831236,2.244382915684596,nan,0.28265793900181924,nan
23.14,220.00323486328125,-210.3648681640625,-5.017882823944092,219.65653332882673,-210.26242734444983,-5.019482226960367,0.36152265987908055,0.9556241896367215,0.24489421316809798,3.6680400939504525e-05,0.3190786349194922,2.1020063114143186,nan,1.6263606251347458,nan
23.150000000000002,220.00323486328125,-210.35614013671875,-5.017882823944092,219.66755052110784,-210.25889074804806,-5.0198267232460205,0.3494927752067457,0.9553812406472427,0.24482114192284124,3.6381184700350666e-05,0.3453684489609637,2.085264115267852,0.31390244634097425,0.07277995840803414,nan
23.16,220.00323486328125,-210.347412109375,-5.017882823944092,219.66788814519722,-210.24994633204528,-5.018735800014389,0.349224464561676,0.9555606148404506,0.24493814637034322,3.6454789966079706e-05,0.2591737484755093,1.9811685712313296,nan,0.947062265717015,nan
23.17,220.00323486328125,-210.33868408203125,-5.017882823944092,219.6682251533145,-210.241002660317,-5.020752145394452,0.3489719171018069,0.9557405731034031,0.24505568154617688,3.6529312130854626e-05,0.4623318592313437,2.1716569452886088,nan,2.398253943610552,nan
23.18,220.00323486328125,-210.32997131347656,-5.017882823944092,219.6685624355803,-210.23205868320295,-5.021544454693678,0.34872041031475615,0.9559211172360997,0.24517374925034113,3.6604573815392104e-05,0.6009305346061349,2.355158330726794,nan,0.27917251173279,nan
23.19,220.00323486328125,-210.3212432861328,-5.017882823944092,219.66889927038284,-210.22311492722014,-5.024102542362173,0.34849411530014085,0.9561022490385402,0.24529235128283514,3.66804009471353e-05,1.2870793387499364,2.9538418869198915,nan,3.722353624199567,nan
23.2,220.00323486328125,-210.31251525878906,-5.017882823944092,219.69298581056086,-210.2131844960316,-5.022445897243327,0.3257942552928382,0.9558588952653521,0.24521774182441414,3.638118470723335e-05,0.7452221956318541,2.6616582868454404,2.575901515448607,1.2111299785516432,nan
23.21,220.00323486328125,-210.3037872314453,-5.017882823944092,219.69340599337366,-210.2042144791651,-5.023323283943797,0.3254815820132981,0.9560385492815049,0.24533581554232842,3.645478997212492e-05,0.9828898046064458,2.879256012436083,nan,0.34189503070569993,nan
23.22,220.00323486328125,-210.29507446289062,-5.017882823944092,219.69382662239298,-210.1952438453141,-5.020893961955608,0.3251287109552293,0.9562187878313065,0.2454544219091212,3.6529312136124655e-05,0.41721317141414166,2.3615289325229143,nan,4.368270943387689,nan
23.23,220.00323486328125,-210.28634643554688,-5.017882823944092,219.69424683749867,-210.1862736009405,-5.021152389534645,0.32480588412515654,0.9563996127147569,0.2455735627247919,3.660457381994853e-05,0.45915399469982043,2.3204672578996615,nan,0.013524187853435322,nan
23.240000000000002,220.00323486328125,-210.27761840820312,-5.017882823944092,219.69466693008462,-210.17730351732146,-5.02262886745162,0.32449926295573256,0.9565810257318557,0.24569323978933982,3.6680400951035205e-05,0.7793324111654574,2.6251379186626793,nan,1.1844923889726195,nan
23.25,220.00323486328125,-210.26890563964844,-5.017882823944092,219.71000037777654,-210.17568649440358,-5.022722364245121,0.3077331533646003,0.956337261744547,0.2456170700062412,3.638118471068011e-05,0.7990039731581593,2.8099327929451134,0.5614561738846842,1.8314610360205904e-05,nan
23.26,220.00323486328125,-210.2601776123047,-5.017882823944092,219.7104651439634,-210.1667387304257,-5.023871921480288,0.307377296633218,0.956517193208573,0.24573620421450038,3.6454789975019326e-05,1.1373305324478993,3.0628536747429043,nan,0.6535242603926342,nan
23.27,220.00323486328125,-210.25144958496094,-5.017882823944092,219.7109301811486,-210.15779073428408,-5.0220048550199925,0.30697068043539916,0.9566977096584145,0.24585587294360375,3.6529312138515334e-05,0.6167112517369278,2.52247626471972,nan,2.683390884134372,nan
23.28,220.00323486328125,-210.2427215576172,-5.017882823944092,219.7113949262444,-210.1488428907831,-5.022090756497712,0.30659657472417495,0.9568788128940717,0.245976077993551,3.660457382188154e-05,0.6335093697349778,2.5245565666347667,nan,0.0010331336681075492,nan
23.29,220.00323486328125,-210.2340087890625,-5.017882823944092,219.71185976346382,-210.13989502596183,-5.021402021366095,0.3062176251444063,0.9570605047155445,0.24609682116434176,3.668040095255354e-05,0.4856079552887773,2.429736155454121,nan,0.4261120377895388,nan
23.3,220.00323486328125,-210.22528076171875,-5.017882823944092,219.69213295175336,-210.1082550797875,-5.022529315241121,0.3324169061121121,0.9568163253417894,0.24601906999364,3.638118471195129e-05,0.7227307756094299,2.749898069656883,4.363589930200214,0.01982062697051025,nan
23.31,220.00323486328125,-210.216552734375,-5.017882823944092,219.69254902479403,-210.09921686192158,-5.023475524918834,0.33215158513110254,0.9569965318485648,0.24613925578207765,3.645478997595096e-05,0.9859371607843181,2.9907562471512352,nan,0.40951374303801524,nan
23.32,220.00323486328125,-210.20782470703125,-5.017882823944092,219.69296517073735,-210.09017842091825,-5.023146988667528,0.3318669043121086,0.9571773237818318,0.24625997791576348,3.652931213914446e-05,0.8852062800405445,2.866356690828621,nan,0.16102638253242388,nan
23.330000000000002,220.00323486328125,-210.19911193847656,-5.017882823944092,219.6933812284897,-210.08113989125644,-5.023152425771878,0.33159379913120496,0.9573587029415905,0.2463812381946972,3.660457382224133e-05,0.883872553230785,2.9192592514901023,nan,0.015460816284566106,nan
23.34,220.00323486328125,-210.1903839111328,-5.017882823944092,219.693797190697,-210.07210124598896,-5.022727432485571,0.33130942081353926,0.9575406711278406,0.24650303841887866,3.668040095267558e-05,0.7638302438873804,2.7042958215031505,nan,0.21806985707454551,nan
23.35,220.00323486328125,-210.18165588378906,-5.017882823944092,219.68943650141003,-210.05982771070964,-5.021717506847576,0.336639600258053,0.957296071452495,0.2464236858406309,3.638118471196185e-05,0.5285711349730966,2.4119387057299413,0.8583790286826488,0.22643876931549894,nan
23.36,220.00323486328125,-210.1729278564453,-5.017882823944092,219.68983866228942,-210.05077769402484,-5.021101378952609,0.3363750883638714,0.957476550569383,0.24654491417925617,3.64547899757755e-05,0.40733772799984047,2.279150824438582,nan,0.34142592822926177,nan
23.37,220.00323486328125,-210.16421508789062,-5.017882823944092,219.69024086327695,-210.04172773906748,-5.0208974843612415,0.33612123235202135,0.9576576155421914,0.24666668064098093,3.6529312138808394e-05,0.37075703163735724,2.3062180712167497,nan,0.057423407849437724,nan
23.38,220.00323486328125,-210.15548706054688,-5.017882823944092,219.69064301970454,-210.03267789144837,-5.022210770025482,0.33587867423019807,0.9578392681709202,0.24678898702580512,3.6604573821767714e-05,0.6325197403856613,2.480989518150688,nan,0.9664598208945184,nan
23.39,220.00323486328125,-210.14675903320312,-5.017882823944092,219.69104521293107,-210.02362810564995,-5.0210449677685505,0.3356093000192907,0.9580215102555697,0.2469118351337288,3.6680400952087396e-05,0.39226893619578507,2.228574179381723,nan,1.054716610879763,nan
23.400000000000002,220.00323486328125,-210.13803100585938,-5.017882823944092,219.6944954545757,-210.00835219899713,-5.0230607338536855,0.3349080861790277,0.9577764856193635,0.24683086216387043,3.6381184711346515e-05,0.8443866530351395,2.882604841848779,1.9906617346822748,0.8074111670081425,nan
23.41,220.00323486328125,-210.1293182373047,-5.017882823944092,219.6949132988785,-209.99927098175763,-5.020447732743355,0.334635704174295,0.9579572348886685,0.24695312391280683,3.645478997507862e-05,0.28703559055285277,2.3848109077417305,nan,4.964244164662235,nan
23.42,220.00323486328125,-210.12059020996094,-5.017882823944092,219.69533126351064,-209.99018976975435,-5.0213445408523,0.3343962993840165,0.9581385704323172,0.24707592551714058,3.6529312138046986e-05,0.43378751999236326,2.438946637458058,nan,0.4190747508552574,nan
23.43,220.00323486328125,-210.1118621826172,-5.017882823944092,219.69574927466647,-209.9811089035566,-5.020400703041628,0.33414090875860647,0.9583204940503095,0.24719926877687168,3.66045738209574e-05,0.27811887444521854,2.266257526320925,nan,0.7164378904207321,nan
23.44,220.00323486328125,-210.10313415527344,-5.017882823944092,219.69616716587768,-209.97202820867335,-5.020358145418897,0.3338943953393611,0.9585030075426456,0.24732315549200032,3.6680400951242444e-05,0.2711791113808569,2.245303889875473,nan,0.011039026950609343,nan
23.45,220.00323486328125,-210.09442138671875,-5.017882823944092,219.69298941709448,-209.95834011540043,-5.019897555029103,0.3387837192436824,0.9582575535404918,0.24724054417383942,3.638118471052091e-05,0.2152660269118994,2.274764951051015,0.5462731352456136,0.009720348254001017,nan
23.46,220.00323486328125,-210.085693359375,-5.017882823944092,219.69339903981893,-209.94924095466484,-5.021411340110137,0.3385704456654379,0.9584385704818312,0.24736383009293175,3.6454789974238904e-05,0.44457828254737963,2.4120284646401804,nan,1.3625033977339476,nan
23.47,220.00323486328125,-210.07696533203125,-5.017882823944092,219.69380877323496,-209.940142017176,-5.022147625603559,0.33835382844370193,0.9586201741051706,0.24748765755515348,3.652931213720271e-05,0.600340944707673,2.5552298716548365,nan,0.2634799714520459,nan
23.48,220.00323486328125,-210.0682373046875,-5.017882823944092,219.72725462262966,-210.01415026829574,-5.022267989617947,0.2812645203607123,0.9568748758432957,0.23541403792039858,3.660457254635974e-05,0.8229595560067926,2.7638942468231633,nan,4.359337308175069e-05,0.5662235516095039
23.490000000000002,220.00323486328125,-210.0595245361328,-5.017882823944092,219.7276187666711,-210.00515731198664,-5.0222472526961,0.28096098663392344,0.9570629305588804,0.23550773862252344,3.6680399724834146e-05,0.8131945008840749,2.823589727874103,nan,0.011667513346481879,nan
23.5,220.00323486328125,-210.05079650878906,-5.017882823944092,219.7045457070833,-209.99661203186398,-5.022879965870066,0.30360523875143874,0.9568083957870441,0.2354616982786981,3.63811835542066e-05,1.061952055559142,2.720369765879072,4.425888772337868,0.1475172192238721,nan
23.51,220.00323486328125,-210.0420684814453,-5.017882823944092,219.7048335528567,-209.9876509680643,-5.0224827524625075,0.303357490706971,0.9569948903212484,0.23555518315092971,3.645478886375522e-05,0.9522268940953273,2.595358931127932,nan,0.1930118572140982,nan
23.52,220.00323486328125,-210.03334045410156,-5.017882823944092,219.7051219774077,-209.97869150999045,-5.022548177665147,0.3031164220916601,0.957181964889628,0.23564917231260535,3.65293110719258e-05,0.9639010589587328,2.593940635234369,nan,0.0033184745790511097,nan
23.53,220.00323486328125,-210.02462768554688,-5.017882823944092,219.70540901546238,-209.9697291551145,-5.021592651444202,0.3028660547052853,0.9573696212921822,0.2357436675637161,3.660457279935808e-05,0.7402487537465805,2.4312009616790418,nan,0.7685229422926565,nan
23.54,220.00323486328125,-210.01589965820312,-5.017882823944092,219.7056961860945,-209.96076730166655,-5.020778669651818,0.30261729474977445,0.9575578613289097,0.23583867070425202,3.668039997341894e-05,0.5892129539094473,2.1956695535296444,nan,0.552097221131254,nan
23.55,220.00323486328125,-210.00717163085938,-5.017882823944092,219.7241567833532,-209.97024683650423,-5.021157865492592,0.281529289829027,0.9573028675154899,0.2357916584781377,3.6381183791145466e-05,0.7089220449196206,2.227637604842789,2.419379290504271,0.10377739127428263,nan
23.56,220.00323486328125,-209.99844360351562,-5.017882823944092,219.7244958265324,-209.961370156256,-5.0215469901233645,0.28121756206392073,0.9574895443849436,0.23588643089545341,3.645478909593239e-05,0.7786442121673552,2.2904893236797372,nan,0.054755402707173655,nan
23.57,220.00323486328125,-209.98973083496094,-5.017882823944092,219.72483449670094,-209.95249213903463,-5.021454973970171,0.2809025539972072,0.9576768018477099,0.23598171017496236,3.652931129908546e-05,0.7558317601624649,2.3255488656285137,nan,0.025410374933272615,nan
23.580000000000002,220.00323486328125,-209.9810028076172,-5.017882823944092,219.72517376149887,-209.9436153455308,-5.021862996077902,0.28059159006625684,0.9578646417037869,0.23607749811665266,3.660457302127059e-05,0.8355986174924381,2.3325182301901313,nan,0.060077644903114756,nan
23.59,220.00323486328125,-209.97227478027344,-5.017882823944092,219.7255111322751,-209.934734181254,-5.0206115853321975,0.2802627579208976,0.9580530657531732,0.23617379652051185,3.668040018988233e-05,0.6021458457553953,2.0917050923558818,nan,1.189400624256749,nan
23.6,220.00323486328125,-209.9635467529297,-5.017882823944092,219.71250148290244,-209.91948501400634,-5.019158841541863,0.2940560550717314,0.9577976132796977,0.23612576790850628,3.6381183996689713e-05,0.4487066622836402,1.8686416529438403,0.44211892557229826,1.5577460891615649,nan
23.61,220.00323486328125,-209.954833984375,-5.017882823944092,219.7128005374289,-209.91058867219027,-5.019422561645369,0.2937892375084886,0.9579844711858716,0.23622182056924035,3.645478929594523e-05,0.465272180756485,1.9478622979770137,nan,0.029824831821529594,nan
23.62,220.00323486328125,-209.94610595703125,-5.017882823944092,219.7130972820779,-209.90168704899773,-5.017374535967376,0.29351850669775825,0.9581719102311329,0.23631838260349966,3.652931149344339e-05,0.40372961887446274,1.8150324620469844,nan,2.8626068361351913,nan
23.63,220.00323486328125,-209.9373779296875,-5.017882823944092,219.71339640111535,-209.89279112278123,-5.017669722612732,0.2932479546611876,0.9583599322154797,0.236415455811271,3.6604573209871554e-05,0.39434395598383937,1.80309963588532,nan,0.0521774855868859,nan
23.64,220.00323486328125,-209.92864990234375,-5.017882823944092,219.7136941605595,-209.88389248699238,-5.016702155062934,0.29298197681862226,0.9585485389389098,0.23651304199254108,3.6680400372647106e-05,0.4275807307940289,1.8333052260441236,nan,0.6231728628957017,nan
23.650000000000002,220.00323486328125,-209.91993713378906,-5.017882823944092,219.7104632680915,-209.88313377643152,-5.017550118131955,0.2950759304922958,0.9582926282986135,0.23646395358860545,3.638118416963924e-05,0.4611395982563211,1.7998425941306022,1.5109515367634883,0.07794980076845236,nan
23.66,220.00323486328125,-209.9112091064453,-5.017882823944092,219.7107482276833,-209.87428940198262,-5.018731815486818,0.2948087810219734,0.9584796659139347,0.23656127889300027,3.6454789463166186e-05,0.4743192105574459,1.7516045353295522,nan,0.8637003411074654,nan
23.67,220.00323486328125,-209.90248107910156,-5.017882823944092,219.71103027020538,-209.8654383078617,-5.016596238902423,0.29454600051066876,0.958667285200997,0.2366591160219383,3.652931165491281e-05,0.49633447058369173,1.7693081281233851,nan,3.1042661088868413,nan
23.68,220.00323486328125,-209.8937530517578,-5.017882823944092,219.7113139300633,-209.8565909200166,-5.01628673999224,0.2942811627854631,0.9588554879597979,0.2367574667754062,3.660457336558274e-05,0.5171100214646077,1.7898392689549494,nan,0.06489426611485997,nan
23.69,220.00323486328125,-209.88504028320312,-5.017882823944092,219.71159855868748,-209.84774589707945,-5.0172142487948115,0.29401199360941016,0.9590442759903356,0.23685633295339098,3.668040052260884e-05,0.45611009245299583,1.7895548508013437,nan,0.549665904994059,nan
23.7,220.00323486328125,-209.87631225585938,-5.017882823944092,219.74604650847286,-209.84978213985394,-5.017422484629171,0.2585534931432831,0.9587879077869327,0.2368061424768732,3.6381184311085656e-05,0.3929299996124021,1.9493010723105053,2.6352210645661014,0.04666552394303575,nan
23.71,220.00323486328125,-209.86758422851562,-5.017882823944092,219.74643606504708,-209.84095558054995,-5.01798816809446,0.25817575169714346,0.9589751237565519,0.2369047325427619,3.6454789599096306e-05,0.38398244972390655,1.9366310530874453,nan,0.18910141793865143,nan
23.72,220.00323486328125,-209.85885620117188,-5.017882823944092,219.74682581266634,-209.83212933744198,-5.018806385504225,0.25779988256015324,0.9591629219176844,0.23700383682499898,3.6529311785373034e-05,0.40362477893411053,1.9546628802591615,nan,0.392977675363289,nan
23.73,220.00323486328125,-209.8501434326172,-5.017882823944092,219.74721607106338,-209.82330412721095,-5.0202546682271265,0.2574327017468658,0.9593513040703282,0.2371034571235721,3.6604573490632814e-05,0.530481005507691,2.1318818330204756,nan,1.2476262063999588,nan
23.740000000000002,220.00323486328125,-209.84141540527344,-5.017882823944092,219.74760480363625,-209.81447586818564,-5.0197317542127085,0.25705229933954954,0.9595402720144812,0.237203595238469,3.668040064231724e-05,0.4666394217625409,2.001987826789735,nan,0.23949767298615454,nan
23.75,220.00323486328125,-209.8326873779297,-5.017882823944092,219.75529944149767,-209.81620377169813,-5.016702761256488,0.2484855633580063,0.959283446960787,0.23715226155853641,3.6381184423637335e-05,0.4548919133828742,1.9298453541241036,1.2565864796050188,4.588938203621735,nan
23.76,220.00323486328125,-209.82395935058594,-5.017882823944092,219.75570630113816,-209.80742286795882,-5.014808769264883,0.24809936345438802,0.9594708399043029,0.2372521082366581,3.645478970660909e-05,0.6724738950881513,2.1459204117927597,nan,2.327791105735335,nan
23.77,220.00323486328125,-209.81524658203125,-5.017882823944092,219.75611496543448,-209.79864610184927,-5.015696271334311,0.24768649714182422,0.9596588155464633,0.23735247146481922,3.652931188793924e-05,0.5406886821304113,2.0680194109705674,nan,0.5581544680213275,nan
23.78,220.00323486328125,-209.8065185546875,-5.017882823944092,219.7565238201394,-209.78986985266343,-5.016881495329391,0.24727418131746876,0.9598473756872661,0.2374533530430088,3.6604573588351584e-05,0.4338823256202661,1.9102390153357163,nan,0.9357043320496273,nan
23.79,220.00323486328125,-209.79779052734375,-5.017882823944092,219.75693165197268,-209.7810913884554,-5.016306860888667,0.2468736859207145,0.9600365221267095,0.23755475477121593,3.6680400735293366e-05,0.47090727705115965,1.9475312806584948,nan,0.21761667883021923,nan
23.8,220.00323486328125,-209.7890625,-5.017882823944092,219.74259709066914,-209.767386921271,-5.018014483269959,0.2615375624257809,0.9597792410431238,0.23750223792801953,3.638118451077299e-05,0.42338455831337296,1.8295932833480475,1.5317974495808713,0.7314242491622512,nan
23.81,220.00323486328125,-209.7803497314453,-5.017882823944092,219.7429593938368,-209.75859817278354,-5.017000737179545,0.26118428049139253,0.9599668095562651,0.23760333281696192,3.645478978933311e-05,0.4408884010081075,1.8945377989825058,nan,0.7346052598425803,nan
23.82,220.00323486328125,-209.77162170410156,-5.017882823944092,219.7433213728722,-209.74980909063234,-5.015585701765944,0.2608372852436422,0.9601549612627795,0.23770494653261562,3.6529311966369243e-05,0.5607628596214104,1.9605213434841817,nan,1.346395087977041,nan
23.830000000000002,220.00323486328125,-209.7628936767578,-5.017882823944092,219.74368514891967,-209.7410239678471,-5.017535138527699,0.260469689749436,0.9603436979626653,0.23780708087497116,3.660457366260695e-05,0.4163982443177915,1.8178549243928819,nan,2.4562366511132696,nan
23.84,220.00323486328125,-209.75416564941406,-5.017882823944092,219.74404851145545,-209.7322379760166,-5.018712289702547,0.2601135825881454,0.9605330214559208,0.23790973764401926,3.668040080549692e-05,0.4286594703706155,1.8283568841633768,nan,0.8287516083318905,nan
23.85,220.00323486328125,-209.74545288085938,-5.017882823944092,219.73732062231107,-209.7053661364091,-5.0202335638800815,0.2689290921592755,0.9602752852687791,0.23785599886671627,3.638118457634289e-05,0.470288463445365,2.0136905860047754,3.206951235150235,2.746913652421816,nan
23.86,220.00323486328125,-209.73672485351562,-5.017882823944092,219.73766952006054,-209.69649284115422,-5.02319363982644,0.26864804317902635,0.9604630279250425,0.23795833332748195,3.6454789851180046e-05,1.089066740681399,2.563416749651904,nan,5.371210267446988,nan
23.87,220.00323486328125,-209.72799682617188,-5.017882823944092,219.73801631802104,-209.6876152597995,-5.021854819084783,0.268304536670605,0.960651354257243,0.23806118883570193,3.652931202461831e-05,0.7442693191334461,2.206148148362187,nan,1.4313836311202697,nan
23.88,220.00323486328125,-209.7192840576172,-5.017882823944092,219.73836379835657,-209.67873892606255,-5.021744165128185,0.2679841388643273,0.9608402660653793,0.23816456719136833,3.6604573717383555e-05,0.7166396884479389,2.230956446249976,nan,0.033411947817597806,nan
23.89,220.00323486328125,-209.71055603027344,-5.017882823944092,219.73871143937518,-209.6698629900535,-5.021914779559163,0.26766550391003596,0.9610297651494503,0.23826847019447378,3.668040085692863e-05,0.7495624567816317,2.1926862736573725,nan,0.0021143509262566682,nan
23.900000000000002,220.00323486328125,-209.7018280029297,-5.017882823944092,219.69339014086637,-209.6488318603011,-5.020114193581154,0.3143522262563456,0.960771574889255,0.2382134719162359,3.638118462420213e-05,0.5231036633311273,1.5934314837230905,5.871965832216437,0.9708369255222566,nan
23.91,220.00323486328125,-209.69309997558594,-5.017882823944092,219.693595641235,-209.6399397467668,-5.018168526883829,0.3141696028957679,0.960959490241499,0.23831703708642868,3.645478989600016e-05,0.3855244144748641,1.4527854875144304,nan,2.6098621663627224,nan
23.92,220.00323486328125,-209.68438720703125,-5.017882823944092,219.69380206153127,-209.63104937452198,-5.01840268635483,0.3139965818803672,0.9611479897403166,0.23842112546997524,3.6529312066521904e-05,0.3876482789215969,1.5151935923261413,nan,0.03077554827404891,nan
23.93,220.00323486328125,-209.6756591796875,-5.017882823944092,219.69400890254985,-209.62215974526453,-5.019507807259044,0.3138240348421501,0.9613370751857065,0.2385257388668693,3.660457375649232e-05,0.4494681281195497,1.5120051414935702,nan,0.7560008574098017,nan
23.94,220.00323486328125,-209.66693115234375,-5.017882823944092,219.6942164035727,-209.61327132267644,-5.0224496135462395,0.31367601331283435,0.9615267483776683,0.2386308790771051,3.668040089336308e-05,0.9430068700815188,2.0031185111786725,nan,5.377982085086006,nan
23.95,220.00323486328125,-209.658203125,-5.017882823944092,219.67339625297873,-209.6014535447164,-5.024780000240597,0.33475602272330296,0.9612681051772081,0.23857458494724215,3.638118465796254e-05,1.7378371237617476,2.7267186478908423,5.321938489706609,0.5344598922755848,nan
23.96,220.00323486328125,-209.6494903564453,-5.017882823944092,219.67353662014125,-209.59256981061563,-5.023820683856375,0.3346283584030054,0.9614561917592033,0.23867937175487217,3.64547899273585e-05,1.3944591475646475,2.4287575432190613,nan,0.8596051567018772,nan
23.97,220.00323486328125,-209.64076232910156,-5.017882823944092,219.67367750781779,-209.58368678058542,-5.0241343241640335,0.33452167348841566,0.9616448629467163,0.23878468388799123,3.6529312095589974e-05,1.4942798962625305,2.453918067026442,nan,0.013954492162980862,nan
23.98,220.00323486328125,-209.6320343017578,-5.017882823944092,219.67381824926673,-209.57480348334167,-5.0238949626106075,0.3344051703797624,0.9618341205397464,0.2388905231465947,3.6604573783382065e-05,1.409041093379881,2.3562769783032067,nan,0.10844160194892052,nan
23.990000000000002,220.00323486328125,-209.62330627441406,-5.017882823944092,219.67395888628513,-209.5659196490463,-5.022753209441576,0.3342747589225679,0.9620239663382926,0.23899689133067806,3.66804009181826e-05,1.0654296498549622,2.004124480426696,nan,1.092361698149092,nan
24.0,220.00323486328125,-209.61459350585938,-5.017882823944092,219.66285474834953,-209.5576042663928,-5.024751582947731,0.3451862915965239,0.9617648714306615,0.23893926622400632,3.63811846808449e-05,1.760132609013927,2.7325358839001552,2.0240363707266074,0.7204551097464901,nan
24.01,220.00323486328125,-209.60586547851562,-5.017882823944092,219.66295956050317,-209.54873517606725,-5.024280286043238,0.34509720465380134,0.9619531277585965,0.23904526540091262,3.645478994840195e-05,1.5831988612124395,2.4776408425246466,nan,0.2896014371157528,nan
24.02,220.00323486328125,-209.59713745117188,-5.017882823944092,219.66306418413072,-209.53986596294985,-5.023583045833103,0.34500522727414434,0.9621419691395352,0.23915179196275185,3.652931211489355e-05,1.3472082783448083,2.2238504258094376,nan,0.5008517608956788,nan
24.03,220.00323486328125,-209.58840942382812,-5.017882823944092,219.66316918577056,-209.53099760267853,-5.024929428185199,0.34494990485554805,0.9623313973734771,0.23925884770952063,3.6604573801042146e-05,1.8114576568132406,2.674113615503626,nan,0.9006335773320446,nan
24.04,220.00323486328125,-209.57969665527344,-5.017882823944092,219.66327370582724,-209.52212881754932,-5.024850125522528,0.3448712626604136,0.9625214142604214,0.23936643444121564,3.6680400934292305e-05,1.775499283199058,2.681760472916642,nan,0.046857805510179235,nan
24.05,220.00323486328125,-209.5709686279297,-5.017882823944092,219.7017848566717,-209.50548523419127,-5.025630548710042,0.3085777188642153,0.9622618689769425,0.23930744446480115,3.638118469560219e-05,1.9280584402138055,3.2535388029531633,6.70236123348558,0.012119864300265373,nan
24.060000000000002,220.00323486328125,-209.56224060058594,-5.017882823944092,219.70201466389173,-209.49653635678277,-5.023428350798519,0.30835273477318287,0.9624502935508863,0.23941464655969094,3.645478996179931e-05,1.119154476923525,2.424962808441973,nan,3.783271511574229,nan
24.07,220.00323486328125,-209.5535125732422,-5.017882823944092,219.7022448738799,-209.48758816271837,-5.023314935772603,0.3081728564647778,0.9626393036140933,0.23952237804733148,3.65293121270144e-05,1.0808323693253477,2.370480495803405,nan,0.04816156678252836,nan
24.080000000000002,220.00323486328125,-209.5447998046875,-5.017882823944092,219.702474959001,-209.47864008444833,-5.0232466506466436,0.3079974013554151,0.9628289009665634,0.23963064072772042,3.6604573811967035e-05,1.056463626881385,2.4000902546730205,nan,0.03196811627102155,nan
24.09,220.00323486328125,-209.53607177734375,-5.017882823944092,219.70270474599076,-209.469691520357,-5.020731995120242,0.3077869517907713,0.9630190874082961,0.23973943640085543,3.668040094409889e-05,0.48931681408972266,1.75431469240239,nan,4.558589367680655,nan
24.1,220.00323486328125,-209.52734375,-5.017882823944092,219.71627261930928,-209.44928343438826,-5.020807163822476,0.2974042603974546,0.9627590931763624,0.2396790488982617,3.6381184704504535e-05,0.420065933720924,1.9748593225109368,2.586220132553749,0.09055838238426159,nan
24.11,220.00323486328125,-209.51861572265625,-5.017882823944092,219.71654956497417,-209.44026349887045,-5.0212318555935695,0.29721834945135367,0.9629476844816811,0.23978744428936674,3.645478996973339e-05,0.49056073764854435,2.0357885252484205,nan,0.07507349503153862,nan
24.12,220.00323486328125,-209.50990295410156,-5.017882823944092,219.71682643058008,-209.43124358105828,-5.022054361212398,0.2970429076969869,0.9631368617015275,0.23989637103047165,3.6529312134049024e-05,0.6571262086792626,2.2701470811980817,nan,0.3443032116883777,nan
24.13,220.00323486328125,-209.5011749267578,-5.017882823944092,219.71710304383515,-209.4222231770016,-5.020418664884884,0.29683535399001787,0.9633266266359011,0.24000583092157476,3.6604573818165974e-05,0.3543595771568808,1.8833863620795248,nan,1.9632931372400526,nan
24.14,220.00323486328125,-209.49244689941406,-5.017882823944092,219.71737964381506,-209.41320280215345,-5.018813647335109,0.29663732044180785,0.9635169810848019,0.24011582576267476,3.6680400949525345e-05,0.20026675159322643,1.7200607386730105,nan,1.8057226894583691,nan
24.150000000000002,220.00323486328125,-209.4837188720703,-5.017882823944092,219.6996136464,-209.39777597653008,-5.017778633744621,0.31555036918040463,0.9632565394256409,0.2400540093158442,3.6381184709359884e-05,0.19338101532721141,1.6297135627860524,0.7389451490486747,0.6714699720392305,nan
24.16,220.00323486328125,-209.47500610351562,-5.017882823944092,219.6998352317225,-209.38874088557753,-5.017370787646939,0.315425564019577,0.9634452959343723,0.24016358822319556,3.645478997393101e-05,0.19819981660495017,1.707361973286914,nan,0.1150812468393571,nan
24.17,220.00323486328125,-209.46627807617188,-5.017882823944092,219.70005671064612,-209.37970549073933,-5.015744005758691,0.3153036303738896,0.9636346387721285,0.24027370038827559,3.652931213764192e-05,0.31423907009459107,1.7437891620698642,nan,1.7225864368990995,nan
24.18,220.00323486328125,-209.45755004882812,-5.017882823944092,219.7002785847488,-209.37067011624697,-5.017298969466573,0.3151681618970993,0.9638245697389093,0.2403843476110833,3.660457382120458e-05,0.19634700672377783,1.6240344187892894,nan,1.6178778881130602,nan
24.19,220.00323486328125,-209.44882202148438,-5.017882823944092,219.70050029774805,-209.3616347888424,-5.018739352031411,0.31504057571161603,0.9640150906347147,0.24049553169161791,3.668040095205756e-05,0.2050839809795494,1.6265850909227952,nan,1.3201012821700902,nan
24.2,220.00323486328125,-209.4401092529297,-5.017882823944092,219.68983745282438,-209.34408012286173,-5.019586213581787,0.3277841244461673,0.9637542031610853,0.2404322561205137,3.638118471155861e-05,0.2592105502359951,1.8070433494124847,0.5309083801767265,0.2793700312168363,nan
24.21,220.00323486328125,-209.43138122558594,-5.017882823944092,219.69002766593727,-209.33501279350764,-5.020481778442895,0.3277077626999235,0.9639431233332689,0.2405430086178355,3.6454789975708994e-05,0.3629263700113043,1.822688171916506,nan,0.45318000064181874,nan
24.22,220.00323486328125,-209.4226531982422,-5.017882823944092,219.69021792361724,-209.32594547322532,-5.020863314285954,0.3276291682943368,0.9641326302384337,0.24065429623213364,3.6529312139038075e-05,0.41903062830466276,1.8715890069220984,nan,0.05902293711778754,nan
24.23,220.00323486328125,-209.41392517089844,-5.017882823944092,219.69040819698648,-209.3168781181042,-5.0213812992081435,0.32755288569988056,0.9643227256765795,0.24076612076340773,3.660457382225778e-05,0.5084434760835854,1.9515811828259637,nan,0.1197160351771642,nan
24.240000000000002,220.00323486328125,-209.40521240234375,-5.017882823944092,219.69059836760775,-209.30781077791508,-5.020803554417584,0.3274708926528432,0.9645134114477066,0.24087848401165735,3.66804009528028e-05,0.40485295244931896,1.9189474245158997,nan,0.29231684461305746,nan
24.25,220.00323486328125,-209.396484375,-5.017882823944092,219.7016328783823,-209.30407529340334,-5.022423368961769,0.3154739485370899,0.9642520798615363,0.2408137203717924,3.638118471213371e-05,0.7316500835390722,2.244789308658998,2.191553237282693,0.2815363620659109,nan
24.26,220.00323486328125,-209.38775634765625,-5.017882823944092,219.70185568825144,-209.29502434476885,-5.020153021100986,0.3153312310829489,0.9644411621464993,0.24092563639801756,3.645478997603633e-05,0.3046165614643561,1.803464355021543,nan,3.770854950499244,nan
24.27,220.00323486328125,-209.3790283203125,-5.017882823944092,219.70207862482573,-209.28597327038807,-5.019028472205889,0.3152072886007801,0.9646308315580836,0.24103808935301477,3.652931213914668e-05,0.19746725942477356,1.6872912571525505,nan,0.9505196165094967,nan
24.28,220.00323486328125,-209.3703155517578,-5.017882823944092,219.7023016296308,-209.27692203527198,-5.020219855478853,0.31510097072732546,0.9648210898962892,0.241151081036784,3.660457382217477e-05,0.30902006313856645,1.867402215951607,nan,0.8217033085328459,nan
24.29,220.00323486328125,-209.36158752441406,-5.017882823944092,219.7025245904243,-209.26787089247944,-5.02216343063236,0.3150044426615107,0.965011938961116,0.24126461324932513,3.668040095255293e-05,0.6577001116401164,2.1282681835041015,nan,2.2096846332108053,nan
24.3,220.00323486328125,-209.3528594970703,-5.017882823944092,219.71264712357987,-209.28211283906992,-5.022303160023568,0.2991084476473979,0.9647501650510848,0.24119833382730183,3.638118471181939e-05,0.7505113876556766,1.9927067022836975,3.184874165342159,0.012853283131480948,nan
24.310000000000002,220.00323486328125,-209.34413146972656,-5.017882823944092,219.7128931123308,-209.2731681283868,-5.021698647303769,0.2989125100543556,0.9649394078886858,0.24131140319771202,3.645478997559616e-05,0.6108544193269182,1.841915356621808,nan,0.35495588341719697,nan
24.32,220.00323486328125,-209.33541870117188,-5.017882823944092,219.71313912457288,-209.26422335343318,-5.022170151414996,0.29873516085863294,0.9651292382364534,0.24142501126225654,3.652931213860073e-05,0.7125955703355513,1.9968395590931949,nan,0.08008052347168099,nan
24.330000000000002,220.00323486328125,-209.32669067382812,-5.017882823944092,219.71338513111897,-209.25527896336556,-5.021512924470421,0.2985392390550485,0.9653196578943878,0.24153915982093552,3.66045738215416e-05,0.5674482415570755,1.774869877817105,nan,0.3977818239645215,nan
24.34,220.00323486328125,-209.31796264648438,-5.017882823944092,219.71363108249855,-209.24633467898985,-5.021320776003985,0.2983500210916628,0.965510668662489,0.24165385067374903,3.6680400951849624e-05,0.5277405829706516,1.724687512978524,nan,0.05948718742094242,nan
24.35,220.00323486328125,-209.30923461914062,-5.017882823944092,219.73505173768027,-209.27196603454732,-5.0209870017979865,0.2707780865854,0.9652484543015701,0.2415860289809315,3.638118471111361e-05,0.56826962947161,1.5782832941888465,6.7954102722357534,0.010169297672606459,nan
24.36,220.00323486328125,-209.30052185058594,-5.017882823944092,219.73535269443224,-209.26317207332718,-5.020885810015829,0.27049007407643777,0.9654378561233988,0.241700241397925,3.645478997484508e-05,0.5485006669979587,1.6000849821196546,nan,0.023932040459298958,nan
24.37,220.00323486328125,-209.2917938232422,-5.017882823944092,219.73565348084549,-209.25437794760018,-5.021954636482356,0.2702153282729168,0.9656278458290645,0.2418149942289888,3.6529312137818544e-05,0.7528131880671354,1.7518021656456788,nan,0.6229314430900992,nan
24.38,220.00323486328125,-209.28306579589844,-5.017882823944092,219.72068167441654,-209.2847645743192,-5.022462110294668,0.2825954002619651,0.9649613148902659,0.23628929704763713,3.660457249817614e-05,1.3477114283238638,2.3413716073292243,nan,0.1021020177241738,0.2721387155036308
24.39,220.00323486328125,-209.2743377685547,-5.017882823944092,219.72094814841785,-209.27604260417976,-5.022473354281343,0.28232918521055883,0.9651486064948265,0.23638428635647069,3.6680399678746914e-05,1.3451765296887803,2.334652273015057,nan,0.007544096976863078,nan
24.400000000000002,220.00323486328125,-209.265625,-5.017882823944092,219.76105959345267,-209.27118725810053,-5.022386518537884,0.24228100069282335,0.9648949553053568,0.2363369725642534,3.638118351091024e-05,1.161657976309077,2.6746246182919156,4.646021044806833,0.05983135201507721,nan
24.41,220.00323486328125,-209.25689697265625,-5.017882823944092,219.76145398043641,-209.26243665890047,-5.022573790359294,0.2418898273983864,0.9650806952414513,0.23643172991416037,3.645478882241771e-05,1.2035067026084807,2.658784453145525,nan,0.003200311026344842,nan
24.42,220.00323486328125,-209.2481689453125,-5.017882823944092,219.76185109646485,-209.25368033368247,-5.019908568093814,0.2414551758061895,0.9652670148839918,0.23652699184510598,3.652931103250291e-05,0.707977571413007,2.1593387704364875,nan,5.018422830560569,nan
24.43,220.00323486328125,-209.23944091796875,-5.017882823944092,219.76224520202527,-209.24493112475056,-5.020871667064299,0.2410707207148486,0.9654539160329788,0.23662276015708483,3.660457276180179e-05,0.8354663819478461,2.2842431028180297,nan,0.5256978398413337,nan
24.44,220.00323486328125,-209.23072814941406,-5.017882823944092,219.76264191306797,-209.23617649333474,-5.01893882550076,0.24065694937627954,0.9656414004884131,0.2367190366500914,3.668039993768209e-05,0.617490270395887,2.113700096666119,nan,2.601031146172955,nan
24.45,220.00323486328125,-209.2220001220703,-5.017882823944092,219.7295453326258,-209.2148157746595,-5.018769873739252,0.27378524594188125,0.965387310844119,0.23667071998884667,3.638118375766113e-05,0.6519443361655839,1.8160671492302094,2.656654909978295,5.788592818637302e-06,nan
24.46,220.00323486328125,-209.21327209472656,-5.017882823944092,219.72983893407215,-209.206033670873,-5.0175092947705835,0.27349198966703786,0.9655732406515176,0.23676674973249817,3.6454789064129615e-05,0.6300247101509625,1.7922429299678442,nan,1.0811735153941255,nan
24.47,220.00323486328125,-209.2045440673828,-5.017882823944092,219.73013206687773,-209.19725260512791,-5.016737799253215,0.2732025144591099,0.9657597507330823,0.23686328662200765,3.652931126891312e-05,0.6579912670869434,1.8192792119557222,nan,0.3875149659063551,nan
24.48,220.00323486328125,-209.19583129882812,-5.017882823944092,219.73042522114693,-209.18847172507924,-5.016004323979389,0.27291535854425303,0.9659468428888135,0.23696033245736897,3.660457299267866e-05,0.7142880215988916,1.929808782530009,nan,0.333897682689736,nan
24.490000000000002,220.00323486328125,-209.18710327148438,-5.017882823944092,219.73071910985607,-209.1796892282741,-5.0142971996112795,0.272640166893058,0.9661345189187113,0.2370578890385758,3.668040016282036e-05,0.9643356616136971,2.1261806198897237,nan,1.8080491239451295,nan
24.5,220.00323486328125,-209.17837524414062,-5.017882823944092,219.74464916489805,-209.16982731982512,-5.0129077289848265,0.2587747707723548,0.965879990209606,0.23700852632205383,3.6381183971403415e-05,1.2203559595051474,2.6068724559100764,1.6740431195606207,2.4587715202642735,nan
24.51,220.00323486328125,-209.16966247558594,-5.017882823944092,219.74498584674487,-209.16102676236807,-5.014019087157534,0.2584222485521433,0.966066108617042,0.23710582124026225,3.64547892720585e-05,0.9453658342829159,2.3947917006232164,nan,0.9180122409484144,nan
24.52,220.00323486328125,-209.1609344482422,-5.017882823944092,219.74532301289716,-209.1522254512728,-5.014612149726259,0.2580795739817414,0.9662528078528058,0.23720362580793783,3.6529311470904944e-05,0.8246972372934326,2.2231887643788566,nan,0.2679137535892128,nan
24.53,220.00323486328125,-209.15220642089844,-5.017882823944092,219.74565957975062,-209.14342515196444,-5.016114354236745,0.25773099319849024,0.9664400897168973,0.23730194182507428,3.6604573188632494e-05,0.6133121803522769,2.017005302525082,nan,1.5234120374774696,nan
24.54,220.00323486328125,-209.1434783935547,-5.017882823944092,219.7459978195216,-209.1346212806386,-5.015209215331293,0.25740336694462884,0.9666279560093164,0.2374007710916651,3.66804003526566e-05,0.7187898066183023,2.123262706499039,nan,0.5246642181951828,nan
24.55,220.00323486328125,-209.134765625,-5.017882823944092,219.75188733519622,-209.11311662152943,-5.017296496127482,0.25227881997114715,0.9663729877559467,0.23735032021601074,3.638118415101558e-05,0.4118722271608315,2.1971964542640205,2.5477833664696568,1.903480064458931,nan
24.560000000000002,220.00323486328125,-209.12603759765625,-5.017882823944092,219.75225047122316,-209.10423548060007,-5.01628254200786,0.2519346309405956,0.9665592934579116,0.23744887279527857,3.645478944567457e-05,0.46884877718457413,2.1842012673693403,nan,0.7167144295555746,nan
24.57,220.00323486328125,-209.1173095703125,-5.017882823944092,219.75261344925204,-209.095355306172,-5.015946979241131,0.25158861337243876,0.9667461805290503,0.23754793746750724,3.6529311638504914e-05,0.49739357299966014,2.214647021182221,nan,0.07931472095417405,nan
24.580000000000002,220.00323486328125,-209.10858154296875,-5.017882823944092,219.75297499003744,-209.08647840976639,-5.018272186743305,0.251234361218279,0.9669336507693627,0.23764751603269071,3.660457335021314e-05,0.3951789829114847,2.1120998168525875,nan,3.460070480523879,nan
24.59,220.00323486328125,-209.09986877441406,-5.017882823944092,219.75333762655967,-209.0775993826474,-5.01887109151062,0.25088948045607895,0.9671217059788484,0.2377476102908229,3.6680400508230606e-05,0.41382109131518025,2.1896424440349453,nan,0.1867499286838729,nan
24.6,220.00323486328125,-209.0911407470703,-5.017882823944092,219.72901266451214,-209.05431783396264,-5.020576382396153,0.27669657837536543,0.9668662978313652,0.23769603026128813,3.638118429773376e-05,0.5782837543679042,2.3566684492058663,4.296285247750181,0.24644762482933177,nan
24.61,220.00323486328125,-209.08241271972656,-5.017882823944092,219.72930177625932,-209.04539019539922,-5.022204769226726,0.27645737950714794,0.9670527894900827,0.23779583270927415,3.645478958663374e-05,0.8876225607938495,2.6454450135681933,nan,1.452785543476819,nan
24.62,220.00323486328125,-209.0736846923828,-5.017882823944092,219.7295918019126,-209.03646032910615,-5.021905540599227,0.27619261486479396,0.9672398630457475,0.23789614963469338,3.6529311773758566e-05,0.8146196128828207,2.548813976210158,nan,0.14051603222492604,nan
24.63,220.00323486328125,-209.06497192382812,-5.017882823944092,219.72988156236806,-209.02753062549402,-5.021730551920104,0.2759323883701503,0.9674275202983592,0.23799698283754017,3.660457347982397e-05,0.7724120951774166,2.554178746833788,nan,0.07138638987325742,nan
24.64,220.00323486328125,-209.05624389648438,-5.017882823944092,219.73017203408827,-209.01859903800926,-5.019631974999472,0.2756510540264649,0.9676157630479175,0.23809833411780912,3.668040063227421e-05,0.4478214788868962,2.137039280963138,nan,3.249282176120611,nan
24.650000000000002,220.00323486328125,-209.04751586914062,-5.017882823944092,219.75039255839675,-209.0090499908422,-5.021221984947548,0.25577334679121977,0.9673599147849545,0.23804558507216594,3.638118441434449e-05,0.5980508901196873,2.45263038055698,2.8155044226858132,3.323926249026874,nan
24.66,220.00323486328125,-209.03878784179688,-5.017882823944092,219.7507469365958,-209.000093231314,-5.020127234349923,0.2554456172660127,0.9675465910323082,0.23814662933279485,3.645478969799595e-05,0.42640849845443396,2.2669896600358586,nan,0.9570702000668383,nan
24.67,220.00323486328125,-209.0300750732422,-5.017882823944092,219.7511017477105,-208.99113591804817,-5.018033431866161,0.2551223009801114,0.9677338496915528,0.2382481903974002,3.6529311879970446e-05,0.28544831724751824,2.1852896330041247,nan,3.0955812920880525,nan
24.68,220.00323486328125,-209.02134704589844,-5.017882823944092,219.7514547130873,-208.98218212120605,-5.0197330975504455,0.2548147540278378,0.9679216925626878,0.23835027006597712,3.660457358099066e-05,0.3750726728489906,2.1946259784217523,nan,1.7606917380998626,nan
24.69,220.00323486328125,-209.0126190185547,-5.017882823944092,219.75180842521792,-208.9732267511113,-5.01958849949001,0.254499339528838,0.9681101214457127,0.238452870138521,3.6680400728507155e-05,0.35761105246553365,2.16552336356734,nan,0.03342224882004389,nan
24.7,220.00323486328125,-209.00389099121094,-5.017882823944092,219.8146813280561,-208.9884013187267,-5.022487685524176,0.18924473665002944,0.9678538329730865,0.23839891336729327,3.638118450451839e-05,0.8041567848124503,3.153846426821525,9.040432729515471,6.013781476922997,nan
24.71,220.00323486328125,-208.99517822265625,-5.017882823944092,219.8152264927444,-208.97950396654895,-5.02030784583292,0.18867620525017229,0.9680406924125012,0.23850119113550236,3.645478978358375e-05,0.3794393626034619,2.779713197757655,nan,3.486031571961882,nan
24.72,220.00323486328125,-208.9864501953125,-5.017882823944092,219.8157704545866,-208.97060906194005,-5.021111490257013,0.1881602251271877,0.9682281347661622,0.2386039879773918,3.652931196109369e-05,0.5004181485404113,2.8212213135268844,nan,0.33221095141081036,nan
24.73,220.00323486328125,-208.97772216796875,-5.017882823944092,219.81631536134176,-208.96171278405848,-5.019827830067183,0.187613921731066,0.968416161834069,0.23870730569295762,3.660457365777654e-05,0.31535810296051564,2.6253229927439135,nan,1.2407149009100138,nan
24.740000000000002,220.00323486328125,-208.968994140625,-5.017882823944092,219.81685989253754,-208.95281726022316,-5.019562337844961,0.18708324870548643,0.9686047754162213,0.23881114608219595,3.6680400801084095e-05,0.285900323050288,2.5854761705775218,nan,0.0743622231100612,nan
24.75,220.00323486328125,-208.9602813720703,-5.017882823944092,219.81661008214988,-208.9509621401793,-5.021548285525285,0.18689326532535525,0.9683480467654609,0.2387559440458321,3.638118457229512e-05,0.614400550092335,2.93345185759095,1.5841632198263857,1.0062776227308934,nan
24.76,220.00323486328125,-208.95155334472656,-5.017882823944092,219.8171490699058,-208.9421041069694,-5.019626540439917,0.1863337090748111,0.9685350879737358,0.2388594467819502,3.6454789847495134e-05,0.3254080753040777,2.562705804055895,nan,2.727747832005339,nan
24.77,220.00323486328125,-208.9428253173828,-5.017882823944092,219.81768725148027,-208.93324712363548,-5.019473879511101,0.18580147873019637,0.9687227125862651,0.23896347080569916,3.652931202127076e-05,0.30823311402855574,2.5350409686198474,nan,0.03616182755930651,nan
24.78,220.00323486328125,-208.93409729003906,-5.017882823944092,219.81822484720905,-208.9243910026261,-5.021003649861366,0.18529073807609486,0.9689109224030487,0.23906801791707588,3.6604573714351116e-05,0.501968876694153,2.717305320031901,nan,1.3550211378653438,nan
24.79,220.00323486328125,-208.92538452148438,-5.017882823944092,219.8187623621525,-208.91553501663145,-5.023022353933233,0.18480674010178658,0.9690997192240861,0.23917308991607725,3.668040085418788e-05,0.9529364165062726,3.2182456274049627,nan,2.3320353590444363,nan
24.8,220.00323486328125,-208.91665649414062,-5.017882823944092,219.81268446865158,-208.89982332607892,-5.022463728709065,0.19134731022144402,0.9688425505508069,0.2391166062591886,3.6381184621703196e-05,0.7910553764064026,2.990094843185214,0.2976042273379578,0.38141516384962393,nan
24.810000000000002,220.00323486328125,-208.90792846679688,-5.017882823944092,219.81320404781775,-208.89093755376555,-5.023272597797404,0.19086500887682653,0.9690297720799002,0.2392213252029432,3.645478989375222e-05,1.0082330161036381,3.1891006296838635,nan,0.28901448073466,nan
24.82,220.00323486328125,-208.89920043945312,-5.017882823944092,219.8137243083882,-208.88205066269228,-5.021618733598257,0.19032162851279316,0.9692175774911493,0.23932656759360718,3.652931206450486e-05,0.5905808844674085,2.754223354244581,nan,2.1228401046817282,nan
24.830000000000002,220.00323486328125,-208.89048767089844,-5.017882823944092,219.81424376900839,-208.87316493955615,-5.023045377671287,0.18985352958688492,0.9694059685845544,0.23943233523117816,3.6604573754689196e-05,0.9337020680841288,3.148776960646263,nan,1.102036250710883,nan
24.84,220.00323486328125,-208.8817596435547,-5.017882823944092,219.814763999343,-208.86427808335065,-5.021741432636077,0.1893192023061455,0.969594947160115,0.2395386299156537,3.6680400891755625e-05,0.6087008276069953,2.7437543381535905,nan,1.353513487906296,nan
24.85,220.00323486328125,-208.87303161621094,-5.017882823944092,219.8377860149148,-208.86359287187665,-5.021360325686462,0.1657543493811296,0.9693373387422463,0.2394808294784422,3.6381184656508315e-05,0.5145091872701586,2.969936153233699,2.0063123427713547,0.778105514645943,nan
24.86,220.00323486328125,-208.8643035888672,-5.017882823944092,219.83837441897515,-208.85472566891235,-5.02192655730754,0.16518793668721918,0.9695247391210123,0.2395867556625923,3.645478992606908e-05,0.6279587421034506,3.0660474785429486,nan,0.1282004636089186,nan
24.87,220.00323486328125,-208.8555908203125,-5.017882823944092,219.8389629699338,-208.8458580795179,-5.021775138872817,0.16460598805280052,0.9697127238479678,0.239693207399334,3.652931209445213e-05,0.5914054059496379,3.075015612689004,nan,0.052179388461496036,nan
24.88,220.00323486328125,-208.84686279296875,-5.017882823944092,219.83955145100728,-208.83699047927192,-5.021841761850146,0.16402864146460094,0.9699012947231125,0.23980018648866547,3.660457378238117e-05,0.6021972204513325,3.0069508730519914,nan,0.002385160234152447,nan
24.89,220.00323486328125,-208.838134765625,-5.017882823944092,219.8401398518688,-208.8281228268621,-5.022082419454226,0.1634559826615969,0.9700904535464462,0.23990769473058507,3.668040091730648e-05,0.6522224397061653,3.0401514474570646,nan,0.008261715636575493,nan
24.900000000000002,220.00323486328125,-208.82940673828125,-5.017882823944092,219.86011866667033,-208.83155690090317,-5.022325937427254,0.14320129255387357,0.9698324057823196,0.23984854355758892,3.6381184680060195e-05,0.7206721359110236,3.3346303710014364,1.4273779462740368,0.030708336753394044,nan
24.91,220.00323486328125,-208.82069396972656,-5.017882823944092,219.86076406789428,-208.8227319944087,-5.021072794285194,0.14252107561191793,0.9700199835181971,0.23995566782118125,3.6454789947719495e-05,0.45449141230337803,3.107258044754633,nan,1.2648310603665212,nan
24.92,220.00323486328125,-208.8119659423828,-5.017882823944092,219.8614089068135,-208.81390775623473,-5.023391712433025,0.14194618847088733,0.9702081460566663,0.24006331969052042,3.652931211430402e-05,1.0035349048854345,3.583227418003707,nan,3.1496722786901494,nan
24.93,220.00323486328125,-208.80323791503906,-5.017882823944092,219.8620542233784,-208.80508283236446,-5.023714781877588,0.14131308692634098,0.9703968951977271,0.24017150096560513,3.66045738005347e-05,1.0993465857961153,3.660361602735959,nan,0.016797443399466976,nan
24.94,220.00323486328125,-208.7945098876953,-5.017882823944092,219.86269912672643,-208.79625797023797,-5.026230869712697,0.1407943141953453,0.9705862327413795,0.24028021344643433,3.668040093385895e-05,2.0675536786355235,4.60851829052721,nan,3.5434902210775694,nan
24.95,220.00323486328125,-208.78579711914062,-5.017882823944092,219.87944988393315,-208.80141789403854,-5.022747379600446,0.12486149775793572,0.9703277461476951,0.24021967879271658,3.638118469521813e-05,0.8416001504242898,3.5234870629773556,8.566163866404828,2.534930345300495,nan
24.96,220.00323486328125,-208.77706909179688,-5.017882823944092,219.8801404212868,-208.7926480054316,-5.022056157239021,0.1241465299988474,0.9705154997283452,0.24032799179396447,3.6454789961473826e-05,0.6663121172201094,3.2872101434931484,nan,0.4048926774526584,nan
24.97,220.00323486328125,-208.76834106445312,-5.017882823944092,219.88083077894862,-208.78387836538977,-5.022791396091735,0.12348385182781531,0.9707038385545941,0.24043683440264957,3.652931212674022e-05,0.8455510979631651,3.4604630294096452,nan,0.2763085589075282,nan
24.98,220.00323486328125,-208.75961303710938,-5.017882823944092,219.88152131348315,-208.7751086752802,-5.0226255912711935,0.1227876086936096,0.9708927644264417,0.24054620841877117,3.6604573811737435e-05,0.7979220051197666,3.4045962348716827,nan,0.04447370636649795,nan
24.990000000000002,220.00323486328125,-208.7509002685547,-5.017882823944092,219.88221165357513,-208.76633919594366,-5.024308912125391,0.12217312460524256,0.9710822791438879,0.24065611564232853,3.668040094390821e-05,1.3066062850436155,3.958243896187445,nan,1.6241810041508662,nan
25.0,220.00323486328125,-208.74217224121094,-5.017882823944092,219.91081003249425,-208.76089230856616,-5.024640083056104,0.09454338061702476,0.970823354353565,0.24059416597723654,3.6381184704337446e-05,1.3866415021284544,4.499654549080834,1.9844132680016566,0.0020788870451561767,nan
25.01,220.00323486328125,-208.7334442138672,-5.017882823944092,219.91158873499444,-208.75211216156646,-5.025418053626045,0.09383115041192437,0.9710112822484617,0.2407036582060209,3.645478996959557e-05,1.6868457310188216,4.79013745318944,nan,0.2668565412021773,nan
25.02,220.00323486328125,-208.72471618652344,-5.017882823944092,219.9123673759422,-208.7433320387146,-5.025998159228488,0.09310912347827338,0.9711997958208025,0.24081368199352235,3.652931213393455e-05,1.9299614396181743,5.025760014629872,nan,0.1185154319938112,nan
25.03,220.00323486328125,-208.71600341796875,-5.017882823944092,219.91314622587714,-208.73455169384212,-5.02538676984774,0.0922838573713106,0.9713888968705877,0.24092423913974045,3.660457381807156e-05,1.663093142340312,4.808468243414638,nan,0.3858776996138509,nan
25.04,220.00323486328125,-208.707275390625,-5.017882823944092,219.9139251558543,-208.72577129825152,-5.0255210402198855,0.09152412134237725,0.9715785871978171,0.2410353314446747,3.668040094944588e-05,1.7131470470414583,4.799611059868024,nan,9.65600874056371e-05,nan
25.05,220.00323486328125,-208.69854736328125,-5.017882823944092,219.9151486406171,-208.71538396005522,-5.026304874839748,0.09007543813635158,0.9713192249577381,0.24097193645329457,3.638118470928978e-05,2.06378439326791,5.193962655792932,0.023902939971190824,0.2474390860834829,nan
25.060000000000002,220.00323486328125,-208.6898193359375,-5.017882823944092,219.91592966121692,-208.70659491775135,-5.027362303669565,0.08940625810619714,0.9715073256197091,0.24108259824328815,3.645478997387121e-05,2.57700040071009,5.703930222244097,nan,0.5201657706701754,nan
25.07,220.00323486328125,-208.6811065673828,-5.017882823944092,219.9167108966034,-208.69780582986405,-5.027882628361917,0.08868629130525711,0.9716960123800401,0.2411937934939134,3.6529312137588355e-05,2.8472963370337454,6.026453740489412,nan,0.0735610078291296,nan
25.080000000000002,220.00323486328125,-208.67237854003906,-5.017882823944092,219.917492176945,-208.68901668458767,-5.027195342693813,0.08783711698161906,0.9718852870387312,0.24130552400517025,3.66045738211557e-05,2.4770029916842695,5.601532363722282,nan,0.4975825091333036,nan
25.09,220.00323486328125,-208.6636505126953,-5.017882823944092,219.9182732535331,-208.68022748779657,-5.026452713674662,0.08698686248220829,0.9720751513957824,0.24141779157705845,3.668040095200989e-05,2.1080272513671967,5.230949752416631,nan,0.5382297346850415,nan
25.1,220.00323486328125,-208.65492248535156,-5.017882823944092,219.90189845059703,-208.661753357951,-5.027316795112726,0.10200357429123119,0.9718153525644424,0.24135292215949078,3.63811847115134e-05,2.5479464010563326,5.4448982463007445,0.8592780180914947,0.208310956502891,nan
25.11,220.00323486328125,-208.64620971679688,-5.017882823944092,219.90262842438952,-208.6529322439921,-5.0260524224923895,0.10116120925931266,0.9720036244311617,0.24146474369990617,3.645478997566199e-05,1.9304390366034418,4.88321239532051,nan,1.3445587659758127,nan
25.12,220.00323486328125,-208.63748168945312,-5.017882823944092,219.90335809599347,-208.64411095636493,-5.026660668377544,0.10048067663259201,0.9721924828064569,0.24157710055453885,3.652931213898873e-05,2.2069530518763014,5.100925108384723,nan,0.13958419739506361,nan
25.13,220.00323486328125,-208.62875366210938,-5.017882823944092,219.90408760618314,-208.63528949650413,-5.026607966127128,0.09974479348531737,0.9723819294903278,0.24168999452338874,3.6604573822203584e-05,2.175499499674827,5.070323816619173,nan,0.027775829932824268,nan
25.14,220.00323486328125,-208.6200408935547,-5.017882823944092,219.90481708729357,-208.62646781506797,-5.026560509122694,0.09900841464521498,0.9725719662827748,0.24180342740645597,3.668040095274308e-05,2.1467431609691623,5.099286866374161,nan,0.025358366076785106,nan
25.150000000000002,220.00323486328125,-208.61131286621094,-5.017882823944092,219.91742887843924,-208.61141408129737,-5.02614789301499,0.08620318234234679,0.9723117318278449,0.2417370556750355,3.638118471207371e-05,1.9345156660477651,5.130686390690177,1.014860602252485,0.30708108711868565,nan
25.16,220.00323486328125,-208.6025848388672,-5.017882823944092,219.91819891043446,-208.6025504903208,-5.026020336931537,0.08542443195014983,0.9725001733232768,0.2418500270219998,3.645478997596907e-05,1.8717913911916704,5.06568938153892,nan,0.04646780671364912,nan
25.17,220.00323486328125,-208.59385681152344,-5.017882823944092,219.91896884719569,-208.59368686022773,-5.0257109463120555,0.08462901305216386,0.9726892017270277,0.24196353548946378,3.652931213907252e-05,1.731348437226228,4.922175793902925,nan,0.1278641358837901,nan
25.18,220.00323486328125,-208.58514404296875,-5.017882823944092,219.919738567967,-208.5848231002709,-5.027181459519705,0.08401308802198518,0.9728788188390974,0.24207758287742745,3.660457382209202e-05,2.4144082211963758,5.66097597485485,nan,1.1640086278006077,nan
25.19,220.00323486328125,-208.576416015625,-5.017882823944092,219.920508224203,-208.57595965484785,-5.027210521396713,0.08325209317555445,0.9730690264594866,0.24219217098589105,3.6680400952462266e-05,2.4228224331944244,5.611181471507692,nan,0.010461837859403831,nan
25.2,220.00323486328125,-208.56768798828125,-5.017882823944092,219.88549221551776,-208.56446362702133,-5.028715707368836,0.1182838914273049,0.9728083574553006,0.24212427026047098,3.6381184711727355e-05,3.3203875716989857,5.8801670956696315,3.3318324948009828,0.8800576412772803,nan
25.21,220.00323486328125,-208.5589599609375,-5.017882823944092,219.88614841969394,-208.55561987367557,-5.026952811013581,0.11748470589946026,0.9729969669910954,0.2422383813480288,3.645478997549561e-05,2.3496099876384435,4.915655807655274,nan,2.4779830560014604,nan
25.22,220.00323486328125,-208.5502471923828,-5.017882823944092,219.8868044115885,-208.54677582946252,-5.027725647353053,0.11689731226405037,0.9731861638247046,0.2423530313160807,3.652931213849151e-05,2.743320566976545,5.369004059433953,nan,0.2521275562867999,nan
25.23,220.00323486328125,-208.54151916503906,-5.017882823944092,219.88746036591476,-208.53793181315564,-5.028253381536138,0.11629338673702948,0.9733759497561286,0.24246822196462706,3.660457382142367e-05,3.0275406032529153,5.605079972011744,nan,0.08564143896781487,nan
25.240000000000002,220.00323486328125,-208.5327911376953,-5.017882823944092,219.8881163921956,-208.52908786801936,-5.0289695556180884,0.11571038073829826,0.9735663265853675,0.24258395509366798,3.668040095172356e-05,3.438690291344507,6.026125329597472,nan,0.19004631369068412,nan
25.25,220.00323486328125,-208.52406311035156,-5.017882823944092,219.88628865226283,-208.54234351372898,-5.029078058669627,0.11889458650319079,0.9733052242103403,0.24251449989508908,3.638118471098759e-05,3.6170878633906995,5.863093837629651,6.472215234670813,0.9021230643452801,nan
25.26,220.00323486328125,-208.51535034179688,-5.017882823944092,219.88692754175108,-208.53360945076395,-5.028732407201876,0.118230713262933,0.9734940001871826,0.24262974054583772,3.64547899747115e-05,3.398953187761602,5.69595683568817,nan,0.20080925946449896,nan
25.27,220.00323486328125,-208.50662231445312,-5.017882823944092,219.88756633435742,-208.52487536224734,-5.028987451863702,0.11762523155520162,0.9736833638413098,0.24274552179179124,3.652931213767649e-05,3.543575935379569,5.805154684110529,nan,0.0020320205530950652,nan
25.28,220.00323486328125,-208.49789428710938,-5.017882823944092,219.83965394614305,-208.54215913581686,-5.027785839466243,0.16975324149866705,0.9661701952348724,0.2406497557842866,3.660457269632622e-05,3.2762194764207155,5.548380361036058,nan,1.269034314583766,0.3060079847151951
25.29,220.00323486328125,-208.48916625976562,-5.017882823944092,219.84025031556152,-208.53350240313623,-5.02666343598354,0.1691353172822604,0.9663482753605442,0.24075375524595236,3.6680399872290466e-05,2.6945462418679504,4.977701600503756,nan,1.0744341279246978,nan
25.3,220.00323486328125,-208.48045349121094,-5.017882823944092,219.84685949130125,-208.5106865217203,-5.025762647997352,0.15946593593233166,0.966109635557039,0.240697623830699,3.638118369459323e-05,2.1479423913632334,4.810107795344356,2.9571720677601623,0.9309245338799731,nan
25.310000000000002,220.00323486328125,-208.4717254638672,-5.017882823944092,219.84749609811692,-208.50194496718555,-5.025408104347012,0.15882194810812944,0.9662862774420891,0.24080128128401276,3.645478900140457e-05,1.9903317829678313,4.601690249999977,nan,0.15025833289902035,nan
25.32,220.00323486328125,-208.46299743652344,-5.017882823944092,219.84813538995198,-208.49320176997958,-5.026135216109194,0.15822847519645156,0.9664634975506521,0.24090544460327878,3.652931120667665e-05,2.2969038246343163,4.9116751617538394,nan,0.24085523265324732,nan
25.330000000000002,220.00323486328125,-208.4542694091797,-5.017882823944092,219.84877294893573,-208.48445972794144,-5.026040714543808,0.15759596920370575,0.9666412976827242,0.2410101155884984,3.660457293106619e-05,2.246422649045555,4.86751442691754,nan,0.03285965180406711,nan
25.34,220.00323486328125,-208.445556640625,-5.017882823944092,219.84940232624442,-208.47572280364716,-5.022261792601932,0.15682353844106037,0.966819679638301,0.24111529603967272,3.668040010195666e-05,0.946711497293447,3.624173181836623,nan,9.791152845160077,nan
25.35,220.00323486328125,-208.43682861328125,-5.017882823944092,219.8548530285625,-208.471117703623,-5.023429491756331,0.15239316295289118,0.9665806778755736,0.24105794477122197,3.6381183913030316e-05,1.280117783492476,3.9650170558435276,0.15174742792438092,1.0358493086221876,nan
25.36,220.00323486328125,-208.4281005859375,-5.017882823944092,219.855497743911,-208.46239577444658,-5.020828719166017,0.1516940825917433,0.9667576179224523,0.241162769060941,3.645478921458645e-05,0.6683286899391307,3.3503660494320617,nan,4.6178615996102526,nan
25.37,220.00323486328125,-208.41937255859375,-5.017882823944092,219.856148690022,-208.45367033925993,-5.02104461226848,0.1510651416710183,0.9669351367999002,0.24126810174690513,3.652931141442952e-05,0.6997692049308809,3.371390472219538,nan,0.027932108680629047,nan
25.38,220.00323486328125,-208.41065979003906,-5.017882823944092,219.8568015407146,-208.44494367270582,-5.022181874254793,0.15045459249285353,0.9671132363079112,0.24137394462911452,3.6604573133238314e-05,0.9267455073606736,3.640674911128971,nan,0.8135549101377811,nan
25.39,220.00323486328125,-208.4019317626953,-5.017882823944092,219.85744900581201,-208.4362202105196,-5.020605943141627,0.14978861528968943,0.9672919182464793,0.2414802995075693,3.668040029842199e-05,0.6198884409359082,3.2759127568633315,nan,1.6738738214731523,nan
25.400000000000002,220.00323486328125,-208.39320373535156,-5.017882823944092,219.85218577644508,-208.43478799515688,-5.020069718513819,0.15668394878051586,0.9670525473392899,0.2414216942652308,3.6381184099240636e-05,0.6295565073970347,3.218443479493236,3.0930295911216086,0.0992183945055421,nan
25.41,220.00323486328125,-208.3844757080078,-5.017882823944092,219.85280563279488,-208.42610839998537,-5.019203990930527,0.1560896534310472,0.9672297836816419,0.24152767873134562,3.645478939512658e-05,0.5418712890191335,3.112693337517935,nan,0.45615805606614523,nan
25.42,220.00323486328125,-208.37576293945312,-5.017882823944092,219.8534274815961,-208.4174275313503,-5.019439146546424,0.15550116387140653,0.96740759944712,0.24163417406363083,3.652931158923766e-05,0.5560856379380855,3.152130422892908,nan,0.05084161883428227,nan
25.43,220.00323486328125,-208.36703491210938,-5.017882823944092,219.85404508505707,-208.40874920360062,-5.017354207914464,0.15491272212476448,0.9675859964357171,0.2417411820620858,3.66045733022712e-05,0.49335393189641585,3.023953065602313,nan,2.699699687698116,nan
25.44,220.00323486328125,-208.35830688476562,-5.017882823944092,219.85466632670276,-208.40006841555208,-5.017243878886171,0.15432771548069682,0.9677649764474264,0.24184870452670992,3.668040046165402e-05,0.49281416873730094,2.999814003856463,nan,0.0005266098250621385,nan
25.45,220.00323486328125,-208.34957885742188,-5.017882823944092,219.86671428826457,-208.39371313974502,-5.0176296761466705,0.14347740715133445,0.9675252294322289,0.24178881217728299,3.638118425345037e-05,0.4532771964698121,3.2030694678147382,0.5676427752838564,0.38193714840490955,nan
25.46,220.00323486328125,-208.3408660888672,-5.017882823944092,219.86737113566616,-208.38503316667624,-5.016069144158402,0.1428739748100496,0.9677027601433903,0.24189594989207797,3.645478954372204e-05,0.5376525059308327,3.306591129364898,nan,1.4295740331392761,nan
25.47,220.00323486328125,-208.33213806152344,-5.017882823944092,219.8680328539183,-208.3763500657986,-5.017656026098055,0.14224744670843825,0.9678808708559987,0.24200360088367834,3.652931173223803e-05,0.4448801684991724,3.1356293921043683,nan,1.8602194888327026,nan
25.48,220.00323486328125,-208.3234100341797,-5.017882823944092,219.8686920260152,-208.3676686240769,-5.017788188835559,0.14163547152847805,0.968059563370047,0.2421117669520831,3.6604573439710976e-05,0.439797309036219,3.105809114697457,nan,0.02654309183594932,nan
25.490000000000002,220.00323486328125,-208.31468200683594,-5.017882823944092,219.86935079981924,-208.3589876724058,-5.017625575661074,0.14102482273474037,0.968238839485528,0.24222044989729113,3.668040059357843e-05,0.4374645022976776,3.08296778177725,nan,0.006054206992831884,nan
25.5,220.00323486328125,-208.30596923828125,-5.017882823944092,219.88223196385368,-208.35807947843682,-5.0173931951513175,0.13174755608854247,0.9679987096251997,0.2421592383135833,3.6381184377692905e-05,0.45261180904048176,3.285486133824724,0.4536107381832622,0.03229380379758746,nan
25.51,220.00323486328125,-208.2972412109375,-5.017882823944092,219.88292276482426,-208.34942783523556,-5.015198051665865,0.13117031978667157,0.9681765327215379,0.24226752209572688,3.645478966272568e-05,0.6399042808283417,3.4087172996859203,nan,2.9401661267457873,nan
25.52,220.00323486328125,-208.28851318359375,-5.017882823944092,219.88361901949057,-208.34077278749697,-5.016878141480677,0.1305374493114188,0.9683549363836701,0.24237632150709817,3.6529311846077765e-05,0.46599495155706305,3.2067041722864653,nan,2.0805988226810723,nan
25.53,220.00323486328125,-208.27978515625,-5.017882823944092,219.8843121161628,-208.33211966534842,-5.0163320778632325,0.12993816005385322,0.9685339224115895,0.24248563834769601,3.6604573548470345e-05,0.5002674394439596,3.219596976772833,nan,0.14422176686939625,nan
25.54,220.00323486328125,-208.2710723876953,-5.017882823944092,219.88500593548068,-208.32346588518044,-5.0165095518387295,0.12932534099654408,0.9687134926052894,0.2425954744175189,3.6680400697348255e-05,0.4820994025215819,3.2223048459495005,nan,0.04335300537028005,nan
25.55,220.00323486328125,-208.26234436035156,-5.017882823944092,219.89801538369485,-208.31665685840431,-5.015212779966338,0.11844034559222312,0.9684729733932029,0.2425329124941706,3.6381184475114684e-05,0.5919981284604876,3.662491162751508,2.7049267417550755,0.04312578781590011,nan
25.560000000000002,220.00323486328125,-208.2536163330078,-5.017882823944092,219.898748068126,-208.30800147704582,-5.013317378677538,0.11788162513442307,0.9686510868373736,0.24264233492248388,3.6454789755478984e-05,0.9641120543652699,4.0002985486067955,nan,2.0381146875601717,nan
25.57,220.00323486328125,-208.24488830566406,-5.017882823944092,219.89948313423156,-208.29934470455402,-5.013404020686581,0.11726031016282416,0.9688297813979724,0.24275227527531093,3.6529311934269825e-05,0.9378344749854088,3.936806932356991,nan,0.03997937902381737,nan
25.580000000000002,220.00323486328125,-208.23617553710938,-5.017882823944092,219.90021789436418,-208.29068822000528,-5.013278557452727,0.11664187820544755,0.9690090588749932,0.24286273535265038,3.660457363221313e-05,0.9640942525473146,3.9703939022015904,nan,0.0005876821384922655,nan
25.59,220.00323486328125,-208.22744750976562,-5.017882823944092,219.9009538263982,-208.2820310782635,-5.014428682592664,0.1159858075296692,0.9691889210684296,0.2429737169545008,3.6680400776757946e-05,0.7066190002004221,3.6349125630300243,nan,1.091273736642399,nan
25.6,220.00323486328125,-208.21871948242188,-5.017882823944092,219.94307504290012,-208.2817745572231,-5.01501771915242,0.08719722055171075,0.9689480062318925,0.242909774621219,3.638118454942462e-05,0.5227007814873743,4.3127649658569425,4.553667082945656,0.5145538465345642,nan
25.61,220.00323486328125,-208.20999145507812,-5.017882823944092,219.94394483684948,-208.2731200470512,-5.01395357042791,0.08669466760982547,0.9691264079360155,0.24302032804811596,3.6454789825785226e-05,0.7171826995858014,4.476093397707185,nan,0.5888789386757033,nan
25.62,220.00323486328125,-208.20127868652344,-5.017882823944092,219.9448167168089,-208.26446394771312,-5.015226808222981,0.08609362048598365,0.9693053912937469,0.24313140163875044,3.6529312000695396e-05,0.4833241956442137,4.2539408809949135,nan,1.2773524313947342,nan
25.63,220.00323486328125,-208.1925506591797,-5.017882823944092,219.94568877822735,-208.25580770657373,-5.016865416949912,0.08552216710909007,0.9694849581050814,0.24324299719312098,3.66045736948807e-05,0.3151488468005203,4.015892427134549,nan,1.9477534290558907,nan
25.64,220.00323486328125,-208.18382263183594,-5.017882823944092,219.9465598674593,-208.24715218419945,-5.0175297316734895,0.08498712860269449,0.9696651101700136,0.2433551165112263,3.668040083579385e-05,0.28696158772441344,3.967096740909591,nan,0.3375187885616254,nan
25.650000000000002,220.00323486328125,-208.1750946044922,-5.017882823944092,219.94167272382464,-208.2360123643719,-5.018432006085368,0.08660930714572308,0.9694237936731023,0.24328976474352998,3.63811846044774e-05,0.2918811070745628,3.888325761770655,0.08328805947365536,0.6329429638655348,nan
25.66,220.00323486328125,-208.1663818359375,-5.017882823944092,219.94252656321788,-208.22734991305344,-5.019568090826854,0.08605489090264322,0.9696024815018534,0.24340144130812422,3.6454789877521016e-05,0.35813779291415665,3.9813010473103767,nan,0.8740522169129984,nan
25.67,220.00323486328125,-208.15765380859375,-5.017882823944092,219.94337838014036,-208.2186886922714,-5.018297839924356,0.08548817367217423,0.9697817515081973,0.24351364022068786,3.652931204923798e-05,0.28170614725373627,3.846139213157557,nan,1.0482044823950027,nan
25.68,220.00323486328125,-208.14892578125,-5.017882823944092,219.94423080350685,-208.21002688335878,-5.018077422492184,0.08494034151899053,0.9699616054921295,0.24362636328121964,3.660457374035363e-05,0.27481567081453523,3.8216724320861726,nan,0.02480451344093511,nan
25.69,220.00323486328125,-208.14019775390625,-5.017882823944092,219.94508305542197,-208.2013652756178,-5.017647565035847,0.08439877852427306,0.9701420452536457,0.24373961228971847,3.668040087832017e-05,0.27210866366290243,3.8028445483653512,nan,0.10394816504916429,nan
25.7,220.00323486328125,-208.13148498535156,-5.017882823944092,219.98612370202366,-208.20580528809464,-5.019010283592383,0.07627299918492833,0.9699003212994616,0.24367282311730254,3.638118464398056e-05,0.26670321118150175,4.69867774207277,3.8400258571914616,1.2500835648698838,nan
25.71,220.00323486328125,-208.1227569580078,-5.017882823944092,219.9871035303103,-208.19717008889845,-5.019297287822386,0.07615467589340401,0.9700792930730825,0.243785614758176,3.645478991436346e-05,0.2836680956321558,4.658145511978938,nan,0.05489953819629066,nan
25.72,220.00323486328125,-208.11402893066406,-5.017882823944092,219.98808304203797,-208.18853507680376,-5.0192379086506245,0.07604327553531658,0.9702588475353409,0.2438989308773252,3.65293120835355e-05,0.2761070980828348,4.6330655385401975,nan,0.002561372926561396,nan
25.73,220.00323486328125,-208.10531616210938,-5.017882823944092,219.98906283388072,-208.17989978256327,-5.019817021496181,0.07594276777620301,0.9704389864862335,0.24401277327474916,3.660457377222266e-05,0.3250413981270331,4.706120352316818,nan,0.21374993907311465,nan
25.740000000000002,220.00323486328125,-208.09658813476562,-5.017882823944092,219.99004227961908,-208.17126454495363,-5.019857411714692,0.07585848336945845,0.9706197117257566,0.24412714375044683,3.668040090787367e-05,0.32624536226961803,4.651856140354587,nan,0.00035744766183410704,nan
25.75,220.00323486328125,-208.08786010742188,-5.017882823944092,219.98997884670243,-208.14910782916712,-5.0188967216301,0.06267402478729797,0.9703775747581289,0.24405889026327013,3.638118467130966e-05,0.18150976732468668,4.700414459107317,1.9450946153053073,0.15534016301496675,nan
25.76,220.00323486328125,-208.07913208007812,-5.017882823944092,219.9909672665662,-208.14040626765126,-5.0186476458724645,0.06249483934288242,0.9705568282553537,0.2441727887309014,3.645478993962424e-05,0.1667115470548538,4.667051651064418,nan,0.03609864038585998,nan
25.77,220.00323486328125,-208.07041931152344,-5.017882823944092,219.9919552886293,-208.13170496334632,-5.017397468414893,0.06231689573201297,0.9707366649395761,0.24428721375424997,3.652931210683266e-05,0.1544896829168145,4.683327436908031,nan,0.9831817163659905,nan
25.78,220.00323486328125,-208.0616912841797,-5.017882823944092,219.9929449106663,-208.12300233315364,-5.019447373729123,0.06218822772144047,0.9709170866107935,0.24440216713331508,3.6604573793658485e-05,0.21238702709036716,4.673636463220942,nan,2.8233369331823726,nan
25.79,220.00323486328125,-208.05296325683594,-5.017882823944092,219.99393447044025,-208.1142997607921,-5.020920332622573,0.06211191901345506,0.9710980950690029,0.24451765066809583,3.6680400927547395e-05,0.39455585899999646,4.840970641876963,nan,1.3856782706181365,nan
25.8,220.00323486328125,-208.0442352294922,-5.017882823944092,220.00701128965144,-208.1056975291552,-5.019606084008841,0.06160231571334933,0.970855539773666,0.2444479070203011,3.638118468940192e-05,0.1996658069220874,5.04944432495789,1.3548894602924004,0.37041420184160184,nan
25.810000000000002,220.00323486328125,-208.0355224609375,-5.017882823944092,220.00804182205977,-208.0969849576559,-5.018103534342655,0.06165058044040149,0.9710350727345662,0.24456290388915083,3.645478995616122e-05,0.1170338538438302,4.995212454531344,nan,1.4553542540078919,nan
25.82,220.00323486328125,-208.02679443359375,-5.017882823944092,220.00907206138612,-208.0882727317099,-5.0155040660591235,0.06180058664810436,0.9712151893683922,0.2446784293393492,3.6529312121904164e-05,0.2683502505125731,5.07063062575698,nan,4.248001999639495,nan
25.830000000000002,220.00323486328125,-208.01806640625,-5.017882823944092,220.01010236582587,-208.0795602848875,-5.013292778033102,0.06204617814618401,0.9713958914751419,0.2447944851708956,3.660457380735148e-05,0.6868003303771123,5.45937400862818,nan,2.894405730841518,nan
25.84,220.00323486328125,-208.00933837890625,-5.017882823944092,220.0111327096419,-208.07084766432266,-5.010950473546331,0.06240052605235696,0.9715771808548134,0.24491107318378935,3.668040093994607e-05,1.4192107067133783,6.163169096635607,nan,3.119752706013976,nan
25.85,220.00323486328125,-208.00062561035156,-5.017882823944092,220.03246616249308,-208.0502238942491,-5.013244677416985,0.057757865459154525,0.9713342021600841,0.24483981459556248,3.638118470071932e-05,0.6341887594715836,6.168017064867541,3.704748223297389,3.650947216533832,nan
25.86,220.00323486328125,-207.9918975830078,-5.017882823944092,220.0335781131377,-208.04143427939889,-5.012020698060964,0.058386313645085945,0.9715140122888305,0.24495590127581504,3.645478996634996e-05,0.98410345446376,6.430301965699423,nan,0.7811629620473248,nan
25.87,220.00323486328125,-207.98316955566406,-5.017882823944092,220.034690753122,-208.03264404093113,-5.013172628279028,0.05881652524008514,0.9716944065642502,0.24507251851228465,3.652931213103942e-05,0.6473827160718314,6.064643680206389,nan,1.0976400300098519,nan
25.88,220.00323486328125,-207.9744415283203,-5.017882823944092,220.03580321944452,-208.02385398916624,-5.013359493404918,0.05935275586857355,0.9718753867863416,0.24518966810497078,3.660457381550345e-05,0.5976264055239486,5.987782944614737,nan,0.061157502598722734,nan
25.89,220.00323486328125,-207.96572875976562,-5.017882823944092,220.03691590820952,-208.01506391998618,-5.014305909796957,0.05984283696703959,0.9720569547551037,0.2453073518538731,3.668040094718429e-05,0.3861023017809777,5.8078502766465165,nan,0.7206266777135741,nan
25.900000000000002,220.00323486328125,-207.95700073242188,-5.017882823944092,220.0142919544892,-208.0018346647563,-5.0143527618471335,0.046312008085997586,0.9718135478320863,0.24523455461134883,3.638118470725414e-05,0.39321066399129134,5.200718423305387,1.6159152469768832,0.012285049011020921,nan
25.91,220.00323486328125,-207.94827270507812,-5.017882823944092,220.01532676127636,-207.9930444817764,-5.0144149551195385,0.04650539861164536,0.9719936327996294,0.2453517223603096,3.645478997209982e-05,0.37903078195753837,5.168995932727953,nan,0.012882105020727341,nan
25.92,220.00323486328125,-207.93954467773438,-5.017882823944092,220.01636162353935,-207.98425414678445,-5.014662662510852,0.046707792682480404,0.9721743023756619,0.2454694225906324,3.652931213606336e-05,0.3314885286212615,5.104459436810956,nan,0.06723585129400601,nan
25.93,220.00323486328125,-207.9308319091797,-5.017882823944092,220.01739618108263,-207.97546385653152,-5.013228071110925,0.04705550308121521,0.972355558360183,0.24558765710231678,3.660457381985779e-05,0.6380130420365351,5.449495318484869,nan,1.2056922724387464,nan
25.94,220.00323486328125,-207.92210388183594,-5.017882823944092,220.01843068294036,-207.96667341517127,-5.013040069829118,0.04733717887939492,0.9725374025531917,0.2457064276953626,3.668040095092272e-05,0.6840155413796652,5.420388770802195,nan,0.005469256143477569,nan
25.95,220.00323486328125,-207.9133758544922,-5.017882823944092,220.01849013438024,-207.94648442391792,-5.012336406809693,0.03687361399091883,0.9722935628155337,0.24563206914868244,3.638118471056377e-05,0.8671603124867887,5.761178817817318,1.2834362440540434,0.024169562888233517,nan
25.96,220.00323486328125,-207.90464782714844,-5.017882823944092,220.0195307285101,-207.93763994497323,-5.0127452893989455,0.03715412929034873,0.9724739202622031,0.24575030908183143,3.645478997489131e-05,0.7445939769807748,5.61944194648068,nan,0.180882049016385,nan
25.97,220.00323486328125,-207.89593505859375,-5.017882823944092,220.02057136204797,-207.92879546407212,-5.012606390735228,0.037526006783287935,0.9726548627674937,0.24586908337279467,3.652931213838095e-05,0.7816977443025082,5.704323247190383,nan,0.0006966426935424797,nan
25.98,220.00323486328125,-207.88720703125,-5.017882823944092,220.02161218018495,-207.91995071926112,-5.013687841138219,0.03778191051138386,0.9728363921314052,0.24598839382157206,3.6604573821745535e-05,0.4993456057940634,5.345000486853343,nan,0.9082055049086606,nan
25.990000000000002,220.00323486328125,-207.87847900390625,-5.017882823944092,220.0226528882687,-207.9111060732288,-5.012623939659257,0.03833068236953114,0.9730185101539368,0.2461082422281634,3.668040095242067e-05,0.771629640812378,5.602964576074838,nan,0.6225929705634943,nan
26.0,220.00323486328125,-207.8697509765625,-5.017882823944092,220.02711955164497,-207.87575202040338,-5.012916516790569,0.025122799847060288,0.9727742332571632,0.24603230078779115,3.638118471182579e-05,0.6793712316405739,6.039714561577574,7.530077163973736,1.1870598628705562,nan
26.01,220.00323486328125,-207.8610382080078,-5.017882823944092,220.02819524545248,-207.86677803340473,-5.012507146355661,0.026169909882452408,0.9729548607951845,0.2461516038894938,3.645478997583375e-05,0.7944547608540294,6.204885784835009,nan,0.05725670565458844,nan
26.02,220.00323486328125,-207.85231018066406,-5.017882823944092,220.02927099701319,-207.85780413560406,-5.013645240861552,0.026944775207288656,0.9731360738305195,0.24627144317779193,3.652931213903736e-05,0.49367696382093657,5.804308116123629,nan,1.0208890760643243,nan
26.03,220.00323486328125,-207.8435821533203,-5.017882823944092,220.03034667805812,-207.84883037243955,-5.01379587894176,0.027915899123458297,0.9733178741631682,0.2463918204526856,3.6604573822147395e-05,0.45878994198668854,5.746092636826506,nan,0.03721096532515442,nan
26.04,220.00323486328125,-207.83485412597656,-5.017882823944092,220.03142219754193,-207.83985670019703,-5.012257927771522,0.02917517812296487,0.9735002635931304,0.2465127375141746,3.668040095259695e-05,0.8654645047927378,6.129269108380877,nan,1.3572033336737486,nan
26.05,220.00323486328125,-207.82614135742188,-5.017882823944092,220.043496784222,-207.81948798207307,-5.012036057988186,0.04122468136339337,0.9732555454335802,0.24643519264557345,3.63811847118946e-05,0.9613783782996074,6.848116882051521,1.822484463296828,0.01528496839017903,nan
26.060000000000002,220.00323486328125,-207.81741333007812,-5.017882823944092,220.04461928665788,-207.81045114964942,-5.011583896057777,0.04243605715726529,0.9734364406495121,0.2465555497794508,3.645478997572598e-05,1.111473347932438,6.893590770726985,nan,0.07385687049121954,nan
26.07,220.00323486328125,-207.80868530273438,-5.017882823944092,220.04574183015765,-207.8014143991073,-5.011753440763805,0.04355775029494239,0.9736179217902539,0.24667644488204535,3.6529312138776755e-05,1.0529485702706538,6.815039631673083,nan,0.054817571511226376,nan
26.080000000000002,220.00323486328125,-207.79995727539062,-5.017882823944092,220.04686430334317,-207.7923776374293,-5.010997275147564,0.04481506146342848,0.9737999906558055,0.2467978797533572,3.6604573821756066e-05,1.321106155543317,7.062621620773889,nan,0.26548750963713713,nan
26.09,220.00323486328125,-207.79124450683594,-5.017882823944092,220.0479864849148,-207.78334098236684,-5.011785710300838,0.045851370019266514,0.973982649046167,0.2469198561933864,3.6680400952095365e-05,1.0408440498846092,6.843386778151314,nan,0.5381633647924139,nan
26.1,220.00323486328125,-207.7825164794922,-5.017882823944092,220.04495892321987,-207.78700668220972,-5.010458050321887,0.04261673804442068,0.9737374857595564,0.24684068841015874,3.638118471136447e-05,1.523952162867508,6.954462001568932,1.4088666682943671,0.7238734334476679,nan
26.11,220.00323486328125,-207.77378845214844,-5.017882823944092,220.04605646892796,-207.7780332603124,-5.010583008985786,0.04364625533693147,0.9739186462166481,0.24696209032911892,3.6454789975116586e-05,1.4711973174018051,6.890502190250224,nan,0.04420985508106769,nan
26.12,220.00323486328125,-207.7650604248047,-5.017882823944092,220.0471539560351,-207.76905974283335,-5.011120909724148,0.04461619366253224,0.9741003930150893,0.2470840319532597,3.652931213810517e-05,1.2619626083310378,6.669861319614676,nan,0.2879923719242541,nan
26.13,220.00323486328125,-207.75634765625,-5.017882823944092,220.0482514609693,-207.7600859861511,-5.01129467952746,0.045649455908176866,0.9742827279548801,0.24720651508258112,3.6604573821035824e-05,1.1968696565321906,6.669258956289107,nan,0.053298725085086075,nan
26.14,220.00323486328125,-207.74761962890625,-5.017882823944092,220.0493492098493,-207.75111202951925,-5.010168208749186,0.04688544666574428,0.9744656528360207,0.2473295415170834,3.6680400951340964e-05,1.6345343941088362,7.025474285230357,nan,0.6673148714503832,nan
26.150000000000002,220.00323486328125,-207.7388916015625,-5.017882823944092,220.0376914319899,-207.7522549533449,-5.011153104605647,0.037564922739296014,0.974220040795657,0.2472487323726738,3.638118471062613e-05,1.2463002721702463,6.391242390323647,6.327744971306183,0.04452005432517238,nan
26.16,220.00323486328125,-207.73016357421875,-5.017882823944092,220.0387373928569,-207.74333845913836,-5.010671297531005,0.038548843200809244,0.9744014640361256,0.24737116972860848,3.645478997436238e-05,1.4282421154271272,6.573786427494833,nan,0.10989134171225223,nan
26.17,220.00323486328125,-207.72145080566406,-5.017882823944092,220.0397831379853,-207.7344220942088,-5.012242406831517,0.039189858580471255,0.9745834740237646,0.2474941484815186,3.65293121373451e-05,0.872807590820933,6.086140354171681,nan,1.7609739644987423,nan
26.18,220.00323486328125,-207.7127227783203,-5.017882823944092,220.04082889750623,-207.725505832545,-5.014186725168194,0.039879556551965456,0.9747660725585738,0.24761767043140423,3.660457382027888e-05,0.37534803054310206,5.5211224054578,nan,2.5415107256457183,nan
26.19,220.00323486328125,-207.70399475097656,-5.017882823944092,220.00500253783264,-207.7698490399689,-5.01454634644601,0.06596244487662355,0.9727912623747565,0.24323935056519266,3.668039975704129e-05,0.46622790204504305,5.599579299053003,nan,0.0822161662183087,0.6300166800537423
26.2,220.00323486328125,-207.6952667236328,-5.017882823944092,219.99854851784622,-207.7760425466417,-5.015644474114399,0.08094260698950906,0.9725526784055217,0.24318133584834886,3.6381183585551264e-05,0.40282984123786675,5.152876799939559,3.8132730804998443,0.3273120580711307,nan
26.21,220.00323486328125,-207.68655395507812,-5.017882823944092,219.99949295936963,-207.76732689911978,-5.016750483989952,0.08086749982416837,0.9727281487297746,0.24328645004551122,3.6454788895970536e-05,0.2964036774790506,5.089006488387245,nan,0.7317030685775537,nan
26.22,220.00323486328125,-207.67782592773438,-5.017882823944092,220.00043779117115,-207.75861071753124,-5.0176476780280375,0.0808335398737102,0.9729041972340347,0.24339206977026376,3.652931110485498e-05,0.25899782685144573,4.981077927064618,nan,0.4437330719056143,nan
26.23,220.00323486328125,-207.66909790039062,-5.017882823944092,220.00138419870476,-207.7498923893706,-5.017474938840869,0.08081671101427744,0.973080825718303,0.24349819682260695,3.660457283285233e-05,0.25832075534958493,4.957527020650743,nan,0.0438754549293062,nan
26.240000000000002,220.00323486328125,-207.66036987304688,-5.017882823944092,220.0023303508585,-207.7411743884189,-5.0174745099083315,0.08081060925139841,0.9732580359825804,0.2436048330025409,3.668040000733803e-05,0.25465167492258445,4.930771974269003,nan,0.0045177955260747105,nan
26.25,220.00323486328125,-207.6516571044922,-5.017882823944092,219.9895602181365,-207.72579646948216,-5.017342892781701,0.07539186220416604,0.9730191479256418,0.2435455767486281,3.638118382377063e-05,0.2544497062287237,4.768194290198428,0.47215780951169756,0.045601055557452475,nan
26.26,220.00323486328125,-207.64292907714844,-5.017882823944092,219.99046448937406,-207.7170596286551,-5.01796443536075,0.07522252173940827,0.9731949292740183,0.24365183899878226,3.645478912876604e-05,0.24300029343799054,4.680237500218096,nan,0.19056872686984394,nan
26.27,220.00323486328125,-207.6342010498047,-5.017882823944092,219.9913699811673,-207.70832105603196,-5.0176065986950436,0.07506415290334822,0.9733712894103367,0.2437586093148437,3.652931133201272e-05,0.24132592699387329,4.653910158847685,nan,0.13135704220373381,nan
26.28,220.00323486328125,-207.62547302246094,-5.017882823944092,219.99227436631978,-207.69958396789312,-5.01808043577863,0.07491731293186785,0.9735482301345972,0.24386588949681115,3.6604573054185516e-05,0.23676222482222714,4.628737838590264,nan,0.09795819895290976,nan
26.29,220.00323486328125,-207.61676025390625,-5.017882823944092,219.99317746730222,-207.6908486892019,-5.019610871759023,0.0747879242103266,0.9737257532467993,0.24397368134468292,3.66804002226856e-05,0.31351237247461383,4.735509179296619,nan,1.3249645762848072,nan
26.3,220.00323486328125,-207.6080322265625,-5.017882823944092,219.96398754578135,-207.68155272750315,-5.018382373031526,0.08334185946325035,0.973486552126242,0.24391315062291685,3.638118402800014e-05,0.3248168156098824,3.9982221545966437,3.447628983556234,1.4493158351629924,nan
26.310000000000002,220.00323486328125,-207.59930419921875,-5.017882823944092,219.96478341584503,-207.67284629875383,-5.019431357625708,0.08300212148210487,0.9736626426120969,0.2440205544323467,3.645478932701088e-05,0.38002216702193947,4.031156352408445,nan,0.5841748086372346,nan
26.32,220.00323486328125,-207.590576171875,-5.017882823944092,219.96558031461873,-207.66413841909713,-5.019613241048593,0.08265750779392533,0.9738393124793272,0.24412846878549024,3.652931152418641e-05,0.3925317629500449,4.015050034227042,nan,0.002301001025297807,nan
26.330000000000002,220.00323486328125,-207.5818634033203,-5.017882823944092,219.96637481025417,-207.65543383305612,-5.0220470537555775,0.0823930364205254,0.9740165635279324,0.2442368954823451,3.660457324022248e-05,0.7805404763493535,4.427262802526327,nan,3.436837907331662,nan
26.34,220.00323486328125,-207.57313537597656,-5.017882823944092,219.96717294636142,-207.64672423458794,-5.0212952084504705,0.08202088960549668,0.9741943975579114,0.2443458363229085,3.66804004025403e-05,0.6206417245355216,4.180949104466721,nan,0.5519588079255855,nan
26.35,220.00323486328125,-207.5644073486328,-5.017882823944092,219.96445633215987,-207.64512184052742,-5.020639316795114,0.089589072606958,0.9739548746356573,0.24428399917562446,3.6381184198008086e-05,0.5709494574547077,3.9682712183231352,0.7037836038311486,0.47509744626850814,nan
26.36,220.00323486328125,-207.55569458007812,-5.017882823944092,219.96523044075244,-207.63645637539682,-5.02251467008754,0.08937705361860937,0.9741312723065401,0.24439253778465728,3.645478949100862e-05,0.9468324487814257,4.362090889548382,nan,1.9546983006721543,nan
26.37,220.00323486328125,-207.54696655273438,-5.017882823944092,219.9660057999417,-207.62778920985042,-5.023269045507054,0.08914772259100272,0.9743082499379905,0.24450158935577818,3.652931168218216e-05,1.1488805671611506,4.486027651077946,nan,0.2137250205824876,nan
26.38,220.00323486328125,-207.53823852539062,-5.017882823944092,219.96678194574486,-207.61912121019822,-5.02339092300431,0.08888848662147668,0.9744858093300072,0.24461115568898398,3.660457339223735e-05,1.1799122788979637,4.48110689882754,nan,0.0032672945814745157,nan
26.39,220.00323486328125,-207.52951049804688,-5.017882823944092,219.96755735402382,-207.61045435295793,-5.024456422591834,0.08870177289015838,0.9746639522825888,0.24472123858427147,3.668040054861184e-05,1.5255687867954468,4.794512856172612,nan,0.48908613911577015,nan
26.400000000000002,220.00323486328125,-207.5207977294922,-5.017882823944092,219.96808517503817,-207.60684839203063,-5.0257223659507675,0.09328277185935643,0.9744240990646591,0.24465806404436558,3.638118433564661e-05,2.072090362533102,5.2655421135810885,0.5456138530103507,1.2905625061909956,nan
26.41,220.00323486328125,-207.51206970214844,-5.017882823944092,219.96885555382207,-207.59820588092978,-5.0251599337273865,0.09302867590555203,0.9746008019058799,0.24476773044130232,3.6454789622983204e-05,1.8318876988375343,4.950821726134695,nan,0.4059690908160266,nan
26.42,220.00323486328125,-207.5033416748047,-5.017882823944092,219.96962613202095,-207.58956326345307,-5.024437208921386,0.0927721355171319,0.9747780852728783,0.24487791216034785,3.652931180856351e-05,1.5517277736375545,4.640878553118702,nan,0.5650375915352833,nan
26.43,220.00323486328125,-207.49461364746094,-5.017882823944092,219.9703964536566,-207.58092074705277,-5.023832657886477,0.09253473461664473,0.9749559509656526,0.24498861100149866,3.66045735131061e-05,1.3392758505671578,4.401093121741535,nan,0.4091788086765363,nan
26.44,220.00323486328125,-207.48590087890625,-5.017882823944092,219.97116548811675,-207.57227945178144,-5.024399398180529,0.09236973755064408,0.9751344007842013,0.2450998287647514,3.6680400664057875e-05,1.526289886982841,4.603998947222391,nan,0.09803971139727338,nan
26.45,220.00323486328125,-207.4771728515625,-5.017882823944092,219.9469045485883,-207.5528239469391,-5.023791543936227,0.0945045266483696,0.9748942090262176,0.24503528687051424,3.638118444408593e-05,1.3357670788899374,3.9720610499033593,1.5536825821638174,0.27994924596686466,nan
26.46,220.00323486328125,-207.46844482421875,-5.017882823944092,219.94759773982784,-207.54415136992657,-5.022906441982597,0.09408616958605752,0.9750712149643299,0.24514607380524187,3.645478972633572e-05,1.0649171896054357,3.6831959863508494,nan,0.7178502675049908,nan
26.47,220.00323486328125,-207.459716796875,-5.017882823944092,219.9482901014377,-207.53547988462597,-5.022981645118932,0.09372817237618397,0.9752488019797066,0.24525737836482236,3.6529311906937305e-05,1.0808881982605052,3.6822955783012588,nan,0.00307276307871033,nan
26.48,220.00323486328125,-207.4510040283203,-5.017882823944092,219.94898372778093,-207.52680667370643,-5.021235563875898,0.09327629718025067,0.9754269718723463,0.24536920234925247,3.660457360661724e-05,0.672735397215398,3.3024617136138588,nan,2.3007892051445085,nan
26.490000000000002,220.00323486328125,-207.44227600097656,-5.017882823944092,219.9496754002205,-207.51813602682128,-5.022204126201172,0.09296253685067354,0.9756057264422472,0.24548154755852877,3.6680400752825864e-05,0.871330667072516,3.4461776784816793,nan,0.48066522855095256,nan
26.5,220.00323486328125,-207.4335479736328,-5.017882823944092,219.95750970606446,-207.54713908166883,-5.022400796209111,0.12253220760574932,0.9753651881542,0.24541560936597054,3.638118452719785e-05,1.2053524115303489,3.541247004216155,11.684205608933908,0.38846756477439454,nan
26.51,220.00323486328125,-207.42481994628906,-5.017882823944092,219.95818436156165,-207.53865155637243,-5.022955464222982,0.12252720040365858,0.9755424950603997,0.24552750936325002,3.6454789805055985e-05,1.3468675521868256,3.6749103967919194,nan,0.12906441058290757,nan
26.52,220.00323486328125,-207.41610717773438,-5.017882823944092,219.95885977155214,-207.5301627677785,-5.02212462246357,0.12245741807241235,0.975720383581886,0.24563992923192468,3.6529311981393894e-05,1.1301687644571268,3.471941372751035,nan,0.5847265939058842,nan
26.53,220.00323486328125,-207.40737915039062,-5.017882823944092,219.95953468152888,-207.52167440592163,-5.0218123361453975,0.1224277435397226,0.9758988555186574,0.24575287077199162,3.6604573676940625e-05,1.0561947915712646,3.369254980821124,nan,0.10949601218525404,nan
26.54,220.00323486328125,-207.39865112304688,-5.017882823944092,219.9602101040009,-207.51318560557215,-5.020705375380515,0.12238155251129369,0.9760779126707125,0.24586633578344771,3.668040081914802e-05,0.8483204422526204,3.1567743707848703,nan,0.922252418911944,nan
26.55,220.00323486328125,-207.38992309570312,-5.017882823944092,219.94585679127064,-207.5076362111012,-5.023530407716398,0.13107446695232783,0.9758370201210229,0.2457989733762166,3.638118458908128e-05,1.6058725307613184,3.6622817898913027,2.588038634829119,2.588973155042585,nan
26.560000000000002,220.00323486328125,-207.38121032714844,-5.017882823944092,219.9464753656958,-207.49917768380837,-5.023645409277152,0.13103871639025727,0.9760146258144619,0.2459119787486417,3.645478986327859e-05,1.6368524218167773,3.7010629583877197,nan,0.0006099501078523239,nan
26.57,220.00323486328125,-207.3724822998047,-5.017882823944092,219.94709532943966,-207.49071721847815,-5.021088274628632,0.13092523884936313,0.9761928136480021,0.24602550618387395,3.652931203608788e-05,1.0041276730071194,3.0413243709353934,nan,4.728432571681325,nan
26.580000000000002,220.00323486328125,-207.36375427246094,-5.017882823944092,219.9477141595927,-207.48225791980883,-5.0202118820779775,0.13088578029953235,0.9763715854216426,0.2461395574819107,3.660457372823829e-05,0.8679667250812361,2.898064034455182,nan,0.5997311255087651,nan
26.59,220.00323486328125,-207.3550262451172,-5.017882823944092,219.94833262468245,-207.47379885140597,-5.019703666481217,0.1308606253818754,0.9765509429353818,0.24625413444274924,3.6680400867181464e-05,0.8070973724996275,2.831400128783503,nan,0.21331709649341765,nan
26.6,220.00323486328125,-207.3463134765625,-5.017882823944092,219.96920663627714,-207.47005593015345,-5.018486289921425,0.12833736488231973,0.9763096886542864,0.24618532093974488,3.638118463372909e-05,0.6779526293813753,3.072838403754414,1.1219209254719689,0.7769240066361328,nan
26.61,220.00323486328125,-207.33758544921875,-5.017882823944092,219.96989019658477,-207.46160214866975,-5.019847709821987,0.1284362461158581,0.9764875909052998,0.2462994238003682,3.645478990497206e-05,0.7707718462027041,3.143548766915121,nan,1.1588401252637157,nan
26.62,220.00323486328125,-207.328857421875,-5.017882823944092,219.9705742424679,-207.4531476794885,-5.020052087836769,0.1285281681009195,0.976666075808278,0.2464140508611469,3.6529312074954415e-05,0.7906207117726289,3.1566472021063428,nan,0.014243782355300251,nan
26.63,220.00323486328125,-207.32012939453125,-5.017882823944092,219.97125796420443,-207.44469358816576,-5.020788142305472,0.12863592532868348,0.9768451451632199,0.24652920392207858,3.660457376440162e-05,0.889344083634376,3.2487045389242706,nan,0.2943282322642197,nan
26.64,220.00323486328125,-207.31141662597656,-5.017882823944092,219.971942148911,-207.43623898225434,-5.020399100529786,0.12870969756490333,0.9770248007701242,0.24664488478316118,3.668040090076582e-05,0.8281805037934279,3.1987851230272537,nan,0.13871854001098224,nan
26.650000000000002,220.00323486328125,-207.3026885986328,-5.017882823944092,219.93652189988725,-207.40261832708157,-5.019271858402222,0.1201603076285046,0.9767831775524122,0.24657459434394868,3.638118466480874e-05,0.6378103318271855,2.5159085674814783,5.2059735474160895,0.1928709268656195,nan
26.66,220.00323486328125,-207.29396057128906,-5.017882823944092,219.93710552210035,-207.3940737298476,-5.019546728983059,0.11999376176104354,0.9769613740856592,0.24668978661857144,3.645478993374316e-05,0.6575922229856638,2.530864432478723,nan,0.04005907276453957,nan
26.67,220.00323486328125,-207.2852325439453,-5.017882823944092,219.9376891072237,-207.38552889714924,-5.019515097251889,0.11982599433894144,0.9771401537700376,0.24680550517769537,3.652931210153107e-05,0.6514656232728926,2.519792556244357,nan,0.002696662097827812,nan
26.68,220.00323486328125,-207.27651977539062,-5.017882823944092,219.9382723423005,-207.37698435520406,-5.0202478155981005,0.11966141447762794,0.9773195184055463,0.24692175182131856,3.660457378889553e-05,0.7280922075140185,2.619126193576375,nan,0.31600397788268714,nan
26.69,220.00323486328125,-207.26779174804688,-5.017882823944092,219.93885535187388,-207.3684400410169,-5.021811049626203,0.11954175556616231,0.9774994697921845,0.2470385283494394,3.66804009232861e-05,0.9928874759331986,2.8535173407940824,nan,1.4719156634621544,nan
26.7,220.00323486328125,-207.25906372070312,-5.017882823944092,219.91734607247992,-207.34183096485114,-5.020254268364241,0.1193018224412793,0.9772574706993176,0.24696673617756668,3.638118468553666e-05,0.6651952771547385,2.339718180615033,3.1754742004618937,0.5514058171993605,nan
26.71,220.00323486328125,-207.25033569335938,-5.017882823944092,219.91787116607128,-207.33321700379318,-5.018451879555309,0.11898149538843857,0.9774359591968342,0.2470830096166908,3.645478995272557e-05,0.5163780961349189,2.1858549223567048,nan,2.184023163527683,nan
26.72,220.00323486328125,-207.2416229248047,-5.017882823944092,219.9183960851072,-207.32460299277065,-5.016712375068922,0.11867889413148618,0.9776150313322048,0.24719981137271466,3.6529312118865464e-05,0.5417671635822794,2.2394888722272652,nan,1.940467219749017,nan
26.73,220.00323486328125,-207.23289489746094,-5.017882823944092,219.9189199218985,-207.31599007091097,-5.018605610849842,0.11838217607385013,0.9777946889054289,0.24731714324563697,3.6604573804678675e-05,0.5154438166292461,2.1707695051448876,nan,2.419449376712655,nan
26.740000000000002,220.00323486328125,-207.2241668701172,-5.017882823944092,219.91944390473688,-207.30737668123132,-5.019360176277552,0.11809733260895758,0.9779749337165056,0.24743500703545634,3.6680400937610146e-05,0.5575967804538098,2.2069073389312974,nan,0.3665785991409431,nan
26.75,220.00323486328125,-207.21543884277344,-5.017882823944092,219.93299336605725,-207.310100277912,-5.020165053107871,0.11789768362744821,0.9777325520781454,0.24736168937978087,3.638118469862772e-05,0.68095310948567,2.446503214078437,1.0251716809929543,0.12461460418651071,nan
26.76,220.00323486328125,-207.20672607421875,-5.017882823944092,219.93355155640293,-207.30152976692642,-5.019809233755019,0.11767418775274398,0.97791133018231,0.24747903557022213,3.645478996454199e-05,0.6364445610581532,2.4272220323488494,nan,0.10292271661968472,nan
26.77,220.00323486328125,-207.197998046875,-5.017882823944092,219.93411026989412,-207.29295881024095,-5.017105010020238,0.11745791154485745,0.978090692398859,0.24759691205906273,3.6529312129489175e-05,0.5482082481248833,2.305730569654662,nan,4.8532761153059925,nan
26.78,220.00323486328125,-207.18927001953125,-5.017882823944092,219.93466855644687,-207.28438847655582,-5.017002864260653,0.11725883177264783,0.9782706405277919,0.2477153206463018,3.660457381418856e-05,0.5498130878243518,2.303670195658001,nan,0.0039148245831487,nan
26.79,220.00323486328125,-207.1805419921875,-5.017882823944092,219.93522689781872,-207.2758180512703,-5.016827196421903,0.11706291107848091,0.9784511763691079,0.24783426313193832,3.668040094608151e-05,0.556064554415811,2.304389241007794,nan,0.014606739710780218,nan
26.8,220.00323486328125,-207.1718292236328,-5.017882823944092,219.92838619963814,-207.27548625447807,-5.01562920484,0.1278756477671957,0.9782084057840861,0.2477593972860658,3.638118470629074e-05,0.7660633523750229,2.3820932563718595,1.3565702664312287,0.39765735370984934,nan
26.810000000000002,220.00323486328125,-207.16310119628906,-5.017882823944092,219.928910619963,-207.26696197881628,-5.0152541803611435,0.12774218198810625,0.9783874711004985,0.24787780766222797,3.6454789971311504e-05,0.8131448613334421,2.4001409507407163,nan,0.06410471296998071,nan
26.82,220.00323486328125,-207.1543731689453,-5.017882823944092,219.92943509810803,-207.2584376954022,-5.014348170217973,0.1276257214799621,0.9785671209918823,0.24799675026843043,3.6529312135430826e-05,0.9627701551590035,2.5430458179420694,nan,0.4557943039882576,nan
26.830000000000002,220.00323486328125,-207.14564514160156,-5.017882823944092,219.92995920997885,-207.249913589691,-5.014559256555942,0.12748441761273516,0.9787473572582374,0.24811622690467264,3.660457381936511e-05,0.9196765457137062,2.4940218538249495,nan,0.05608169751524571,nan
26.84,220.00323486328125,-207.13693237304688,-5.017882823944092,219.930483497217,-207.2413892630151,-5.0125414468455105,0.12740695991724596,0.9789281816995632,0.24823623937095385,3.6680400950552844e-05,1.392751939431652,2.9861503584681115,nan,2.418153237956155,nan
26.85,220.00323486328125,-207.12820434570312,-5.017882823944092,219.91873970965648,-207.23446221340797,-5.012920949967297,0.13584839207224664,0.9786850160363187,0.2481598036708927,3.638118471026392e-05,1.3602352247251819,2.7472774546626626,0.6057264815495913,0.1473307876056543,nan
26.86,220.00323486328125,-207.11947631835938,-5.017882823944092,219.9192195824395,-207.22595640112718,-5.01283360491821,0.13572792658081934,0.9788643661365902,0.24827926952570298,3.6454789974688156e-05,1.380125192139463,2.766761761720963,nan,0.00021373969744009787,nan
26.87,220.00323486328125,-207.11074829101562,-5.017882823944092,219.91969941827978,-207.21745080658076,-5.0140587739122005,0.13556629654220062,0.9790443012627247,0.24839926949336769,3.6529312138262817e-05,1.0783727240965226,2.4645768582658496,nan,1.1434195229569737,nan
26.88,220.00323486328125,-207.10203552246094,-5.017882823944092,219.92017933070562,-207.20894506071346,-5.013825449589449,0.13544125349184663,0.9792248232147217,0.24851980537388632,3.660457382169948e-05,1.124933452709787,2.5322750885291523,nan,0.016315406771631426,nan
26.89,220.00323486328125,-207.0933074951172,-5.017882823944092,219.92065898880313,-207.20043961288727,-5.015976333942634,0.1352763852557217,0.9794059337925813,0.24864087896725862,3.6680400952436286e-05,0.7715868690439531,2.158573618373459,nan,3.183735088536127,nan
26.900000000000002,220.00323486328125,-207.08457946777344,-5.017882823944092,219.92020425155314,-207.1789204911848,-5.017686928240036,0.12567557263595708,0.9791623671890958,0.24856285278739285,3.6381184711867976e-05,0.5643870594942235,2.066710278327451,2.261374987462984,0.7182437008170207,nan
26.91,220.00323486328125,-207.0758514404297,-5.017882823944092,219.92069356269576,-207.17035396805815,-5.017641735161558,0.12547450798594043,0.9793419996135542,0.24868336528289964,3.645478997592019e-05,0.5621236671823714,2.062544724819823,nan,0.0034913382035863926,nan
26.92,220.00323486328125,-207.067138671875,-5.017882823944092,219.9211829645229,-207.1617874653849,-5.016874065994818,0.12526741713362155,0.9795222175033161,0.24880441372627057,3.652931213916063e-05,0.5854680977887391,2.1119573055437875,nan,0.4090761998764412,nan
26.93,220.00323486328125,-207.05841064453125,-5.017882823944092,219.92167225671736,-207.15322098283605,-5.01774535825505,0.12506589437485313,0.9797030226583815,0.2489259999175054,3.660457382229863e-05,0.5553466414946583,2.0532637911232428,nan,0.47682149775168076,nan
26.94,220.00323486328125,-207.0496826171875,-5.017882823944092,219.92216167220224,-207.14465432114417,-5.016468943289283,0.12487788404146821,0.9798844168787504,0.24904812565660397,3.6680400952770146e-05,0.6065588665143429,2.1031145237523186,nan,1.0965021708901994,nan
26.95,220.00323486328125,-207.04095458984375,-5.017882823944092,219.93151091630077,-207.14557494839664,-5.018278122634446,0.126845970591303,0.979640443742009,0.24896848940408392,3.638118471206872e-05,0.5993760930069316,2.1692943475502413,0.4991278061838233,2.4522384904426806,nan
26.96,220.00323486328125,-207.03224182128906,-5.017882823944092,219.9320221478038,-207.1370456114144,-5.017853931669797,0.1267086662587617,0.9798203560023162,0.2490900395817187,3.64547899759115e-05,0.5922751940495317,2.182941745037466,nan,0.1402140518119225,nan
26.97,220.00323486328125,-207.0235137939453,-5.017882823944092,219.93253332525515,-207.1285163652345,-5.0175980480603135,0.12658723693130217,0.9800008541561596,0.2492121274954357,3.652931213896841e-05,0.5917841266629675,2.1559763618605365,nan,0.05336484119047877,nan
26.98,220.00323486328125,-207.01478576660156,-5.017882823944092,219.93304447357704,-207.11998720480292,-5.017161357922925,0.12646957705188808,0.9801819400035391,0.24933475494523497,3.660457382194911e-05,0.6011059977423917,2.1629442132892915,nan,0.13793336084652716,nan
26.990000000000002,220.00323486328125,-207.00607299804688,-5.017882823944092,219.9335555340744,-207.11145819513308,-5.01590124990017,0.12635337478400285,0.9803636153444549,0.24945792373111642,3.6680400952286124e-05,0.6911410868240396,2.2746387079945443,nan,1.046261616227068,nan
27.0,220.00323486328125,-206.99734497070312,-5.017882823944092,219.9380598014026,-207.10104239977287,-5.017416835143532,0.12247923347295092,0.9801192303494618,0.24937665883876733,3.6381184711544504e-05,0.5585457984180944,2.1966004385711972,0.11913417517769401,1.6625000114860387,nan
27.01,220.00323486328125,-206.98861694335938,-5.017882823944092,219.93858645697793,-207.09250107943112,-5.0150244083424775,0.12239077050449003,0.9802994199311458,0.24949923762927284,3.645478997528914e-05,0.7740348912833082,2.4127682425810635,nan,3.789438368372,nan
27.02,220.00323486328125,-206.97988891601562,-5.017882823944092,219.93911316392118,-207.0839596281475,-5.014445560658328,0.12228704032462731,0.9804801958236308,0.2496223558982895,3.652931213826624e-05,0.8706786648694216,2.511617606176137,nan,0.19581596316666958,nan
27.03,220.00323486328125,-206.97117614746094,-5.017882823944092,219.93963984399778,-207.07541828521425,-5.013785587715203,0.12217830047009835,0.9806615598269168,0.2497460154458174,3.660457382118398e-05,1.0030863653694468,2.6725668642225875,nan,0.24788744764767992,nan
27.04,220.00323486328125,-206.9624481201172,-5.017882823944092,219.94016643906798,-207.06687704525385,-5.013736990969427,0.12206643465341652,0.9808435137410039,0.2498702180718566,3.668040095147294e-05,1.0104217128629818,2.6589883782926615,nan,8.766330169500003e-06,nan
27.05,220.00323486328125,-206.95372009277344,-5.017882823944092,219.92943617711674,-207.06427668223103,-5.0132805466704875,0.1330044604823623,0.9805987118293779,0.24978730698970109,3.638118471074457e-05,1.2195596748566402,2.681171777865336,0.9261048102182704,0.06559490631607424,nan
27.060000000000002,220.00323486328125,-206.9449920654297,-5.017882823944092,219.92991887337737,-207.05577204922295,-5.0132449896826365,0.13292459776677093,0.9807791761942797,0.2499109052227291,3.6454789974463815e-05,1.2248708920998155,2.6928357382578003,nan,0.00041751729209793417,nan
27.07,220.00323486328125,-206.936279296875,-5.017882823944092,219.93040160165262,-207.0472671097349,-5.014127224468049,0.13280468037803064,0.9809602272765168,0.2500350446318992,3.6529312137427134e-05,1.0183014588856847,2.5148675621625065,nan,0.573965370038589,nan
27.080000000000002,220.00323486328125,-206.92755126953125,-5.017882823944092,219.9479342112965,-207.08086458256423,-5.011643881330835,0.16310137481951992,0.9791411781252441,0.23796016001378847,3.660457256605843e-05,2.3120144725729572,3.794424326473324,nan,3.8515330188269914,0.14530006279990998
27.09,220.00323486328125,-206.9188232421875,-5.017882823944092,219.94839671612303,-207.0724198081255,-5.013465394679211,0.16315220235412026,0.9793287486374693,0.2380541848850405,3.668039974373872e-05,1.7766824102076657,3.2720778688601446,nan,2.3454570085568474,nan
27.1,220.00323486328125,-206.91009521484375,-5.017882823944092,219.94992838002216,-207.07493170145213,-5.012031490034336,0.17334037782170042,0.9790752481819217,0.23800826996864952,3.6381183572007384e-05,2.3358668102186266,3.724231769558972,4.726731643629809,0.024572535311003823,nan
27.11,220.00323486328125,-206.90138244628906,-5.017882823944092,219.95038730875535,-207.06654457536146,-5.012567536503954,0.1734924931507611,0.979261263985726,0.23810207565039518,3.6454788880804994e-05,2.166028178239449,3.574040176740049,nan,0.2667808984769732,nan
27.12,220.00323486328125,-206.8926544189453,-5.017882823944092,219.95084591081675,-207.05815693170248,-5.012944456664916,0.17366655274015552,0.9794478599389024,0.23819638530104162,3.652931108823821e-05,2.0551294737674555,3.4578698705276745,nan,0.14086002896071972,nan
27.13,220.00323486328125,-206.88392639160156,-5.017882823944092,219.9513018941678,-207.0497634857077,-5.01136108959664,0.1739008570462031,0.9796350378414498,0.23829120072057988,3.660457281494552e-05,2.545955917710881,3.9551380334344253,nan,1.459410192347544,nan
27.14,220.00323486328125,-206.8751983642578,-5.017882823944092,219.95175924539873,-207.04137319597257,-5.01082160453157,0.17410822712154062,0.9798227994933675,0.23838652370900038,3.6680399988296995e-05,2.739805814927392,4.161470030357424,nan,0.1182306412762159,nan
27.150000000000002,220.00323486328125,-206.86648559570312,-5.017882823944092,219.95664083910432,-207.03700291432435,-5.011815301465427,0.17687276180294254,0.9795688377595155,0.23833961889387842,3.638118380511439e-05,2.4221248338593973,3.92252445162869,0.1159997839766275,0.8565235474579925,nan
27.16,220.00323486328125,-206.85775756835938,-5.017882823944092,219.95711438421466,-207.02863805506007,-5.014232406296588,0.17703266611955976,0.9797550416914668,0.23843470781812098,3.645478910923883e-05,1.7723276062503244,3.2714748519893107,nan,4.099008307393728,nan
27.17,220.00323486328125,-206.84902954101562,-5.017882823944092,219.9575864061166,-207.02026999563336,-5.0155366734664435,0.1772359426337205,0.9799418263287685,0.2385303032920678,3.652931131174564e-05,1.5540612325320986,3.059224149278235,nan,1.167757854735611,nan
27.18,220.00323486328125,-206.84030151367188,-5.017882823944092,219.9580576271718,-207.01189964472817,-5.016037586317876,0.17745508205289975,0.9801291934714189,0.23862640711570704,3.66045730333007e-05,1.4929747423641513,3.004178786586587,nan,0.1674722648691367,nan
27.19,220.00323486328125,-206.8315887451172,-5.017882823944092,219.95852834965342,-207.0035276527367,-5.015973522087123,0.17766627633775992,0.9803171449194166,0.23872302108902657,3.668040020130069e-05,1.4956931457313283,3.021710310220295,nan,0.0029133183609552334,nan
27.2,220.00323486328125,-206.82286071777344,-5.017882823944092,219.89550876341767,-206.9868773287846,-5.0163855289917265,0.19623609039007203,0.9800627220712926,0.23867508240781785,3.6381184007378334e-05,1.7945835979402014,2.57642932629949,10.877715551413582,0.2785699589697688,nan
27.21,220.00323486328125,-206.8141326904297,-5.017882823944092,219.89577842160676,-206.97853840479485,-5.016802193358094,0.1964110321130767,0.9802491127962828,0.23877144731650313,3.645478930606967e-05,1.7625191187975757,2.547268836349489,nan,0.10905287901370024,nan
27.22,220.00323486328125,-206.80540466308594,-5.017882823944092,219.89604597962844,-206.9701950100584,-5.015288095780351,0.19660124070891669,0.98043608476932,0.2388683212941114,3.652931150302026e-05,1.9123050446602838,2.6995062615172896,nan,1.5166656497036133,nan
27.23,220.00323486328125,-206.79669189453125,-5.017882823944092,219.8963140770759,-206.96185318053375,-5.0143221076017985,0.19678156320559465,0.9806236397904022,0.23896570614062973,3.6604573218919824e-05,2.071624368380947,2.8711963804355682,nan,0.5822472519106031,nan
27.240000000000002,220.00323486328125,-206.7879638671875,-5.017882823944092,219.89658440522712,-206.95351679968218,-5.015732202417989,0.19694344069730294,0.9808117796595275,0.23906360365604495,3.66804003811842e-05,1.8488394798189833,2.6484376461799037,nan,1.340445500109544,nan
27.25,220.00323486328125,-206.77923583984375,-5.017882823944092,219.88675589875297,-206.94116246136687,-5.017262408516523,0.19946920777597826,0.9805568959766351,0.2390145882330262,3.638118417760582e-05,1.7509075871684168,2.4981392421728152,0.4042570914409289,1.0532388287326153,nan
27.26,220.00323486328125,-206.7705078125,-5.017882823944092,219.88699190871552,-206.932807479091,-5.014861776078076,0.1996565375637093,0.9807434721293714,0.23911222157025097,3.645478947066691e-05,1.988217868297705,2.738701761135094,nan,3.862816360744235,nan
27.27,220.00323486328125,-206.7617950439453,-5.017882823944092,219.88722947080043,-206.9244555535204,-5.0139667600639575,0.19982749564604307,0.9809306300598085,0.23921036643513766,3.652931166196417e-05,2.154947149876135,2.92064866708809,nan,0.5019591522678898,nan
27.28,220.00323486328125,-206.75306701660156,-5.017882823944092,219.8874686324293,-206.9161075768594,-5.015156655759699,0.19997869008428107,0.9811183715679443,0.23930902462767334,3.6604573372203344e-05,1.9356668705880118,2.703951553249016,nan,0.9625567415206489,nan
27.29,220.00323486328125,-206.7443389892578,-5.017882823944092,219.8877057695039,-206.90775575176366,-5.014358651869179,0.20016100910447726,0.9813066984537766,0.23940819794784493,3.668040052881494e-05,2.0687156900703085,2.8436988757280295,nan,0.4040109444949258,nan
27.3,220.00323486328125,-206.73561096191406,-5.017882823944092,219.82949981469284,-206.88752568951153,-5.013232483922853,0.2308323574184198,0.9810513543300774,0.23935806402635915,3.638118431685837e-05,2.5969337045469887,2.9228345264644613,8.570092668673226,0.3139058601681279,nan
27.310000000000002,220.00323486328125,-206.72689819335938,-5.017882823944092,219.82955607155773,-206.87918281486782,-5.015355617162644,0.23100068271896274,0.9812381145169118,0.2394569579540127,3.64547896044952e-05,2.1757791741787904,2.5182966997669465,nan,3.079979300589206,nan
27.32,220.00323486328125,-206.71817016601562,-5.017882823944092,219.82961122863372,-206.87083755514632,-5.016132356942566,0.23120458980505845,0.9814254569982965,0.2395563658086903,3.6529311790414507e-05,2.082769569936962,2.425873621065942,nan,0.39642034060538833,nan
27.330000000000002,220.00323486328125,-206.70944213867188,-5.017882823944092,219.8296647707381,-206.86248865158325,-5.014700482375984,0.23143020424660024,0.9816133835742298,0.23965628939037975,3.660457349533303e-05,2.273839848519237,2.6216097378992766,nan,1.343371804494465,nan
27.34,220.00323486328125,-206.70071411132812,-5.017882823944092,219.82971998840839,-206.85414352946773,-5.015558585775683,0.23163203629003576,0.9818018960447092,0.23975673049906895,3.668040064669151e-05,2.142710593585245,2.498317363083473,nan,0.4931603513774833,nan
27.35,220.00323486328125,-206.69200134277344,-5.017882823944092,219.78884993583586,-206.82920866088097,-5.015176796920688,0.25454678909834766,0.9815460919874411,0.23970543746560072,3.638118442769084e-05,2.26025794191831,2.5480528582138664,4.4455041813334315,0.48601394424993777,nan
27.36,220.00323486328125,-206.6832733154297,-5.017882823944092,219.78877884882237,-206.82081725477698,-5.013993194984888,0.2548035451130894,0.981733034788156,0.23980558387864107,3.6454789710371214e-05,2.4724407222054947,2.7579058718043243,nan,0.9186968655643802,nan
27.37,220.00323486328125,-206.67454528808594,-5.017882823944092,219.78870749312068,-206.81242572636992,-5.012739112410287,0.25506757061166396,0.9819205603877049,0.23990624655979106,3.6529311891425645e-05,2.7801370276936885,3.0777856942538486,nan,0.9867157141153347,nan
27.38,220.00323486328125,-206.6658172607422,-5.017882823944092,219.7886359851893,-206.80403407995365,-5.01144628840991,0.2553389836686524,0.982108670586086,0.24000742730903973,3.6604573591575404e-05,3.1860428091681348,3.499238575442084,nan,1.0031750845012006,nan
27.39,220.00323486328125,-206.6571044921875,-5.017882823944092,219.78856503230088,-206.79564369320434,-5.011125542790365,0.2555815083297605,0.9822973671832973,0.24010912792637648,3.668040073826957e-05,3.2971900110304713,3.6432105335064184,nan,0.03990997575084422,nan
27.400000000000002,220.00323486328125,-206.64837646484375,-5.017882823944092,219.76323787837038,-206.7792524461304,-5.010849547687367,0.27345299818974567,0.9820411038116339,0.24005663633139118,3.6381184513518345e-05,3.494235128410003,3.6575125820230796,3.5988327587902598,0.3572007005059193,nan
27.41,220.00323486328125,-206.6396484375,-5.017882823944092,219.7630890902138,-206.77084810752405,-5.011104302042602,0.2737321575842809,0.9822282277811832,0.24015802687275054,3.6454789791859015e-05,3.393595546034753,3.575391418028653,nan,0.0824116998509581,nan
27.42,220.00323486328125,-206.63092041015625,-5.017882823944092,219.7629396258136,-206.76244204793306,-5.009954698657915,0.27404853132918344,0.9824159350415216,0.24025993596612533,3.6529311968688135e-05,3.852452193879181,4.0542165636114875,nan,0.7226835996601702,nan
27.43,220.00323486328125,-206.62220764160156,-5.017882823944092,219.76279069665745,-206.75403717060604,-5.009776315829808,0.274332166277971,0.9826042273926471,0.24036236541150618,3.6604573664730327e-05,3.9253712795092284,4.163349761056349,nan,0.002597203557454236,nan
27.44,220.00323486328125,-206.6134796142578,-5.017882823944092,219.76264088663027,-206.74563056610302,-5.0078872905464635,0.2746802620543224,0.9827931066345583,0.24046531700888413,3.6680400807437554e-05,4.852461490820343,5.10376902999045,nan,2.0186430163952642,nan
27.45,220.00323486328125,-206.60475158691406,-5.017882823944092,219.7554663195137,-206.7276998779444,-5.006048610974866,0.2768493853064833,0.9825363846781212,0.24041158858455455,3.638118457812271e-05,5.884190634300557,6.1005763346603965,1.1191413183795458,0.9680039310062092,nan
27.46,220.00323486328125,-206.5960235595703,-5.017882823944092,219.75529878290223,-206.71925133255903,-5.005150176488621,0.27716331701849545,0.9827236883483268,0.24051421465967018,3.6454789852800224e-05,6.480107380196871,6.733134811534228,nan,0.3170893876994409,nan
27.47,220.00323486328125,-206.58731079101562,-5.017882823944092,219.75513196194285,-206.71080437783908,-5.005738373319534,0.2774044039304826,0.9829115757891836,0.24061736151461968,3.652931202608801e-05,6.068427899782872,6.38274154535103,nan,0.41646322582972023,nan
27.48,220.00323486328125,-206.57858276367188,-5.017882823944092,219.75496472500055,-206.7023571397285,-5.005944627667766,0.27767008888329275,0.9831000488006906,0.24072103094939545,3.660457371871371e-05,5.922630142871517,6.262094107407362,nan,0.10403936374719355,nan
27.490000000000002,220.00323486328125,-206.56985473632812,-5.017882823944092,219.75479776770996,-206.69391081351534,-5.0071995400829765,0.27789392454142836,0.9832891091828463,0.2408252247639901,3.668040085812813e-05,5.138837399452829,5.522792737101102,nan,1.3319021637549933,nan
27.5,220.00323486328125,-206.56112670898438,-5.017882823944092,219.74740677224023,-206.67697888527348,-5.00901548686222,0.280977523271064,0.9830319294800794,0.24077022243893792,3.638118462529422e-05,4.1158035648751365,4.664417029618813,1.1546185958663575,1.3405060499529369,nan
27.51,220.00323486328125,-206.5524139404297,-5.017882823944092,219.7472196201663,-206.66849441943367,-5.008885411715619,0.281246219067577,0.9832194113612815,0.24087407522990525,3.645478989698016e-05,4.172895466821616,4.780421351940852,nan,0.0007256081023890303,nan
27.52,220.00323486328125,-206.54368591308594,-5.017882823944092,219.7470332140928,-206.6600111505109,-5.010665969452799,0.2814656797863802,0.9834074774811402,0.24097845097352502,3.652931206739688e-05,3.3759664524108253,4.000126028013508,nan,2.2793542590406455,nan
27.53,220.00323486328125,-206.5349578857422,-5.017882823944092,219.74684610029826,-206.651526317515,-5.0104487131918045,0.281742192567244,0.9835961296396546,0.24108335146979118,3.6604573757271156e-05,3.457910387362608,4.109134038590879,nan,0.017106096729558692,nan
27.54,220.00323486328125,-206.52622985839844,-5.017882823944092,219.74665940375831,-206.64304169478143,-5.010855256619158,0.2820024082363109,0.9837853696368235,0.2411887785186978,3.668040089405211e-05,3.2924018478794803,3.9731328451806696,nan,0.1377996579937886,nan
27.55,220.00323486328125,-206.51751708984375,-5.017882823944092,219.7100285587791,-206.6241696267703,-5.010993247279152,0.3120771809974266,0.9835277331332395,0.24113246642987787,3.6381184658584365e-05,3.3828437265504867,4.214821235652311,3.134429394944018,0.003474016265376098,nan
27.560000000000002,220.00323486328125,-206.5087890625,-5.017882823944092,219.70972938571026,-206.61566870574822,-5.011039482034337,0.3124348809488703,0.9837153917159025,0.24123753690922414,3.64547899279046e-05,3.3610791517381404,4.194469334049347,nan,0.004209741446109794,nan
27.57,220.00323486328125,-206.50006103515625,-5.017882823944092,219.7094302801525,-206.60716835597654,-5.0118388613491085,0.3127773021250213,0.983903634993604,0.24134313246012282,3.652931209606663e-05,3.07471369222175,3.932129763176856,nan,0.44665582934413495,nan
27.580000000000002,220.00323486328125,-206.4913330078125,-5.017882823944092,219.70913047908147,-206.59866700047854,-5.01064296770052,0.31316192346068467,0.9840924647663433,0.2414492548825693,3.6604573783795214e-05,3.504901228323399,4.3790806611974995,nan,0.9025048404830059,nan
27.59,220.00323486328125,-206.4826202392578,-5.017882823944092,219.70883058979535,-206.59016590709902,-5.009491520821251,0.31354483074397627,0.9842818828341195,0.24155590597655904,3.668040091853732e-05,3.990613561638643,4.915441806105238,nan,0.7964713678603195,nan
27.6,220.00323486328125,-206.47389221191406,-5.017882823944092,219.71864012541295,-206.59286082995544,-5.010841638883236,0.3085405567961287,0.9840237905804283,0.2414982494784145,3.638118468116003e-05,3.542701322887676,4.464877761816159,0.8944194249953041,0.9069479151313762,nan
27.61,220.00323486328125,-206.4651641845703,-5.017882823944092,219.7183679249224,-206.58440777453882,-5.009828762356679,0.30892244047102385,0.9842116243367001,0.2416045284224911,3.645478994866852e-05,3.957933814527819,4.9029978424372676,nan,0.63576596934846,nan
27.62,220.00323486328125,-206.45645141601562,-5.017882823944092,219.71809610116102,-206.5759553005291,-5.010405417167512,0.3092591206243852,0.9844000432330015,0.2417113345041765,3.652931211511731e-05,3.707415898118775,4.702060751929118,nan,0.2494970007491402,nan
27.63,220.00323486328125,-206.44772338867188,-5.017882823944092,219.71782452749596,-206.56750304458464,-5.011504627918064,0.30959151656367595,0.9845890490693316,0.24181866952346717,3.660457380122637e-05,3.286720123076577,4.28853387588875,nan,0.8213549136547925,nan
27.64,220.00323486328125,-206.43899536132812,-5.017882823944092,219.7175529506125,-206.55905085043153,-5.0124384738938685,0.3099308255682403,0.9847786436456902,0.24192653528035998,3.6680400934442216e-05,2.9819388932864594,3.998209540909327,nan,0.5647239007277729,nan
27.650000000000002,220.00323486328125,-206.43026733398438,-5.017882823944092,219.73447290957358,-206.55136902211996,-5.01310961166385,0.29482433784462597,0.9845200967958213,0.24186750095137755,3.638118469573058e-05,2.68104607840039,3.556209133983133,1.3003264172551052,0.7916265376966465,nan
27.66,220.00323486328125,-206.4215545654297,-5.017882823944092,219.734255603076,-206.54290308770683,-5.01288284166512,0.29512760986088066,0.9847081041810477,0.24197497895337128,3.645478996189915e-05,2.7384784060686864,3.643763079424269,nan,0.04006387266941069,nan
27.67,220.00323486328125,-206.41282653808594,-5.017882823944092,219.7340379971171,-206.53443721550616,-5.0121663655366,0.2954467591833251,0.9848966971401343,0.24208298610725396,3.65293121270901e-05,2.9454029345131487,3.841088839419956,nan,0.3482960613766993,nan
27.68,220.00323486328125,-206.4040985107422,-5.017882823944092,219.7338206578362,-206.52597191234625,-5.012955323281749,0.2957387705001075,0.9850858774730806,0.24219152421302315,3.660457381202058e-05,2.7122678020702544,3.624859498578492,nan,0.3987208302036245,nan
27.69,220.00323486328125,-206.39537048339844,-5.017882823944092,219.7336035405809,-206.51750667752265,-5.013618543107354,0.2960345996456169,0.9852756469798865,0.2423005950706767,3.6680400944134265e-05,2.5428007092315075,3.4645417420705984,nan,0.2650408663890791,nan
27.7,220.00323486328125,-206.38665771484375,-5.017882823944092,219.75722082851533,-206.51809027984572,-5.01140972449111,0.2789969990185082,0.9850166467889105,0.24224015071747063,3.638118470452975e-05,3.161874275271947,3.8883644244677074,2.530808663313417,1.5356666466864843,nan
27.71,220.00323486328125,-206.3779296875,-5.017882823944092,219.75707644845536,-206.50964739673944,-5.010799812585354,0.2792735024430099,0.9852048262431041,0.2423488182000332,3.645478996974497e-05,3.3843464440076647,4.1161132466097055,nan,0.21939350192080564,nan
27.72,220.00323486328125,-206.36920166015625,-5.017882823944092,219.75693217316123,-206.50120456629801,-5.01093555326968,0.2795318353248027,0.9853935916940569,0.24245801679804824,3.65293121340481e-05,3.327380390342306,4.083376098466861,nan,0.020084799491994446,nan
27.73,220.00323486328125,-206.3604736328125,-5.017882823944092,219.7567879875936,-206.49276170733503,-5.0107255829650965,0.2797988979526358,0.9855829449417691,0.24256774831151426,3.660457381815574e-05,3.4035295556815437,4.184428034634188,nan,0.019568740874655256,nan
27.740000000000002,220.00323486328125,-206.3517608642578,-5.017882823944092,219.7566439202886,-206.48431903851346,-5.0105142617722365,0.28005902670057065,0.9857728877862404,0.24267801454042984,3.668040094950715e-05,3.482027197612461,4.309385795836439,nan,0.019158668827801914,nan
27.75,220.00323486328125,-206.34303283691406,-5.017882823944092,219.74526141062648,-206.46218696995157,-5.011568981488507,0.284232078240821,0.9855134356082023,0.24261612919948158,3.6381184709338566e-05,2.9791705588598845,3.9507476031223625,1.408365703188009,0.3514104011847783,nan
27.76,220.00323486328125,-206.3343048095703,-5.017882823944092,219.74508666028274,-206.45368627375058,-5.011482534488448,0.2844879477346994,0.9857017855574643,0.24272597642697888,3.6454789973905085e-05,3.0047350275653795,3.9948921168920557,nan,0.004008160257283975,nan
27.77,220.00323486328125,-206.32557678222656,-5.017882823944092,219.744911714307,-206.44518560745288,-5.010762269425337,0.2847592363113989,0.985890721915681,0.24283635668382644,3.652931213761171e-05,3.266655673895607,4.273499552638694,nan,0.3275902421389505,nan
27.78,220.00323486328125,-206.31686401367188,-5.017882823944092,219.74473691329308,-206.43668513827254,-5.011050137396466,0.28499996079668344,0.9860802464828521,0.24294727177002345,3.660457382117251e-05,3.151444891016665,4.210709006324259,nan,0.06240038389894517,nan
27.79,220.00323486328125,-206.30813598632812,-5.017882823944092,219.7445623772802,-206.42818484968447,-5.012783522719552,0.28521778955754234,0.9862703610589774,0.24305872348556903,3.6680400952023686e-05,2.5825398015184984,3.639061246655124,nan,1.962418111194113,nan
27.8,220.00323486328125,-206.29940795898438,-5.017882823944092,219.75568709226238,-206.40725038553276,-5.013749330565529,0.27004994661685683,0.9860104583446481,0.24299536742274952,3.6381184711526364e-05,2.087089308130855,3.3398286286596397,2.2567690545447965,0.2954760750728164,nan
27.810000000000002,220.00323486328125,-206.29067993164062,-5.017882823944092,219.75555348783294,-206.39867734814752,-5.014176892449697,0.27022812519123557,0.9861989772025478,0.24310638451313177,3.645478997567703e-05,1.9911699193528092,3.2397398864846405,nan,0.0918272860547386,nan
27.82,220.00323486328125,-206.28196716308594,-5.017882823944092,219.75541990494574,-206.39010430906242,-5.014428685686093,0.270403082426728,0.9863880828711177,0.2432179364981378,3.652931213900723e-05,1.9378039225630015,3.219005827577811,nan,0.023649440309459938,nan
27.830000000000002,220.00323486328125,-206.2732391357422,-5.017882823944092,219.7552862268512,-206.38153124292165,-5.014457330919902,0.27058721475218134,0.9865777771503578,0.2433300251777672,3.6604573822228785e-05,1.9287127108569262,3.1670941305149425,nan,0.0008831036897402497,nan
27.84,220.00323486328125,-206.26451110839844,-5.017882823944092,219.75515241709508,-206.3729580882814,-5.0147846728806105,0.2707678823115151,0.9867680618402681,0.2434426523520195,3.6680400952775756e-05,1.8667909232679079,3.1027795100985407,nan,0.04388400523801289,nan
27.85,220.00323486328125,-206.2557830810547,-5.017882823944092,219.77134324344306,-206.3617391234722,-5.014825507965574,0.254970103064961,0.9865077101348249,0.24337779706001844,3.638118471210972e-05,1.7207158373107645,3.291300293111115,2.394795962342613,0.41095638515151955,nan
27.86,220.00323486328125,-206.2470703125,-5.017882823944092,219.77126270933073,-206.3531376164294,-5.017664985080875,0.2550713637887747,0.9866963963037308,0.24348997399631345,3.6454789976014976e-05,1.4615613659280815,3.0580623611653452,nan,4.908639823894658,nan
27.87,220.00323486328125,-206.23834228515625,-5.017882823944092,219.77118230323083,-206.3445361364785,-5.019934923339285,0.2552052816783631,0.9868856696747663,0.24360268764491283,3.652931213912947e-05,1.5722073635967169,3.0926501410375655,nan,2.9033513895576966,nan
27.88,220.00323486328125,-206.2296142578125,-5.017882823944092,219.77110201651863,-206.33593489299454,-5.020365235200197,0.2553348749726089,0.9870755320479312,0.24371593980581635,3.660457382216094e-05,1.6219433360934057,3.0880779086875925,nan,0.034513591588311465,nan
27.89,220.00323486328125,-206.22088623046875,-5.017882823944092,219.7710217838406,-206.32733372944676,-5.020780130324434,0.2554650243893301,0.9872659852232257,0.24382973227902408,3.6680400952543866e-05,1.6791122973470867,3.087837519289594,nan,0.02830525563701346,nan
27.900000000000002,220.00323486328125,-206.21217346191406,-5.017882823944092,219.76791176112755,-206.33333881452535,-5.021007815704122,0.26470317462047577,0.9870051861638672,0.24376335047280984,3.638118471181283e-05,1.9407735698905233,2.9879553148516464,2.9795935859370974,0.3633083129229566,nan
27.91,220.00323486328125,-206.2034454345703,-5.017882823944092,219.7678161973261,-206.32481251116087,-5.019735765268671,0.26486855032598244,0.9871940380362367,0.24387667711424185,3.645478997559339e-05,1.7637010968137077,2.734427791084892,nan,1.397221708095553,nan
27.92,220.00323486328125,-206.19471740722656,-5.017882823944092,219.76772059016423,-206.3162859868153,-5.021002767272726,0.2650577794207056,0.9873834774921586,0.24399054223908662,3.652931213860298e-05,1.933154803366419,2.8713152877420987,nan,0.7880371665790941,nan
27.93,220.00323486328125,-206.1859893798828,-5.017882823944092,219.76762475816042,-206.30775948060509,-5.022955064849365,0.2652655399646942,0.9875735063316327,0.24410494764734417,3.6604573821547845e-05,2.3666956848523095,3.262675141106761,nan,2.004834974256996,nan
27.94,220.00323486328125,-206.17727661132812,-5.017882823944092,219.76752873529335,-206.29923320663815,-5.022978605794951,0.265436916994097,0.9877641263546594,0.24421989513901476,3.668040095186101e-05,2.368711152750564,3.2484900642711416,nan,0.02678480209423099,nan
27.95,220.00323486328125,-206.16854858398438,-5.017882823944092,219.78508151054044,-206.28614051648708,-5.02282785908827,0.2478773916160079,0.9875028816681664,0.24415196074944506,3.63811847111263e-05,2.1577702707548214,3.3086630217960247,2.8892199795655573,0.908619260168015,nan
27.96,220.00323486328125,-206.15982055664062,-5.017882823944092,219.78504340165662,-206.2775760552861,-5.024567190237617,0.24802933725646134,0.9876918976277879,0.24426642684218255,3.645478997486272e-05,2.7080652086515116,3.7992887957411883,nan,1.4676737827089932,nan
27.97,220.00323486328125,-206.15109252929688,-5.017882823944092,219.78500524909498,-206.26901212282107,-5.023177664586179,0.24810729610840623,0.9878815015425663,0.24438143314387858,3.6529312137839964e-05,2.2466813315529297,3.2740633838985045,nan,1.7822822491341395,nan
27.98,220.00323486328125,-206.1423797607422,-5.017882823944092,219.78004987226444,-206.2737387820179,-5.025323904642941,0.25907933604911265,0.987289460243408,0.23878152469938901,3.660457251079518e-05,3.7099418821458032,4.720237869190575,nan,2.3542301557874,0.030908246239095792
27.990000000000002,220.00323486328125,-206.13365173339844,-5.017882823944092,219.77999998686997,-206.26519889725338,-5.025610743741208,0.2592261312233618,0.9874765654532243,0.23887661743954428,3.668039969089799e-05,3.820939786636899,4.734213618121453,nan,5.4136302177990534e-05,nan
28.0,220.00323486328125,-206.1249237060547,-5.017882823944092,219.76590805075983,-206.23906990751647,-5.023956367662657,0.26342030897983165,0.9872232276487897,0.23882960107448264,3.638118352237304e-05,3.0202314288346797,4.044846111506177,2.2870161113953764,2.807048357623625,nan
28.01,220.00323486328125,-206.11619567871094,-5.017882823944092,219.76582327309242,-206.230444691692,-5.022734020496622,0.2635159088767303,0.987408782917484,0.2389244612342112,3.645478883343542e-05,2.6468488264954604,3.6241229086571587,nan,1.3922314473668915,nan
28.02,220.00323486328125,-206.10748291015625,-5.017882823944092,219.7657369242911,-206.2218240355268,-5.023592527300657,0.26365083858768446,0.9875949180817163,0.23901982573027006,3.652931104308019e-05,2.888444186208359,3.870409905572748,nan,0.27158470178256894,nan
28.03,220.00323486328125,-206.0987548828125,-5.017882823944092,219.76565317819916,-206.21319785588915,-5.021530957958063,0.26373388112802726,0.9877816349414873,0.23911569636265392,3.6604572771946196e-05,2.3545493017257186,3.251181868379658,nan,3.371310890725958,nan
28.04,220.00323486328125,-206.09002685546875,-5.017882823944092,219.7655690393571,-206.20457284680015,-5.020001015306129,0.26383766737575987,0.9879689352967975,0.23921207493135715,3.668039994739955e-05,2.1082510840710995,2.976803161454549,nan,1.8693452799166697,nan
28.05,220.00323486328125,-206.081298828125,-5.017882823944092,219.76330298765973,-206.20768584445437,-5.019074396201296,0.2711870252802434,0.9877151599800421,0.23916404384920206,3.638118376680405e-05,2.2537597499973736,2.912190000208672,1.8489490728011846,0.40079637825193765,nan
28.060000000000002,220.00323486328125,-206.0725860595703,-5.017882823944092,219.76320571695052,-206.19912954864535,-5.017139495812891,0.2713444273469626,0.9879009074134011,0.23926017504053576,3.645478907287204e-05,2.225257749596503,2.912941039572401,nan,2.7226737625226667,nan
28.07,220.00323486328125,-206.06385803222656,-5.017882823944092,219.76310636293132,-206.19057785520027,-5.017737892065172,0.2715135930667975,0.9880872353049647,0.23935681313939777,3.652931127726343e-05,2.2063097031161516,2.8555172247173974,nan,0.1814329913958102,nan
28.080000000000002,220.00323486328125,-206.0551300048828,-5.017882823944092,219.76300770712362,-206.1820241990244,-5.017241143880994,0.27168296747445886,0.9882741454547334,0.23945395994578203,3.66045730006456e-05,2.212605244912737,2.8578931696802474,nan,0.21547310376739517,nan
28.09,220.00323486328125,-206.04640197753906,-5.017882823944092,219.7629086116459,-206.17347114078072,-5.017220135083828,0.2718523838934509,0.9884616396627074,0.23955161725968208,3.66804001704125e-05,2.208935748024816,2.852606943901851,nan,0.005305433395338171,nan
28.1,220.00323486328125,-206.03768920898438,-5.017882823944092,219.72502041410797,-206.1548885135551,-5.0196512668659405,0.3018974728463636,0.9882074261155117,0.23950252854940351,3.6381183978527104e-05,2.443590291316478,3.235846758129451,4.381250150815648,1.878831875094066,nan
28.11,220.00323486328125,-206.02896118164062,-5.017882823944092,219.72480374457288,-206.14632499841483,-5.01954462591955,0.30216041259372095,0.9883933644251307,0.23959992356633375,3.645478927883428e-05,2.4294707606926496,3.1647987652125558,nan,0.03852497316624044,nan
28.12,220.00323486328125,-206.02023315429688,-5.017882823944092,219.72458711906822,-206.13776124349073,-5.019275184065973,0.3024224789450659,0.9885798837421848,0.2396978280006347,3.652931147734357e-05,2.4028612805920004,3.1210109227707115,nan,0.10460449822409257,nan
28.13,220.00323486328125,-206.01150512695312,-5.017882823944092,219.72437024888592,-206.12919808167857,-5.0194280808893454,0.3026871199322638,0.9887669858666738,0.23979624365229985,3.660457319474268e-05,2.411078008859925,3.1149322607401775,nan,0.0005032381722570502,nan
28.14,220.00323486328125,-206.00279235839844,-5.017882823944092,219.72415230798768,-206.12063739016367,-5.021294351012286,0.30296231233913096,0.9889546725985979,0.23989517232132287,3.668040035844942e-05,2.658902020125644,3.3862944862304083,nan,1.9418070823311324,nan
28.150000000000002,220.00323486328125,-205.9940643310547,-5.017882823944092,219.6947320011533,-206.09702638039178,-5.022860930896899,0.3252690902831949,0.9887000202343543,0.23984498415277,3.638118415643514e-05,3.018199553537071,3.83013174751565,2.254550735346888,1.0541065084999752,nan
28.16,220.00323486328125,-205.98533630371094,-5.017882823944092,219.69442913892877,-206.0884128376081,-5.021230892159959,0.3255717383218214,0.9888861480972633,0.23994363549507888,3.645478945080165e-05,2.640573610762082,3.420950276484204,nan,2.1762131190070244,nan
28.17,220.00323486328125,-205.9766082763672,-5.017882823944092,219.6941242388229,-206.07980380732087,-5.022998857851709,0.3259215696525642,0.9890728575036418,0.24004279870434192,3.652931164335057e-05,3.0456278696260455,3.8030166312000224,nan,1.6703539837555859,nan
28.18,220.00323486328125,-205.9678955078125,-5.017882823944092,219.69382129633692,-206.07119093722565,-5.021729112113897,0.32622307563927067,0.9892601502534898,0.2401424755805529,3.6604573354786206e-05,2.729009205129111,3.4992416952161562,nan,1.3865259113888355,nan
28.19,220.00323486328125,-205.95916748046875,-5.017882823944092,219.69351819117418,-206.06257858259178,-5.020744418526148,0.3265370756084706,0.989448028146807,0.24024266792370577,3.668040051254213e-05,2.5441031417208113,3.2476686252820683,nan,0.849555644340606,nan
28.2,220.00323486328125,-205.950439453125,-5.017882823944092,219.7177167360557,-206.0321422784311,-5.020054795839829,0.2969859762670592,0.9891929365096285,0.24019133957405328,3.638118430175488e-05,1.8831105750361345,2.9204005554988504,9.87853980930268,0.4986948480438563,nan
28.21,220.00323486328125,-205.9417266845703,-5.017882823944092,219.71750360322594,-206.02338347083864,-5.020690170654905,0.2971835542421946,0.9893792525702859,0.24029123946276656,3.645478959041716e-05,1.9639602007237904,3.0503933152941802,nan,0.16891816292513706,nan
28.22,220.00323486328125,-205.93299865722656,-5.017882823944092,219.71729038004423,-206.01462495110098,-5.021710990324159,0.29739158394815374,0.9895661506974922,0.24039165360885495,3.652931177731272e-05,2.143517861996843,3.1548233025395813,nan,0.5046146299647957,nan
28.23,220.00323486328125,-205.9242706298828,-5.017882823944092,219.7170773963163,-206.0058653249067,-5.021928787971249,0.29759059121675585,0.9897536326912474,0.24049258381231295,3.660457348315941e-05,2.184115819189697,3.1761008070894303,nan,0.002304232628384394,nan
28.240000000000002,220.00323486328125,-205.91554260253906,-5.017882823944092,219.71686346421907,-205.99710724541154,-5.023899903958144,0.29782138005797815,0.989941700351551,0.24059403187313502,3.668040063539967e-05,2.7185302633093906,3.692464943591715,nan,2.104359405074999,nan
28.25,220.00323486328125,-205.90682983398438,-5.017882823944092,219.73472305858292,-205.9887255343697,-5.022599048902782,0.2807627784835832,0.9896861691152794,0.24054152375004814,3.6381184417249886e-05,2.2134287983255416,3.264583838143891,1.1401601506301813,1.0594938463869548,nan
28.26,220.00323486328125,-205.89810180664062,-5.017882823944092,219.7345685421671,-205.97994708901624,-5.022880742500654,0.28090073253385245,0.9898726719875198,0.24064266414253233,3.645478970071288e-05,2.281605588836576,3.2521111451795357,nan,0.0090096557977573,nan
28.27,220.00323486328125,-205.88937377929688,-5.017882823944092,219.73441380274562,-205.97116888115914,-5.023731174361076,0.2810505372326464,0.990059757436674,0.24074432112474486,3.652931188250648e-05,2.527071843177668,3.4826437532393393,nan,0.3017975064301139,nan
28.28,220.00323486328125,-205.88064575195312,-5.017882823944092,219.73425896525842,-205.96239030303195,-5.024426936572371,0.2811992723289994,0.9902474272627415,0.24084649649668102,3.660457358335542e-05,2.7550597880444965,3.6941964174337976,nan,0.1691667740743783,nan
28.29,220.00323486328125,-205.87193298339844,-5.017882823944092,219.73410424112583,-205.95361121500284,-5.024657555206599,0.28133347167278605,0.9904356832657218,0.24094919205833604,3.668040073070784e-05,2.830530119863472,3.817656870700084,nan,0.0007903951494126312,nan
28.3,220.00323486328125,-205.8632049560547,-5.017882823944092,219.73973798269319,-205.94172759673472,-5.022032812778658,0.27497933301674454,0.9901797122327465,0.24089546571997092,3.638118450655772e-05,1.9673022150031576,2.940364746947178,0.3221147885905198,4.826625407753054,nan
28.310000000000002,220.00323486328125,-205.85447692871094,-5.017882823944092,219.73960290843434,-205.93292659039045,-5.02353899035902,0.27511479286390467,0.9903664005016813,0.240997838324668,3.645478978547733e-05,2.365770057366851,3.330828806311285,nan,1.2221764501726449,nan
28.32,220.00323486328125,-205.8457489013672,-5.017882823944092,219.73946888851646,-205.92412362722246,-5.022296298233528,0.27519913853755856,0.9905536718454194,0.24110072979447097,3.652931196284908e-05,2.015704299298002,2.969294885797888,nan,1.283399249381543,nan
28.330000000000002,220.00323486328125,-205.8370361328125,-5.017882823944092,219.73933463609586,-205.915321118255,-5.021603451624371,0.27529204842234095,0.9907415280639603,0.2412041419293759,3.6604573659401093e-05,1.854729951718231,2.8678741315849305,nan,0.44246648415911916,nan
28.34,220.00323486328125,-205.82830810546875,-5.017882823944092,219.73920019439782,-205.90651895541714,-5.021462734905101,0.27539800141707405,0.9909299709573037,0.2413080765293788,3.668040080258441e-05,1.8202516760095109,2.759677579303576,nan,0.043134704618306825,nan
28.35,220.00323486328125,-205.819580078125,-5.017882823944092,219.73424523975305,-205.91184586135907,-5.022553294116178,0.2844120349304278,0.9906735600572026,0.2412530947013403,3.638118457367995e-05,2.311637026734822,3.111083374323208,4.250208581051689,0.0024144595535994713,nan
28.36,220.00323486328125,-205.81085205078125,-5.017882823944092,219.7340882943711,-205.90312424226084,-5.022384530357568,0.28455983243807165,0.9908604322810719,0.24135669099213533,3.6454789848770326e-05,2.262764814265453,3.0479721845907077,nan,0.06923566345509499,nan
28.37,220.00323486328125,-205.80213928222656,-5.017882823944092,219.73393136370856,-205.8944027282409,-5.022518873177183,0.2847075891243968,0.9910478880653979,0.24146080836752634,3.652931202244377e-05,2.2898105288130357,3.124033875968127,nan,0.00019362470118401516,nan
28.38,220.00323486328125,-205.7934112548828,-5.017882823944092,219.73377432749797,-205.8856812260092,-5.023080796141608,0.28486794630362616,0.9912359292101801,0.24156544862751,3.6604573715426976e-05,2.434370466670154,3.1990513512684107,nan,0.10806457805154586,nan
28.39,220.00323486328125,-205.78468322753906,-5.017882823944092,219.7336176536014,-205.876959197127,-5.022625784938169,0.28501015771008503,0.9914245575154185,0.2416706135720834,3.668040085517361e-05,2.304340946145783,3.0586170671849775,nan,0.24473959011960356,nan
28.400000000000002,220.00323486328125,-205.7759552001953,-5.017882823944092,219.74964081789741,-205.88105488162356,-5.023792080172795,0.27457385563748266,0.9911677068034336,0.2416143401614641,3.638118462260836e-05,2.72492135202035,3.4695456989978366,2.4959955203189947,0.04403274621474398,nan
28.41,220.00323486328125,-205.76724243164062,-5.017882823944092,219.74953112742747,-205.8723810540853,-5.019186605224697,0.27462959665949344,0.9913547615154104,0.2417191513916814,3.6454789894577786e-05,1.8064926008804068,2.583342031070724,nan,14.950155008211087,nan
28.42,220.00323486328125,-205.75851440429688,-5.017882823944092,219.74941997978252,-205.8637093431866,-5.018976918838469,0.27475292045240685,0.9915424002614988,0.24182448587118083,3.652931206525708e-05,1.787631186809776,2.503706734408879,nan,0.05725462913175134,nan
28.43,220.00323486328125,-205.74978637695312,-5.017882823944092,219.74930809225322,-205.85503871266212,-5.021142647981298,0.2748954086005741,0.9917306248416984,0.2419303453999598,3.660457375537191e-05,2.0401699033904617,2.7547374913177363,nan,2.7969901578664653,nan
28.44,220.00323486328125,-205.74105834960938,-5.017882823944092,219.7491968079781,-205.8463670760912,-5.021039098701809,0.27501858752777864,0.9919194370560093,0.24203673177801613,3.66804008923747e-05,2.016463411536444,2.720979919191099,nan,0.03464446977889416,nan
28.45,220.00323486328125,-205.7323455810547,-5.017882823944092,219.7495539990991,-205.82461106878242,-5.019667999122281,0.26994460159123745,0.9916621467113655,0.24197913188464099,3.638118465707295e-05,1.6400436950873722,2.567443028355358,1.445591303845161,1.406165258026521,nan
28.46,220.00323486328125,-205.72361755371094,-5.017882823944092,219.74945060234683,-205.81587059857551,-5.019423259534116,0.2700360130179389,0.9918493824213104,0.24208514910066656,3.645478992657901e-05,1.6122160001403834,2.4735337386591842,nan,0.07395689125410249,nan
28.47,220.00323486328125,-205.7148895263672,-5.017882823944092,219.7493468301218,-205.80713070893393,-5.021063132212827,0.27014382003586773,0.9920372026272598,0.24219169167693452,3.652931209491032e-05,1.8186916553774801,2.67479051341462,nan,1.561921223630522,nan
28.48,220.00323486328125,-205.70616149902344,-5.017882823944092,219.749243338033,-205.7983902361681,-5.020870135315803,0.27023463671864517,0.9922256091292139,0.24229876141344311,3.66045737827926e-05,1.7802992415849392,2.6285266348688716,nan,0.06352148847024326,nan
28.490000000000002,220.00323486328125,-205.69744873046875,-5.017882823944092,219.74913957164964,-205.7896497184547,-5.0205310399964205,0.2703191677687737,0.9924146037271723,0.24240636011019065,3.6680400917674264e-05,1.7221909268914393,2.6236681034812217,nan,0.13235828670434654,nan
28.5,220.00323486328125,-205.688720703125,-5.017882823944092,219.7389695581484,-205.76855689325052,-5.0200513752477605,0.2760700479325387,0.992156874051253,0.2423474000351933,3.6381184680392957e-05,1.5614248160165776,2.566982305996868,1.1474264920895487,0.5225745321034659,nan
28.51,220.00323486328125,-205.67999267578125,-5.017882823944092,219.7388386358484,-205.75976322700166,-5.021199664249329,0.2761878117374906,0.9923442892474192,0.24245461408972102,3.645478994801586e-05,1.7285477455652727,2.727993004077448,nan,0.7114795764646434,nan
28.52,220.00323486328125,-205.6712646484375,-5.017882823944092,219.73870777370914,-205.75096938088151,-5.021949425887843,0.27630411278667805,0.9925322893899565,0.24256235556279734,3.6529312114565986e-05,1.8740888680473071,2.8633230134623187,nan,0.25210497673631654,nan
28.53,220.00323486328125,-205.6625518798828,-5.017882823944092,219.73857695002738,-205.74217557261503,-5.022714859272309,0.27641832800597754,0.9927208762788648,0.24267062625442112,3.6604573800766284e-05,2.053658967156118,3.100595027854341,nan,0.25184623277948776,nan
28.54,220.00323486328125,-205.65382385253906,-5.017882823944092,219.73844617339427,-205.73338183908191,-5.023247871735738,0.2765344594306916,0.9929100517141438,0.24277942796459107,3.6680400934061803e-05,2.1951585991882965,3.1616932566955565,nan,0.09165246631574,nan
28.55,220.00323486328125,-205.6450958251953,-5.017882823944092,219.720379898809,-205.72970012121974,-5.021289674803135,0.2952565400887198,0.9926518831285329,0.2427190752164483,3.638118469540069e-05,1.9242896222170796,2.739257501386585,1.5929591238063747,2.8742421539158483,nan
28.560000000000002,220.00323486328125,-205.63636779785156,-5.017882823944092,219.72018918769123,-205.7209501790438,-5.019706341115717,0.2954189548644991,0.9928394762792231,0.24282747678134942,3.6454789961633034e-05,1.6914821451243818,2.4989627576633584,nan,1.8829482665758304,nan
28.57,220.00323486328125,-205.62765502929688,-5.017882823944092,219.71999820570784,-205.71220053255345,-5.019591200674523,0.295590704971112,0.9930276548153573,0.24293640777151576,3.652931212687834e-05,1.6749637999691083,2.541478355979017,nan,0.02540201586556063,nan
28.580000000000002,220.00323486328125,-205.61892700195312,-5.017882823944092,219.71980691284986,-205.7034513853175,-5.023542500118312,0.2958171840905481,0.9932164205369355,0.2430458699869466,3.6604573811856595e-05,2.4651704639013903,3.2661044421410734,nan,9.65926733967868,nan
28.59,220.00323486328125,-205.61019897460938,-5.017882823944092,219.71961659592137,-205.6947015648915,-5.020541766403672,0.2959511434673176,0.9934057752439577,0.24315586522764113,3.668040094400985e-05,1.7778653427532025,2.567976903657493,nan,6.429982363077627,nan
28.6,220.00323486328125,-205.60147094726562,-5.017882823944092,219.70568464064783,-205.69947263621293,-5.021453320553437,0.31329413411642243,0.9931471682883578,0.24309408852579087,3.638118470442797e-05,2.236266035521213,2.872892592751562,3.445486925818927,0.05834201998849612,nan
28.61,220.00323486328125,-205.59275817871094,-5.017882823944092,219.70544369475263,-205.6908049562561,-5.02155991889144,0.31353830972926255,0.9933349378435298,0.24320366810460617,3.645478996967192e-05,2.252168788560111,2.932937766034872,nan,0.0002855701355921137,nan
28.62,220.00323486328125,-205.5840301513672,-5.017882823944092,219.70520292409492,-205.68213708872415,-5.021104034397531,0.31378078993066527,0.9935232932121574,0.24331377906487026,3.6529312133999415e-05,2.160966895001658,2.782671048197267,nan,0.2207144467472383,nan
28.63,220.00323486328125,-205.57530212402344,-5.017882823944092,219.7049621915112,-205.67346913275273,-5.020083800253751,0.3140194144068293,0.9937122361942403,0.2434244232065826,3.660457381812534e-05,2.0048997740425007,2.6191893368409715,nan,0.8325033636114164,nan
28.64,220.00323486328125,-205.5665740966797,-5.017882823944092,219.7047211845778,-205.66480127789222,-5.020816398943099,0.3142731317887323,0.9939017685897787,0.24353560232974292,3.668040094949106e-05,2.1028191353199666,2.7140887946713184,nan,0.26283980178352484,nan
28.650000000000002,220.00323486328125,-205.557861328125,-5.017882823944092,219.71986246082585,-205.66374166067536,-5.019876499291653,0.3025136989223958,0.9936427239198182,0.24347237160591143,3.638118470932911e-05,1.9801168753552592,2.550097777085048,0.8818873949810677,0.32432753533002157,nan
28.66,220.00323486328125,-205.54913330078125,-5.017882823944092,219.71966760634112,-205.65509720700845,-5.0185422749992865,0.30271962854623735,0.993830668312643,0.24358311954596684,3.6454789973903025e-05,1.8784609705411037,2.397054227400943,nan,1.2956059214204756,nan
28.67,220.00323486328125,-205.5404052734375,-5.017882823944092,219.71947258806367,-205.646452664828,-5.019079336699807,0.3029331769551857,0.9940191989361028,0.24369440077416923,3.6529312137614816e-05,1.9013884634958182,2.422453545724072,nan,0.15463126237564195,nan
28.68,220.00323486328125,-205.53167724609375,-5.017882823944092,219.7192775317077,-205.63780785843562,-5.019188814762177,0.3031454743888726,0.9942083175901973,0.24380621709051828,3.6604573821176695e-05,1.9044529996449477,2.4270329715731678,nan,0.001583508930348302,nan
28.69,220.00323486328125,-205.52296447753906,-5.017882823944092,219.71908273309535,-205.6291629241781,-5.01657804788893,0.30335168632840187,0.9943980260749271,0.24391857029501393,3.668040095202742e-05,1.8996979778851821,2.474054233332351,nan,4.583886860377063,nan
28.7,220.00323486328125,-205.5142364501953,-5.017882823944092,219.7346500214643,-205.6270103180819,-5.016691757909143,0.29130255949826356,0.9941385444598635,0.24385385669237652,3.6381184711528024e-05,1.876162917416153,2.405107659369116,0.8878613366070581,0.03978732069002931,nan
28.71,220.00323486328125,-205.50550842285156,-5.017882823944092,219.73450272377048,-205.61838284245118,-5.017993706728207,0.2914748869130604,0.9943266621082328,0.2439657631965234,3.6454789975674475e-05,1.8331504263842235,2.366565431892432,nan,1.074260512380774,nan
28.72,220.00323486328125,-205.4967803955078,-5.017882823944092,219.73435542567924,-205.60975556025136,-5.016930508258776,0.2916512415868803,0.9945153663938122,0.24407820484706827,3.6529312138998665e-05,1.8532854374958574,2.389781417949952,nan,0.7950780914418724,nan
28.73,220.00323486328125,-205.48806762695312,-5.017882823944092,219.73420795593043,-205.60112820848803,-5.017529238722029,0.2918189455780214,0.9947046591166018,0.24419118344401122,3.660457382221267e-05,1.8272951642402442,2.4161580070468998,nan,0.21413767811149428,nan
28.740000000000002,220.00323486328125,-205.47933959960938,-5.017882823944092,219.73406029518762,-205.59250059126794,-5.018789547877289,0.2919951716892476,0.9948945420766016,0.24430470078735225,3.6680400952751314e-05,1.8419385441163245,2.3871285490088026,nan,0.9619176722334432,nan
28.75,220.00323486328125,-205.47061157226562,-5.017882823944092,219.75648131636964,-205.58760308541267,-5.019840027948362,0.2730900175938455,0.994634624396933,0.24423847665764964,3.638118471208086e-05,1.8202576911704629,2.470591092075346,1.836528671476554,0.14572388045926649,nan
28.76,220.00323486328125,-205.46188354492188,-5.017882823944092,219.7564044046714,-205.57897295004332,-5.021426511332448,0.27321742588925324,0.9948229137049186,0.24435153179563124,3.645478997597664e-05,2.0549012995307803,2.7021426296679216,nan,1.438976223063315,nan
28.77,220.00323486328125,-205.4531707763672,-5.017882823944092,219.75632752029048,-205.57034287345925,-5.022592110833623,0.2733399234336626,0.9950117900463104,0.2444651238908432,3.6529312139079804e-05,2.3127873643591554,2.9995358871343916,nan,0.6914759749666977,nan
28.78,220.00323486328125,-205.44444274902344,-5.017882823944092,219.75625070236185,-205.56171325483749,-5.020431834679355,0.273422831407089,0.9952012552211086,0.24457925474328582,3.660457382210047e-05,1.8786497347955693,2.50338540876404,nan,3.4553760731991736,nan
28.79,220.00323486328125,-205.4357147216797,-5.017882823944092,219.7561741056176,-205.55308356551032,-5.019415123388285,0.273526619218438,0.9953913110293131,0.2446939261529591,3.6680400952471055e-05,1.76062846143471,2.3806390767521752,nan,0.8086926935009645,nan
28.8,220.00323486328125,-205.42698669433594,-5.017882823944092,219.7497683322667,-205.55174744530711,-5.020160012316254,0.2825167480244638,0.9951309582743054,0.24462616505169058,3.63811847117369e-05,1.9938447175127159,2.5070159512564074,0.6615215331012312,0.29851486916652803,nan
28.810000000000002,220.00323486328125,-205.41827392578125,-5.017882823944092,219.7496684731843,-205.54315884185394,-5.020708544068837,0.2826661301668526,0.9953194176335696,0.2447403587711382,3.6454789975506356e-05,2.0659105698933464,2.620251182016272,nan,0.13235114112423177,nan
28.82,220.00323486328125,-205.4095458984375,-5.017882823944092,219.74956865779887,-205.5345703827048,-5.020679277389028,0.2828170532729604,0.9955084644122799,0.24485509121224755,3.6529312138503645e-05,2.056755223035019,2.5595613446404037,nan,0.012185431477710798,nan
28.830000000000002,220.00323486328125,-205.40081787109375,-5.017882823944092,219.7494689503305,-205.52598202430462,-5.020202129843896,0.28296392527065173,0.9956981004104369,0.24497036417501883,3.660457382143734e-05,1.985424787241603,2.4845819414315,nan,0.21908336425786054,nan
28.84,220.00323486328125,-205.39210510253906,-5.017882823944092,219.74936937437218,-205.5173933764573,-5.021237221477797,0.28311850879670264,0.9958883274280405,0.24508617945945224,3.668040095173835e-05,2.140796897439846,2.6840265493922524,nan,0.567671478824297,nan
28.85,220.00323486328125,-205.3833770751953,-5.017882823944092,219.75925242067163,-205.5242868800861,-5.023800331903498,0.28181203366173857,0.9956275406931815,0.24501685613926394,3.638118471100325e-05,2.9589968960329043,3.407571244787362,1.6894337071593073,2.727260662865488,nan
28.86,220.00323486328125,-205.37464904785156,-5.017882823944092,219.759178381765,-205.5157650136528,-5.023094206519765,0.2819653178716528,0.9958161684843393,0.2451321782763254,3.645478997472834e-05,2.737640272380858,3.1715029179287137,nan,0.5100332890461066,nan
28.87,220.00323486328125,-205.3659210205078,-5.017882823944092,219.75910447809068,-205.50724314242706,-5.023194760406573,0.2821343718621269,0.9960053840710481,0.24524804085408516,3.652931213769565e-05,2.7612353196374584,3.1835764523444916,nan,0.002411085904192151,nan
28.88,220.00323486328125,-205.35720825195312,-5.017882823944092,219.75326475655905,-205.50189710148695,-5.022680049574343,0.2888649006159755,0.9886996712069755,0.24309088528245085,3.660457270552278e-05,3.3484644946549036,3.796849339121856,nan,0.29447365841976136,0.004435301156074379
28.89,220.00323486328125,-205.34848022460938,-5.017882823944092,219.75318989151776,-205.4933825461762,-5.024272521940107,0.28906746434031727,0.988877862873644,0.24319476990432243,3.668039988111345e-05,3.8276724434522915,4.231607848185019,nan,1.3398688010637672,nan
28.900000000000002,220.00323486328125,-205.33975219726562,-5.017882823944092,219.75844639832997,-205.49640098223043,-5.024001958066178,0.29068484344141304,0.9886387353698445,0.24313909017716187,3.6381183702901906e-05,3.9322425879767247,4.187417919093515,3.302900583041199,0.1766279332544228,nan
28.91,220.00323486328125,-205.33102416992188,-5.017882823944092,219.75837648400883,-205.4879430738088,-5.025480219792676,0.29092419755095283,0.9888154867110911,0.2432426348699125,3.645478900936009e-05,4.481824465882205,4.736181638793657,nan,1.1496970599686642,nan
28.92,220.00323486328125,-205.3223114013672,-5.017882823944092,219.75829935231826,-205.47948964007404,-5.023848243893762,0.2910910329928825,0.988992816534509,0.24334668517496896,3.652931121428676e-05,3.8677697826037947,4.153648120397509,nan,2.1197969981954765,nan
28.93,220.00323486328125,-205.31358337402344,-5.017882823944092,219.75823146144057,-205.47103050355588,-5.026205756335116,0.29135122569691646,0.9891707266400942,0.24345124289233253,3.6604572938336826e-05,4.7814037144735675,5.037156513293898,nan,3.169881465109658,nan
28.94,220.00323486328125,-205.3048553466797,-5.017882823944092,219.75815939093485,-205.46257382392287,-5.026782020462924,0.2915755492293536,0.9893492188278427,0.24355630982200432,3.66804001088963e-05,5.043431468059026,5.300785086601194,nan,0.09627208810516029,nan
28.95,220.00323486328125,-205.29612731933594,-5.017882823944092,219.71756876802738,-205.43435399646324,-5.027072619349041,0.31748414855995005,0.9891097356465784,0.24349940509778145,3.6381183919547374e-05,5.217891346262235,5.5060491614281695,6.29512446348029,0.47804595527130084,nan
28.96,220.00323486328125,-205.28741455078125,-5.017882823944092,219.7173714500225,-205.4258393519725,-5.025917708680692,0.31771665993068005,0.9892867838677568,0.24360411792010375,3.645478922079537e-05,4.662616587187252,4.982172642090875,nan,1.2351703757595882,nan
28.97,220.00323486328125,-205.2786865234375,-5.017882823944092,219.71717996515574,-205.41732113699223,-5.027530768325477,0.31802522486094265,0.9894644111712831,0.24370933889176966,3.652931142033722e-05,5.435235425091594,5.71293660106565,nan,1.301443743034896,nan
28.98,220.00323486328125,-205.26995849609375,-5.017882823944092,219.71697949068212,-205.40880863298992,-5.024681644497884,0.31822589903851817,0.9896426193571519,0.2438150698127795,3.66045731388541e-05,4.145231947221777,4.4196822274535865,nan,6.0964254245617635,nan
28.990000000000002,220.00323486328125,-205.26123046875,-5.017882823944092,219.716783000936,-205.4002938064429,-5.023691002877001,0.3184760843044051,0.989821410225357,0.24392131248313326,3.668040030375365e-05,3.7974918717846107,4.0718928615447645,nan,0.8505262695060889,nan
29.0,220.00323486328125,-205.2525177001953,-5.017882823944092,219.74321691490232,-205.4233152808632,-5.022165576126258,0.3111261625248559,0.9895815641368075,0.24386314865906814,3.638118410423378e-05,3.7775805610032576,3.9195458531351153,6.623954464219664,0.9347293611938247,nan
29.01,220.00323486328125,-205.24378967285156,-5.017882823944092,219.74307926971952,-205.41493805009438,-5.021011513488476,0.31142011590867463,0.9897589073777174,0.24396902294611147,3.6454789399858605e-05,3.538578205404975,3.661324848944759,nan,1.006635830622121,nan
29.02,220.00323486328125,-205.2350616455078,-5.017882823944092,219.74294384778716,-205.40655951036905,-5.02100279725871,0.3117253031635253,0.9899368302868176,0.2440754078590077,3.652931159371595e-05,3.5331483332182323,3.6588645658865975,nan,0.0034699225164358427,nan
29.03,220.00323486328125,-205.22633361816406,-5.017882823944092,219.74281168278947,-205.39817898694298,-5.022889322786835,0.31205148411581257,0.9901153346641014,0.24418230519775627,3.660457330650536e-05,3.9480007567949826,4.076308289904946,nan,2.140646041748346,nan
29.04,220.00323486328125,-205.21762084960938,-5.017882823944092,219.74267429259365,-205.38980183664242,-5.021831460438602,0.3123358689342101,0.9902944223095619,0.24428971676235645,3.6680400465651466e-05,3.684535544664783,3.8396504832932585,nan,0.8672887289118802,nan
29.05,220.00323486328125,-205.20889282226562,-5.017882823944092,219.74604867443279,-205.38212838772944,-5.023171098956828,0.3101342656472765,0.9900542063041781,0.24423026072488144,3.638118425718418e-05,4.015700299736949,4.153226922277061,0.780943133873216,0.3260604864075139,nan
29.060000000000002,220.00323486328125,-205.20016479492188,-5.017882823944092,219.7459205998336,-205.3737526120215,-5.020679796826236,0.3104048702522591,0.9902318426446609,0.24433728954366676,3.645478954724053e-05,3.458104596058863,3.597268673850521,nan,4.43645198785119,nan
29.07,220.00323486328125,-205.19143676757812,-5.017882823944092,219.74579655415877,-205.36537433159478,-5.020538465834,0.31070212682525267,0.9904100592251018,0.24444483140536577,3.652931173554944e-05,3.433034902213991,3.5750946804742108,nan,0.027764405951310012,nan
29.080000000000002,220.00323486328125,-205.18272399902344,-5.017882823944092,219.74567348113095,-205.35699544036066,-5.020940223513754,0.3109947725172489,0.9905888578454941,0.2445528881099775,3.660457344282351e-05,3.4914433239027005,3.6601118403063677,nan,0.07427581818063056,nan
29.09,220.00323486328125,-205.1739959716797,-5.017882823944092,219.7455472352369,-205.3486185561643,-5.019096852825292,0.31128352755218663,0.9907682403058305,0.24466146145750073,3.668040059649965e-05,3.272649022272447,3.4205646816133433,nan,2.3505291153498598,nan
29.1,220.00323486328125,-205.16526794433594,-5.017882823944092,219.72653590943347,-205.34496448564272,-5.017762594129362,0.32992904157301284,0.9905276475991566,0.24460068110069932,3.638118438041321e-05,3.5507343339215387,3.615097773077317,2.13491153440138,1.3594228170351088,nan
29.11,220.00323486328125,-205.1565399169922,-5.017882823944092,219.72634308983405,-205.33662848659745,-5.019441636165042,0.33030800323447607,0.9907055750624171,0.24470885726422933,3.645478966527321e-05,3.6144301312789344,3.6814934736496236,nan,1.825226615036849,nan
29.12,220.00323486328125,-205.1478271484375,-5.017882823944092,219.72614722965815,-205.3282945117793,-5.018911322627829,0.330676705783652,0.9908840833235882,0.24481754882936596,3.6529311848461234e-05,3.5737892140217005,3.6615721643164254,nan,0.2107443607160902,nan
29.13,220.00323486328125,-205.13909912109375,-5.017882823944092,219.7259538255343,-205.31995909065628,-5.020218244609903,0.33105974789132814,0.9910631741826633,0.2449267575961078,3.6604573550696124e-05,3.6911951452434093,3.762750433791656,nan,1.0523511095694988,nan
29.14,220.00323486328125,-205.13037109375,-5.017882823944092,219.72575717809838,-205.31162577162797,-5.019022304611922,0.331433888495558,0.9912428494396358,0.24503648536445352,3.668040069942477e-05,3.5749112240778733,3.648490914577873,nan,1.0085386602418898,nan
29.150000000000002,220.00323486328125,-205.12164306640625,-5.017882823944092,219.70605786381017,-205.29094518872202,-5.018491003382947,0.34202009811922784,0.9910018734764707,0.24497434960580824,3.638118447704145e-05,3.5016747297965067,3.604840205035198,1.305393010745385,0.450738265099076,nan
29.16,220.00323486328125,-205.11293029785156,-5.017882823944092,219.70580799952882,-205.28256680023594,-5.019408647308699,0.34240562255861756,0.9911800900323169,0.24508366568685577,3.6454789757271265e-05,3.552184856044048,3.6815292477196246,nan,0.5157054313781814,nan
29.17,220.00323486328125,-205.1042022705078,-5.017882823944092,219.7055543018541,-205.2741910497169,-5.01697661661266,0.34279837065001323,0.9913588879304684,0.24519349947091398,3.652931193593543e-05,3.5079168278477124,3.6156969436817223,nan,3.976955490286393,nan
29.18,220.00323486328125,-205.09547424316406,-5.017882823944092,219.70530119731586,-205.26581476445114,-5.015013475223898,0.34320343190301217,0.9915382689709193,0.24530385275798136,3.660457363375751e-05,3.7074350522847146,3.8190125681319147,nan,2.4679697426299696,nan
29.19,220.00323486328125,-205.0867462158203,-5.017882823944092,219.7050501953493,-205.25743678863194,-5.015217961451206,0.34359346520060724,0.9917182349536637,0.24541472734805658,3.668040077818858e-05,3.673160504386882,3.790399985275484,nan,0.040892908854033586,nan
29.2,220.00323486328125,-205.07803344726562,-5.017882823944092,219.67995157337353,-205.23963995152127,-5.01452188333369,0.3614416186233618,0.9914768694115889,0.24535120614160627,3.6381184550746446e-05,3.865508955738629,4.035367354325788,1.9602706070389322,0.027271470705035952,nan
29.21,220.00323486328125,-205.06930541992188,-5.017882823944092,219.67962386551656,-205.23123865290867,-5.015417908414161,0.36187363212644225,0.9916553729795906,0.24546165448617344,3.645478982700643e-05,3.718971067575357,3.8668074958415257,nan,0.6007060187904125,nan
29.22,220.00323486328125,-205.06057739257812,-5.017882823944092,219.67929595145546,-205.22283741868193,-5.016142769988068,0.3623089323406983,0.9918344584209914,0.24557262277894343,3.652931200182059e-05,3.632434014482874,3.78508440754119,nan,0.3820080497692608,nan
29.23,220.00323486328125,-205.05184936523438,-5.017882823944092,219.67896752702794,-205.21443645074814,-5.016365515294186,0.362748077820157,0.9920141275357859,0.2456841128199149,3.6604573695916494e-05,3.609646475895986,3.766764695467547,nan,0.039732074595489456,nan
29.240000000000002,220.00323486328125,-205.0431365966797,-5.017882823944092,219.6786392794,-205.20603530333918,-5.016805088631311,0.36317962941216353,0.9921943821239689,0.24579612640908646,3.668040083674501e-05,3.575250509918336,3.764222810116496,nan,0.13496247353467444,nan
29.25,220.00323486328125,-205.03440856933594,-5.017882823944092,219.6662722342242,-205.1976414124879,-5.0145392036650405,0.374432843459385,0.9919526209162663,0.24573119075609842,3.638118460535213e-05,3.9957377358376807,4.153514635116299,1.0707153573800925,2.0610004122525787,nan
29.26,220.00323486328125,-205.0256805419922,-5.017882823944092,219.66590129113217,-205.18925252182353,-5.014190773409863,0.37491780795522434,0.9921314093688314,0.24584276349654183,3.6454789878322214e-05,4.059985561430311,4.22103855718492,nan,0.051284960053066465,nan
29.27,220.00323486328125,-205.01695251464844,-5.017882823944092,219.66553157647633,-205.18086277444104,-5.015349293194397,0.37538846807299037,0.9923107802128425,0.24595485837524186,3.6529312049969234e-05,3.859359841017312,4.0248502216790785,nan,0.9806109967307152,nan
29.28,220.00323486328125,-205.00823974609375,-5.017882823944092,219.66516104239827,-205.17247353921846,-5.015548463804168,0.3758618049334241,0.9924907352482955,0.24606747719219732,3.660457374102054e-05,3.8297143289279454,4.025782329838777,nan,0.03826109208747694,nan
29.29,220.00323486328125,-204.99951171875,-5.017882823944092,219.6647900189497,-205.16408462651566,-5.01519150484473,0.3763461143994243,0.9926712762751859,0.24618062174740687,3.668040087892594e-05,3.8758179853860732,4.050133603147852,nan,0.06524875519278532,nan
29.3,220.00323486328125,-204.99078369140625,-5.017882823944092,219.69318358741504,-205.1675556292424,-5.0143248016918,0.356921239484236,0.9924291135531766,0.24611424370466786,3.638118464453553e-05,3.9860106781859868,4.096268625648253,2.008596250869477,0.5849387452921904,nan
29.310000000000002,220.00323486328125,-204.9820556640625,-5.017882823944092,219.69289979194838,-205.15919930168084,-5.011774797894233,0.35738639150094054,0.9926081847185445,0.24622693277248567,3.6454789914866034e-05,4.658792736035814,4.7762845344368206,nan,4.034809246751643,nan
29.32,220.00323486328125,-204.9733428955078,-5.017882823944092,219.69261714162263,-205.15084214000711,-5.010802452564764,0.3578260505679843,0.9927878387806126,0.24634014611454452,3.6529312083989404e-05,5.004729514887476,5.15684743801135,nan,0.47983473702930535,nan
29.330000000000002,220.00323486328125,-204.96461486816406,-5.017882823944092,219.69233489486456,-205.14248474405525,-5.010245897767176,0.35826638937036637,0.9929680775393779,0.24645388553084338,3.660457377263144e-05,5.222945861578842,5.365156556177844,nan,0.11783730317906368,nan
29.34,220.00323486328125,-204.9558868408203,-5.017882823944092,219.6920532462801,-205.1341270589426,-5.010294456873734,0.35869368189379414,0.9931489027948367,0.24656815282138114,3.668040090824016e-05,5.196724313121776,5.355509977023173,nan,0.02213192432117359,nan
29.35,220.00323486328125,-204.94715881347656,-5.017882823944092,219.67568685516827,-205.1074079481232,-5.010866565726666,0.3647145605170661,0.992906332949662,0.24650030550721522,3.6381184671643364e-05,4.770577319918003,5.048441650590441,1.8825612296777468,0.22327259813606581,nan
29.36,220.00323486328125,-204.93844604492188,-5.017882823944092,219.67536748549287,-205.09897414697159,-5.01101359744422,0.3651211788409661,0.9930856846148157,0.24661410264549297,3.645478993992185e-05,4.708096356031522,5.036894572376153,nan,0.043937265880991026,nan
29.37,220.00323486328125,-204.92971801757812,-5.017882823944092,219.67504791388953,-205.09054046512918,-5.010803206289094,0.3655415904838971,0.9932656196693831,0.2467284261409905,3.652931210709815e-05,4.78234138826191,5.098387983612043,nan,0.007021974963274726,nan
29.38,220.00323486328125,-204.92098999023438,-5.017882823944092,219.67472847543073,-205.08210655737423,-5.0110583670388635,0.36595295910483117,0.9934461399133615,0.2468432777937068,3.660457379389345e-05,4.679115229525226,5.016250443144171,nan,0.08467120710769518,nan
29.39,220.00323486328125,-204.91226196289062,-5.017882823944092,219.67440912579193,-205.07367247969955,-5.011508074470064,0.36636096681112235,0.9936272471467483,0.24695865940364117,3.6680400927755514e-05,4.511144870616948,4.869118127869487,nan,0.19274966097464746,nan
29.400000000000002,220.00323486328125,-204.90354919433594,-5.017882823944092,219.658352662166,-205.0605182849006,-5.011583082669024,0.37897587624930174,0.993384264810624,0.24688931700176098,3.638118468958949e-05,4.5716058603141505,5.143900759078467,2.32833726285551,0.30350176302902715,nan
29.41,220.00323486328125,-204.8948211669922,-5.017882823944092,219.65798388979084,-205.05207507449555,-5.01437251350263,0.3793933953043272,0.9935638947241202,0.24700421377727436,3.645478995632534e-05,3.815485540115095,4.37414853483518,nan,5.278592628971559,nan
29.42,220.00323486328125,-204.88609313964844,-5.017882823944092,219.65761352436536,-205.0436332130568,-5.0130712972961895,0.379863311511142,0.9937441085074522,0.24711963894103764,3.6529312122048045e-05,4.1079259515109054,4.680425050539144,nan,1.0994259024561681,nan
29.43,220.00323486328125,-204.8773651123047,-5.017882823944092,219.65724355981703,-205.03519099464822,-5.012803160646972,0.3803219612244262,0.993924907960618,0.24723559429305011,3.660457380747604e-05,4.1757426423817545,4.761616130611239,nan,0.03806242498171143,nan
29.44,220.00323486328125,-204.86865234375,-5.017882823944092,219.6568739027593,-205.02674849809887,-5.013422095025534,0.3807626650501371,0.9941062948836161,0.2473520816333112,3.668040094005428e-05,4.009616950133086,4.647018121767244,nan,0.2698748156902324,nan
29.45,220.00323486328125,-204.85992431640625,-5.017882823944092,219.6420143301593,-204.9891049218966,-5.012068587717271,0.3836687473937131,0.9938628949305836,0.24728121939461054,3.638118470081517e-05,3.9650112050965767,4.917721115963901,5.128842605285518,1.9029895817721545,nan
29.46,220.00323486328125,-204.8511962890625,-5.017882823944092,219.64162125274677,-204.98053308280038,-5.010641445615989,0.38411566890490817,0.9940428008052999,0.24739720720958336,3.64547899664326e-05,4.46968830640204,5.443082600661905,nan,1.2618354517752064,nan
29.47,220.00323486328125,-204.8424835205078,-5.017882823944092,219.6412284865064,-204.9719611277962,-5.010041652843848,0.384544602847312,0.9942232910182318,0.24751372539293787,3.652931213110929e-05,4.709538096597644,5.758255654270917,nan,0.18649881833275406,nan
29.48,220.00323486328125,-204.83375549316406,-5.017882823944092,219.64083628367965,-204.96338885342934,-5.012112083863046,0.3849296559528878,0.9944043673693778,0.24763077574467374,3.660457381556304e-05,3.931579754580203,4.964068724477789,nan,2.9620031802683195,nan
29.490000000000002,220.00323486328125,-204.8250274658203,-5.017882823944092,219.64044393942112,-204.95481685895209,-5.013436473563289,0.3853340252774349,0.9945860316587365,0.24774836006479045,3.668040094723436e-05,3.556203529026181,4.608818231954637,nan,1.1694864327046248,nan
29.5,220.00323486328125,-204.81629943847656,-5.017882823944092,219.629021716123,-204.9330360139156,-5.014154600892645,0.3920163353719369,0.9943422092049383,0.24767595430718467,3.6381184707297515e-05,3.2629923400344203,4.648617239824533,1.979129980224053,0.001986208634486564,nan
29.51,220.00323486328125,-204.80758666992188,-5.017882823944092,219.62860327525158,-204.9244100985794,-5.015160751083517,0.3924333700306191,0.9945223887207405,0.2477930244107024,3.645478997213635e-05,3.079000932232526,4.52405328569692,nan,0.6104871929769193,nan
29.52,220.00323486328125,-204.79885864257812,-5.017882823944092,219.6281845075927,-204.9157845626499,-5.014587963826113,0.392868039155566,0.9947031530313414,0.24791062681287765,3.6529312136092976e-05,3.1680186743190584,4.554876224439297,nan,0.25817793552321056,nan
29.53,220.00323486328125,-204.79013061523438,-5.017882823944092,219.62776582876427,-204.90715909072807,-5.014296367975427,0.39330080425026936,0.9948845039367403,0.24802876331371027,3.660457381988255e-05,3.217300457781214,4.603988644518064,nan,0.07344217408865837,nan
29.54,220.00323486328125,-204.78140258789062,-5.017882823944092,219.6273471791891,-204.89853388963718,-5.013578509306041,0.39373826334954454,0.9950664432369364,0.2481474357131999,3.668040095094239e-05,3.366068866394862,4.757068658431556,nan,0.3681608876785514,nan
29.55,220.00323486328125,-204.77268981933594,-5.017882823944092,219.61789921923454,-204.8791172215278,-5.013365353398281,0.3997883915902615,0.9948221936404403,0.248073463819621,3.638118471058129e-05,3.3156785857561983,4.828589198914752,0.8046556805449749,0.0015314708390852998,nan
29.560000000000002,220.00323486328125,-204.7639617919922,-5.017882823944092,219.61745921038153,-204.8704478688778,-5.013374122401007,0.40022801917194595,0.9950026444467668,0.24819160731870016,3.645478997490561e-05,3.307226373869299,4.770201873972832,nan,1.1126643836440996e-05,nan
29.57,220.00323486328125,-204.75523376464844,-5.017882823944092,219.6170191869739,-204.86177843955107,-5.013394683215289,0.4006675177536362,0.9951836804929236,0.24831028499789023,3.6529312138392684e-05,3.295867004248662,4.7669235412130595,nan,3.067602061988293e-05,nan
29.580000000000002,220.00323486328125,-204.7465057373047,-5.017882823944092,219.61657917441642,-204.85310897332226,-5.013314314541748,0.40110814369583464,0.9953653035789104,0.2484294986571912,3.6604573821755314e-05,3.3094512079750835,4.791787855828578,nan,0.0058276192338052,nan
29.59,220.00323486328125,-204.73779296875,-5.017882823944092,219.6161392825366,-204.8444394030935,-5.0145409919100565,0.40153159082637385,0.9955475155047266,0.2485492500966028,3.668040095242849e-05,3.0382828341794674,4.591865609532606,nan,0.9441378403874937,nan
29.6,220.00323486328125,-204.72906494140625,-5.017882823944092,219.63087999957213,-204.8343372096887,-5.014867681153919,0.386961866445796,0.9953028343649256,0.24847369051125362,3.6381184711833356e-05,2.828491827574737,4.287951167505535,0.870397577781441,0.10124712419757848,nan
29.61,220.00323486328125,-204.7203369140625,-5.017882823944092,219.63049322889998,-204.82564782211108,-5.015402936271774,0.3873407585035488,0.9954835540832926,0.2485928983815678,3.645478997584012e-05,2.741800546644657,4.204190926085792,nan,0.15579378829494764,nan
29.62,220.00323486328125,-204.71160888671875,-5.017882823944092,219.63010652378097,-204.81695824111358,-5.017685252136394,0.3877154668623188,0.9956648594752121,0.24871264226564818,3.652931213904401e-05,2.5686607920650997,4.029064720904181,nan,3.2038331765224988,nan
29.63,220.00323486328125,-204.70289611816406,-5.017882823944092,219.6297198284948,-204.80826891219192,-5.015534130093904,0.3881010477898145,0.9958467523406838,0.24883292396349466,3.660457382215359e-05,2.7125157192196325,4.220865009289123,nan,3.2844395732220404,nan
29.64,220.00323486328125,-204.6941680908203,-5.017882823944092,219.62933305273467,-204.79957956006868,-5.016301019241136,0.3884799143909909,0.9960292344797075,0.24895374527510725,3.668040095260409e-05,2.624515175275216,4.06529070866811,nan,0.32230342935058715,nan
29.650000000000002,220.00323486328125,-204.68544006347656,-5.017882823944092,219.6224998258293,-204.79308801024993,-5.016411836360865,0.3956632570665797,0.9957841176363179,0.24887657749807893,3.638118471190176e-05,2.718061319347118,4.069788046287992,0.3504655290300102,0.04467856493287554,nan
29.66,220.00323486328125,-204.6767120361328,-5.017882823944092,219.62208918491356,-204.78441476639577,-5.01678610715904,0.39607210080005206,0.9959651038627436,0.2489968405943437,3.645478997573336e-05,2.686325970423244,4.034239975071199,nan,0.059781289196041004,nan
29.67,220.00323486328125,-204.66799926757812,-5.017882823944092,219.6216784738407,-204.7757416572649,-5.01827945626105,0.3964768066047829,0.9961466761853741,0.249117641491246,3.652931213878566e-05,2.6521153393338013,4.05541701560191,nan,1.2950983777336222,nan
29.68,220.00323486328125,-204.65927124023438,-5.017882823944092,219.6212676327963,-204.76706857735786,-5.018922876741033,0.39688828751309224,0.9963288364042092,0.24923898198878572,3.6604573821765546e-05,2.672100915498779,3.999781882704009,nan,0.18304089974144458,nan
29.69,220.00323486328125,-204.65054321289062,-5.017882823944092,219.62085669631037,-204.75839547902825,-5.021117179226898,0.3973105019265507,0.9965115863192491,0.249360863886963,3.6680400952106675e-05,2.922479920175631,4.231224496351614,nan,2.7529214977374363,nan
29.7,220.00323486328125,-204.64181518554688,-5.017882823944092,219.65093623656634,-204.75826539655375,-5.020802254115805,0.37105726930123195,0.9962660298509357,0.2492820684673176,3.638118471137548e-05,2.7584286046234157,4.357464489882227,7.80322864519575,2.604155213841645,nan
29.71,220.00323486328125,-204.6331024169922,-5.017882823944092,219.6506219505402,-204.74960770772628,-5.021339528695453,0.3713775677238768,0.9964472801582849,0.2494033775333365,3.645478997512952e-05,2.8461702722131057,4.460861503155599,nan,0.07579720254523784,nan
29.72,220.00323486328125,-204.62437438964844,-5.017882823944092,219.65030769655792,-204.74094993892518,-5.021401493293801,0.3716985670331902,0.9966291169736589,0.2495252261410838,3.6529312138119e-05,2.851833858626485,4.361920158424592,nan,0.01310718198605863,nan
29.73,220.00323486328125,-204.6156463623047,-5.017882823944092,219.64999352327376,-204.73229195402092,-5.021768625857581,0.37202249638110024,0.9968115420970577,0.24964761609055977,3.6604573821051714e-05,2.919894914202527,4.384142145070964,nan,0.017526102856914444,nan
29.740000000000002,220.00323486328125,-204.60691833496094,-5.017882823944092,219.6496793468152,-204.72363393196937,-5.023053578806062,0.37235838988058306,0.9969945573284816,0.24977054918176447,3.668040095135838e-05,3.230792778070462,4.648442510408587,nan,0.7460528361441187,nan
29.75,220.00323486328125,-204.59820556640625,-5.017882823944092,219.65509206661847,-204.71300680247603,-5.021229303551657,0.3665977763122663,0.9967485575511285,0.2496901077091818,3.638118471064309e-05,2.7341728229060984,3.853465913866692,5.796143132245527,0.19083914134262212,nan
29.76,220.00323486328125,-204.5894775390625,-5.017882823944092,219.65479929434207,-204.70433496973234,-5.018722940973831,0.36687910935166634,0.9969300694913782,0.24981245338755592,3.645478997438138e-05,2.4400844645423647,3.4814716728606716,nan,4.591597761677564,nan
29.77,220.00323486328125,-204.58074951171875,-5.017882823944092,219.65450617112356,-204.69566318078523,-5.018947912602355,0.3671756888550568,0.9971121683408755,0.24993534030396194,3.6529312137365036e-05,2.446151936205923,3.479696801314403,nan,0.010874791849492459,nan
29.78,220.00323486328125,-204.572021484375,-5.017882823944092,219.654213056179,-204.6869913798311,-5.019466205940482,0.3674735443438807,0.9972948558996204,0.2500587702584001,3.660457382030084e-05,2.477961729717236,3.5039290315635743,nan,0.11320661279169542,nan
29.79,220.00323486328125,-204.5633087158203,-5.017882823944092,219.65392012428376,-204.6783196515694,-5.018501182178153,0.3677617225727479,0.9974781339676131,0.25018274505087057,3.668040095061804e-05,2.4140200239558376,3.492363868103509,nan,0.7406421363178949,nan
29.8,220.00323486328125,-204.55458068847656,-5.017882823944092,219.65642529849035,-204.6665481045658,-5.019503362814877,0.3644395733758733,0.9953310279442894,0.24542609558280024,3.638118354533051e-05,3.110837518284056,4.436816531705006,3.363132616987408,0.01534604099724555,0.003489627705072039
29.810000000000002,220.00323486328125,-204.5458526611328,-5.017882823944092,219.65615207874276,-204.65784789771783,-5.019860258289238,0.36470988824997924,0.9955069796974972,0.24553059813500885,3.645478885620294e-05,3.1380566630034368,4.446685736216812,nan,0.03258206407740755,nan
29.82,220.00323486328125,-204.53712463378906,-5.017882823944092,219.65588128577215,-204.6491440847701,-5.018462403053219,0.36497013729674915,0.995683509855793,0.2456356055666729,3.652931106561369e-05,3.032123170482066,4.325373772098317,nan,1.5282388224804373,nan
29.830000000000002,220.00323486328125,-204.52841186523438,-5.017882823944092,219.6556090990119,-204.64044234861385,-5.01811614403921,0.36523219412908575,0.9958606202191778,0.24574111967779333,3.6604572794204704e-05,3.0162202535832563,4.367977758622227,nan,0.13217664546629543,nan
29.84,220.00323486328125,-204.51968383789062,-5.017882823944092,219.6553358563563,-204.63174207433568,-5.018543472184928,0.3655013048275585,0.9960383125876525,0.24584714226837043,3.668039996934515e-05,3.0187542884764387,4.29351677955556,nan,0.06970512079490906,nan
29.85,220.00323486328125,-204.51095581054688,-5.017882823944092,219.67199354776807,-204.64035108764682,-5.020134784287556,0.35562482782289495,0.9957985512279874,0.24578890712594742,3.638118378754491e-05,3.3378142953309284,4.411463610686234,1.83371921608743,1.2907471402017536,nan
29.86,220.00323486328125,-204.50222778320312,-5.017882823944092,219.67176219582734,-204.63172024431952,-5.018726409173025,0.35586955249224433,0.9959748080533813,0.2458945639591914,3.645478909325792e-05,3.210614277005913,4.269712414097005,nan,1.5603962887063274,nan
29.87,220.00323486328125,-204.49351501464844,-5.017882823944092,219.67152891793532,-204.6230922052469,-5.0188730450691565,0.35611804649456597,0.9961516438855873,0.24600072822646,3.65293112972677e-05,3.2102663093547323,4.317218072179315,nan,0.0009340224699455764,nan
29.88,220.00323486328125,-204.4847869873047,-5.017882823944092,219.67129795648924,-204.61446092433394,-5.01713932625582,0.35636777747732207,0.9963290605246051,0.246107401727752,3.660457302024207e-05,3.1911765322561916,4.2307091895363245,nan,2.1916694655760716,nan
29.89,220.00323486328125,-204.47605895996094,-5.017882823944092,219.67106493303902,-204.60583267867938,-5.017008828334616,0.35662143022463777,0.9965070597704352,0.246214586263066,3.668040018957975e-05,3.189544619064176,4.225805720356249,nan,0.02614836829705602,nan
29.900000000000002,220.00323486328125,-204.4673309326172,-5.017882823944092,219.7431839500696,-204.62677175460712,-5.015665418625475,0.3050455213003162,0.9962669835685588,0.24615508250045598,3.6381183996561296e-05,3.172544801850866,4.232690935466253,12.52655670826069,1.401089468699663,nan
29.91,220.00323486328125,-204.4586181640625,-5.017882823944092,219.7431727445023,-204.61822321019386,-5.017164866430145,0.30513372779387776,0.9964435436214392,0.2462618871311503,3.645478929642591e-05,3.043520916167808,4.1635268208276175,nan,1.3844295786248266,nan
29.92,220.00323486328125,-204.44989013671875,-5.017882823944092,219.74316513265367,-204.60966957718156,-5.015588629887595,0.3052392466732929,0.9966206832685146,0.24636920168959062,3.6529311494478014e-05,3.165765216128396,4.230695632583444,nan,1.759032757001257,nan
29.93,220.00323486328125,-204.441162109375,-5.017882823944092,219.74315327564778,-204.6011221313251,-5.017945464194147,0.30533529892893263,0.9967984043097845,0.24647702797577434,3.6604573211407414e-05,3.0140785582934955,4.083318773018974,nan,3.4664237651339,nan
29.94,220.00323486328125,-204.43243408203125,-5.017882823944092,219.74314446268988,-204.5925702891406,-5.017608394666617,0.30543525765467494,0.996976708545248,0.24658536778969886,3.6680400374633926e-05,3.008307177254893,4.072900595463261,nan,0.11643987595298778,nan
29.95,220.00323486328125,-204.42372131347656,-5.017882823944092,219.75311895691334,-204.58635229052996,-5.015536144379461,0.2983493057148992,0.9967363090857609,0.24652456302079873,3.638118417160319e-05,3.107810942995913,4.505295458966109,2.684220199055162,6.463466185048494,nan
29.96,220.00323486328125,-204.4149932861328,-5.017882823944092,219.75314370417001,-204.5778006118415,-5.014259327650545,0.298437502494918,0.9969131704566858,0.24663250869607198,3.645478946549748e-05,3.3088055340321896,4.652867480059161,nan,1.1588276124767083,nan
29.97,220.00323486328125,-204.40626525878906,-5.017882823944092,219.7531671647172,-204.56925096315072,-5.014326752968374,0.29851438714434736,0.997090611995104,0.24674096673304674,3.6529311657568305e-05,3.2870125150857974,4.637602494907197,nan,0.0008824490361314049,nan
29.98,220.00323486328125,-204.3975372314453,-5.017882823944092,219.75318982761894,-204.56070251134147,-5.015269907553622,0.2985837499848623,0.9972686355010143,0.24684993893171986,3.6604573368523725e-05,3.119541096757868,4.479826040013064,nan,0.5346007825425866,nan
29.990000000000002,220.00323486328125,-204.38882446289062,-5.017882823944092,219.7532133249289,-204.55215279029434,-5.015309652224698,0.2986528643513495,0.9974472427744157,0.24695942709208787,3.668040052579714e-05,3.1054136369797796,4.523324136950441,nan,0.00011917079498266962,nan
30.0,220.00323486328125,-204.38009643554688,-5.017882823944092,219.7029472441456,-204.51451726524095,-5.0128538157745135,0.3290393663149874,0.9972065118796305,0.246897289924458,3.638118431413386e-05,3.540897386636024,4.817054721466584,7.4661045379509785,2.673152650390969,nan
