t,active_count,active_set,selector_mode,gdop_xy,gdop_3d,rank_xy,rank_3d,n_active,pos_err,soc,mission_phase,score,f_obs,f_energy,f_mission
0.01,4.0,usv1|usv2|usv3|usv4,xy:dwell_hold,17.99514403594268,44.49412135665442,2.0,3.0,4.0,0.01431875318040868,,,1.0558613510183519,,,
0.02,4.0,usv1|usv2|usv3|usv4,xy:dwell_hold,17.995139474824015,44.49227184434414,2.0,3.0,4.0,0.027619034131988466,,,1.0561604884426012,,,
0.03,4.0,usv1|usv2|usv3|usv4,xy:dwell_hold,17.995143355064723,44.491660918579356,2.0,3.0,4.0,0.04105728335717409,,,1.056659129112382,,,
0.04,4.0,usv1|usv2|usv3|usv4,xy:dwell_hold,17.995154723378953,44.492006910727355,2.0,3.0,4.0,0.032920175081909114,,,1.057357261677105,,,
0.05,4.0,usv1|usv2|usv3|usv4,xy:dwell_hold,17.996436620199585,44.496515886956935,2.0,3.0,4.0,0.03407398196108666,,,1.056181916849853,,,
0.06,4.0,usv1|usv2|usv3|usv4,xy:dwell_hold,17.996708839505857,44.49710190269274,2.0,3.0,4.0,0.04106780536843966,,,1.056366743942502,,,
0.07,4.0,usv1|usv2|usv3|usv4,xy:dwell_hold,17.99698541739991,44.497596445488604,2.0,3.0,4.0,0.04843289426286814,,,1.0565851601072698,,,
0.08,4.0,usv1|usv2|usv3|usv4,xy:dwell_hold,17.997268847629172,44.498876687897564,2.0,3.0,4.0,0.05508475653606256,,,1.0568371942226973,,,
0.09,4.0,usv1|usv2|usv3|usv4,xy:dwell_hold,17.997555433426058,44.49968256362442,2.0,3.0,4.0,0.06222534255090699,,,1.0571228084647408,,,
0.1,4.0,usv1|usv2|usv3|usv4,xy:dwell_hold,17.997216627227377,44.4983427853288,2.0,3.0,4.0,0.0460611035117337,,,1.0566792800461031,,,
0.11,4.0,usv1|usv2|usv3|usv4,xy:dwell_hold,17.9974485581959,44.498740143969385,2.0,3.0,4.0,0.05040890491282463,,,1.0568718989116406,,,
0.12,4.0,usv1|usv2|usv3|usv4,xy:dwell_hold,17.997685151952524,44.49923373468703,2.0,3.0,4.0,0.054982969653574576,,,1.0570828645670827,,,
0.13,4.0,usv1|usv2|usv3|usv4,xy:dwell_hold,17.99792655630187,44.49989020242977,2.0,3.0,4.0,0.05959825175543417,,,1.0573121807311585,,,
0.14,4.0,usv1|usv2|usv3|usv4,xy:dwell_hold,17.998172540688074,44.50064639914594,2.0,3.0,4.0,0.0643814893189998,,,1.0575598470724872,,,
0.15,4.0,usv1|usv2|usv3|usv4,xy:dwell_hold,17.99931917978731,44.50263290045314,2.0,3.0,4.0,0.089213377902688,,,1.0571819602927408,,,
0.16,4.0,usv1|usv2|usv3|usv4,xy:dwell_hold,17.99963286689187,44.50328330250723,2.0,3.0,4.0,0.0951312492216648,,,1.057377535476994,,,
0.17,4.0,usv1|usv2|usv3|usv4,xy:dwell_hold,17.9999509816739,44.50402872050548,2.0,3.0,4.0,0.10101204985757894,,,1.0575857337698893,,,
0.18,4.0,usv1|usv2|usv3|usv4,xy:dwell_hold,18.00027315351268,44.5047551948411,2.0,3.0,4.0,0.10692736892624694,,,1.057806553317986,,,
0.19,4.0,usv1|usv2|usv3|usv4,xy:dwell_hold,18.000599438197984,44.5054961352879,2.0,3.0,4.0,0.11285232724831229,,,1.0580399968501504,,,
0.2,4.0,usv1|usv2|usv3|usv4,xy:dwell_hold,18.00071717485089,44.50525475554594,2.0,3.0,4.0,0.1171891445386909,,,1.0576857957103656,,,
0.21,4.0,usv1|usv2|usv3|usv4,xy:dwell_hold,18.001041586472436,44.50620708805006,2.0,3.0,4.0,0.12274321238275139,,,1.0578829123011264,,,
0.22,4.0,usv1|usv2|usv3|usv4,xy:dwell_hold,18.001369744539712,44.507090108739185,2.0,3.0,4.0,0.12847841595345222,,,1.0580896485634863,,,
0.23,4.0,usv1|usv2|usv3|usv4,xy:dwell_hold,18.001701552595705,44.50788621692869,2.0,3.0,4.0,0.13425630982432551,,,1.0583060056573699,,,
0.24,4.0,usv1|usv2|usv3|usv4,xy:dwell_hold,18.00203728967398,44.508722911341465,2.0,3.0,4.0,0.14003390305700836,,,1.0585319892546616,,,
0.25,4.0,usv1|usv2|usv3|usv4,xy:dwell_hold,18.000556525448484,44.50532995270569,2.0,3.0,4.0,0.09523168950219874,,,1.0581897120949506,,,
0.26,4.0,usv1|usv2|usv3|usv4,xy:dwell_hold,18.000824637145133,44.50584422102968,2.0,3.0,4.0,0.09910730142917917,,,1.0583877375075792,,,
0.27,4.0,usv1|usv2|usv3|usv4,xy:dwell_hold,18.001095812119075,44.506687512626264,2.0,3.0,4.0,0.10277983207484952,,,1.0585935500314367,,,
0.28,4.0,usv1|usv2|usv3|usv4,xy:dwell_hold,18.001368213351213,44.507296260138645,2.0,3.0,4.0,0.10657888311599702,,,1.0588071337852938,,,
0.29,4.0,usv1|usv2|usv3|usv4,xy:dwell_hold,18.001642210011962,44.50783487420676,2.0,3.0,4.0,0.11047848663324264,,,1.0590284956072034,,,
0.3,4.0,usv1|usv2|usv3|usv4,xy:dwell_hold,18.000624773869117,44.50526424302093,2.0,3.0,4.0,0.08346260720743712,,,1.0586939970516611,,,
0.31,4.0,usv1|usv2|usv3|usv4,xy:dwell_hold,18.00085954186279,44.50588830716758,2.0,3.0,4.0,0.08614194143747889,,,1.05889264933464,,,
0.32,4.0,usv1|usv2|usv3|usv4,xy:dwell_hold,18.001095908735838,44.506488995766276,2.0,3.0,4.0,0.08885068619928566,,,1.0590978288417876,,,
0.33,4.0,usv1|usv2|usv3|usv4,xy:dwell_hold,18.0013336345354,44.50699108864795,2.0,3.0,4.0,0.09166815369987318,,,1.0593095349645372,,,
0.34,4.0,usv1|usv2|usv3|usv4,xy:dwell_hold,18.001573121467434,44.507539535194326,2.0,3.0,4.0,0.09444999451748792,,,1.0595277739715456,,,
0.35000000000000003,4.0,usv1|usv2|usv3|usv4,xy:dwell_hold,18.000889209794643,44.505894664630446,2.0,3.0,4.0,0.07873702456930691,,,1.0591985321512798,,,
0.36,4.0,usv1|usv2|usv3|usv4,xy:dwell_hold,18.001105469091513,44.50641026870777,2.0,3.0,4.0,0.08093956460803947,,,1.0593976304863593,,,
0.37,4.0,usv1|usv2|usv3|usv4,xy:dwell_hold,18.001323392881996,44.50695808439948,2.0,3.0,4.0,0.08311122493759199,,,1.0596023565609216,,,
0.38,4.0,usv1|usv2|usv3|usv4,xy:dwell_hold,18.00154314400206,44.50759848918797,2.0,3.0,4.0,0.08532885911217893,,,1.0598127140199218,,,
0.39,4.0,usv1|usv2|usv3|usv4,xy:dwell_hold,18.00176414531363,44.50814068839115,2.0,3.0,4.0,0.08753038531195403,,,1.0600286986321255,,,
0.4,4.0,usv1|usv2|usv3|usv4,xy:dwell_hold,18.00214723019825,44.509313305493826,2.0,3.0,4.0,0.08482724413955471,,,1.0597035136239308,,,
0.41000000000000003,4.0,usv1|usv2|usv3|usv4,xy:dwell_hold,18.00237546306763,44.50993163601804,2.0,3.0,4.0,0.08692824060696351,,,1.0599029593178293,,,
0.42,4.0,usv1|usv2|usv3|usv4,xy:dwell_hold,18.002604885302727,44.51044622905725,2.0,3.0,4.0,0.08899749691740398,,,1.0601073477440406,,,
0.43,4.0,usv1|usv2|usv3|usv4,xy:dwell_hold,18.0028360505453,44.5110505386146,2.0,3.0,4.0,0.09109478218673159,,,1.060316686728572,,,
0.44,4.0,usv1|usv2|usv3|usv4,xy:dwell_hold,18.003068594715064,44.511624636553606,2.0,3.0,4.0,0.09319338899817621,,,1.060530974263382,,,
0.45,4.0,usv1|usv2|usv3|usv4,xy:dwell_hold,18.002388713194357,44.50966240694049,2.0,3.0,4.0,0.08106289792481007,,,1.060208221590512,,,
0.46,4.0,usv1|usv2|usv3|usv4,xy:dwell_hold,18.00260366045585,44.51015847134941,2.0,3.0,4.0,0.08280705696763023,,,1.0604079251893808,,,
0.47000000000000003,4.0,usv1|usv2|usv3|usv4,xy:dwell_hold,18.002819719764346,44.510550730343034,2.0,3.0,4.0,0.08455467136147268,,,1.0606120393504987,,,
0.48,4.0,usv1|usv2|usv3|usv4,xy:dwell_hold,18.00303719103258,44.510943493583284,2.0,3.0,4.0,0.0864011219263139,,,1.060820569114486,,,
0.49,4.0,usv1|usv2|usv3|usv4,xy:dwell_hold,18.00325620525904,44.51138593391123,2.0,3.0,4.0,0.08823934190851579,,,1.0610335177824872,,,
0.5,4.0,usv1|usv2|usv3|usv4,xy:dwell_hold,18.004992205046175,44.515745278356796,2.0,3.0,4.0,0.1255127159919171,,,1.0607137799254442,,,
0.51,4.0,usv1|usv2|usv3|usv4,xy:dwell_hold,18.005244162987562,44.516157419228016,2.0,3.0,4.0,0.1281481539566832,,,1.060913702383241,,,
0.52,4.0,usv1|usv2|usv3|usv4,xy:dwell_hold,18.005498297503717,44.51685076292163,2.0,3.0,4.0,0.13053686589785168,,,1.0611176202428125,,,
0.53,4.0,usv1|usv2|usv3|usv4,xy:dwell_hold,18.00575352318728,44.517458784094394,2.0,3.0,4.0,0.13300514681381587,,,1.061325523770128,,,
0.54,4.0,usv1|usv2|usv3|usv4,xy:dwell_hold,18.006010242900643,44.518125332020695,2.0,3.0,4.0,0.13545436037068967,,,1.061537419240958,,,
0.55,4.0,usv1|usv2|usv3|usv4,xy:dwell_hold,18.00548603181454,44.51615707270704,2.0,3.0,4.0,0.13475981492772576,,,1.0612186529108563,,,
0.56,4.0,usv1|usv2|usv3|usv4,xy:dwell_hold,18.005730909552167,44.51673444314318,2.0,3.0,4.0,0.13715702077230962,,,1.0614187507128958,,,
0.5700000000000001,4.0,usv1|usv2|usv3|usv4,xy:dwell_hold,18.005977103283982,44.51732591635568,2.0,3.0,4.0,0.13953969232341637,,,1.0616224850784273,,,
0.58,4.0,usv1|usv2|usv3|usv4,xy:dwell_hold,18.00622434251012,44.51784278061286,2.0,3.0,4.0,0.14200778617828153,,,1.0618298549885248,,,
0.59,4.0,usv1|usv2|usv3|usv4,xy:dwell_hold,18.0064728353701,44.5183589720676,2.0,3.0,4.0,0.14448344097663843,,,1.0620408645311485,,,
0.6,4.0,usv1|usv2|usv3|usv4,xy:dwell_hold,18.00594179829971,44.51702137864988,2.0,3.0,4.0,0.13297297187268753,,,1.0617235451473077,,,
0.61,4.0,usv1|usv2|usv3|usv4,xy:dwell_hold,18.006180218172947,44.51770741518973,2.0,3.0,4.0,0.13500986853832683,,,1.061923786807501,,,
0.62,4.0,usv1|usv2|usv3|usv4,xy:dwell_hold,18.006419452307995,44.518256491743706,2.0,3.0,4.0,0.13718282836514134,,,1.0621273677517127,,,
0.63,4.0,usv1|usv2|usv3|usv4,xy:dwell_hold,18.006660125112113,44.51888615783193,2.0,3.0,4.0,0.13931461921087887,,,1.0623342965884366,,,
0.64,4.0,usv1|usv2|usv3|usv4,xy:dwell_hold,18.006901560129094,44.51936933713987,2.0,3.0,4.0,0.14152292099066502,,,1.0625445679381094,,,
0.65,4.0,usv1|usv2|usv3|usv4,xy:dwell_hold,18.007733075857278,44.52200444590162,2.0,3.0,4.0,0.1356005445499232,,,1.0622289223031949,,,
0.66,4.0,usv1|usv2|usv3|usv4,xy:dwell_hold,18.007986279289526,44.52261082855514,2.0,3.0,4.0,0.13764809239589573,,,1.0624292846630188,,,
0.67,4.0,usv1|usv2|usv3|usv4,xy:dwell_hold,18.0082408510341,44.523291303762605,2.0,3.0,4.0,0.13970705271381118,,,1.0626327451804447,,,
0.68,4.0,usv1|usv2|usv3|usv4,xy:dwell_hold,18.0084964779626,44.52394456039939,2.0,3.0,4.0,0.14178215835407876,,,1.0628393024323808,,,
0.6900000000000001,4.0,usv1|usv2|usv3|usv4,xy:dwell_hold,18.00875285232459,44.52447070300886,2.0,3.0,4.0,0.14382703374208847,,,1.06304895503304,,,
0.7000000000000001,4.0,usv1|usv2|usv3|usv4,xy:dwell_hold,18.00965091523126,44.526834094045405,2.0,3.0,4.0,0.15857352331158162,,,1.0627343588204132,,,
0.71,4.0,usv1|usv2|usv3|usv4,xy:dwell_hold,18.009919239677227,44.52754469121278,2.0,3.0,4.0,0.1608870893819075,,,1.062934829792521,,,
0.72,4.0,usv1|usv2|usv3|usv4,xy:dwell_hold,18.01018839291734,44.5281668117848,2.0,3.0,4.0,0.16312860210682956,,,1.0631381813283838,,,
0.73,4.0,usv1|usv2|usv3|usv4,xy:dwell_hold,18.01045853676938,44.5287575420571,2.0,3.0,4.0,0.16534924880580273,,,1.0633444170039672,,,
0.74,4.0,usv1|usv2|usv3|usv4,xy:dwell_hold,18.01073008797949,44.52946236663551,2.0,3.0,4.0,0.16767152448882205,,,1.0635535431914356,,,
0.75,4.0,usv1|usv2|usv3|usv4,xy:dwell_hold,18.009243034858304,44.52557224320276,2.0,3.0,4.0,0.13327856159821275,,,1.0632390035158743,,,
0.76,4.0,usv1|usv2|usv3|usv4,xy:dwell_hold,18.009492440581162,44.52607873432863,2.0,3.0,4.0,0.1349700723370987,,,1.0634395497691715,,,
0.77,4.0,usv1|usv2|usv3|usv4,xy:dwell_hold,18.00974297485636,44.526621832931234,2.0,3.0,4.0,0.13669784005794017,,,1.0636427963983501,,,
0.78,4.0,usv1|usv2|usv3|usv4,xy:dwell_hold,18.009994666969625,44.527214431282765,2.0,3.0,4.0,0.13846368910551252,,,1.0638487455846415,,,
0.79,4.0,usv1|usv2|usv3|usv4,xy:dwell_hold,18.010247073780548,44.52770800328297,2.0,3.0,4.0,0.1401598199467963,,,1.0640573944063139,,,
0.8,4.0,usv1|usv2|usv3|usv4,xy:dwell_hold,18.010623233424305,44.52875756372008,2.0,3.0,4.0,0.14068737295603748,,,1.063744266509524,,,
0.81,4.0,usv1|usv2|usv3|usv4,xy:dwell_hold,18.01087936070639,44.52931979982699,2.0,3.0,4.0,0.14240504845689964,,,1.063944891219018,,,
0.8200000000000001,4.0,usv1|usv2|usv3|usv4,xy:dwell_hold,18.011136529051967,44.52990420798241,2.0,3.0,4.0,0.14413719195245706,,,1.0641480548119278,,,
0.8300000000000001,4.0,usv1|usv2|usv3|usv4,xy:dwell_hold,18.01139471795483,44.53050960484288,2.0,3.0,4.0,0.14588266052965665,,,1.0643537590237777,,,
0.84,4.0,usv1|usv2|usv3|usv4,xy:dwell_hold,18.01165364225628,44.53104101100427,2.0,3.0,4.0,0.14757528698297678,,,1.0645620026255027,,,
0.85,4.0,usv1|usv2|usv3|usv4,xy:dwell_hold,18.01206046081255,44.53110770226636,2.0,3.0,4.0,0.17842771437621582,,,1.0642495522686402,,,
0.86,4.0,usv1|usv2|usv3|usv4,xy:dwell_hold,18.01232306596597,44.531643185255945,2.0,3.0,4.0,0.18052081596405667,,,1.0644502433903535,,,
0.87,4.0,usv1|usv2|usv3|usv4,xy:dwell_hold,18.01258715784134,44.53237031249705,2.0,3.0,4.0,0.1825906945917606,,,1.0646533367707276,,,
0.88,4.0,usv1|usv2|usv3|usv4,xy:dwell_hold,18.012851823242887,44.53298394175048,2.0,3.0,4.0,0.18465996940817167,,,1.0648588245457205,,,
0.89,4.0,usv1|usv2|usv3|usv4,xy:dwell_hold,18.013117309247455,44.53357107077199,2.0,3.0,4.0,0.18674010550584813,,,1.065066711237813,,,
0.9,4.0,usv1|usv2|usv3|usv4,xy:dwell_hold,18.01152573204101,44.530243247512296,2.0,3.0,4.0,0.12817720713773761,,,1.0647541747082423,,,
0.91,4.0,usv1|usv2|usv3|usv4,xy:dwell_hold,18.01177188315957,44.53079651345842,2.0,3.0,4.0,0.12956911970846854,,,1.0649549185702243,,,
0.92,4.0,usv1|usv2|usv3|usv4,xy:dwell_hold,18.012018730602076,44.53129077724678,2.0,3.0,4.0,0.13094197113262793,,,1.0651579307029313,,,
0.93,4.0,usv1|usv2|usv3|usv4,xy:dwell_hold,18.012266807759158,44.531909303599726,2.0,3.0,4.0,0.13234262553616946,,,1.0653632186821556,,,
0.9400000000000001,4.0,usv1|usv2|usv3|usv4,xy:dwell_hold,18.012515658025993,44.5325008046905,2.0,3.0,4.0,0.13374385588117937,,,1.0655707794980458,,,
0.9500000000000001,4.0,usv1|usv2|usv3|usv4,xy:dwell_hold,18.014238199954193,44.536208281990895,2.0,3.0,4.0,0.18186635613637567,,,1.0652599177898736,,,
0.96,4.0,usv1|usv2|usv3|usv4,xy:dwell_hold,18.01450429358892,44.536713604759406,2.0,3.0,4.0,0.19591235581871688,,,1.0654607160574454,,,
0.97,4.0,usv1|usv2|usv3|usv4,xy:dwell_hold,18.004069268661244,44.510988262280186,2.0,3.0,4.0,0.19571674265184735,,,1.0420624412452828,,,
0.98,4.0,usv1|usv2|usv3|usv4,xy:dwell_hold,18.00433708475575,44.51142043362402,2.0,3.0,4.0,0.1955153160896125,,,1.0422696520602597,,,
0.99,4.0,usv1|usv2|usv3|usv4,xy:dwell_hold,18.004604744272264,44.51202675852549,2.0,3.0,4.0,0.195351784077857,,,1.042479415587423,,,
1.0,4.0,usv1|usv2|usv3|usv4,xy:dwell_hold,18.004610204028403,44.51268703909676,2.0,3.0,4.0,0.18088076419286755,,,1.042178842374699,,,
1.01,4.0,usv1|usv2|usv3|usv4,xy:dwell_hold,18.004851434534945,44.51321646991755,2.0,3.0,4.0,0.18086676370827162,,,1.0423828178811543,,,
1.02,4.0,usv1|usv2|usv3|usv4,xy:dwell_hold,18.00509294633863,44.51385510268311,2.0,3.0,4.0,0.18088578519283288,,,1.0425892211317809,,,
1.03,4.0,usv1|usv2|usv3|usv4,xy:dwell_hold,18.00533585625954,44.51436476658931,2.0,3.0,4.0,0.18088520487918458,,,1.042798051395927,,,
1.04,4.0,usv1|usv2|usv3|usv4,xy:dwell_hold,18.00557922934053,44.51494540510172,2.0,3.0,4.0,0.18091730609098597,,,1.0430093124608288,,,
1.05,4.0,usv1|usv2|usv3|usv4,xy:dwell_hold,18.005718323144507,44.515169933500296,2.0,3.0,4.0,0.1841502811219353,,,1.042702624606015,,,
1.06,4.0,usv1|usv2|usv3|usv4,xy:dwell_hold,18.005957112002505,44.51572891796722,2.0,3.0,4.0,0.18434777985847564,,,1.0429082105931862,,,
1.07,4.0,usv1|usv2|usv3|usv4,xy:dwell_hold,18.00619655011144,44.516316016370794,2.0,3.0,4.0,0.18454922694463785,,,1.0431161138639906,,,
1.08,4.0,usv1|usv2|usv3|usv4,xy:dwell_hold,18.006437011748933,44.516828614118715,2.0,3.0,4.0,0.1847225850614939,,,1.04332633494618,,,
1.09,4.0,usv1|usv2|usv3|usv4,xy:dwell_hold,18.00667815670116,44.51735241835187,2.0,3.0,4.0,0.18489335101922255,,,1.0435388763586158,,,
1.1,4.0,usv1|usv2|usv3|usv4,xy:dwell_hold,18.006979448128778,44.51822826591786,2.0,3.0,4.0,0.17969273203022437,,,1.043234658082235,,,
1.11,4.0,usv1|usv2|usv3|usv4,xy:dwell_hold,18.007224091720946,44.518783890221215,2.0,3.0,4.0,0.1797916885715866,,,1.0434417239625355,,,
1.12,4.0,usv1|usv2|usv3|usv4,xy:dwell_hold,18.007469565098205,44.519294449376936,2.0,3.0,4.0,0.17985144369063713,,,1.0436510063709536,,,
1.1300000000000001,4.0,usv1|usv2|usv3|usv4,xy:dwell_hold,18.007715591602114,44.519852712147376,2.0,3.0,4.0,0.1799451106976652,,,1.0438625078909818,,,
1.1400000000000001,4.0,usv1|usv2|usv3|usv4,xy:dwell_hold,18.00796254728503,44.520314898398055,2.0,3.0,4.0,0.17999003967459423,,,1.0440762284342253,,,
1.1500000000000001,4.0,usv1|usv2|usv3|usv4,xy:dwell_hold,18.008138495159276,44.52057524446051,2.0,3.0,4.0,0.1835991751356832,,,1.043769932427938,,,
1.16,4.0,usv1|usv2|usv3|usv4,xy:dwell_hold,18.00838408119648,44.521121347264696,2.0,3.0,4.0,0.1837795723621573,,,1.0439783172302726,,,
1.17,4.0,usv1|usv2|usv3|usv4,xy:dwell_hold,18.00863031083663,44.52167816666577,2.0,3.0,4.0,0.18398273837271634,,,1.0441888278056313,,,
1.18,4.0,usv1|usv2|usv3|usv4,xy:dwell_hold,18.00887726231705,44.52220417980722,2.0,3.0,4.0,0.1841684360906245,,,1.0444014651817697,,,
1.19,4.0,usv1|usv2|usv3|usv4,xy:dwell_hold,18.009124776186766,44.52278092318938,2.0,3.0,4.0,0.18438941645555984,,,1.0446162317458718,,,
1.2,4.0,usv1|usv2|usv3|usv4,xy:dwell_hold,18.009360436394093,44.52403163446955,2.0,3.0,4.0,0.1653955704348642,,,1.044318612790019,,,
1.21,4.0,usv1|usv2|usv3|usv4,xy:dwell_hold,18.009606881901234,44.52455849441617,2.0,3.0,4.0,0.16532411098097544,,,1.044528281680292,,,
1.22,4.0,usv1|usv2|usv3|usv4,xy:dwell_hold,18.009853888124024,44.52513369268497,2.0,3.0,4.0,0.1652693627383482,,,1.044739992936302,,,
1.23,4.0,usv1|usv2|usv3|usv4,xy:dwell_hold,18.01010150223808,44.525723385870386,2.0,3.0,4.0,0.1652250127050376,,,1.0449537475886563,,,
1.24,4.0,usv1|usv2|usv3|usv4,xy:dwell_hold,18.01034974707112,44.526299550788,2.0,3.0,4.0,0.16517887672244397,,,1.0451695467031623,,,
1.25,4.0,usv1|usv2|usv3|usv4,xy:dwell_hold,18.01081934947839,44.52780432674476,2.0,3.0,4.0,0.15253853008248633,,,1.0448679661749347,,,
1.26,4.0,usv1|usv2|usv3|usv4,xy:dwell_hold,18.01107407457999,44.52836172758051,2.0,3.0,4.0,0.15221012828968564,,,1.045078775788055,,,
1.27,4.0,usv1|usv2|usv3|usv4,xy:dwell_hold,18.0113293547848,44.528975811862146,2.0,3.0,4.0,0.15195986321487356,,,1.0452915506471525,,,
1.28,4.0,usv1|usv2|usv3|usv4,xy:dwell_hold,18.011585274812152,44.529463052897405,2.0,3.0,4.0,0.15157432092017906,,,1.0455062899086425,,,
1.29,4.0,usv1|usv2|usv3|usv4,xy:dwell_hold,18.01184172011383,44.530088403613014,2.0,3.0,4.0,0.15130579076812667,,,1.045722998158312,,,
1.3,4.0,usv1|usv2|usv3|usv4,xy:dwell_hold,18.012379011193694,44.53128153170843,2.0,3.0,4.0,0.1446219153064091,,,1.045416781880698,,,
1.31,4.0,usv1|usv2|usv3|usv4,xy:dwell_hold,18.012643509762633,44.53185036883693,2.0,3.0,4.0,0.14416196308938167,,,1.0456285965544156,,,
1.32,4.0,usv1|usv2|usv3|usv4,xy:dwell_hold,18.01290855621676,44.53241194134426,2.0,3.0,4.0,0.14367829841602978,,,1.0458423043766272,,,
1.33,4.0,usv1|usv2|usv3|usv4,xy:dwell_hold,18.01317413779953,44.532957593389675,2.0,3.0,4.0,0.14321216874711365,,,1.0460579065773006,,,
1.34,4.0,usv1|usv2|usv3|usv4,xy:dwell_hold,18.013440285425126,44.53359491940613,2.0,3.0,4.0,0.1427927028337409,,,1.046275405796985,,,
1.35,4.0,usv1|usv2|usv3|usv4,xy:dwell_hold,18.013536769556012,44.53354195515532,2.0,3.0,4.0,0.15085904927533292,,,1.0459666250658128,,,
1.36,4.0,usv1|usv2|usv3|usv4,xy:dwell_hold,18.013800615934713,44.534181459119885,2.0,3.0,4.0,0.15061157772772685,,,1.0461793391886085,,,
1.37,4.0,usv1|usv2|usv3|usv4,xy:dwell_hold,18.014064929496577,44.53473622569724,2.0,3.0,4.0,0.15030507757659878,,,1.046393879380497,,,
1.3800000000000001,4.0,usv1|usv2|usv3|usv4,xy:dwell_hold,18.014329817633488,44.535375204168425,2.0,3.0,4.0,0.1500763613754227,,,1.0466102490963753,,,
1.3900000000000001,4.0,usv1|usv2|usv3|usv4,xy:dwell_hold,18.014595193871735,44.535980732306925,2.0,3.0,4.0,0.14981761087593132,,,1.0468284481506436,,,
1.4000000000000001,4.0,usv1|usv2|usv3|usv4,xy:dwell_hold,18.014485543996418,44.5358790470398,2.0,3.0,4.0,0.1523186558169018,,,1.0465245039411994,,,
1.41,4.0,usv1|usv2|usv3|usv4,xy:dwell_hold,18.014744046282036,44.536472903385445,2.0,3.0,4.0,0.1521204629025064,,,1.0467380838486369,,,
1.42,4.0,usv1|usv2|usv3|usv4,xy:dwell_hold,18.015002990909924,44.53701733138762,2.0,3.0,4.0,0.15190896919920924,,,1.0469534290286842,,,
1.43,4.0,usv1|usv2|usv3|usv4,xy:dwell_hold,18.01526249680602,44.53762183983467,2.0,3.0,4.0,0.15172081778136662,,,1.0471705421628925,,,
1.44,4.0,usv1|usv2|usv3|usv4,xy:dwell_hold,18.01552248412917,44.538219854075564,2.0,3.0,4.0,0.15154156844696076,,,1.0473894236938217,,,
1.45,4.0,usv1|usv2|usv3|usv4,xy:dwell_hold,18.015876049122397,44.538547596233926,2.0,3.0,4.0,0.15917581569770023,,,1.0470769848192547,,,
1.46,4.0,usv1|usv2|usv3|usv4,xy:dwell_hold,18.0161394681544,44.539287440303994,2.0,3.0,4.0,0.15925785058996172,,,1.047291299926455,,,
1.47,4.0,usv1|usv2|usv3|usv4,xy:dwell_hold,18.016403021570724,44.53981988578807,2.0,3.0,4.0,0.15911089605297427,,,1.0475073212042019,,,
1.48,4.0,usv1|usv2|usv3|usv4,xy:dwell_hold,18.016667089354968,44.540389292049554,2.0,3.0,4.0,0.15902172246799798,,,1.0477250531015003,,,
1.49,4.0,usv1|usv2|usv3|usv4,xy:dwell_hold,18.01693163428527,44.54097576301513,2.0,3.0,4.0,0.15894738839990716,,,1.0479444966109055,,,
1.5,4.0,usv1|usv2|usv3|usv4,xy:dwell_hold,18.017182110648598,44.541908354564875,2.0,3.0,4.0,0.14987040297477977,,,1.047640497251393,,,
1.51,4.0,usv1|usv2|usv3|usv4,xy:dwell_hold,18.01744684764586,44.542494981840726,2.0,3.0,4.0,0.1496713581345541,,,1.0478555531236466,,,
1.52,4.0,usv1|usv2|usv3|usv4,xy:dwell_hold,18.017712084079555,44.54311440998542,2.0,3.0,4.0,0.14951763951075767,,,1.0480722651986027,,,
1.53,4.0,usv1|usv2|usv3|usv4,xy:dwell_hold,18.017977702325453,44.54370964651381,2.0,3.0,4.0,0.149337780831035,,,1.0482906339948341,,,
1.54,4.0,usv1|usv2|usv3|usv4,xy:dwell_hold,18.01824371775393,44.544292386907614,2.0,3.0,4.0,0.14913223934154282,,,1.048510660889782,,,
1.55,4.0,usv1|usv2|usv3|usv4,xy:dwell_hold,18.017948404933854,44.5430527851995,2.0,3.0,4.0,0.17142781410564523,,,1.0481972014956114,,,
1.56,4.0,usv1|usv2|usv3|usv4,xy:dwell_hold,18.018207083664496,44.5436801052976,2.0,3.0,4.0,0.1715979354112776,,,1.04841287303611,,,
1.57,4.0,usv1|usv2|usv3|usv4,xy:dwell_hold,18.018466150110896,44.544292655586155,2.0,3.0,4.0,0.17177031415926874,,,1.0486301505016706,,,
1.58,4.0,usv1|usv2|usv3|usv4,xy:dwell_hold,18.018725551460914,44.54487399338435,2.0,3.0,4.0,0.17191197235155878,,,1.048849034921791,,,
1.59,4.0,usv1|usv2|usv3|usv4,xy:dwell_hold,18.018985349086247,44.54545550928285,2.0,3.0,4.0,0.17204452755193228,,,1.0490695279679896,,,
1.6,4.0,usv1|usv2|usv3|usv4,xy:dwell_hold,18.019573876298896,44.547093539964024,2.0,3.0,4.0,0.15984352815477815,,,1.0487622294698418,,,
1.61,4.0,usv1|usv2|usv3|usv4,xy:dwell_hold,18.019838945309314,44.54765565135669,2.0,3.0,4.0,0.15977673152895328,,,1.0489785176312751,,,
1.62,4.0,usv1|usv2|usv3|usv4,xy:dwell_hold,18.020104471781053,44.54824736107532,2.0,3.0,4.0,0.15976381645269477,,,1.0491963659464134,,,
1.6300000000000001,4.0,usv1|usv2|usv3|usv4,xy:dwell_hold,18.020370244838265,44.548792400133514,2.0,3.0,4.0,0.15966864754517032,,,1.0494157746354273,,,
1.6400000000000001,4.0,usv1|usv2|usv3|usv4,xy:dwell_hold,18.020636375698775,44.54933522140304,2.0,3.0,4.0,0.1595790061482423,,,1.049636745577758,,,
1.6500000000000001,4.0,usv1|usv2|usv3|usv4,xy:dwell_hold,18.02132577861653,44.55126530117823,2.0,3.0,4.0,0.1395742430414296,,,1.049331390873871,,,
1.6600000000000001,4.0,usv1|usv2|usv3|usv4,xy:dwell_hold,18.021597951688495,44.551789123385795,2.0,3.0,4.0,0.13922118961179067,,,1.0495482672389698,,,
1.67,4.0,usv1|usv2|usv3|usv4,xy:dwell_hold,18.02187077339988,44.55241415771081,2.0,3.0,4.0,0.13896969149487365,,,1.0497666613259107,,,
1.68,4.0,usv1|usv2|usv3|usv4,xy:dwell_hold,18.022143874494198,44.5530118104915,2.0,3.0,4.0,0.13870783873793743,,,1.0499865726544282,,,
1.69,4.0,usv1|usv2|usv3|usv4,xy:dwell_hold,18.02241719517473,44.553564561584146,2.0,3.0,4.0,0.1383943989862435,,,1.050208002214963,,,
1.7,4.0,usv1|usv2|usv3|usv4,xy:dwell_hold,18.0220769446469,44.55197902796961,2.0,3.0,4.0,0.17077016894683,,,1.049888884565313,,,
1.71,4.0,usv1|usv2|usv3|usv4,xy:dwell_hold,18.022343438514557,44.55244319997012,2.0,3.0,4.0,0.1708344838138998,,,1.050106209386488,,,
1.72,4.0,usv1|usv2|usv3|usv4,xy:dwell_hold,18.02261075760604,44.55306834306091,2.0,3.0,4.0,0.17096571295916077,,,1.050325011864202,,,
1.73,4.0,usv1|usv2|usv3|usv4,xy:dwell_hold,18.02287823498143,44.55363626500304,2.0,3.0,4.0,0.1710769027958468,,,1.0505452902817813,,,
1.74,4.0,usv1|usv2|usv3|usv4,xy:dwell_hold,18.02314626361924,44.55427520848474,2.0,3.0,4.0,0.17123567150553776,,,1.0507670476501618,,,
1.75,4.0,usv1|usv2|usv3|usv4,xy:dwell_hold,18.0230480056934,44.554422727501034,2.0,3.0,4.0,0.16713271146140254,,,1.0504604280214784,,,
1.76,4.0,usv1|usv2|usv3|usv4,xy:dwell_hold,18.0233118155586,44.55502283013224,2.0,3.0,4.0,0.1672193815636839,,,1.0506782573956912,,,
1.77,4.0,usv1|usv2|usv3|usv4,xy:dwell_hold,18.023575928708027,44.55561803597431,2.0,3.0,4.0,0.1673206740904141,,,1.050897523887437,,,
1.78,4.0,usv1|usv2|usv3|usv4,xy:dwell_hold,18.023840285955824,44.556192849127626,2.0,3.0,4.0,0.16739088563052218,,,1.0511182285234661,,,
1.79,4.0,usv1|usv2|usv3|usv4,xy:dwell_hold,18.024104713146023,44.55669707145763,2.0,3.0,4.0,0.16742507644097784,,,1.051340371853132,,,
1.8,4.0,usv1|usv2|usv3|usv4,xy:dwell_hold,18.024011811543037,44.55662004033218,2.0,3.0,4.0,0.17031969925588644,,,1.0510310314384825,,,
1.81,4.0,usv1|usv2|usv3|usv4,xy:dwell_hold,18.024272733290836,44.55717348857109,2.0,3.0,4.0,0.17042338142880098,,,1.0512493116126693,,,
1.82,4.0,usv1|usv2|usv3|usv4,xy:dwell_hold,18.024533997342566,44.55773991256362,2.0,3.0,4.0,0.17053491679729862,,,1.051468993050765,,,
1.83,4.0,usv1|usv2|usv3|usv4,xy:dwell_hold,18.02479573342617,44.55835969717606,2.0,3.0,4.0,0.1706545818607171,,,1.0516900776033726,,,
1.84,4.0,usv1|usv2|usv3|usv4,xy:dwell_hold,18.025057778994753,44.5589833733088,2.0,3.0,4.0,0.17078758155036267,,,1.0519125658707629,,,
1.85,4.0,usv1|usv2|usv3|usv4,xy:dwell_hold,18.02461226447867,44.5574031266286,2.0,3.0,4.0,0.1963322963974544,,,1.0515947516768438,,,
1.86,4.0,usv1|usv2|usv3|usv4,xy:dwell_hold,18.02486701209478,44.55789840921604,2.0,3.0,4.0,0.2176284455890092,,,1.0518133963153211,,,
1.87,4.0,usv1|usv2|usv3|usv4,xy:dwell_hold,18.024120422714404,44.556084287021555,2.0,3.0,4.0,0.21795251894229248,,,1.0368612975432112,,,
1.8800000000000001,4.0,usv1|usv2|usv3|usv4,xy:dwell_hold,18.024375290003153,44.55662893884248,2.0,3.0,4.0,0.218301215802134,,,1.0370830639382138,,,
1.8900000000000001,4.0,usv1|usv2|usv3|usv4,xy:dwell_hold,18.024630431423738,44.55717153039866,2.0,3.0,4.0,0.21865514928547314,,,1.0373064020486766,,,
1.9000000000000001,4.0,usv1|usv2|usv3|usv4,xy:dwell_hold,18.0250734362793,44.55809489453712,2.0,3.0,4.0,0.2158865992580049,,,1.037009595161791,,,
1.9100000000000001,4.0,usv1|usv2|usv3|usv4,xy:dwell_hold,18.02533282091857,44.558737767577966,2.0,3.0,4.0,0.2161772737285412,,,1.037229628542618,,,
1.92,4.0,usv1|usv2|usv3|usv4,xy:dwell_hold,18.02559259889945,44.55924843908002,2.0,3.0,4.0,0.21645635828897933,,,1.0374511937337787,,,
1.93,4.0,usv1|usv2|usv3|usv4,xy:dwell_hold,18.0258525885367,44.55982605605606,2.0,3.0,4.0,0.21674625980133072,,,1.0376742905665053,,,
1.94,4.0,usv1|usv2|usv3|usv4,xy:dwell_hold,18.026112832227312,44.56042613194366,2.0,3.0,4.0,0.21703577515056427,,,1.0378989204046654,,,
1.95,4.0,usv1|usv2|usv3|usv4,xy:dwell_hold,18.02639019534628,44.56171794364758,2.0,3.0,4.0,0.20790677935029617,,,1.0375915934225002,,,
1.96,4.0,usv1|usv2|usv3|usv4,xy:dwell_hold,18.026650213122814,44.56229580706011,2.0,3.0,4.0,0.2081166816568612,,,1.0378128867502827,,,
1.97,4.0,usv1|usv2|usv3|usv4,xy:dwell_hold,18.02691047841678,44.56288275345544,2.0,3.0,4.0,0.2083378569922752,,,1.03803567445438,,,
1.98,4.0,usv1|usv2|usv3|usv4,xy:dwell_hold,18.027170981269446,44.56354310945277,2.0,3.0,4.0,0.2086146092131857,,,1.0382599573010687,,,
1.99,4.0,usv1|usv2|usv3|usv4,xy:dwell_hold,18.02743175053477,44.56420155494431,2.0,3.0,4.0,0.20891567752226686,,,1.0384857367190445,,,
2.0,4.0,usv1|usv2|usv3|usv4,xy:dwell_hold,18.027983768222164,44.565135646386906,2.0,3.0,4.0,0.20657520696592555,,,1.0381917003331038,,,
2.0100000000000002,4.0,usv1|usv2|usv3|usv4,xy:held_margin,18.028250331199377,44.56568280913538,2.0,3.0,4.0,0.2066790091901795,,,1.0384142504411753,,,
2.02,4.0,usv1|usv2|usv3|usv4,xy:held_margin,18.028517125718732,44.5662494896049,2.0,3.0,4.0,0.20680106274342766,,,1.038638259985763,,,
2.0300000000000002,4.0,usv1|usv2|usv3|usv4,xy:held_margin,18.028784146658257,44.56679590350249,2.0,3.0,4.0,0.2069108003867977,,,1.0388637301195407,,,
2.04,4.0,usv1|usv2|usv3|usv4,xy:held_margin,18.029051390420207,44.567333101341355,2.0,3.0,4.0,0.20700349222991452,,,1.0390906617839262,,,
2.05,4.0,usv1|usv2|usv3|usv4,xy:held_margin,18.029327904213314,44.56779165961848,2.0,3.0,4.0,0.21030804380261012,,,1.0387937239870493,,,
2.06,4.0,usv1|usv2|usv3|usv4,xy:held_margin,18.029596011176523,44.568351856188116,2.0,3.0,4.0,0.21045798829538756,,,1.0390174355034145,,,
2.07,4.0,usv1|usv2|usv3|usv4,xy:held_margin,18.029864314451196,44.56887653078447,2.0,3.0,4.0,0.21058501546630706,,,1.0392425732836283,,,
2.08,4.0,usv1|usv2|usv3|usv4,xy:held_margin,18.03013279064497,44.56934694971844,2.0,3.0,4.0,0.2107011530463083,,,1.039469138332945,,,
2.09,4.0,usv1|usv2|usv3|usv4,xy:held_margin,18.03040146960026,44.56982391413267,2.0,3.0,4.0,0.21085806260925755,,,1.039697131554211,,,
2.1,4.0,usv1|usv2|usv3|usv4,xy:held_margin,18.03072872228148,44.57003877127354,2.0,3.0,4.0,0.21990791838583068,,,1.0394034955391147,,,
2.11,4.0,usv1|usv2|usv3|usv4,xy:held_margin,18.030999416851593,44.57070615958294,2.0,3.0,4.0,0.22015771098159256,,,1.039628314521003,,,
2.12,4.0,usv1|usv2|usv3|usv4,xy:held_margin,18.03127030211089,44.57134752650159,2.0,3.0,4.0,0.22040493761311383,,,1.039854527940299,,,
2.13,4.0,usv1|usv2|usv3|usv4,xy:held_margin,18.03154136459055,44.571951774632616,2.0,3.0,4.0,0.22064997028746322,,,1.0400821367603097,,,
2.14,4.0,usv1|usv2|usv3|usv4,xy:held_margin,18.031812675260678,44.572588657141914,2.0,3.0,4.0,0.2209171700249854,,,1.0403111419532947,,,
2.15,4.0,usv1|usv2|usv3|usv4,xy:held_margin,18.031724747836993,44.57239246283611,2.0,3.0,4.0,0.22768137227652652,,,1.0400089868056919,,,
2.16,4.0,usv1|usv2|usv3|usv4,xy:held_margin,18.031991498658783,44.57297599946637,2.0,3.0,4.0,0.2280168849369674,,,1.0402348016558747,,,
2.17,4.0,usv1|usv2|usv3|usv4,xy:held_margin,18.032258390330334,44.573520918787914,2.0,3.0,4.0,0.22833758073377838,,,1.0404619806876527,,,
2.18,4.0,usv1|usv2|usv3|usv4,xy:held_margin,18.03252570611364,44.57423079070409,2.0,3.0,4.0,0.22873298532000927,,,1.0406905250289773,,,
2.19,4.0,usv1|usv2|usv3|usv4,xy:held_margin,18.032792883307653,44.57471312127789,2.0,3.0,4.0,0.2290223062822528,,,1.040920435335325,,,
2.2,4.0,usv1|usv2|usv3|usv4,xy:held_margin,18.032819891513743,44.57476492509924,2.0,3.0,4.0,0.23250318925924826,,,1.040617003708232,,,
2.21,4.0,usv1|usv2|usv3|usv4,xy:held_margin,18.03308428456546,44.57525739974934,2.0,3.0,4.0,0.23287147392571886,,,1.0408437493662663,,,
2.22,4.0,usv1|usv2|usv3|usv4,xy:held_margin,18.03334912277614,44.575908030615786,2.0,3.0,4.0,0.23326190357429438,,,1.041071830629424,,,
2.23,4.0,usv1|usv2|usv3|usv4,xy:held_margin,18.033613961641816,44.576445964865464,2.0,3.0,4.0,0.23363187545827416,,,1.0413012479953776,,,
2.24,4.0,usv1|usv2|usv3|usv4,xy:held_margin,18.033878971696822,44.57697757464916,2.0,3.0,4.0,0.2340103765678209,,,1.0415320025953276,,,
2.25,4.0,usv1|usv2|usv3|usv4,xy:held_margin,18.03368459977547,44.57639969269839,2.0,3.0,4.0,0.24553815098972287,,,1.0412294137383193,,,
2.2600000000000002,4.0,usv1|usv2|usv3|usv4,xy:held_margin,18.03394442663412,44.57690918940619,2.0,3.0,4.0,0.24604376877250816,,,1.0414570356525414,,,
2.27,4.0,usv1|usv2|usv3|usv4,xy:held_margin,18.03420469926372,44.577558264267715,2.0,3.0,4.0,0.2465538157944482,,,1.0416859657533137,,,
2.2800000000000002,4.0,usv1|usv2|usv3|usv4,xy:held_margin,18.034465048305464,44.578154161316874,2.0,3.0,4.0,0.24705870143458794,,,1.0419162045081125,,,
2.29,4.0,usv1|usv2|usv3|usv4,xy:held_margin,18.0347256587638,44.5787905271004,2.0,3.0,4.0,0.24758179441340905,,,1.042147753060968,,,
2.3000000000000003,4.0,usv1|usv2|usv3|usv4,xy:held_margin,18.035042567881238,44.57964992252239,2.0,3.0,4.0,0.24347254167165636,,,1.0418419570361657,,,
2.31,4.0,usv1|usv2|usv3|usv4,xy:held_margin,18.035303912318657,44.58024304816414,2.0,3.0,4.0,0.24396140080220194,,,1.0420703928089707,,,
2.32,4.0,usv1|usv2|usv3|usv4,xy:held_margin,18.035565410241617,44.5808284238402,2.0,3.0,4.0,0.24443275412644047,,,1.04230011014841,,,
2.33,4.0,usv1|usv2|usv3|usv4,xy:held_margin,18.035826898640725,44.58133934131713,2.0,3.0,4.0,0.2448777321563618,,,1.0425311097504193,,,
2.34,4.0,usv1|usv2|usv3|usv4,xy:held_margin,18.036088695163407,44.581917910305236,2.0,3.0,4.0,0.2453520568333187,,,1.0427633929519748,,,
2.35,4.0,usv1|usv2|usv3|usv4,xy:held_margin,18.036610267086026,44.584014610696315,2.0,3.0,4.0,0.22392110750942687,,,1.042445884894468,,,
2.36,4.0,usv1|usv2|usv3|usv4,xy:held_margin,18.036874423552412,44.584614309984104,2.0,3.0,4.0,0.22422442681413735,,,1.042675037040365,,,
2.37,4.0,usv1|usv2|usv3|usv4,xy:held_margin,18.037138498841152,44.585116758292465,2.0,3.0,4.0,0.22448697830549447,,,1.042905445360291,,,
2.38,4.0,usv1|usv2|usv3|usv4,xy:held_margin,18.03740312294552,44.58578177318129,2.0,3.0,4.0,0.2248366714461104,,,1.0431371118380177,,,
2.39,4.0,usv1|usv2|usv3|usv4,xy:held_margin,18.037667705434078,44.58637370677244,2.0,3.0,4.0,0.22513852049599709,,,1.0433700364508043,,,
2.4,4.0,usv1|usv2|usv3|usv4,xy:held_margin,18.03822424316575,44.588554722380806,2.0,3.0,4.0,0.211184766178048,,,1.0430515035611496,,,
2.41,4.0,usv1|usv2|usv3|usv4,xy:held_margin,18.038491402817485,44.58915988562428,2.0,3.0,4.0,0.21138427482079816,,,1.0432813232180704,,,
2.42,4.0,usv1|usv2|usv3|usv4,xy:held_margin,18.03875837308776,44.58963851842627,2.0,3.0,4.0,0.2115098446488718,,,1.0435123750044926,,,
2.43,4.0,usv1|usv2|usv3|usv4,xy:held_margin,18.039025706110756,44.59020116558069,2.0,3.0,4.0,0.21168642363568438,,,1.0437446608670575,,,
2.44,4.0,usv1|usv2|usv3|usv4,xy:held_margin,18.039293251729084,44.59079115067711,2.0,3.0,4.0,0.2118627932991992,,,1.0439781814147817,,,
2.45,4.0,usv1|usv2|usv3|usv4,xy:held_margin,18.040280120993966,44.59360404260728,2.0,3.0,4.0,0.19362874601503494,,,1.0436650305368746,,,
2.46,4.0,usv1|usv2|usv3|usv4,xy:held_margin,18.040554662490138,44.59416786760911,2.0,3.0,4.0,0.19361976843891154,,,1.0438955005139963,,,
2.47,4.0,usv1|usv2|usv3|usv4,xy:held_margin,18.040829387626125,44.59475081361704,2.0,3.0,4.0,0.1936227633417307,,,1.044127180439323,,,
2.48,4.0,usv1|usv2|usv3|usv4,xy:held_margin,18.04110434776357,44.5953710187086,2.0,3.0,4.0,0.19363881816764092,,,1.0443600713393304,,,
2.49,4.0,usv1|usv2|usv3|usv4,xy:held_margin,18.041379582229084,44.59604023499925,2.0,3.0,4.0,0.19366205329590858,,,1.0445941741635265,,,
2.5,4.0,usv1|usv2|usv3|usv4,xy:held_margin,18.04124945210633,44.59556583356221,2.0,3.0,4.0,0.20424859485758262,,,1.0442870235434039,,,
2.5100000000000002,4.0,usv1|usv2|usv3|usv4,xy:held_margin,18.041521124433455,44.596245306686455,2.0,3.0,4.0,0.20440170811727548,,,1.0445181215697028,,,
2.52,4.0,usv1|usv2|usv3|usv4,xy:held_margin,18.041792795833615,44.596881204621575,2.0,3.0,4.0,0.20452130280810968,,,1.044750407101405,,,
2.5300000000000002,4.0,usv1|usv2|usv3|usv4,xy:held_margin,18.042064379543792,44.59744395643487,2.0,3.0,4.0,0.204620417096526,,,1.0449838808791958,,,
2.54,4.0,usv1|usv2|usv3|usv4,xy:held_margin,18.04233622465102,44.59805155270902,2.0,3.0,4.0,0.20473178672663653,,,1.0452185445125213,,,
2.5500000000000003,4.0,usv1|usv2|usv3|usv4,xy:held_margin,18.042569885355952,44.59838429094248,2.0,3.0,4.0,0.20534138130564902,,,1.0449126552475487,,,
2.56,4.0,usv1|usv2|usv3|usv4,xy:held_margin,18.04284160625757,44.5989451847274,2.0,3.0,4.0,0.20542842126431013,,,1.0451443480981555,,,
2.57,4.0,usv1|usv2|usv3|usv4,xy:held_margin,18.043113621681325,44.59956596616404,2.0,3.0,4.0,0.20555689323134768,,,1.0453772079891377,,,
2.58,4.0,usv1|usv2|usv3|usv4,xy:held_margin,18.043385649356566,44.600153062020574,2.0,3.0,4.0,0.20566188902309615,,,1.045611235319108,,,
2.59,4.0,usv1|usv2|usv3|usv4,xy:held_margin,18.043657788967796,44.60073869518439,2.0,3.0,4.0,0.2057770431417559,,,1.0458464311865974,,,
2.6,4.0,usv1|usv2|usv3|usv4,xy:held_margin,18.043464589071476,44.600168719542644,2.0,3.0,4.0,0.21819146128223693,,,1.0455369987460132,,,
2.61,4.0,usv1|usv2|usv3|usv4,xy:held_margin,18.04373282302184,44.60075385759719,2.0,3.0,4.0,0.21841478287726082,,,1.0457692349576266,,,
2.62,4.0,usv1|usv2|usv3|usv4,xy:held_margin,18.044001227558176,44.60135844465155,2.0,3.0,4.0,0.21864729636648236,,,1.0460026177972932,,,
2.63,4.0,usv1|usv2|usv3|usv4,xy:held_margin,18.044269766180253,44.60197081552288,2.0,3.0,4.0,0.2188726827206997,,,1.0462371480863621,,,
2.64,4.0,usv1|usv2|usv3|usv4,xy:held_margin,18.044538668352025,44.602661244823146,2.0,3.0,4.0,0.2191473516283197,,,1.0464728272046688,,,
2.65,4.0,usv1|usv2|usv3|usv4,xy:held_margin,18.0446949020783,44.60316728482442,2.0,3.0,4.0,0.2230519505355979,,,1.046159558414699,,,
2.66,4.0,usv1|usv2|usv3|usv4,xy:held_margin,18.04496297383526,44.603878133829795,2.0,3.0,4.0,0.22339423326004096,,,1.0463922922504314,,,
2.67,4.0,usv1|usv2|usv3|usv4,xy:held_margin,18.045230720082024,44.604453469556375,2.0,3.0,4.0,0.22364549037889786,,,1.0466261523700038,,,
2.68,4.0,usv1|usv2|usv3|usv4,xy:held_margin,18.045498624085962,44.60504606765292,2.0,3.0,4.0,0.22390130080663023,,,1.0468611407504333,,,
2.69,4.0,usv1|usv2|usv3|usv4,xy:held_margin,18.04576666588702,44.60564982975266,2.0,3.0,4.0,0.22417714587020157,,,1.0470972582136004,,,
2.7,4.0,usv1|usv2|usv3|usv4,xy:held_margin,18.04582232831916,44.60495623667681,2.0,3.0,4.0,0.22957118748433747,,,1.0467957869588436,,,
2.71,4.0,usv1|usv2|usv3|usv4,xy:held_margin,18.046089208260213,44.60555502285744,2.0,3.0,4.0,0.22986997807704793,,,1.0470290263586144,,,
2.72,4.0,usv1|usv2|usv3|usv4,xy:held_margin,18.046355989656444,44.60609183137649,2.0,3.0,4.0,0.23012983322455255,,,1.0472633737827366,,,
2.73,4.0,usv1|usv2|usv3|usv4,xy:held_margin,18.04662327519854,44.606755516129326,2.0,3.0,4.0,0.2304717579943141,,,1.0474988315967824,,,
2.74,4.0,usv1|usv2|usv3|usv4,xy:held_margin,18.046890458550347,44.6073591410058,2.0,3.0,4.0,0.2328626331620994,,,1.0477353993571719,,,
2.75,4.0,usv1|usv2|usv3|usv4,xy:held_margin,18.046897284567834,44.607739928244946,2.0,3.0,4.0,0.23752031565123582,,,1.040812579865197,,,
2.7600000000000002,4.0,usv1|usv2|usv3|usv4,xy:held_margin,18.047161877694858,44.60830291071309,2.0,3.0,4.0,0.23786657360818003,,,1.0410433957520255,,,
2.77,4.0,usv1|usv2|usv3|usv4,xy:held_margin,18.04742656200081,44.60883139119992,2.0,3.0,4.0,0.23819300906746083,,,1.041275414378091,,,
2.7800000000000002,4.0,usv1|usv2|usv3|usv4,xy:held_margin,18.047691338762675,44.609330371935854,2.0,3.0,4.0,0.23851370763008944,,,1.0415086368209556,,,
2.79,4.0,usv1|usv2|usv3|usv4,xy:held_margin,18.047956201361906,44.609876186311425,2.0,3.0,4.0,0.23885138217038285,,,1.0417430645429295,,,
2.8000000000000003,4.0,usv1|usv2|usv3|usv4,xy:held_margin,18.04817952303481,44.61019382321501,2.0,3.0,4.0,0.2402107344323407,,,1.0414462934623376,,,
2.81,4.0,usv1|usv2|usv3|usv4,xy:held_margin,18.048444159500015,44.61078221278818,2.0,3.0,4.0,0.24057145093662213,,,1.041678111593833,,,
2.82,4.0,usv1|usv2|usv3|usv4,xy:held_margin,18.04870887461172,44.611309844660205,2.0,3.0,4.0,0.24093397713109985,,,1.0419111129594194,,,
2.83,4.0,usv1|usv2|usv3|usv4,xy:held_margin,18.04897366119177,44.61181259193132,2.0,3.0,4.0,0.24131589807964343,,,1.042145298790772,,,
2.84,4.0,usv1|usv2|usv3|usv4,xy:held_margin,18.0492385955914,44.61249788134115,2.0,3.0,4.0,0.2416909962537997,,,1.0423806712289312,,,
2.85,4.0,usv1|usv2|usv3|usv4,xy:held_margin,18.049473566793807,44.61369498397667,2.0,3.0,4.0,0.24615118511980552,,,1.0420735498924674,,,
2.86,4.0,usv1|usv2|usv3|usv4,xy:held_margin,18.049737670360294,44.61427062331556,2.0,3.0,4.0,0.24657679533703922,,,1.042306286557899,,,
2.87,4.0,usv1|usv2|usv3|usv4,xy:held_margin,18.050001899627404,44.61492203498267,2.0,3.0,4.0,0.24701864172919702,,,1.0425401887491377,,,
2.88,4.0,usv1|usv2|usv3|usv4,xy:held_margin,18.050266117972324,44.615413963333,2.0,3.0,4.0,0.24742577061979967,,,1.0427752562065646,,,
2.89,4.0,usv1|usv2|usv3|usv4,xy:held_margin,18.050530480724507,44.61600148119367,2.0,3.0,4.0,0.24784623356794225,,,1.043011491307158,,,
2.9,4.0,usv1|usv2|usv3|usv4,xy:held_margin,18.051397977514423,44.618243426209155,2.0,3.0,4.0,0.23408526362120344,,,1.0427101962816279,,,
2.91,4.0,usv1|usv2|usv3|usv4,xy:held_margin,18.051668608634134,44.618737310850484,2.0,3.0,4.0,0.23434466179032912,,,1.0429438244354445,,,
2.92,4.0,usv1|usv2|usv3|usv4,xy:held_margin,18.051939443905084,44.61937215619551,2.0,3.0,4.0,0.23462535996753736,,,1.0431786004770196,,,
2.93,4.0,usv1|usv2|usv3|usv4,xy:held_margin,18.052210334508295,44.61998093065444,2.0,3.0,4.0,0.23488603592141954,,,1.0434145244626636,,,
2.94,4.0,usv1|usv2|usv3|usv4,xy:held_margin,18.05248121067876,44.62050281349608,2.0,3.0,4.0,0.23516324699430896,,,1.0436515970586884,,,
2.95,4.0,usv1|usv2|usv3|usv4,xy:held_margin,18.053163981413963,44.622378153708475,2.0,3.0,4.0,0.22833754357949257,,,1.0433478627673982,,,
2.96,4.0,usv1|usv2|usv3|usv4,xy:held_margin,18.053438954013945,44.62294386908218,2.0,3.0,4.0,0.22855694686795852,,,1.043582328435467,,,
2.97,4.0,usv1|usv2|usv3|usv4,xy:held_margin,18.053713974771448,44.62349340129627,2.0,3.0,4.0,0.22877460855817436,,,1.0438179237585046,,,
2.98,4.0,usv1|usv2|usv3|usv4,xy:held_margin,18.05398916869863,44.624121716394654,2.0,3.0,4.0,0.22897288564415821,,,1.0440546502075,,,
2.99,4.0,usv1|usv2|usv3|usv4,xy:held_margin,18.054264498007353,44.624792277618354,2.0,3.0,4.0,0.22914298571135508,,,1.0442925085493555,,,
3.0,4.0,usv1|usv2|usv3|usv4,xy:held_margin,18.05415888455814,44.624183390421436,2.0,3.0,4.0,0.2352572539933198,,,1.0439948145515627,,,
3.0100000000000002,4.0,usv1|usv2|usv3|usv4,xy:held_margin,18.05443079507999,44.62476193961964,2.0,3.0,4.0,0.23552149505288533,,,1.0442300868865448,,,
3.02,4.0,usv1|usv2|usv3|usv4,xy:held_margin,18.054702902952226,44.62542496100127,2.0,3.0,4.0,0.23576752803282497,,,1.0444664724834387,,,
3.0300000000000002,4.0,usv1|usv2|usv3|usv4,xy:held_margin,18.054975059563258,44.626076547554604,2.0,3.0,4.0,0.2360251989492241,,,1.0447039717499753,,,
3.04,4.0,usv1|usv2|usv3|usv4,xy:held_margin,18.055247121905268,44.62663033135114,2.0,3.0,4.0,0.23629596822679094,,,1.044942585187051,,,
3.0500000000000003,4.0,usv1|usv2|usv3|usv4,xy:held_margin,18.055629945620602,44.62742798074522,2.0,3.0,4.0,0.23292279799293,,,1.0446410812407019,,,
3.06,4.0,usv1|usv2|usv3|usv4,xy:held_margin,18.05590337240386,44.628074956750645,2.0,3.0,4.0,0.23315062052528743,,,1.0448771085544575,,,
3.0700000000000003,4.0,usv1|usv2|usv3|usv4,xy:held_margin,18.05617676698839,44.62866594718734,2.0,3.0,4.0,0.23338095542555778,,,1.0451142320417461,,,
3.08,4.0,usv1|usv2|usv3|usv4,xy:held_margin,18.056450294164282,44.629294920656776,2.0,3.0,4.0,0.23359352540228145,,,1.045352453157679,,,
3.09,4.0,usv1|usv2|usv3|usv4,xy:held_margin,18.05672390304982,44.629935909559606,2.0,3.0,4.0,0.233825991674563,,,1.0455917726689166,,,
3.1,4.0,usv1|usv2|usv3|usv4,xy:held_margin,18.056616652168373,44.62986527541545,2.0,3.0,4.0,0.24671792186942437,,,1.0452854818296893,,,
3.11,4.0,usv1|usv2|usv3|usv4,xy:held_margin,18.056886542291057,44.630382219333136,2.0,3.0,4.0,0.24704814591779892,,,1.0455222072052195,,,
3.12,4.0,usv1|usv2|usv3|usv4,xy:held_margin,18.057156756185105,44.63102794311141,2.0,3.0,4.0,0.24738411891205336,,,1.045760014038561,,,
3.13,4.0,usv1|usv2|usv3|usv4,xy:held_margin,18.05742693227992,44.63162263163167,2.0,3.0,4.0,0.24773101673514117,,,1.0459989023309435,,,
3.14,4.0,usv1|usv2|usv3|usv4,xy:held_margin,18.057697149690092,44.63220683872781,2.0,3.0,4.0,0.24806077588536646,,,1.0462388732609025,,,
3.15,4.0,usv1|usv2|usv3|usv4,xy:held_margin,18.057622210044936,44.63149465165739,2.0,3.0,4.0,0.2523619008862497,,,1.0459402499866188,,,
3.16,4.0,usv1|usv2|usv3|usv4,xy:held_margin,18.05788988954204,44.63209021740889,2.0,3.0,4.0,0.2527463288350987,,,1.0461776563359029,,,
3.17,4.0,usv1|usv2|usv3|usv4,xy:held_margin,18.05815754635309,44.63265004861217,2.0,3.0,4.0,0.2531211110632614,,,1.0464161279252515,,,
3.18,4.0,usv1|usv2|usv3|usv4,xy:held_margin,18.05842560579842,44.63336238369867,2.0,3.0,4.0,0.25351656162360225,,,1.0466556666928395,,,
3.19,4.0,usv1|usv2|usv3|usv4,xy:held_margin,18.05869311347881,44.63381405341123,2.0,3.0,4.0,0.2538699530693572,,,1.046896271400608,,,
3.2,4.0,usv1|usv2|usv3|usv4,xy:held_margin,18.059009466655613,44.634034797705226,2.0,3.0,4.0,0.2504202690404124,,,1.0465966284857597,,,
3.21,4.0,usv1|usv2|usv3|usv4,xy:held_margin,18.059278040657407,44.634588882909256,2.0,3.0,4.0,0.2507714823479936,,,1.046834675407004,,,
3.22,4.0,usv1|usv2|usv3|usv4,xy:held_margin,18.059546713682856,44.635163071910775,2.0,3.0,4.0,0.2511071642860455,,,1.0470737730434734,,,
3.23,4.0,usv1|usv2|usv3|usv4,xy:held_margin,18.05981555518821,44.63578296824697,2.0,3.0,4.0,0.25144955266688535,,,1.047313922433662,,,
3.24,4.0,usv1|usv2|usv3|usv4,xy:held_margin,18.060084502058015,44.636420162853106,2.0,3.0,4.0,0.2517858535699372,,,1.0475551243413217,,,
3.25,4.0,usv1|usv2|usv3|usv4,xy:held_margin,18.059799025582585,44.635486548936896,2.0,3.0,4.0,0.266617739806222,,,1.0472494095503333,,,
3.2600000000000002,4.0,usv1|usv2|usv3|usv4,xy:held_margin,18.060063291931293,44.63600465588328,2.0,3.0,4.0,0.2670903271088725,,,1.0474880436526162,,,
3.27,4.0,usv1|usv2|usv3|usv4,xy:held_margin,18.06032767567544,44.636551123791655,2.0,3.0,4.0,0.26755877889224344,,,1.047727714248746,,,
3.2800000000000002,4.0,usv1|usv2|usv3|usv4,xy:held_margin,18.060592202317906,44.63713534236292,2.0,3.0,4.0,0.2680143469073259,,,1.0479684223272359,,,
3.29,4.0,usv1|usv2|usv3|usv4,xy:held_margin,18.060856709301266,44.637694934914194,2.0,3.0,4.0,0.26847725582779985,,,1.0482101684474443,,,
3.3000000000000003,4.0,usv1|usv2|usv3|usv4,xy:held_margin,18.06171489373593,44.639497921680615,2.0,3.0,4.0,0.2531845488039311,,,1.04790627624684,,,
3.31,4.0,usv1|usv2|usv3|usv4,xy:held_margin,18.061984488079407,44.64009881567042,2.0,3.0,4.0,0.25350531314984126,,,1.0481454719885388,,,
3.3200000000000003,4.0,usv1|usv2|usv3|usv4,xy:held_margin,18.062253966127763,44.64064209805514,2.0,3.0,4.0,0.2538551522837414,,,1.0483856899771393,,,
3.33,4.0,usv1|usv2|usv3|usv4,xy:held_margin,18.062523515603957,44.64119509761867,2.0,3.0,4.0,0.2541912635540029,,,1.04862693147825,,,
3.34,4.0,usv1|usv2|usv3|usv4,xy:held_margin,18.062793085279818,44.64174005716579,2.0,3.0,4.0,0.2545544754292307,,,1.0488691973040525,,,
3.35,4.0,usv1|usv2|usv3|usv4,xy:held_margin,18.063253604912532,44.6430118651336,2.0,3.0,4.0,0.24972403809559354,,,1.0485587393689795,,,
3.36,4.0,usv1|usv2|usv3|usv4,xy:held_margin,18.063524813006023,44.64362120365911,2.0,3.0,4.0,0.250011588542062,,,1.0487984473117808,,,
3.37,4.0,usv1|usv2|usv3|usv4,xy:held_margin,18.06379577969521,44.64412872428377,2.0,3.0,4.0,0.25034879705120194,,,1.0490391639594419,,,
3.38,4.0,usv1|usv2|usv3|usv4,xy:held_margin,18.064067142174945,44.644760159514476,2.0,3.0,4.0,0.25061960192646937,,,1.0492808914903717,,,
3.39,4.0,usv1|usv2|usv3|usv4,xy:held_margin,18.064338378121313,44.645334614165115,2.0,3.0,4.0,0.2509213684595141,,,1.0495236298480204,,,
3.4,4.0,usv1|usv2|usv3|usv4,xy:held_margin,18.06449388174366,44.64559591539111,2.0,3.0,4.0,0.2542878832796054,,,1.049215430770101,,,
3.41,4.0,usv1|usv2|usv3|usv4,xy:held_margin,18.06476457019233,44.64623132321369,2.0,3.0,4.0,0.2545828970442762,,,1.0494556241044646,,,
3.42,4.0,usv1|usv2|usv3|usv4,xy:held_margin,18.065035058057088,44.64678554772606,2.0,3.0,4.0,0.25490606997084253,,,1.0496968133492939,,,
3.43,4.0,usv1|usv2|usv3|usv4,xy:held_margin,18.06530593084612,44.64745850147982,2.0,3.0,4.0,0.25520295508294755,,,1.0499390004970708,,,
3.44,4.0,usv1|usv2|usv3|usv4,xy:held_margin,18.065576483974795,44.64801042691617,2.0,3.0,4.0,0.25552159962850257,,,1.0501821851998565,,,
3.45,4.0,usv1|usv2|usv3|usv4,xy:held_margin,18.06607471353536,44.6495422198859,2.0,3.0,4.0,0.250382708964471,,,1.0498669575018353,,,
3.46,4.0,usv1|usv2|usv3|usv4,xy:held_margin,18.06634683826137,44.65010783893889,2.0,3.0,4.0,0.2506727653896607,,,1.0501075920081395,,,
3.47,4.0,usv1|usv2|usv3|usv4,xy:held_margin,18.066619003064954,44.65067162501799,2.0,3.0,4.0,0.25097182396921525,,,1.0503492105372665,,,
3.48,4.0,usv1|usv2|usv3|usv4,xy:held_margin,18.066891384746405,44.651292653060004,2.0,3.0,4.0,0.25124139220307845,,,1.0505918143148707,,,
3.49,4.0,usv1|usv2|usv3|usv4,xy:held_margin,18.067163750018175,44.65189551348524,2.0,3.0,4.0,0.2515192794582657,,,1.0508354038579073,,,
3.5,4.0,usv1|usv2|usv3|usv4,xy:held_margin,18.067501294347732,44.65331738779123,2.0,3.0,4.0,0.25399800607072054,,,1.0505172840472052,,,
3.5100000000000002,4.0,usv1|usv2|usv3|usv4,xy:held_margin,18.067774081839833,44.65397141803372,2.0,3.0,4.0,0.2542855101494849,,,1.0507583263125229,,,
3.52,4.0,usv1|usv2|usv3|usv4,xy:held_margin,18.06804677861172,44.65458412019753,2.0,3.0,4.0,0.2545810711344873,,,1.0510003404835682,,,
3.5300000000000002,4.0,usv1|usv2|usv3|usv4,xy:held_margin,18.06831948299682,44.65518877638254,2.0,3.0,4.0,0.25487690366640237,,,1.0512433276426254,,,
3.54,4.0,usv1|usv2|usv3|usv4,xy:held_margin,18.068592013104055,44.655725791777876,2.0,3.0,4.0,0.2551836330186475,,,1.0514872884074116,,,
3.5500000000000003,4.0,usv1|usv2|usv3|usv4,xy:held_margin,18.068858082898405,44.65594647025594,2.0,3.0,4.0,0.252602322278211,,,1.0511789634580158,,,
3.56,4.0,usv1|usv2|usv3|usv4,xy:held_margin,18.06913080505615,44.656477246272566,2.0,3.0,4.0,0.25289422232567554,,,1.0514204053473213,,,
3.5700000000000003,4.0,usv1|usv2|usv3|usv4,xy:held_margin,18.069403796982836,44.657084529639896,2.0,3.0,4.0,0.2531755522503987,,,1.0516628080668404,,,
3.58,4.0,usv1|usv2|usv3|usv4,xy:held_margin,18.069677107291717,44.657782712122824,2.0,3.0,4.0,0.2534193190678725,,,1.0519061726379766,,,
3.59,4.0,usv1|usv2|usv3|usv4,xy:held_margin,18.069950311326362,44.6584341009503,2.0,3.0,4.0,0.2536963177466088,,,1.0521504992409267,,,
3.6,4.0,usv1|usv2|usv3|usv4,xy:held_margin,18.07034803040291,44.65910605982956,2.0,3.0,4.0,0.24947679392069613,,,1.0518397665738473,,,
3.61,4.0,usv1|usv2|usv3|usv4,xy:held_margin,18.070622066773794,44.659696062509305,2.0,3.0,4.0,0.24972452979680915,,,1.052081578007871,,,
3.62,4.0,usv1|usv2|usv3|usv4,xy:held_margin,18.070896145959306,44.66029037495559,2.0,3.0,4.0,0.2499783926654562,,,1.0523243385889782,,,
3.63,4.0,usv1|usv2|usv3|usv4,xy:held_margin,18.071170253388416,44.66088434045412,2.0,3.0,4.0,0.250224835686378,,,1.0525680492761664,,,
3.64,4.0,usv1|usv2|usv3|usv4,xy:held_margin,18.071444765786445,44.661595454848076,2.0,3.0,4.0,0.2504746724442474,,,1.0528127116721955,,,
3.65,4.0,usv1|usv2|usv3|usv4,xy:held_margin,18.07081227745948,44.659691079295534,2.0,3.0,4.0,0.274182121276113,,,1.0525011068655363,,,
3.66,4.0,usv1|usv2|usv3|usv4,xy:held_margin,18.071080840642054,44.660370774632135,2.0,3.0,4.0,0.2655920714444937,,,1.0527432584139127,,,
3.67,4.0,usv1|usv2|usv3|usv4,xy:held_margin,18.071692405252683,44.66179244520498,2.0,3.0,4.0,0.26595764255591064,,,1.0445212537250168,,,
3.68,4.0,usv1|usv2|usv3|usv4,xy:held_margin,18.07196107340441,44.66236228470192,2.0,3.0,4.0,0.2663411624373818,,,1.0447589940895337,,,
3.69,4.0,usv1|usv2|usv3|usv4,xy:held_margin,18.07222983477674,44.662941293688085,2.0,3.0,4.0,0.26672465535784473,,,1.044997751713864,,,
3.7,4.0,usv1|usv2|usv3|usv4,xy:held_margin,18.07286039479006,44.663892954800524,2.0,3.0,4.0,0.25833909950498485,,,1.0446960400702263,,,
3.71,4.0,usv1|usv2|usv3|usv4,xy:held_margin,18.073132751712173,44.66448556073631,2.0,3.0,4.0,0.25864884947064903,,,1.0449324948351282,,,
3.72,4.0,usv1|usv2|usv3|usv4,xy:held_margin,18.073404703173964,44.6650000329439,2.0,3.0,4.0,0.25895543798966786,,,1.0451699524710296,,,
3.73,4.0,usv1|usv2|usv3|usv4,xy:held_margin,18.073677288544253,44.665622186149335,2.0,3.0,4.0,0.2592586950947731,,,1.0454084157460535,,,
3.74,4.0,usv1|usv2|usv3|usv4,xy:held_margin,18.073950090137874,44.66627877007806,2.0,3.0,4.0,0.25954825075845084,,,1.0456478851416144,,,
3.75,4.0,usv1|usv2|usv3|usv4,xy:held_margin,18.074872262235914,44.66893490768552,2.0,3.0,4.0,0.24182661986578685,,,1.045350057342561,,,
3.7600000000000002,4.0,usv1|usv2|usv3|usv4,xy:held_margin,18.0751502932938,44.66958907194613,2.0,3.0,4.0,0.24197432423528703,,,1.0455872727199322,,,
3.77,4.0,usv1|usv2|usv3|usv4,xy:held_margin,18.075428031328837,44.67018415639457,2.0,3.0,4.0,0.24213337967744378,,,1.0458254802990774,,,
3.7800000000000002,4.0,usv1|usv2|usv3|usv4,xy:held_margin,18.075705929525785,44.67080475518095,2.0,3.0,4.0,0.2422929754096513,,,1.0460646819124655,,,
3.79,4.0,usv1|usv2|usv3|usv4,xy:held_margin,18.07598319778538,44.671299770994146,2.0,3.0,4.0,0.24244657563313124,,,1.04630487741422,,,
3.8000000000000003,4.0,usv1|usv2|usv3|usv4,xy:held_margin,18.075905481061934,44.67054469023686,2.0,3.0,4.0,0.2532309062975246,,,1.0460006742779648,,,
3.81,4.0,usv1|usv2|usv3|usv4,xy:held_margin,18.076180839693556,44.67116441020399,2.0,3.0,4.0,0.25346594739123113,,,1.0462385553894222,,,
3.8200000000000003,4.0,usv1|usv2|usv3|usv4,xy:held_margin,18.076456168832298,44.67177293736384,2.0,3.0,4.0,0.25370150061619323,,,1.0464774183034962,,,
3.83,4.0,usv1|usv2|usv3|usv4,xy:held_margin,18.07673128712677,44.67233341549514,2.0,3.0,4.0,0.2539406725501129,,,1.0467172638330655,,,
3.84,4.0,usv1|usv2|usv3|usv4,xy:held_margin,18.07700683585222,44.67297666640736,2.0,3.0,4.0,0.2541716979656625,,,1.046958094125403,,,
3.85,4.0,usv1|usv2|usv3|usv4,xy:held_margin,18.07800828078979,44.675582740289926,2.0,3.0,4.0,0.23464123666093306,,,1.0466569232705167,,,
3.86,4.0,usv1|usv2|usv3|usv4,xy:held_margin,18.07828991573182,44.67629765069963,2.0,3.0,4.0,0.23474718000842548,,,1.0468954776070718,,,
3.87,4.0,usv1|usv2|usv3|usv4,xy:held_margin,18.078570846759032,44.67686129753822,2.0,3.0,4.0,0.23481022408985552,,,1.0471350022515438,,,
3.88,4.0,usv1|usv2|usv3|usv4,xy:held_margin,18.078851941074905,44.677452459804286,2.0,3.0,4.0,0.23488197990905996,,,1.0473754996953395,,,
3.89,4.0,usv1|usv2|usv3|usv4,xy:held_margin,18.07913321832652,44.678076240766636,2.0,3.0,4.0,0.23495832139438175,,,1.0476169710782621,,,
3.9,4.0,usv1|usv2|usv3|usv4,xy:held_margin,18.079350941853377,44.67753354466838,2.0,3.0,4.0,0.24601809373137595,,,1.0473084126058152,,,
3.91,4.0,usv1|usv2|usv3|usv4,xy:held_margin,18.07963170638945,44.678028841703515,2.0,3.0,4.0,0.24617020260716685,,,1.0475475406120562,,,
3.92,4.0,usv1|usv2|usv3|usv4,xy:held_margin,18.079912813968043,44.67859189388703,2.0,3.0,4.0,0.2463240536704855,,,1.0477876303107523,,,
3.93,4.0,usv1|usv2|usv3|usv4,xy:held_margin,18.080193847927024,44.6791328546691,2.0,3.0,4.0,0.24650448522890664,,,1.0480286821128117,,,
3.94,4.0,usv1|usv2|usv3|usv4,xy:held_margin,18.0804753421927,44.67977157266868,2.0,3.0,4.0,0.24663104910359596,,,1.048270697993668,,,
3.95,4.0,usv1|usv2|usv3|usv4,xy:held_margin,18.081171517309052,44.680926647070194,2.0,3.0,4.0,0.243427073452923,,,1.0479644055006714,,,
3.96,4.0,usv1|usv2|usv3|usv4,xy:held_margin,18.08145619782385,44.68151655923344,2.0,3.0,4.0,0.24355358580828876,,,1.0482041090283405,,,
3.97,4.0,usv1|usv2|usv3|usv4,xy:held_margin,18.081740972509795,44.68212300038149,2.0,3.0,4.0,0.24367832502085038,,,1.0484447638785352,,,
3.98,4.0,usv1|usv2|usv3|usv4,xy:held_margin,18.0820260280803,44.682790453645985,2.0,3.0,4.0,0.24375776823297304,,,1.0486863714264403,,,
3.99,4.0,usv1|usv2|usv3|usv4,xy:held_margin,18.082310691934822,44.683359363857406,2.0,3.0,4.0,0.24390078027475828,,,1.048928931626656,,,
4.0,4.0,usv1|usv2|usv3|usv4,xy:held_margin,18.082921511700377,44.68522095026963,2.0,3.0,4.0,0.2277201986886792,,,1.048626574417081,,,
4.01,4.0,usv1|usv2|usv3|usv4,xy:held_margin,18.083208716181616,44.68586007401737,2.0,3.0,4.0,0.22771563900501096,,,1.0488668662928136,,,
4.0200000000000005,4.0,usv1|usv2|usv3|usv4,xy:held_margin,18.083495892766297,44.68648786696142,2.0,3.0,4.0,0.2277107094141495,,,1.0491080997335087,,,
4.03,4.0,usv1|usv2|usv3|usv4,xy:held_margin,18.083782996831577,44.687094089912854,2.0,3.0,4.0,0.227735241834597,,,1.0493502757353224,,,
4.04,4.0,usv1|usv2|usv3|usv4,xy:held_margin,18.084069929006816,44.68765276470811,2.0,3.0,4.0,0.22780970006667814,,,1.0495933951816065,,,
4.05,4.0,usv1|usv2|usv3|usv4,xy:held_margin,18.083968688777738,44.68726313335653,2.0,3.0,4.0,0.2378943867036815,,,1.049286903556045,,,
4.0600000000000005,4.0,usv1|usv2|usv3|usv4,xy:held_margin,18.08425303346003,44.687862813220356,2.0,3.0,4.0,0.23799412613884044,,,1.0495277234066718,,,
4.07,4.0,usv1|usv2|usv3|usv4,xy:held_margin,18.08453726530628,44.68842650077149,2.0,3.0,4.0,0.2381399524382713,,,1.0497694752352038,,,
4.08,4.0,usv1|usv2|usv3|usv4,xy:held_margin,18.0848216794004,44.68903363304422,2.0,3.0,4.0,0.2382335837657408,,,1.050012160611782,,,
4.09,4.0,usv1|usv2|usv3|usv4,xy:held_margin,18.08510643020847,44.689726501777756,2.0,3.0,4.0,0.23821939717704668,,,1.0502557808809703,,,
4.1,4.0,usv1|usv2|usv3|usv4,xy:held_margin,18.085547366338986,44.691046811287684,2.0,3.0,4.0,0.23110434884640138,,,1.04994996491631,,,
4.11,4.0,usv1|usv2|usv3|usv4,xy:held_margin,18.085832880573367,44.69166309821961,2.0,3.0,4.0,0.23114077090950305,,,1.0501912983430735,,,
4.12,4.0,usv1|usv2|usv3|usv4,xy:held_margin,18.086118462317852,44.692292823436354,2.0,3.0,4.0,0.2311641255251149,,,1.0504335549738626,,,
4.13,4.0,usv1|usv2|usv3|usv4,xy:held_margin,18.086404028256148,44.69291308231734,2.0,3.0,4.0,0.23119645672431047,,,1.0506767356830389,,,
4.14,4.0,usv1|usv2|usv3|usv4,xy:held_margin,18.086689950372662,44.693625530327616,2.0,3.0,4.0,0.23114838827069245,,,1.050920842145534,,,
4.15,4.0,usv1|usv2|usv3|usv4,xy:held_margin,18.086958817262005,44.6943963966697,2.0,3.0,4.0,0.22988154945051759,,,1.0506134590162741,,,
4.16,4.0,usv1|usv2|usv3|usv4,xy:held_margin,18.087244115775928,44.694970571727936,2.0,3.0,4.0,0.22993540055951178,,,1.0508552716215276,,,
4.17,4.0,usv1|usv2|usv3|usv4,xy:held_margin,18.087529278382238,44.69549885872528,2.0,3.0,4.0,0.23003662765911195,,,1.0510979981275583,,,
4.18,4.0,usv1|usv2|usv3|usv4,xy:held_margin,18.0878150092237,44.69618441996394,2.0,3.0,4.0,0.2300133625639367,,,1.0513416408295344,,,
4.19,4.0,usv1|usv2|usv3|usv4,xy:held_margin,18.088100417467356,44.696774074938176,2.0,3.0,4.0,0.23006321247361636,,,1.0515861992059685,,,
4.2,4.0,usv1|usv2|usv3|usv4,xy:held_margin,18.088576657799635,44.697910741401834,2.0,3.0,4.0,0.2247859048003633,,,1.0512773879671888,,,
4.21,4.0,usv1|usv2|usv3|usv4,xy:held_margin,18.088863634817205,44.6985743625103,2.0,3.0,4.0,0.22475044858233773,,,1.051519649200194,,,
4.22,4.0,usv1|usv2|usv3|usv4,xy:held_margin,18.089150669372856,44.69925059113931,2.0,3.0,4.0,0.22469779624221237,,,1.051762815996307,,,
4.23,4.0,usv1|usv2|usv3|usv4,xy:held_margin,18.08943737982099,44.6998255087382,2.0,3.0,4.0,0.22473373770447072,,,1.0520068887409681,,,
4.24,4.0,usv1|usv2|usv3|usv4,xy:held_margin,18.089724426421544,44.70049569361818,2.0,3.0,4.0,0.2246844281471102,,,1.052251869645751,,,
4.25,4.0,usv1|usv2|usv3|usv4,xy:held_margin,18.08959043885197,44.70017002257346,2.0,3.0,4.0,0.23529394702711873,,,1.0519415992458514,,,
4.26,4.0,usv1|usv2|usv3|usv4,xy:held_margin,18.089875037723786,44.70093626070283,2.0,3.0,4.0,0.23529684416286037,,,1.0521842779620223,,,
4.2700000000000005,4.0,usv1|usv2|usv3|usv4,xy:held_margin,18.090158944882244,44.701486925234,2.0,3.0,4.0,0.2353785787020674,,,1.0524278524426078,,,
4.28,4.0,usv1|usv2|usv3|usv4,xy:held_margin,18.090442947034,44.70206066896672,2.0,3.0,4.0,0.2354498483013381,,,1.052672325136269,,,
4.29,4.0,usv1|usv2|usv3|usv4,xy:held_margin,18.09072710381095,44.70267719395037,2.0,3.0,4.0,0.23551526241258994,,,1.0529176972057026,,,
4.3,4.0,usv1|usv2|usv3|usv4,xy:held_margin,18.09126906243418,44.70380824517204,2.0,3.0,4.0,0.2307020370339667,,,1.0526059670549324,,,
4.3100000000000005,4.0,usv1|usv2|usv3|usv4,xy:held_margin,18.09155490973802,44.7044011269368,2.0,3.0,4.0,0.23073932069171024,,,1.0528490324447901,,,
4.32,4.0,usv1|usv2|usv3|usv4,xy:held_margin,18.091840842119794,44.70501392742915,2.0,3.0,4.0,0.23077691656937774,,,1.0530929867421313,,,
4.33,4.0,usv1|usv2|usv3|usv4,xy:held_margin,18.092126840772348,44.70564415008751,2.0,3.0,4.0,0.2308041232297224,,,1.0533378309743786,,,
4.34,4.0,usv1|usv2|usv3|usv4,xy:held_margin,18.09241299321875,44.70631983681792,2.0,3.0,4.0,0.2308178811327259,,,1.0535835663521296,,,
4.3500000000000005,4.0,usv1|usv2|usv3|usv4,xy:held_margin,18.092102391049746,44.70507345242664,2.0,3.0,4.0,0.2509988886431599,,,1.053269054170487,,,
4.36,4.0,usv1|usv2|usv3|usv4,xy:held_margin,18.092384477306783,44.705620394586994,2.0,3.0,4.0,0.25119791090007176,,,1.0535124674429013,,,
4.37,4.0,usv1|usv2|usv3|usv4,xy:held_margin,18.09266669849734,44.70620601379734,2.0,3.0,4.0,0.25137365085563923,,,1.0537567616632193,,,
4.38,4.0,usv1|usv2|usv3|usv4,xy:held_margin,18.09294920710681,44.706881131318966,2.0,3.0,4.0,0.251480327371067,,,1.054001938161743,,,
4.39,4.0,usv1|usv2|usv3|usv4,xy:held_margin,18.093231673639036,44.70753892877885,2.0,3.0,4.0,0.2516047895710472,,,1.0542479974003547,,,
4.4,4.0,usv1|usv2|usv3|usv4,xy:held_margin,18.09354556065706,44.7077973458267,2.0,3.0,4.0,0.2611650764049592,,,1.0539314503558603,,,
4.41,4.0,usv1|usv2|usv3|usv4,xy:held_margin,18.09382839873127,44.70844063421691,2.0,3.0,4.0,0.2613568803147667,,,1.0541751809727289,,,
4.42,4.0,usv1|usv2|usv3|usv4,xy:held_margin,18.09411122558268,44.709074172106234,2.0,3.0,4.0,0.26155366518963624,,,1.0544197844060297,,,
4.43,4.0,usv1|usv2|usv3|usv4,xy:held_margin,18.094393694023854,44.70958264880528,2.0,3.0,4.0,0.2618054904288148,,,1.0546652610676672,,,
4.44,4.0,usv1|usv2|usv3|usv4,xy:held_margin,18.094676481966644,44.710194156643446,2.0,3.0,4.0,0.26201132564271046,,,1.0549116133029126,,,
4.45,4.0,usv1|usv2|usv3|usv4,xy:held_margin,18.09440285778247,44.70938020682617,2.0,3.0,4.0,0.27736701458228524,,,1.0545967276372188,,,
4.46,4.0,usv1|usv2|usv3|usv4,xy:held_margin,18.094682163422675,44.70995824922982,2.0,3.0,4.0,0.2776722543815958,,,1.054840770849368,,,
4.47,4.0,usv1|usv2|usv3|usv4,xy:held_margin,18.094961513717337,44.71054731775477,2.0,3.0,4.0,0.277972902298653,,,1.0550856794336219,,,
4.48,4.0,usv1|usv2|usv3|usv4,xy:held_margin,18.095240817381494,44.71111542518715,2.0,3.0,4.0,0.27828706882782944,,,1.0553314542512138,,,
4.49,4.0,usv1|usv2|usv3|usv4,xy:held_margin,18.095520203428656,44.71170700783218,2.0,3.0,4.0,0.2785881997545706,,,1.0555780965826027,,,
4.5,4.0,usv1|usv2|usv3|usv4,xy:held_margin,18.095217178503354,44.71058621188031,2.0,3.0,4.0,0.2991703424605814,,,1.0552607907272211,,,
4.51,4.0,usv1|usv2|usv3|usv4,xy:held_margin,18.095493107025668,44.71116292677317,2.0,3.0,4.0,0.29958694507935635,,,1.055505113872241,,,
4.5200000000000005,4.0,usv1|usv2|usv3|usv4,xy:held_margin,18.095769237519367,44.71180449489634,2.0,3.0,4.0,0.29996308645069597,,,1.0557502952702946,,,
4.53,4.0,usv1|usv2|usv3|usv4,xy:held_margin,18.09604516648652,44.71237259890726,2.0,3.0,4.0,0.3003927678860091,,,1.0559963352182395,,,
4.54,4.0,usv1|usv2|usv3|usv4,xy:held_margin,18.096321339199697,44.71302094355364,2.0,3.0,4.0,0.30076677704981464,,,1.0562432356343077,,,
4.55,4.0,usv1|usv2|usv3|usv4,xy:held_margin,18.096664359601757,44.713390940277186,2.0,3.0,4.0,0.30882093199364635,,,1.0559246674817666,,,
4.5600000000000005,4.0,usv1|usv2|usv3|usv4,xy:held_margin,18.096941087632082,44.71403826397393,2.0,3.0,4.0,0.30664075376602323,,,1.0561692479223719,,,
4.57,4.0,usv1|usv2|usv3|usv4,xy:held_margin,18.097327656269695,44.71485600708936,2.0,3.0,4.0,0.3071136791423208,,,1.0519263479360106,,,
4.58,4.0,usv1|usv2|usv3|usv4,xy:held_margin,18.09760444928116,44.71546340860315,2.0,3.0,4.0,0.3075464754913163,,,1.0521670449105192,,,
4.59,4.0,usv1|usv2|usv3|usv4,xy:held_margin,18.097881248642697,44.716047885019684,2.0,3.0,4.0,0.30799168358409884,,,1.0524086595051974,,,
4.6000000000000005,4.0,usv1|usv2|usv3|usv4,xy:held_margin,18.098495133248495,44.71703075423329,2.0,3.0,4.0,0.31650927576883203,,,1.0521015112893177,,,
4.61,4.0,usv1|usv2|usv3|usv4,xy:held_margin,18.098774804036314,44.71771372281283,2.0,3.0,4.0,0.31694310935488323,,,1.0523409819075673,,,
4.62,4.0,usv1|usv2|usv3|usv4,xy:held_margin,18.09905446855452,44.71835803570478,2.0,3.0,4.0,0.31739448784926794,,,1.0525813602550962,,,
4.63,4.0,usv1|usv2|usv3|usv4,xy:held_margin,18.09933412859094,44.718973791918266,2.0,3.0,4.0,0.31785944411374445,,,1.0528226476246176,,,
4.64,4.0,usv1|usv2|usv3|usv4,xy:held_margin,18.09961376676575,44.719540218509806,2.0,3.0,4.0,0.3183284000387408,,,1.0530648451617168,,,
4.65,4.0,usv1|usv2|usv3|usv4,xy:held_margin,18.0998556526395,44.720490287846765,2.0,3.0,4.0,0.30762851446033346,,,1.0527673196096745,,,
4.66,4.0,usv1|usv2|usv3|usv4,xy:held_margin,18.100134836222423,44.721036126471546,2.0,3.0,4.0,0.3080583547327832,,,1.053007432129696,,,
4.67,4.0,usv1|usv2|usv3|usv4,xy:held_margin,18.100414056572532,44.72161541309691,2.0,3.0,4.0,0.30847600458040103,,,1.0532484454020143,,,
4.68,4.0,usv1|usv2|usv3|usv4,xy:held_margin,18.100693326060586,44.7222429201767,2.0,3.0,4.0,0.30888694109101783,,,1.0534903606578818,,,
4.69,4.0,usv1|usv2|usv3|usv4,xy:held_margin,18.100972582940997,44.72284738584553,2.0,3.0,4.0,0.3092980571464512,,,1.0537331789314475,,,
4.7,4.0,usv1|usv2|usv3|usv4,xy:held_margin,18.101127158485795,44.72398379800044,2.0,3.0,4.0,0.2918693554307214,,,1.0534392429818806,,,
4.71,4.0,usv1|usv2|usv3|usv4,xy:held_margin,18.10140514354118,44.72455813176762,2.0,3.0,4.0,0.2922080442986565,,,1.0536799967963912,,,
4.72,4.0,usv1|usv2|usv3|usv4,xy:held_margin,18.101683177146114,44.72517038654497,2.0,3.0,4.0,0.29254794107258314,,,1.053921644286961,,,
4.73,4.0,usv1|usv2|usv3|usv4,xy:held_margin,18.10196127823492,44.725827332528546,2.0,3.0,4.0,0.29287287952601476,,,1.0541641867290399,,,
4.74,4.0,usv1|usv2|usv3|usv4,xy:held_margin,18.102239318177734,44.72642162163793,2.0,3.0,4.0,0.293215814098712,,,1.0544076250968266,,,
4.75,4.0,usv1|usv2|usv3|usv4,xy:held_margin,18.102355061041084,44.72690245040452,2.0,3.0,4.0,0.29528618691151837,,,1.0541047292212888,,,
4.76,4.0,usv1|usv2|usv3|usv4,xy:held_margin,18.10263193772226,44.72748975863039,2.0,3.0,4.0,0.2956327875466599,,,1.0543460463676866,,,
4.7700000000000005,4.0,usv1|usv2|usv3|usv4,xy:held_margin,18.102908803356257,44.728063279523965,2.0,3.0,4.0,0.2959862923410918,,,1.0545882501941883,,,
4.78,4.0,usv1|usv2|usv3|usv4,xy:held_margin,18.10318571932804,44.72866928269209,2.0,3.0,4.0,0.2963366961737628,,,1.0548313420508804,,,
4.79,4.0,usv1|usv2|usv3|usv4,xy:held_margin,18.10346258365232,44.72923586595651,2.0,3.0,4.0,0.29669087787105813,,,1.0550753228965424,,,
4.8,4.0,usv1|usv2|usv3|usv4,xy:held_margin,18.10426675476102,44.730769077654685,2.0,3.0,4.0,0.29562513596287443,,,1.0547657433365054,,,
4.8100000000000005,4.0,usv1|usv2|usv3|usv4,xy:held_margin,18.10454752980443,44.73139886561355,2.0,3.0,4.0,0.29595097777436,,,1.055007564400564,,,
4.82,4.0,usv1|usv2|usv3|usv4,xy:held_margin,18.104828281548706,44.73200833556759,2.0,3.0,4.0,0.29628020323368953,,,1.0552502652437337,,,
4.83,4.0,usv1|usv2|usv3|usv4,xy:held_margin,18.10510916713356,44.73269644186672,2.0,3.0,4.0,0.29663391240093784,,,1.0554938473726132,,,
4.84,4.0,usv1|usv2|usv3|usv4,xy:held_margin,18.105389903009804,44.73328928320325,2.0,3.0,4.0,0.29695020402009115,,,1.0557383114139007,,,
4.8500000000000005,4.0,usv1|usv2|usv3|usv4,xy:held_margin,18.105480094067932,44.73326297767889,2.0,3.0,4.0,0.306706071548963,,,1.0554302379230425,,,
4.86,4.0,usv1|usv2|usv3|usv4,xy:held_margin,18.105759714770052,44.73389489874465,2.0,3.0,4.0,0.307097608467983,,,1.0556725492399979,,,
4.87,4.0,usv1|usv2|usv3|usv4,xy:held_margin,18.106039294661212,44.734499320006286,2.0,3.0,4.0,0.30747835238588545,,,1.0559157335751022,,,
4.88,4.0,usv1|usv2|usv3|usv4,xy:held_margin,18.10631873425752,44.73502479978262,2.0,3.0,4.0,0.30782477121967844,,,1.056159791921741,,,
4.89,4.0,usv1|usv2|usv3|usv4,xy:held_margin,18.10659839441498,44.73566538137074,2.0,3.0,4.0,0.30821732631522686,,,1.0564047261573903,,,
4.9,4.0,usv1|usv2|usv3|usv4,xy:held_margin,18.106872862454466,44.736592713335114,2.0,3.0,4.0,0.29914752304929965,,,1.056102364866914,,,
4.91,4.0,usv1|usv2|usv3|usv4,xy:held_margin,18.10715228294096,44.73719510275668,2.0,3.0,4.0,0.29948526222079175,,,1.056345180382208,,,
4.92,4.0,usv1|usv2|usv3|usv4,xy:held_margin,18.107431744881058,44.73781500637545,2.0,3.0,4.0,0.29982099784594923,,,1.0565888625416486,,,
4.93,4.0,usv1|usv2|usv3|usv4,xy:held_margin,18.10771134551815,44.738497503680435,2.0,3.0,4.0,0.30019110490688905,,,1.0568334126940342,,,
4.94,4.0,usv1|usv2|usv3|usv4,xy:held_margin,18.107990777034004,44.73909143701587,2.0,3.0,4.0,0.30052481603156184,,,1.057078831375013,,,
4.95,4.0,usv1|usv2|usv3|usv4,xy:held_margin,18.10860159254176,44.7405517843777,2.0,3.0,4.0,0.2926567818263308,,,1.0567718007679112,,,
4.96,4.0,usv1|usv2|usv3|usv4,xy:held_margin,18.108883302873494,44.74120241161135,2.0,3.0,4.0,0.29296719445179953,,,1.0570150748903877,,,
4.97,4.0,usv1|usv2|usv3|usv4,xy:held_margin,18.109164983389583,44.74183201855964,2.0,3.0,4.0,0.2932677885963414,,,1.0572592090743864,,,
4.98,4.0,usv1|usv2|usv3|usv4,xy:held_margin,18.109446756637794,44.74249899620469,2.0,3.0,4.0,0.29358565368473605,,,1.0575042047310892,,,
4.99,4.0,usv1|usv2|usv3|usv4,xy:held_margin,18.109728371564664,44.74309151133347,2.0,3.0,4.0,0.29386381818136265,,,1.0577500625284695,,,
5.0,4.0,usv1|usv2|usv3|usv4,xy:held_margin,18.110448363895916,44.744696579356706,2.0,3.0,4.0,0.28596849809467256,,,1.0574411216141693,,,
5.01,4.0,usv1|usv2|usv3|usv4,xy:held_margin,18.11073279317109,44.7452829291374,2.0,3.0,4.0,0.2861915654317193,,,1.0576848244842068,,,
5.0200000000000005,4.0,usv1|usv2|usv3|usv4,xy:held_margin,18.11101729402423,44.74589575516781,2.0,3.0,4.0,0.2864299313614663,,,1.057929381326206,,,
5.03,4.0,usv1|usv2|usv3|usv4,xy:held_margin,18.111301694612404,44.74646274284247,2.0,3.0,4.0,0.28664724129968555,,,1.058174792966308,,,
5.04,4.0,usv1|usv2|usv3|usv4,xy:held_margin,18.111586371219204,44.747142333844685,2.0,3.0,4.0,0.28691848125358893,,,1.0584210611980074,,,
5.05,4.0,usv1|usv2|usv3|usv4,xy:held_margin,18.111714671948288,44.74738829956938,2.0,3.0,4.0,0.2915187618780161,,,1.0581111632267755,,,
5.0600000000000005,4.0,usv1|usv2|usv3|usv4,xy:held_margin,18.111998253049983,44.74800563804828,2.0,3.0,4.0,0.29178601583061703,,,1.0583552698539198,,,
5.07,4.0,usv1|usv2|usv3|usv4,xy:held_margin,18.11228177292586,44.74859678141111,2.0,3.0,4.0,0.29203816353296735,,,1.0586002239686891,,,
5.08,4.0,usv1|usv2|usv3|usv4,xy:held_margin,18.112565422759094,44.749237629413535,2.0,3.0,4.0,0.2923199193448524,,,1.0588460270820719,,,
5.09,4.0,usv1|usv2|usv3|usv4,xy:held_margin,18.11284912217385,44.749895416384135,2.0,3.0,4.0,0.29261446047513856,,,1.0590926801993368,,,
5.1000000000000005,4.0,usv1|usv2|usv3|usv4,xy:held_margin,18.113445176524355,44.75206213026449,2.0,3.0,4.0,0.2648651067726808,,,1.0587925544463355,,,
5.11,4.0,usv1|usv2|usv3|usv4,xy:held_margin,18.113730276803402,44.75262302951422,2.0,3.0,4.0,0.26495188244148726,,,1.0590371018912357,,,
5.12,4.0,usv1|usv2|usv3|usv4,xy:held_margin,18.114015464179687,44.75321358634727,2.0,3.0,4.0,0.2650610436812058,,,1.059282491098811,,,
5.13,4.0,usv1|usv2|usv3|usv4,xy:held_margin,18.114300992041365,44.75392994984174,2.0,3.0,4.0,0.2652450095467572,,,1.0595287236697508,,,
5.14,4.0,usv1|usv2|usv3|usv4,xy:held_margin,18.11458610799954,44.7544894787255,2.0,3.0,4.0,0.2653316426832321,,,1.0597757993856285,,,
5.15,4.0,usv1|usv2|usv3|usv4,xy:held_margin,18.115770034034213,44.75766470025975,2.0,3.0,4.0,0.2358236405514561,,,1.0594696729598259,,,
5.16,4.0,usv1|usv2|usv3|usv4,xy:held_margin,18.116060568846727,44.75825858340933,2.0,3.0,4.0,0.23576526590157454,,,1.0597146124973316,,,
5.17,4.0,usv1|usv2|usv3|usv4,xy:held_margin,18.116350931610505,44.75878527645119,2.0,3.0,4.0,0.23569302819747534,,,1.0599603874166883,,,
5.18,4.0,usv1|usv2|usv3|usv4,xy:held_margin,18.116641669839066,44.75944819412209,2.0,3.0,4.0,0.23566251570980468,,,1.0602069998829402,,,
5.19,4.0,usv1|usv2|usv3|usv4,xy:held_margin,18.116932300894316,44.760072017304765,2.0,3.0,4.0,0.23562338959455817,,,1.0604544501501827,,,
5.2,4.0,usv1|usv2|usv3|usv4,xy:held_margin,18.116724654582672,44.75969894998899,2.0,3.0,4.0,0.24332983131882457,,,1.0601446001370265,,,
5.21,4.0,usv1|usv2|usv3|usv4,xy:held_margin,18.117012121498206,44.76027598372226,2.0,3.0,4.0,0.24333186559612252,,,1.0603898908006666,,,
5.22,4.0,usv1|usv2|usv3|usv4,xy:held_margin,18.117299905611087,44.76096377017737,2.0,3.0,4.0,0.24335457759169465,,,1.0606360119278588,,,
5.23,4.0,usv1|usv2|usv3|usv4,xy:held_margin,18.11758767584931,44.76164429036108,2.0,3.0,4.0,0.24339159443182512,,,1.0608829640448292,,,
5.24,4.0,usv1|usv2|usv3|usv4,xy:held_margin,18.11787526194628,44.762256707236766,2.0,3.0,4.0,0.24339742420064836,,,1.0611307479577456,,,
5.25,4.0,usv1|usv2|usv3|usv4,xy:held_margin,18.118932110026524,44.76490990702916,2.0,3.0,4.0,0.22244300513646217,,,1.060819556943054,,,
5.26,4.0,usv1|usv2|usv3|usv4,xy:held_margin,18.119224286210457,44.765556981773884,2.0,3.0,4.0,0.22233959810013165,,,1.061065178838259,,,
5.2700000000000005,4.0,usv1|usv2|usv3|usv4,xy:held_margin,18.11951618278851,44.766105173068745,2.0,3.0,4.0,0.22220996278287414,,,1.061311624426171,,,
5.28,4.0,usv1|usv2|usv3|usv4,xy:held_margin,18.119808319690485,44.766734207769666,2.0,3.0,4.0,0.22210324493150052,,,1.0615588958247812,,,
5.29,4.0,usv1|usv2|usv3|usv4,xy:held_margin,18.120100278659415,44.767298543653254,2.0,3.0,4.0,0.22199697669264304,,,1.061806993367177,,,
5.3,4.0,usv1|usv2|usv3|usv4,xy:held_margin,18.120318879094008,44.76826670077379,2.0,3.0,4.0,0.21560493042042272,,,1.061498964365604,,,
5.3100000000000005,4.0,usv1|usv2|usv3|usv4,xy:held_margin,18.120610540657985,44.76892431587847,2.0,3.0,4.0,0.21547061765087466,,,1.0617449158924306,,,
5.32,4.0,usv1|usv2|usv3|usv4,xy:held_margin,18.120902385105605,44.76964286281234,2.0,3.0,4.0,0.21534579714887045,,,1.0619916864962018,,,
5.33,4.0,usv1|usv2|usv3|usv4,xy:held_margin,18.12119394821517,44.770262214892966,2.0,3.0,4.0,0.215206535362005,,,1.0622392764037178,,,
5.34,4.0,usv1|usv2|usv3|usv4,xy:held_margin,18.121485712043395,44.770946873107384,2.0,3.0,4.0,0.21508089495910165,,,1.0624876876361773,,,
5.3500000000000005,4.0,usv1|usv2|usv3|usv4,xy:held_margin,18.122790095424897,44.77431772972723,2.0,3.0,4.0,0.18707653985378145,,,1.0621754328544675,,,
5.36,4.0,usv1|usv2|usv3|usv4,xy:held_margin,18.123087625824013,44.77501136477308,2.0,3.0,4.0,0.18680582859958714,,,1.0624216794317194,,,
5.37,4.0,usv1|usv2|usv3|usv4,xy:held_margin,18.123384891888932,44.77561260558897,2.0,3.0,4.0,0.18648611920870953,,,1.0626687387411615,,,
5.38,4.0,usv1|usv2|usv3|usv4,xy:held_margin,18.123682216502065,44.77622771499338,2.0,3.0,4.0,0.18617936066542476,,,1.0629166124994562,,,
5.39,4.0,usv1|usv2|usv3|usv4,xy:held_margin,18.12397960513061,44.77685875514271,2.0,3.0,4.0,0.18588095945955418,,,1.0631653018338374,,,
5.4,4.0,usv1|usv2|usv3|usv4,xy:held_margin,18.125422168476977,44.780592589378834,2.0,3.0,4.0,0.15273627128592243,,,1.0628537477006366,,,
5.41,4.0,usv1|usv2|usv3|usv4,xy:held_margin,18.125725951030585,44.78122534791095,2.0,3.0,4.0,0.1522605156745493,,,1.0631002775365832,,,
5.42,4.0,usv1|usv2|usv3|usv4,xy:held_margin,18.126029851201682,44.78189303192575,2.0,3.0,4.0,0.1517876890446091,,,1.0633476155417618,,,
5.43,4.0,usv1|usv2|usv3|usv4,xy:held_margin,18.126333908735468,44.78260990682211,2.0,3.0,4.0,0.15131667701328858,,,1.0635957629617967,,,
5.44,4.0,usv1|usv2|usv3|usv4,xy:held_margin,18.126637921899903,44.783310001254236,2.0,3.0,4.0,0.15085898529407155,,,1.0638447205530663,,,
5.45,4.0,usv1|usv2|usv3|usv4,xy:held_margin,18.1260836239333,44.78226843278046,2.0,3.0,4.0,0.1692535128059515,,,1.0635333986343267,,,
5.46,4.0,usv1|usv2|usv3|usv4,xy:held_margin,18.126382668219645,44.782943485446516,2.0,3.0,4.0,0.1894233511768435,,,1.0637801946766408,,,
5.47,4.0,usv1|usv2|usv3|usv4,xy:held_margin,18.12590615997533,44.781967782193725,2.0,3.0,4.0,0.1891162440001542,,,1.0544717455400967,,,
5.48,4.0,usv1|usv2|usv3|usv4,xy:held_margin,18.12620372901964,44.78260742728642,2.0,3.0,4.0,0.18882466883428975,,,1.054715048970911,,,
5.49,4.0,usv1|usv2|usv3|usv4,xy:held_margin,18.126501320378697,44.78327707720052,2.0,3.0,4.0,0.18851402472824164,,,1.0549592152219622,,,
5.5,4.0,usv1|usv2|usv3|usv4,xy:held_margin,18.126735074846305,44.78314076546778,2.0,3.0,4.0,0.19112837243252603,,,1.0546655466696966,,,
5.51,4.0,usv1|usv2|usv3|usv4,xy:held_margin,18.12703258114036,44.78381456859027,2.0,3.0,4.0,0.1908323392004049,,,1.0549077182120992,,,
5.5200000000000005,4.0,usv1|usv2|usv3|usv4,xy:held_margin,18.12733008943286,44.7844860304523,2.0,3.0,4.0,0.19052487571627438,,,1.0551507446066413,,,
5.53,4.0,usv1|usv2|usv3|usv4,xy:held_margin,18.127627606583548,44.78515972338084,2.0,3.0,4.0,0.1902178498460389,,,1.0553946271249512,,,
5.54,4.0,usv1|usv2|usv3|usv4,xy:held_margin,18.12792510752015,44.78581262190109,2.0,3.0,4.0,0.1899227321065123,,,1.0556393671070787,,,
5.55,4.0,usv1|usv2|usv3|usv4,xy:held_margin,18.12848357613075,44.78650875655718,2.0,3.0,4.0,0.18938473142839166,,,1.055344165811431,,,
5.5600000000000005,4.0,usv1|usv2|usv3|usv4,xy:held_margin,18.128783075690077,44.78715652399989,2.0,3.0,4.0,0.1890743629700575,,,1.0555869011190577,,,
5.57,4.0,usv1|usv2|usv3|usv4,xy:held_margin,18.129082562232064,44.78778752818294,2.0,3.0,4.0,0.1887786503329175,,,1.0558304859237808,,,
5.58,4.0,usv1|usv2|usv3|usv4,xy:held_margin,18.12938214960946,44.788493022044825,2.0,3.0,4.0,0.18845882496132746,,,1.0560749213830494,,,
5.59,4.0,usv1|usv2|usv3|usv4,xy:held_margin,18.129681719141683,44.78917560345639,2.0,3.0,4.0,0.18814513460086055,,,1.0563202088933383,,,
5.6000000000000005,4.0,usv1|usv2|usv3|usv4,xy:held_margin,18.129608973823554,44.788567338747946,2.0,3.0,4.0,0.2035929339248133,,,1.0560227989205384,,,
5.61,4.0,usv1|usv2|usv3|usv4,xy:held_margin,18.129906295369192,44.78923832925254,2.0,3.0,4.0,0.20337658075329332,,,1.0562660685302985,,,
5.62,4.0,usv1|usv2|usv3|usv4,xy:held_margin,18.130203604067557,44.78989231656202,2.0,3.0,4.0,0.20316008251554846,,,1.056510182328582,,,
5.63,4.0,usv1|usv2|usv3|usv4,xy:held_margin,18.130500928506784,44.79055203002764,2.0,3.0,4.0,0.20295348898429935,,,1.0567551415628544,,,
5.64,4.0,usv1|usv2|usv3|usv4,xy:held_margin,18.13079817567563,44.79116231642743,2.0,3.0,4.0,0.20273814070353804,,,1.0570009475072344,,,
5.65,4.0,usv1|usv2|usv3|usv4,xy:held_margin,18.131603799916455,44.793396433652674,2.0,3.0,4.0,0.1819242981536178,,,1.056699023634134,,,
5.66,4.0,usv1|usv2|usv3|usv4,xy:held_margin,18.131904368454865,44.79416605618681,2.0,3.0,4.0,0.18156335137927526,,,1.056942800730839,,,
5.67,4.0,usv1|usv2|usv3|usv4,xy:held_margin,18.132204652989984,44.794771664488046,2.0,3.0,4.0,0.1812391097429603,,,1.0571874168416047,,,
5.68,4.0,usv1|usv2|usv3|usv4,xy:held_margin,18.132505134096075,44.79549055513609,2.0,3.0,4.0,0.18089839771890118,,,1.0574328732061673,,,
5.69,4.0,usv1|usv2|usv3|usv4,xy:held_margin,18.13280550911524,44.79614790788658,2.0,3.0,4.0,0.18056199028349548,,,1.0576791710460822,,,
5.7,4.0,usv1|usv2|usv3|usv4,xy:held_margin,18.133048282303893,44.79646697564923,2.0,3.0,4.0,0.18661926222067465,,,1.0573795288761927,,,
5.71,4.0,usv1|usv2|usv3|usv4,xy:held_margin,18.133348345471333,44.79707915694312,2.0,3.0,4.0,0.18633363488359392,,,1.0576237927853862,,,
5.72,4.0,usv1|usv2|usv3|usv4,xy:held_margin,18.133648373444398,44.79767270547309,2.0,3.0,4.0,0.18605108608774792,,,1.0578688904827023,,,
5.73,4.0,usv1|usv2|usv3|usv4,xy:held_margin,18.133948669334213,44.79840480149121,2.0,3.0,4.0,0.18575241526272135,,,1.0581148233295061,,,
5.74,4.0,usv1|usv2|usv3|usv4,xy:held_margin,18.134248844893097,44.79907641762754,2.0,3.0,4.0,0.185457245447599,,,1.0583615924140435,,,
5.75,4.0,usv1|usv2|usv3|usv4,xy:held_margin,18.13467865325782,44.800323327098745,2.0,3.0,4.0,0.17810053306588153,,,1.0580588182224904,,,
5.76,4.0,usv1|usv2|usv3|usv4,xy:held_margin,18.134979745596386,44.801090146555865,2.0,3.0,4.0,0.1778014355001243,,,1.0583035434247,,,
5.7700000000000005,4.0,usv1|usv2|usv3|usv4,xy:held_margin,18.135280604020988,44.80174630808111,2.0,3.0,4.0,0.17746167036716218,,,1.058549097254974,,,
5.78,4.0,usv1|usv2|usv3|usv4,xy:held_margin,18.13558132084084,44.80233676790925,2.0,3.0,4.0,0.17711428635332627,,,1.0587954809694256,,,
5.79,4.0,usv1|usv2|usv3|usv4,xy:held_margin,18.135882309058694,44.80305078078447,2.0,3.0,4.0,0.17679118554269338,,,1.0590426960564014,,,
5.8,4.0,usv1|usv2|usv3|usv4,xy:held_margin,18.135874510679507,44.80320234846385,2.0,3.0,4.0,0.1806122269337946,,,1.0587387495803995,,,
5.8100000000000005,4.0,usv1|usv2|usv3|usv4,xy:held_margin,18.13617342813035,44.80387318575307,2.0,3.0,4.0,0.180301389599887,,,1.0589839117338014,,,
5.82,4.0,usv1|usv2|usv3|usv4,xy:held_margin,18.13647234596955,44.804541248147274,2.0,3.0,4.0,0.179989672886778,,,1.0592298976117838,,,
5.83,4.0,usv1|usv2|usv3|usv4,xy:held_margin,18.136771147479763,44.80515780509193,2.0,3.0,4.0,0.17966913588678496,,,1.0594767083633028,,,
5.84,4.0,usv1|usv2|usv3|usv4,xy:held_margin,18.137070106287705,44.80584542667384,2.0,3.0,4.0,0.17936429570444687,,,1.0597243454271814,,,
5.8500000000000005,4.0,usv1|usv2|usv3|usv4,xy:held_margin,18.136750819814374,44.80457416756249,2.0,3.0,4.0,0.2006926950791348,,,1.059422065600902,,,
5.86,4.0,usv1|usv2|usv3|usv4,xy:held_margin,18.13704613335288,44.80522624177625,2.0,3.0,4.0,0.2005015884108949,,,1.0596676447541287,,,
5.87,4.0,usv1|usv2|usv3|usv4,xy:held_margin,18.13734134258174,44.80583701034009,2.0,3.0,4.0,0.200309861867585,,,1.0599140425724842,,,
5.88,4.0,usv1|usv2|usv3|usv4,xy:held_margin,18.137636521870267,44.80643530465572,2.0,3.0,4.0,0.20011165428375355,,,1.060161260327225,,,
5.89,4.0,usv1|usv2|usv3|usv4,xy:held_margin,18.137931704780982,44.80703323505646,2.0,3.0,4.0,0.1999309014630442,,,1.06040929925313,,,
5.9,4.0,usv1|usv2|usv3|usv4,xy:held_margin,18.13844290674515,44.80774055252037,2.0,3.0,4.0,0.20393384261510294,,,1.0601064301401073,,,
5.91,4.0,usv1|usv2|usv3|usv4,xy:held_margin,18.13873989147053,44.808470526038555,2.0,3.0,4.0,0.2037761806179134,,,1.0603524067166505,,,
5.92,4.0,usv1|usv2|usv3|usv4,xy:held_margin,18.139036444232335,44.809029314127876,2.0,3.0,4.0,0.20362292623863656,,,1.0605991967081851,,,
5.93,4.0,usv1|usv2|usv3|usv4,xy:held_margin,18.139333431179235,44.8097538929256,2.0,3.0,4.0,0.20346280710648254,,,1.0608468021957602,,,
5.94,4.0,usv1|usv2|usv3|usv4,xy:held_margin,18.139630264315922,44.81041718351897,2.0,3.0,4.0,0.20330272947850647,,,1.061095223758525,,,
5.95,4.0,usv1|usv2|usv3|usv4,xy:held_margin,18.14005129836064,44.81180292128627,2.0,3.0,4.0,0.19201012844602414,,,1.0607880259044995,,,
5.96,4.0,usv1|usv2|usv3|usv4,xy:held_margin,18.140348673570436,44.81244335772721,2.0,3.0,4.0,0.19178366695826946,,,1.0610343749647455,,,
5.97,4.0,usv1|usv2|usv3|usv4,xy:held_margin,18.14064628492969,44.81316991095373,2.0,3.0,4.0,0.1915867743852037,,,1.061281533343227,,,
5.98,4.0,usv1|usv2|usv3|usv4,xy:held_margin,18.140943496779286,44.813747335831515,2.0,3.0,4.0,0.19134497351400928,,,1.0615295015397361,,,
5.99,4.0,usv1|usv2|usv3|usv4,xy:held_margin,18.14124068161037,44.81431498280062,2.0,3.0,4.0,0.19113112636859397,,,1.0617782811543706,,,
6.0,4.0,usv1|usv2|usv3|usv4,xy:held_margin,18.141549022045528,44.815112633721235,2.0,3.0,4.0,0.19041270171362956,,,1.061471529275314,,,
6.01,4.0,usv1|usv2|usv3|usv4,xy:held_margin,18.14184650280585,44.815765414691754,2.0,3.0,4.0,0.1901964110545695,,,1.061718231186983,,,
6.0200000000000005,4.0,usv1|usv2|usv3|usv4,xy:held_margin,18.142144266653812,44.816518717533945,2.0,3.0,4.0,0.19000175803286348,,,1.0619657377597411,,,
6.03,4.0,usv1|usv2|usv3|usv4,xy:held_margin,18.14244188877633,44.81722042868013,2.0,3.0,4.0,0.18981051394790951,,,1.0622140496989894,,,
6.04,4.0,usv1|usv2|usv3|usv4,xy:held_margin,18.14273923981697,44.817825213980115,2.0,3.0,4.0,0.18956084846571267,,,1.0624631680363497,,,
6.05,4.0,usv1|usv2|usv3|usv4,xy:held_margin,18.142761305641816,44.817691059161696,2.0,3.0,4.0,0.19732458481810478,,,1.0621556709769195,,,
6.0600000000000005,4.0,usv1|usv2|usv3|usv4,xy:held_margin,18.143057108967202,44.818293075042455,2.0,3.0,4.0,0.19713066721166456,,,1.0624027045758921,,,
6.07,4.0,usv1|usv2|usv3|usv4,xy:held_margin,18.143353062830357,44.81894813604171,2.0,3.0,4.0,0.19695832521980106,,,1.0626505380179347,,,
6.08,4.0,usv1|usv2|usv3|usv4,xy:held_margin,18.14364924882877,44.81968273991192,2.0,3.0,4.0,0.19680059484598192,,,1.0628991726033552,,,
6.09,4.0,usv1|usv2|usv3|usv4,xy:held_margin,18.143945325368325,44.820378411056126,2.0,3.0,4.0,0.19664891324052575,,,1.0631486090972746,,,
6.1000000000000005,4.0,usv1|usv2|usv3|usv4,xy:held_margin,18.14345417160733,44.81846301547844,2.0,3.0,4.0,0.2296962489773668,,,1.0628420634570577,,,
6.11,4.0,usv1|usv2|usv3|usv4,xy:held_margin,18.143746136200885,44.81918489572776,2.0,3.0,4.0,0.22973954740351518,,,1.0630894086589964,,,
6.12,4.0,usv1|usv2|usv3|usv4,xy:held_margin,18.14403798721722,44.81986574618896,2.0,3.0,4.0,0.22975832019438022,,,1.0633375487698826,,,
6.13,4.0,usv1|usv2|usv3|usv4,xy:held_margin,18.14432988600388,44.82055967436823,2.0,3.0,4.0,0.22980076368602764,,,1.063586485176571,,,
6.140000000000001,4.0,usv1|usv2|usv3|usv4,xy:held_margin,18.144621356407654,44.82110497707157,2.0,3.0,4.0,0.2297251289815656,,,1.0638362184379346,,,
6.15,4.0,usv1|usv2|usv3|usv4,xy:held_margin,18.144802967143864,44.820899362970536,2.0,3.0,4.0,0.247136133221487,,,1.0635283952520678,,,
6.16,4.0,usv1|usv2|usv3|usv4,xy:held_margin,18.14509424650713,44.82152131687056,2.0,3.0,4.0,0.24721439710839163,,,1.0637760325482046,,,
6.17,4.0,usv1|usv2|usv3|usv4,xy:held_margin,18.14538566793034,44.82218965886262,2.0,3.0,4.0,0.24731091251671336,,,1.064024460549799,,,
6.18,4.0,usv1|usv2|usv3|usv4,xy:held_margin,18.14567709703186,44.82285774678629,2.0,3.0,4.0,0.24741644391934695,,,1.064273680257388,,,
6.19,4.0,usv1|usv2|usv3|usv4,xy:held_margin,18.145968344225157,44.82346299527523,2.0,3.0,4.0,0.24747828901595867,,,1.0645236925868584,,,
6.2,4.0,usv1|usv2|usv3|usv4,xy:held_margin,18.145488354287412,44.8222389074361,2.0,3.0,4.0,0.2643024704827079,,,1.0642128722240956,,,
6.21,4.0,usv1|usv2|usv3|usv4,xy:held_margin,18.145775500182214,44.82288091811563,2.0,3.0,4.0,0.26446628582526394,,,1.0644607812743918,,,
6.22,4.0,usv1|usv2|usv3|usv4,xy:held_margin,18.146062463761044,44.823462441055995,2.0,3.0,4.0,0.26459974812122217,,,1.0647094761740348,,,
6.23,4.0,usv1|usv2|usv3|usv4,xy:held_margin,18.146349443979076,44.824048839561264,2.0,3.0,4.0,0.2647400271916796,,,1.0649589583730592,,,
6.24,4.0,usv1|usv2|usv3|usv4,xy:held_margin,18.146636433730848,44.824636390102015,2.0,3.0,4.0,0.2648772315219489,,,1.0652092290221096,,,
6.25,4.0,usv1|usv2|usv3|usv4,xy:held_margin,18.146014548946095,44.82312069433002,2.0,3.0,4.0,0.2824802837893909,,,1.0648970796673103,,,
6.26,4.0,usv1|usv2|usv3|usv4,xy:held_margin,18.146296646093774,44.82372540647712,2.0,3.0,4.0,0.28271200194237456,,,1.065145241651882,,,
6.2700000000000005,4.0,usv1|usv2|usv3|usv4,xy:held_margin,18.146578527845303,44.824257525198625,2.0,3.0,4.0,0.28293133426764555,,,1.0653941850881108,,,
6.28,4.0,usv1|usv2|usv3|usv4,xy:held_margin,18.14686082010543,44.82492113437848,2.0,3.0,4.0,0.2831795375171774,,,1.0656439120449241,,,
6.29,4.0,usv1|usv2|usv3|usv4,xy:held_margin,18.147142844056273,44.82549765451743,2.0,3.0,4.0,0.2834129990348077,,,1.065894422748589,,,
6.3,4.0,usv1|usv2|usv3|usv4,xy:held_margin,18.14781211255429,44.82801413044872,2.0,3.0,4.0,0.2542567696402993,,,1.0655791944504176,,,
6.3100000000000005,4.0,usv1|usv2|usv3|usv4,xy:held_margin,18.148096373385947,44.82873527788672,2.0,3.0,4.0,0.2544108950538759,,,1.0658275964089956,,,
6.32,4.0,usv1|usv2|usv3|usv4,xy:held_margin,18.148380547134483,44.82942724618254,2.0,3.0,4.0,0.2545729627636277,,,1.066076775799981,,,
6.33,4.0,usv1|usv2|usv3|usv4,xy:held_margin,18.148664512000945,44.830050620687025,2.0,3.0,4.0,0.2546794149763185,,,1.0663267336312854,,,
6.34,4.0,usv1|usv2|usv3|usv4,xy:held_margin,18.148948545884693,44.83069456242346,2.0,3.0,4.0,0.2548114727082722,,,1.0665774714777103,,,
6.3500000000000005,4.0,usv1|usv2|usv3|usv4,xy:held_margin,18.14946856762205,44.83194559969767,2.0,3.0,4.0,0.24825806665148734,,,1.0662640183369967,,,
6.36,4.0,usv1|usv2|usv3|usv4,xy:held_margin,18.149754104117434,44.83267371577693,2.0,3.0,4.0,0.2539984214992131,,,1.066512641588535,,,
6.37,4.0,usv1|usv2|usv3|usv4,xy:held_margin,18.149803653635708,44.832878655929996,2.0,3.0,4.0,0.25428195383464375,,,1.0630860402152444,,,
6.38,4.0,usv1|usv2|usv3|usv4,xy:held_margin,18.15008841641199,44.833445297745975,2.0,3.0,4.0,0.2542861052774247,,,1.0633307794020195,,,
6.390000000000001,4.0,usv1|usv2|usv3|usv4,xy:held_margin,18.150373129248354,44.83396752231704,2.0,3.0,4.0,0.25425773917473266,,,1.0635763474170612,,,
6.4,4.0,usv1|usv2|usv3|usv4,xy:held_margin,18.15081815766189,44.83539133579482,2.0,3.0,4.0,0.24307743052018554,,,1.063276252213583,,,
6.41,4.0,usv1|usv2|usv3|usv4,xy:held_margin,18.151103730527662,44.835968211107996,2.0,3.0,4.0,0.2430570577601261,,,1.0635198643354244,,,
6.42,4.0,usv1|usv2|usv3|usv4,xy:held_margin,18.15138935145794,44.836601285742695,2.0,3.0,4.0,0.24310348989772937,,,1.0637642986824913,,,
6.43,4.0,usv1|usv2|usv3|usv4,xy:held_margin,18.151674896445485,44.837161357553185,2.0,3.0,4.0,0.24307471805935352,,,1.064009556289701,,,
6.44,4.0,usv1|usv2|usv3|usv4,xy:held_margin,18.151960558560557,44.837827075913026,2.0,3.0,4.0,0.2431481549832276,,,1.0642556389458715,,,
6.45,4.0,usv1|usv2|usv3|usv4,xy:held_margin,18.152068545422082,44.838468587995244,2.0,3.0,4.0,0.242575958955788,,,1.063954605885463,,,
6.46,4.0,usv1|usv2|usv3|usv4,xy:held_margin,18.152352811195662,44.83903990731283,2.0,3.0,4.0,0.24256823266965288,,,1.0641987218821298,,,
6.47,4.0,usv1|usv2|usv3|usv4,xy:held_margin,18.15263712858067,44.83965365874423,2.0,3.0,4.0,0.24261188063229927,,,1.0644436559509438,,,
6.48,4.0,usv1|usv2|usv3|usv4,xy:held_margin,18.152921422647804,44.84024947975416,2.0,3.0,4.0,0.2426302929612857,,,1.064689409275881,,,
6.49,4.0,usv1|usv2|usv3|usv4,xy:held_margin,18.15320579852808,44.84090469181039,2.0,3.0,4.0,0.24270741189443046,,,1.0649359834053709,,,
6.5,4.0,usv1|usv2|usv3|usv4,xy:held_margin,18.153180438915534,44.841042934653316,2.0,3.0,4.0,0.24826901946628477,,,1.0646344724459051,,,
6.51,4.0,usv1|usv2|usv3|usv4,xy:held_margin,18.153462713907633,44.841655048444274,2.0,3.0,4.0,0.2483505629653979,,,1.0648790709720608,,,
6.5200000000000005,4.0,usv1|usv2|usv3|usv4,xy:held_margin,18.153745044678075,44.84230430939684,2.0,3.0,4.0,0.24847195413285653,,,1.065124483460312,,,
6.53,4.0,usv1|usv2|usv3|usv4,xy:held_margin,18.154027272039805,44.84288233363308,2.0,3.0,4.0,0.24854086660669553,,,1.0653707109335684,,,
6.54,4.0,usv1|usv2|usv3|usv4,xy:held_margin,18.154309492946847,44.8434565019079,2.0,3.0,4.0,0.2485994975816869,,,1.0656177548939918,,,
6.55,4.0,usv1|usv2|usv3|usv4,xy:held_margin,18.154161203365994,44.84296738010728,2.0,3.0,4.0,0.26042608862290945,,,1.0653170025866778,,,
6.5600000000000005,4.0,usv1|usv2|usv3|usv4,xy:held_margin,18.154440897797176,44.843579989978544,2.0,3.0,4.0,0.2605813316170109,,,1.0655620634042564,,,
6.57,4.0,usv1|usv2|usv3|usv4,xy:held_margin,18.15472043049737,44.84409666774633,2.0,3.0,4.0,0.2607016702905833,,,1.0658079336759159,,,
6.58,4.0,usv1|usv2|usv3|usv4,xy:held_margin,18.154999968610248,44.844621853879524,2.0,3.0,4.0,0.2608442016519644,,,1.0660546150241872,,,
6.59,4.0,usv1|usv2|usv3|usv4,xy:held_margin,18.155279617625474,44.845212139187545,2.0,3.0,4.0,0.2609967998942891,,,1.0663021089202913,,,
6.6000000000000005,4.0,usv1|usv2|usv3|usv4,xy:held_margin,18.155836321473608,44.84654939749885,2.0,3.0,4.0,0.2537252563955981,,,1.0660001903416771,,,
6.61,4.0,usv1|usv2|usv3|usv4,xy:held_margin,18.15611754901229,44.84709748311166,2.0,3.0,4.0,0.2538445520570257,,,1.0662456939818887,,,
6.62,4.0,usv1|usv2|usv3|usv4,xy:held_margin,18.15639892233639,44.84772267439355,2.0,3.0,4.0,0.2539579757711641,,,1.0664920035312966,,,
6.63,4.0,usv1|usv2|usv3|usv4,xy:held_margin,18.156680276236596,44.848339147279376,2.0,3.0,4.0,0.2540835798866981,,,1.0667391200043463,,,
6.640000000000001,4.0,usv1|usv2|usv3|usv4,xy:held_margin,18.156961733403833,44.849008692380984,2.0,3.0,4.0,0.25421297425811473,,,1.0669870448991134,,,
6.65,4.0,usv1|usv2|usv3|usv4,xy:held_margin,18.157458818484958,44.85038506530566,2.0,3.0,4.0,0.2473309309184668,,,1.0666831507168737,,,
6.66,4.0,usv1|usv2|usv3|usv4,xy:held_margin,18.15774100401673,44.850836162535494,2.0,3.0,4.0,0.24745521358881045,,,1.0669290755404193,,,
6.67,4.0,usv1|usv2|usv3|usv4,xy:held_margin,18.158023573891384,44.85147498881686,2.0,3.0,4.0,0.24754508232767997,,,1.0671758026069535,,,
6.68,4.0,usv1|usv2|usv3|usv4,xy:held_margin,18.1583060964923,44.852088810412326,2.0,3.0,4.0,0.24763064000544058,,,1.0674233325108942,,,
6.69,4.0,usv1|usv2|usv3|usv4,xy:held_margin,18.158588661860257,44.85271818615322,2.0,3.0,4.0,0.2477235383782279,,,1.0676716666535735,,,
6.7,4.0,usv1|usv2|usv3|usv4,xy:held_margin,18.15900526701004,44.854367516667054,2.0,3.0,4.0,0.24455315061821645,,,1.067365169447156,,,
6.71,4.0,usv1|usv2|usv3|usv4,xy:held_margin,18.159288381538595,44.854998046420434,2.0,3.0,4.0,0.2446536696103007,,,1.0676114945628785,,,
6.72,4.0,usv1|usv2|usv3|usv4,xy:held_margin,18.15957163028781,44.85568749171532,2.0,3.0,4.0,0.24474567400632033,,,1.067858617543106,,,
6.73,4.0,usv1|usv2|usv3|usv4,xy:held_margin,18.159854999313627,44.856425358087336,2.0,3.0,4.0,0.24483826759275082,,,1.0681065396264446,,,
6.74,4.0,usv1|usv2|usv3|usv4,xy:held_margin,18.160138039082756,44.85701648728844,2.0,3.0,4.0,0.24493552616649564,,,1.0683552614091552,,,
6.75,4.0,usv1|usv2|usv3|usv4,xy:held_margin,18.160275063360192,44.85736654563751,2.0,3.0,4.0,0.24906469032476017,,,1.0680504354997042,,,
6.76,4.0,usv1|usv2|usv3|usv4,xy:held_margin,18.16055732219416,44.85798592338913,2.0,3.0,4.0,0.24917637794439693,,,1.0682971417219986,,,
6.7700000000000005,4.0,usv1|usv2|usv3|usv4,xy:held_margin,18.16083958693259,44.85860506058859,2.0,3.0,4.0,0.24930196475222155,,,1.0685446416041604,,,
6.78,4.0,usv1|usv2|usv3|usv4,xy:held_margin,18.161121871616288,44.85923367997847,2.0,3.0,4.0,0.2494295232063252,,,1.0687929364566882,,,
6.79,4.0,usv1|usv2|usv3|usv4,xy:held_margin,18.16140428707617,44.85991908795318,2.0,3.0,4.0,0.24955812958766269,,,1.0690420277006059,,,
6.8,4.0,usv1|usv2|usv3|usv4,xy:held_margin,18.161492065211107,44.8602311821525,2.0,3.0,4.0,0.2557369345151839,,,1.068735723135148,,,
6.8100000000000005,4.0,usv1|usv2|usv3|usv4,xy:held_margin,18.161773263663495,44.86089634345781,2.0,3.0,4.0,0.25592138611003673,,,1.0689827904991713,,,
6.82,4.0,usv1|usv2|usv3|usv4,xy:held_margin,18.16205428456123,44.861490085644135,2.0,3.0,4.0,0.25606456955479484,,,1.0692306473435376,,,
6.83,4.0,usv1|usv2|usv3|usv4,xy:held_margin,18.16233526690106,44.862067168066126,2.0,3.0,4.0,0.256218859104827,,,1.0694792951379164,,,
6.84,4.0,usv1|usv2|usv3|usv4,xy:held_margin,18.162616293698647,44.86265939464055,2.0,3.0,4.0,0.2563802956485225,,,1.0697287352438791,,,
6.8500000000000005,4.0,usv1|usv2|usv3|usv4,xy:held_margin,18.162877983204204,44.86356537065077,2.0,3.0,4.0,0.2602653845413392,,,1.069420662669427,,,
6.86,4.0,usv1|usv2|usv3|usv4,xy:held_margin,18.163158852116815,44.86418728297012,2.0,3.0,4.0,0.26046790490954513,,,1.0696680715554507,,,
6.87,4.0,usv1|usv2|usv3|usv4,xy:held_margin,18.16343978812531,44.86483222584774,2.0,3.0,4.0,0.2606740898676049,,,1.0699162663894195,,,
6.88,4.0,usv1|usv2|usv3|usv4,xy:held_margin,18.163720857763806,44.86552512049341,2.0,3.0,4.0,0.26088009234552556,,,1.0701652485283017,,,
6.890000000000001,4.0,usv1|usv2|usv3|usv4,xy:held_margin,18.164001780814772,44.86616149650803,2.0,3.0,4.0,0.261087798387848,,,1.0704150188327886,,,
6.9,4.0,usv1|usv2|usv3|usv4,xy:held_margin,18.16366781142272,44.86536261173991,2.0,3.0,4.0,0.2778466182626034,,,1.070107198851785,,,
6.91,4.0,usv1|usv2|usv3|usv4,xy:held_margin,18.16394511141765,44.86593050817388,2.0,3.0,4.0,0.2781106319034236,,,1.0703549298489718,,,
6.92,4.0,usv1|usv2|usv3|usv4,xy:held_margin,18.164222448345782,44.86651296451116,2.0,3.0,4.0,0.27839748169951706,,,1.0706034429075997,,,
6.93,4.0,usv1|usv2|usv3|usv4,xy:held_margin,18.164499835908718,44.867116083407176,2.0,3.0,4.0,0.2786915427045948,,,1.070852739285709,,,
6.94,4.0,usv1|usv2|usv3|usv4,xy:held_margin,18.164777302433375,44.86774948844272,2.0,3.0,4.0,0.27897962199877524,,,1.071102820248506,,,
6.95,4.0,usv1|usv2|usv3|usv4,xy:held_margin,18.1655092749688,44.86980432371458,2.0,3.0,4.0,0.27233740198636724,,,1.07079305498699,,,
6.96,4.0,usv1|usv2|usv3|usv4,xy:held_margin,18.165789017461513,44.87040037596233,2.0,3.0,4.0,0.2726041656129874,,,1.0710410919021571,,,
6.97,4.0,usv1|usv2|usv3|usv4,xy:held_margin,18.166068694484622,44.87097285282424,2.0,3.0,4.0,0.27285568156762785,,,1.0712899069457045,,,
6.98,4.0,usv1|usv2|usv3|usv4,xy:held_margin,18.166348513718983,44.87159547682361,2.0,3.0,4.0,0.2731277401119811,,,1.0715395016181815,,,
6.99,4.0,usv1|usv2|usv3|usv4,xy:held_margin,18.16662837137426,44.87223195440679,2.0,3.0,4.0,0.27340134459579096,,,1.071789877001566,,,
7.0,4.0,usv1|usv2|usv3|usv4,xy:held_margin,18.16618558415599,44.87099902705077,2.0,3.0,4.0,0.2907501478612819,,,1.071480790062441,,,
7.01,4.0,usv1|usv2|usv3|usv4,xy:held_margin,18.166461471003636,44.871608124409946,2.0,3.0,4.0,0.29111107194172436,,,1.071729112972675,,,
7.0200000000000005,4.0,usv1|usv2|usv3|usv4,xy:held_margin,18.166737199360057,44.87216305715946,2.0,3.0,4.0,0.2914678853976028,,,1.0719782100979205,,,
7.03,4.0,usv1|usv2|usv3|usv4,xy:held_margin,18.167013068198557,44.87276654916649,2.0,3.0,4.0,0.29181482705569495,,,1.072228083072661,,,
7.04,4.0,usv1|usv2|usv3|usv4,xy:held_margin,18.1672891011063,44.87342442179753,2.0,3.0,4.0,0.29217973496559413,,,1.0724787331430345,,,
7.05,4.0,usv1|usv2|usv3|usv4,xy:held_margin,18.167823024067694,44.87433427363021,2.0,3.0,4.0,0.2825024751737819,,,1.0721696619876542,,,
7.0600000000000005,4.0,usv1|usv2|usv3|usv4,xy:held_margin,18.168100511009825,44.87498224786941,2.0,3.0,4.0,0.2828041959416367,,,1.0724182560416575,,,
7.07,4.0,usv1|usv2|usv3|usv4,xy:held_margin,18.16837811505405,44.875670681772625,2.0,3.0,4.0,0.2830989254130091,,,1.072667620960204,,,
7.08,4.0,usv1|usv2|usv3|usv4,xy:held_margin,18.16865530406332,44.876218569421475,2.0,3.0,4.0,0.28339498169871685,,,1.0729177572408937,,,
7.09,4.0,usv1|usv2|usv3|usv4,xy:held_margin,18.1689326873237,44.87682897539473,2.0,3.0,4.0,0.2836975116936974,,,1.0731686669313079,,,
7.1000000000000005,4.0,usv1|usv2|usv3|usv4,xy:held_margin,18.169278611300985,44.876847968959915,2.0,3.0,4.0,0.2759259383555636,,,1.0728604016969843,,,
7.11,4.0,usv1|usv2|usv3|usv4,xy:held_margin,18.169556877125164,44.87755007487922,2.0,3.0,4.0,0.27617132291232854,,,1.0731092490563963,,,
7.12,4.0,usv1|usv2|usv3|usv4,xy:held_margin,18.16983498525968,44.87819827198992,2.0,3.0,4.0,0.2764169455037,,,1.0733588631647115,,,
7.13,4.0,usv1|usv2|usv3|usv4,xy:held_margin,18.17011277307317,44.878738962530214,2.0,3.0,4.0,0.2766301709249332,,,1.0736092450249897,,,
7.140000000000001,4.0,usv1|usv2|usv3|usv4,xy:held_margin,18.170390536937475,44.87927222752337,2.0,3.0,4.0,0.2768682042540091,,,1.0738603962632849,,,
7.15,4.0,usv1|usv2|usv3|usv4,xy:held_margin,18.170261381046725,44.87823711532085,2.0,3.0,4.0,0.2868543868770442,,,1.0735504599679695,,,
7.16,4.0,usv1|usv2|usv3|usv4,xy:held_margin,18.170537478917673,44.87886160518991,2.0,3.0,4.0,0.2871127225629565,,,1.0737995404265734,,,
7.17,4.0,usv1|usv2|usv3|usv4,xy:held_margin,18.17081357265576,44.879485138183796,2.0,3.0,4.0,0.2873847844758593,,,1.0740493841943617,,,
7.18,4.0,usv1|usv2|usv3|usv4,xy:held_margin,18.17108942173409,44.88002985696847,2.0,3.0,4.0,0.28766084326742697,,,1.074299992158301,,,
7.19,4.0,usv1|usv2|usv3|usv4,xy:held_margin,18.171365501515396,44.880650220079055,2.0,3.0,4.0,0.28793199254817115,,,1.0745513661719432,,,
7.2,4.0,usv1|usv2|usv3|usv4,xy:held_margin,18.17223989749951,44.88287005140981,2.0,3.0,4.0,0.2723799354106182,,,1.074238466739061,,,
7.21,4.0,usv1|usv2|usv3|usv4,xy:held_margin,18.17251908430057,44.8834883294202,2.0,3.0,4.0,0.27257058509674226,,,1.0744877667270023,,,
7.22,4.0,usv1|usv2|usv3|usv4,xy:held_margin,18.172798625675767,44.884219203200715,2.0,3.0,4.0,0.27279072941893756,,,1.0747378269513668,,,
7.23,4.0,usv1|usv2|usv3|usv4,xy:held_margin,18.173077774306144,44.88482139356486,2.0,3.0,4.0,0.2729632917263019,,,1.0749886475926815,,,
7.24,4.0,usv1|usv2|usv3|usv4,xy:held_margin,18.17335679643321,44.885381442413326,2.0,3.0,4.0,0.27313711262709367,,,1.075240230231894,,,
7.25,4.0,usv1|usv2|usv3|usv4,xy:held_margin,18.173822525322493,44.88555480786444,2.0,3.0,4.0,0.2735955490186458,,,1.0749290878326454,,,
7.26,4.0,usv1|usv2|usv3|usv4,xy:held_margin,18.1741031006295,44.88622081635399,2.0,3.0,4.0,0.2689002313009111,,,1.0751785880630198,,,
7.2700000000000005,4.0,usv1|usv2|usv3|usv4,xy:held_margin,18.17455288103982,44.88731712291278,2.0,3.0,4.0,0.26906492010981026,,,1.068944232081702,,,
7.28,4.0,usv1|usv2|usv3|usv4,xy:held_margin,18.17483357684988,44.88792866553754,2.0,3.0,4.0,0.2692255298943013,,,1.0691881757017847,,,
7.29,4.0,usv1|usv2|usv3|usv4,xy:held_margin,18.175114256976304,44.88853652367287,2.0,3.0,4.0,0.26937377985957983,,,1.069432926901809,,,
7.3,4.0,usv1|usv2|usv3|usv4,xy:held_margin,18.17566001913192,44.89025830782723,2.0,3.0,4.0,0.2586764351302793,,,1.0691407566482942,,,
7.3100000000000005,4.0,usv1|usv2|usv3|usv4,xy:held_margin,18.17594213377715,44.890867010514874,2.0,3.0,4.0,0.25878661878358394,,,1.0693836194923245,,,
7.32,4.0,usv1|usv2|usv3|usv4,xy:held_margin,18.17622449830526,44.89152465202775,2.0,3.0,4.0,0.2589021154893748,,,1.069627284354115,,,
7.33,4.0,usv1|usv2|usv3|usv4,xy:held_margin,18.176506069151284,44.89202440662822,2.0,3.0,4.0,0.2589972535853129,,,1.0698717505238828,,,
7.34,4.0,usv1|usv2|usv3|usv4,xy:held_margin,18.17678815640074,44.89262521944096,2.0,3.0,4.0,0.2591105359924027,,,1.070117022043602,,,
7.3500000000000005,4.0,usv1|usv2|usv3|usv4,xy:held_margin,18.17658872986752,44.89230154586364,2.0,3.0,4.0,0.27108929248470126,,,1.0698208668325246,,,
7.36,4.0,usv1|usv2|usv3|usv4,xy:held_margin,18.176867681940326,44.892872627777265,2.0,3.0,4.0,0.2712725134022304,,,1.0700642202249957,,,
7.37,4.0,usv1|usv2|usv3|usv4,xy:held_margin,18.177146553415195,44.893426236534765,2.0,3.0,4.0,0.27147679433381455,,,1.0703083716162805,,,
7.38,4.0,usv1|usv2|usv3|usv4,xy:held_margin,18.177425777509534,44.894053585459474,2.0,3.0,4.0,0.2716640968249952,,,1.0705533232679054,,,
7.390000000000001,4.0,usv1|usv2|usv3|usv4,xy:held_margin,18.17770509623634,44.8947023691668,2.0,3.0,4.0,0.271847659777371,,,1.0707990760355026,,,
7.4,4.0,usv1|usv2|usv3|usv4,xy:held_margin,18.177901284449135,44.89505897346751,2.0,3.0,4.0,0.27439182028432146,,,1.070499503314928,,,
7.41,4.0,usv1|usv2|usv3|usv4,xy:held_margin,18.178180582904314,44.895806453300345,2.0,3.0,4.0,0.2745942091991849,,,1.070743315290496,,,
7.42,4.0,usv1|usv2|usv3|usv4,xy:held_margin,18.178459748991067,44.896527217302584,2.0,3.0,4.0,0.2748232049512414,,,1.0709879218251417,,,
7.43,4.0,usv1|usv2|usv3|usv4,xy:held_margin,18.178738569812335,44.897172971942226,2.0,3.0,4.0,0.2750269205532902,,,1.0712333238489067,,,
7.44,4.0,usv1|usv2|usv3|usv4,xy:held_margin,18.179017457568634,44.89783289913632,2.0,3.0,4.0,0.27525248069600455,,,1.0714795235615373,,,
7.45,4.0,usv1|usv2|usv3|usv4,xy:held_margin,18.180202007658373,44.90052173011834,2.0,3.0,4.0,0.2519793755449583,,,1.0711791927655707,,,
7.46,4.0,usv1|usv2|usv3|usv4,xy:held_margin,18.18048617772187,44.901155281898156,2.0,3.0,4.0,0.2520303159555783,,,1.071423443744507,,,
7.47,4.0,usv1|usv2|usv3|usv4,xy:held_margin,18.180769983259303,44.90170527649734,2.0,3.0,4.0,0.2520626548489688,,,1.0716684854985752,,,
7.48,4.0,usv1|usv2|usv3|usv4,xy:held_margin,18.181054203353067,44.902348960196726,2.0,3.0,4.0,0.25212805932685095,,,1.0719143208874322,,,
7.49,4.0,usv1|usv2|usv3|usv4,xy:held_margin,18.181338490056653,44.90300812330479,2.0,3.0,4.0,0.2522001546459581,,,1.0721609505798964,,,
7.5,4.0,usv1|usv2|usv3|usv4,xy:held_margin,18.182019124527944,44.90537912915989,2.0,3.0,4.0,0.24148972358872062,,,1.0718670843863511,,,
7.51,4.0,usv1|usv2|usv3|usv4,xy:held_margin,18.182305004934133,44.90592953339746,2.0,3.0,4.0,0.2414682166014365,,,1.072111797301162,,,
7.5200000000000005,4.0,usv1|usv2|usv3|usv4,xy:held_margin,18.182591342534387,44.90658757269331,2.0,3.0,4.0,0.24149573129898405,,,1.0723572992405597,,,
7.53,4.0,usv1|usv2|usv3|usv4,xy:held_margin,18.18287765180399,44.907239157027455,2.0,3.0,4.0,0.24150799133015594,,,1.0726035906359361,,,
7.54,4.0,usv1|usv2|usv3|usv4,xy:held_margin,18.183163970423404,44.90789240351286,2.0,3.0,4.0,0.24153570089007817,,,1.0728506728894294,,,
7.55,4.0,usv1|usv2|usv3|usv4,xy:held_margin,18.183691788008097,44.90937515546306,2.0,3.0,4.0,0.23637187256697242,,,1.0725512828689348,,,
7.5600000000000005,4.0,usv1|usv2|usv3|usv4,xy:held_margin,18.183979262458784,44.90999082636958,2.0,3.0,4.0,0.2363546421424341,,,1.0727964134474917,,,
7.57,4.0,usv1|usv2|usv3|usv4,xy:held_margin,18.184267027270263,44.9106795659505,2.0,3.0,4.0,0.23636768275678738,,,1.0730423293700446,,,
7.58,4.0,usv1|usv2|usv3|usv4,xy:held_margin,18.184554320198025,44.91125155362721,2.0,3.0,4.0,0.2363243682730784,,,1.0732890306203042,,,
7.59,4.0,usv1|usv2|usv3|usv4,xy:held_margin,18.1848415384135,44.911802900529004,2.0,3.0,4.0,0.23628328092170903,,,1.073536519242006,,,
7.6000000000000005,4.0,usv1|usv2|usv3|usv4,xy:held_margin,18.18512793309914,44.91199125347355,2.0,3.0,4.0,0.23457625938317261,,,1.0732303280402389,,,
7.61,4.0,usv1|usv2|usv3|usv4,xy:held_margin,18.185415795896954,44.91267404886157,2.0,3.0,4.0,0.23456154600676107,,,1.0734758245428506,,,
7.62,4.0,usv1|usv2|usv3|usv4,xy:held_margin,18.1857038799301,44.913415497071114,2.0,3.0,4.0,0.2345792438318342,,,1.0737221029148594,,,
7.63,4.0,usv1|usv2|usv3|usv4,xy:held_margin,18.18599145591767,44.914026298144385,2.0,3.0,4.0,0.23454163646080164,,,1.073969163153683,,,
7.640000000000001,4.0,usv1|usv2|usv3|usv4,xy:held_margin,18.18627896118669,44.914617471855095,2.0,3.0,4.0,0.2344841976272521,,,1.074217007379668,,,
7.65,4.0,usv1|usv2|usv3|usv4,xy:held_margin,18.186337065540936,44.91514393298688,2.0,3.0,4.0,0.24255985851113593,,,1.0739173891109652,,,
7.66,4.0,usv1|usv2|usv3|usv4,xy:held_margin,18.1866230423144,44.91570760653245,2.0,3.0,4.0,0.24256741489571243,,,1.074163273144791,,,
7.67,4.0,usv1|usv2|usv3|usv4,xy:held_margin,18.186909193489136,44.91631688833087,2.0,3.0,4.0,0.24258020911370035,,,1.0744099356418615,,,
7.68,4.0,usv1|usv2|usv3|usv4,xy:held_margin,18.187195625722158,44.91700317978759,2.0,3.0,4.0,0.242629418684419,,,1.0746573780966124,,,
7.69,4.0,usv1|usv2|usv3|usv4,xy:held_margin,18.187481683597074,44.91758664766444,2.0,3.0,4.0,0.24264807866169968,,,1.0749056006854367,,,
7.7,4.0,usv1|usv2|usv3|usv4,xy:held_margin,18.187846168203986,44.918961821147406,2.0,3.0,4.0,0.24664473157266972,,,1.074606561465233,,,
7.71,4.0,usv1|usv2|usv3|usv4,xy:held_margin,18.1881327424586,44.91961165705421,2.0,3.0,4.0,0.24670592953897102,,,1.0748528247367193,,,
7.72,4.0,usv1|usv2|usv3|usv4,xy:held_margin,18.188419464119498,44.920301505269066,2.0,3.0,4.0,0.24679513639922598,,,1.0750998631535271,,,
7.73,4.0,usv1|usv2|usv3|usv4,xy:held_margin,18.18870593982949,44.92092038103722,2.0,3.0,4.0,0.2468624654850239,,,1.0753476773476134,,,
7.74,4.0,usv1|usv2|usv3|usv4,xy:held_margin,18.188992443494822,44.92154748536698,2.0,3.0,4.0,0.24691847825575577,,,1.075596269118074,,,
7.75,4.0,usv1|usv2|usv3|usv4,xy:held_margin,18.189796091005597,44.92417053574691,2.0,3.0,4.0,0.24794370217167197,,,1.0752982884039552,,,
7.76,4.0,usv1|usv2|usv3|usv4,xy:held_margin,18.190085051935025,44.92475052751503,2.0,3.0,4.0,0.24804268296764143,,,1.0755449230868956,,,
7.7700000000000005,4.0,usv1|usv2|usv3|usv4,xy:held_margin,18.19037425025957,44.92539714422292,2.0,3.0,4.0,0.24815093419566375,,,1.0757923298132965,,,
7.78,4.0,usv1|usv2|usv3|usv4,xy:held_margin,18.1906633227536,44.92600518765459,2.0,3.0,4.0,0.2482433115407896,,,1.0760405092609078,,,
7.79,4.0,usv1|usv2|usv3|usv4,xy:held_margin,18.190952768438112,44.92672441382811,2.0,3.0,4.0,0.24835777833056863,,,1.076289463580316,,,
7.8,4.0,usv1|usv2|usv3|usv4,xy:held_margin,18.191404560373936,44.92887647021976,2.0,3.0,4.0,0.27528276244869104,,,1.075993408392241,,,
7.8100000000000005,4.0,usv1|usv2|usv3|usv4,xy:held_margin,18.19169420306742,44.929488918037904,2.0,3.0,4.0,0.2755603635957366,,,1.0762404118835995,,,
7.82,4.0,usv1|usv2|usv3|usv4,xy:held_margin,18.191983945785985,44.93013061418367,2.0,3.0,4.0,0.2758276010972612,,,1.0764881840048872,,,
7.83,4.0,usv1|usv2|usv3|usv4,xy:held_margin,18.192273490992896,44.930710735921494,2.0,3.0,4.0,0.2761117012912847,,,1.0767367255453717,,,
7.84,4.0,usv1|usv2|usv3|usv4,xy:held_margin,18.192562768331772,44.93120595153819,2.0,3.0,4.0,0.27643087463292304,,,1.0769860376710056,,,
7.8500000000000005,4.0,usv1|usv2|usv3|usv4,xy:held_margin,18.192875796552606,44.93207902186367,2.0,3.0,4.0,0.27997037785348416,,,1.0766798678239686,,,
7.86,4.0,usv1|usv2|usv3|usv4,xy:held_margin,18.19316554288515,44.93269132849138,2.0,3.0,4.0,0.2802880137874572,,,1.0769271740378983,,,
7.87,4.0,usv1|usv2|usv3|usv4,xy:held_margin,18.19345568501507,44.93342802501614,2.0,3.0,4.0,0.28057292109285176,,,1.077175246146246,,,
7.88,4.0,usv1|usv2|usv3|usv4,xy:held_margin,18.193745576481952,44.93408680688857,2.0,3.0,4.0,0.2808798134568044,,,1.077424084354975,,,
7.890000000000001,4.0,usv1|usv2|usv3|usv4,xy:held_margin,18.194035485685195,44.93475080808062,2.0,3.0,4.0,0.2811721486134738,,,1.0776736903892208,,,
7.9,4.0,usv1|usv2|usv3|usv4,xy:held_margin,18.195084569185433,44.93696705104557,2.0,3.0,4.0,0.2570674619067393,,,1.0773635677566102,,,
7.91,4.0,usv1|usv2|usv3|usv4,xy:held_margin,18.195378698903408,44.93765296044214,2.0,3.0,4.0,0.2572647610093356,,,1.0776111454222415,,,
7.92,4.0,usv1|usv2|usv3|usv4,xy:held_margin,18.195672669160178,44.93828782144885,2.0,3.0,4.0,0.25747535080771394,,,1.0778594848263499,,,
7.930000000000001,4.0,usv1|usv2|usv3|usv4,xy:held_margin,18.195966381261595,44.9388381181382,2.0,3.0,4.0,0.2577073908933951,,,1.078108587063429,,,
7.94,4.0,usv1|usv2|usv3|usv4,xy:held_margin,18.196260274738492,44.93944736051987,2.0,3.0,4.0,0.25794209703387183,,,1.0783584541535345,,,
7.95,4.0,usv1|usv2|usv3|usv4,xy:held_margin,18.19718305373859,44.94161059173442,2.0,3.0,4.0,0.24326805002434082,,,1.0780491164415191,,,
7.96,4.0,usv1|usv2|usv3|usv4,xy:held_margin,18.19748057167704,44.94230962603872,2.0,3.0,4.0,0.2433902895707763,,,1.0782969574141479,,,
7.97,4.0,usv1|usv2|usv3|usv4,xy:held_margin,18.197777880829516,44.942939749847916,2.0,3.0,4.0,0.24356920156624204,,,1.0785455568675024,,,
7.98,4.0,usv1|usv2|usv3|usv4,xy:held_margin,18.198075250941915,44.943591350052834,2.0,3.0,4.0,0.24373812196441616,,,1.078794916517501,,,
7.99,4.0,usv1|usv2|usv3|usv4,xy:held_margin,18.198372804456223,44.94430336995911,2.0,3.0,4.0,0.24387080216306764,,,1.0790450378072702,,,
8.0,4.0,usv1|usv2|usv3|usv4,xy:held_margin,18.198657461911885,44.94510741273796,2.0,3.0,4.0,0.2516969531821795,,,1.078736886604045,,,
8.01,4.0,usv1|usv2|usv3|usv4,xy:held_margin,18.19895490000142,44.94581939846981,2.0,3.0,4.0,0.2518779050903532,,,1.0789849846545558,,,
8.02,4.0,usv1|usv2|usv3|usv4,xy:held_margin,18.199251932175958,44.94639232208524,2.0,3.0,4.0,0.2521454822793009,,,1.0792338377064394,,,
8.03,4.0,usv1|usv2|usv3|usv4,xy:held_margin,18.1995491194047,44.94701644506498,2.0,3.0,4.0,0.25238896750118045,,,1.0794834479634137,,,
8.040000000000001,4.0,usv1|usv2|usv3|usv4,xy:held_margin,18.19984653061084,44.94771590570761,2.0,3.0,4.0,0.25256002516653053,,,1.079733816769574,,,
8.05,4.0,usv1|usv2|usv3|usv4,xy:held_margin,18.20090050812715,44.9506432801226,2.0,3.0,4.0,0.25198288435573385,,,1.0794263378913738,,,
8.06,4.0,usv1|usv2|usv3|usv4,xy:held_margin,18.201201890751584,44.951388724765,2.0,3.0,4.0,0.2521987441044143,,,1.0796746858810102,,,
8.07,4.0,usv1|usv2|usv3|usv4,xy:held_margin,18.201503093482074,44.95207374068656,2.0,3.0,4.0,0.2524364908804967,,,1.079923786156365,,,
8.08,4.0,usv1|usv2|usv3|usv4,xy:held_margin,18.20180443646601,44.95280432126311,2.0,3.0,4.0,0.25267180355505364,,,1.0801736404749693,,,
8.09,4.0,usv1|usv2|usv3|usv4,xy:held_margin,18.20210585533201,44.95355950867847,2.0,3.0,4.0,0.25290924056074077,,,1.0804242499695442,,,
8.1,4.0,usv1|usv2|usv3|usv4,xy:held_margin,18.202013003266487,44.95321491875111,2.0,3.0,4.0,0.2577077533928891,,,1.0801116413292196,,,
8.11,4.0,usv1|usv2|usv3|usv4,xy:held_margin,18.20231218963515,44.95389332138716,2.0,3.0,4.0,0.25795592810959184,,,1.0803602010367983,,,
8.120000000000001,4.0,usv1|usv2|usv3|usv4,xy:held_margin,18.20261132093432,44.95455214364426,2.0,3.0,4.0,0.2582237383184379,,,1.0806095101376227,,,
8.13,4.0,usv1|usv2|usv3|usv4,xy:held_margin,18.202910494811505,44.955224767202914,2.0,3.0,4.0,0.258490722987648,,,1.0808595700528925,,,
8.14,4.0,usv1|usv2|usv3|usv4,xy:held_margin,18.2032095086278,44.95584171053013,2.0,3.0,4.0,0.2587741443666377,,,1.0811103816936427,,,
8.15,4.0,usv1|usv2|usv3|usv4,xy:held_margin,18.203006143115246,44.95530072133526,2.0,3.0,4.0,0.2670967505442751,,,1.0807971124290807,,,
8.16,4.0,usv1|usv2|usv3|usv4,xy:held_margin,18.20330304178068,44.95606766220921,2.0,3.0,4.0,0.26737407473421615,,,1.081045870740066,,,
8.17,4.0,usv1|usv2|usv3|usv4,xy:held_margin,18.203599757132846,44.95677061688921,2.0,3.0,4.0,0.26766487329377714,,,1.0812953751814989,,,
8.18,4.0,usv1|usv2|usv3|usv4,xy:held_margin,18.2038964909157,44.9574813738859,2.0,3.0,4.0,0.27846145009192014,,,1.081545627340047,,,
8.19,4.0,usv1|usv2|usv3|usv4,xy:held_margin,18.20355935329695,44.956540495017826,2.0,3.0,4.0,0.2787453204252114,,,1.0780921312119516,,,
8.2,4.0,usv1|usv2|usv3|usv4,xy:held_margin,18.203904440346566,44.95707979978306,2.0,3.0,4.0,0.27023720277171565,,,1.0777913359914821,,,
8.21,4.0,usv1|usv2|usv3|usv4,xy:held_margin,18.20420028067137,44.957782367818545,2.0,3.0,4.0,0.27048459145464426,,,1.0780343530718084,,,
8.22,4.0,usv1|usv2|usv3|usv4,xy:held_margin,18.204496109579512,44.95846121924019,2.0,3.0,4.0,0.27071648817232385,,,1.0782781621834385,,,
8.23,4.0,usv1|usv2|usv3|usv4,xy:held_margin,18.20479183464118,44.959013777916006,2.0,3.0,4.0,0.2709544830527048,,,1.078522764604929,,,
8.24,4.0,usv1|usv2|usv3|usv4,xy:held_margin,18.205087643261184,44.959665226999775,2.0,3.0,4.0,0.27120223235071816,,,1.0787681620980585,,,
8.25,4.0,usv1|usv2|usv3|usv4,xy:held_margin,18.20549426574985,44.96114938123616,2.0,3.0,4.0,0.29035838726719204,,,1.078476137903776,,,
8.26,4.0,usv1|usv2|usv3|usv4,xy:held_margin,18.20579055757926,44.96180611468853,2.0,3.0,4.0,0.2906956553464026,,,1.078719662427925,,,
8.27,4.0,usv1|usv2|usv3|usv4,xy:held_margin,18.206086862576193,44.962471088631546,2.0,3.0,4.0,0.2910480922772203,,,1.078963976085154,,,
8.28,4.0,usv1|usv2|usv3|usv4,xy:held_margin,18.206383175414306,44.96313259263932,2.0,3.0,4.0,0.29140202908956236,,,1.0792090803112229,,,
8.290000000000001,4.0,usv1|usv2|usv3|usv4,xy:held_margin,18.206679454146535,44.96375749240296,2.0,3.0,4.0,0.29176221612616454,,,1.0794549764761427,,,
8.3,4.0,usv1|usv2|usv3|usv4,xy:held_margin,18.20705366705501,44.964699940119615,2.0,3.0,4.0,0.29640163871991276,,,1.079156920710898,,,
8.31,4.0,usv1|usv2|usv3|usv4,xy:held_margin,18.207350350873952,44.965319831165615,2.0,3.0,4.0,0.2967979710923683,,,1.0794009090503194,,,
8.32,4.0,usv1|usv2|usv3|usv4,xy:held_margin,18.207647053264072,44.96595968129351,2.0,3.0,4.0,0.2971916262102489,,,1.0796456836083477,,,
8.33,4.0,usv1|usv2|usv3|usv4,xy:held_margin,18.207943864665623,44.966690212601655,2.0,3.0,4.0,0.29753967588770075,,,1.0798912459928587,,,
8.34,4.0,usv1|usv2|usv3|usv4,xy:held_margin,18.208240571558964,44.96734463777315,2.0,3.0,4.0,0.29792983555485913,,,1.0801375972522054,,,
8.35,4.0,usv1|usv2|usv3|usv4,xy:held_margin,18.208363636310672,44.9678736080693,2.0,3.0,4.0,0.3083074928359072,,,1.0798389437658034,,,
8.36,4.0,usv1|usv2|usv3|usv4,xy:held_margin,18.208659219746874,44.968496568411965,2.0,3.0,4.0,0.3087448547382129,,,1.0800833782304893,,,
8.370000000000001,4.0,usv1|usv2|usv3|usv4,xy:held_margin,18.208954795368246,44.96912229421804,2.0,3.0,4.0,0.3091724190690979,,,1.080328595961703,,,
8.38,4.0,usv1|usv2|usv3|usv4,xy:held_margin,18.20925061429084,44.96991402520689,2.0,3.0,4.0,0.3095889232788752,,,1.0805745987413085,,,
8.39,4.0,usv1|usv2|usv3|usv4,xy:held_margin,18.20954629866201,44.97060858515908,2.0,3.0,4.0,0.31002386273492466,,,1.080821387289038,,,
8.4,4.0,usv1|usv2|usv3|usv4,xy:held_margin,18.209574344390216,44.97055746412221,2.0,3.0,4.0,0.3144178978452197,,,1.08051944447406,,,
8.41,4.0,usv1|usv2|usv3|usv4,xy:held_margin,18.20986846965234,44.971242394554494,2.0,3.0,4.0,0.31485205807366556,,,1.0807642954478243,,,
8.42,4.0,usv1|usv2|usv3|usv4,xy:held_margin,18.210162629624723,44.971946196759426,2.0,3.0,4.0,0.31530285897773846,,,1.0810099267500883,,,
8.43,4.0,usv1|usv2|usv3|usv4,xy:held_margin,18.210456768925006,44.97263462347741,2.0,3.0,4.0,0.31575598031207613,,,1.0812563396708625,,,
8.44,4.0,usv1|usv2|usv3|usv4,xy:held_margin,18.21075076135811,44.97323517351979,2.0,3.0,4.0,0.31620617489556524,,,1.0815035353809324,,,
8.45,4.0,usv1|usv2|usv3|usv4,xy:held_margin,18.210723029033325,44.9732260801354,2.0,3.0,4.0,0.3254388916815437,,,1.0812018760278894,,,
8.46,4.0,usv1|usv2|usv3|usv4,xy:held_margin,18.211015279532646,44.97389707125629,2.0,3.0,4.0,0.32592767327280847,,,1.0814471307106759,,,
8.47,4.0,usv1|usv2|usv3|usv4,xy:held_margin,18.21130751644672,44.97456103722582,2.0,3.0,4.0,0.32641703464119964,,,1.081693162653628,,,
8.48,4.0,usv1|usv2|usv3|usv4,xy:held_margin,18.211599689929713,44.975192413536924,2.0,3.0,4.0,0.3268913788658459,,,1.081939973205387,,,
8.49,4.0,usv1|usv2|usv3|usv4,xy:held_margin,18.21189182006596,44.97580383465852,2.0,3.0,4.0,0.32738276013712564,,,1.0821875637519007,,,
8.5,4.0,usv1|usv2|usv3|usv4,xy:held_margin,18.212006290943783,44.97614396287256,2.0,3.0,4.0,0.33013825679824904,,,1.0818837949720501,,,
8.51,4.0,usv1|usv2|usv3|usv4,xy:held_margin,18.212297483432792,44.97679005148448,2.0,3.0,4.0,0.33063658491532305,,,1.0821294302987714,,,
8.52,4.0,usv1|usv2|usv3|usv4,xy:held_margin,18.21258871173621,44.9774548795181,2.0,3.0,4.0,0.3311251284369402,,,1.082375840031835,,,
8.53,4.0,usv1|usv2|usv3|usv4,xy:held_margin,18.212879806335305,44.978054120202934,2.0,3.0,4.0,0.33161940278697344,,,1.0826230252375268,,,
8.540000000000001,4.0,usv1|usv2|usv3|usv4,xy:held_margin,18.213171076097687,44.97873627072375,2.0,3.0,4.0,0.33212520961780934,,,1.0828709877533955,,,
8.55,4.0,usv1|usv2|usv3|usv4,xy:held_margin,18.21343944623026,44.97953718367171,2.0,3.0,4.0,0.34294849320589005,,,1.0825697534416352,,,
8.56,4.0,usv1|usv2|usv3|usv4,xy:held_margin,18.2137303726444,44.98015207214141,2.0,3.0,4.0,0.343482490399814,,,1.0828157676642793,,,
8.57,4.0,usv1|usv2|usv3|usv4,xy:held_margin,18.21402145152521,44.98083925869571,2.0,3.0,4.0,0.3440341168639544,,,1.083062553473742,,,
8.58,4.0,usv1|usv2|usv3|usv4,xy:held_margin,18.214312338943426,44.981440646312166,2.0,3.0,4.0,0.3445848751501079,,,1.083310111655474,,,
8.59,4.0,usv1|usv2|usv3|usv4,xy:held_margin,18.21460317213443,44.98202182832006,2.0,3.0,4.0,0.3451440154763666,,,1.0835584437700352,,,
8.6,4.0,usv1|usv2|usv3|usv4,xy:held_margin,18.21517710556301,44.98326574814055,2.0,3.0,4.0,0.33705244133617457,,,1.0832521200632563,,,
8.61,4.0,usv1|usv2|usv3|usv4,xy:held_margin,18.21546968508821,44.98391909403754,2.0,3.0,4.0,0.3375756877977672,,,1.0834984777279157,,,
8.620000000000001,4.0,usv1|usv2|usv3|usv4,xy:held_margin,18.21576227152754,44.98457625032001,2.0,3.0,4.0,0.33809913448042933,,,1.0837456037555646,,,
8.63,4.0,usv1|usv2|usv3|usv4,xy:held_margin,18.21605484049384,44.9852251115403,2.0,3.0,4.0,0.3386251903639823,,,1.0839934994557199,,,
8.64,4.0,usv1|usv2|usv3|usv4,xy:held_margin,18.216347422995625,44.985879458032684,2.0,3.0,4.0,0.33913735637976355,,,1.0842421662516784,,,
8.65,4.0,usv1|usv2|usv3|usv4,xy:held_margin,18.21655291760505,44.98582554053904,2.0,3.0,4.0,0.32088168713709914,,,1.083929582204888,,,
8.66,4.0,usv1|usv2|usv3|usv4,xy:held_margin,18.21684510668553,44.98645699701908,2.0,3.0,4.0,0.3213321724784979,,,1.0841762415953855,,,
8.67,4.0,usv1|usv2|usv3|usv4,xy:held_margin,18.21713715185191,44.9870295491381,2.0,3.0,4.0,0.3217949656269829,,,1.084423666100414,,,
8.68,4.0,usv1|usv2|usv3|usv4,xy:held_margin,18.217429313848662,44.98765050872666,2.0,3.0,4.0,0.32225731130603,,,1.084671857503313,,,
8.69,4.0,usv1|usv2|usv3|usv4,xy:held_margin,18.21772165799208,44.98834506750391,2.0,3.0,4.0,0.32268398096577466,,,1.084920817277433,,,
8.700000000000001,4.0,usv1|usv2|usv3|usv4,xy:held_margin,18.218318194211417,44.98953680439429,2.0,3.0,4.0,0.3081424027996779,,,1.084610713862795,,,
8.71,4.0,usv1|usv2|usv3|usv4,xy:held_margin,18.21861238669801,44.99027737533187,2.0,3.0,4.0,0.3084839588202892,,,1.084857674676221,,,
8.72,4.0,usv1|usv2|usv3|usv4,xy:held_margin,18.21890649057731,44.99098163520322,2.0,3.0,4.0,0.3088593300594331,,,1.0851053977812202,,,
8.73,4.0,usv1|usv2|usv3|usv4,xy:held_margin,18.21920042064606,44.99161911785663,2.0,3.0,4.0,0.3092539772640892,,,1.0853538843643724,,,
8.74,4.0,usv1|usv2|usv3|usv4,xy:held_margin,18.21949422197236,44.99220962758729,2.0,3.0,4.0,0.30966787677441154,,,1.0856031358246203,,,
8.75,4.0,usv1|usv2|usv3|usv4,xy:held_margin,18.220150247985448,44.9934807190127,2.0,3.0,4.0,0.2927766858539945,,,1.085291679930106,,,
8.76,4.0,usv1|usv2|usv3|usv4,xy:held_margin,18.220446110330396,44.99408839908223,2.0,3.0,4.0,0.293129178264263,,,1.0855389228838446,,,
8.77,4.0,usv1|usv2|usv3|usv4,xy:held_margin,18.22074231689308,44.99482428475289,2.0,3.0,4.0,0.2934169342539902,,,1.085786925931659,,,
8.78,4.0,usv1|usv2|usv3|usv4,xy:held_margin,18.221038593355633,44.99558500005812,2.0,3.0,4.0,0.2937078319693059,,,1.0860356899156887,,,
8.790000000000001,4.0,usv1|usv2|usv3|usv4,xy:held_margin,18.221334751409646,44.996299902929415,2.0,3.0,4.0,0.2940084721364001,,,1.0862852157966265,,,
8.8,4.0,usv1|usv2|usv3|usv4,xy:held_margin,18.221433756108166,44.99601114774298,2.0,3.0,4.0,0.27904049192808855,,,1.0859698468907142,,,
8.81,4.0,usv1|usv2|usv3|usv4,xy:held_margin,18.221729039436852,44.996738065484166,2.0,3.0,4.0,0.27928144301050595,,,1.0862173428431083,,,
8.82,4.0,usv1|usv2|usv3|usv4,xy:held_margin,18.222024470157645,44.99751452318348,2.0,3.0,4.0,0.2795359690920221,,,1.0864655956596463,,,
8.83,4.0,usv1|usv2|usv3|usv4,xy:held_margin,18.22231952773912,44.99815397854739,2.0,3.0,4.0,0.279771599575624,,,1.0867146057841026,,,
8.84,4.0,usv1|usv2|usv3|usv4,xy:held_margin,18.222614685662915,44.998826265963416,2.0,3.0,4.0,0.2800262968868929,,,1.0869643753333087,,,
8.85,4.0,usv1|usv2|usv3|usv4,xy:held_margin,18.22334611207903,45.000346802345994,2.0,3.0,4.0,0.26433448484073874,,,1.0866519205373246,,,
8.86,4.0,usv1|usv2|usv3|usv4,xy:held_margin,18.223643821325407,45.00108237851503,2.0,3.0,4.0,0.2645384711135451,,,1.0868996712680175,,,
8.870000000000001,4.0,usv1|usv2|usv3|usv4,xy:held_margin,18.22394146629773,45.00179391942005,2.0,3.0,4.0,0.2647306444152657,,,1.0871481755997734,,,
8.88,4.0,usv1|usv2|usv3|usv4,xy:held_margin,18.224239164695458,45.00252143174062,2.0,3.0,4.0,0.264948988758363,,,1.0873974350307811,,,
8.89,4.0,usv1|usv2|usv3|usv4,xy:held_margin,18.224536678941917,45.00318199625854,2.0,3.0,4.0,0.26514245142300225,,,1.0876474503629574,,,
8.9,4.0,usv1|usv2|usv3|usv4,xy:held_margin,18.22470409238495,45.00337721463916,2.0,3.0,4.0,0.25950982229914266,,,1.087333725173134,,,
8.91,4.0,usv1|usv2|usv3|usv4,xy:held_margin,18.2250007698061,45.00396652840169,2.0,3.0,4.0,0.2596402818040262,,,1.0875817112064718,,,
8.92,4.0,usv1|usv2|usv3|usv4,xy:held_margin,18.22529721671875,45.00447654222668,2.0,3.0,4.0,0.259772247111649,,,1.0878304476009761,,,
8.93,4.0,usv1|usv2|usv3|usv4,xy:held_margin,18.225594102930163,45.005135765946356,2.0,3.0,4.0,0.25993935370809484,,,1.0880799368519531,,,
8.94,4.0,usv1|usv2|usv3|usv4,xy:held_margin,18.225890946825512,45.0057800879263,2.0,3.0,4.0,0.26009277653600493,,,1.0883301794142932,,,
8.950000000000001,4.0,usv1|usv2|usv3|usv4,xy:held_margin,18.226727538086628,45.00824976305698,2.0,3.0,4.0,0.26730251611343225,,,1.0880244287866798,,,
8.96,4.0,usv1|usv2|usv3|usv4,xy:held_margin,18.2270272954338,45.008972210797374,2.0,3.0,4.0,0.267537785429751,,,1.0882726749152563,,,
8.97,4.0,usv1|usv2|usv3|usv4,xy:held_margin,18.227326919007258,45.009651321265395,2.0,3.0,4.0,0.26776510924214264,,,1.0885216687585055,,,
8.98,4.0,usv1|usv2|usv3|usv4,xy:held_margin,18.227626858064536,45.01043760287803,2.0,3.0,4.0,0.2680235082795274,,,1.0887714124356729,,,
8.99,4.0,usv1|usv2|usv3|usv4,xy:held_margin,18.22792625355143,45.01104067499243,2.0,3.0,4.0,0.26822083273761105,,,1.089021905677659,,,
9.0,4.0,usv1|usv2|usv3|usv4,xy:held_margin,18.22844775573556,45.01213415902748,2.0,3.0,4.0,0.25532308575163526,,,1.0887062957586404,,,
9.01,4.0,usv1|usv2|usv3|usv4,xy:held_margin,18.228748785411174,45.01288421884191,2.0,3.0,4.0,0.255551913994546,,,1.0889547481640227,,,
9.02,4.0,usv1|usv2|usv3|usv4,xy:held_margin,18.229049410269674,45.01349887454749,2.0,3.0,4.0,0.2556760671427038,,,1.0892039449597841,,,
9.03,4.0,usv1|usv2|usv3|usv4,xy:held_margin,18.229350423050512,45.0142402844219,2.0,3.0,4.0,0.25590299848582243,,,1.0894538888716423,,,
9.040000000000001,4.0,usv1|usv2|usv3|usv4,xy:held_margin,18.229651109028836,45.01487348404822,2.0,3.0,4.0,0.2560550866491265,,,1.0897045798577727,,,
9.05,4.0,usv1|usv2|usv3|usv4,xy:held_margin,18.230375004122898,45.016500014058465,2.0,3.0,4.0,0.2461970805624366,,,1.0893902526661894,,,
9.06,4.0,usv1|usv2|usv3|usv4,xy:held_margin,18.230678079734563,45.017206672652726,2.0,3.0,4.0,0.27956353595527883,,,1.0896389055264508,,,
9.07,4.0,usv1|usv2|usv3|usv4,xy:held_margin,18.230134643434162,45.01614488810381,2.0,3.0,4.0,0.27967311716247456,,,1.0802838783884334,,,
9.08,4.0,usv1|usv2|usv3|usv4,xy:held_margin,18.230435946417415,45.01680279031141,2.0,3.0,4.0,0.27984237732686607,,,1.0805283638571723,,,
9.09,4.0,usv1|usv2|usv3|usv4,xy:held_margin,18.230737263140515,45.0174727894367,2.0,3.0,4.0,0.28001900038891886,,,1.0807736412719242,,,
9.1,4.0,usv1|usv2|usv3|usv4,xy:held_margin,18.230886806111553,45.0178648006792,2.0,3.0,4.0,0.286138529400927,,,1.0804767078869164,,,
9.11,4.0,usv1|usv2|usv3|usv4,xy:held_margin,18.23118723514132,45.018585459781185,2.0,3.0,4.0,0.2863704818911082,,,1.0807201090592025,,,
9.120000000000001,4.0,usv1|usv2|usv3|usv4,xy:held_margin,18.231487533388183,45.01919491729658,2.0,3.0,4.0,0.28654843691446075,,,1.080964296623773,,,
9.13,4.0,usv1|usv2|usv3|usv4,xy:held_margin,18.23178790351009,45.01986639675133,2.0,3.0,4.0,0.28675804795252,,,1.0812092718822015,,,
9.14,4.0,usv1|usv2|usv3|usv4,xy:held_margin,18.23208825246086,45.02052304714703,2.0,3.0,4.0,0.28694939081589527,,,1.081455036321916,,,
9.15,4.0,usv1|usv2|usv3|usv4,xy:held_margin,18.232442742811692,45.021976744759264,2.0,3.0,4.0,0.32085259532645993,,,1.0811550611474363,,,
9.16,4.0,usv1|usv2|usv3|usv4,xy:held_margin,18.232743228592817,45.02271881255805,2.0,3.0,4.0,0.3212293932007127,,,1.0813989313997927,,,
9.17,4.0,usv1|usv2|usv3|usv4,xy:held_margin,18.233043561780285,45.02335098718346,2.0,3.0,4.0,0.3215709219279488,,,1.081643585229111,,,
9.18,4.0,usv1|usv2|usv3|usv4,xy:held_margin,18.233344007163527,45.02406087329695,2.0,3.0,4.0,0.3219437350947464,,,1.0818890239748864,,,
9.19,4.0,usv1|usv2|usv3|usv4,xy:held_margin,18.233644333550465,45.02468854960353,2.0,3.0,4.0,0.3223009928606264,,,1.082135249118747,,,
9.200000000000001,4.0,usv1|usv2|usv3|usv4,xy:held_margin,18.233707198975477,45.024508908980486,2.0,3.0,4.0,0.31685434466094076,,,1.081837532541633,,,
9.21,4.0,usv1|usv2|usv3|usv4,xy:held_margin,18.234006318450916,45.025207723983144,2.0,3.0,4.0,0.31718573487286994,,,1.0820818644019554,,,
9.22,4.0,usv1|usv2|usv3|usv4,xy:held_margin,18.234305319253043,45.02583409156695,2.0,3.0,4.0,0.3175287693565913,,,1.0823269769744452,,,
9.23,4.0,usv1|usv2|usv3|usv4,xy:held_margin,18.234604310875252,45.02645783980005,2.0,3.0,4.0,0.3178769059162778,,,1.082572871672132,,,
9.24,4.0,usv1|usv2|usv3|usv4,xy:held_margin,18.234903310738325,45.027089007301264,2.0,3.0,4.0,0.3182291219834146,,,1.0828195498925344,,,
9.25,4.0,usv1|usv2|usv3|usv4,xy:held_margin,18.23566675850316,45.028957369605926,2.0,3.0,4.0,0.3164337635214183,,,1.0825202227773145,,,
9.26,4.0,usv1|usv2|usv3|usv4,xy:held_margin,18.235968536458717,45.029664721179735,2.0,3.0,4.0,0.3167712541028411,,,1.0827649964105823,,,
9.27,4.0,usv1|usv2|usv3|usv4,xy:held_margin,18.236270449800234,45.03044596016235,2.0,3.0,4.0,0.3171051334565597,,,1.083010547988014,,,
9.28,4.0,usv1|usv2|usv3|usv4,xy:held_margin,18.236572165212316,45.03111827446576,2.0,3.0,4.0,0.31745139004982403,,,1.083256878791399,,,
9.290000000000001,4.0,usv1|usv2|usv3|usv4,xy:held_margin,18.236873819709636,45.03175849502391,2.0,3.0,4.0,0.3177886685016364,,,1.0835039902395829,,,
9.3,4.0,usv1|usv2|usv3|usv4,xy:held_margin,18.238093174414082,45.03505119401188,2.0,3.0,4.0,0.3205760295511609,,,1.083203315247627,,,
9.31,4.0,usv1|usv2|usv3|usv4,xy:held_margin,18.2384000187384,45.035722694020855,2.0,3.0,4.0,0.3209510914760344,,,1.0834485116394224,,,
9.32,4.0,usv1|usv2|usv3|usv4,xy:held_margin,18.238706907151617,45.03641586723002,2.0,3.0,4.0,0.32132779410350143,,,1.0836944831110469,,,
9.33,4.0,usv1|usv2|usv3|usv4,xy:held_margin,18.239013810431874,45.03711858404328,2.0,3.0,4.0,0.3216941687302139,,,1.083941231029164,,,
9.34,4.0,usv1|usv2|usv3|usv4,xy:held_margin,18.239320596257464,45.03776461806245,2.0,3.0,4.0,0.32207647492961555,,,1.0841887566838668,,,
9.35,4.0,usv1|usv2|usv3|usv4,xy:held_margin,18.239807107500244,45.038815097111936,2.0,3.0,4.0,0.32066377390976747,,,1.0838878800441474,,,
9.36,4.0,usv1|usv2|usv3|usv4,xy:held_margin,18.240114895101826,45.03945535069576,2.0,3.0,4.0,0.32106001549764795,,,1.0841334820561606,,,
9.370000000000001,4.0,usv1|usv2|usv3|usv4,xy:held_margin,18.240422774873366,45.04013744214957,2.0,3.0,4.0,0.32143531111592294,,,1.0843798563235403,,,
9.38,4.0,usv1|usv2|usv3|usv4,xy:held_margin,18.240730849495762,45.04090676206573,2.0,3.0,4.0,0.32179821795162766,,,1.084627004300914,,,
9.39,4.0,usv1|usv2|usv3|usv4,xy:held_margin,18.241038545501883,45.04150510695256,2.0,3.0,4.0,0.32221428495120574,,,1.0848749269316542,,,
9.4,4.0,usv1|usv2|usv3|usv4,xy:held_margin,18.241386610748496,45.04299364691688,2.0,3.0,4.0,0.35446874860367167,,,1.08457094283405,,,
9.41,4.0,usv1|usv2|usv3|usv4,xy:held_margin,18.241694354225878,45.04361084862059,2.0,3.0,4.0,0.3549991884571363,,,1.08481692493181,,,
9.42,4.0,usv1|usv2|usv3|usv4,xy:held_margin,18.24200246609134,45.044388283949615,2.0,3.0,4.0,0.35548882866616055,,,1.085063676663619,,,
9.43,4.0,usv1|usv2|usv3|usv4,xy:held_margin,18.242310628219865,45.04518928802631,2.0,3.0,4.0,0.3559866535828946,,,1.0853111991643294,,,
9.44,4.0,usv1|usv2|usv3|usv4,xy:held_margin,18.24261834032214,45.04580294657886,2.0,3.0,4.0,0.3565215621590583,,,1.0855594933608286,,,
9.450000000000001,4.0,usv1|usv2|usv3|usv4,xy:held_margin,18.242961880850178,45.046492057652785,2.0,3.0,4.0,0.3482446729672,,,1.0852573789988207,,,
9.46,4.0,usv1|usv2|usv3|usv4,xy:held_margin,18.243270117328105,45.047217098612876,2.0,3.0,4.0,0.3487319070139318,,,1.0855037331236932,,,
9.47,4.0,usv1|usv2|usv3|usv4,xy:held_margin,18.24357834578721,45.04793851362825,2.0,3.0,4.0,0.3492221532424527,,,1.0857508537286256,,,
9.48,4.0,usv1|usv2|usv3|usv4,xy:held_margin,18.243886334644817,45.048565084428894,2.0,3.0,4.0,0.3497241587892229,,,1.085998741956938,,,
9.49,4.0,usv1|usv2|usv3|usv4,xy:held_margin,18.244194484847345,45.049253931356496,2.0,3.0,4.0,0.3502097653804067,,,1.0862473994928146,,,
9.5,4.0,usv1|usv2|usv3|usv4,xy:held_margin,18.24401503346656,45.04753928643496,2.0,3.0,4.0,0.29479653305671905,,,1.085947462730219,,,
9.51,4.0,usv1|usv2|usv3|usv4,xy:held_margin,18.24432090775051,45.04821576370456,2.0,3.0,4.0,0.29506571855179176,,,1.086194179367125,,,
9.52,4.0,usv1|usv2|usv3|usv4,xy:held_margin,18.244626811611457,45.04890364489986,2.0,3.0,4.0,0.29532163922698706,,,1.0864416596364912,,,
9.53,4.0,usv1|usv2|usv3|usv4,xy:held_margin,18.244932863566422,45.04964779988827,2.0,3.0,4.0,0.29558075378914367,,,1.0866899049989052,,,
9.540000000000001,4.0,usv1|usv2|usv3|usv4,xy:held_margin,18.24523873945266,45.05032612619255,2.0,3.0,4.0,0.2958529460884111,,,1.0869389164496852,,,
9.55,4.0,usv1|usv2|usv3|usv4,xy:held_margin,18.245523344361654,45.05105524903353,2.0,3.0,4.0,0.2969439886838752,,,1.0866343165860246,,,
9.56,4.0,usv1|usv2|usv3|usv4,xy:held_margin,18.245829020531545,45.0517054437597,2.0,3.0,4.0,0.2972098664502576,,,1.0868813675271465,,,
9.57,4.0,usv1|usv2|usv3|usv4,xy:held_margin,18.246134902219218,45.05243176096123,2.0,3.0,4.0,0.29748641520989505,,,1.0871291794334383,,,
9.58,4.0,usv1|usv2|usv3|usv4,xy:held_margin,18.24644096101125,45.05322422851709,2.0,3.0,4.0,0.297775453932049,,,1.0873777536105445,,,
9.59,4.0,usv1|usv2|usv3|usv4,xy:held_margin,18.246746719866692,45.053907687382264,2.0,3.0,4.0,0.29805525433290425,,,1.0876270908424661,,,
9.6,4.0,usv1|usv2|usv3|usv4,xy:held_margin,18.246810415719782,45.053659952331074,2.0,3.0,4.0,0.2842887869709769,,,1.0873225060234888,,,
9.61,4.0,usv1|usv2|usv3|usv4,xy:held_margin,18.24711496810167,45.05433355386588,2.0,3.0,4.0,0.2845071729666553,,,1.087569876482025,,,
9.620000000000001,4.0,usv1|usv2|usv3|usv4,xy:held_margin,18.24741957242284,45.05502811902494,2.0,3.0,4.0,0.284730935272475,,,1.087818004873915,,,
9.63,4.0,usv1|usv2|usv3|usv4,xy:held_margin,18.247724188406174,45.055729384192915,2.0,3.0,4.0,0.2849578787590222,,,1.0880668924675763,,,
9.64,4.0,usv1|usv2|usv3|usv4,xy:held_margin,18.24802859992588,45.05635661555713,2.0,3.0,4.0,0.2851602388141842,,,1.0883165403050277,,,
9.65,4.0,usv1|usv2|usv3|usv4,xy:held_margin,18.248471886204452,45.0576210579888,2.0,3.0,4.0,0.2959476009673739,,,1.0880095268572019,,,
9.66,4.0,usv1|usv2|usv3|usv4,xy:held_margin,18.248776969144707,45.058255309890676,2.0,3.0,4.0,0.29621852852708414,,,1.0882571964408803,,,
9.67,4.0,usv1|usv2|usv3|usv4,xy:held_margin,18.249082157677275,45.05892532769217,2.0,3.0,4.0,0.296493628567066,,,1.0885056211702895,,,
9.68,4.0,usv1|usv2|usv3|usv4,xy:held_margin,18.249387204041405,45.05954626143077,2.0,3.0,4.0,0.2967637079774424,,,1.0887548020576796,,,
9.69,4.0,usv1|usv2|usv3|usv4,xy:held_margin,18.24969270698242,45.0603277032463,2.0,3.0,4.0,0.2970355227962073,,,1.0890047411400983,,,
9.700000000000001,4.0,usv1|usv2|usv3|usv4,xy:held_margin,18.24952369989928,45.0596092226567,2.0,3.0,4.0,0.2895289056959693,,,1.088698017483632,,,
9.71,4.0,usv1|usv2|usv3|usv4,xy:held_margin,18.249826530215877,45.06029693006745,2.0,3.0,4.0,0.28976760632556725,,,1.0889459720501644,,,
9.72,4.0,usv1|usv2|usv3|usv4,xy:held_margin,18.250129416924846,45.06100497942443,2.0,3.0,4.0,0.2899982695090789,,,1.0891946788614382,,,
9.73,4.0,usv1|usv2|usv3|usv4,xy:held_margin,18.25043228320433,45.06170682106535,2.0,3.0,4.0,0.2902428467455801,,,1.0894441391291059,,,
9.74,4.0,usv1|usv2|usv3|usv4,xy:held_margin,18.25073527149118,45.062450305228545,2.0,3.0,4.0,0.29050115309304025,,,1.089694354326705,,,
9.75,4.0,usv1|usv2|usv3|usv4,xy:held_margin,18.25072081434969,45.06202172025363,2.0,3.0,4.0,0.28155084146881015,,,1.0893867376627382,,,
9.76,4.0,usv1|usv2|usv3|usv4,xy:held_margin,18.251022102050445,45.06271870478793,2.0,3.0,4.0,0.28174364837173166,,,1.0896349609644624,,,
9.77,4.0,usv1|usv2|usv3|usv4,xy:held_margin,18.251323591188413,45.063483644346846,2.0,3.0,4.0,0.2819768660940069,,,1.0898839338867152,,,
9.78,4.0,usv1|usv2|usv3|usv4,xy:held_margin,18.251624803238293,45.06415466837755,2.0,3.0,4.0,0.28217714502694496,,,1.0901336570981546,,,
9.790000000000001,4.0,usv1|usv2|usv3|usv4,xy:held_margin,18.25192615769743,45.064871441047984,2.0,3.0,4.0,0.2824001049894991,,,1.0903841324119197,,,
9.8,4.0,usv1|usv2|usv3|usv4,xy:held_margin,18.252316598766235,45.066589758122966,2.0,3.0,4.0,0.32188897019526497,,,1.0900729245431777,,,
9.81,4.0,usv1|usv2|usv3|usv4,xy:held_margin,18.252618153396288,45.06730051527504,2.0,3.0,4.0,0.32226654839829766,,,1.0903213953114845,,,
9.82,4.0,usv1|usv2|usv3|usv4,xy:held_margin,18.252919404125485,45.06790884090229,2.0,3.0,4.0,0.32260034257421744,,,1.0905706122468086,,,
9.83,4.0,usv1|usv2|usv3|usv4,xy:held_margin,18.253221058939097,45.068650283264844,2.0,3.0,4.0,0.32299173220271904,,,1.0908205775561965,,,
9.84,4.0,usv1|usv2|usv3|usv4,xy:held_margin,18.253522324565463,45.0692640953589,2.0,3.0,4.0,0.3233185437738736,,,1.0910712914822487,,,
9.85,4.0,usv1|usv2|usv3|usv4,xy:held_margin,18.25367721965556,45.06991426297097,2.0,3.0,4.0,0.3444671973512362,,,1.0907602241934158,,,
9.86,4.0,usv1|usv2|usv3|usv4,xy:held_margin,18.253977764985454,45.07057450973426,2.0,3.0,4.0,0.3449076654398538,,,1.0910089286471718,,,
9.870000000000001,4.0,usv1|usv2|usv3|usv4,xy:held_margin,18.254278429711526,45.0712748861305,2.0,3.0,4.0,0.3453586945547657,,,1.0912583770671875,,,
9.88,4.0,usv1|usv2|usv3|usv4,xy:held_margin,18.25457925350364,45.07202769804757,2.0,3.0,4.0,0.3458174344934669,,,1.091508570779432,,,
9.89,4.0,usv1|usv2|usv3|usv4,xy:held_margin,18.25487978998815,45.0726858207208,2.0,3.0,4.0,0.3462574428843494,,,1.091759510457847,,,
9.9,4.0,usv1|usv2|usv3|usv4,xy:held_margin,18.25540051211881,45.07423415476545,2.0,3.0,4.0,0.36257379705312387,,,1.0914477456221243,,,
9.91,4.0,usv1|usv2|usv3|usv4,xy:held_margin,18.255701975365863,45.07486321572446,2.0,3.0,4.0,0.3630604503648321,,,1.0916966697425823,,,
9.92,4.0,usv1|usv2|usv3|usv4,xy:held_margin,18.256003757111536,45.07559522158632,2.0,3.0,4.0,0.3635847398609674,,,1.0919463353383516,,,
9.93,4.0,usv1|usv2|usv3|usv4,xy:held_margin,18.25630547352976,45.07630772978469,2.0,3.0,4.0,0.3641072803807394,,,1.0921967431648454,,,
9.94,4.0,usv1|usv2|usv3|usv4,xy:held_margin,18.25660703577275,45.07697151898099,2.0,3.0,4.0,0.3646156678558499,,,1.0924478943691347,,,
9.950000000000001,4.0,usv1|usv2|usv3|usv4,xy:held_margin,18.257516712222287,45.07884877674482,2.0,3.0,4.0,0.34215895510370226,,,1.0921373086286936,,,
9.96,4.0,usv1|usv2|usv3|usv4,xy:held_margin,18.257821817212854,45.07964229923763,2.0,3.0,4.0,0.3561111028482807,,,1.0923864437127935,,,
9.97,4.0,usv1|usv2|usv3|usv4,xy:held_margin,18.256972573884894,45.07754086171874,2.0,3.0,4.0,0.35653495700673604,,,1.0892163339090213,,,
9.98,4.0,usv1|usv2|usv3|usv4,xy:held_margin,18.257275138099722,45.078175621515065,2.0,3.0,4.0,0.3569276579667757,,,1.0894613690577073,,,
9.99,4.0,usv1|usv2|usv3|usv4,xy:held_margin,18.257577761369845,45.07887210139649,2.0,3.0,4.0,0.35734307698572915,,,1.0897071925314583,,,
10.0,4.0,usv1|usv2|usv3|usv4,xy:held_margin,18.25774123317252,45.07983666758884,2.0,3.0,4.0,0.3910953443324249,,,1.0894071574959545,,,
10.01,4.0,usv1|usv2|usv3|usv4,xy:held_margin,18.258042708055783,45.08045374365,2.0,3.0,4.0,0.39161506786222283,,,1.0896510980682925,,,
10.02,4.0,usv1|usv2|usv3|usv4,xy:held_margin,18.258344201623046,45.08108993936445,2.0,3.0,4.0,0.39214720527164687,,,1.089895821352746,,,
10.03,4.0,usv1|usv2|usv3|usv4,xy:held_margin,18.25864586584299,45.081877154880864,2.0,3.0,4.0,0.3927245944949356,,,1.0901413291163244,,,
10.040000000000001,4.0,usv1|usv2|usv3|usv4,xy:held_margin,18.258947318619093,45.08247688949717,2.0,3.0,4.0,0.39324126742421495,,,1.0903876220031319,,,
10.05,4.0,usv1|usv2|usv3|usv4,xy:held_margin,18.25927959067074,45.08447426121389,2.0,3.0,4.0,0.4590042958273936,,,1.090083885028719,,,
10.06,4.0,usv1|usv2|usv3|usv4,xy:held_margin,18.25958074483352,45.085093480732695,2.0,3.0,4.0,0.45977739839006954,,,1.0903282766779467,,,
10.07,4.0,usv1|usv2|usv3|usv4,xy:held_margin,18.259881873778067,45.08569523832615,2.0,3.0,4.0,0.4605445459535167,,,1.0905734483164928,,,
10.08,4.0,usv1|usv2|usv3|usv4,xy:held_margin,18.260183000929555,45.08630272260299,2.0,3.0,4.0,0.4613316788798601,,,1.0908194014318702,,,
10.09,4.0,usv1|usv2|usv3|usv4,xy:held_margin,18.260484224681722,45.0869810200442,2.0,3.0,4.0,0.4621203668475588,,,1.0910661376254938,,,
10.1,4.0,usv1|usv2|usv3|usv4,xy:held_margin,18.26035257172532,45.08624935982152,2.0,3.0,4.0,0.44865309392904934,,,1.090768445164068,,,
10.11,4.0,usv1|usv2|usv3|usv4,xy:held_margin,18.260651501225475,45.08697144958487,2.0,3.0,4.0,0.44938166644500727,,,1.0910132899083316,,,
10.120000000000001,4.0,usv1|usv2|usv3|usv4,xy:held_margin,18.260950487578015,45.08772802330998,2.0,3.0,4.0,0.45012751223583175,,,1.0912589121123264,,,
10.13,4.0,usv1|usv2|usv3|usv4,xy:held_margin,18.261249350905544,45.08840683702958,2.0,3.0,4.0,0.45086953178680966,,,1.0915053128989767,,,
10.14,4.0,usv1|usv2|usv3|usv4,xy:held_margin,18.26154819609274,45.089075458920526,2.0,3.0,4.0,0.45161130325933124,,,1.091752493844459,,,
10.15,4.0,usv1|usv2|usv3|usv4,xy:held_margin,18.26235001260078,45.09087521706837,2.0,3.0,4.0,0.44588788311821137,,,1.09145287110069,,,
10.16,4.0,usv1|usv2|usv3|usv4,xy:held_margin,18.262651647200386,45.09147641838357,2.0,3.0,4.0,0.4466137216209532,,,1.091698149095438,,,
10.17,4.0,usv1|usv2|usv3|usv4,xy:held_margin,18.262953235988455,45.09205273619133,2.0,3.0,4.0,0.4473543717469917,,,1.0919442016743994,,,
10.18,4.0,usv1|usv2|usv3|usv4,xy:held_margin,18.263254932989206,45.09269179665486,2.0,3.0,4.0,0.448089397478217,,,1.0921910305001967,,,
10.19,4.0,usv1|usv2|usv3|usv4,xy:held_margin,18.263556593399294,45.09331156697108,2.0,3.0,4.0,0.4488235979229472,,,1.092438636738481,,,
10.200000000000001,4.0,usv1|usv2|usv3|usv4,xy:held_margin,18.263924861180374,45.09460231325954,2.0,3.0,4.0,0.46621825132234523,,,1.092136404550223,,,
10.21,4.0,usv1|usv2|usv3|usv4,xy:held_margin,18.26422692848642,45.09530718692085,2.0,3.0,4.0,0.4669979180487238,,,1.0923820926105963,,,
10.22,4.0,usv1|usv2|usv3|usv4,xy:held_margin,18.264529064687252,45.09604889400927,2.0,3.0,4.0,0.46777289219992246,,,1.0926285527114472,,,
10.23,4.0,usv1|usv2|usv3|usv4,xy:held_margin,18.26483120814747,45.09679191066152,2.0,3.0,4.0,0.468541658275401,,,1.0928757861375369,,,
10.24,4.0,usv1|usv2|usv3|usv4,xy:held_margin,18.26513315346436,45.09743388073649,2.0,3.0,4.0,0.46933293667783915,,,1.0931237939737717,,,
10.25,4.0,usv1|usv2|usv3|usv4,xy:held_margin,18.265106944958195,45.09697661164576,2.0,3.0,4.0,0.46102314952648776,,,1.092822943235189,,,
10.26,4.0,usv1|usv2|usv3|usv4,xy:held_margin,18.26540720580301,45.09765210617176,2.0,3.0,4.0,0.4617806443407013,,,1.0930690288246545,,,
10.27,4.0,usv1|usv2|usv3|usv4,xy:held_margin,18.265707399369063,45.09829453137092,2.0,3.0,4.0,0.46253756620034686,,,1.093315883512543,,,
10.28,4.0,usv1|usv2|usv3|usv4,xy:held_margin,18.26600763477556,45.098957710520324,2.0,3.0,4.0,0.46330080629767445,,,1.093563508838121,,,
10.290000000000001,4.0,usv1|usv2|usv3|usv4,xy:held_margin,18.266307857504682,45.09961444989596,2.0,3.0,4.0,0.4640675061182717,,,1.0938119060815295,,,
10.3,4.0,usv1|usv2|usv3|usv4,xy:held_margin,18.267000312824305,45.10210273193321,2.0,3.0,4.0,0.5062976234758734,,,1.0935057794891538,,,
10.31,4.0,usv1|usv2|usv3|usv4,xy:held_margin,18.26730253895925,45.10281434036835,2.0,3.0,4.0,0.5071814538782075,,,1.0937522345499162,,,
10.32,4.0,usv1|usv2|usv3|usv4,xy:held_margin,18.26760481768041,45.1035511443599,2.0,3.0,4.0,0.5080697173089779,,,1.0939994561672686,,,
10.33,4.0,usv1|usv2|usv3|usv4,xy:held_margin,18.267907011391987,45.10425040169945,2.0,3.0,4.0,0.5089705450698878,,,1.0942474454978826,,,
10.34,4.0,usv1|usv2|usv3|usv4,xy:held_margin,18.26820906704136,45.104888503415275,2.0,3.0,4.0,0.5098898055422892,,,1.0944962038185582,,,
10.35,4.0,usv1|usv2|usv3|usv4,xy:held_margin,18.268402517688436,45.10474283822598,2.0,3.0,4.0,0.4790340324533963,,,1.0941953785409475,,,
10.36,4.0,usv1|usv2|usv3|usv4,xy:held_margin,18.268704201299773,45.10538656302579,2.0,3.0,4.0,0.47984481162478687,,,1.0944422015961768,,,
10.370000000000001,4.0,usv1|usv2|usv3|usv4,xy:held_margin,18.269006075903455,45.1061097103055,2.0,3.0,4.0,0.4806332407737323,,,1.0946897886012938,,,
10.38,4.0,usv1|usv2|usv3|usv4,xy:held_margin,18.269307525547337,45.10665891677114,2.0,3.0,4.0,0.4814813159760622,,,1.0949381400596399,,,
10.39,4.0,usv1|usv2|usv3|usv4,xy:held_margin,18.269609321295125,45.107351515087935,2.0,3.0,4.0,0.48226910319684424,,,1.095187258383197,,,
10.4,4.0,usv1|usv2|usv3|usv4,xy:held_margin,18.270776457584,45.1098809014567,2.0,3.0,4.0,0.4590938568211276,,,1.0948845918378902,,,
10.41,4.0,usv1|usv2|usv3|usv4,xy:held_margin,18.271083102857986,45.110588427866766,2.0,3.0,4.0,0.45981880317231033,,,1.095131765039216,,,
10.42,4.0,usv1|usv2|usv3|usv4,xy:held_margin,18.271389580279884,45.11122959374653,2.0,3.0,4.0,0.4605602403462319,,,1.0953796989322397,,,
10.43,4.0,usv1|usv2|usv3|usv4,xy:held_margin,18.271696067145427,45.11187567153544,2.0,3.0,4.0,0.4613138745771893,,,1.0956283951083359,,,
10.44,4.0,usv1|usv2|usv3|usv4,xy:held_margin,18.27200306210531,45.112718792072954,2.0,3.0,4.0,0.46198848221594174,,,1.095877855572406,,,
10.450000000000001,4.0,usv1|usv2|usv3|usv4,xy:held_margin,18.272715906866864,45.11472617215369,2.0,3.0,4.0,0.4762294155100677,,,1.095571523494654,,,
10.46,4.0,usv1|usv2|usv3|usv4,xy:held_margin,18.27302460912473,45.115418756102265,2.0,3.0,4.0,0.4770078417686786,,,1.0958190216210475,,,
10.47,4.0,usv1|usv2|usv3|usv4,xy:held_margin,18.273333366303103,45.11612999556449,2.0,3.0,4.0,0.4777916649245035,,,1.0960672779746738,,,
10.48,4.0,usv1|usv2|usv3|usv4,xy:held_margin,18.273641957232247,45.11677939263051,2.0,3.0,4.0,0.47859597451318947,,,1.096316293614281,,,
10.49,4.0,usv1|usv2|usv3|usv4,xy:held_margin,18.27395034556551,45.117354699860336,2.0,3.0,4.0,0.47943761720962025,,,1.0965660698246298,,,
10.5,4.0,usv1|usv2|usv3|usv4,xy:held_margin,18.274303689070226,45.11782856432662,2.0,3.0,4.0,0.4598713955684677,,,1.0962614260498529,,,
10.51,4.0,usv1|usv2|usv3|usv4,xy:held_margin,18.27461283522357,45.11854959635494,2.0,3.0,4.0,0.4605865055491781,,,1.0965092381652983,,,
10.52,4.0,usv1|usv2|usv3|usv4,xy:held_margin,18.2749220191679,45.11928458981666,2.0,3.0,4.0,0.4612973585058461,,,1.0967578057452039,,,
10.53,4.0,usv1|usv2|usv3|usv4,xy:held_margin,18.275231032239436,45.11995409709791,2.0,3.0,4.0,0.46203633870305655,,,1.0970071298252948,,,
10.540000000000001,4.0,usv1|usv2|usv3|usv4,xy:held_margin,18.27554031504992,45.12071730776135,2.0,3.0,4.0,0.4627289619679397,,,1.097257212290627,,,
10.55,4.0,usv1|usv2|usv3|usv4,xy:held_margin,18.27565812417657,45.12058656083971,2.0,3.0,4.0,0.4461475774536324,,,1.0969513871530459,,,
10.56,4.0,usv1|usv2|usv3|usv4,xy:held_margin,18.27596626231177,45.121258141692834,2.0,3.0,4.0,0.44682654655809956,,,1.0971994950277553,,,
10.57,4.0,usv1|usv2|usv3|usv4,xy:held_margin,18.2762746400892,45.12201208633693,2.0,3.0,4.0,0.4474740977675701,,,1.097448355843945,,,
10.58,4.0,usv1|usv2|usv3|usv4,xy:held_margin,18.27658303214163,45.12276785069235,2.0,3.0,4.0,0.44811615979364383,,,1.0976979706240737,,,
10.59,4.0,usv1|usv2|usv3|usv4,xy:held_margin,18.276891091021483,45.1234036024663,2.0,3.0,4.0,0.4488075834388704,,,1.0979483402082932,,,
10.6,4.0,usv1|usv2|usv3|usv4,xy:held_margin,18.276932196950344,45.1232331806965,2.0,3.0,4.0,0.43529448357638595,,,1.097641343886549,,,
10.61,4.0,usv1|usv2|usv3|usv4,xy:held_margin,18.27723906312554,45.12390851010928,2.0,3.0,4.0,0.4359213533530828,,,1.0978897304302087,,,
10.620000000000001,4.0,usv1|usv2|usv3|usv4,xy:held_margin,18.277545990225754,45.12460857432188,2.0,3.0,4.0,0.4365326772567197,,,1.0981388669381429,,,
10.63,4.0,usv1|usv2|usv3|usv4,xy:held_margin,18.27785274157784,45.12524959496695,2.0,3.0,4.0,0.4371730481287058,,,1.0983887544067663,,,
10.64,4.0,usv1|usv2|usv3|usv4,xy:held_margin,18.278159902949614,45.126030901137526,2.0,3.0,4.0,0.43777254077530536,,,1.0986393948898017,,,
10.65,4.0,usv1|usv2|usv3|usv4,xy:held_margin,18.27783257911832,45.124665814402626,2.0,3.0,4.0,0.41636825114103165,,,1.098331988361491,,,
10.66,4.0,usv1|usv2|usv3|usv4,xy:held_margin,18.27813628309456,45.125338089091365,2.0,3.0,4.0,0.4169042792224276,,,1.0985806374807319,,,
10.67,4.0,usv1|usv2|usv3|usv4,xy:held_margin,18.278439838386554,45.12595919527252,2.0,3.0,4.0,0.4174675439487842,,,1.0988300335335008,,,
10.68,4.0,usv1|usv2|usv3|usv4,xy:held_margin,18.278743742667455,45.12669734285173,2.0,3.0,4.0,0.4179958093592619,,,1.0990801784676292,,,
10.69,4.0,usv1|usv2|usv3|usv4,xy:held_margin,18.279047814690898,45.127491794711624,2.0,3.0,4.0,0.418518893045175,,,1.0993310733410468,,,
10.700000000000001,4.0,usv1|usv2|usv3|usv4,xy:held_margin,18.27936310076974,45.12796424733329,2.0,3.0,4.0,0.40561558861251923,,,1.0990221106824216,,,
10.71,4.0,usv1|usv2|usv3|usv4,xy:held_margin,18.279667177658006,45.12871329890413,2.0,3.0,4.0,0.40611262840417667,,,1.099271006723371,,,
10.72,4.0,usv1|usv2|usv3|usv4,xy:held_margin,18.279970836628273,45.129322140829636,2.0,3.0,4.0,0.40662148904749146,,,1.099520646602396,,,
10.73,4.0,usv1|usv2|usv3|usv4,xy:held_margin,18.28027456239196,45.129951492117954,2.0,3.0,4.0,0.40713435520078456,,,1.099771032251376,,,
10.74,4.0,usv1|usv2|usv3|usv4,xy:held_margin,18.280578614912073,45.13068749917486,2.0,3.0,4.0,0.4076195045876576,,,1.10002216529854,,,
10.75,4.0,usv1|usv2|usv3|usv4,xy:held_margin,18.281188209602863,45.13237577076299,2.0,3.0,4.0,0.41697190592805183,,,1.0997109311066091,,,
10.76,4.0,usv1|usv2|usv3|usv4,xy:held_margin,18.281493617100068,45.13306388545019,2.0,3.0,4.0,0.41751236868001995,,,1.0999600564185719,,,
10.77,4.0,usv1|usv2|usv3|usv4,xy:held_margin,18.281799002309263,45.133744482981925,2.0,3.0,4.0,0.41805435308126343,,,1.1002099234060854,,,
10.78,4.0,usv1|usv2|usv3|usv4,xy:held_margin,18.28210462144273,45.134503122658394,2.0,3.0,4.0,0.4185829422718178,,,1.1004605337040718,,,
10.790000000000001,4.0,usv1|usv2|usv3|usv4,xy:held_margin,18.28241037534642,45.13530505841183,2.0,3.0,4.0,0.41913336722329664,,,1.1007118884533424,,,
10.8,4.0,usv1|usv2|usv3|usv4,xy:held_margin,18.282319527595615,45.13511051125314,2.0,3.0,4.0,0.4266998852839369,,,1.1003999122754808,,,
10.81,4.0,usv1|usv2|usv3|usv4,xy:held_margin,18.28262261259326,45.13569626378604,2.0,3.0,4.0,0.4272538556785832,,,1.1006492505478673,,,
10.82,4.0,usv1|usv2|usv3|usv4,xy:held_margin,18.282925858571897,45.13633458082812,2.0,3.0,4.0,0.42780720144876094,,,1.100899328047873,,,
10.83,4.0,usv1|usv2|usv3|usv4,xy:held_margin,18.283229150522395,45.13698791145842,2.0,3.0,4.0,0.4283729564664415,,,1.1011501459050856,,,
10.84,4.0,usv1|usv2|usv3|usv4,xy:held_margin,18.283532560756054,45.137679240943584,2.0,3.0,4.0,0.42893726344809907,,,1.1014017054838445,,,
10.85,4.0,usv1|usv2|usv3|usv4,xy:held_margin,18.283550180190584,45.13701261874528,2.0,3.0,4.0,0.3998602943103295,,,1.1010909616177422,,,
10.86,4.0,usv1|usv2|usv3|usv4,xy:held_margin,18.283852419460892,45.137729107702185,2.0,3.0,4.0,0.39081258484645987,,,1.1013405020402622,,,
10.870000000000001,4.0,usv1|usv2|usv3|usv4,xy:held_margin,18.282893222323803,45.134885401963956,2.0,3.0,4.0,0.39124760091482735,,,1.09515799581641,,,
10.88,4.0,usv1|usv2|usv3|usv4,xy:held_margin,18.283193587002533,45.1356647958772,2.0,3.0,4.0,0.3916797387865137,,,1.0954021607116393,,,
10.89,4.0,usv1|usv2|usv3|usv4,xy:held_margin,18.28349350079266,45.13635760263064,2.0,3.0,4.0,0.3921159374009047,,,1.0956471096978795,,,
10.9,4.0,usv1|usv2|usv3|usv4,xy:held_margin,18.28445288721593,45.13891250456988,2.0,3.0,4.0,0.397639017636187,,,1.095354603776745,,,
10.91,4.0,usv1|usv2|usv3|usv4,xy:held_margin,18.28475614713342,45.13951425893992,2.0,3.0,4.0,0.3980969341267073,,,1.0955976952231659,,,
10.92,4.0,usv1|usv2|usv3|usv4,xy:held_margin,18.28505979550486,45.140192563359726,2.0,3.0,4.0,0.3985620870847256,,,1.0958415671753445,,,
10.93,4.0,usv1|usv2|usv3|usv4,xy:held_margin,18.285363713271323,45.140925505040066,2.0,3.0,4.0,0.39901962278666137,,,1.0960862208356315,,,
10.94,4.0,usv1|usv2|usv3|usv4,xy:held_margin,18.285667505235693,45.14163410218935,2.0,3.0,4.0,0.39948920543814526,,,1.0963316568442134,,,
10.950000000000001,4.0,usv1|usv2|usv3|usv4,xy:held_margin,18.286398224855787,45.14362998864775,2.0,3.0,4.0,0.40919282580759014,,,1.096038397963509,,,
10.96,4.0,usv1|usv2|usv3|usv4,xy:held_margin,18.286704650865435,45.14438466325597,2.0,3.0,4.0,0.40971414861870414,,,1.0962819679767402,,,
10.97,4.0,usv1|usv2|usv3|usv4,xy:held_margin,18.287011038192603,45.14513228601387,2.0,3.0,4.0,0.4102293096630837,,,1.096526315071814,,,
10.98,4.0,usv1|usv2|usv3|usv4,xy:held_margin,18.287317342741986,45.14586386370836,2.0,3.0,4.0,0.4107545466810668,,,1.0967714406235154,,,
10.99,4.0,usv1|usv2|usv3|usv4,xy:held_margin,18.287623708580217,45.146608537288515,2.0,3.0,4.0,0.4112880859693163,,,1.0970173463476531,,,
11.0,4.0,usv1|usv2|usv3|usv4,xy:held_margin,18.287731356098373,45.14726212374013,2.0,3.0,4.0,0.43481593723611817,,,1.096724553155134,,,
11.01,4.0,usv1|usv2|usv3|usv4,xy:held_margin,18.288036234734175,45.14796610012273,2.0,3.0,4.0,0.43540118632762775,,,1.0969685879886324,,,
11.02,4.0,usv1|usv2|usv3|usv4,xy:held_margin,18.288340764047533,45.14859435520561,2.0,3.0,4.0,0.43596655840928283,,,1.0972133967821422,,,
11.03,4.0,usv1|usv2|usv3|usv4,xy:held_margin,18.288645845219676,45.149344258702236,2.0,3.0,4.0,0.4365824813323976,,,1.097458982780109,,,
11.040000000000001,4.0,usv1|usv2|usv3|usv4,xy:held_margin,18.28895071701375,45.15004828451203,2.0,3.0,4.0,0.4371814184355019,,,1.0977053458832633,,,
11.05,4.0,usv1|usv2|usv3|usv4,xy:held_margin,18.288685548254918,45.148803924021536,2.0,3.0,4.0,0.4156254517753036,,,1.0974024548475363,,,
11.06,4.0,usv1|usv2|usv3|usv4,xy:held_margin,18.288987621453717,45.14956936538997,2.0,3.0,4.0,0.41617765998763595,,,1.0976468923200473,,,
11.07,4.0,usv1|usv2|usv3|usv4,xy:held_margin,18.289289537839306,45.15029743227975,2.0,3.0,4.0,0.4167153470166811,,,1.0978921015146312,,,
11.08,4.0,usv1|usv2|usv3|usv4,xy:held_margin,18.289591275470297,45.15098339820705,2.0,3.0,4.0,0.41722856374840145,,,1.0981380838061203,,,
11.09,4.0,usv1|usv2|usv3|usv4,xy:held_margin,18.289893105252677,45.151690335405576,2.0,3.0,4.0,0.4177455193932999,,,1.0983848411486699,,,
11.1,4.0,usv1|usv2|usv3|usv4,xy:held_margin,18.289655546225525,45.15094043323101,2.0,3.0,4.0,0.41574597763874416,,,1.0980846153376718,,,
11.11,4.0,usv1|usv2|usv3|usv4,xy:held_margin,18.28995404992625,45.15157254199389,2.0,3.0,4.0,0.4162136670747068,,,1.0983294540294133,,,
11.120000000000001,4.0,usv1|usv2|usv3|usv4,xy:held_margin,18.290252472436435,45.1521843519061,2.0,3.0,4.0,0.4166719217829212,,,1.0985750620446066,,,
11.13,4.0,usv1|usv2|usv3|usv4,xy:held_margin,18.290551126935238,45.15285046783022,2.0,3.0,4.0,0.41715415461249056,,,1.0988214413688928,,,
11.14,4.0,usv1|usv2|usv3|usv4,xy:held_margin,18.290849861456554,45.15353453866689,2.0,3.0,4.0,0.4176586279699432,,,1.0990685931028161,,,
11.15,4.0,usv1|usv2|usv3|usv4,xy:held_margin,18.29170029227732,45.15550284203911,2.0,3.0,4.0,0.40872634761204457,,,1.0987683630961758,,,
11.16,4.0,usv1|usv2|usv3|usv4,xy:held_margin,18.292002301133806,45.156227982567074,2.0,3.0,4.0,0.4092318785801768,,,1.099013593405576,,,
11.17,4.0,usv1|usv2|usv3|usv4,xy:held_margin,18.29230412415128,45.156906004573365,2.0,3.0,4.0,0.4096950358840956,,,1.0992595901909878,,,
11.18,4.0,usv1|usv2|usv3|usv4,xy:held_margin,18.29260572573496,45.15752570937335,2.0,3.0,4.0,0.4101305506078821,,,1.0995063547824004,,,
11.19,4.0,usv1|usv2|usv3|usv4,xy:held_margin,18.292907545193955,45.15819928414435,2.0,3.0,4.0,0.4106031557033156,,,1.0997538894035865,,,
11.200000000000001,4.0,usv1|usv2|usv3|usv4,xy:held_margin,18.293976883442753,45.16132056096061,2.0,3.0,4.0,0.4362659690870861,,,1.099459702148956,,,
11.21,4.0,usv1|usv2|usv3|usv4,xy:held_margin,18.294282830864482,45.16200818666733,2.0,3.0,4.0,0.43683314342781726,,,1.0997053394905452,,,
11.22,4.0,usv1|usv2|usv3|usv4,xy:held_margin,18.29458894491193,45.162739147792,2.0,3.0,4.0,0.43743519547180404,,,1.099951741389771,,,
11.23,4.0,usv1|usv2|usv3|usv4,xy:held_margin,18.294894716950942,45.16338116113386,2.0,3.0,4.0,0.4379893169772338,,,1.1001989083191779,,,
11.24,4.0,usv1|usv2|usv3|usv4,xy:held_margin,18.295200310302658,45.16397478095739,2.0,3.0,4.0,0.43852691779469405,,,1.1004468419373887,,,
11.25,4.0,usv1|usv2|usv3|usv4,xy:held_margin,18.29560378143296,45.16481892991895,2.0,3.0,4.0,0.4307795226552304,,,1.1001439793671455,,,
11.26,4.0,usv1|usv2|usv3|usv4,xy:held_margin,18.295910214557257,45.16547931077265,2.0,3.0,4.0,0.43132389972367663,,,1.1003899694193513,,,
11.27,4.0,usv1|usv2|usv3|usv4,xy:held_margin,18.296217045910097,45.16624907689493,2.0,3.0,4.0,0.43192138605265507,,,1.10063672176052,,,
11.28,4.0,usv1|usv2|usv3|usv4,xy:held_margin,18.29652345689995,45.16690560782338,2.0,3.0,4.0,0.4324636109467129,,,1.1008842362949942,,,
11.290000000000001,4.0,usv1|usv2|usv3|usv4,xy:held_margin,18.296830034581557,45.167608317942694,2.0,3.0,4.0,0.43302035182846116,,,1.1011325154532305,,,
11.3,4.0,usv1|usv2|usv3|usv4,xy:held_margin,18.297180046332723,45.16800697004531,2.0,3.0,4.0,0.41165749313881334,,,1.10082592533762,,,
11.31,4.0,usv1|usv2|usv3|usv4,xy:held_margin,18.297486969795667,45.168701974258674,2.0,3.0,4.0,0.4121508587022417,,,1.1010722385534895,,,
11.32,4.0,usv1|usv2|usv3|usv4,xy:held_margin,18.297794082633196,45.16945041703115,2.0,3.0,4.0,0.41267659051849337,,,1.101319311067989,,,
11.33,4.0,usv1|usv2|usv3|usv4,xy:held_margin,18.298100904821265,45.17011555884618,2.0,3.0,4.0,0.41314419623233534,,,1.1015671433830303,,,
11.34,4.0,usv1|usv2|usv3|usv4,xy:held_margin,18.29840776285918,45.17078963634938,2.0,3.0,4.0,0.4136285070774356,,,1.101815737416883,,,
11.35,4.0,usv1|usv2|usv3|usv4,xy:held_margin,18.29824048697329,45.170676750184285,2.0,3.0,4.0,0.4367533385141214,,,1.1015160738141674,,,
11.36,4.0,usv1|usv2|usv3|usv4,xy:held_margin,18.298544631609175,45.17133502105961,2.0,3.0,4.0,0.4372985817667592,,,1.101762729509582,,,
11.370000000000001,4.0,usv1|usv2|usv3|usv4,xy:held_margin,18.298848927620334,45.172037338023856,2.0,3.0,4.0,0.43785609340498427,,,1.102010141775858,,,
11.38,4.0,usv1|usv2|usv3|usv4,xy:held_margin,18.299153330510507,45.172772450288655,2.0,3.0,4.0,0.43844224176789015,,,1.1022583119247313,,,
11.39,4.0,usv1|usv2|usv3|usv4,xy:held_margin,18.29945794011282,45.17356987544308,2.0,3.0,4.0,0.4390724111041688,,,1.1025072414374126,,,
11.4,4.0,usv1|usv2|usv3|usv4,xy:held_margin,18.299966825328706,45.17499133374206,2.0,3.0,4.0,0.45256387366571577,,,1.102205843026534,,,
11.41,4.0,usv1|usv2|usv3|usv4,xy:held_margin,18.30027203313361,45.17566436166595,2.0,3.0,4.0,0.4531541518957856,,,1.1024528220434937,,,
11.42,4.0,usv1|usv2|usv3|usv4,xy:held_margin,18.300577366564525,45.17637460295191,2.0,3.0,4.0,0.4537773687577981,,,1.1027005549197746,,,
11.43,4.0,usv1|usv2|usv3|usv4,xy:held_margin,18.30088262041915,45.17706126641638,2.0,3.0,4.0,0.454386945067807,,,1.1029490426739357,,,
11.44,4.0,usv1|usv2|usv3|usv4,xy:held_margin,18.301187824846252,45.17773465713048,2.0,3.0,4.0,0.4549893421414912,,,1.1031982866983256,,,
11.450000000000001,4.0,usv1|usv2|usv3|usv4,xy:held_margin,18.30128383099137,45.17869174019638,2.0,3.0,4.0,0.4960427905319477,,,1.1029005984929543,,,
11.46,4.0,usv1|usv2|usv3|usv4,xy:held_margin,18.30158812795894,45.17949169758374,2.0,3.0,4.0,0.4968536247304769,,,1.1031479057523461,,,
11.47,4.0,usv1|usv2|usv3|usv4,xy:held_margin,18.30189198403417,45.18015068518794,2.0,3.0,4.0,0.49757344888346056,,,1.1033959632969625,,,
11.48,4.0,usv1|usv2|usv3|usv4,xy:held_margin,18.30219595289907,45.18084182479406,2.0,3.0,4.0,0.49831567885287026,,,1.103644773381862,,,
11.49,4.0,usv1|usv2|usv3|usv4,xy:held_margin,18.30249981877696,45.18150037226522,2.0,3.0,4.0,0.49902784781544807,,,1.1038943370099188,,,
11.5,4.0,usv1|usv2|usv3|usv4,xy:held_margin,18.302565599326055,45.181703870514994,2.0,3.0,4.0,0.5128133664947235,,,1.1035903573890646,,,
11.51,4.0,usv1|usv2|usv3|usv4,xy:held_margin,18.302868070493357,45.18233136521696,2.0,3.0,4.0,0.5135673933149292,,,1.1038379511513075,,,
11.52,4.0,usv1|usv2|usv3|usv4,xy:held_margin,18.30317072026537,45.18301452264036,2.0,3.0,4.0,0.5143376597185556,,,1.1040862936417886,,,
11.53,4.0,usv1|usv2|usv3|usv4,xy:held_margin,18.303473329794492,45.18368419336678,2.0,3.0,4.0,0.5151126527025109,,,1.104335385794742,,,
11.540000000000001,4.0,usv1|usv2|usv3|usv4,xy:held_margin,18.30377590233347,45.18434106853563,2.0,3.0,4.0,0.5158836972677106,,,1.1045852289235523,,,
11.55,4.0,usv1|usv2|usv3|usv4,xy:held_margin,18.30411075400512,45.185450916122576,2.0,3.0,4.0,0.5335338620846826,,,1.1042814296103411,,,
11.56,4.0,usv1|usv2|usv3|usv4,xy:held_margin,18.30441339136328,45.18610304966667,2.0,3.0,4.0,0.534349942689439,,,1.104529300444718,,,
11.57,4.0,usv1|usv2|usv3|usv4,xy:held_margin,18.304715850395645,45.186696508707655,2.0,3.0,4.0,0.535161857481711,,,1.1047779168295833,,,
11.58,4.0,usv1|usv2|usv3|usv4,xy:held_margin,18.305018656500227,45.187403346994905,2.0,3.0,4.0,0.5360062937525435,,,1.105027280910916,,,
11.59,4.0,usv1|usv2|usv3|usv4,xy:held_margin,18.305321141633684,45.188003968099764,2.0,3.0,4.0,0.5368277614775401,,,1.1052773928570347,,,
11.6,4.0,usv1|usv2|usv3|usv4,xy:held_margin,18.30508709370033,45.18764871037371,2.0,3.0,4.0,0.5570549265550784,,,1.1049722886859712,,,
11.61,4.0,usv1|usv2|usv3|usv4,xy:held_margin,18.305386963465846,45.18832563792578,2.0,3.0,4.0,0.5579486930997022,,,1.105220418937418,,,
11.620000000000001,4.0,usv1|usv2|usv3|usv4,xy:held_margin,18.305686577230937,45.18891777358919,2.0,3.0,4.0,0.5588364856710778,,,1.1054692919704607,,,
11.63,4.0,usv1|usv2|usv3|usv4,xy:held_margin,18.305986546097852,45.18963072255752,2.0,3.0,4.0,0.5597334794663096,,,1.105718910085942,,,
11.64,4.0,usv1|usv2|usv3|usv4,xy:held_margin,18.306286187893143,45.190233611190756,2.0,3.0,4.0,0.5606175714432393,,,1.1059692734731443,,,
11.65,4.0,usv1|usv2|usv3|usv4,xy:held_margin,18.306699938722243,45.19113264764294,2.0,3.0,4.0,0.5562795509845609,,,1.105659498505312,,,
11.66,4.0,usv1|usv2|usv3|usv4,xy:held_margin,18.307000446520437,45.19182227570505,2.0,3.0,4.0,0.5571613940238971,,,1.1059078572653087,,,
11.67,4.0,usv1|usv2|usv3|usv4,xy:held_margin,18.307301023361127,45.192534652441225,2.0,3.0,4.0,0.5580445598703857,,,1.1061569567077054,,,
11.68,4.0,usv1|usv2|usv3|usv4,xy:held_margin,18.307601440691915,45.19319119891319,2.0,3.0,4.0,0.5589165898931121,,,1.1064067977635714,,,
11.69,4.0,usv1|usv2|usv3|usv4,xy:held_margin,18.307901719349527,45.19379967309557,2.0,3.0,4.0,0.559800620476147,,,1.106657381780318,,,
11.700000000000001,4.0,usv1|usv2|usv3|usv4,xy:held_margin,18.308142214624088,45.19304741056527,2.0,3.0,4.0,0.4935538506338008,,,1.1063341598707215,,,
11.71,4.0,usv1|usv2|usv3|usv4,xy:held_margin,18.30844264583991,45.193700965476516,2.0,3.0,4.0,0.4942246579570385,,,1.10658267790071,,,
11.72,4.0,usv1|usv2|usv3|usv4,xy:held_margin,18.308743068762624,45.194350811120614,2.0,3.0,4.0,0.49488718557431977,,,1.1068319338857435,,,
11.73,4.0,usv1|usv2|usv3|usv4,xy:held_margin,18.309043512858228,45.19500733513462,2.0,3.0,4.0,0.4955601007175947,,,1.107081929195519,,,
11.74,4.0,usv1|usv2|usv3|usv4,xy:held_margin,18.309343933499992,45.195655846445256,2.0,3.0,4.0,0.49623543397193476,,,1.107332665043216,,,
11.75,4.0,usv1|usv2|usv3|usv4,xy:held_margin,18.310127628580123,45.19676650080733,2.0,3.0,4.0,0.4503258899205374,,,1.1070130518708878,,,
11.76,4.0,usv1|usv2|usv3|usv4,xy:held_margin,18.310430857026113,45.19747402272715,2.0,3.0,4.0,0.4508457024569727,,,1.1072617354307763,,,
11.77,4.0,usv1|usv2|usv3|usv4,xy:held_margin,18.310734158474975,45.19820752058658,2.0,3.0,4.0,0.45137625816783844,,,1.1075111545339313,,,
11.78,4.0,usv1|usv2|usv3|usv4,xy:held_margin,18.311037200532823,45.19884978867121,2.0,3.0,4.0,0.4572535566344755,,,1.1077613099380872,,,
11.790000000000001,4.0,usv1|usv2|usv3|usv4,xy:held_margin,18.309903380866647,45.19601095912777,2.0,3.0,4.0,0.45776524878516295,,,1.1044151576890266,,,
11.8,4.0,usv1|usv2|usv3|usv4,xy:held_margin,18.310478958349883,45.19727881057004,2.0,3.0,4.0,0.4527940279472424,,,1.1041179318343075,,,
11.81,4.0,usv1|usv2|usv3|usv4,xy:held_margin,18.31078110353151,45.1979919714977,2.0,3.0,4.0,0.45329279873512335,,,1.1043608963279068,,,
11.82,4.0,usv1|usv2|usv3|usv4,xy:held_margin,18.311083121950247,45.19856060850819,2.0,3.0,4.0,0.45378681206397276,,,1.104604640088146,,,
11.83,4.0,usv1|usv2|usv3|usv4,xy:held_margin,18.31138527343004,45.199293521638566,2.0,3.0,4.0,0.4542837283784132,,,1.104849164997497,,,
11.84,4.0,usv1|usv2|usv3|usv4,xy:held_margin,18.311687394907,45.19999914945214,2.0,3.0,4.0,0.4547724959422002,,,1.1050944723375915,,,
11.85,4.0,usv1|usv2|usv3|usv4,xy:held_margin,18.31167794687406,45.19943533001676,2.0,3.0,4.0,0.4337173230229245,,,1.1047903933889116,,,
11.86,4.0,usv1|usv2|usv3|usv4,xy:held_margin,18.311978399059615,45.20016492963597,2.0,3.0,4.0,0.4341447743703093,,,1.1050337926871674,,,
11.870000000000001,4.0,usv1|usv2|usv3|usv4,xy:held_margin,18.312278724889726,45.20077674152877,2.0,3.0,4.0,0.43456428880386844,,,1.105277968800774,,,
11.88,4.0,usv1|usv2|usv3|usv4,xy:held_margin,18.31257917604691,45.201506078238914,2.0,3.0,4.0,0.43498134692629414,,,1.1055229235992592,,,
11.89,4.0,usv1|usv2|usv3|usv4,xy:held_margin,18.312879549160975,45.20216637851391,2.0,3.0,4.0,0.43540490750874705,,,1.1057686582672779,,,
11.9,4.0,usv1|usv2|usv3|usv4,xy:held_margin,18.313505176741913,45.20364897319027,2.0,3.0,4.0,0.43229324254523244,,,1.105470303372549,,,
11.91,4.0,usv1|usv2|usv3|usv4,xy:held_margin,18.313807573496224,45.204410057755865,2.0,3.0,4.0,0.43272615178313445,,,1.105714150883522,,,
11.92,4.0,usv1|usv2|usv3|usv4,xy:held_margin,18.314109891393706,45.20510529754874,2.0,3.0,4.0,0.4331392663972889,,,1.1059587728679183,,,
11.93,4.0,usv1|usv2|usv3|usv4,xy:held_margin,18.31441228933466,45.20585761623074,2.0,3.0,4.0,0.43358055988615396,,,1.1062041710573782,,,
11.94,4.0,usv1|usv2|usv3|usv4,xy:held_margin,18.314714498956082,45.20646663770334,2.0,3.0,4.0,0.43398190160801703,,,1.1064503465102449,,,
11.950000000000001,4.0,usv1|usv2|usv3|usv4,xy:held_margin,18.315272787716797,45.20827558636751,2.0,3.0,4.0,0.45947030779923126,,,1.1061588475974304,,,
11.96,4.0,usv1|usv2|usv3|usv4,xy:held_margin,18.315576251720454,45.2088475259062,2.0,3.0,4.0,0.4599546153665888,,,1.1064031589024874,,,
11.97,4.0,usv1|usv2|usv3|usv4,xy:held_margin,18.31587982107678,45.20949416467394,2.0,3.0,4.0,0.4604633738823861,,,1.1066482425189423,,,
11.98,4.0,usv1|usv2|usv3|usv4,xy:held_margin,18.316183558636414,45.21025713022411,2.0,3.0,4.0,0.4609806986678892,,,1.106894100024342,,,
11.99,4.0,usv1|usv2|usv3|usv4,xy:held_margin,18.31648713010677,45.210912154672016,2.0,3.0,4.0,0.4614901007538466,,,1.1071407323201494,,,
12.0,4.0,usv1|usv2|usv3|usv4,xy:held_margin,18.316658717173883,45.21085183308904,2.0,3.0,4.0,0.44164643021669325,,,1.1068347648919026,,,
12.01,4.0,usv1|usv2|usv3|usv4,xy:held_margin,18.31696165035158,45.211498134894455,2.0,3.0,4.0,0.4420891141298425,,,1.1070794640574697,,,
12.02,4.0,usv1|usv2|usv3|usv4,xy:held_margin,18.317264527499155,45.212112217033656,2.0,3.0,4.0,0.4425349775071761,,,1.1073249327535974,,,
12.030000000000001,4.0,usv1|usv2|usv3|usv4,xy:held_margin,18.317567645514593,45.2128671846865,2.0,3.0,4.0,0.4429806038533634,,,1.107571172874379,,,
12.040000000000001,4.0,usv1|usv2|usv3|usv4,xy:held_margin,18.317870641840003,45.213550511903264,2.0,3.0,4.0,0.443417112470835,,,1.1078181852203053,,,
12.05,4.0,usv1|usv2|usv3|usv4,xy:held_margin,18.318664475603754,45.21465039492311,2.0,3.0,4.0,0.39323338439009914,,,1.1075039864556688,,,
12.06,4.0,usv1|usv2|usv3|usv4,xy:held_margin,18.31897041647417,45.21527593156849,2.0,3.0,4.0,0.39351399688084204,,,1.1077490263457206,,,
12.07,4.0,usv1|usv2|usv3|usv4,xy:held_margin,18.31927642774848,45.2159411530481,2.0,3.0,4.0,0.3938036212290104,,,1.107994833356726,,,
12.08,4.0,usv1|usv2|usv3|usv4,xy:held_margin,18.31958257676269,45.2166774617171,2.0,3.0,4.0,0.39409385252214274,,,1.1082414090370636,,,
12.09,4.0,usv1|usv2|usv3|usv4,xy:held_margin,18.319888530679368,45.217312134973355,2.0,3.0,4.0,0.39438019718202094,,,1.1084887542361324,,,
12.1,4.0,usv1|usv2|usv3|usv4,xy:held_margin,18.320143929600366,45.217880943700834,2.0,3.0,4.0,0.39451539781358114,,,1.108186726916946,,,
12.11,4.0,usv1|usv2|usv3|usv4,xy:held_margin,18.320449885827585,45.218659073639564,2.0,3.0,4.0,0.3948168815897348,,,1.1084321457248942,,,
12.120000000000001,4.0,usv1|usv2|usv3|usv4,xy:held_margin,18.32075568431434,45.21935787357835,2.0,3.0,4.0,0.39511475444826166,,,1.1086783287995126,,,
12.13,4.0,usv1|usv2|usv3|usv4,xy:held_margin,18.321061483487345,45.22005921332887,2.0,3.0,4.0,0.39541434206919457,,,1.1089252777517817,,,
12.14,4.0,usv1|usv2|usv3|usv4,xy:held_margin,18.32136724651387,45.220744932646305,2.0,3.0,4.0,0.3957101922807186,,,1.1091729939163657,,,
12.15,4.0,usv1|usv2|usv3|usv4,xy:held_margin,18.32175555561344,45.222407042063175,2.0,3.0,4.0,0.4350109196657979,,,1.1088815940293923,,,
12.16,4.0,usv1|usv2|usv3|usv4,xy:held_margin,18.322061610172526,45.22311783870323,2.0,3.0,4.0,0.43544461144571217,,,1.1091274228491044,,,
12.17,4.0,usv1|usv2|usv3|usv4,xy:held_margin,18.322367629129143,45.22380818692395,2.0,3.0,4.0,0.4358729459875908,,,1.1093740135904482,,,
12.18,4.0,usv1|usv2|usv3|usv4,xy:held_margin,18.32267373612171,45.224534894449754,2.0,3.0,4.0,0.4363145360436334,,,1.1096213677905093,,,
12.19,4.0,usv1|usv2|usv3|usv4,xy:held_margin,18.32297982580433,45.22525092844053,2.0,3.0,4.0,0.43674465929686407,,,1.1098694866421732,,,
12.200000000000001,4.0,usv1|usv2|usv3|usv4,xy:held_margin,18.32332870067614,45.22541799137437,2.0,3.0,4.0,0.40317030356218353,,,1.1095561185351828,,,
12.21,4.0,usv1|usv2|usv3|usv4,xy:held_margin,18.323635285746377,45.22616444242035,2.0,3.0,4.0,0.4035210853412908,,,1.1098022533773322,,,
12.22,4.0,usv1|usv2|usv3|usv4,xy:held_margin,18.32394155141103,45.22677562115512,2.0,3.0,4.0,0.4038054632497727,,,1.1100491470225642,,,
12.23,4.0,usv1|usv2|usv3|usv4,xy:held_margin,18.324248014483924,45.227471835256374,2.0,3.0,4.0,0.4041222164667385,,,1.1102968016878427,,,
12.24,4.0,usv1|usv2|usv3|usv4,xy:held_margin,18.324554494579786,45.2281767404456,2.0,3.0,4.0,0.4044534245187638,,,1.110545218437338,,,
12.25,4.0,usv1|usv2|usv3|usv4,xy:held_margin,18.32408446267171,45.22635744132412,2.0,3.0,4.0,0.3841743903091989,,,1.1102327251809945,,,
12.26,4.0,usv1|usv2|usv3|usv4,xy:held_margin,18.32438689868725,45.22706871498202,2.0,3.0,4.0,0.38442565628888303,,,1.110479155168425,,,
12.27,4.0,usv1|usv2|usv3|usv4,xy:held_margin,18.324689306001154,45.22777012387004,2.0,3.0,4.0,0.3846645040636698,,,1.1107263418525244,,,
12.280000000000001,4.0,usv1|usv2|usv3|usv4,xy:held_margin,18.32499184408314,45.228524453763015,2.0,3.0,4.0,0.3849419470406986,,,1.110974286883698,,,
12.290000000000001,4.0,usv1|usv2|usv3|usv4,xy:held_margin,18.325294190406208,45.22920238548935,2.0,3.0,4.0,0.38518263943005676,,,1.1112229910797293,,,
12.3,4.0,usv1|usv2|usv3|usv4,xy:held_margin,18.325770868857262,45.23075206704949,2.0,3.0,4.0,0.4061449467283225,,,1.1109239879800428,,,
12.31,4.0,usv1|usv2|usv3|usv4,xy:held_margin,18.32607430479447,45.23153288417927,2.0,3.0,4.0,0.40651008167249236,,,1.1111707587695487,,,
12.32,4.0,usv1|usv2|usv3|usv4,xy:held_margin,18.326377487816412,45.23221556415602,2.0,3.0,4.0,0.4068254945506804,,,1.1114182833415291,,,
12.33,4.0,usv1|usv2|usv3|usv4,xy:held_margin,18.326680802570486,45.23294931589385,2.0,3.0,4.0,0.40717868458253936,,,1.1116665636964551,,,
12.34,4.0,usv1|usv2|usv3|usv4,xy:held_margin,18.326983991776228,45.2336353923165,2.0,3.0,4.0,0.40749829700124685,,,1.1119156007715745,,,
12.35,4.0,usv1|usv2|usv3|usv4,xy:held_margin,18.327743049825894,45.235251149581536,2.0,3.0,4.0,0.39685788321853743,,,1.1116069021797954,,,
12.36,4.0,usv1|usv2|usv3|usv4,xy:held_margin,18.32804881536407,45.23597945451175,2.0,3.0,4.0,0.3971833533651553,,,1.1118539620753511,,,
12.370000000000001,4.0,usv1|usv2|usv3|usv4,xy:held_margin,18.32835428898264,45.2365977935147,2.0,3.0,4.0,0.3974242402782034,,,1.112101773021767,,,
12.38,4.0,usv1|usv2|usv3|usv4,xy:held_margin,18.32865968290125,45.23718905797178,2.0,3.0,4.0,0.39765519554400275,,,1.112350336744448,,,
12.39,4.0,usv1|usv2|usv3|usv4,xy:held_margin,18.328965656122005,45.23799303887173,2.0,3.0,4.0,0.3980192754583246,,,1.112599655742304,,,
12.4,4.0,usv1|usv2|usv3|usv4,xy:held_margin,18.32971729328376,45.239229901639725,2.0,3.0,4.0,0.3689685191753481,,,1.1122844112446773,,,
12.41,4.0,usv1|usv2|usv3|usv4,xy:held_margin,18.330025386331116,45.239900848747425,2.0,3.0,4.0,0.3691683715497922,,,1.1125317217097355,,,
12.42,4.0,usv1|usv2|usv3|usv4,xy:held_margin,18.330333276182046,45.24049682623492,2.0,3.0,4.0,0.3693198160127341,,,1.1127797808628972,,,
12.43,4.0,usv1|usv2|usv3|usv4,xy:held_margin,18.330641284392,45.241133262745215,2.0,3.0,4.0,0.36949629236566345,,,1.1130285906653348,,,
12.44,4.0,usv1|usv2|usv3|usv4,xy:held_margin,18.330949514898947,45.24185017759446,2.0,3.0,4.0,0.36972875318486614,,,1.1132781526744262,,,
12.450000000000001,4.0,usv1|usv2|usv3|usv4,xy:held_margin,18.332024566665737,45.244612938509086,2.0,3.0,4.0,0.373364758040113,,,1.1129720721630532,,,
12.46,4.0,usv1|usv2|usv3|usv4,xy:held_margin,18.33233685034945,45.24536584128652,2.0,3.0,4.0,0.3736633951109815,,,1.1132196600047677,,,
12.47,4.0,usv1|usv2|usv3|usv4,xy:held_margin,18.332648793159596,45.245999477536586,2.0,3.0,4.0,0.37387189981534275,,,1.113467993722877,,,
12.48,4.0,usv1|usv2|usv3|usv4,xy:held_margin,18.33296081203465,45.246659688508736,2.0,3.0,4.0,0.3741115924680035,,,1.1137170754065169,,,
12.49,4.0,usv1|usv2|usv3|usv4,xy:held_margin,18.33327277671034,45.24730158114218,2.0,3.0,4.0,0.3743454643470665,,,1.1139669061556952,,,
12.5,4.0,usv1|usv2|usv3|usv4,xy:held_margin,18.333737356488474,45.248459362725626,2.0,3.0,4.0,0.3743944474348,,,1.1136577543377344,,,
12.51,4.0,usv1|usv2|usv3|usv4,xy:held_margin,18.33405033251844,45.24918016734375,2.0,3.0,4.0,0.37467252336912416,,,1.1139055937822517,,,
12.52,4.0,usv1|usv2|usv3|usv4,xy:held_margin,18.334363448212496,45.24994751442379,2.0,3.0,4.0,0.3749934410807535,,,1.11415417735494,,,
12.530000000000001,4.0,usv1|usv2|usv3|usv4,xy:held_margin,18.33467626860479,45.25061312148472,2.0,3.0,4.0,0.37524419146865773,,,1.1144035055994668,,,
12.540000000000001,4.0,usv1|usv2|usv3|usv4,xy:held_margin,18.334989275008247,45.25134131259878,2.0,3.0,4.0,0.37554090458780814,,,1.1146535807675924,,,
12.55,4.0,usv1|usv2|usv3|usv4,xy:held_margin,18.335033713804183,45.250467967528664,2.0,3.0,4.0,0.3299803525001631,,,1.1143291887922782,,,
12.56,4.0,usv1|usv2|usv3|usv4,xy:held_margin,18.335345250598696,45.25108609795872,2.0,3.0,4.0,0.3300494389924922,,,1.1145772070964992,,,
12.57,4.0,usv1|usv2|usv3|usv4,xy:held_margin,18.335656898817092,45.251741949186865,2.0,3.0,4.0,0.3301504857717343,,,1.1148259669683196,,,
12.58,4.0,usv1|usv2|usv3|usv4,xy:held_margin,18.335968236984037,45.252292917338494,2.0,3.0,4.0,0.3302104189369328,,,1.1150754689378704,,,
12.59,4.0,usv1|usv2|usv3|usv4,xy:held_margin,18.336279920068804,45.252958859428354,2.0,3.0,4.0,0.3303206787162582,,,1.1153257155272198,,,
12.6,4.0,usv1|usv2|usv3|usv4,xy:held_margin,18.337245361797596,45.25499124163365,2.0,3.0,4.0,0.31244999345318003,,,1.1150098121948262,,,
12.61,4.0,usv1|usv2|usv3|usv4,xy:held_margin,18.337560253389253,45.25559360124685,2.0,3.0,4.0,0.3125322444984646,,,1.1152580341093334,,,
12.620000000000001,4.0,usv1|usv2|usv3|usv4,xy:held_margin,18.33787554372646,45.25632834481203,2.0,3.0,4.0,0.31265370797596115,,,1.115506995649762,,,
12.63,4.0,usv1|usv2|usv3|usv4,xy:held_margin,18.3381906548452,45.25700401548651,2.0,3.0,4.0,0.3127554807899944,,,1.1157566970738904,,,
12.64,4.0,usv1|usv2|usv3|usv4,xy:held_margin,18.338505719747555,45.25766547677318,2.0,3.0,4.0,0.31286585632163916,,,1.1160071398967775,,,
12.65,4.0,usv1|usv2|usv3|usv4,xy:held_margin,18.339492968645317,45.260255711829075,2.0,3.0,4.0,0.32519029180377473,,,1.115699257454916,,,
12.66,4.0,usv1|usv2|usv3|usv4,xy:held_margin,18.339811264674463,45.26088837871081,2.0,3.0,4.0,0.38957096841419936,,,1.1159477039234675,,,
12.67,4.0,usv1|usv2|usv3|usv4,xy:held_margin,18.33809220626284,45.25771991852507,2.0,3.0,4.0,0.38966445651333426,,,1.1062479701594607,,,
12.68,4.0,usv1|usv2|usv3|usv4,xy:held_margin,18.338406663782756,45.25846705833366,2.0,3.0,4.0,0.3897720797789908,,,1.1064922355990057,,,
12.69,4.0,usv1|usv2|usv3|usv4,xy:held_margin,18.338721046698176,45.259132219181794,2.0,3.0,4.0,0.3898746296768451,,,1.106737285210401,,,
12.700000000000001,4.0,usv1|usv2|usv3|usv4,xy:held_margin,18.33919824870423,45.26015523952049,2.0,3.0,4.0,0.3892693647445669,,,1.1064407394979936,,,
12.71,4.0,usv1|usv2|usv3|usv4,xy:held_margin,18.339513589597033,45.26081053244248,2.0,3.0,4.0,0.38937497125787546,,,1.106683934660326,,,
12.72,4.0,usv1|usv2|usv3|usv4,xy:held_margin,18.339828956733502,45.26149083936273,2.0,3.0,4.0,0.38948958348264534,,,1.106927908559459,,,
12.73,4.0,usv1|usv2|usv3|usv4,xy:held_margin,18.340144396621998,45.26222982973352,2.0,3.0,4.0,0.3895972738351719,,,1.1071726626781442,,,
12.74,4.0,usv1|usv2|usv3|usv4,xy:held_margin,18.340459851682315,45.26297551064185,2.0,3.0,4.0,0.3896990941264898,,,1.1074181984769813,,,
12.75,4.0,usv1|usv2|usv3|usv4,xy:held_margin,18.34028783706145,45.26302563019021,2.0,3.0,4.0,0.422872952681133,,,1.1071191490016452,,,
12.76,4.0,usv1|usv2|usv3|usv4,xy:held_margin,18.34060029348884,45.263805296364524,2.0,3.0,4.0,0.423080983276988,,,1.1073628109157312,,,
12.77,4.0,usv1|usv2|usv3|usv4,xy:held_margin,18.34091273290002,45.2645628026856,2.0,3.0,4.0,0.4232965346163406,,,1.107607249104574,,,
12.780000000000001,4.0,usv1|usv2|usv3|usv4,xy:held_margin,18.34122516266751,45.26530940902512,2.0,3.0,4.0,0.423507284960511,,,1.1078524650178527,,,
12.790000000000001,4.0,usv1|usv2|usv3|usv4,xy:held_margin,18.341537547518445,45.266024811788995,2.0,3.0,4.0,0.4237254672630904,,,1.1080984600868562,,,
12.8,4.0,usv1|usv2|usv3|usv4,xy:held_margin,18.341884125287564,45.26689217907274,2.0,3.0,4.0,0.4291245419057925,,,1.1077999694164742,,,
12.81,4.0,usv1|usv2|usv3|usv4,xy:held_margin,18.342196625888537,45.26757748230862,2.0,3.0,4.0,0.42935851784088874,,,1.1080440876710231,,,
12.82,4.0,usv1|usv2|usv3|usv4,xy:held_margin,18.342509207554155,45.26831494934851,2.0,3.0,4.0,0.42959076537707475,,,1.1082889797160038,,,
12.83,4.0,usv1|usv2|usv3|usv4,xy:held_margin,18.342821671290757,45.26898177179457,2.0,3.0,4.0,0.4298245138216417,,,1.1085346468924766,,,
12.84,4.0,usv1|usv2|usv3|usv4,xy:held_margin,18.343134096959844,45.26962824101602,2.0,3.0,4.0,0.43006016302405964,,,1.1087810906502877,,,
12.85,4.0,usv1|usv2|usv3|usv4,xy:held_margin,18.343491389644026,45.27006390406294,2.0,3.0,4.0,0.405443703335605,,,1.1084831150882337,,,
12.86,4.0,usv1|usv2|usv3|usv4,xy:held_margin,18.343804337681487,45.270768039741945,2.0,3.0,4.0,0.40559841681632935,,,1.1087276781027364,,,
12.870000000000001,4.0,usv1|usv2|usv3|usv4,xy:held_margin,18.344117395423925,45.271534707728364,2.0,3.0,4.0,0.4057755101873678,,,1.1089730124016761,,,
12.88,4.0,usv1|usv2|usv3|usv4,xy:held_margin,18.34443043727794,45.27229050445299,2.0,3.0,4.0,0.4059563659830731,,,1.1092191193138548,,,
12.89,4.0,usv1|usv2|usv3|usv4,xy:held_margin,18.344743433721277,45.27301829964518,2.0,3.0,4.0,0.4061321716010102,,,1.109466000229207,,,
12.9,4.0,usv1|usv2|usv3|usv4,xy:held_margin,18.34495436745821,45.27259121127008,2.0,3.0,4.0,0.36020733716271364,,,1.1091678253628652,,,
12.91,4.0,usv1|usv2|usv3|usv4,xy:held_margin,18.345266966003113,45.27325423876315,2.0,3.0,4.0,0.3602139448172775,,,1.1094128176188662,,,
12.92,4.0,usv1|usv2|usv3|usv4,xy:held_margin,18.345579650651132,45.27396355039971,2.0,3.0,4.0,0.36023892427545107,,,1.1096585785985484,,,
12.93,4.0,usv1|usv2|usv3|usv4,xy:held_margin,18.345892271257622,45.27464017567068,2.0,3.0,4.0,0.36025376650766155,,,1.109905109558309,,,
12.94,4.0,usv1|usv2|usv3|usv4,xy:held_margin,18.346204973096242,45.275353383662086,2.0,3.0,4.0,0.3602741930504711,,,1.1101524120332593,,,
12.950000000000001,4.0,usv1|usv2|usv3|usv4,xy:held_margin,18.34662331673836,45.27629071597325,2.0,3.0,4.0,0.35366061614037175,,,1.109851784643753,,,
12.96,4.0,usv1|usv2|usv3|usv4,xy:held_margin,18.346936587018625,45.27697549287468,2.0,3.0,4.0,0.35366062641579976,,,1.110097181920964,,,
12.97,4.0,usv1|usv2|usv3|usv4,xy:held_margin,18.347250010917303,45.277731269287166,2.0,3.0,4.0,0.35370055481776885,,,1.1103433453991052,,,
12.98,4.0,usv1|usv2|usv3|usv4,xy:held_margin,18.347563342210215,45.27844260400995,2.0,3.0,4.0,0.3537102821612804,,,1.1105902762160706,,,
12.99,4.0,usv1|usv2|usv3|usv4,xy:held_margin,18.34787630105802,45.27898651255875,2.0,3.0,4.0,0.35364582863727,,,1.1108379754615028,,,
13.0,4.0,usv1|usv2|usv3|usv4,xy:held_margin,18.347349198931923,45.27705803367471,2.0,3.0,4.0,0.3285567644879783,,,1.1105368027995153,,,
13.01,4.0,usv1|usv2|usv3|usv4,xy:held_margin,18.347658124420132,45.27778775600889,2.0,3.0,4.0,0.32848735146474856,,,1.110782587689803,,,
13.02,4.0,usv1|usv2|usv3|usv4,xy:held_margin,18.347966934784687,45.278467658382176,2.0,3.0,4.0,0.3283899924657012,,,1.111029135894801,,,
13.030000000000001,4.0,usv1|usv2|usv3|usv4,xy:held_margin,18.3482757190573,45.27913621053955,2.0,3.0,4.0,0.3282981452143449,,,1.1112764488869227,,,
13.040000000000001,4.0,usv1|usv2|usv3|usv4,xy:held_margin,18.34858460540112,45.27984622240947,2.0,3.0,4.0,0.32822443916585975,,,1.111524528173625,,,
13.05,4.0,usv1|usv2|usv3|usv4,xy:held_margin,18.34863884636388,45.28039157756407,2.0,3.0,4.0,0.35884932691148025,,,1.1112207997019112,,,
13.06,4.0,usv1|usv2|usv3|usv4,xy:held_margin,18.348946047587386,45.28105255650057,2.0,3.0,4.0,0.3588486124927019,,,1.1114669490759055,,,
13.07,4.0,usv1|usv2|usv3|usv4,xy:held_margin,18.34925361609292,45.281862925349955,2.0,3.0,4.0,0.3589071527404665,,,1.1117138596836627,,,
13.08,4.0,usv1|usv2|usv3|usv4,xy:held_margin,18.349560638764178,45.28245411233183,2.0,3.0,4.0,0.35888935255726545,,,1.111961531860024,,,
13.09,4.0,usv1|usv2|usv3|usv4,xy:held_margin,18.349868115525414,45.28322427556391,2.0,3.0,4.0,0.3589377637011578,,,1.1122099680899604,,,
13.1,4.0,usv1|usv2|usv3|usv4,xy:held_margin,18.350276186666136,45.28433446253534,2.0,3.0,4.0,0.36898837209833485,,,1.1119061153185432,,,
13.11,4.0,usv1|usv2|usv3|usv4,xy:held_margin,18.350584033245774,45.28505877540858,2.0,3.0,4.0,0.3690572998145663,,,1.1121526158978519,,,
13.120000000000001,4.0,usv1|usv2|usv3|usv4,xy:held_margin,18.35089166792262,45.285699683437514,2.0,3.0,4.0,0.3690927074304618,,,1.1123998744168224,,,
13.13,4.0,usv1|usv2|usv3|usv4,xy:held_margin,18.351199593247845,45.28645235022698,2.0,3.0,4.0,0.36917616180496393,,,1.1126478928170784,,,
13.14,4.0,usv1|usv2|usv3|usv4,xy:held_margin,18.35150727706558,45.287113714406765,2.0,3.0,4.0,0.36921179713100954,,,1.1128966718268851,,,
13.15,4.0,usv1|usv2|usv3|usv4,xy:held_margin,18.351172841816464,45.286177429137126,2.0,3.0,4.0,0.3727218517528205,,,1.1125919888585223,,,
13.16,4.0,usv1|usv2|usv3|usv4,xy:held_margin,18.35147715586408,45.28686334944844,2.0,3.0,4.0,0.3727863215428115,,,1.1128388228548756,,,
13.17,4.0,usv1|usv2|usv3|usv4,xy:held_margin,18.351781508045327,45.28756089331064,2.0,3.0,4.0,0.37285589908152544,,,1.113086412452017,,,
13.18,4.0,usv1|usv2|usv3|usv4,xy:held_margin,18.352085926678424,45.288281322609976,2.0,3.0,4.0,0.3729274897977343,,,1.1133347590298406,,,
13.19,4.0,usv1|usv2|usv3|usv4,xy:held_margin,18.352390163053535,45.288934332868514,2.0,3.0,4.0,0.3729794027777899,,,1.1135838636179576,,,
13.200000000000001,4.0,usv1|usv2|usv3|usv4,xy:held_margin,18.351803605403294,45.287195522780976,2.0,3.0,4.0,0.36725656939039003,,,1.1132785582278757,,,
13.21,4.0,usv1|usv2|usv3|usv4,xy:held_margin,18.35210341075941,45.28792737556845,2.0,3.0,4.0,0.36733087470158793,,,1.1135257099497822,,,
13.22,4.0,usv1|usv2|usv3|usv4,xy:held_margin,18.35240307256815,45.28860646669858,2.0,3.0,4.0,0.3673718065364435,,,1.1137736144102828,,,
13.23,4.0,usv1|usv2|usv3|usv4,xy:held_margin,18.352702583336868,45.28923166509564,2.0,3.0,4.0,0.36739549191185633,,,1.114022272936058,,,
13.24,4.0,usv1|usv2|usv3|usv4,xy:held_margin,18.353002206671633,45.28989788879806,2.0,3.0,4.0,0.3674400007398443,,,1.114271687180138,,,
13.25,4.0,usv1|usv2|usv3|usv4,xy:held_margin,18.353501094037846,45.29076632297031,2.0,3.0,4.0,0.35264003489268714,,,1.1139659418408872,,,
13.26,4.0,usv1|usv2|usv3|usv4,xy:held_margin,18.353801807347118,45.291418099881916,2.0,3.0,4.0,0.35261906106801477,,,1.1142133972025412,,,
13.27,4.0,usv1|usv2|usv3|usv4,xy:held_margin,18.354102557444154,45.292083201695476,2.0,3.0,4.0,0.35261445878172304,,,1.1144616028852157,,,
13.280000000000001,4.0,usv1|usv2|usv3|usv4,xy:held_margin,18.354403391783162,45.29277844465072,2.0,3.0,4.0,0.3526239136748096,,,1.1147105602771397,,,
13.290000000000001,4.0,usv1|usv2|usv3|usv4,xy:held_margin,18.35470429402061,45.293494970010705,2.0,3.0,4.0,0.3526461907247286,,,1.114960270671952,,,
13.3,4.0,usv1|usv2|usv3|usv4,xy:held_margin,18.354809018465268,45.29454033823142,2.0,3.0,4.0,0.39651387162372476,,,1.1146518148209674,,,
13.31,4.0,usv1|usv2|usv3|usv4,xy:held_margin,18.35510827119063,45.295123138909894,2.0,3.0,4.0,0.39661305701137833,,,1.1148995515441202,,,
13.32,4.0,usv1|usv2|usv3|usv4,xy:held_margin,18.35540779164339,45.29579651278131,2.0,3.0,4.0,0.39675651090617364,,,1.1151480362499362,,,
13.33,4.0,usv1|usv2|usv3|usv4,xy:held_margin,18.35570741062022,45.29650153866328,2.0,3.0,4.0,0.3969055689947599,,,1.115397270040965,,,
13.34,4.0,usv1|usv2|usv3|usv4,xy:held_margin,18.356006799119097,45.29712738305969,2.0,3.0,4.0,0.39702771585686875,,,1.1156472538063054,,,
13.35,4.0,usv1|usv2|usv3|usv4,xy:held_margin,18.356583972007517,45.298786747803554,2.0,3.0,4.0,0.4135187586818051,,,1.1153388206022905,,,
13.36,4.0,usv1|usv2|usv3|usv4,xy:held_margin,18.356884883240742,45.29948007360171,2.0,3.0,4.0,0.41372174682353924,,,1.1155868270462148,,,
13.370000000000001,4.0,usv1|usv2|usv3|usv4,xy:held_margin,18.357185715919424,45.300148140063385,2.0,3.0,4.0,0.4139057825823212,,,1.1158355784212,,,
13.38,4.0,usv1|usv2|usv3|usv4,xy:held_margin,18.357486426014457,45.300775941949844,2.0,3.0,4.0,0.4140845119235026,,,1.1160850759756844,,,
13.39,4.0,usv1|usv2|usv3|usv4,xy:held_margin,18.357787131434584,45.301402286876325,2.0,3.0,4.0,0.41426556902457223,,,1.1163353211582372,,,
13.4,4.0,usv1|usv2|usv3|usv4,xy:held_margin,18.35774617402666,45.30114704854876,2.0,3.0,4.0,0.410690403589085,,,1.116026533061866,,,
13.41,4.0,usv1|usv2|usv3|usv4,xy:held_margin,18.35804502856617,45.30172974125412,2.0,3.0,4.0,0.4108425286923176,,,1.1162747936838322,,,
13.42,4.0,usv1|usv2|usv3|usv4,xy:held_margin,18.35834423616253,45.302429321456266,2.0,3.0,4.0,0.4110349848577797,,,1.1165237971793585,,,
13.43,4.0,usv1|usv2|usv3|usv4,xy:held_margin,18.358643321790826,45.30308804816426,2.0,3.0,4.0,0.4112179626613763,,,1.1167735442263778,,,
13.44,4.0,usv1|usv2|usv3|usv4,xy:held_margin,18.358942410761003,45.30375046928106,2.0,3.0,4.0,0.41140232010597355,,,1.1170240362889794,,,
13.450000000000001,4.0,usv1|usv2|usv3|usv4,xy:held_margin,18.359220769855487,45.304358120614786,2.0,3.0,4.0,0.41203139796131505,,,1.1167142906202283,,,
13.46,4.0,usv1|usv2|usv3|usv4,xy:held_margin,18.359519751082082,45.3050218244972,2.0,3.0,4.0,0.41221843274337605,,,1.1169627909946207,,,
13.47,4.0,usv1|usv2|usv3|usv4,xy:held_margin,18.359818470770108,45.30559981345422,2.0,3.0,4.0,0.4123916384224186,,,1.117212030830752,,,
13.48,4.0,usv1|usv2|usv3|usv4,xy:held_margin,18.36011736635138,45.30623562430226,2.0,3.0,4.0,0.4125769437458178,,,1.1174620120081131,,,
13.49,4.0,usv1|usv2|usv3|usv4,xy:held_margin,18.360416274225145,45.30687404055559,2.0,3.0,4.0,0.4127540620631343,,,1.1177127355917693,,,
13.5,4.0,usv1|usv2|usv3|usv4,xy:held_margin,18.36078814346564,45.308018313413164,2.0,3.0,4.0,0.42631544074986544,,,1.117401744310255,,,
13.51,4.0,usv1|usv2|usv3|usv4,xy:held_margin,18.361087155715133,45.30859095423786,2.0,3.0,4.0,0.426544695546674,,,1.1176504678416745,,,
13.52,4.0,usv1|usv2|usv3|usv4,xy:held_margin,18.36138647061524,45.309261409475916,2.0,3.0,4.0,0.4267757944274278,,,1.1178999290092835,,,
13.530000000000001,4.0,usv1|usv2|usv3|usv4,xy:held_margin,18.361685589224223,45.309866348379245,2.0,3.0,4.0,0.4270027100495391,,,1.1181501284167643,,,
13.540000000000001,4.0,usv1|usv2|usv3|usv4,xy:held_margin,18.36198494122686,45.310546586020656,2.0,3.0,4.0,0.42723344733237484,,,1.118401067929779,,,
13.55,4.0,usv1|usv2|usv3|usv4,xy:held_margin,18.362140577398566,45.31179180909547,2.0,3.0,4.0,0.47917759777878477,,,1.118087892374021,,,
13.56,4.0,usv1|usv2|usv3|usv4,xy:held_margin,18.362438953163338,45.3124750268127,2.0,3.0,4.0,0.49053040127660075,,,1.1183368211457028,,,
13.57,4.0,usv1|usv2|usv3|usv4,xy:held_margin,18.36137202827723,45.309885483730554,2.0,3.0,4.0,0.490906938003208,,,1.1151949737669682,,,
13.58,4.0,usv1|usv2|usv3|usv4,xy:held_margin,18.361667778366833,45.310579502160735,2.0,3.0,4.0,0.49129578256112055,,,1.1154397876084694,,,
13.59,4.0,usv1|usv2|usv3|usv4,xy:held_margin,18.361963447145857,45.31118361829076,2.0,3.0,4.0,0.4916885277740493,,,1.1156853850180533,,,
13.6,4.0,usv1|usv2|usv3|usv4,xy:held_margin,18.362212278591144,45.31158779312216,2.0,3.0,4.0,0.4912529822308408,,,1.115387962480486,,,
13.61,4.0,usv1|usv2|usv3|usv4,xy:held_margin,18.362507769590856,45.31228890000108,2.0,3.0,4.0,0.4916238914089531,,,1.1156316982616377,,,
13.620000000000001,4.0,usv1|usv2|usv3|usv4,xy:held_margin,18.362803127690192,45.312868101156184,2.0,3.0,4.0,0.4920302002763885,,,1.1158762121247585,,,
13.63,4.0,usv1|usv2|usv3|usv4,xy:held_margin,18.363098582989977,45.313536659202775,2.0,3.0,4.0,0.49241722921673003,,,1.1161215060239134,,,
13.64,4.0,usv1|usv2|usv3|usv4,xy:held_margin,18.363394103764506,45.314260421396746,2.0,3.0,4.0,0.49279293324373996,,,1.1163675813387888,,,
13.65,4.0,usv1|usv2|usv3|usv4,xy:held_margin,18.363696866163338,45.315693979079555,2.0,3.0,4.0,0.5280889082046202,,,1.1160670192168747,,,
13.66,4.0,usv1|usv2|usv3|usv4,xy:held_margin,18.363992069093502,45.316313492865994,2.0,3.0,4.0,0.5285955127429991,,,1.1163112140131966,,,
13.67,4.0,usv1|usv2|usv3|usv4,xy:held_margin,18.36428719074853,45.316872167489656,2.0,3.0,4.0,0.5291164767405211,,,1.1165561845657155,,,
13.68,4.0,usv1|usv2|usv3|usv4,xy:held_margin,18.36458237625555,45.3174825298767,2.0,3.0,4.0,0.5296322519676567,,,1.1168019325878935,,,
13.69,4.0,usv1|usv2|usv3|usv4,xy:held_margin,18.36487758055956,45.31810929089049,2.0,3.0,4.0,0.5301356076015143,,,1.117048459431501,,,
13.700000000000001,4.0,usv1|usv2|usv3|usv4,xy:held_margin,18.36498620248551,45.31812298494413,2.0,3.0,4.0,0.5246777943895943,,,1.1167497446196766,,,
13.71,4.0,usv1|usv2|usv3|usv4,xy:held_margin,18.36528029653845,45.31869506237038,2.0,3.0,4.0,0.5252019120437084,,,1.1169943898218606,,,
13.72,4.0,usv1|usv2|usv3|usv4,xy:held_margin,18.36557447188708,45.319321991964955,2.0,3.0,4.0,0.5257046878226288,,,1.1172398085501636,,,
13.73,4.0,usv1|usv2|usv3|usv4,xy:held_margin,18.36586864512782,45.319948670420246,2.0,3.0,4.0,0.5261989214143764,,,1.1174860020878528,,,
13.74,4.0,usv1|usv2|usv3|usv4,xy:held_margin,18.366162792991112,45.320561022410665,2.0,3.0,4.0,0.5267129593351445,,,1.1177329718149294,,,
13.75,4.0,usv1|usv2|usv3|usv4,xy:held_margin,18.366551793202582,45.3207976484985,2.0,3.0,4.0,0.49317595493195576,,,1.1174351147309922,,,
13.76,4.0,usv1|usv2|usv3|usv4,xy:held_margin,18.366846958415422,45.32155578201328,2.0,3.0,4.0,0.49349545355352087,,,1.1176801992061984,,,
13.77,4.0,usv1|usv2|usv3|usv4,xy:held_margin,18.367142013917118,45.32224482458192,2.0,3.0,4.0,0.49384744097118477,,,1.1179260543365679,,,
13.780000000000001,4.0,usv1|usv2|usv3|usv4,xy:held_margin,18.36743700314395,45.322891122567164,2.0,3.0,4.0,0.49423127511368803,,,1.1181726816178266,,,
13.790000000000001,4.0,usv1|usv2|usv3|usv4,xy:held_margin,18.367731950015738,45.32351473051975,2.0,3.0,4.0,0.4946276702260334,,,1.1184200824973465,,,
13.8,4.0,usv1|usv2|usv3|usv4,xy:held_margin,18.36792675465844,45.32400420788473,2.0,3.0,4.0,0.4954010875829386,,,1.118119209303563,,,
13.81,4.0,usv1|usv2|usv3|usv4,xy:held_margin,18.368221316533127,45.32472349165742,2.0,3.0,4.0,0.4957462572171022,,,1.1183647072915122,,,
13.82,4.0,usv1|usv2|usv3|usv4,xy:held_margin,18.368515846938827,45.32542576906073,2.0,3.0,4.0,0.4961115690678908,,,1.1186109735069205,,,
13.83,4.0,usv1|usv2|usv3|usv4,xy:held_margin,18.3688100592806,45.325966896499416,2.0,3.0,4.0,0.49654044035020484,,,1.1188580089300875,,,
13.84,4.0,usv1|usv2|usv3|usv4,xy:held_margin,18.369104413714233,45.32658147114719,2.0,3.0,4.0,0.49694341285015875,,,1.1191058156450553,,,
13.85,4.0,usv1|usv2|usv3|usv4,xy:held_margin,18.368444767011532,45.32431762340709,2.0,3.0,4.0,0.472107015517706,,,1.1188055711710378,,,
13.86,4.0,usv1|usv2|usv3|usv4,xy:held_margin,18.368733976523732,45.32491037984841,2.0,3.0,4.0,0.4724555107669916,,,1.1190514676148946,,,
13.870000000000001,4.0,usv1|usv2|usv3|usv4,xy:held_margin,18.36902336152009,45.32558544534496,2.0,3.0,4.0,0.4727618791468512,,,1.1192981300008664,,,
13.88,4.0,usv1|usv2|usv3|usv4,xy:held_margin,18.36931271566584,45.32624445749981,2.0,3.0,4.0,0.4730769221711324,,,1.1195455594107457,,,
13.89,4.0,usv1|usv2|usv3|usv4,xy:held_margin,18.36960193308795,45.32683560864042,2.0,3.0,4.0,0.47341551911219687,,,1.1197937570529914,,,
13.9,4.0,usv1|usv2|usv3|usv4,xy:held_margin,18.36915007448474,45.32565811574097,2.0,3.0,4.0,0.4808614875391681,,,1.1194908325270783,,,
13.91,4.0,usv1|usv2|usv3|usv4,xy:held_margin,18.369435227106163,45.32626378341657,2.0,3.0,4.0,0.4812445296570209,,,1.11973710559946,,,
13.92,4.0,usv1|usv2|usv3|usv4,xy:held_margin,18.369720365580875,45.32686465673011,2.0,3.0,4.0,0.48163138789930543,,,1.1199841417274767,,,
13.93,4.0,usv1|usv2|usv3|usv4,xy:held_margin,18.37000567953717,45.32754138812724,2.0,3.0,4.0,0.4819624531715353,,,1.120231942548592,,,
13.94,4.0,usv1|usv2|usv3|usv4,xy:held_margin,18.37029097827961,45.32821018366096,2.0,3.0,4.0,0.48231106792506323,,,1.1204805091596757,,,
13.950000000000001,4.0,usv1|usv2|usv3|usv4,xy:held_margin,18.370044532616873,45.3273892946148,2.0,3.0,4.0,0.4795517163372177,,,1.1201772551540612,,,
13.96,4.0,usv1|usv2|usv3|usv4,xy:held_margin,18.370326792004647,45.327975306236475,2.0,3.0,4.0,0.4799380999929905,,,1.1204238894758918,,,
13.97,4.0,usv1|usv2|usv3|usv4,xy:held_margin,18.37060908412889,45.32857589841281,2.0,3.0,4.0,0.4803292777398277,,,1.1206712843005244,,,
13.98,4.0,usv1|usv2|usv3|usv4,xy:held_margin,18.37089172266007,45.329321879935094,2.0,3.0,4.0,0.4806450089708603,,,1.1209194414364951,,,
13.99,4.0,usv1|usv2|usv3|usv4,xy:held_margin,18.371174222472145,45.33001046762185,2.0,3.0,4.0,0.480996333371189,,,1.1211683615619017,,,
14.0,4.0,usv1|usv2|usv3|usv4,xy:held_margin,18.371319195577463,45.33042350073339,2.0,3.0,4.0,0.4901023728386612,,,1.1208635453586393,,,
14.01,4.0,usv1|usv2|usv3|usv4,xy:held_margin,18.371600696019875,45.331022754008245,2.0,3.0,4.0,0.4905215738011148,,,1.1211105230930918,,,
14.02,4.0,usv1|usv2|usv3|usv4,xy:held_margin,18.371882426029103,45.33171487480281,2.0,3.0,4.0,0.49090501538757625,,,1.1213582589684226,,,
14.030000000000001,4.0,usv1|usv2|usv3|usv4,xy:held_margin,18.372164032980596,45.33235605729196,2.0,3.0,4.0,0.4913086040187949,,,1.121606753854524,,,
14.040000000000001,4.0,usv1|usv2|usv3|usv4,xy:held_margin,18.372445594199757,45.33297924595362,2.0,3.0,4.0,0.4917066100354341,,,1.121856009207922,,,
14.05,4.0,usv1|usv2|usv3|usv4,xy:held_margin,18.372469539701164,45.3325865742066,2.0,3.0,4.0,0.4766107072117063,,,1.121551571871825,,,
14.06,4.0,usv1|usv2|usv3|usv4,xy:held_margin,18.372749974609448,45.33326262803433,2.0,3.0,4.0,0.4769643364429546,,,1.1217988793286482,,,
14.07,4.0,usv1|usv2|usv3|usv4,xy:held_margin,18.373030171325148,45.33384762770192,2.0,3.0,4.0,0.4773470584708829,,,1.1220469416503418,,,
14.08,4.0,usv1|usv2|usv3|usv4,xy:held_margin,18.37331061523692,45.33452309262301,2.0,3.0,4.0,0.47769021266298506,,,1.122295760835761,,,
14.09,4.0,usv1|usv2|usv3|usv4,xy:held_margin,18.37359068012319,45.33505543665488,2.0,3.0,4.0,0.47808964582177077,,,1.122545337384762,,,
14.1,4.0,usv1|usv2|usv3|usv4,xy:held_margin,18.374734111031202,45.33803492861507,2.0,3.0,4.0,0.4852565709363609,,,1.1222387448879132,,,
14.11,4.0,usv1|usv2|usv3|usv4,xy:held_margin,18.375019050309763,45.33871207702246,2.0,3.0,4.0,0.48559862514721946,,,1.1224863644212677,,,
14.120000000000001,4.0,usv1|usv2|usv3|usv4,xy:held_margin,18.37530354325267,45.339225881204094,2.0,3.0,4.0,0.4860035141266812,,,1.1227347359271058,,,
14.13,4.0,usv1|usv2|usv3|usv4,xy:held_margin,18.37558845707727,45.33989346543651,2.0,3.0,4.0,0.4863464036597542,,,1.122983861895815,,,
14.14,4.0,usv1|usv2|usv3|usv4,xy:held_margin,18.375873234443045,45.34050972707798,2.0,3.0,4.0,0.48671513910621883,,,1.123233742909656,,,
14.15,4.0,usv1|usv2|usv3|usv4,xy:held_margin,18.376022091233672,45.340186435794635,2.0,3.0,4.0,0.45201825445949256,,,1.12292833411533,,,
14.16,4.0,usv1|usv2|usv3|usv4,xy:held_margin,18.376306312237205,45.340780590034036,2.0,3.0,4.0,0.45227826201755467,,,1.1231762514363786,,,
14.17,4.0,usv1|usv2|usv3|usv4,xy:held_margin,18.376590478271766,45.34135641795169,2.0,3.0,4.0,0.45256061220996874,,,1.123424918606041,,,
14.18,4.0,usv1|usv2|usv3|usv4,xy:held_margin,18.376875022928466,45.34206799391135,2.0,3.0,4.0,0.45277792742006173,,,1.123674337522985,,,
14.19,4.0,usv1|usv2|usv3|usv4,xy:held_margin,18.377159170745458,45.34263664725901,2.0,3.0,4.0,0.45306191398851287,,,1.1239245084550376,,,
14.200000000000001,4.0,usv1|usv2|usv3|usv4,xy:held_margin,18.376966623229503,45.341870665582256,2.0,3.0,4.0,0.44634555871081893,,,1.1236168825073551,,,
14.21,4.0,usv1|usv2|usv3|usv4,xy:held_margin,18.37724851040369,45.34248854384826,2.0,3.0,4.0,0.44660040594212896,,,1.1238650782565476,,,
14.22,4.0,usv1|usv2|usv3|usv4,xy:held_margin,18.377530533126105,45.34315280349526,2.0,3.0,4.0,0.4468341084875651,,,1.124114021464577,,,
14.23,4.0,usv1|usv2|usv3|usv4,xy:held_margin,18.37781236348029,45.34375081409415,2.0,3.0,4.0,0.4470974389309165,,,1.1243637130192405,,,
14.24,4.0,usv1|usv2|usv3|usv4,xy:held_margin,18.37809435543552,45.34440726557809,2.0,3.0,4.0,0.4473232381166165,,,1.1246141546975856,,,
14.25,4.0,usv1|usv2|usv3|usv4,xy:held_margin,18.37838781289775,45.34571334921902,2.0,3.0,4.0,0.47930523648982587,,,1.1243039655010256,,,
14.26,4.0,usv1|usv2|usv3|usv4,xy:held_margin,18.378669648650487,45.34635946872311,2.0,3.0,4.0,0.4796463099031863,,,1.1245524222614391,,,
14.27,4.0,usv1|usv2|usv3|usv4,xy:held_margin,18.37895134995918,45.3469587613706,2.0,3.0,4.0,0.4800047056292385,,,1.1248016235139737,,,
14.280000000000001,4.0,usv1|usv2|usv3|usv4,xy:held_margin,18.379233328213846,45.347652933149625,2.0,3.0,4.0,0.4803182017268399,,,1.1250515711140525,,,
14.290000000000001,4.0,usv1|usv2|usv3|usv4,xy:held_margin,18.379515123122395,45.348285924197626,2.0,3.0,4.0,0.4806649839635406,,,1.1253022657535805,,,
14.3,4.0,usv1|usv2|usv3|usv4,xy:held_margin,18.379485602667295,45.34787447326763,2.0,3.0,4.0,0.47464613406108463,,,1.1249928541793264,,,
14.31,4.0,usv1|usv2|usv3|usv4,xy:held_margin,18.379765788535725,45.348482687342326,2.0,3.0,4.0,0.47499180166166427,,,1.1252415582788222,,,
14.32,4.0,usv1|usv2|usv3|usv4,xy:held_margin,18.38004615013297,45.34915253285602,2.0,3.0,4.0,0.4753029674505198,,,1.1254910046771527,,,
14.33,4.0,usv1|usv2|usv3|usv4,xy:held_margin,18.380326633034755,45.34986352244737,2.0,3.0,4.0,0.47561869921713834,,,1.1257411945925786,,,
14.34,4.0,usv1|usv2|usv3|usv4,xy:held_margin,18.380607011854035,45.3505372258006,2.0,3.0,4.0,0.4759495363730329,,,1.1259921290102781,,,
14.35,4.0,usv1|usv2|usv3|usv4,xy:held_margin,18.38099698548623,45.351215463490234,2.0,3.0,4.0,0.4644482054501876,,,1.1256819974862668,,,
14.36,4.0,usv1|usv2|usv3|usv4,xy:held_margin,18.381277811637062,45.351828382562964,2.0,3.0,4.0,0.4647391467099403,,,1.1259309346883413,,,
14.370000000000001,4.0,usv1|usv2|usv3|usv4,xy:held_margin,18.381558934871908,45.35253815547461,2.0,3.0,4.0,0.4650296838175164,,,1.1261806117423072,,,
14.38,4.0,usv1|usv2|usv3|usv4,xy:held_margin,18.381839612899558,45.35309928728134,2.0,3.0,4.0,0.4653374262192436,,,1.1264310289443538,,,
14.39,4.0,usv1|usv2|usv3|usv4,xy:held_margin,18.382120549995328,45.35374505851119,2.0,3.0,4.0,0.46563570889010253,,,1.1266821885255571,,,
14.4,4.0,usv1|usv2|usv3|usv4,xy:held_margin,18.382321673357417,45.35322585653672,2.0,3.0,4.0,0.4247736788248811,,,1.126372155396631,,,
14.41,4.0,usv1|usv2|usv3|usv4,xy:held_margin,18.382602251556264,45.353803876713634,2.0,3.0,4.0,0.42496406793925295,,,1.1266213103658407,,,
14.42,4.0,usv1|usv2|usv3|usv4,xy:held_margin,18.382882861292053,45.354390870338065,2.0,3.0,4.0,0.42515363711396664,,,1.1268712022201264,,,
14.43,4.0,usv1|usv2|usv3|usv4,xy:held_margin,18.38316387536751,45.35510904144188,2.0,3.0,4.0,0.42531078453912236,,,1.1271218327532995,,,
14.44,4.0,usv1|usv2|usv3|usv4,xy:held_margin,18.383444691566645,45.3557598577109,2.0,3.0,4.0,0.4254742894674152,,,1.1273732024257443,,,
14.450000000000001,4.0,usv1|usv2|usv3|usv4,xy:held_margin,18.38333881226935,45.355139480481796,2.0,3.0,4.0,0.4200755935184045,,,1.1270609750773923,,,
14.46,4.0,usv1|usv2|usv3|usv4,xy:held_margin,18.38361774221514,45.35578127834808,2.0,3.0,4.0,0.41970141209847317,,,1.1273103314552064,,,
14.47,4.0,usv1|usv2|usv3|usv4,xy:held_margin,18.383512175739657,45.355369760912716,2.0,3.0,4.0,0.4198906506342305,,,1.1211776002425609,,,
14.48,4.0,usv1|usv2|usv3|usv4,xy:held_margin,18.383790766393517,45.35607075893197,2.0,3.0,4.0,0.42006797259272294,,,1.1214215252501933,,,
14.49,4.0,usv1|usv2|usv3|usv4,xy:held_margin,18.384068392715836,45.356581170289594,2.0,3.0,4.0,0.420270875554044,,,1.121666230706146,,,
14.5,4.0,usv1|usv2|usv3|usv4,xy:held_margin,18.38474067856533,45.35884879870341,2.0,3.0,4.0,0.44417293995526397,,,1.12137884994399,,,
14.51,4.0,usv1|usv2|usv3|usv4,xy:held_margin,18.38502103096698,45.35948190977215,2.0,3.0,4.0,0.4444204452204287,,,1.1216217280237257,,,
14.52,4.0,usv1|usv2|usv3|usv4,xy:held_margin,18.38530137587377,45.360114376284486,2.0,3.0,4.0,0.44465575817689146,,,1.1218653834957595,,,
14.530000000000001,4.0,usv1|usv2|usv3|usv4,xy:held_margin,18.385580946448762,45.36058827690675,2.0,3.0,4.0,0.44491584349552066,,,1.122109816058712,,,
14.540000000000001,4.0,usv1|usv2|usv3|usv4,xy:held_margin,18.385861329404886,45.36122733596454,2.0,3.0,4.0,0.4451603671948728,,,1.122355030862289,,,
14.55,4.0,usv1|usv2|usv3|usv4,xy:held_margin,18.3861383278042,45.36162561859273,2.0,3.0,4.0,0.4359346952313289,,,1.1220576162674731,,,
14.56,4.0,usv1|usv2|usv3|usv4,xy:held_margin,18.386418845947162,45.36228267591737,2.0,3.0,4.0,0.4361364576438622,,,1.1223009478048716,,,
14.57,4.0,usv1|usv2|usv3|usv4,xy:held_margin,18.38669950773107,45.36297071639386,2.0,3.0,4.0,0.4363513692331815,,,1.1225450546600424,,,
14.58,4.0,usv1|usv2|usv3|usv4,xy:held_margin,18.386980345513177,45.36369668657866,2.0,3.0,4.0,0.43657557880930475,,,1.1227899383659443,,,
14.59,4.0,usv1|usv2|usv3|usv4,xy:held_margin,18.387260805502237,45.36434153824027,2.0,3.0,4.0,0.43678622146474466,,,1.1230355991245384,,,
14.6,4.0,usv1|usv2|usv3|usv4,xy:held_margin,18.386472977781995,45.36162717918121,2.0,3.0,4.0,0.4174177060939088,,,1.1227305261633822,,,
14.61,4.0,usv1|usv2|usv3|usv4,xy:held_margin,18.386747472561495,45.36225350191245,2.0,3.0,4.0,0.4176413438323567,,,1.1229742604633526,,,
14.620000000000001,4.0,usv1|usv2|usv3|usv4,xy:held_margin,18.387022160680136,45.362921745454955,2.0,3.0,4.0,0.4178783470095051,,,1.1232187677278131,,,
14.63,4.0,usv1|usv2|usv3|usv4,xy:held_margin,18.387296224858662,45.36345105387304,2.0,3.0,4.0,0.4180637596326564,,,1.1234640475900448,,,
14.64,4.0,usv1|usv2|usv3|usv4,xy:held_margin,18.387570777691103,45.36408983296551,2.0,3.0,4.0,0.4182921816158478,,,1.123710103957929,,,
14.65,4.0,usv1|usv2|usv3|usv4,xy:held_margin,18.388092288858697,45.36573090510959,2.0,3.0,4.0,0.4351954558893532,,,1.1234182117826006,,,
14.66,4.0,usv1|usv2|usv3|usv4,xy:held_margin,18.388367821866513,45.36630360157646,2.0,3.0,4.0,0.4354391090481303,,,1.1236623989468064,,,
14.67,4.0,usv1|usv2|usv3|usv4,xy:held_margin,18.388643289790025,45.36685862136546,2.0,3.0,4.0,0.43566807373373234,,,1.1239073560292063,,,
14.68,4.0,usv1|usv2|usv3|usv4,xy:held_margin,18.388918986487802,45.36746477955067,2.0,3.0,4.0,0.4359192828719201,,,1.1241530851133834,,,
14.69,4.0,usv1|usv2|usv3|usv4,xy:held_margin,18.38919445131463,45.36801550144595,2.0,3.0,4.0,0.4361642555659987,,,1.1243995866577714,,,
14.700000000000001,4.0,usv1|usv2|usv3|usv4,xy:held_margin,18.38920223557781,45.36827873286113,2.0,3.0,4.0,0.4551025556639462,,,1.1241050940905182,,,
14.71,4.0,usv1|usv2|usv3|usv4,xy:held_margin,18.38947639615586,45.368902271751985,2.0,3.0,4.0,0.45540888528583945,,,1.1243497094547739,,,
14.72,4.0,usv1|usv2|usv3|usv4,xy:held_margin,18.38975067399411,45.36955510056517,2.0,3.0,4.0,0.45573290396702765,,,1.1245950926251882,,,
14.73,4.0,usv1|usv2|usv3|usv4,xy:held_margin,18.39002480371626,45.370172662360886,2.0,3.0,4.0,0.4560533428709508,,,1.124841244500699,,,
14.74,4.0,usv1|usv2|usv3|usv4,xy:held_margin,18.39029893591479,45.370791523381925,2.0,3.0,4.0,0.4563745901321723,,,1.12508816682778,,,
14.75,4.0,usv1|usv2|usv3|usv4,xy:held_margin,18.390711430559172,45.372139384408236,2.0,3.0,4.0,0.47076801757143283,,,1.1247931660639587,,,
14.76,4.0,usv1|usv2|usv3|usv4,xy:held_margin,18.390986018003133,45.37270678067162,2.0,3.0,4.0,0.47111118626562215,,,1.1250381937286338,,,
14.77,4.0,usv1|usv2|usv3|usv4,xy:held_margin,18.39126046597281,45.373236873266265,2.0,3.0,4.0,0.47145061498402846,,,1.1252839862287558,,,
14.780000000000001,4.0,usv1|usv2|usv3|usv4,xy:held_margin,18.391535180469006,45.37383271273815,2.0,3.0,4.0,0.4718016446173509,,,1.1255305457674634,,,
14.790000000000001,4.0,usv1|usv2|usv3|usv4,xy:held_margin,18.391809845704906,45.3744159330085,2.0,3.0,4.0,0.47213854068387084,,,1.1257778730549037,,,
14.8,4.0,usv1|usv2|usv3|usv4,xy:held_margin,18.392384728506777,45.37572650717426,2.0,3.0,4.0,0.46695398786992315,,,1.1254777141283543,,,
14.81,4.0,usv1|usv2|usv3|usv4,xy:held_margin,18.392661299272028,45.376373853080004,2.0,3.0,4.0,0.467281369587489,,,1.1257231190222023,,,
14.82,4.0,usv1|usv2|usv3|usv4,xy:held_margin,18.392937623450017,45.376957582747316,2.0,3.0,4.0,0.46760125984091827,,,1.125969285959391,,,
14.83,4.0,usv1|usv2|usv3|usv4,xy:held_margin,18.39321410705564,45.37758453729122,2.0,3.0,4.0,0.4679135135166925,,,1.1262162171093348,,,
14.84,4.0,usv1|usv2|usv3|usv4,xy:held_margin,18.39349040706906,45.37816147811784,2.0,3.0,4.0,0.46823267771936977,,,1.1264639131589234,,,
14.85,4.0,usv1|usv2|usv3|usv4,xy:held_margin,18.394284349457767,45.3804402845729,2.0,3.0,4.0,0.4842244937108072,,,1.1261686295940612,,,
14.86,4.0,usv1|usv2|usv3|usv4,xy:held_margin,18.394563720438466,45.38111660180637,2.0,3.0,4.0,0.4845757480013804,,,1.1264144206945326,,,
14.870000000000001,4.0,usv1|usv2|usv3|usv4,xy:held_margin,18.39484272891744,45.381693372614194,2.0,3.0,4.0,0.48491039179130097,,,1.1266609711409292,,,
14.88,4.0,usv1|usv2|usv3|usv4,xy:held_margin,18.395122234925076,45.38240874220842,2.0,3.0,4.0,0.4852677001109128,,,1.126908283933349,,,
14.89,4.0,usv1|usv2|usv3|usv4,xy:held_margin,18.395401676076723,45.38310750380742,2.0,3.0,4.0,0.4856318116445301,,,1.127156359338453,,,
14.9,4.0,usv1|usv2|usv3|usv4,xy:held_margin,18.39586811297184,45.38432366120286,2.0,3.0,4.0,0.48819241234524746,,,1.1268556666197895,,,
14.91,4.0,usv1|usv2|usv3|usv4,xy:held_margin,18.396148195808593,45.384922361452794,2.0,3.0,4.0,0.48852391933540157,,,1.127101806345582,,,
14.92,4.0,usv1|usv2|usv3|usv4,xy:held_margin,18.39642835370861,45.3855415715516,2.0,3.0,4.0,0.4888731127491687,,,1.1273487036399334,,,
14.93,4.0,usv1|usv2|usv3|usv4,xy:held_margin,18.396708821167245,45.386249743029104,2.0,3.0,4.0,0.4892493463429721,,,1.1275963603563612,,,
14.94,4.0,usv1|usv2|usv3|usv4,xy:held_margin,18.396988912016603,45.38684922651164,2.0,3.0,4.0,0.48959212071853986,,,1.1278447765844726,,,
14.950000000000001,4.0,usv1|usv2|usv3|usv4,xy:held_margin,18.397210904238225,45.387314731962654,2.0,3.0,4.0,0.48815556483951505,,,1.127541354058346,,,
14.96,4.0,usv1|usv2|usv3|usv4,xy:held_margin,18.397490964380648,45.38799463443623,2.0,3.0,4.0,0.4885268860078189,,,1.127787819063347,,,
14.97,4.0,usv1|usv2|usv3|usv4,xy:held_margin,18.39777071804738,45.38858453691759,2.0,3.0,4.0,0.48886088676328454,,,1.1280350383882491,,,
14.98,4.0,usv1|usv2|usv3|usv4,xy:held_margin,18.398050465664163,45.38917167590344,2.0,3.0,4.0,0.4891946458674932,,,1.128283013907206,,,
14.99,4.0,usv1|usv2|usv3|usv4,xy:held_margin,18.39833010555968,45.38972391934915,2.0,3.0,4.0,0.48950577402978845,,,1.1285317467942615,,,
15.0,4.0,usv1|usv2|usv3|usv4,xy:held_margin,18.398162560181696,45.389542775820324,2.0,3.0,4.0,0.5116308871143499,,,1.1282316743726075,,,
15.01,4.0,usv1|usv2|usv3|usv4,xy:held_margin,18.398440187324724,45.390232802869,2.0,3.0,4.0,0.5120782747621904,,,1.1284784663387795,,,
15.02,4.0,usv1|usv2|usv3|usv4,xy:held_margin,18.398717667670542,45.39087751485627,2.0,3.0,4.0,0.512514521018328,,,1.1287260103708414,,,
15.030000000000001,4.0,usv1|usv2|usv3|usv4,xy:held_margin,18.398995102980418,45.39150861508026,2.0,3.0,4.0,0.5129342691039147,,,1.128974308008014,,,
15.040000000000001,4.0,usv1|usv2|usv3|usv4,xy:held_margin,18.399272432507498,45.39210732709807,2.0,3.0,4.0,0.5133545528961143,,,1.1292233604518656,,,
15.05,4.0,usv1|usv2|usv3|usv4,xy:held_margin,18.399053909844234,45.39112042499819,2.0,3.0,4.0,0.5042536391133591,,,1.1289145495108175,,,
15.06,4.0,usv1|usv2|usv3|usv4,xy:held_margin,18.39932852285636,45.39165803790325,2.0,3.0,4.0,0.5046498845434281,,,1.1291616177789732,,,
15.07,4.0,usv1|usv2|usv3|usv4,xy:held_margin,18.399603445964768,45.39229210265871,2.0,3.0,4.0,0.5050600680986541,,,1.1294094363400144,,,
15.08,4.0,usv1|usv2|usv3|usv4,xy:held_margin,18.399878297045838,45.392903886717235,2.0,3.0,4.0,0.5054773484110296,,,1.1296580058312558,,,
15.09,4.0,usv1|usv2|usv3|usv4,xy:held_margin,18.40015303039517,45.393478461739036,2.0,3.0,4.0,0.5058847211467805,,,1.1299073274891658,,,
15.1,4.0,usv1|usv2|usv3|usv4,xy:held_margin,18.400140204881602,45.39326435684769,2.0,3.0,4.0,0.503300126030716,,,1.1295997668604296,,,
15.11,4.0,usv1|usv2|usv3|usv4,xy:held_margin,18.40041395334181,45.39399488791332,2.0,3.0,4.0,0.503751393772564,,,1.1298471072884004,,,
15.120000000000001,4.0,usv1|usv2|usv3|usv4,xy:held_margin,18.400687526236247,45.39466673668061,2.0,3.0,4.0,0.504202104470574,,,1.1300951945640354,,,
15.13,4.0,usv1|usv2|usv3|usv4,xy:held_margin,18.400960854486136,45.39525575565692,2.0,3.0,4.0,0.5046142039296342,,,1.1303440298942768,,,
15.14,4.0,usv1|usv2|usv3|usv4,xy:held_margin,18.401234121775232,45.39582201281594,2.0,3.0,4.0,0.5050161204554026,,,1.1305936149307019,,,
15.15,4.0,usv1|usv2|usv3|usv4,xy:held_margin,18.40158564937606,45.39527473967025,2.0,3.0,4.0,0.4430923582608171,,,1.1302707823684595,,,
15.16,4.0,usv1|usv2|usv3|usv4,xy:held_margin,18.401859736720027,45.39585417852724,2.0,3.0,4.0,0.44332314763217007,,,1.1305183166476576,,,
15.17,4.0,usv1|usv2|usv3|usv4,xy:held_margin,18.40213392445789,45.39646719367086,2.0,3.0,4.0,0.4435710808484177,,,1.1307665956610642,,,
15.18,4.0,usv1|usv2|usv3|usv4,xy:held_margin,18.402408380776492,45.39717069679023,2.0,3.0,4.0,0.44387222739248505,,,1.1310156210564055,,,
15.19,4.0,usv1|usv2|usv3|usv4,xy:held_margin,18.40268253807692,45.39777416001333,2.0,3.0,4.0,0.44410268576392825,,,1.1312653931566323,,,
15.200000000000001,4.0,usv1|usv2|usv3|usv4,xy:held_margin,18.4031169498721,45.39857952850149,2.0,3.0,4.0,0.43178878324858316,,,1.1309549527208547,,,
15.21,4.0,usv1|usv2|usv3|usv4,xy:held_margin,18.403392102044094,45.39921871165046,2.0,3.0,4.0,0.4320167463687763,,,1.13120272410499,,,
15.22,4.0,usv1|usv2|usv3|usv4,xy:held_margin,18.403667132847097,45.39981753589455,2.0,3.0,4.0,0.43220160920939826,,,1.1314512373282781,,,
15.23,4.0,usv1|usv2|usv3|usv4,xy:held_margin,18.403941791716626,45.4002914317433,2.0,3.0,4.0,0.4323161123717277,,,1.131700493274755,,,
15.24,4.0,usv1|usv2|usv3|usv4,xy:held_margin,18.404216892513727,45.40091275258829,2.0,3.0,4.0,0.43252895459450064,,,1.1319504946114276,,,
15.25,4.0,usv1|usv2|usv3|usv4,xy:held_margin,18.404187120242085,45.400419726681996,2.0,3.0,4.0,0.42305371905763706,,,1.1316374875604143,,,
15.26,4.0,usv1|usv2|usv3|usv4,xy:held_margin,18.404460760024968,45.40104319948677,2.0,3.0,4.0,0.4232492884056415,,,1.1318854734414603,,,
15.27,4.0,usv1|usv2|usv3|usv4,xy:held_margin,18.404734433380217,45.40167823532326,2.0,3.0,4.0,0.4234680998198945,,,1.1321341989174882,,,
15.280000000000001,4.0,usv1|usv2|usv3|usv4,xy:held_margin,18.405008080543944,45.40230508872607,2.0,3.0,4.0,0.4236830453459568,,,1.1323836651972696,,,
15.290000000000001,4.0,usv1|usv2|usv3|usv4,xy:held_margin,18.40528148159336,45.40284956442829,2.0,3.0,4.0,0.42383941607850084,,,1.1326338732109669,,,
15.3,4.0,usv1|usv2|usv3|usv4,xy:held_margin,18.405432539470475,45.403057539247946,2.0,3.0,4.0,0.4233351070985357,,,1.1323233876342074,,,
15.31,4.0,usv1|usv2|usv3|usv4,xy:held_margin,18.40570546970343,45.40364919240719,2.0,3.0,4.0,0.4235325680578306,,,1.1325715882678513,,,
15.32,4.0,usv1|usv2|usv3|usv4,xy:held_margin,18.40597838058829,45.40423229156665,2.0,3.0,4.0,0.423724621740913,,,1.132820525784279,,,
15.33,4.0,usv1|usv2|usv3|usv4,xy:held_margin,18.406251353712545,45.404834288305004,2.0,3.0,4.0,0.42392881116690967,,,1.1330702016685112,,,
15.34,4.0,usv1|usv2|usv3|usv4,xy:held_margin,18.406524182068893,45.40538582154393,2.0,3.0,4.0,0.42408842772326627,,,1.1333206168990084,,,
15.35,4.0,usv1|usv2|usv3|usv4,xy:held_margin,18.40654609957973,45.40592694651548,2.0,3.0,4.0,0.45514787002935303,,,1.133017859913202,,,
15.36,4.0,usv1|usv2|usv3|usv4,xy:held_margin,18.40681764723416,45.40652340404657,2.0,3.0,4.0,0.45544255637799425,,,1.1332662969143352,,,
15.370000000000001,4.0,usv1|usv2|usv3|usv4,xy:held_margin,18.407089139569607,45.40709965612228,2.0,3.0,4.0,0.4557282328660251,,,1.1335154683108044,,,
15.38,4.0,usv1|usv2|usv3|usv4,xy:held_margin,18.407360685829303,45.4076949219752,2.0,3.0,4.0,0.4530236859497711,,,1.1337653755945156,,,
15.39,4.0,usv1|usv2|usv3|usv4,xy:held_margin,18.407846296610746,45.40883952734484,2.0,3.0,4.0,0.453314829982416,,,1.1304553537331132,,,
15.4,4.0,usv1|usv2|usv3|usv4,xy:held_margin,18.407389448686605,45.406910186624174,2.0,3.0,4.0,0.43703578428963974,,,1.1301481853305333,,,
15.41,4.0,usv1|usv2|usv3|usv4,xy:held_margin,18.407657313809107,45.40750636678117,2.0,3.0,4.0,0.4373389751702275,,,1.130390855475235,,,
15.42,4.0,usv1|usv2|usv3|usv4,xy:held_margin,18.407925156983744,45.408072444393575,2.0,3.0,4.0,0.43761420050038063,,,1.1306343038760163,,,
15.43,4.0,usv1|usv2|usv3|usv4,xy:held_margin,18.408193048033855,45.40868920309665,2.0,3.0,4.0,0.43792832622748246,,,1.1308785321380184,,,
15.44,4.0,usv1|usv2|usv3|usv4,xy:held_margin,18.408460911821525,45.40926582108839,2.0,3.0,4.0,0.43822338222559787,,,1.131123541611434,,,
15.450000000000001,4.0,usv1|usv2|usv3|usv4,xy:held_margin,18.40840770899547,45.40893436379211,2.0,3.0,4.0,0.4390285150608721,,,1.1308243467198662,,,
15.46,4.0,usv1|usv2|usv3|usv4,xy:held_margin,18.40867366253737,45.40944743890467,2.0,3.0,4.0,0.4393110662437384,,,1.1310674717351363,,,
15.47,4.0,usv1|usv2|usv3|usv4,xy:held_margin,18.408939618251846,45.4099607230141,2.0,3.0,4.0,0.4396137157707909,,,1.1313113726529855,,,
15.48,4.0,usv1|usv2|usv3|usv4,xy:held_margin,18.40920555944495,45.41046176194628,2.0,3.0,4.0,0.4399190123768646,,,1.1315560509701725,,,
15.49,4.0,usv1|usv2|usv3|usv4,xy:held_margin,18.409471534711347,45.41099829222331,2.0,3.0,4.0,0.44023850078790555,,,1.1318015082491168,,,
15.5,4.0,usv1|usv2|usv3|usv4,xy:held_margin,18.409664724254778,45.41056571311964,2.0,3.0,4.0,0.4086702429771819,,,1.1314894413343097,,,
15.51,4.0,usv1|usv2|usv3|usv4,xy:held_margin,18.409930649959474,45.41118210980597,2.0,3.0,4.0,0.4089557361090406,,,1.1317329537558416,,,
15.52,4.0,usv1|usv2|usv3|usv4,xy:held_margin,18.41019661459194,45.41182785179061,2.0,3.0,4.0,0.4092559549545042,,,1.1319772397001864,,,
15.530000000000001,4.0,usv1|usv2|usv3|usv4,xy:held_margin,18.410462493916594,45.412408228627065,2.0,3.0,4.0,0.40953296114446563,,,1.1322223004566967,,,
15.540000000000001,4.0,usv1|usv2|usv3|usv4,xy:held_margin,18.410728381652437,45.412993965034154,2.0,3.0,4.0,0.4097983903356389,,,1.1324681376652297,,,
15.55,4.0,usv1|usv2|usv3|usv4,xy:held_margin,18.41136522863251,45.414440567248505,2.0,3.0,4.0,0.3978371415851604,,,1.1321673043604994,,,
15.56,4.0,usv1|usv2|usv3|usv4,xy:held_margin,18.41163314647996,45.414923883490054,2.0,3.0,4.0,0.39800534842016283,,,1.1324112393314247,,,
15.57,4.0,usv1|usv2|usv3|usv4,xy:held_margin,18.411901242030694,45.41552803365367,2.0,3.0,4.0,0.39823523472237304,,,1.1326559456168137,,,
15.58,4.0,usv1|usv2|usv3|usv4,xy:held_margin,18.41216924078181,45.41606253110759,2.0,3.0,4.0,0.39841908041965146,,,1.1329014242604227,,,
15.59,4.0,usv1|usv2|usv3|usv4,xy:held_margin,18.41243728254206,45.416620499859796,2.0,3.0,4.0,0.3986298718421566,,,1.1331476769319155,,,
15.6,4.0,usv1|usv2|usv3|usv4,xy:held_margin,18.412481409926727,45.41705857828867,2.0,3.0,4.0,0.41632264854320516,,,1.1328537224905169,,,
15.610000000000001,4.0,usv1|usv2|usv3|usv4,xy:held_margin,18.41274813625436,45.4176487680718,2.0,3.0,4.0,0.4166029462005415,,,1.133098095137912,,,
15.620000000000001,4.0,usv1|usv2|usv3|usv4,xy:held_margin,18.413014812610665,45.41820476231997,2.0,3.0,4.0,0.4168537449271439,,,1.133343236335574,,,
15.63,4.0,usv1|usv2|usv3|usv4,xy:held_margin,18.413281597614322,45.418819678105706,2.0,3.0,4.0,0.4171463298303835,,,1.1335891477338067,,,
15.64,4.0,usv1|usv2|usv3|usv4,xy:held_margin,18.413548238340432,45.41935234821409,2.0,3.0,4.0,0.41740229922213723,,,1.1338358303573837,,,
15.65,4.0,usv1|usv2|usv3|usv4,xy:held_margin,18.414298412880342,45.42148807789888,2.0,3.0,4.0,0.4241443182901423,,,1.1335423127555972,,,
15.66,4.0,usv1|usv2|usv3|usv4,xy:held_margin,18.41456762863442,45.42201270113456,2.0,3.0,4.0,0.42435930863921134,,,1.133787112371131,,,
15.67,4.0,usv1|usv2|usv3|usv4,xy:held_margin,18.4148367571182,45.42249352553488,2.0,3.0,4.0,0.4245865376965957,,,1.1340326780293501,,,
15.68,4.0,usv1|usv2|usv3|usv4,xy:held_margin,18.41510616691018,45.423126223533835,2.0,3.0,4.0,0.4248444450554309,,,1.1342790117554389,,,
15.69,4.0,usv1|usv2|usv3|usv4,xy:held_margin,18.41537541460059,45.423674878761176,2.0,3.0,4.0,0.42508811500195315,,,1.1345261142308671,,,
15.700000000000001,4.0,usv1|usv2|usv3|usv4,xy:held_margin,18.415587666034963,45.424007240697534,2.0,3.0,4.0,0.4247366329999912,,,1.1342238487096643,,,
15.71,4.0,usv1|usv2|usv3|usv4,xy:held_margin,18.41585670992321,45.424608058204825,2.0,3.0,4.0,0.4249923282047233,,,1.1344690252534146,,,
15.72,4.0,usv1|usv2|usv3|usv4,xy:held_margin,18.416125695782895,45.42518017663924,2.0,3.0,4.0,0.4252462869176017,,,1.1347149653881186,,,
15.73,4.0,usv1|usv2|usv3|usv4,xy:held_margin,18.41639458278661,45.42570247951957,2.0,3.0,4.0,0.42549952846080175,,,1.1349616704234,,,
15.74,4.0,usv1|usv2|usv3|usv4,xy:held_margin,18.416663520197343,45.42624523589992,2.0,3.0,4.0,0.4257419354989847,,,1.1352091419981603,,,
15.75,4.0,usv1|usv2|usv3|usv4,xy:held_margin,18.417241880105085,45.4276502676868,2.0,3.0,4.0,0.42953957743492893,,,1.1349107875368043,,,
15.76,4.0,usv1|usv2|usv3|usv4,xy:held_margin,18.417512623788486,45.42827092972,2.0,3.0,4.0,0.42977139024510425,,,1.135156344692733,,,
15.77,4.0,usv1|usv2|usv3|usv4,xy:held_margin,18.41778348846536,45.4289454435845,2.0,3.0,4.0,0.429995668728282,,,1.1354026632129537,,,
15.780000000000001,4.0,usv1|usv2|usv3|usv4,xy:held_margin,18.418054231544975,45.429561510635004,2.0,3.0,4.0,0.4302189034696522,,,1.135649744065751,,,
15.790000000000001,4.0,usv1|usv2|usv3|usv4,xy:held_margin,18.418325060325426,45.430214660174194,2.0,3.0,4.0,0.4304561271024645,,,1.1358975889763165,,,
15.8,4.0,usv1|usv2|usv3|usv4,xy:held_margin,18.419218100370728,45.43176659078563,2.0,3.0,4.0,0.3973703998510717,,,1.1355851942910322,,,
15.81,4.0,usv1|usv2|usv3|usv4,xy:held_margin,18.41949233798372,45.43235916981933,2.0,3.0,4.0,0.39747540458073183,,,1.1358310625078605,,,
15.82,4.0,usv1|usv2|usv3|usv4,xy:held_margin,18.419766732174846,45.43301731587925,2.0,3.0,4.0,0.39759500843906936,,,1.1360776895617146,,,
15.83,4.0,usv1|usv2|usv3|usv4,xy:held_margin,18.42004098014505,45.43361239073147,2.0,3.0,4.0,0.397714846896848,,,1.1363250763460744,,,
15.84,4.0,usv1|usv2|usv3|usv4,xy:held_margin,18.420315353469885,45.43425879524502,2.0,3.0,4.0,0.39783885006473296,,,1.1365732247146996,,,
15.85,4.0,usv1|usv2|usv3|usv4,xy:held_margin,18.420180807270714,45.43418534094771,2.0,3.0,4.0,0.4192020767007031,,,1.1362745666704501,,,
15.860000000000001,4.0,usv1|usv2|usv3|usv4,xy:held_margin,18.42045263729737,45.434731383660385,2.0,3.0,4.0,0.41939911887844294,,,1.1365207870274976,,,
15.870000000000001,4.0,usv1|usv2|usv3|usv4,xy:held_margin,18.420724389694627,45.4352436854766,2.0,3.0,4.0,0.4196008832831855,,,1.1367677633291473,,,
15.88,4.0,usv1|usv2|usv3|usv4,xy:held_margin,18.420996332973946,45.4358319341236,2.0,3.0,4.0,0.41980112450199,,,1.1370154974131113,,,
15.89,4.0,usv1|usv2|usv3|usv4,xy:held_margin,18.42126859428069,45.43654833284778,2.0,3.0,4.0,0.41998717563613996,,,1.1372639909434006,,,
15.9,4.0,usv1|usv2|usv3|usv4,xy:held_margin,18.42164105313628,45.43761633839488,2.0,3.0,4.0,0.4305011129005363,,,1.1369639681169095,,,
15.91,4.0,usv1|usv2|usv3|usv4,xy:held_margin,18.421913306864617,45.43814872381667,2.0,3.0,4.0,0.4307231950826362,,,1.1372105236698282,,,
15.92,4.0,usv1|usv2|usv3|usv4,xy:held_margin,18.42218583385424,45.43878720609413,2.0,3.0,4.0,0.43093843039271845,,,1.1374578332326535,,,
15.93,4.0,usv1|usv2|usv3|usv4,xy:held_margin,18.422458140403453,45.4393408335462,2.0,3.0,4.0,0.43114572186966205,,,1.137705897359944,,,
15.94,4.0,usv1|usv2|usv3|usv4,xy:held_margin,18.422730729616127,45.44000325177487,2.0,3.0,4.0,0.43136143930419896,,,1.1379547182483072,,,
15.950000000000001,4.0,usv1|usv2|usv3|usv4,xy:held_margin,18.42397637095076,45.44378962317792,2.0,3.0,4.0,0.4448276371713987,,,1.1376611621426256,,,
15.96,4.0,usv1|usv2|usv3|usv4,xy:held_margin,18.424253698450343,45.444364923846265,2.0,3.0,4.0,0.44502373475445706,,,1.137908067633287,,,
15.97,4.0,usv1|usv2|usv3|usv4,xy:held_margin,18.42453117302541,45.444995452490346,2.0,3.0,4.0,0.44520915623979135,,,1.1381557243241867,,,
15.98,4.0,usv1|usv2|usv3|usv4,xy:held_margin,18.424808619038412,45.44561414010593,2.0,3.0,4.0,0.4454078167332777,,,1.1384041332516324,,,
15.99,4.0,usv1|usv2|usv3|usv4,xy:held_margin,18.425085971427446,45.44619719465897,2.0,3.0,4.0,0.4456041009133765,,,1.1386532957170004,,,
16.0,4.0,usv1|usv2|usv3|usv4,xy:held_margin,18.424954771476887,45.44641770185507,2.0,3.0,4.0,0.4806302479297424,,,1.1383568384556535,,,
16.01,4.0,usv1|usv2|usv3|usv4,xy:held_margin,18.425229771401852,45.44698471851177,2.0,3.0,4.0,0.4809317042543994,,,1.1386040671048479,,,
16.02,4.0,usv1|usv2|usv3|usv4,xy:held_margin,18.425504541050223,45.447469540352294,2.0,3.0,4.0,0.48125880461790665,,,1.1388520438214522,,,
16.03,4.0,usv1|usv2|usv3|usv4,xy:held_margin,18.42577988038632,45.448160089006684,2.0,3.0,4.0,0.48156285696186746,,,1.1391007713429742,,,
16.04,4.0,usv1|usv2|usv3|usv4,xy:held_margin,18.426055087402208,45.44880031645561,2.0,3.0,4.0,0.4818755306317132,,,1.1393502497366208,,,
16.05,4.0,usv1|usv2|usv3|usv4,xy:held_margin,18.42689801091512,45.45061769530629,2.0,3.0,4.0,0.46606252512795343,,,1.13903981675278,,,
16.06,4.0,usv1|usv2|usv3|usv4,xy:held_margin,18.427175887248165,45.451146199341046,2.0,3.0,4.0,0.46631571658462506,,,1.1392873036851985,,,
16.07,4.0,usv1|usv2|usv3|usv4,xy:held_margin,18.427454101991636,45.45179530804392,2.0,3.0,4.0,0.46655549366759347,,,1.1395355371537241,,,
16.080000000000002,4.0,usv1|usv2|usv3|usv4,xy:held_margin,18.42773219043681,45.452399329777066,2.0,3.0,4.0,0.4668011309643948,,,1.1397845176954768,,,
16.09,4.0,usv1|usv2|usv3|usv4,xy:held_margin,18.428010479437102,45.453074401235,2.0,3.0,4.0,0.4670275931365981,,,1.140034247219478,,,
16.1,4.0,usv1|usv2|usv3|usv4,xy:held_margin,18.427732023303975,45.452715224131005,2.0,3.0,4.0,0.4980616236931182,,,1.1397333808058634,,,
16.11,4.0,usv1|usv2|usv3|usv4,xy:held_margin,18.428007106841093,45.45331450289085,2.0,3.0,4.0,0.49841885140423675,,,1.1399811500867698,,,
16.12,4.0,usv1|usv2|usv3|usv4,xy:held_margin,18.42828239891012,45.45398670967187,2.0,3.0,4.0,0.4987668127856262,,,1.140229663119262,,,
16.13,4.0,usv1|usv2|usv3|usv4,xy:held_margin,18.428557592072657,45.45462379602323,2.0,3.0,4.0,0.4991073442266893,,,1.1404789206640205,,,
16.14,4.0,usv1|usv2|usv3|usv4,xy:held_margin,18.428832931302402,45.455309940280245,2.0,3.0,4.0,0.4994630353227379,,,1.1407289245558603,,,
16.15,4.0,usv1|usv2|usv3|usv4,xy:held_margin,18.42940842259932,45.45672621705074,2.0,3.0,4.0,0.5031768983603,,,1.1404221999035487,,,
16.16,4.0,usv1|usv2|usv3|usv4,xy:held_margin,18.429684982069208,45.457314973268,2.0,3.0,4.0,0.503533284646826,,,1.1406702182694195,,,
16.17,4.0,usv1|usv2|usv3|usv4,xy:held_margin,18.429961884332805,45.45801902997724,2.0,3.0,4.0,0.5038691490394238,,,1.140918978072901,,,
16.18,4.0,usv1|usv2|usv3|usv4,xy:held_margin,18.430238592047445,45.458656097608134,2.0,3.0,4.0,0.5042237416542688,,,1.1411684796723784,,,
16.19,4.0,usv1|usv2|usv3|usv4,xy:held_margin,18.43051535925476,45.45931041513138,2.0,3.0,4.0,0.504580342210718,,,1.1414187249080507,,,
16.2,4.0,usv1|usv2|usv3|usv4,xy:held_margin,18.43049014310262,45.458285046790635,2.0,3.0,4.0,0.47060411498294885,,,1.1410928761956183,,,
16.21,4.0,usv1|usv2|usv3|usv4,xy:held_margin,18.4307653208674,45.45884023907723,2.0,3.0,4.0,0.47085664889779844,,,1.1413410589195447,,,
16.22,4.0,usv1|usv2|usv3|usv4,xy:held_margin,18.431040747182152,45.45947891067818,2.0,3.0,4.0,0.47112756679603507,,,1.141589980469474,,,
16.23,4.0,usv1|usv2|usv3|usv4,xy:held_margin,18.431316154031865,45.46011258585087,2.0,3.0,4.0,0.4713994877553905,,,1.1418396416423569,,,
16.240000000000002,4.0,usv1|usv2|usv3|usv4,xy:held_margin,18.431591620009076,45.46076670508227,2.0,3.0,4.0,0.47167579878280513,,,1.142090043965762,,,
16.25,4.0,usv1|usv2|usv3|usv4,xy:held_margin,18.43166299856767,45.46100452304103,2.0,3.0,4.0,0.481259430985604,,,1.1417805832757375,,,
16.26,4.0,usv1|usv2|usv3|usv4,xy:held_margin,18.431936895449127,45.46148668260548,2.0,3.0,4.0,0.4815540589115709,,,1.142028981540105,,,
16.27,4.0,usv1|usv2|usv3|usv4,xy:held_margin,18.432211200193265,45.462104871188835,2.0,3.0,4.0,0.4818596524393426,,,1.1422781164817828,,,
16.28,4.0,usv1|usv2|usv3|usv4,xy:held_margin,18.432485252519943,45.46263862409429,2.0,3.0,4.0,0.4644679876953851,,,1.1425279881634318,,,
16.29,4.0,usv1|usv2|usv3|usv4,xy:held_margin,18.43319234454857,45.464012005062145,2.0,3.0,4.0,0.4647425654575448,,,1.1325500207061312,,,
16.3,4.0,usv1|usv2|usv3|usv4,xy:held_margin,18.43352088841759,45.46471907201896,2.0,3.0,4.0,0.4676514890888658,,,1.1322525807466004,,,
16.31,4.0,usv1|usv2|usv3|usv4,xy:held_margin,18.433796310157927,45.46533276486671,2.0,3.0,4.0,0.4679436051314662,,,1.132495533674167,,,
16.32,4.0,usv1|usv2|usv3|usv4,xy:held_margin,18.434071740378947,45.4659530401992,2.0,3.0,4.0,0.468235186964773,,,1.1327392647364471,,,
16.330000000000002,4.0,usv1|usv2|usv3|usv4,xy:held_margin,18.43434719853685,45.466592445518195,2.0,3.0,4.0,0.4685116359363436,,,1.1329837754218504,,,
16.34,4.0,usv1|usv2|usv3|usv4,xy:held_margin,18.43462260723569,45.46718422658407,2.0,3.0,4.0,0.4688059685871384,,,1.133229067161156,,,
16.35,4.0,usv1|usv2|usv3|usv4,xy:held_margin,18.434882157008087,45.46788727459059,2.0,3.0,4.0,0.476575475744697,,,1.1329306409690436,,,
16.36,4.0,usv1|usv2|usv3|usv4,xy:held_margin,18.435157527973715,45.46856477151923,2.0,3.0,4.0,0.4768862806561202,,,1.133174070706915,,,
16.37,4.0,usv1|usv2|usv3|usv4,xy:held_margin,18.435432867133017,45.46921185520779,2.0,3.0,4.0,0.477188452474465,,,1.1334182761381677,,,
16.38,4.0,usv1|usv2|usv3|usv4,xy:held_margin,18.435708180824328,45.4698368151789,2.0,3.0,4.0,0.47750537161967355,,,1.1336632587244884,,,
16.39,4.0,usv1|usv2|usv3|usv4,xy:held_margin,18.43598352832236,45.47048496614918,2.0,3.0,4.0,0.4778243076525286,,,1.1339090199482187,,,
16.4,4.0,usv1|usv2|usv3|usv4,xy:held_margin,18.436431714681472,45.47147689848977,2.0,3.0,4.0,0.47934273955438994,,,1.1336100050106355,,,
16.41,4.0,usv1|usv2|usv3|usv4,xy:held_margin,18.43670795977394,45.47207211307131,2.0,3.0,4.0,0.47963804487412576,,,1.133853895280625,,,
16.42,4.0,usv1|usv2|usv3|usv4,xy:held_margin,18.43698426986851,45.47270628483501,2.0,3.0,4.0,0.4799441417996748,,,1.1340985588428496,,,
16.43,4.0,usv1|usv2|usv3|usv4,xy:held_margin,18.437260487167137,45.47327985577279,2.0,3.0,4.0,0.48025464984261657,,,1.134343997032378,,,
16.44,4.0,usv1|usv2|usv3|usv4,xy:held_margin,18.43753676070992,45.47388738883,2.0,3.0,4.0,0.4805489485914825,,,1.1345902113812327,,,
16.45,4.0,usv1|usv2|usv3|usv4,xy:held_margin,18.43779984806126,45.47452054222791,2.0,3.0,4.0,0.4780673935679765,,,1.1342906094776561,,,
16.46,4.0,usv1|usv2|usv3|usv4,xy:held_margin,18.43807589902494,45.475027781500316,2.0,3.0,4.0,0.47836911658948017,,,1.1345349438940089,,,
16.47,4.0,usv1|usv2|usv3|usv4,xy:held_margin,18.4383521182888,45.47563436065288,2.0,3.0,4.0,0.4786698455245486,,,1.1347800492076592,,,
16.48,4.0,usv1|usv2|usv3|usv4,xy:held_margin,18.43862836171806,45.47625180868307,2.0,3.0,4.0,0.4789562910716038,,,1.135025926716912,,,
16.490000000000002,4.0,usv1|usv2|usv3|usv4,xy:held_margin,18.438904612976014,45.47686946221102,2.0,3.0,4.0,0.47925657685846856,,,1.1352725778277015,,,
16.5,4.0,usv1|usv2|usv3|usv4,xy:held_margin,18.43919767473729,45.476469938264856,2.0,3.0,4.0,0.435653720986076,,,1.1349737132062456,,,
16.51,4.0,usv1|usv2|usv3|usv4,xy:held_margin,18.439474408077427,45.47710104038805,2.0,3.0,4.0,0.43582649670689455,,,1.135218484154265,,,
16.52,4.0,usv1|usv2|usv3|usv4,xy:held_margin,18.4397511584892,45.47773746580529,2.0,3.0,4.0,0.4359857814920341,,,1.135464023376088,,,
16.53,4.0,usv1|usv2|usv3|usv4,xy:held_margin,18.440027716302417,45.478274736636216,2.0,3.0,4.0,0.4361628072360275,,,1.135710332055868,,,
16.54,4.0,usv1|usv2|usv3|usv4,xy:held_margin,18.44030441662571,45.47888707857114,2.0,3.0,4.0,0.43633653999713345,,,1.1359574119565583,,,
16.55,4.0,usv1|usv2|usv3|usv4,xy:held_margin,18.44064261770847,45.47993326812548,2.0,3.0,4.0,0.44855496927240707,,,1.1356555054833577,,,
16.56,4.0,usv1|usv2|usv3|usv4,xy:held_margin,18.440919599160477,45.48056473169462,2.0,3.0,4.0,0.4487421642010251,,,1.1359006816850945,,,
16.57,4.0,usv1|usv2|usv3|usv4,xy:held_margin,18.441196520459012,45.48116087918379,2.0,3.0,4.0,0.44894657877099053,,,1.1361466235155153,,,
16.580000000000002,4.0,usv1|usv2|usv3|usv4,xy:held_margin,18.441473537101118,45.481799065384116,2.0,3.0,4.0,0.44914769375824404,,,1.136393332546488,,,
16.59,4.0,usv1|usv2|usv3|usv4,xy:held_margin,18.44175051075607,45.48241272153927,2.0,3.0,4.0,0.44935072564460954,,,1.1366408100136576,,,
16.6,4.0,usv1|usv2|usv3|usv4,xy:held_margin,18.442541906037956,45.48423761092096,2.0,3.0,4.0,0.440321634494462,,,1.1363387330941592,,,
16.61,4.0,usv1|usv2|usv3|usv4,xy:held_margin,18.442821711328417,45.48484294155921,2.0,3.0,4.0,0.4404641074028902,,,1.136584301458097,,,
16.62,4.0,usv1|usv2|usv3|usv4,xy:held_margin,18.44310157389067,45.48547217478361,2.0,3.0,4.0,0.44060431161314645,,,1.1368306330256617,,,
16.63,4.0,usv1|usv2|usv3|usv4,xy:held_margin,18.44338130675319,45.48604452948484,2.0,3.0,4.0,0.4407506984077932,,,1.1370777289663132,,,
16.64,4.0,usv1|usv2|usv3|usv4,xy:held_margin,18.4436611236674,45.48665468530113,2.0,3.0,4.0,0.4408792870486123,,,1.1373255908994577,,,
16.65,4.0,usv1|usv2|usv3|usv4,xy:held_margin,18.444075250612936,45.487607168782276,2.0,3.0,4.0,0.43736832566289524,,,1.1370225384331332,,,
16.66,4.0,usv1|usv2|usv3|usv4,xy:held_margin,18.444356062278956,45.48832421233237,2.0,3.0,4.0,0.4374883132125013,,,1.1372684812126002,,,
16.67,4.0,usv1|usv2|usv3|usv4,xy:held_margin,18.444636677675724,45.488956888893526,2.0,3.0,4.0,0.437611805975758,,,1.1375151843272922,,,
16.68,4.0,usv1|usv2|usv3|usv4,xy:held_margin,18.444917084708003,45.48950077624018,2.0,3.0,4.0,0.4377197012401026,,,1.1377626491228807,,,
16.69,4.0,usv1|usv2|usv3|usv4,xy:held_margin,18.44519780849768,45.49017364570515,2.0,3.0,4.0,0.43784261805276037,,,1.138010877582353,,,
16.7,4.0,usv1|usv2|usv3|usv4,xy:held_margin,18.444994380528467,45.48889254395715,2.0,3.0,4.0,0.4143186136322766,,,1.1377076377906945,,,
16.71,4.0,usv1|usv2|usv3|usv4,xy:held_margin,18.44527253544796,45.48948541089265,2.0,3.0,4.0,0.41440772574344586,,,1.137953940726769,,,
16.72,4.0,usv1|usv2|usv3|usv4,xy:held_margin,18.44555067170079,45.49006934623909,2.0,3.0,4.0,0.41448195764370155,,,1.1382010016079842,,,
16.73,4.0,usv1|usv2|usv3|usv4,xy:held_margin,18.44582896801949,45.49071289838416,2.0,3.0,4.0,0.41457728561186236,,,1.1384488220119817,,,
16.740000000000002,4.0,usv1|usv2|usv3|usv4,xy:held_margin,18.446107344883128,45.4913843794772,2.0,3.0,4.0,0.41468015117021334,,,1.1386974031907613,,,
16.75,4.0,usv1|usv2|usv3|usv4,xy:held_margin,18.44704734719458,45.49430771937349,2.0,3.0,4.0,0.4295312238499868,,,1.1383919869072294,,,
16.76,4.0,usv1|usv2|usv3|usv4,xy:held_margin,18.447328791666653,45.4948689204339,2.0,3.0,4.0,0.42959127558487975,,,1.1386386267438784,,,
16.77,4.0,usv1|usv2|usv3|usv4,xy:held_margin,18.447610271436826,45.49544285249536,2.0,3.0,4.0,0.42967103640612525,,,1.138886021988477,,,
16.78,4.0,usv1|usv2|usv3|usv4,xy:held_margin,18.44789189119472,45.4960685952285,2.0,3.0,4.0,0.4297595540054082,,,1.1391341741193148,,,
16.79,4.0,usv1|usv2|usv3|usv4,xy:held_margin,18.448173480487128,45.496682366749646,2.0,3.0,4.0,0.42984627275539966,,,1.1393830842713912,,,
16.8,4.0,usv1|usv2|usv3|usv4,xy:held_margin,18.449251014474935,45.498908954724186,2.0,3.0,4.0,0.4052401472971601,,,1.1390779540505906,,,
16.81,4.0,usv1|usv2|usv3|usv4,xy:held_margin,18.449536995537457,45.49954738296225,2.0,3.0,4.0,0.4052083830341576,,,1.139324920708838,,,
16.82,4.0,usv1|usv2|usv3|usv4,xy:held_margin,18.449822894373714,45.50015479717632,2.0,3.0,4.0,0.405174743388373,,,1.1395726400310904,,,
16.830000000000002,4.0,usv1|usv2|usv3|usv4,xy:held_margin,18.450108801025443,45.500766051321094,2.0,3.0,4.0,0.40514173534887954,,,1.1398211134730851,,,
16.84,4.0,usv1|usv2|usv3|usv4,xy:held_margin,18.45039456553833,45.501324791675444,2.0,3.0,4.0,0.40509679096221063,,,1.140070342168326,,,
16.85,4.0,usv1|usv2|usv3|usv4,xy:held_margin,18.450300295479483,45.501390245082284,2.0,3.0,4.0,0.42277780616034866,,,1.1397632491907905,,,
16.86,4.0,usv1|usv2|usv3|usv4,xy:held_margin,18.45058433041199,45.50207284613643,2.0,3.0,4.0,0.42282576772607156,,,1.1400105200567638,,,
16.87,4.0,usv1|usv2|usv3|usv4,xy:held_margin,18.450867957502513,45.50261079437728,2.0,3.0,4.0,0.42285946934367424,,,1.1402585405681265,,,
16.88,4.0,usv1|usv2|usv3|usv4,xy:held_margin,18.451152008244918,45.503300385504616,2.0,3.0,4.0,0.4228925536256062,,,1.1405073131191206,,,
16.89,4.0,usv1|usv2|usv3|usv4,xy:held_margin,18.451435809720227,45.503903969668386,2.0,3.0,4.0,0.4229321371187342,,,1.1407568381661843,,,
16.9,4.0,usv1|usv2|usv3|usv4,xy:held_margin,18.452363086554552,45.50614683418092,2.0,3.0,4.0,0.41087232990163974,,,1.1404496355548486,,,
16.91,4.0,usv1|usv2|usv3|usv4,xy:held_margin,18.45265042179288,45.50681287082746,2.0,3.0,4.0,0.4108520068657502,,,1.140697198567285,,,
16.92,4.0,usv1|usv2|usv3|usv4,xy:held_margin,18.45293767299394,45.50744960205978,2.0,3.0,4.0,0.4108114402050443,,,1.1409455090350709,,,
16.93,4.0,usv1|usv2|usv3|usv4,xy:held_margin,18.45322497243288,45.508102164445674,2.0,3.0,4.0,0.4107890523235034,,,1.141194568443519,,,
16.94,4.0,usv1|usv2|usv3|usv4,xy:held_margin,18.453512106732433,45.508696550992404,2.0,3.0,4.0,0.4107510465861995,,,1.1414443778223287,,,
16.95,4.0,usv1|usv2|usv3|usv4,xy:held_margin,18.453785533984767,45.50938500980044,2.0,3.0,4.0,0.4204006859652685,,,1.141135766967969,,,
16.96,4.0,usv1|usv2|usv3|usv4,xy:held_margin,18.45407265467589,45.51001754034915,2.0,3.0,4.0,0.42038932759909947,,,1.1413836032853013,,,
16.97,4.0,usv1|usv2|usv3|usv4,xy:held_margin,18.45435996363459,45.51071358163741,2.0,3.0,4.0,0.4203991560162161,,,1.1416321848140725,,,
16.98,4.0,usv1|usv2|usv3|usv4,xy:held_margin,18.45464721677627,45.511391156783496,2.0,3.0,4.0,0.42041021332076267,,,1.141881512548691,,,
16.990000000000002,4.0,usv1|usv2|usv3|usv4,xy:held_margin,18.4549342440629,45.51199166596638,2.0,3.0,4.0,0.42040624212061445,,,1.1421315875634568,,,
17.0,4.0,usv1|usv2|usv3|usv4,xy:held_margin,18.455006245024816,45.51238804147733,2.0,3.0,4.0,0.43594280540918556,,,1.1418219690550742,,,
17.01,4.0,usv1|usv2|usv3|usv4,xy:held_margin,18.455292263361063,45.51304481363655,2.0,3.0,4.0,0.4360087697438633,,,1.1420700626000788,,,
17.02,4.0,usv1|usv2|usv3|usv4,xy:held_margin,18.455578463017382,45.51376272676119,2.0,3.0,4.0,0.43609414720998857,,,1.142318898766785,,,
17.03,4.0,usv1|usv2|usv3|usv4,xy:held_margin,18.455864483413933,45.514417713403056,2.0,3.0,4.0,0.4361634144733493,,,1.14256847836705,,,
17.04,4.0,usv1|usv2|usv3|usv4,xy:held_margin,18.4561505985842,45.515103327552445,2.0,3.0,4.0,0.43623305246752286,,,1.1428188030679873,,,
17.05,4.0,usv1|usv2|usv3|usv4,xy:held_margin,18.456523593929866,45.516011402868244,2.0,3.0,4.0,0.4365153557143268,,,1.1425087162281895,,,
17.06,4.0,usv1|usv2|usv3|usv4,xy:held_margin,18.456810099719114,45.51668280674954,2.0,3.0,4.0,0.43659325426930656,,,1.1427570535770681,,,
17.07,4.0,usv1|usv2|usv3|usv4,xy:held_margin,18.45709629857536,45.51725126251407,2.0,3.0,4.0,0.4366065647676711,,,1.143006130304014,,,
17.080000000000002,4.0,usv1|usv2|usv3|usv4,xy:held_margin,18.457382539143687,45.51783286834977,2.0,3.0,4.0,0.4366431433235215,,,1.1432559481766893,,,
17.09,4.0,usv1|usv2|usv3|usv4,xy:held_margin,18.45766883770957,45.51843611896546,2.0,3.0,4.0,0.4366902967323692,,,1.1435065085201233,,,
17.1,4.0,usv1|usv2|usv3|usv4,xy:held_margin,18.457841697896654,45.51951001510746,2.0,3.0,4.0,0.47203487314751247,,,1.1431946563368354,,,
17.11,4.0,usv1|usv2|usv3|usv4,xy:held_margin,18.458127459181885,45.52019062653023,2.0,3.0,4.0,0.47221067214627394,,,1.1434432185933707,,,
17.12,4.0,usv1|usv2|usv3|usv4,xy:held_margin,18.45841279758531,45.52073123747365,2.0,3.0,4.0,0.4723550380718743,,,1.1436925175115904,,,
17.13,4.0,usv1|usv2|usv3|usv4,xy:held_margin,18.45869823514099,45.521304114495045,2.0,3.0,4.0,0.47251403076872467,,,1.1439425550939397,,,
17.14,4.0,usv1|usv2|usv3|usv4,xy:held_margin,18.458983737522527,45.52189910950795,2.0,3.0,4.0,0.4726799696680642,,,1.1441933325768978,,,
17.150000000000002,4.0,usv1|usv2|usv3|usv4,xy:held_margin,18.458970265677937,45.52151710341416,2.0,3.0,4.0,0.4668816308868003,,,1.1438817189497044,,,
17.16,4.0,usv1|usv2|usv3|usv4,xy:held_margin,18.459254234667945,45.52207812315749,2.0,3.0,4.0,0.464396215600987,,,1.1441304951583458,,,
17.17,4.0,usv1|usv2|usv3|usv4,xy:held_margin,18.459693883732392,45.523069228509264,2.0,3.0,4.0,0.46455671498527407,,,1.1409920349988065,,,
17.18,4.0,usv1|usv2|usv3|usv4,xy:held_margin,18.459978343536793,45.523694753053725,2.0,3.0,4.0,0.4647177828490206,,,1.1412367038677886,,,
17.19,4.0,usv1|usv2|usv3|usv4,xy:held_margin,18.46026279921519,45.52431593411466,2.0,3.0,4.0,0.4648654560698199,,,1.1414821562313557,,,
17.2,4.0,usv1|usv2|usv3|usv4,xy:held_margin,18.460090895382738,45.52406544311732,2.0,3.0,4.0,0.4817374021862522,,,1.1411832573214387,,,
17.21,4.0,usv1|usv2|usv3|usv4,xy:held_margin,18.46037260765832,45.5247201509042,2.0,3.0,4.0,0.48198107491517483,,,1.14142684722823,,,
17.22,4.0,usv1|usv2|usv3|usv4,xy:held_margin,18.460654244410303,45.5253055150618,2.0,3.0,4.0,0.4822189126059128,,,1.1416712151211543,,,
17.23,4.0,usv1|usv2|usv3|usv4,xy:held_margin,18.460935948556386,45.52595221588446,2.0,3.0,4.0,0.4824482358822578,,,1.1419163627605196,,,
17.240000000000002,4.0,usv1|usv2|usv3|usv4,xy:held_margin,18.461217581689496,45.526541380433045,2.0,3.0,4.0,0.48268691891323706,,,1.142162291320143,,,
17.25,4.0,usv1|usv2|usv3|usv4,xy:held_margin,18.462094399184526,45.52845025474838,2.0,3.0,4.0,0.4654485504010997,,,1.1418641572277335,,,
17.26,4.0,usv1|usv2|usv3|usv4,xy:held_margin,18.462379522424268,45.52900075110352,2.0,3.0,4.0,0.4655981203464176,,,1.1421082208355982,,,
17.27,4.0,usv1|usv2|usv3|usv4,xy:held_margin,18.46266474996834,45.529628563099976,2.0,3.0,4.0,0.4657366798566376,,,1.1423530603243846,,,
17.28,4.0,usv1|usv2|usv3|usv4,xy:held_margin,18.462949973156473,45.530248334969336,2.0,3.0,4.0,0.46588858028610386,,,1.142598676936295,,,
17.29,4.0,usv1|usv2|usv3|usv4,xy:held_margin,18.463235197622133,45.530869659713794,2.0,3.0,4.0,0.46604050872052244,,,1.1428450721385435,,,
17.3,4.0,usv1|usv2|usv3|usv4,xy:held_margin,18.463994763656142,45.533183313270904,2.0,3.0,4.0,0.48198298708794113,,,1.1425441763991053,,,
17.31,4.0,usv1|usv2|usv3|usv4,xy:held_margin,18.46428259704678,45.53383832894646,2.0,3.0,4.0,0.4821487599018715,,,1.1427886886640894,,,
17.32,4.0,usv1|usv2|usv3|usv4,xy:held_margin,18.46457042567196,45.534490172869,2.0,3.0,4.0,0.48232779430663403,,,1.1430339741240045,,,
17.330000000000002,4.0,usv1|usv2|usv3|usv4,xy:held_margin,18.46485804664144,45.53501052070147,2.0,3.0,4.0,0.48251065604140264,,,1.143280033882451,,,
17.34,4.0,usv1|usv2|usv3|usv4,xy:held_margin,18.465145727264183,45.53556987941911,2.0,3.0,4.0,0.4827002895156594,,,1.1435268698272285,,,
17.35,4.0,usv1|usv2|usv3|usv4,xy:held_margin,18.465341399221106,45.53626177781654,2.0,3.0,4.0,0.49402391224232867,,,1.1432257039389362,,,
17.36,4.0,usv1|usv2|usv3|usv4,xy:held_margin,18.465628580273137,45.53688058859111,2.0,3.0,4.0,0.49424452418548104,,,1.1434706480852415,,,
17.37,4.0,usv1|usv2|usv3|usv4,xy:held_margin,18.465915861498164,45.53755664877394,2.0,3.0,4.0,0.4944587747329221,,,1.1437163630891731,,,
17.38,4.0,usv1|usv2|usv3|usv4,xy:held_margin,18.466203095502543,45.53820377072994,2.0,3.0,4.0,0.49467644484008005,,,1.1439628501302757,,,
17.39,4.0,usv1|usv2|usv3|usv4,xy:held_margin,18.466490411140057,45.53889484543925,2.0,3.0,4.0,0.49487992989519003,,,1.144210110825208,,,
17.400000000000002,4.0,usv1|usv2|usv3|usv4,xy:held_margin,18.46710762478577,45.54046729606068,2.0,3.0,4.0,0.4989782374950418,,,1.1439083893786837,,,
17.41,4.0,usv1|usv2|usv3|usv4,xy:held_margin,18.467396686625438,45.54112579809588,2.0,3.0,4.0,0.4991947388766082,,,1.144153749915326,,,
17.42,4.0,usv1|usv2|usv3|usv4,xy:held_margin,18.467685757419186,45.541788124636454,2.0,3.0,4.0,0.499411456399042,,,1.1443998786247254,,,
17.43,4.0,usv1|usv2|usv3|usv4,xy:held_margin,18.4679748375822,45.54245249784747,2.0,3.0,4.0,0.4996161062583333,,,1.1446467769055906,,,
17.44,4.0,usv1|usv2|usv3|usv4,xy:held_margin,18.468263956892397,45.5431330310145,2.0,3.0,4.0,0.49983453175251963,,,1.144894446195909,,,
17.45,4.0,usv1|usv2|usv3|usv4,xy:held_margin,18.46847184807262,45.54331311545164,2.0,3.0,4.0,0.49270097475277835,,,1.1445927300430987,,,
17.46,4.0,usv1|usv2|usv3|usv4,xy:held_margin,18.46876046435785,45.54393767797007,2.0,3.0,4.0,0.4928988806064255,,,1.1448384916567949,,,
17.47,4.0,usv1|usv2|usv3|usv4,xy:held_margin,18.469049163985343,45.54459807639136,2.0,3.0,4.0,0.4930821346583491,,,1.1450850189767643,,,
17.48,4.0,usv1|usv2|usv3|usv4,xy:held_margin,18.469338090811135,45.54536100381901,2.0,3.0,4.0,0.49328251444619237,,,1.145332313608758,,,
17.490000000000002,4.0,usv1|usv2|usv3|usv4,xy:held_margin,18.469626843305623,45.54603971888908,2.0,3.0,4.0,0.4934839090766055,,,1.1455803763568182,,,
17.5,4.0,usv1|usv2|usv3|usv4,xy:held_margin,18.470051975034504,45.54774579716598,2.0,3.0,4.0,0.5250540403006175,,,1.1452753999466578,,,
17.51,4.0,usv1|usv2|usv3|usv4,xy:held_margin,18.470341208954746,45.548404411131735,2.0,3.0,4.0,0.5253385100463949,,,1.1455215374920082,,,
17.52,4.0,usv1|usv2|usv3|usv4,xy:held_margin,18.47063039756284,45.54904319551988,2.0,3.0,4.0,0.5256319456927805,,,1.1457684379923112,,,
17.53,4.0,usv1|usv2|usv3|usv4,xy:held_margin,18.470919274402217,45.54954561882395,2.0,3.0,4.0,0.5259118160120165,,,1.1460161024463564,,,
17.54,4.0,usv1|usv2|usv3|usv4,xy:held_margin,18.471208427743935,45.55016561573888,2.0,3.0,4.0,0.5262057600977502,,,1.1462645330311914,,,
17.55,4.0,usv1|usv2|usv3|usv4,xy:held_margin,18.47150864787919,45.55146643365226,2.0,3.0,4.0,0.5578421240275948,,,1.1459586934139734,,,
17.56,4.0,usv1|usv2|usv3|usv4,xy:held_margin,18.471797675207,45.55209470344142,2.0,3.0,4.0,0.5582393536089826,,,1.1462051894036631,,,
17.57,4.0,usv1|usv2|usv3|usv4,xy:held_margin,18.472086683744564,45.55271448362728,2.0,3.0,4.0,0.55863745950962,,,1.1464524457839795,,,
17.580000000000002,4.0,usv1|usv2|usv3|usv4,xy:held_margin,18.47237564834355,45.55331794888136,2.0,3.0,4.0,0.5590377348006259,,,1.1467004639001632,,,
17.59,4.0,usv1|usv2|usv3|usv4,xy:held_margin,18.47266485517888,45.55402305496541,2.0,3.0,4.0,0.5594186671412466,,,1.1469492455109584,,,
17.6,4.0,usv1|usv2|usv3|usv4,xy:held_margin,18.473067152886237,45.55530382202061,2.0,3.0,4.0,0.5773553991486254,,,1.1466433746227163,,,
17.61,4.0,usv1|usv2|usv3|usv4,xy:held_margin,18.473356688112933,45.5559440375163,2.0,3.0,4.0,0.5778067532286203,,,1.1468902155865097,,,
17.62,4.0,usv1|usv2|usv3|usv4,xy:held_margin,18.47364610682919,45.55653670733225,2.0,3.0,4.0,0.5782631086837469,,,1.1471378142052107,,,
17.63,4.0,usv1|usv2|usv3|usv4,xy:held_margin,18.473935761076607,45.5572194516315,2.0,3.0,4.0,0.5786986108134902,,,1.1473861723079035,,,
17.64,4.0,usv1|usv2|usv3|usv4,xy:held_margin,18.474225239777372,45.55783295042635,2.0,3.0,4.0,0.5791534845068489,,,1.1476352906926113,,,
17.650000000000002,4.0,usv1|usv2|usv3|usv4,xy:held_margin,18.47445106758335,45.558396530763105,2.0,3.0,4.0,0.5823464777262752,,,1.1473295903800453,,,
17.66,4.0,usv1|usv2|usv3|usv4,xy:held_margin,18.474740148646234,45.55899294818659,2.0,3.0,4.0,0.5828145221310904,,,1.1475767627875195,,,
17.67,4.0,usv1|usv2|usv3|usv4,xy:held_margin,18.475029357670643,45.559638123258004,2.0,3.0,4.0,0.5832653969969652,,,1.1478246905706118,,,
17.68,4.0,usv1|usv2|usv3|usv4,xy:held_margin,18.475318495346844,45.56025707525893,2.0,3.0,4.0,0.5837322722540031,,,1.1480733748102205,,,
17.69,4.0,usv1|usv2|usv3|usv4,xy:held_margin,18.475607807449464,45.56094394257018,2.0,3.0,4.0,0.5841895578295628,,,1.148322817178202,,,
17.7,4.0,usv1|usv2|usv3|usv4,xy:held_margin,18.475672229807284,45.56104318616623,2.0,3.0,4.0,0.5818314463075401,,,1.148016660120649,,,
17.71,4.0,usv1|usv2|usv3|usv4,xy:held_margin,18.475960154074222,45.561649258512006,2.0,3.0,4.0,0.582293645474402,,,1.1482641487375553,,,
17.72,4.0,usv1|usv2|usv3|usv4,xy:held_margin,18.476248099069753,45.56226152696463,2.0,3.0,4.0,0.5827566509852068,,,1.1485123899687395,,,
17.73,4.0,usv1|usv2|usv3|usv4,xy:held_margin,18.4765361476741,45.56290899261492,2.0,3.0,4.0,0.5832172734245296,,,1.148761385262378,,,
17.740000000000002,4.0,usv1|usv2|usv3|usv4,xy:held_margin,18.476824109224026,45.56352362400414,2.0,3.0,4.0,0.583668662616086,,,1.1490111357004773,,,
17.75,4.0,usv1|usv2|usv3|usv4,xy:held_margin,18.476757832527685,45.562803000534466,2.0,3.0,4.0,0.564062507814077,,,1.1487051923830034,,,
17.76,4.0,usv1|usv2|usv3|usv4,xy:held_margin,18.477044289708992,45.56349217874306,2.0,3.0,4.0,0.5644660439628638,,,1.1489529843866677,,,
17.77,4.0,usv1|usv2|usv3|usv4,xy:held_margin,18.477330410373458,45.5640615005797,2.0,3.0,4.0,0.5648783470322929,,,1.1492015259179675,,,
17.78,4.0,usv1|usv2|usv3|usv4,xy:held_margin,18.47761689566708,45.56476050630192,2.0,3.0,4.0,0.5652684470324633,,,1.1494508192256738,,,
17.79,4.0,usv1|usv2|usv3|usv4,xy:held_margin,18.477903090204144,45.56535645776028,2.0,3.0,4.0,0.5656786516589235,,,1.149700864756624,,,
17.8,4.0,usv1|usv2|usv3|usv4,xy:held_margin,18.478117575145074,45.566553868143686,2.0,3.0,4.0,0.5971321902184784,,,1.149390835389455,,,
17.81,4.0,usv1|usv2|usv3|usv4,xy:held_margin,18.478403127410054,45.56711793983563,2.0,3.0,4.0,0.5976429634650695,,,1.1496389041489676,,,
17.82,4.0,usv1|usv2|usv3|usv4,xy:held_margin,18.47868913577355,45.567838736215094,2.0,3.0,4.0,0.5981389460421757,,,1.1498877208702352,,,
17.830000000000002,4.0,usv1|usv2|usv3|usv4,xy:held_margin,18.47897503614558,45.568521023592744,2.0,3.0,4.0,0.5986501951318198,,,1.150137286132158,,,
17.84,4.0,usv1|usv2|usv3|usv4,xy:held_margin,18.479260800937233,45.56915541863655,2.0,3.0,4.0,0.599159331870963,,,1.1503876012091898,,,
17.85,4.0,usv1|usv2|usv3|usv4,xy:held_margin,18.479524473299097,45.57028261817826,2.0,3.0,4.0,0.6250880102148181,,,1.1500769993782658,,,
17.86,4.0,usv1|usv2|usv3|usv4,xy:held_margin,18.479809853426676,45.570873786241926,2.0,3.0,4.0,0.6256646983056919,,,1.1503253308228767,,,
17.87,4.0,usv1|usv2|usv3|usv4,xy:held_margin,18.48009534351182,45.57150442992213,2.0,3.0,4.0,0.6262561376950225,,,1.1505744071666022,,,
17.88,4.0,usv1|usv2|usv3|usv4,xy:held_margin,18.480381116122622,45.57223003722099,2.0,3.0,4.0,0.6268537451896441,,,1.15082422995515,,,
17.89,4.0,usv1|usv2|usv3|usv4,xy:held_margin,18.480666491598747,45.57282014149354,2.0,3.0,4.0,0.6274414471392661,,,1.151074799600928,,,
17.900000000000002,4.0,usv1|usv2|usv3|usv4,xy:held_margin,18.481228393557036,45.573241118818174,2.0,3.0,4.0,0.5809760925594531,,,1.1507677003847754,,,
17.91,4.0,usv1|usv2|usv3|usv4,xy:held_margin,18.481515639554168,45.573897740736875,2.0,3.0,4.0,0.5814108957933471,,,1.1510162930159262,,,
17.92,4.0,usv1|usv2|usv3|usv4,xy:held_margin,18.48180283792739,45.57453895139064,2.0,3.0,4.0,0.5818445276965615,,,1.1512656277385813,,,
17.93,4.0,usv1|usv2|usv3|usv4,xy:held_margin,18.482090022151024,45.575176097662236,2.0,3.0,4.0,0.5822777777440551,,,1.1515157059074244,,,
17.94,4.0,usv1|usv2|usv3|usv4,xy:held_margin,18.482377253852455,45.5758282470675,2.0,3.0,4.0,0.5827003582211902,,,1.1517665288960959,,,
17.95,4.0,usv1|usv2|usv3|usv4,xy:held_margin,18.483013714581787,45.5775008224809,2.0,3.0,4.0,0.5850105639046181,,,1.1514555749009283,,,
17.96,4.0,usv1|usv2|usv3|usv4,xy:held_margin,18.483302623755673,45.57813115409329,2.0,3.0,4.0,0.5854389980307552,,,1.1517044040305502,,,
17.97,4.0,usv1|usv2|usv3|usv4,xy:held_margin,18.483591562591855,45.578771910990504,2.0,3.0,4.0,0.5858690602511062,,,1.151953972777464,,,
17.98,4.0,usv1|usv2|usv3|usv4,xy:held_margin,18.483880445666568,45.579391839400515,2.0,3.0,4.0,0.5862844992328351,,,1.1522042823184808,,,
17.990000000000002,4.0,usv1|usv2|usv3|usv4,xy:held_margin,18.484169159443862,45.57995540131198,2.0,3.0,4.0,0.586708722440741,,,1.1524553337803412,,,
18.0,4.0,usv1|usv2|usv3|usv4,xy:held_margin,18.484137686156096,45.57992963461312,2.0,3.0,4.0,0.5981549177472971,,,1.1521431713157568,,,
18.01,4.0,usv1|usv2|usv3|usv4,xy:held_margin,18.484424882027376,45.580539512839,2.0,3.0,4.0,0.5986294816001207,,,1.1523922199307843,,,
18.02,4.0,usv1|usv2|usv3|usv4,xy:held_margin,18.484712189569752,45.58118701302862,2.0,3.0,4.0,0.599091900847523,,,1.1526420057012698,,,
18.03,4.0,usv1|usv2|usv3|usv4,xy:held_margin,18.484999378863694,45.58179563038021,2.0,3.0,4.0,0.5995672126736491,,,1.15289252961324,,,
18.04,4.0,usv1|usv2|usv3|usv4,xy:held_margin,18.485286521449016,45.58238775707416,2.0,3.0,4.0,0.6000446413057163,,,1.1531437930401578,,,
18.05,4.0,usv1|usv2|usv3|usv4,xy:held_margin,18.48557150881074,45.58286890954942,2.0,3.0,4.0,0.5917894550995553,,,1.152831800471953,,,
18.06,4.0,usv1|usv2|usv3|usv4,xy:held_margin,18.48585920447735,45.58362760615325,2.0,3.0,4.0,0.5922634155098878,,,1.1530810578555497,,,
18.07,4.0,usv1|usv2|usv3|usv4,xy:held_margin,18.486154740519172,45.58428946659189,2.0,3.0,4.0,0.5927098441518717,,,1.1467530116000644,,,
18.080000000000002,4.0,usv1|usv2|usv3|usv4,xy:held_margin,18.486441926447036,45.58489920285092,2.0,3.0,4.0,0.5931552977591932,,,1.1469969913097935,,,
18.09,4.0,usv1|usv2|usv3|usv4,xy:held_margin,18.486729685225328,45.585622433586295,2.0,3.0,4.0,0.5936072743350357,,,1.1472417552378067,,,
18.1,4.0,usv1|usv2|usv3|usv4,xy:held_margin,18.487485591673863,45.58840056947703,2.0,3.0,4.0,0.6381258762657034,,,1.1469584056372584,,,
18.11,4.0,usv1|usv2|usv3|usv4,xy:held_margin,18.487775395953047,45.589051328768235,2.0,3.0,4.0,0.6387049806644349,,,1.1472013571213038,,,
18.12,4.0,usv1|usv2|usv3|usv4,xy:held_margin,18.488065281142386,45.58971768334207,2.0,3.0,4.0,0.6392857269284523,,,1.147445086377315,,,
18.13,4.0,usv1|usv2|usv3|usv4,xy:held_margin,18.488355209262465,45.59039309552384,2.0,3.0,4.0,0.6398679678811175,,,1.1476895947931816,,,
18.14,4.0,usv1|usv2|usv3|usv4,xy:held_margin,18.4886451665694,45.59107407752641,2.0,3.0,4.0,0.6404400977735518,,,1.147934883767845,,,
18.150000000000002,4.0,usv1|usv2|usv3|usv4,xy:held_margin,18.488661957152427,45.59122242565443,2.0,3.0,4.0,0.6516662683920252,,,1.1476417100843617,,,
18.16,4.0,usv1|usv2|usv3|usv4,xy:held_margin,18.4889504518548,45.59194100298724,2.0,3.0,4.0,0.6522981382913204,,,1.147885135573853,,,
18.17,4.0,usv1|usv2|usv3|usv4,xy:held_margin,18.4892387816781,45.59262582263673,2.0,3.0,4.0,0.6529259470884954,,,1.1481293358709068,,,
18.18,4.0,usv1|usv2|usv3|usv4,xy:held_margin,18.489526910545834,45.593268286109456,2.0,3.0,4.0,0.6535329016349192,,,1.1483743123562862,,,
18.19,4.0,usv1|usv2|usv3|usv4,xy:held_margin,18.48981503089121,45.59390931352707,2.0,3.0,4.0,0.6541513344863568,,,1.1486200669260458,,,
18.2,4.0,usv1|usv2|usv3|usv4,xy:held_margin,18.48977866149394,45.593460312072075,2.0,3.0,4.0,0.6416507967822233,,,1.1483209185340346,,,
18.21,4.0,usv1|usv2|usv3|usv4,xy:held_margin,18.490065213767902,45.59414491426138,2.0,3.0,4.0,0.6422477748259307,,,1.1485647764433353,,,
18.22,4.0,usv1|usv2|usv3|usv4,xy:held_margin,18.490351703730227,45.59481871139817,2.0,3.0,4.0,0.6428309987909858,,,1.148809406895982,,,
18.23,4.0,usv1|usv2|usv3|usv4,xy:held_margin,18.490637603384343,45.59536059335682,2.0,3.0,4.0,0.6433868731680306,,,1.1490548102030653,,,
18.240000000000002,4.0,usv1|usv2|usv3|usv4,xy:held_margin,18.49092397563481,45.596007087817185,2.0,3.0,4.0,0.6439726300881711,,,1.1493009900656557,,,
18.25,4.0,usv1|usv2|usv3|usv4,xy:held_margin,18.491705796652976,45.59746495569847,2.0,3.0,4.0,0.6213437909111637,,,1.1490008668650327,,,
18.26,4.0,usv1|usv2|usv3|usv4,xy:held_margin,18.491995083219567,45.5981055746086,2.0,3.0,4.0,0.62183180274353,,,1.1492451401240988,,,
18.27,4.0,usv1|usv2|usv3|usv4,xy:held_margin,18.49228402960071,45.59866605684953,2.0,3.0,4.0,0.6223164993569483,,,1.1494901828968704,,,
18.28,4.0,usv1|usv2|usv3|usv4,xy:held_margin,18.492573345768687,45.59931251720295,2.0,3.0,4.0,0.6228177724167595,,,1.149735998095676,,,
18.29,4.0,usv1|usv2|usv3|usv4,xy:held_margin,18.492862642211637,45.59995465702788,2.0,3.0,4.0,0.6233066744376781,,,1.1499825862804436,,,
18.3,4.0,usv1|usv2|usv3|usv4,xy:held_margin,18.492615669856594,45.59881091529373,2.0,3.0,4.0,0.6098694973400189,,,1.1496805542471824,,,
18.31,4.0,usv1|usv2|usv3|usv4,xy:held_margin,18.492901927080577,45.599416351930074,2.0,3.0,4.0,0.6103345590405044,,,1.149925220792739,,,
18.32,4.0,usv1|usv2|usv3|usv4,xy:held_margin,18.49318836311844,45.600064404723106,2.0,3.0,4.0,0.6108028289611814,,,1.1501706554120585,,,
18.330000000000002,4.0,usv1|usv2|usv3|usv4,xy:held_margin,18.493474753912775,45.60070092603812,2.0,3.0,4.0,0.6112583185364661,,,1.1504168590351236,,,
18.34,4.0,usv1|usv2|usv3|usv4,xy:held_margin,18.493761152024685,45.60133823261419,2.0,3.0,4.0,0.611725845822727,,,1.150663833200478,,,
18.35,4.0,usv1|usv2|usv3|usv4,xy:held_margin,18.493783768605983,45.601430809168036,2.0,3.0,4.0,0.6184416061674991,,,1.150365933902103,,,
18.36,4.0,usv1|usv2|usv3|usv4,xy:held_margin,18.494068655360714,45.60206402429231,2.0,3.0,4.0,0.6189349499900315,,,1.1506109999685268,,,
18.37,4.0,usv1|usv2|usv3|usv4,xy:held_margin,18.494353537687594,45.60269598854985,2.0,3.0,4.0,0.6194161204352456,,,1.150856831191288,,,
18.38,4.0,usv1|usv2|usv3|usv4,xy:held_margin,18.494638717057096,45.60340281990619,2.0,3.0,4.0,0.6199184669996269,,,1.1511034295692961,,,
18.39,4.0,usv1|usv2|usv3|usv4,xy:held_margin,18.49492344293428,45.60399177621976,2.0,3.0,4.0,0.6204055862135794,,,1.1513507950145703,,,
18.400000000000002,4.0,usv1|usv2|usv3|usv4,xy:held_margin,18.495146611177454,45.60428376459301,2.0,3.0,4.0,0.6151191113288484,,,1.1510498578267572,,,
18.41,4.0,usv1|usv2|usv3|usv4,xy:held_margin,18.495431263625537,45.604930619391055,2.0,3.0,4.0,0.6155847347401213,,,1.1512952971906327,,,
18.42,4.0,usv1|usv2|usv3|usv4,xy:held_margin,18.495715793967914,45.60554373479803,2.0,3.0,4.0,0.6160600189775147,,,1.1515414989502692,,,
18.43,4.0,usv1|usv2|usv3|usv4,xy:held_margin,18.496000171975147,45.60611406018198,2.0,3.0,4.0,0.6165344836427372,,,1.151788464408484,,,
18.44,4.0,usv1|usv2|usv3|usv4,xy:held_margin,18.49628494420052,45.60678885829114,2.0,3.0,4.0,0.6170118315034224,,,1.1520361959984466,,,
18.45,4.0,usv1|usv2|usv3|usv4,xy:held_margin,18.496431213310967,45.60739141087675,2.0,3.0,4.0,0.6372783110279625,,,1.1517397763263402,,,
18.46,4.0,usv1|usv2|usv3|usv4,xy:held_margin,18.496714941911662,45.60801770399032,2.0,3.0,4.0,0.6378200767871354,,,1.151985595652023,,,
18.47,4.0,usv1|usv2|usv3|usv4,xy:held_margin,18.496998596302422,45.608621848221,2.0,3.0,4.0,0.6383627688462303,,,1.1522321749360214,,,
18.48,4.0,usv1|usv2|usv3|usv4,xy:held_margin,18.49728253428188,45.60930345146662,2.0,3.0,4.0,0.6389031592174844,,,1.1524795162362842,,,
18.490000000000002,4.0,usv1|usv2|usv3|usv4,xy:held_margin,18.497566390277797,45.60996272461216,2.0,3.0,4.0,0.6394331063306156,,,1.1527276202275774,,,
18.5,4.0,usv1|usv2|usv3|usv4,xy:held_margin,18.498181723565352,45.61197110658105,2.0,3.0,4.0,0.6638754510437943,,,1.1524324508912516,,,
18.51,4.0,usv1|usv2|usv3|usv4,xy:held_margin,18.49846701541327,45.612570563766404,2.0,3.0,4.0,0.6644858921947288,,,1.1526786432619889,,,
18.52,4.0,usv1|usv2|usv3|usv4,xy:held_margin,18.498752417269692,45.613200488347196,2.0,3.0,4.0,0.6650962519023547,,,1.1529255933400462,,,
18.53,4.0,usv1|usv2|usv3|usv4,xy:held_margin,18.499037948842027,45.61386770409879,2.0,3.0,4.0,0.6656942929794337,,,1.153173302552471,,,
18.54,4.0,usv1|usv2|usv3|usv4,xy:held_margin,18.49932323214696,45.614462374055385,2.0,3.0,4.0,0.666305494380052,,,1.153421771563396,,,
18.55,4.0,usv1|usv2|usv3|usv4,xy:held_margin,18.499449754493465,45.615012077871405,2.0,3.0,4.0,0.6818770461421774,,,1.1531222565147166,,,
18.56,4.0,usv1|usv2|usv3|usv4,xy:held_margin,18.499734414927357,45.61569824503539,2.0,3.0,4.0,0.6825375002517053,,,1.1533687909271986,,,
18.57,4.0,usv1|usv2|usv3|usv4,xy:held_margin,18.500018932521815,45.616342607452616,2.0,3.0,4.0,0.6831864661617776,,,1.153616080078814,,,
18.580000000000002,4.0,usv1|usv2|usv3|usv4,xy:held_margin,18.50030395016576,45.617136900566216,2.0,3.0,4.0,0.6838611854730454,,,1.1538641264172718,,,
18.59,4.0,usv1|usv2|usv3|usv4,xy:held_margin,18.500588564412777,45.61780707515554,2.0,3.0,4.0,0.6845268692646683,,,1.1541129296552104,,,
18.6,4.0,usv1|usv2|usv3|usv4,xy:held_margin,18.500762060646398,45.61765636183377,2.0,3.0,4.0,0.6656355128912502,,,1.1538050333563195,,,
18.61,4.0,usv1|usv2|usv3|usv4,xy:held_margin,18.501046322183413,45.618365615975414,2.0,3.0,4.0,0.6662352189791871,,,1.1540518617047466,,,
18.62,4.0,usv1|usv2|usv3|usv4,xy:held_margin,18.50133062272574,45.61908768653245,2.0,3.0,4.0,0.6668542226218847,,,1.1542994424884965,,,
18.63,4.0,usv1|usv2|usv3|usv4,xy:held_margin,18.501614577359348,45.61970345080905,2.0,3.0,4.0,0.6674509974706047,,,1.1545477764058858,,,
18.64,4.0,usv1|usv2|usv3|usv4,xy:held_margin,18.501898527527576,45.62031979171108,2.0,3.0,4.0,0.6680482962903947,,,1.1547968653832115,,,
18.650000000000002,4.0,usv1|usv2|usv3|usv4,xy:held_margin,18.501761814506473,45.62010285843236,2.0,3.0,4.0,0.6898576976714373,,,1.1544960957638948,,,
18.66,4.0,usv1|usv2|usv3|usv4,xy:held_margin,18.502043431618848,45.620710409502344,2.0,3.0,4.0,0.6905320875352515,,,1.1547432351696032,,,
18.67,4.0,usv1|usv2|usv3|usv4,xy:held_margin,18.50232501582948,45.621305915024394,2.0,3.0,4.0,0.6912063549486774,,,1.1549911243133095,,,
18.68,4.0,usv1|usv2|usv3|usv4,xy:held_margin,18.502606628988694,45.62191147353821,2.0,3.0,4.0,0.691881692026864,,,1.1552397646463823,,,
18.69,4.0,usv1|usv2|usv3|usv4,xy:held_margin,18.502888128428463,45.62248181765862,2.0,3.0,4.0,0.692546486554228,,,1.155489157289741,,,
18.7,4.0,usv1|usv2|usv3|usv4,xy:held_margin,18.50279716643186,45.62234141442417,2.0,3.0,4.0,0.6988901419981933,,,1.155184094737261,,,
18.71,4.0,usv1|usv2|usv3|usv4,xy:held_margin,18.503077228321036,45.62308447743729,2.0,3.0,4.0,0.699604432283573,,,1.1554315168042917,,,
18.72,4.0,usv1|usv2|usv3|usv4,xy:held_margin,18.503356944198266,45.62371370352484,2.0,3.0,4.0,0.7003070985692595,,,1.1556796854753042,,,
18.73,4.0,usv1|usv2|usv3|usv4,xy:held_margin,18.503636866421537,45.62440903384602,2.0,3.0,4.0,0.7010093351776051,,,1.1559286029871154,,,
18.740000000000002,4.0,usv1|usv2|usv3|usv4,xy:held_margin,18.503916804778935,45.62511049297012,2.0,3.0,4.0,0.7017288144918742,,,1.1561782703745718,,,
18.75,4.0,usv1|usv2|usv3|usv4,xy:held_margin,18.50406003192686,45.625018080004914,2.0,3.0,4.0,0.68991386281104,,,1.155868830196164,,,
18.76,4.0,usv1|usv2|usv3|usv4,xy:held_margin,18.504339106930267,45.62564084173905,2.0,3.0,4.0,0.6905801455625263,,,1.1561165038608,,,
18.77,4.0,usv1|usv2|usv3|usv4,xy:held_margin,18.5046180793371,45.626232175168205,2.0,3.0,4.0,0.691228602561187,,,1.1563649220065328,,,
18.78,4.0,usv1|usv2|usv3|usv4,xy:held_margin,18.504896985633984,45.62680290110734,2.0,3.0,4.0,0.6918869967810841,,,1.156614085995761,,,
18.79,4.0,usv1|usv2|usv3|usv4,xy:held_margin,18.505176210617954,45.627481955784475,2.0,3.0,4.0,0.69256181674358,,,1.1568639977867996,,,
18.8,4.0,usv1|usv2|usv3|usv4,xy:held_margin,18.505637347826575,45.628358446620176,2.0,3.0,4.0,0.6802321625812426,,,1.1565544040048148,,,
18.81,4.0,usv1|usv2|usv3|usv4,xy:held_margin,18.505917544544506,45.62902795550402,2.0,3.0,4.0,0.6808524369760915,,,1.1568023185398757,,,
18.82,4.0,usv1|usv2|usv3|usv4,xy:held_margin,18.50619756315869,45.62963733091265,2.0,3.0,4.0,0.6814714303569308,,,1.1570509749193567,,,
18.830000000000002,4.0,usv1|usv2|usv3|usv4,xy:held_margin,18.506477362537638,45.63017138961791,2.0,3.0,4.0,0.6820765584732156,,,1.1573003743461743,,,
18.84,4.0,usv1|usv2|usv3|usv4,xy:held_margin,18.50675743143155,45.63079495490414,2.0,3.0,4.0,0.6826989082822247,,,1.157550518936069,,,
18.85,4.0,usv1|usv2|usv3|usv4,xy:held_margin,18.506604109229972,45.62962171862263,2.0,3.0,4.0,0.6541229208876457,,,1.1572340342899963,,,
18.86,4.0,usv1|usv2|usv3|usv4,xy:held_margin,18.506881922475532,45.630164305175455,2.0,3.0,4.0,0.6546579182335102,,,1.1574821492497125,,,
18.87,4.0,usv1|usv2|usv3|usv4,xy:held_margin,18.507159748647833,45.63070957356346,2.0,3.0,4.0,0.6551976754287343,,,1.157731003815953,,,
18.88,4.0,usv1|usv2|usv3|usv4,xy:held_margin,18.507437593965044,45.63125963514647,2.0,3.0,4.0,0.6557415274090818,,,1.1579805992706649,,,
18.89,4.0,usv1|usv2|usv3|usv4,xy:held_margin,18.50771541068058,45.631800407306066,2.0,3.0,4.0,0.6562774006289585,,,1.1582309368347141,,,
18.900000000000002,4.0,usv1|usv2|usv3|usv4,xy:held_margin,18.50732642105671,45.63039865929483,2.0,3.0,4.0,0.6476017768148051,,,1.1579171047128138,,,
18.91,4.0,usv1|usv2|usv3|usv4,xy:held_margin,18.507600946197215,45.63093833748438,2.0,3.0,4.0,0.6481457971330385,,,1.1581654204749599,,,
18.92,4.0,usv1|usv2|usv3|usv4,xy:held_margin,18.50787546132078,45.63147476849721,2.0,3.0,4.0,0.6486815280918407,,,1.158414473233412,,,
18.93,4.0,usv1|usv2|usv3|usv4,xy:held_margin,18.508150312355966,45.632127166050125,2.0,3.0,4.0,0.6492095937012963,,,1.158664264827444,,,
18.94,4.0,usv1|usv2|usv3|usv4,xy:held_margin,18.508425113392786,45.63275912072004,2.0,3.0,4.0,0.64974181441513,,,1.158914795902236,,,
18.95,4.0,usv1|usv2|usv3|usv4,xy:held_margin,18.508671822734545,45.63299275205002,2.0,3.0,4.0,0.6345261033423172,,,1.1586005965348483,,,
18.96,4.0,usv1|usv2|usv3|usv4,xy:held_margin,18.50894637797273,45.63355844473341,2.0,3.0,4.0,0.6350086660993122,,,1.1588491015414997,,,
18.97,4.0,usv1|usv2|usv3|usv4,xy:held_margin,18.50922105272677,45.634165458687015,2.0,3.0,4.0,0.635498847695762,,,1.1590983412345035,,,
18.98,4.0,usv1|usv2|usv3|usv4,xy:held_margin,18.509495900755507,45.63483210573285,2.0,3.0,4.0,0.6290330081969999,,,1.1593483170165317,,,
18.990000000000002,4.0,usv1|usv2|usv3|usv4,xy:held_margin,18.5104254920803,45.63705147055335,2.0,3.0,4.0,0.6295063656039415,,,1.1560118341810204,,,
19.0,4.0,usv1|usv2|usv3|usv4,xy:held_margin,18.51093707666033,45.63900266541128,2.0,3.0,4.0,0.661951800172651,,,1.1557276222073196,,,
19.01,4.0,usv1|usv2|usv3|usv4,xy:held_margin,18.511214151299466,45.639603824468715,2.0,3.0,4.0,0.6625105803165636,,,1.1559704565127948,,,
19.02,4.0,usv1|usv2|usv3|usv4,xy:held_margin,18.511491216185163,45.64019696605547,2.0,3.0,4.0,0.6630704671389512,,,1.1562140691489118,,,
19.03,4.0,usv1|usv2|usv3|usv4,xy:held_margin,18.511768280946644,45.64078878078739,2.0,3.0,4.0,0.6636308365601402,,,1.1564584615843212,,,
19.04,4.0,usv1|usv2|usv3|usv4,xy:held_margin,18.512045480098443,45.641523657913766,2.0,3.0,4.0,0.6641657487513777,,,1.1567036354602953,,,
19.05,4.0,usv1|usv2|usv3|usv4,xy:held_margin,18.513018423791465,45.64408194766659,2.0,3.0,4.0,0.6686925152802005,,,1.1564114296236991,,,
19.06,4.0,usv1|usv2|usv3|usv4,xy:held_margin,18.51329958692504,45.64475409910434,2.0,3.0,4.0,0.6692381945326412,,,1.1566547499700894,,,
19.07,4.0,usv1|usv2|usv3|usv4,xy:held_margin,18.513580716603798,45.64539245821956,2.0,3.0,4.0,0.6697855591795243,,,1.1568988462815295,,,
19.080000000000002,4.0,usv1|usv2|usv3|usv4,xy:held_margin,18.513861811662405,45.645998990744005,2.0,3.0,4.0,0.6703215102197608,,,1.157143720048109,,,
19.09,4.0,usv1|usv2|usv3|usv4,xy:held_margin,18.51414294210911,45.64664054699735,2.0,3.0,4.0,0.6708690911739859,,,1.1573893727985765,,,
19.1,4.0,usv1|usv2|usv3|usv4,xy:held_margin,18.514059316135352,45.64663811230058,2.0,3.0,4.0,0.6870073632646057,,,1.1570954436746288,,,
19.11,4.0,usv1|usv2|usv3|usv4,xy:held_margin,18.514338186596266,45.647234926284284,2.0,3.0,4.0,0.6876137410244786,,,1.1573392269970684,,,
19.12,4.0,usv1|usv2|usv3|usv4,xy:held_margin,18.51461706769445,45.647838021824846,2.0,3.0,4.0,0.6882084102716542,,,1.157583783941313,,,
19.13,4.0,usv1|usv2|usv3|usv4,xy:held_margin,18.51489613106897,45.6485763158338,2.0,3.0,4.0,0.6888180845489362,,,1.1578291161783782,,,
19.14,4.0,usv1|usv2|usv3|usv4,xy:held_margin,18.515175172619603,45.649294268553476,2.0,3.0,4.0,0.6894353512557223,,,1.1580752248443262,,,
19.150000000000002,4.0,usv1|usv2|usv3|usv4,xy:held_margin,18.515487113173887,45.65040466061471,2.0,3.0,4.0,0.7055795604662034,,,1.157781990903878,,,
19.16,4.0,usv1|usv2|usv3|usv4,xy:held_margin,18.515766108917102,45.65103134766435,2.0,3.0,4.0,0.7062219133961792,,,1.1580262271884278,,,
19.17,4.0,usv1|usv2|usv3|usv4,xy:held_margin,18.51604496538451,45.65157046128396,2.0,3.0,4.0,0.706861034961173,,,1.1582712344222195,,,
19.18,4.0,usv1|usv2|usv3|usv4,xy:held_margin,18.516323997470614,45.65222846796497,2.0,3.0,4.0,0.707520398644915,,,1.1585170145069037,,,
19.19,4.0,usv1|usv2|usv3|usv4,xy:held_margin,18.516602902743106,45.65280678033987,2.0,3.0,4.0,0.708167684864053,,,1.1587635684614752,,,
19.2,4.0,usv1|usv2|usv3|usv4,xy:held_margin,18.516959254732406,45.65301083786386,2.0,3.0,4.0,0.68345252596936,,,1.1584568635436703,,,
19.21,4.0,usv1|usv2|usv3|usv4,xy:held_margin,18.51723883392038,45.65363781457663,2.0,3.0,4.0,0.6840272124778894,,,1.1587014845601575,,,
19.22,4.0,usv1|usv2|usv3|usv4,xy:held_margin,18.5175182945648,45.654194077931685,2.0,3.0,4.0,0.6845988934253247,,,1.1589468740359017,,,
19.23,4.0,usv1|usv2|usv3|usv4,xy:held_margin,18.517797829559267,45.65479513983718,2.0,3.0,4.0,0.6851729658603232,,,1.159193033659643,,,
19.240000000000002,4.0,usv1|usv2|usv3|usv4,xy:held_margin,18.518077216003867,45.65530982222854,2.0,3.0,4.0,0.6857397594562803,,,1.1594399645320568,,,
19.25,4.0,usv1|usv2|usv3|usv4,xy:held_margin,18.518664278222456,45.656406426757066,2.0,3.0,4.0,0.6678070852355351,,,1.1591353251192749,,,
19.26,4.0,usv1|usv2|usv3|usv4,xy:held_margin,18.518945758808794,45.65706969408199,2.0,3.0,4.0,0.6683138084966596,,,1.1593803263047895,,,
19.27,4.0,usv1|usv2|usv3|usv4,xy:held_margin,18.51922707906191,45.657644862260476,2.0,3.0,4.0,0.6688252539617117,,,1.1596260934230396,,,
19.28,4.0,usv1|usv2|usv3|usv4,xy:held_margin,18.519508468193692,45.658259174755344,2.0,3.0,4.0,0.6693226848431266,,,1.1598726282134018,,,
19.29,4.0,usv1|usv2|usv3|usv4,xy:held_margin,18.519789870325145,45.65888428553486,2.0,3.0,4.0,0.6698314021931993,,,1.1601199319811184,,,
19.3,4.0,usv1|usv2|usv3|usv4,xy:held_margin,18.52039328184833,45.66035557596001,2.0,3.0,4.0,0.6682781048712322,,,1.1598196197413788,,,
19.31,4.0,usv1|usv2|usv3|usv4,xy:held_margin,18.520676569531318,45.66103454675052,2.0,3.0,4.0,0.6687700317742328,,,1.1600650055089863,,,
19.32,4.0,usv1|usv2|usv3|usv4,xy:held_margin,18.520959858367075,45.66171166192824,2.0,3.0,4.0,0.6692518781477244,,,1.1603111549459022,,,
19.330000000000002,4.0,usv1|usv2|usv3|usv4,xy:held_margin,18.521243044567267,45.662335683211474,2.0,3.0,4.0,0.6697461629046001,,,1.160558069250483,,,
19.34,4.0,usv1|usv2|usv3|usv4,xy:held_margin,18.52152606567428,45.662879624695925,2.0,3.0,4.0,0.6702432002869305,,,1.1608057497132986,,,
19.35,4.0,usv1|usv2|usv3|usv4,xy:held_margin,18.521986057468492,45.66420847933312,2.0,3.0,4.0,0.6802150023086069,,,1.1605075501104098,,,
19.36,4.0,usv1|usv2|usv3|usv4,xy:held_margin,18.522269995199906,45.6647576601349,2.0,3.0,4.0,0.6807295939514528,,,1.1607533150863243,,,
19.37,4.0,usv1|usv2|usv3|usv4,xy:held_margin,18.52255412573445,45.665395849916244,2.0,3.0,4.0,0.681248933632734,,,1.1609998414864615,,,
19.38,4.0,usv1|usv2|usv3|usv4,xy:held_margin,18.522838104354957,45.66596502559759,2.0,3.0,4.0,0.6817771996818034,,,1.161247130111621,,,
19.39,4.0,usv1|usv2|usv3|usv4,xy:held_margin,18.523122204397467,45.66658863448305,2.0,3.0,4.0,0.6822984592022102,,,1.1614951827994964,,,
19.400000000000002,4.0,usv1|usv2|usv3|usv4,xy:held_margin,18.52303676065693,45.66655013047379,2.0,3.0,4.0,0.6980180936655601,,,1.1611956641877035,,,
19.41,4.0,usv1|usv2|usv3|usv4,xy:held_margin,18.52331868047402,45.66712591990421,2.0,3.0,4.0,0.6986023344239646,,,1.1614417895832518,,,
19.42,4.0,usv1|usv2|usv3|usv4,xy:held_margin,18.523600603056273,45.6677034685315,2.0,3.0,4.0,0.6991882075325417,,,1.1616886735332044,,,
19.43,4.0,usv1|usv2|usv3|usv4,xy:held_margin,18.523882750787894,45.6683771698849,2.0,3.0,4.0,0.6997530146576503,,,1.1619363177739253,,,
19.44,4.0,usv1|usv2|usv3|usv4,xy:held_margin,18.524164768920386,45.66899640570023,2.0,3.0,4.0,0.7003179290014979,,,1.1621847231873796,,,
19.45,4.0,usv1|usv2|usv3|usv4,xy:held_margin,18.52395227831202,45.668206126528254,2.0,3.0,4.0,0.6988585429250185,,,1.161878217955125,,,
19.46,4.0,usv1|usv2|usv3|usv4,xy:held_margin,18.52423168571833,45.66882899946456,2.0,3.0,4.0,0.6994387514841491,,,1.162124663573158,,,
19.47,4.0,usv1|usv2|usv3|usv4,xy:held_margin,18.524511267408766,45.669523473833245,2.0,3.0,4.0,0.7000036996293062,,,1.1623718655218842,,,
19.48,4.0,usv1|usv2|usv3|usv4,xy:held_margin,18.52479062245336,45.67012447364618,2.0,3.0,4.0,0.7005762088671854,,,1.162619824519836,,,
19.490000000000002,4.0,usv1|usv2|usv3|usv4,xy:held_margin,18.525070242255474,45.67083344607215,2.0,3.0,4.0,0.7011423829885546,,,1.162868542772226,,,
19.5,4.0,usv1|usv2|usv3|usv4,xy:held_margin,18.525086196395424,45.67095617827525,2.0,3.0,4.0,0.7139886767399668,,,1.1625666306282463,,,
19.51,4.0,usv1|usv2|usv3|usv4,xy:held_margin,18.52536435596395,45.671663462398215,2.0,3.0,4.0,0.7146019824771658,,,1.1628134024392875,,,
19.52,4.0,usv1|usv2|usv3|usv4,xy:held_margin,18.525642287413095,45.67227956133811,2.0,3.0,4.0,0.715215122791941,,,1.163060927361911,,,
19.53,4.0,usv1|usv2|usv3|usv4,xy:held_margin,18.525920339394457,45.672942650587444,2.0,3.0,4.0,0.7158364734563333,,,1.163309207317295,,,
19.54,4.0,usv1|usv2|usv3|usv4,xy:held_margin,18.526198110413574,45.67349673041438,2.0,3.0,4.0,0.7164673746512913,,,1.1635582429451377,,,
19.55,4.0,usv1|usv2|usv3|usv4,xy:held_margin,18.526237635647977,45.673571991576104,2.0,3.0,4.0,0.7214825770017727,,,1.163252956028904,,,
19.56,4.0,usv1|usv2|usv3|usv4,xy:held_margin,18.526514182136314,45.674144903608536,2.0,3.0,4.0,0.7221323860693171,,,1.1635000275214638,,,
19.57,4.0,usv1|usv2|usv3|usv4,xy:held_margin,18.526790729711617,45.67472005444342,2.0,3.0,4.0,0.7227833274795948,,,1.1637478499772629,,,
19.580000000000002,4.0,usv1|usv2|usv3|usv4,xy:held_margin,18.52706726207277,45.6752909421239,2.0,3.0,4.0,0.7234363755710818,,,1.1639964246725318,,,
19.59,4.0,usv1|usv2|usv3|usv4,xy:held_margin,18.527343879880522,45.67589460477745,2.0,3.0,4.0,0.7240715369510674,,,1.1642457531703783,,,
19.6,4.0,usv1|usv2|usv3|usv4,xy:held_margin,18.527678035954466,45.67699596971252,2.0,3.0,4.0,0.7430069390615768,,,1.163945303672243,,,
19.61,4.0,usv1|usv2|usv3|usv4,xy:held_margin,18.527954521005604,45.67747655601587,2.0,3.0,4.0,0.743745982083359,,,1.164192681845394,,,
19.62,4.0,usv1|usv2|usv3|usv4,xy:held_margin,18.52823159036779,45.678171097249816,2.0,3.0,4.0,0.7444206246522744,,,1.1644408094069383,,,
19.63,4.0,usv1|usv2|usv3|usv4,xy:held_margin,18.528508163129587,45.67868271152497,2.0,3.0,4.0,0.7451417687887764,,,1.164689685808217,,,
19.64,4.0,usv1|usv2|usv3|usv4,xy:held_margin,18.528784986254625,45.67928501700754,2.0,3.0,4.0,0.7458461328608476,,,1.1649393136387582,,,
19.650000000000002,4.0,usv1|usv2|usv3|usv4,xy:held_margin,18.529414354951495,45.680457341809735,2.0,3.0,4.0,0.7263868366781859,,,1.1646267452257708,,,
19.66,4.0,usv1|usv2|usv3|usv4,xy:held_margin,18.52969337688578,45.681156358243406,2.0,3.0,4.0,0.7269894874865431,,,1.1648743737744804,,,
19.67,4.0,usv1|usv2|usv3|usv4,xy:held_margin,18.52997237767211,45.68184752482887,2.0,3.0,4.0,0.727586536591429,,,1.1651227480974622,,,
19.68,4.0,usv1|usv2|usv3|usv4,xy:held_margin,18.53025140199554,45.682545900560584,2.0,3.0,4.0,0.7281977958521714,,,1.1653718695730717,,,
19.69,4.0,usv1|usv2|usv3|usv4,xy:held_margin,18.530530167874755,45.683152047059316,2.0,3.0,4.0,0.7288294379578355,,,1.1656217390093002,,,
19.7,4.0,usv1|usv2|usv3|usv4,xy:held_margin,18.530727024699278,45.684602100135685,2.0,3.0,4.0,0.7794052911747,,,1.165328943968105,,,
19.71,4.0,usv1|usv2|usv3|usv4,xy:held_margin,18.531005258708625,45.68525667209693,2.0,3.0,4.0,0.7801707049697653,,,1.165576883449163,,,
19.72,4.0,usv1|usv2|usv3|usv4,xy:held_margin,18.53128339535577,45.68587670925485,2.0,3.0,4.0,0.7809540434018619,,,1.165825566026403,,,
19.73,4.0,usv1|usv2|usv3|usv4,xy:held_margin,18.531561734605557,45.686566880542316,2.0,3.0,4.0,0.7817274767684333,,,1.166074993562943,,,
19.740000000000002,4.0,usv1|usv2|usv3|usv4,xy:held_margin,18.531839826176327,45.68717020037843,2.0,3.0,4.0,0.7825129722815708,,,1.1663251665614833,,,
19.75,4.0,usv1|usv2|usv3|usv4,xy:held_margin,18.531761832938702,45.68700219471639,2.0,3.0,4.0,0.7907392447872328,,,1.1660167302603823,,,
19.76,4.0,usv1|usv2|usv3|usv4,xy:held_margin,18.532037966414777,45.687562704756104,2.0,3.0,4.0,0.7915611068493755,,,1.1662649099029447,,,
19.77,4.0,usv1|usv2|usv3|usv4,xy:held_margin,18.532314515590947,45.68826405580922,2.0,3.0,4.0,0.7923638112010877,,,1.1665138310286198,,,
19.78,4.0,usv1|usv2|usv3|usv4,xy:held_margin,18.532590952940463,45.68892569686713,2.0,3.0,4.0,0.7931735611270195,,,1.1667634939550158,,,
19.79,4.0,usv1|usv2|usv3|usv4,xy:held_margin,18.532867508535475,45.68962813164723,2.0,3.0,4.0,0.7939714106171788,,,1.1670139004343831,,,
19.8,4.0,usv1|usv2|usv3|usv4,xy:held_margin,18.532587202535673,45.688044796252136,2.0,3.0,4.0,0.7609368285624997,,,1.1666902358056206,,,
19.81,4.0,usv1|usv2|usv3|usv4,xy:held_margin,18.53286084270964,45.688646209505166,2.0,3.0,4.0,0.7616618425432019,,,1.1669385882872947,,,
19.82,4.0,usv1|usv2|usv3|usv4,xy:held_margin,18.533134569130905,45.6892772321029,2.0,3.0,4.0,0.762386596583426,,,1.1671876791551254,,,
19.830000000000002,4.0,usv1|usv2|usv3|usv4,xy:held_margin,18.533408201018094,45.6898765514786,2.0,3.0,4.0,0.76309946353758,,,1.1674375094228768,,,
19.84,4.0,usv1|usv2|usv3|usv4,xy:held_margin,18.533681928130136,45.69050750678615,2.0,3.0,4.0,0.7638247038310583,,,1.1676880807216434,,,
19.85,4.0,usv1|usv2|usv3|usv4,xy:held_margin,18.534475283880848,45.69222459343536,2.0,3.0,4.0,0.7534492686084646,,,1.1673754653415227,,,
19.86,4.0,usv1|usv2|usv3|usv4,xy:held_margin,18.534751664859474,45.69286380617785,2.0,3.0,4.0,0.7541273370131852,,,1.1676240221387073,,,
19.87,4.0,usv1|usv2|usv3|usv4,xy:held_margin,18.5350278707964,45.6934468600013,2.0,3.0,4.0,0.7547951027426191,,,1.1678733143141133,,,
19.88,4.0,usv1|usv2|usv3|usv4,xy:held_margin,18.535304073389376,45.69402908587856,2.0,3.0,4.0,0.7233601143179464,,,1.1681233434585627,,,
19.89,4.0,usv1|usv2|usv3|usv4,xy:held_margin,18.536399020546945,45.69610955415055,2.0,3.0,4.0,0.7240181413588611,,,1.158118883733123,,,
19.900000000000002,4.0,usv1|usv2|usv3|usv4,xy:held_margin,18.53684854565291,45.69679605623367,2.0,3.0,4.0,0.7053613806602865,,,1.1578228893745037,,,
19.91,4.0,usv1|usv2|usv3|usv4,xy:held_margin,18.537127702433324,45.69744807390277,2.0,3.0,4.0,0.705934511556911,,,1.1580657744275293,,,
19.92,4.0,usv1|usv2|usv3|usv4,xy:held_margin,18.537406802381568,45.6980511098704,2.0,3.0,4.0,0.7065215597430603,,,1.1583094375300376,,,
19.93,4.0,usv1|usv2|usv3|usv4,xy:held_margin,18.537686000299363,45.698740681416,2.0,3.0,4.0,0.707107101433499,,,1.1585538800295236,,,
19.94,4.0,usv1|usv2|usv3|usv4,xy:held_margin,18.537965120597924,45.69936066876328,2.0,3.0,4.0,0.7076936171223301,,,1.158799103536814,,,
19.95,4.0,usv1|usv2|usv3|usv4,xy:held_margin,18.538652396128,45.700782664275756,2.0,3.0,4.0,0.6979934400464439,,,1.1585016344607695,,,
19.96,4.0,usv1|usv2|usv3|usv4,xy:held_margin,18.538933916300355,45.70138955428622,2.0,3.0,4.0,0.6985283367696963,,,1.1587450037866482,,,
19.97,4.0,usv1|usv2|usv3|usv4,xy:held_margin,18.539215450101615,45.70200748491097,2.0,3.0,4.0,0.6990626584800878,,,1.1589891486984047,,,
19.98,4.0,usv1|usv2|usv3|usv4,xy:held_margin,18.539496946765652,45.702599221127755,2.0,3.0,4.0,0.6995998507224123,,,1.1592340706653017,,,
19.990000000000002,4.0,usv1|usv2|usv3|usv4,xy:held_margin,18.53977852780533,45.70325202101204,2.0,3.0,4.0,0.7001188649545844,,,1.159479771119432,,,
20.0,4.0,usv1|usv2|usv3|usv4,xy:held_margin,18.5400478139615,45.70383279446681,2.0,3.0,4.0,0.7006826532619007,,,1.1591809925481085,,,
20.01,4.0,usv1|usv2|usv3|usv4,xy:held_margin,18.540329192216216,45.704388939718584,2.0,3.0,4.0,0.7012263748042367,,,1.159424824755629,,,
20.02,4.0,usv1|usv2|usv3|usv4,xy:held_margin,18.54061087835282,45.705146757620035,2.0,3.0,4.0,0.7017458049428661,,,1.15966943014493,,,
20.03,4.0,usv1|usv2|usv3|usv4,xy:held_margin,18.540892381215393,45.70578254058212,2.0,3.0,4.0,0.7022671219739587,,,1.1599148101186172,,,
20.04,4.0,usv1|usv2|usv3|usv4,xy:held_margin,18.541173847870006,45.70639354427945,2.0,3.0,4.0,0.7028019184676534,,,1.1601609661094052,,,
20.05,4.0,usv1|usv2|usv3|usv4,xy:held_margin,18.541227696765137,45.706278860378255,2.0,3.0,4.0,0.6973854276779605,,,1.1598617827759108,,,
20.06,4.0,usv1|usv2|usv3|usv4,xy:held_margin,18.541508085679425,45.70698110296479,2.0,3.0,4.0,0.6979082529975027,,,1.1601060623869295,,,
20.07,4.0,usv1|usv2|usv3|usv4,xy:held_margin,18.541788330302804,45.70759750057999,2.0,3.0,4.0,0.698422407898537,,,1.1603511126124209,,,
20.080000000000002,4.0,usv1|usv2|usv3|usv4,xy:held_margin,18.542068563138603,45.70820453367089,2.0,3.0,4.0,0.6989490207575814,,,1.1605969349188991,,,
20.09,4.0,usv1|usv2|usv3|usv4,xy:held_margin,18.54234885096224,45.70883735717402,2.0,3.0,4.0,0.6994749386314969,,,1.1608435307502654,,,
20.1,4.0,usv1|usv2|usv3|usv4,xy:held_margin,18.543005623828044,45.710854162851305,2.0,3.0,4.0,0.7162586290217517,,,1.1605420314301274,,,
20.11,4.0,usv1|usv2|usv3|usv4,xy:held_margin,18.54328782308813,45.71144373147517,2.0,3.0,4.0,0.7168071504335221,,,1.1607867329244963,,,
20.12,4.0,usv1|usv2|usv3|usv4,xy:held_margin,18.5435701798092,45.712113686933094,2.0,3.0,4.0,0.7173667055447887,,,1.1610322026436164,,,
20.13,4.0,usv1|usv2|usv3|usv4,xy:held_margin,18.5438524550232,45.71273862232372,2.0,3.0,4.0,0.7179267791738511,,,1.1612784418687285,,,
20.14,4.0,usv1|usv2|usv3|usv4,xy:held_margin,18.544134787589893,45.713393671025024,2.0,3.0,4.0,0.718487164931957,,,1.161525452085065,,,
20.150000000000002,4.0,usv1|usv2|usv3|usv4,xy:held_margin,18.54474418831094,45.714089015461305,2.0,3.0,4.0,0.6755285583511224,,,1.1612265899594032,,,
20.16,4.0,usv1|usv2|usv3|usv4,xy:held_margin,18.54502857141292,45.7147233938715,2.0,3.0,4.0,0.6759372018694736,,,1.161471715199874,,,
20.17,4.0,usv1|usv2|usv3|usv4,xy:held_margin,18.54531291807712,45.71534154948182,2.0,3.0,4.0,0.6763446926817086,,,1.16171760602787,,,
20.18,4.0,usv1|usv2|usv3|usv4,xy:held_margin,18.545597328482568,45.71598982069511,2.0,3.0,4.0,0.6767428470791536,,,1.1619642639169965,,,
20.19,4.0,usv1|usv2|usv3|usv4,xy:held_margin,18.545881741793092,45.71663737184155,2.0,3.0,4.0,0.6771532465791237,,,1.1622116902105952,,,
20.2,4.0,usv1|usv2|usv3|usv4,xy:held_margin,18.54574489835253,45.71580219145184,2.0,3.0,4.0,0.6633779399548964,,,1.1619103806219877,,,
20.21,4.0,usv1|usv2|usv3|usv4,xy:held_margin,18.5460268985447,45.71635077532666,2.0,3.0,4.0,0.6637575052554798,,,1.1621559022116292,,,
20.22,4.0,usv1|usv2|usv3|usv4,xy:held_margin,18.546308994938713,45.716941202022575,2.0,3.0,4.0,0.6641281586627823,,,1.162402186954027,,,
20.23,4.0,usv1|usv2|usv3|usv4,xy:held_margin,18.546591255324312,45.717603506956294,2.0,3.0,4.0,0.6645108600318776,,,1.1626492363073209,,,
20.240000000000002,4.0,usv1|usv2|usv3|usv4,xy:held_margin,18.546873234279936,45.71814514475888,2.0,3.0,4.0,0.6648953355055565,,,1.1628970512235408,,,
20.25,4.0,usv1|usv2|usv3|usv4,xy:held_margin,18.546960609365755,45.718426547769816,2.0,3.0,4.0,0.6762763712673717,,,1.1625935243908372,,,
20.26,4.0,usv1|usv2|usv3|usv4,xy:held_margin,18.547241759211094,45.719089659005995,2.0,3.0,4.0,0.6766869773041686,,,1.1628394184867998,,,
20.27,4.0,usv1|usv2|usv3|usv4,xy:held_margin,18.5475227032808,45.71966668021088,2.0,3.0,4.0,0.6771164959059438,,,1.1630860728783543,,,
20.28,4.0,usv1|usv2|usv3|usv4,xy:held_margin,18.547803808149858,45.72031196496515,2.0,3.0,4.0,0.6775404087736936,,,1.163333489291738,,,
20.29,4.0,usv1|usv2|usv3|usv4,xy:held_margin,18.548084748748146,45.72089000736486,2.0,3.0,4.0,0.6779710038680136,,,1.163581668752024,,,
20.3,4.0,usv1|usv2|usv3|usv4,xy:held_margin,18.54823240289163,45.721035431792444,2.0,3.0,4.0,0.669312077955302,,,1.1632782897543061,,,
20.31,4.0,usv1|usv2|usv3|usv4,xy:held_margin,18.54851285384233,45.72168344326603,2.0,3.0,4.0,0.6697153419847452,,,1.1635245443668571,,,
20.32,4.0,usv1|usv2|usv3|usv4,xy:held_margin,18.548793492848837,45.7224045759497,2.0,3.0,4.0,0.670120329378536,,,1.1637715570798968,,,
20.330000000000002,4.0,usv1|usv2|usv3|usv4,xy:held_margin,18.5490742329341,45.72316036594022,2.0,3.0,4.0,0.6705381517264536,,,1.1640193291566103,,,
20.34,4.0,usv1|usv2|usv3|usv4,xy:held_margin,18.54935457984294,45.72376005268817,2.0,3.0,4.0,0.6709274989978209,,,1.1642678614176103,,,
20.35,4.0,usv1|usv2|usv3|usv4,xy:held_margin,18.549607444389753,45.72356502314356,2.0,3.0,4.0,0.6377092689203462,,,1.1639646760353446,,,
20.36,4.0,usv1|usv2|usv3|usv4,xy:held_margin,18.549887887165788,45.72416863934235,2.0,3.0,4.0,0.6380100825476785,,,1.1642112795332233,,,
20.37,4.0,usv1|usv2|usv3|usv4,xy:held_margin,18.55016817968167,45.72471274120458,2.0,3.0,4.0,0.6383069954804312,,,1.1644586381640611,,,
20.38,4.0,usv1|usv2|usv3|usv4,xy:held_margin,18.550448623984106,45.72531282303425,2.0,3.0,4.0,0.638596185643095,,,1.1647067536259852,,,
20.39,4.0,usv1|usv2|usv3|usv4,xy:held_margin,18.550729255446452,45.72598168714023,2.0,3.0,4.0,0.6389010315799056,,,1.1649556273066048,,,
20.400000000000002,4.0,usv1|usv2|usv3|usv4,xy:held_margin,18.55115193041499,45.72679587840917,2.0,3.0,4.0,0.6270132465881609,,,1.1646504778162519,,,
20.41,4.0,usv1|usv2|usv3|usv4,xy:held_margin,18.55143322187363,45.72740153841526,2.0,3.0,4.0,0.6272696577222353,,,1.1648974081880443,,,
20.42,4.0,usv1|usv2|usv3|usv4,xy:held_margin,18.551714626500267,45.72804656279601,2.0,3.0,4.0,0.6275182392514673,,,1.1651450914067722,,,
20.43,4.0,usv1|usv2|usv3|usv4,xy:held_margin,18.55199603369866,45.72869102176417,2.0,3.0,4.0,0.6277798767301431,,,1.1653935286802595,,,
20.44,4.0,usv1|usv2|usv3|usv4,xy:held_margin,18.552277193137368,45.729244437965576,2.0,3.0,4.0,0.628029356023901,,,1.1656427210319968,,,
20.45,4.0,usv1|usv2|usv3|usv4,xy:held_margin,18.552950139303245,45.730959959343735,2.0,3.0,4.0,0.6294157851366434,,,1.1653361120422783,,,
20.46,4.0,usv1|usv2|usv3|usv4,xy:held_margin,18.553233562546797,45.73159348959217,2.0,3.0,4.0,0.6296477401480342,,,1.1655833503321904,,,
20.47,4.0,usv1|usv2|usv3|usv4,xy:held_margin,18.55351697537766,45.7322211211524,2.0,3.0,4.0,0.6298916439472401,,,1.1658313387141337,,,
20.48,4.0,usv1|usv2|usv3|usv4,xy:held_margin,18.553800431405058,45.73286361958894,2.0,3.0,4.0,0.6301373911935503,,,1.166080078586496,,,
20.490000000000002,4.0,usv1|usv2|usv3|usv4,xy:held_margin,18.55408378504582,45.73347075170393,2.0,3.0,4.0,0.630379127742872,,,1.1663295710958492,,,
20.5,4.0,usv1|usv2|usv3|usv4,xy:held_margin,18.55405483396513,45.73288494601597,2.0,3.0,4.0,0.6159404381602509,,,1.1660227818146733,,,
20.51,4.0,usv1|usv2|usv3|usv4,xy:held_margin,18.554336624766538,45.733472471374014,2.0,3.0,4.0,0.6161510118179855,,,1.166270314079741,,,
20.52,4.0,usv1|usv2|usv3|usv4,xy:held_margin,18.554618639951016,45.73413659108931,2.0,3.0,4.0,0.6163662116742815,,,1.1665185941370622,,,
20.53,4.0,usv1|usv2|usv3|usv4,xy:held_margin,18.554900413792573,45.73471502540981,2.0,3.0,4.0,0.6165759670842472,,,1.166767622717201,,,
20.54,4.0,usv1|usv2|usv3|usv4,xy:held_margin,18.555182465202453,45.73539180059917,2.0,3.0,4.0,0.6167795404768226,,,1.1670174018053359,,,
20.55,4.0,usv1|usv2|usv3|usv4,xy:held_margin,18.55545705980823,45.73609747249588,2.0,3.0,4.0,0.6215729807713153,,,1.166708965823329,,,
20.56,4.0,usv1|usv2|usv3|usv4,xy:held_margin,18.555738820371495,45.73669388408043,2.0,3.0,4.0,0.6217974519335274,,,1.1669567730920234,,,
20.57,4.0,usv1|usv2|usv3|usv4,xy:held_margin,18.55602063872681,45.73730875220217,2.0,3.0,4.0,0.6220235445565478,,,1.1672053253504877,,,
20.580000000000002,4.0,usv1|usv2|usv3|usv4,xy:held_margin,18.556302596921192,45.73796968086166,2.0,3.0,4.0,0.6222407850912871,,,1.1674546240194834,,,
20.59,4.0,usv1|usv2|usv3|usv4,xy:held_margin,18.556584318691105,45.73854789092611,2.0,3.0,4.0,0.6224634303371818,,,1.167704669907268,,,
20.6,4.0,usv1|usv2|usv3|usv4,xy:held_margin,18.557142799106863,45.739980672029034,2.0,3.0,4.0,0.6251772413094949,,,1.1673954313715595,,,
20.61,4.0,usv1|usv2|usv3|usv4,xy:held_margin,18.557426006563407,45.740591518778125,2.0,3.0,4.0,0.6253981503738144,,,1.167643498602389,,,
20.62,4.0,usv1|usv2|usv3|usv4,xy:held_margin,18.55770926319569,45.741219478735864,2.0,3.0,4.0,0.6256075067055822,,,1.1678923082341692,,,
20.63,4.0,usv1|usv2|usv3|usv4,xy:held_margin,18.55799236341117,45.74179725901118,2.0,3.0,4.0,0.6258276057523081,,,1.1681418612958885,,,
20.64,4.0,usv1|usv2|usv3|usv4,xy:held_margin,18.558275853732216,45.74250820273059,2.0,3.0,4.0,0.6260548719857583,,,1.1683921598092866,,,
20.650000000000002,4.0,usv1|usv2|usv3|usv4,xy:held_margin,18.558828343497655,45.744149366355714,2.0,3.0,4.0,0.6403088330093689,,,1.1680816533432508,,,
20.66,4.0,usv1|usv2|usv3|usv4,xy:held_margin,18.559113057039575,45.74484535989224,2.0,3.0,4.0,0.6405588834435872,,,1.168329963799517,,,
20.67,4.0,usv1|usv2|usv3|usv4,xy:held_margin,18.559397599479393,45.74548479157237,2.0,3.0,4.0,0.6408156189578499,,,1.1685790137904535,,,
20.68,4.0,usv1|usv2|usv3|usv4,xy:held_margin,18.55968194348994,45.74605884885924,2.0,3.0,4.0,0.6410643237927763,,,1.168828804569465,,,
20.69,4.0,usv1|usv2|usv3|usv4,xy:held_margin,18.559966696612932,45.74676897721063,2.0,3.0,4.0,0.6413305046286611,,,1.1690793382444322,,,
20.7,4.0,usv1|usv2|usv3|usv4,xy:held_margin,18.56029943820406,45.74760268386057,2.0,3.0,4.0,0.6447362042696022,,,1.1687683913992668,,,
20.71,4.0,usv1|usv2|usv3|usv4,xy:held_margin,18.560584250239906,45.748259929764004,2.0,3.0,4.0,0.645004807260881,,,1.169016931081936,,,
20.72,4.0,usv1|usv2|usv3|usv4,xy:held_margin,18.560869169869914,45.748953381368125,2.0,3.0,4.0,0.6452826416625401,,,1.169266208107025,,,
20.73,4.0,usv1|usv2|usv3|usv4,xy:held_margin,18.56115410762881,45.749651057243796,2.0,3.0,4.0,0.645565144448996,,,1.1695162236410581,,,
20.740000000000002,4.0,usv1|usv2|usv3|usv4,xy:held_margin,18.561439007309723,45.750332826167465,2.0,3.0,4.0,0.6458334461394984,,,1.1697669788863878,,,
20.75,4.0,usv1|usv2|usv3|usv4,xy:held_margin,18.561765027163545,45.750759192258805,2.0,3.0,4.0,0.6330884094256719,,,1.169455735591482,,,
20.76,4.0,usv1|usv2|usv3|usv4,xy:held_margin,18.56205012556143,45.75141164915563,2.0,3.0,4.0,0.6265878503519475,,,1.169704491961307,,,
20.77,4.0,usv1|usv2|usv3|usv4,xy:held_margin,18.562800733392947,45.753185681567274,2.0,3.0,4.0,0.626794776625203,,,1.1665698824737036,,,
20.78,4.0,usv1|usv2|usv3|usv4,xy:held_margin,18.56308671034253,45.75385443499147,2.0,3.0,4.0,0.6270200903120801,,,1.1668145263095173,,,
20.79,4.0,usv1|usv2|usv3|usv4,xy:held_margin,18.563372568638336,45.75439414862342,2.0,3.0,4.0,0.6271941023406011,,,1.1670599533252215,,,
20.8,4.0,usv1|usv2|usv3|usv4,xy:held_margin,18.56348461828562,45.75461656582207,2.0,3.0,4.0,0.6291781499055196,,,1.1667618794186345,,,
20.81,4.0,usv1|usv2|usv3|usv4,xy:held_margin,18.56376955246839,45.75525282409064,2.0,3.0,4.0,0.6293926195617741,,,1.1670054485636596,,,
20.82,4.0,usv1|usv2|usv3|usv4,xy:held_margin,18.564054524987444,45.75591160404819,2.0,3.0,4.0,0.6296281184204231,,,1.1672497958355526,,,
20.830000000000002,4.0,usv1|usv2|usv3|usv4,xy:held_margin,18.56433947367219,45.75653684667759,2.0,3.0,4.0,0.6298503692504058,,,1.1674949225815725,,,
20.84,4.0,usv1|usv2|usv3|usv4,xy:held_margin,18.564624482487798,45.75720761122093,2.0,3.0,4.0,0.6300913163631167,,,1.1677408304420407,,,
20.85,4.0,usv1|usv2|usv3|usv4,xy:held_margin,18.565357729689328,45.75894118185266,2.0,3.0,4.0,0.6262896770510665,,,1.1674420857009837,,,
20.86,4.0,usv1|usv2|usv3|usv4,xy:held_margin,18.565645328751316,45.75960255405792,2.0,3.0,4.0,0.6264900745407682,,,1.1676861266442184,,,
20.87,4.0,usv1|usv2|usv3|usv4,xy:held_margin,18.565932946105328,45.76027261905649,2.0,3.0,4.0,0.6266950565198405,,,1.167930943234393,,,
20.88,4.0,usv1|usv2|usv3|usv4,xy:held_margin,18.56622047180387,45.76087641238943,2.0,3.0,4.0,0.6268704109189328,,,1.1681765367411086,,,
20.89,4.0,usv1|usv2|usv3|usv4,xy:held_margin,18.566507939467183,45.76144334991925,2.0,3.0,4.0,0.627020179475304,,,1.168422908674747,,,
20.900000000000002,4.0,usv1|usv2|usv3|usv4,xy:held_margin,18.566034620466315,45.76062709574593,2.0,3.0,4.0,0.6573825854278758,,,1.1681215525321105,,,
20.91,4.0,usv1|usv2|usv3|usv4,xy:held_margin,18.566317603436442,45.76123189897345,2.0,3.0,4.0,0.6576964109621625,,,1.1683660380836425,,,
20.92,4.0,usv1|usv2|usv3|usv4,xy:held_margin,18.566600591561755,45.7618380735395,2.0,3.0,4.0,0.6580108470571686,,,1.168611296795285,,,
20.93,4.0,usv1|usv2|usv3|usv4,xy:held_margin,18.566883637130367,45.76247818828629,2.0,3.0,4.0,0.6583233759023674,,,1.1688573301831515,,,
20.94,4.0,usv1|usv2|usv3|usv4,xy:held_margin,18.567166602778848,45.763070853712115,2.0,3.0,4.0,0.658633923275373,,,1.1691041394585484,,,
20.95,4.0,usv1|usv2|usv3|usv4,xy:held_margin,18.567288728356846,45.76373152958059,2.0,3.0,4.0,0.6762195987932708,,,1.1688025739462233,,,
20.96,4.0,usv1|usv2|usv3|usv4,xy:held_margin,18.567570664834772,45.764320333346355,2.0,3.0,4.0,0.6765892432387226,,,1.1690474902091272,,,
20.97,4.0,usv1|usv2|usv3|usv4,xy:held_margin,18.567852637779314,45.76492994810705,2.0,3.0,4.0,0.6769539603459852,,,1.1692931771804091,,,
20.98,4.0,usv1|usv2|usv3|usv4,xy:held_margin,18.568134740325068,45.76560940345847,2.0,3.0,4.0,0.6773544666657964,,,1.1695396364131712,,,
20.990000000000002,4.0,usv1|usv2|usv3|usv4,xy:held_margin,18.568416716332525,45.766218031020266,2.0,3.0,4.0,0.6777305111770648,,,1.1697868689136255,,,
21.0,4.0,usv1|usv2|usv3|usv4,xy:held_margin,18.568221480134618,45.765120075547586,2.0,3.0,4.0,0.661324630382755,,,1.1694869352236639,,,
21.01,4.0,usv1|usv2|usv3|usv4,xy:held_margin,18.568500881506843,45.76570795500243,2.0,3.0,4.0,0.6616575150368935,,,1.1697322731839541,,,
21.02,4.0,usv1|usv2|usv3|usv4,xy:held_margin,18.568780311842485,45.766312676228935,2.0,3.0,4.0,0.6620082565982832,,,1.169978379271263,,,
21.03,4.0,usv1|usv2|usv3|usv4,xy:held_margin,18.569059930551266,45.767010862872574,2.0,3.0,4.0,0.6623870133944597,,,1.1702252551233734,,,
21.04,4.0,usv1|usv2|usv3|usv4,xy:held_margin,18.569339269677414,45.76756662222491,2.0,3.0,4.0,0.6627222967479078,,,1.1704729014444417,,,
21.05,4.0,usv1|usv2|usv3|usv4,xy:held_margin,18.56923896327535,45.76683831975626,2.0,3.0,4.0,0.6499209287572038,,,1.1701717695531473,,,
21.06,4.0,usv1|usv2|usv3|usv4,xy:held_margin,18.569516701577943,45.76758592769314,2.0,3.0,4.0,0.6503004131419439,,,1.1704175108100952,,,
21.07,4.0,usv1|usv2|usv3|usv4,xy:held_margin,18.569794181678585,45.76821136313421,2.0,3.0,4.0,0.6506408513482161,,,1.1706640172128853,,,
21.080000000000002,4.0,usv1|usv2|usv3|usv4,xy:held_margin,18.570071593552363,45.768804555198464,2.0,3.0,4.0,0.6509686762185078,,,1.1709112904355254,,,
21.09,4.0,usv1|usv2|usv3|usv4,xy:held_margin,18.570348869032802,45.76933605426001,2.0,3.0,4.0,0.6512631287885209,,,1.1711593317537132,,,
21.1,4.0,usv1|usv2|usv3|usv4,xy:held_margin,18.570477993182422,45.76995194117534,2.0,3.0,4.0,0.6739165459257774,,,1.1708549698927246,,,
21.11,4.0,usv1|usv2|usv3|usv4,xy:held_margin,18.570754568412905,45.77060179240931,2.0,3.0,4.0,0.6743374396965207,,,1.171101088635746,,,
21.12,4.0,usv1|usv2|usv3|usv4,xy:held_margin,18.57103094224563,45.771160680958324,2.0,3.0,4.0,0.6747348201315876,,,1.1713479700275993,,,
21.13,4.0,usv1|usv2|usv3|usv4,xy:held_margin,18.57130766249955,45.7718711761125,2.0,3.0,4.0,0.6751605269609688,,,1.1715956162320156,,,
21.14,4.0,usv1|usv2|usv3|usv4,xy:held_margin,18.57158413750559,45.772473676923724,2.0,3.0,4.0,0.6755685902039517,,,1.1718440277946995,,,
21.150000000000002,4.0,usv1|usv2|usv3|usv4,xy:held_margin,18.571931063515375,45.772810908615895,2.0,3.0,4.0,0.6565119846227345,,,1.171541364984254,,,
21.16,4.0,usv1|usv2|usv3|usv4,xy:held_margin,18.572207981937705,45.77338112039528,2.0,3.0,4.0,0.6568494270598182,,,1.1717878531033532,,,
21.17,4.0,usv1|usv2|usv3|usv4,xy:held_margin,18.57248489428848,45.77395080152871,2.0,3.0,4.0,0.6571752541195575,,,1.1720351015663115,,,
21.18,4.0,usv1|usv2|usv3|usv4,xy:held_margin,18.572762147887016,45.774661864291886,2.0,3.0,4.0,0.65754946030551,,,1.172283112213522,,,
21.19,4.0,usv1|usv2|usv3|usv4,xy:held_margin,18.573039238799783,45.77530481682327,2.0,3.0,4.0,0.6579079969526223,,,1.1725318856967932,,,
21.2,4.0,usv1|usv2|usv3|usv4,xy:held_margin,18.573089526108216,45.7752196795956,2.0,3.0,4.0,0.6465852704299792,,,1.1722279444316852,,,
21.21,4.0,usv1|usv2|usv3|usv4,xy:held_margin,18.573365553838613,45.775885075517266,2.0,3.0,4.0,0.6469285837922314,,,1.1724747832993216,,,
21.22,4.0,usv1|usv2|usv3|usv4,xy:held_margin,18.57364125156758,45.77641970884956,2.0,3.0,4.0,0.6472182766959244,,,1.1727223794451116,,,
21.23,4.0,usv1|usv2|usv3|usv4,xy:held_margin,18.57391711017142,45.7770195148567,2.0,3.0,4.0,0.6475413796800529,,,1.1729707348987992,,,
21.240000000000002,4.0,usv1|usv2|usv3|usv4,xy:held_margin,18.57419273188133,45.7775323580969,2.0,3.0,4.0,0.647827266680928,,,1.1732198504789582,,,
21.25,4.0,usv1|usv2|usv3|usv4,xy:held_margin,18.57439243026898,45.77904404717465,2.0,3.0,4.0,0.705674132444707,,,1.1729107747868328,,,
21.26,4.0,usv1|usv2|usv3|usv4,xy:held_margin,18.574667594527014,45.779676083594126,2.0,3.0,4.0,0.7061826034391668,,,1.173157934467679,,,
21.27,4.0,usv1|usv2|usv3|usv4,xy:held_margin,18.57494265542399,45.78026555079123,2.0,3.0,4.0,0.7066799590997979,,,1.1734058491224164,,,
21.28,4.0,usv1|usv2|usv3|usv4,xy:held_margin,18.575217954613468,45.780943057553515,2.0,3.0,4.0,0.7072019464777274,,,1.1736545205724214,,,
21.29,4.0,usv1|usv2|usv3|usv4,xy:held_margin,18.575493155884576,45.78158304142487,2.0,3.0,4.0,0.7077018549335764,,,1.1739039497069066,,,
21.3,4.0,usv1|usv2|usv3|usv4,xy:held_margin,18.575721471751407,45.7817546255699,2.0,3.0,4.0,0.6896977527126942,,,1.173598705830254,,,
21.31,4.0,usv1|usv2|usv3|usv4,xy:held_margin,18.575996461029796,45.782362961184695,2.0,3.0,4.0,0.6901475587043175,,,1.1738461845197303,,,
21.32,4.0,usv1|usv2|usv3|usv4,xy:held_margin,18.576271639798488,45.78303984257612,2.0,3.0,4.0,0.6906278663194136,,,1.174094415974273,,,
21.330000000000002,4.0,usv1|usv2|usv3|usv4,xy:held_margin,18.57654650432944,45.78360164411523,2.0,3.0,4.0,0.691043881835587,,,1.1743434008507287,,,
21.34,4.0,usv1|usv2|usv3|usv4,xy:held_margin,18.576821396629356,45.784174439499665,2.0,3.0,4.0,0.6914789147650393,,,1.174593140929942,,,
21.35,4.0,usv1|usv2|usv3|usv4,xy:held_margin,18.576626065512727,45.78321343537472,2.0,3.0,4.0,0.679567040430933,,,1.1742867491220206,,,
21.36,4.0,usv1|usv2|usv3|usv4,xy:held_margin,18.576898585302235,45.783778987593315,2.0,3.0,4.0,0.6799906292921644,,,1.174534528445178,,,
21.37,4.0,usv1|usv2|usv3|usv4,xy:held_margin,18.5771712894809,45.78441159041829,2.0,3.0,4.0,0.680428364181317,,,1.1747830579075604,,,
21.38,4.0,usv1|usv2|usv3|usv4,xy:held_margin,18.577443927631688,45.78502016915875,2.0,3.0,4.0,0.680869503775677,,,1.1750323385000558,,,
21.39,4.0,usv1|usv2|usv3|usv4,xy:held_margin,18.577716463238925,45.785590554432304,2.0,3.0,4.0,0.6812947470950496,,,1.1752823714834018,,,
21.400000000000002,4.0,usv1|usv2|usv3|usv4,xy:held_margin,18.577185306714853,45.78375970195104,2.0,3.0,4.0,0.6744979852930494,,,1.1749748972579468,,,
21.41,4.0,usv1|usv2|usv3|usv4,xy:held_margin,18.577453539226525,45.784247678526135,2.0,3.0,4.0,0.6749256684102344,,,1.1752229595067045,,,
21.42,4.0,usv1|usv2|usv3|usv4,xy:held_margin,18.577722174076776,45.78487485125001,2.0,3.0,4.0,0.6753998316539216,,,1.175471769552106,,,
21.43,4.0,usv1|usv2|usv3|usv4,xy:held_margin,18.577990855336214,45.78551725093027,2.0,3.0,4.0,0.6758810798090841,,,1.1757213282282817,,,
21.44,4.0,usv1|usv2|usv3|usv4,xy:held_margin,18.578259430070315,45.78612448625053,2.0,3.0,4.0,0.6763374465853804,,,1.1759716366505923,,,
21.45,4.0,usv1|usv2|usv3|usv4,xy:held_margin,18.578949272815798,45.788350716695454,2.0,3.0,4.0,0.7013595560812492,,,1.175661023436882,,,
21.46,4.0,usv1|usv2|usv3|usv4,xy:held_margin,18.579219877749875,45.78897562065993,2.0,3.0,4.0,0.7018786566299099,,,1.1759093499818836,,,
21.47,4.0,usv1|usv2|usv3|usv4,xy:held_margin,18.579490220600462,45.789514084590365,2.0,3.0,4.0,0.7023713358418258,,,1.1761584208491,,,
21.48,4.0,usv1|usv2|usv3|usv4,xy:held_margin,18.579760865399937,45.79015769868323,2.0,3.0,4.0,0.7028831622297903,,,1.1764082380991492,,,
21.490000000000002,4.0,usv1|usv2|usv3|usv4,xy:held_margin,18.58003122758048,45.790704784917146,2.0,3.0,4.0,0.7033788465708137,,,1.176658802255107,,,
21.5,4.0,usv1|usv2|usv3|usv4,xy:held_margin,18.580656945340138,45.79214009282928,2.0,3.0,4.0,0.6959909655553533,,,1.176349179741991,,,
21.51,4.0,usv1|usv2|usv3|usv4,xy:held_margin,18.580929199883464,45.79270541127348,2.0,3.0,4.0,0.6964499931186526,,,1.1765977589698917,,,
21.52,4.0,usv1|usv2|usv3|usv4,xy:held_margin,18.581201450934085,45.79326982623117,2.0,3.0,4.0,0.6968967610248136,,,1.1768470802603392,,,
21.53,4.0,usv1|usv2|usv3|usv4,xy:held_margin,18.58147377464272,45.793859957961274,2.0,3.0,4.0,0.6973638085633496,,,1.1770971450223866,,,
21.54,4.0,usv1|usv2|usv3|usv4,xy:held_margin,18.581746064640384,45.794438882384924,2.0,3.0,4.0,0.6978284331272975,,,1.1773479543971495,,,
21.55,4.0,usv1|usv2|usv3|usv4,xy:held_margin,18.581684581680573,45.79406620225126,2.0,3.0,4.0,0.697685360997654,,,1.1770373131291874,,,
21.56,4.0,usv1|usv2|usv3|usv4,xy:held_margin,18.581955599209447,45.79477506425208,2.0,3.0,4.0,0.6981863876039519,,,1.1772861288393663,,,
21.57,4.0,usv1|usv2|usv3|usv4,xy:held_margin,18.582226024498148,45.7952884254406,2.0,3.0,4.0,0.6986502085064796,,,1.1775356832388995,,,
21.580000000000002,4.0,usv1|usv2|usv3|usv4,xy:held_margin,18.58249679323956,45.79591483726808,2.0,3.0,4.0,0.6991435224578184,,,1.1777859788691951,,,
21.59,4.0,usv1|usv2|usv3|usv4,xy:held_margin,18.58276736044837,45.79647122078358,2.0,3.0,4.0,0.6996195814060664,,,1.178037016283772,,,
21.6,4.0,usv1|usv2|usv3|usv4,xy:held_margin,18.583313264921586,45.79798913821511,2.0,3.0,4.0,0.7052791899958264,,,1.1777249912577747,,,
21.61,4.0,usv1|usv2|usv3|usv4,xy:held_margin,18.58358506936693,45.79851613843353,2.0,3.0,4.0,0.7057495620522842,,,1.1779740270638623,,,
21.62,4.0,usv1|usv2|usv3|usv4,xy:held_margin,18.583857029716718,45.799095976258435,2.0,3.0,4.0,0.7062330298965782,,,1.1782237999942096,,,
21.63,4.0,usv1|usv2|usv3|usv4,xy:held_margin,18.584129093064007,45.7997076036256,2.0,3.0,4.0,0.7067227946349856,,,1.1784743112546947,,,
21.64,4.0,usv1|usv2|usv3|usv4,xy:held_margin,18.584401111630072,45.80030449722435,2.0,3.0,4.0,0.7071968226865916,,,1.1787255619282204,,,
21.650000000000002,4.0,usv1|usv2|usv3|usv4,xy:held_margin,18.585393815864222,45.80289012205023,2.0,3.0,4.0,0.7028006157872333,,,1.1784130835496995,,,
21.66,4.0,usv1|usv2|usv3|usv4,xy:held_margin,18.58566934427046,45.803475165157124,2.0,3.0,4.0,0.7032348638354377,,,1.1786623274202144,,,
21.67,4.0,usv1|usv2|usv3|usv4,xy:held_margin,18.585944869377183,45.804059316108756,2.0,3.0,4.0,0.7036692643120684,,,1.1789123056472988,,,
21.68,4.0,usv1|usv2|usv3|usv4,xy:held_margin,18.586220500153296,45.80467629823069,2.0,3.0,4.0,0.7064825173926215,,,1.1791630196479868,,,
21.69,4.0,usv1|usv2|usv3|usv4,xy:held_margin,18.58743571810905,45.807869191669866,2.0,3.0,4.0,0.7068855664312271,,,1.172735033817879,,,
21.7,4.0,usv1|usv2|usv3|usv4,xy:held_margin,18.587554778747236,45.8081347755849,2.0,3.0,4.0,0.7108745490137133,,,1.1724417242582428,,,
21.71,4.0,usv1|usv2|usv3|usv4,xy:held_margin,18.587831338454507,45.80878097712852,2.0,3.0,4.0,0.711313658148272,,,1.1726844173785245,,,
21.72,4.0,usv1|usv2|usv3|usv4,xy:held_margin,18.588107899335697,45.8094284454243,2.0,3.0,4.0,0.711741557139789,,,1.1729278881391245,,,
21.73,4.0,usv1|usv2|usv3|usv4,xy:held_margin,18.588384145324465,45.810012378309565,2.0,3.0,4.0,0.7121645434772019,,,1.1731721372557007,,,
21.740000000000002,4.0,usv1|usv2|usv3|usv4,xy:held_margin,18.588659981758315,45.810510321352226,2.0,3.0,4.0,0.7125693969729152,,,1.173417165976094,,,
21.75,4.0,usv1|usv2|usv3|usv4,xy:held_margin,18.589170906280074,45.81088172055378,2.0,3.0,4.0,0.6729070681035404,,,1.1731139495675837,,,
21.76,4.0,usv1|usv2|usv3|usv4,xy:held_margin,18.58944910992376,45.81152821455588,2.0,3.0,4.0,0.6732011839763443,,,1.1733570712875268,,,
21.77,4.0,usv1|usv2|usv3|usv4,xy:held_margin,18.589727038721662,45.81211711833847,2.0,3.0,4.0,0.6734966420166101,,,1.1736009675598185,,,
21.78,4.0,usv1|usv2|usv3|usv4,xy:held_margin,18.590005339128894,45.812785437381336,2.0,3.0,4.0,0.6738087820168176,,,1.1738456414366774,,,
21.79,4.0,usv1|usv2|usv3|usv4,xy:held_margin,18.59028309089202,45.81333718122846,2.0,3.0,4.0,0.6740963429561887,,,1.1740910921951082,,,
21.8,4.0,usv1|usv2|usv3|usv4,xy:held_margin,18.590156796761313,45.81219651267008,2.0,3.0,4.0,0.6464309669225357,,,1.1737870342868677,,,
21.81,4.0,usv1|usv2|usv3|usv4,xy:held_margin,18.590432828437514,45.81282500792395,2.0,3.0,4.0,0.6466728078224759,,,1.1740305672727527,,,
21.82,4.0,usv1|usv2|usv3|usv4,xy:held_margin,18.590708903887112,45.813462579470865,2.0,3.0,4.0,0.6469172198620181,,,1.1742748731624333,,,
21.830000000000002,4.0,usv1|usv2|usv3|usv4,xy:held_margin,18.590984713623598,45.81404170857711,2.0,3.0,4.0,0.6471495040536939,,,1.1745199526670005,,,
21.84,4.0,usv1|usv2|usv3|usv4,xy:held_margin,18.591260710412605,45.814661539852736,2.0,3.0,4.0,0.6473773220851188,,,1.1747658083006707,,,
21.85,4.0,usv1|usv2|usv3|usv4,xy:held_margin,18.591414951139537,45.815375644888846,2.0,3.0,4.0,0.6714266867576603,,,1.174474899415581,,,
21.86,4.0,usv1|usv2|usv3|usv4,xy:held_margin,18.591690101736585,45.815991136740074,2.0,3.0,4.0,0.6717407355330387,,,1.1747188917579887,,,
21.87,4.0,usv1|usv2|usv3|usv4,xy:held_margin,18.591965027006694,45.816555300586614,2.0,3.0,4.0,0.6720477884312562,,,1.1749636539544748,,,
21.88,4.0,usv1|usv2|usv3|usv4,xy:held_margin,18.592240020151362,45.81713494791069,2.0,3.0,4.0,0.6723447128926332,,,1.1752091881149904,,,
21.89,4.0,usv1|usv2|usv3|usv4,xy:held_margin,18.592514689106316,45.81763705485023,2.0,3.0,4.0,0.6726509696126818,,,1.1754554947550304,,,
21.900000000000002,4.0,usv1|usv2|usv3|usv4,xy:held_margin,18.592490949300633,45.81762947441237,2.0,3.0,4.0,0.6840226123794801,,,1.1751596811165035,,,
21.91,4.0,usv1|usv2|usv3|usv4,xy:held_margin,18.59276412622602,45.81818540196715,2.0,3.0,4.0,0.68438209668136,,,1.175404096642129,,,
21.92,4.0,usv1|usv2|usv3|usv4,xy:held_margin,18.593037158620483,45.818705348553856,2.0,3.0,4.0,0.6847330621519294,,,1.1756492797194802,,,
21.93,4.0,usv1|usv2|usv3|usv4,xy:held_margin,18.593310831378957,45.819381116618345,2.0,3.0,4.0,0.6850867008264867,,,1.1758952335123911,,,
21.94,4.0,usv1|usv2|usv3|usv4,xy:held_margin,18.593584130028663,45.81996650382971,2.0,3.0,4.0,0.6854462735408536,,,1.1761419572121066,,,
21.95,4.0,usv1|usv2|usv3|usv4,xy:held_margin,18.594017838458747,45.82119102453206,2.0,3.0,4.0,0.6911127696036848,,,1.1758455861126684,,,
21.96,4.0,usv1|usv2|usv3|usv4,xy:held_margin,18.594292057378993,45.821792723812486,2.0,3.0,4.0,0.691466752955542,,,1.176090410665867,,,
21.97,4.0,usv1|usv2|usv3|usv4,xy:held_margin,18.594566178207952,45.822370177167095,2.0,3.0,4.0,0.6918338792464177,,,1.1763360003794112,,,
21.98,4.0,usv1|usv2|usv3|usv4,xy:held_margin,18.594840399846902,45.82297489903407,2.0,3.0,4.0,0.6922008583566561,,,1.1765823570930771,,,
21.990000000000002,4.0,usv1|usv2|usv3|usv4,xy:held_margin,18.595114576795577,45.82356884291049,2.0,3.0,4.0,0.6925681778763266,,,1.1768294819188299,,,
22.0,4.0,usv1|usv2|usv3|usv4,xy:held_margin,18.59554602811581,45.82460957515821,2.0,3.0,4.0,0.6871586806292309,,,1.1765293183839285,,,
22.01,4.0,usv1|usv2|usv3|usv4,xy:held_margin,18.595820619292255,45.825081671263895,2.0,3.0,4.0,0.6874984755554416,,,1.1767745206977251,,,
22.02,4.0,usv1|usv2|usv3|usv4,xy:held_margin,18.596095702818367,45.82568118506257,2.0,3.0,4.0,0.6878423791494798,,,1.1770204869001406,,,
22.03,4.0,usv1|usv2|usv3|usv4,xy:held_margin,18.596370614407412,45.8262345877556,2.0,3.0,4.0,0.6881756270888072,,,1.177267217030026,,,
22.04,4.0,usv1|usv2|usv3|usv4,xy:held_margin,18.596645606137262,45.82680946543368,2.0,3.0,4.0,0.6885218289868905,,,1.177514712968253,,,
22.05,4.0,usv1|usv2|usv3|usv4,xy:held_margin,18.596350977018353,45.8253469354031,2.0,3.0,4.0,0.6699828834105177,,,1.177207035613985,,,
22.06,4.0,usv1|usv2|usv3|usv4,xy:held_margin,18.596623003416344,45.82591711968108,2.0,3.0,4.0,0.6703034989913558,,,1.1774525711093704,,,
22.07,4.0,usv1|usv2|usv3|usv4,xy:held_margin,18.596894992030567,45.82647669362535,2.0,3.0,4.0,0.6706134514842662,,,1.1776988668468265,,,
22.080000000000002,4.0,usv1|usv2|usv3|usv4,xy:held_margin,18.597167149208868,45.82708350701025,2.0,3.0,4.0,0.6709285686510571,,,1.1779459246508208,,,
22.09,4.0,usv1|usv2|usv3|usv4,xy:held_margin,18.59743946085525,45.82773469293436,2.0,3.0,4.0,0.6712372665270676,,,1.1781937458458618,,,
22.1,4.0,usv1|usv2|usv3|usv4,xy:held_margin,18.597545049746,45.82762225082335,2.0,3.0,4.0,0.6628183387607203,,,1.177889297477397,,,
22.11,4.0,usv1|usv2|usv3|usv4,xy:held_margin,18.59781612029999,45.82815373850962,2.0,3.0,4.0,0.6631188512704757,,,1.1781351675296756,,,
22.12,4.0,usv1|usv2|usv3|usv4,xy:held_margin,18.59808728835095,45.82871301821179,2.0,3.0,4.0,0.6634287938281707,,,1.1783817955539606,,,
22.13,4.0,usv1|usv2|usv3|usv4,xy:held_margin,18.598358548736584,45.82929960274805,2.0,3.0,4.0,0.6637326949844311,,,1.1786291829032247,,,
22.14,4.0,usv1|usv2|usv3|usv4,xy:held_margin,18.59862970779942,45.829855664326885,2.0,3.0,4.0,0.6640449510772288,,,1.1788773305566036,,,
22.150000000000002,4.0,usv1|usv2|usv3|usv4,xy:held_margin,18.5992434534667,45.831134777333354,2.0,3.0,4.0,0.6472104264167687,,,1.178571901149846,,,
22.16,4.0,usv1|usv2|usv3|usv4,xy:held_margin,18.599516992768987,45.83182924520199,2.0,3.0,4.0,0.6474341732853829,,,1.1788180909991697,,,
22.17,4.0,usv1|usv2|usv3|usv4,xy:held_margin,18.599790331476495,45.83246724152038,2.0,3.0,4.0,0.6476689416269937,,,1.1790650356622,,,
22.18,4.0,usv1|usv2|usv3|usv4,xy:held_margin,18.600063429557324,45.833035464555174,2.0,3.0,4.0,0.6479099740523946,,,1.1793127364125708,,,
22.19,4.0,usv1|usv2|usv3|usv4,xy:held_margin,18.60033641147308,45.83357003151742,2.0,3.0,4.0,0.6481429514495691,,,1.1795611948885156,,,
22.2,4.0,usv1|usv2|usv3|usv4,xy:held_margin,18.60131587108267,45.83665611206332,2.0,3.0,4.0,0.6744151742258179,,,1.1792682578096698,,,
22.21,4.0,usv1|usv2|usv3|usv4,xy:held_margin,18.60159279971506,45.8373131533049,2.0,3.0,4.0,0.6746877353748644,,,1.179514808646997,,,
22.22,4.0,usv1|usv2|usv3|usv4,xy:held_margin,18.60186930871147,45.837840041345956,2.0,3.0,4.0,0.6749836104655738,,,1.1797621114190837,,,
22.23,4.0,usv1|usv2|usv3|usv4,xy:held_margin,18.602146097336828,45.83845153599322,2.0,3.0,4.0,0.6752510286455706,,,1.1800101687494116,,,
22.240000000000002,4.0,usv1|usv2|usv3|usv4,xy:held_margin,18.602423385118744,45.83921877705033,2.0,3.0,4.0,0.6755087777624972,,,1.1802589823230152,,,
22.25,4.0,usv1|usv2|usv3|usv4,xy:held_margin,18.60261887305258,45.83865930416658,2.0,3.0,4.0,0.63960329365229,,,1.17994447741924,,,
22.26,4.0,usv1|usv2|usv3|usv4,xy:held_margin,18.602895336061803,45.839236142496645,2.0,3.0,4.0,0.6397903041140779,,,1.180191283424073,,,
22.27,4.0,usv1|usv2|usv3|usv4,xy:held_margin,18.603171731909132,45.83978935978332,2.0,3.0,4.0,0.6399706300752025,,,1.1804388393990566,,,
22.28,4.0,usv1|usv2|usv3|usv4,xy:held_margin,18.603448249826247,45.84037932295565,2.0,3.0,4.0,0.640155708859639,,,1.1806871470063447,,,
22.29,4.0,usv1|usv2|usv3|usv4,xy:held_margin,18.603724847951188,45.84099262776229,2.0,3.0,4.0,0.6403344487903478,,,1.180936207505905,,,
22.3,4.0,usv1|usv2|usv3|usv4,xy:held_margin,18.60389905978542,45.84078794641862,2.0,3.0,4.0,0.614854821979523,,,1.1806230955378418,,,
22.31,4.0,usv1|usv2|usv3|usv4,xy:held_margin,18.604175488208558,45.84146746250409,2.0,3.0,4.0,0.6149415824384149,,,1.180870152129706,,,
22.32,4.0,usv1|usv2|usv3|usv4,xy:held_margin,18.604451651628132,45.842060911140294,2.0,3.0,4.0,0.6150578824484375,,,1.1811179557966385,,,
22.330000000000002,4.0,usv1|usv2|usv3|usv4,xy:held_margin,18.604727804551306,45.84265029606537,2.0,3.0,4.0,0.6151750595734484,,,1.1813665083112523,,,
22.34,4.0,usv1|usv2|usv3|usv4,xy:held_margin,18.60500382547445,45.843195059974065,2.0,3.0,4.0,0.6153013946546008,,,1.1816158107918582,,,
22.35,4.0,usv1|usv2|usv3|usv4,xy:held_margin,18.60562100810064,45.84412768488742,2.0,3.0,4.0,0.585634278516236,,,1.1813024540049106,,,
22.36,4.0,usv1|usv2|usv3|usv4,xy:held_margin,18.605899176367718,45.844745368122425,2.0,3.0,4.0,0.5856493259694876,,,1.1815497483966797,,,
22.37,4.0,usv1|usv2|usv3|usv4,xy:held_margin,18.606177204948256,45.84531577552232,2.0,3.0,4.0,0.5856727715622722,,,1.1817977875493846,,,
22.38,4.0,usv1|usv2|usv3|usv4,xy:held_margin,18.60645532525499,45.84591583294529,2.0,3.0,4.0,0.5856913093423228,,,1.1820465731914958,,,
22.39,4.0,usv1|usv2|usv3|usv4,xy:held_margin,18.60673348133442,45.84652528111406,2.0,3.0,4.0,0.5856943880289635,,,1.1822961065039732,,,
22.400000000000002,4.0,usv1|usv2|usv3|usv4,xy:held_margin,18.60764460961811,45.84915176606889,2.0,3.0,4.0,0.5988082589055794,,,1.1819960834975793,,,
22.41,4.0,usv1|usv2|usv3|usv4,xy:held_margin,18.60792632182161,45.84990471768229,2.0,3.0,4.0,0.598807683627242,,,1.1822436623392498,,,
22.42,4.0,usv1|usv2|usv3|usv4,xy:held_margin,18.608207807676063,45.850579371866026,2.0,3.0,4.0,0.5988266232861121,,,1.1824919832425387,,,
22.43,4.0,usv1|usv2|usv3|usv4,xy:held_margin,18.608488911610277,45.85112311480483,2.0,3.0,4.0,0.5988444603692178,,,1.1827410472942796,,,
22.44,4.0,usv1|usv2|usv3|usv4,xy:held_margin,18.608770362630736,45.851784774183244,2.0,3.0,4.0,0.5988642605360197,,,1.1829908570638696,,,
22.45,4.0,usv1|usv2|usv3|usv4,xy:held_margin,18.609961524223998,45.85484355759798,2.0,3.0,4.0,0.5992279609215169,,,1.182687106206295,,,
22.46,4.0,usv1|usv2|usv3|usv4,xy:held_margin,18.610247354481764,45.85544009097334,2.0,3.0,4.0,0.5992246782633464,,,1.1829349412441585,,,
22.47,4.0,usv1|usv2|usv3|usv4,xy:held_margin,18.610533127777494,45.85601719255014,2.0,3.0,4.0,0.5992137582748815,,,1.1831835161550002,,,
22.48,4.0,usv1|usv2|usv3|usv4,xy:held_margin,18.610819193137793,45.856693764497194,2.0,3.0,4.0,0.5991945505878872,,,1.1834328328363517,,,
22.490000000000002,4.0,usv1|usv2|usv3|usv4,xy:held_margin,18.611104947199607,45.85726147951295,2.0,3.0,4.0,0.5991989445997642,,,1.1836828915554056,,,
22.5,4.0,usv1|usv2|usv3|usv4,xy:held_margin,18.611766467620388,45.859162139992236,2.0,3.0,4.0,0.6066618384115383,,,1.1833775962138213,,,
22.51,4.0,usv1|usv2|usv3|usv4,xy:held_margin,18.612054412886888,45.85985527906085,2.0,3.0,4.0,0.6066425022983783,,,1.1836256708560073,,,
22.52,4.0,usv1|usv2|usv3|usv4,xy:held_margin,18.612342211175104,45.86049693660477,2.0,3.0,4.0,0.6066438816156176,,,1.1838744826683467,,,
22.53,4.0,usv1|usv2|usv3|usv4,xy:held_margin,18.61262998200358,45.861129551359404,2.0,3.0,4.0,0.6066464517402028,,,1.1841240331927376,,,
22.54,4.0,usv1|usv2|usv3|usv4,xy:held_margin,18.612917725226428,45.861751647325356,2.0,3.0,4.0,0.6066502210540241,,,1.1843743236968383,,,
22.55,4.0,usv1|usv2|usv3|usv4,xy:held_margin,18.613805541712345,45.8637144073597,2.0,3.0,4.0,0.5992639537101248,,,1.1840647678197396,,,
22.56,4.0,usv1|usv2|usv3|usv4,xy:held_margin,18.614096411990985,45.86437170392712,2.0,3.0,4.0,0.5992238971180542,,,1.1843130533587176,,,
22.57,4.0,usv1|usv2|usv3|usv4,xy:held_margin,18.614387249920327,45.86501615856145,2.0,3.0,4.0,0.5991871159774722,,,1.1845620737780198,,,
22.580000000000002,4.0,usv1|usv2|usv3|usv4,xy:held_margin,18.614678177333985,45.86569175910835,2.0,3.0,4.0,0.5958262137767079,,,1.1848118305813913,,,
22.59,4.0,usv1|usv2|usv3|usv4,xy:held_margin,18.6152968646502,45.867226945883786,2.0,3.0,4.0,0.595760101768693,,,1.1814912417026968,,,
22.6,4.0,usv1|usv2|usv3|usv4,xy:held_margin,18.61579172782788,45.867934743328654,2.0,3.0,4.0,0.5756428673170715,,,1.181189657181697,,,
22.61,4.0,usv1|usv2|usv3|usv4,xy:held_margin,18.61608455966344,45.86864763267668,2.0,3.0,4.0,0.5755212504790524,,,1.1814321831367598,,,
22.62,4.0,usv1|usv2|usv3|usv4,xy:held_margin,18.616377361686084,45.86930785019688,2.0,3.0,4.0,0.5754078136316965,,,1.1816754875749775,,,
22.63,4.0,usv1|usv2|usv3|usv4,xy:held_margin,18.61667012100473,45.86990980125254,2.0,3.0,4.0,0.5752881531243227,,,1.1819195719467979,,,
22.64,4.0,usv1|usv2|usv3|usv4,xy:held_margin,18.61696294296397,45.87057887429618,2.0,3.0,4.0,0.5751732118919171,,,1.1821644379429836,,,
22.650000000000002,4.0,usv1|usv2|usv3|usv4,xy:held_margin,18.617206412164776,45.8714429763036,2.0,3.0,4.0,0.5963502234589009,,,1.1818752311544167,,,
22.66,4.0,usv1|usv2|usv3|usv4,xy:held_margin,18.617498812267502,45.87211830513857,2.0,3.0,4.0,0.5962887157295533,,,1.1821182568409592,,,
22.67,4.0,usv1|usv2|usv3|usv4,xy:held_margin,18.61779113045007,45.87271148489903,2.0,3.0,4.0,0.5962549470705151,,,1.182362058582005,,,
22.68,4.0,usv1|usv2|usv3|usv4,xy:held_margin,18.618083592202417,45.87343484407591,2.0,3.0,4.0,0.5961972784354553,,,1.1826066381559206,,,
22.69,4.0,usv1|usv2|usv3|usv4,xy:held_margin,18.61837594230212,45.87405921743466,2.0,3.0,4.0,0.5961566754095523,,,1.1828519966997113,,,
22.7,4.0,usv1|usv2|usv3|usv4,xy:held_margin,18.618773543993537,45.875375195349505,2.0,3.0,4.0,0.6150188711329093,,,1.182561740018496,,,
22.71,4.0,usv1|usv2|usv3|usv4,xy:held_margin,18.61906644359566,45.87605372283159,2.0,3.0,4.0,0.6150270874794441,,,1.1828052472118986,,,
22.72,4.0,usv1|usv2|usv3|usv4,xy:held_margin,18.619359378424992,45.876759301463245,2.0,3.0,4.0,0.615033588146236,,,1.1830495282501199,,,
22.73,4.0,usv1|usv2|usv3|usv4,xy:held_margin,18.619652263123832,45.877427473076175,2.0,3.0,4.0,0.6150451486656703,,,1.1832945844790568,,,
22.740000000000002,4.0,usv1|usv2|usv3|usv4,xy:held_margin,18.619945215393855,45.878146029839584,2.0,3.0,4.0,0.6150437416183611,,,1.183540417528792,,,
22.75,4.0,usv1|usv2|usv3|usv4,xy:held_margin,18.619970332464106,45.878638003228566,2.0,3.0,4.0,0.6426535929868237,,,1.1832504575235363,,,
22.76,4.0,usv1|usv2|usv3|usv4,xy:held_margin,18.620261495363806,45.879285025389166,2.0,3.0,4.0,0.6427602002551391,,,1.1834944328387893,,,
22.77,4.0,usv1|usv2|usv3|usv4,xy:held_margin,18.62055271166036,45.87996673660408,2.0,3.0,4.0,0.64286716082871,,,1.1837391796410455,,,
22.78,4.0,usv1|usv2|usv3|usv4,xy:held_margin,18.620843904889238,45.88062997808785,2.0,3.0,4.0,0.6429625271245534,,,1.1839846993014498,,,
22.79,4.0,usv1|usv2|usv3|usv4,xy:held_margin,18.621135066712622,45.88127268767883,2.0,3.0,4.0,0.6430695474231951,,,1.184230993229813,,,
22.8,4.0,usv1|usv2|usv3|usv4,xy:held_margin,18.6209912748156,45.88042728807376,2.0,3.0,4.0,0.6254466501337465,,,1.1839236491085086,,,
22.81,4.0,usv1|usv2|usv3|usv4,xy:held_margin,18.621280060721894,45.8810425688432,2.0,3.0,4.0,0.6255082277737886,,,1.1841680072404435,,,
22.82,4.0,usv1|usv2|usv3|usv4,xy:held_margin,18.62156901127693,45.88175106356946,2.0,3.0,4.0,0.6255673622117409,,,1.1844131345579065,,,
22.830000000000002,4.0,usv1|usv2|usv3|usv4,xy:held_margin,18.621857845744557,45.882387084485146,2.0,3.0,4.0,0.6256307764310219,,,1.1846590320820274,,,
22.84,4.0,usv1|usv2|usv3|usv4,xy:held_margin,18.62214657934004,45.88296507302406,2.0,3.0,4.0,0.6256872708928595,,,1.1849057012334172,,,
22.85,4.0,usv1|usv2|usv3|usv4,xy:held_margin,18.622130576491422,45.882156216619364,2.0,3.0,4.0,0.5961805886937432,,,1.184593388475849,,,
22.86,4.0,usv1|usv2|usv3|usv4,xy:held_margin,18.622417819841782,45.8827461832636,2.0,3.0,4.0,0.5961463496646724,,,1.184838096227358,,,
22.87,4.0,usv1|usv2|usv3|usv4,xy:held_margin,18.622705193856728,45.883410856452514,2.0,3.0,4.0,0.596132902714812,,,1.1850835706604934,,,
22.88,4.0,usv1|usv2|usv3|usv4,xy:held_margin,18.622992792172486,45.88419235935165,2.0,3.0,4.0,0.596144359535256,,,1.1853298133161712,,,
22.89,4.0,usv1|usv2|usv3|usv4,xy:held_margin,18.623280195510677,45.88486726066341,2.0,3.0,4.0,0.5961396585146126,,,1.1855768249134717,,,
22.900000000000002,4.0,usv1|usv2|usv3|usv4,xy:held_margin,18.623508683685106,45.885079747207485,2.0,3.0,4.0,0.5879610617316119,,,1.185272424648245,,,
22.91,4.0,usv1|usv2|usv3|usv4,xy:held_margin,18.623795882882277,45.8857888751736,2.0,3.0,4.0,0.5879430592796484,,,1.1855175023268465,,,
22.92,4.0,usv1|usv2|usv3|usv4,xy:held_margin,18.624082975047706,45.886442054072546,2.0,3.0,4.0,0.5879113318922586,,,1.1857633437985524,,,
22.93,4.0,usv1|usv2|usv3|usv4,xy:held_margin,18.624370105950884,45.887110436591925,2.0,3.0,4.0,0.587885495165905,,,1.1860099506931054,,,
22.94,4.0,usv1|usv2|usv3|usv4,xy:held_margin,18.624657256762944,45.88778369371328,2.0,3.0,4.0,0.5878501372600237,,,1.186257324380884,,,
22.95,4.0,usv1|usv2|usv3|usv4,xy:held_margin,18.624739275137237,45.88764865589624,2.0,3.0,4.0,0.579866878042336,,,1.1859511376948624,,,
22.96,4.0,usv1|usv2|usv3|usv4,xy:held_margin,18.625025327221262,45.888307259918385,2.0,3.0,4.0,0.5798247402698712,,,1.186196564446423,,,
22.97,4.0,usv1|usv2|usv3|usv4,xy:held_margin,18.625311267506806,45.8889183725869,2.0,3.0,4.0,0.5797634361210646,,,1.186442752435857,,,
22.98,4.0,usv1|usv2|usv3|usv4,xy:held_margin,18.625597304796248,45.8895734570069,2.0,3.0,4.0,0.5797074361422672,,,1.186689703411867,,,
22.990000000000002,4.0,usv1|usv2|usv3|usv4,xy:held_margin,18.62588321341575,45.89016743351445,2.0,3.0,4.0,0.5796388489876578,,,1.186937418403106,,,
23.0,4.0,usv1|usv2|usv3|usv4,xy:held_margin,18.626028543292584,45.8916283274809,2.0,3.0,4.0,0.636084827367694,,,1.1866547190480832,,,
23.01,4.0,usv1|usv2|usv3|usv4,xy:held_margin,18.626313487664323,45.89227346375588,2.0,3.0,4.0,0.6362102814071562,,,1.1869005765969856,,,
23.02,4.0,usv1|usv2|usv3|usv4,xy:held_margin,18.626598185296498,45.8928135474455,2.0,3.0,4.0,0.6362877660057099,,,1.1871471926975983,,,
23.03,4.0,usv1|usv2|usv3|usv4,xy:held_margin,18.62688310556362,45.89345225435078,2.0,3.0,4.0,0.6364102616079799,,,1.1873945694215207,,,
23.04,4.0,usv1|usv2|usv3|usv4,xy:held_margin,18.627168152574,45.89414786068954,2.0,3.0,4.0,0.6365523277908997,,,1.1876427079990455,,,
23.05,4.0,usv1|usv2|usv3|usv4,xy:held_margin,18.627756296367252,45.895693550737604,2.0,3.0,4.0,0.6404929547406201,,,1.187341831473868,,,
23.06,4.0,usv1|usv2|usv3|usv4,xy:held_margin,18.628042502277314,45.89620558280096,2.0,3.0,4.0,0.6405636451683501,,,1.1875880341830927,,,
23.07,4.0,usv1|usv2|usv3|usv4,xy:held_margin,18.62832892202278,45.89680226720241,2.0,3.0,4.0,0.6406758672100629,,,1.1878349936070032,,,
23.080000000000002,4.0,usv1|usv2|usv3|usv4,xy:held_margin,18.62861561103161,45.89750588826125,2.0,3.0,4.0,0.6408164852940278,,,1.1880827112211123,,,
23.09,4.0,usv1|usv2|usv3|usv4,xy:held_margin,18.628902176465772,45.898158515521516,2.0,3.0,4.0,0.6409440613442601,,,1.1883311877178107,,,
23.1,4.0,usv1|usv2|usv3|usv4,xy:held_margin,18.629474093850693,45.89915183713179,2.0,3.0,4.0,0.6269676709742554,,,1.188022761048161,,,
23.11,4.0,usv1|usv2|usv3|usv4,xy:held_margin,18.62976234342452,45.89984283527046,2.0,3.0,4.0,0.6270521850105369,,,1.1882692679967206,,,
23.12,4.0,usv1|usv2|usv3|usv4,xy:held_margin,18.63005040881499,45.90045892523276,2.0,3.0,4.0,0.627117428110142,,,1.188516528517789,,,
23.13,4.0,usv1|usv2|usv3|usv4,xy:held_margin,18.630338451259647,45.9010627354558,2.0,3.0,4.0,0.62717983610534,,,1.1887645441896175,,,
23.14,4.0,usv1|usv2|usv3|usv4,xy:held_margin,18.630626600557303,45.90170412574135,2.0,3.0,4.0,0.6272389073560679,,,1.1890133165696994,,,
23.150000000000002,4.0,usv1|usv2|usv3|usv4,xy:held_margin,18.630669398668026,45.90035362558905,2.0,3.0,4.0,0.5637890023133331,,,1.1886821953974742,,,
23.16,4.0,usv1|usv2|usv3|usv4,xy:held_margin,18.63095665468281,45.901009313853464,2.0,3.0,4.0,0.5636851752312116,,,1.1889289037307937,,,
23.17,4.0,usv1|usv2|usv3|usv4,xy:held_margin,18.631243665043492,45.90157144960201,2.0,3.0,4.0,0.5635487531059544,,,1.1891763629802188,,,
23.18,4.0,usv1|usv2|usv3|usv4,xy:held_margin,18.63153093219141,45.902228549629946,2.0,3.0,4.0,0.5634313226754064,,,1.1894245753264792,,,
23.19,4.0,usv1|usv2|usv3|usv4,xy:held_margin,18.631818101560558,45.90284863025232,2.0,3.0,4.0,0.5633148299566187,,,1.18967354152712,,,
23.2,4.0,usv1|usv2|usv3|usv4,xy:held_margin,18.632697073969506,45.90455423208579,2.0,3.0,4.0,0.5343528965870991,,,1.1893590030980399,,,
23.21,4.0,usv1|usv2|usv3|usv4,xy:held_margin,18.63298757071803,45.90521776812325,2.0,3.0,4.0,0.5341462285547771,,,1.1896059677229607,,,
23.22,4.0,usv1|usv2|usv3|usv4,xy:held_margin,18.63327807860924,45.905888102567964,2.0,3.0,4.0,0.5339309649561675,,,1.1898536811836502,,,
23.23,4.0,usv1|usv2|usv3|usv4,xy:held_margin,18.633568400569562,45.90649137862572,2.0,3.0,4.0,0.5336962753641932,,,1.1901021444631807,,,
23.240000000000002,4.0,usv1|usv2|usv3|usv4,xy:held_margin,18.633858698855267,45.90708633331161,2.0,3.0,4.0,0.5334589681567855,,,1.1903513592053108,,,
23.25,4.0,usv1|usv2|usv3|usv4,xy:held_margin,18.6344638091285,45.90882473346085,2.0,3.0,4.0,0.5450812402035355,,,1.1900501522954212,,,
23.26,4.0,usv1|usv2|usv3|usv4,xy:held_margin,18.63475560083336,45.90939854447782,2.0,3.0,4.0,0.5448637710935809,,,1.1902974124574053,,,
23.27,4.0,usv1|usv2|usv3|usv4,xy:held_margin,18.635047801013474,45.9101169146234,2.0,3.0,4.0,0.5446997089367676,,,1.1905454196142276,,,
23.28,4.0,usv1|usv2|usv3|usv4,xy:held_margin,18.635339635269233,45.91070456815317,2.0,3.0,4.0,0.54448619862359,,,1.1907941737320642,,,
23.29,4.0,usv1|usv2|usv3|usv4,xy:held_margin,18.635631528347265,45.91131161528644,2.0,3.0,4.0,0.5442686347409078,,,1.1910436768872121,,,
23.3,4.0,usv1|usv2|usv3|usv4,xy:held_margin,18.636571861469395,45.91408199768644,2.0,3.0,4.0,0.562443949498611,,,1.1907455996457394,,,
23.31,4.0,usv1|usv2|usv3|usv4,xy:held_margin,18.636867128339986,45.91475147943245,2.0,3.0,4.0,0.5622984499574502,,,1.1909931568144319,,,
23.32,4.0,usv1|usv2|usv3|usv4,xy:held_margin,18.637162265410225,45.915372995258416,2.0,3.0,4.0,0.5621390617397958,,,1.1912414575351185,,,
23.330000000000002,4.0,usv1|usv2|usv3|usv4,xy:held_margin,18.63745766754623,45.916080720919176,2.0,3.0,4.0,0.5619931002705124,,,1.1914905037909365,,,
23.34,4.0,usv1|usv2|usv3|usv4,xy:held_margin,18.637753084973596,45.91679070766127,2.0,3.0,4.0,0.5618635735225265,,,1.191740296396929,,,
23.35,4.0,usv1|usv2|usv3|usv4,xy:held_margin,18.63761180354056,45.91650079714007,2.0,3.0,4.0,0.5753701300464602,,,1.191433610742145,,,
23.36,4.0,usv1|usv2|usv3|usv4,xy:held_margin,18.63790483853806,45.917168701515244,2.0,3.0,4.0,0.5752781910696934,,,1.1916814179962123,,,
23.37,4.0,usv1|usv2|usv3|usv4,xy:held_margin,18.63819790898049,45.917847420065975,2.0,3.0,4.0,0.5751785564516854,,,1.1919299665147265,,,
23.38,4.0,usv1|usv2|usv3|usv4,xy:held_margin,18.638490598564456,45.91839706820844,2.0,3.0,4.0,0.5750445099388949,,,1.1921792568495475,,,
23.39,4.0,usv1|usv2|usv3|usv4,xy:held_margin,18.638783675283673,45.91907876823272,2.0,3.0,4.0,0.5749564989696674,,,1.1924292917458397,,,
23.400000000000002,4.0,usv1|usv2|usv3|usv4,xy:held_margin,18.63871750071075,45.91873662189929,2.0,3.0,4.0,0.5754542584045488,,,1.1921170936748722,,,
23.41,4.0,usv1|usv2|usv3|usv4,xy:held_margin,18.63900852430745,45.919327945739845,2.0,3.0,4.0,0.5753359817405015,,,1.1923651184809565,,,
23.42,4.0,usv1|usv2|usv3|usv4,xy:held_margin,18.63929961007411,45.91994108220535,2.0,3.0,4.0,0.575238031526616,,,1.1926138821478183,,,
23.43,4.0,usv1|usv2|usv3|usv4,xy:held_margin,18.63959083186684,45.920599958391335,2.0,3.0,4.0,0.5751527377728494,,,1.192863386126822,,,
23.44,4.0,usv1|usv2|usv3|usv4,xy:held_margin,18.639882094916032,45.92127082005842,2.0,3.0,4.0,0.575071373847103,,,1.1931136314727702,,,
23.45,4.0,usv1|usv2|usv3|usv4,xy:held_margin,18.64010792673235,45.921884476564614,2.0,3.0,4.0,0.5845536676382946,,,1.1928055360044836,,,
23.46,4.0,usv1|usv2|usv3|usv4,xy:held_margin,18.640398749521616,45.922532562682235,2.0,3.0,4.0,0.5844963024578185,,,1.1930537840623228,,,
23.47,4.0,usv1|usv2|usv3|usv4,xy:held_margin,18.64068927241524,45.923080966030426,2.0,3.0,4.0,0.584416028916789,,,1.193302767761912,,,
23.48,4.0,usv1|usv2|usv3|usv4,xy:held_margin,18.64098018352902,45.92375984631517,2.0,3.0,4.0,0.5713841236566265,,,1.19355248974185,,,
23.490000000000002,4.0,usv1|usv2|usv3|usv4,xy:held_margin,18.641589850725694,45.925043335330805,2.0,3.0,4.0,0.5713213007942538,,,1.1831248400148398,,,
23.5,4.0,usv1|usv2|usv3|usv4,xy:held_margin,18.64195003801163,45.92570211464362,2.0,3.0,4.0,0.5618381866678986,,,1.1828276986526218,,,
23.51,4.0,usv1|usv2|usv3|usv4,xy:held_margin,18.64224187781218,45.92628128240798,2.0,3.0,4.0,0.5617130540822465,,,1.1830705431927648,,,
23.52,4.0,usv1|usv2|usv3|usv4,xy:held_margin,18.642533822430146,45.926961532423135,2.0,3.0,4.0,0.5616246824730331,,,1.1833141659711706,,,
23.53,4.0,usv1|usv2|usv3|usv4,xy:held_margin,18.642825700714056,45.92758710626362,2.0,3.0,4.0,0.5615042324694289,,,1.1835585684217054,,,
23.54,4.0,usv1|usv2|usv3|usv4,xy:held_margin,18.643117517661562,45.928170681876075,2.0,3.0,4.0,0.5613832230871386,,,1.1838037520034472,,,
23.55,4.0,usv1|usv2|usv3|usv4,xy:held_margin,18.643202931921163,45.92798634764034,2.0,3.0,4.0,0.5491158380219049,,,1.1835059217102384,,,
23.56,4.0,usv1|usv2|usv3|usv4,xy:held_margin,18.643493708689135,45.92861549247778,2.0,3.0,4.0,0.5489838990162323,,,1.183749251019305,,,
23.57,4.0,usv1|usv2|usv3|usv4,xy:held_margin,18.64378441231748,45.92919247206786,2.0,3.0,4.0,0.5488253796526493,,,1.1839933560824196,,,
23.580000000000002,4.0,usv1|usv2|usv3|usv4,xy:held_margin,18.64407516447622,45.92980596458195,2.0,3.0,4.0,0.5486906649613703,,,1.184238238429372,,,
23.59,4.0,usv1|usv2|usv3|usv4,xy:held_margin,18.64436587245551,45.93038408980334,2.0,3.0,4.0,0.5485502505962129,,,1.184483899448781,,,
23.6,4.0,usv1|usv2|usv3|usv4,xy:held_margin,18.64524704504521,45.93230703805406,2.0,3.0,4.0,0.5309600366996347,,,1.1841853453650577,,,
23.61,4.0,usv1|usv2|usv3|usv4,xy:held_margin,18.64554135793974,45.93296342927855,2.0,3.0,4.0,0.5307334567253081,,,1.1844291424226285,,,
23.62,4.0,usv1|usv2|usv3|usv4,xy:held_margin,18.645835625649443,45.933586250564105,2.0,3.0,4.0,0.5305123489343504,,,1.1846737127930087,,,
23.63,4.0,usv1|usv2|usv3|usv4,xy:held_margin,18.646129956593757,45.93425033911395,2.0,3.0,4.0,0.5302999936422216,,,1.1849190580045559,,,
23.64,4.0,usv1|usv2|usv3|usv4,xy:held_margin,18.646424323280353,45.93493209886568,2.0,3.0,4.0,0.5300924229942974,,,1.185165179464543,,,
23.650000000000002,4.0,usv1|usv2|usv3|usv4,xy:held_margin,18.646997455747147,45.936133435691694,2.0,3.0,4.0,0.5171069874194416,,,1.1848656291452313,,,
23.66,4.0,usv1|usv2|usv3|usv4,xy:held_margin,18.64729337701672,45.936744721198174,2.0,3.0,4.0,0.5168247925540735,,,1.185109874632574,,,
23.67,4.0,usv1|usv2|usv3|usv4,xy:held_margin,18.64758929065819,45.93734940841833,2.0,3.0,4.0,0.5165427074444362,,,1.185354890961938,,,
23.68,4.0,usv1|usv2|usv3|usv4,xy:held_margin,18.647885218126575,45.937963109583826,2.0,3.0,4.0,0.5162647260690089,,,1.1856006795863372,,,
23.69,4.0,usv1|usv2|usv3|usv4,xy:held_margin,18.64818120040905,45.93860736795964,2.0,3.0,4.0,0.5159811426964225,,,1.1858472419717017,,,
23.7,4.0,usv1|usv2|usv3|usv4,xy:held_margin,18.649028633418805,45.940148966055396,2.0,3.0,4.0,0.4877613877226989,,,1.185547283799553,,,
23.71,4.0,usv1|usv2|usv3|usv4,xy:held_margin,18.64932792930133,45.94081974455296,2.0,3.0,4.0,0.4873788487195397,,,1.1857919628513032,,,
23.72,4.0,usv1|usv2|usv3|usv4,xy:held_margin,18.64962712063063,45.9414319141448,2.0,3.0,4.0,0.48698464842883815,,,1.1860374101365143,,,
23.73,4.0,usv1|usv2|usv3|usv4,xy:held_margin,18.64992632157732,45.94204468682041,2.0,3.0,4.0,0.48658000062684315,,,1.186283627185224,,,
23.740000000000002,4.0,usv1|usv2|usv3|usv4,xy:held_margin,18.65022572522335,45.942755363203894,2.0,3.0,4.0,0.48620256672365936,,,1.1865306156168636,,,
23.75,4.0,usv1|usv2|usv3|usv4,xy:held_margin,18.650806139161023,45.94465326262777,2.0,3.0,4.0,0.5125212586619259,,,1.1862281885382568,,,
23.76,4.0,usv1|usv2|usv3|usv4,xy:held_margin,18.651106792845045,45.94530349578187,2.0,3.0,4.0,0.5122111572689798,,,1.1864732731845968,,,
23.77,4.0,usv1|usv2|usv3|usv4,xy:held_margin,18.651407283491032,45.945876079223254,2.0,3.0,4.0,0.5118879763722872,,,1.1867191234515069,,,
23.78,4.0,usv1|usv2|usv3|usv4,xy:held_margin,18.651707878513932,45.94650074595185,2.0,3.0,4.0,0.5115805305742096,,,1.1869657410296515,,,
23.79,4.0,usv1|usv2|usv3|usv4,xy:held_margin,18.65200862270034,45.947194913882996,2.0,3.0,4.0,0.5112701489667812,,,1.1872131273566122,,,
23.8,4.0,usv1|usv2|usv3|usv4,xy:held_margin,18.652239585374737,45.947089963758145,2.0,3.0,4.0,0.48469639531904835,,,1.1869113923875871,,,
23.81,4.0,usv1|usv2|usv3|usv4,xy:held_margin,18.652540059852026,45.94775106315788,2.0,3.0,4.0,0.48429125981847104,,,1.1871568743724168,,,
23.82,4.0,usv1|usv2|usv3|usv4,xy:held_margin,18.652840294951805,45.94830402523317,2.0,3.0,4.0,0.4839096836987036,,,1.1874031193146193,,,
23.830000000000002,4.0,usv1|usv2|usv3|usv4,xy:held_margin,18.653140905153926,45.949023811731344,2.0,3.0,4.0,0.48350927695718054,,,1.187650129323583,,,
23.84,4.0,usv1|usv2|usv3|usv4,xy:held_margin,18.65344141509925,45.949697272575584,2.0,3.0,4.0,0.48311564198545925,,,1.1878979052091312,,,
23.85,4.0,usv1|usv2|usv3|usv4,xy:held_margin,18.65346184622712,45.948765301677604,2.0,3.0,4.0,0.4470536413179687,,,1.187595303952301,,,
23.86,4.0,usv1|usv2|usv3|usv4,xy:held_margin,18.6537611199182,45.94945393582185,2.0,3.0,4.0,0.4465533348472972,,,1.1878411658067027,,,
23.87,4.0,usv1|usv2|usv3|usv4,xy:held_margin,18.65406037120495,45.95013580745251,2.0,3.0,4.0,0.44605510170942336,,,1.188087788306929,,,
23.88,4.0,usv1|usv2|usv3|usv4,xy:held_margin,18.654359585663936,45.95080442137185,2.0,3.0,4.0,0.4455455755299333,,,1.188335172804298,,,
23.89,4.0,usv1|usv2|usv3|usv4,xy:held_margin,18.654658893808122,45.951514727137486,2.0,3.0,4.0,0.44504917565344937,,,1.188583320828272,,,
23.900000000000002,4.0,usv1|usv2|usv3|usv4,xy:held_margin,18.65475363975876,45.95187862962156,2.0,3.0,4.0,0.4581721915742852,,,1.18827876745756,,,
23.91,4.0,usv1|usv2|usv3|usv4,xy:held_margin,18.65505170021001,45.952560288666334,2.0,3.0,4.0,0.45772934527061127,,,1.1885249856155542,,,
23.92,4.0,usv1|usv2|usv3|usv4,xy:held_margin,18.655349582202863,45.953166242964095,2.0,3.0,4.0,0.457273146072788,,,1.1887719616075505,,,
23.93,4.0,usv1|usv2|usv3|usv4,xy:held_margin,18.655647604561846,45.95382786838514,2.0,3.0,4.0,0.4568298328802208,,,1.189019697203868,,,
23.94,4.0,usv1|usv2|usv3|usv4,xy:held_margin,18.65594580796583,45.95456093169136,2.0,3.0,4.0,0.4563900242046283,,,1.1892681938123226,,,
23.95,4.0,usv1|usv2|usv3|usv4,xy:held_margin,18.656520230533108,45.956373507036446,2.0,3.0,4.0,0.4702883831494557,,,1.18896284739467,,,
23.96,4.0,usv1|usv2|usv3|usv4,xy:held_margin,18.656819984194843,45.957173621944484,2.0,3.0,4.0,0.4699066336849366,,,1.189209406042506,,,
23.97,4.0,usv1|usv2|usv3|usv4,xy:held_margin,18.657119475602787,45.95787118855629,2.0,3.0,4.0,0.4695141495957611,,,1.1894567198264507,,,
23.98,4.0,usv1|usv2|usv3|usv4,xy:held_margin,18.657418700878374,45.95846617737558,2.0,3.0,4.0,0.469083181400899,,,1.1897047900851614,,,
23.990000000000002,4.0,usv1|usv2|usv3|usv4,xy:held_margin,18.657717988156037,45.95908185535196,2.0,3.0,4.0,0.4686618763474728,,,1.1899536185724402,,,
24.0,4.0,usv1|usv2|usv3|usv4,xy:held_margin,18.658616622257767,45.96070894913181,2.0,3.0,4.0,0.4389851730577919,,,1.189648310206109,,,
24.01,4.0,usv1|usv2|usv3|usv4,xy:held_margin,18.65891917913309,45.96130262062058,2.0,3.0,4.0,0.43844377318180283,,,1.1898951964529498,,,
24.02,4.0,usv1|usv2|usv3|usv4,xy:held_margin,18.65922176962116,45.96190995328214,2.0,3.0,4.0,0.43790974305842245,,,1.1901428356065447,,,
24.03,4.0,usv1|usv2|usv3|usv4,xy:held_margin,18.65952449377775,45.96256746436229,2.0,3.0,4.0,0.43738406924453466,,,1.1903912291351118,,,
24.04,4.0,usv1|usv2|usv3|usv4,xy:held_margin,18.65982724301173,45.963234551534754,2.0,3.0,4.0,0.43684743823220346,,,1.1906403782263024,,,
24.05,4.0,usv1|usv2|usv3|usv4,xy:held_margin,18.66001565019784,45.96343573965014,2.0,3.0,4.0,0.431424107570428,,,1.1903335815467169,,,
24.060000000000002,4.0,usv1|usv2|usv3|usv4,xy:held_margin,18.66031788790145,45.96411974395156,2.0,3.0,4.0,0.4308894768973335,,,1.1905807763290794,,,
24.07,4.0,usv1|usv2|usv3|usv4,xy:held_margin,18.66062004015436,45.96477197107259,2.0,3.0,4.0,0.43035196150704597,,,1.1908287212525213,,,
24.080000000000002,4.0,usv1|usv2|usv3|usv4,xy:held_margin,18.66092254508683,45.965551332898755,2.0,3.0,4.0,0.42982382486862175,,,1.191077418231102,,,
24.09,4.0,usv1|usv2|usv3|usv4,xy:held_margin,18.661224618022445,45.96617752519564,2.0,3.0,4.0,0.4292797872316502,,,1.191326867547276,,,
24.1,4.0,usv1|usv2|usv3|usv4,xy:held_margin,18.661311603219843,45.96648194388818,2.0,3.0,4.0,0.44306049579987067,,,1.191018908056559,,,
24.11,4.0,usv1|usv2|usv3|usv4,xy:held_margin,18.66161271000291,45.9671856856663,2.0,3.0,4.0,0.44258466389925927,,,1.1912663935221726,,,
24.12,4.0,usv1|usv2|usv3|usv4,xy:held_margin,18.661913887595134,45.96791063598421,2.0,3.0,4.0,0.4421039588080164,,,1.1915146267255476,,,
24.13,4.0,usv1|usv2|usv3|usv4,xy:held_margin,18.662214959058005,45.96859529411269,2.0,3.0,4.0,0.44162923910340374,,,1.1917636087502044,,,
24.14,4.0,usv1|usv2|usv3|usv4,xy:held_margin,18.66251605264313,45.969286327624864,2.0,3.0,4.0,0.4411575671392815,,,1.1920133410846925,,,
24.150000000000002,4.0,usv1|usv2|usv3|usv4,xy:held_margin,18.662578404964215,45.96912834216539,2.0,3.0,4.0,0.4360011342270133,,,1.191704769964082,,,
24.16,4.0,usv1|usv2|usv3|usv4,xy:held_margin,18.662878272614922,45.969804384458946,2.0,3.0,4.0,0.43550597308717853,,,1.1919525311129768,,,
24.17,4.0,usv1|usv2|usv3|usv4,xy:held_margin,18.66317828936748,45.97053025290493,2.0,3.0,4.0,0.4350409880769359,,,1.192201037512059,,,
24.18,4.0,usv1|usv2|usv3|usv4,xy:held_margin,18.663477861822123,45.97110364044761,2.0,3.0,4.0,0.43452687977117177,,,1.1924502896778133,,,
24.19,4.0,usv1|usv2|usv3|usv4,xy:held_margin,18.663777801885804,45.97180153344283,2.0,3.0,4.0,0.4340516828184142,,,1.1927002900011883,,,
24.2,4.0,usv1|usv2|usv3|usv4,xy:held_margin,18.663195344734945,45.969889333576,2.0,3.0,4.0,0.4235445164534987,,,1.1923906653593859,,,
24.21,4.0,usv1|usv2|usv3|usv4,xy:held_margin,18.663490734525475,45.97052916994274,2.0,3.0,4.0,0.4230635909016587,,,1.192638685066174,,,
24.22,4.0,usv1|usv2|usv3|usv4,xy:held_margin,18.66378615538989,45.97117880430495,2.0,3.0,4.0,0.4225872550349997,,,1.1928874472710516,,,
24.23,4.0,usv1|usv2|usv3|usv4,xy:held_margin,18.664081725076695,45.97187846023058,2.0,3.0,4.0,0.42213688075214456,,,1.1931369534402316,,,
24.240000000000002,4.0,usv1|usv2|usv3|usv4,xy:held_margin,18.66437699502628,45.972475003578396,2.0,3.0,4.0,0.4216202231947295,,,1.193387204251875,,,
24.25,4.0,usv1|usv2|usv3|usv4,xy:held_margin,18.663975763679584,45.97090096735767,2.0,3.0,4.0,0.4097453946027338,,,1.1930766349175002,,,
24.26,4.0,usv1|usv2|usv3|usv4,xy:held_margin,18.664267783644892,45.97154143741733,2.0,3.0,4.0,0.4092780379632803,,,1.1933248974601258,,,
24.27,4.0,usv1|usv2|usv3|usv4,xy:held_margin,18.664559720262794,45.97215339978252,2.0,3.0,4.0,0.40879564211345726,,,1.1935738997598306,,,
24.28,4.0,usv1|usv2|usv3|usv4,xy:held_margin,18.6648517155779,45.972783235935076,2.0,3.0,4.0,0.4083089506338413,,,1.1938236433055205,,,
24.29,4.0,usv1|usv2|usv3|usv4,xy:held_margin,18.665143592477897,45.973372311430474,2.0,3.0,4.0,0.4078163790476304,,,1.1940741291437578,,,
24.3,4.0,usv1|usv2|usv3|usv4,xy:held_margin,18.66651744153915,45.976598724587475,2.0,3.0,4.0,0.38678908708570664,,,1.1937633402815233,,,
24.310000000000002,4.0,usv1|usv2|usv3|usv4,xy:held_margin,18.666814968868795,45.97725220475878,2.0,3.0,4.0,0.3862008949151176,,,1.1940118342585173,,,
24.32,4.0,usv1|usv2|usv3|usv4,xy:held_margin,18.667112683242532,45.977967386889425,2.0,3.0,4.0,0.3856348024964563,,,1.1942610658017716,,,
24.330000000000002,4.0,usv1|usv2|usv3|usv4,xy:held_margin,18.66741033172453,45.9786601438025,2.0,3.0,4.0,0.3850736678425465,,,1.194511035851235,,,
24.34,4.0,usv1|usv2|usv3|usv4,xy:held_margin,18.66770797406609,45.979350891782936,2.0,3.0,4.0,0.38451455445152793,,,1.1947617457755875,,,
24.35,4.0,usv1|usv2|usv3|usv4,xy:held_margin,18.6683479841323,45.9819789185843,2.0,3.0,4.0,0.4320371020532754,,,1.194449696288434,,,
24.36,4.0,usv1|usv2|usv3|usv4,xy:held_margin,18.668647065469997,45.98267968348248,2.0,3.0,4.0,0.43159540705346167,,,1.1946984063291597,,,
24.37,4.0,usv1|usv2|usv3|usv4,xy:held_margin,18.668946038569942,45.98334536424811,2.0,3.0,4.0,0.4311452392349832,,,1.194947850983573,,,
24.38,4.0,usv1|usv2|usv3|usv4,xy:held_margin,18.669244802005014,45.98394271080216,2.0,3.0,4.0,0.4358613533231448,,,1.1951980313941653,,,
24.39,4.0,usv1|usv2|usv3|usv4,xy:held_margin,18.66922295116388,45.98374933061541,2.0,3.0,4.0,0.4353636128177312,,,1.192015888668167,,,
24.400000000000002,4.0,usv1|usv2|usv3|usv4,xy:held_margin,18.669811040569744,45.9847808120841,2.0,3.0,4.0,0.4147164695139738,,,1.1917183921995027,,,
24.41,4.0,usv1|usv2|usv3|usv4,xy:held_margin,18.67011122746238,45.98543861024212,2.0,3.0,4.0,0.41418664519252063,,,1.1919618115824413,,,
24.42,4.0,usv1|usv2|usv3|usv4,xy:held_margin,18.670411411476774,45.98609010645965,2.0,3.0,4.0,0.41365296793196654,,,1.1922060093796394,,,
24.43,4.0,usv1|usv2|usv3|usv4,xy:held_margin,18.670711561573608,45.986711212783014,2.0,3.0,4.0,0.4131012528953529,,,1.1924509870138769,,,
24.44,4.0,usv1|usv2|usv3|usv4,xy:held_margin,18.671011751719835,45.98737275383092,2.0,3.0,4.0,0.41256051287846046,,,1.1926967461110962,,,
24.45,4.0,usv1|usv2|usv3|usv4,xy:held_margin,18.671086892188193,45.987679672548715,2.0,3.0,4.0,0.42391743362303946,,,1.192397061961256,,,
24.46,4.0,usv1|usv2|usv3|usv4,xy:held_margin,18.671385629950798,45.98828269649693,2.0,3.0,4.0,0.42340850710774885,,,1.1926409525564192,,,
24.47,4.0,usv1|usv2|usv3|usv4,xy:held_margin,18.671684330059996,45.988859002714136,2.0,3.0,4.0,0.42289053730870574,,,1.192885619082808,,,
24.48,4.0,usv1|usv2|usv3|usv4,xy:held_margin,18.671983074132065,45.98947657678951,2.0,3.0,4.0,0.42238152926004147,,,1.1931310631580843,,,
24.490000000000002,4.0,usv1|usv2|usv3|usv4,xy:held_margin,18.672281820595984,45.990097720183094,2.0,3.0,4.0,0.4218880512889754,,,1.1933772861441287,,,
24.5,4.0,usv1|usv2|usv3|usv4,xy:held_margin,18.672828771574988,45.9913557132737,2.0,3.0,4.0,0.4190514976884557,,,1.1930773523803873,,,
24.51,4.0,usv1|usv2|usv3|usv4,xy:held_margin,18.673128825471398,45.991895396025576,2.0,3.0,4.0,0.418508206499139,,,1.193321699157371,,,
24.52,4.0,usv1|usv2|usv3|usv4,xy:held_margin,18.673428999250383,45.992519053318745,2.0,3.0,4.0,0.4180008574571031,,,1.1935668196692686,,,
24.53,4.0,usv1|usv2|usv3|usv4,xy:held_margin,18.673729149902712,45.993128012452615,2.0,3.0,4.0,0.41749359573842504,,,1.1938127151035722,,,
24.54,4.0,usv1|usv2|usv3|usv4,xy:held_margin,18.67402952003353,45.993880455285904,2.0,3.0,4.0,0.417003890775464,,,1.194059387311938,,,
24.55,4.0,usv1|usv2|usv3|usv4,xy:held_margin,18.674230019625906,45.99399256203921,2.0,3.0,4.0,0.40453632045781024,,,1.193759107037158,,,
24.560000000000002,4.0,usv1|usv2|usv3|usv4,xy:held_margin,18.674529778519236,45.99464522665309,2.0,3.0,4.0,0.40400031603341047,,,1.1940038934145336,,,
24.57,4.0,usv1|usv2|usv3|usv4,xy:held_margin,18.67482960240498,45.99533169674628,2.0,3.0,4.0,0.4034716572854818,,,1.1942494509045396,,,
24.580000000000002,4.0,usv1|usv2|usv3|usv4,xy:held_margin,18.675129403505235,45.995996448503575,2.0,3.0,4.0,0.4029384502852771,,,1.1944957807768748,,,
24.59,4.0,usv1|usv2|usv3|usv4,xy:held_margin,18.675429151663394,45.99662266956363,2.0,3.0,4.0,0.4023826195565383,,,1.194742884398034,,,
24.6,4.0,usv1|usv2|usv3|usv4,xy:held_margin,18.675658768684038,45.997424423696366,2.0,3.0,4.0,0.4135405436875935,,,1.1944407728808277,,,
24.61,4.0,usv1|usv2|usv3|usv4,xy:held_margin,18.675958059332782,45.998056251338255,2.0,3.0,4.0,0.4130381236822251,,,1.1946859779671872,,,
24.62,4.0,usv1|usv2|usv3|usv4,xy:held_margin,18.676257462782953,45.99875155312843,2.0,3.0,4.0,0.41255647454481564,,,1.1949319517193093,,,
24.63,4.0,usv1|usv2|usv3|usv4,xy:held_margin,18.676556636299036,45.99932256056341,2.0,3.0,4.0,0.4120228107968097,,,1.1951786949956973,,,
24.64,4.0,usv1|usv2|usv3|usv4,xy:held_margin,18.676856080691845,46.00003316204013,2.0,3.0,4.0,0.4115441126241495,,,1.1954262099733222,,,
24.650000000000002,4.0,usv1|usv2|usv3|usv4,xy:held_margin,18.677462263558745,46.00132411312446,2.0,3.0,4.0,0.3989948648675857,,,1.1951241782287432,,,
24.66,4.0,usv1|usv2|usv3|usv4,xy:held_margin,18.677763508761235,46.00204429582136,2.0,3.0,4.0,0.3984760597563755,,,1.1953697880813217,,,
24.67,4.0,usv1|usv2|usv3|usv4,xy:held_margin,18.678064520006444,46.00264855893573,2.0,3.0,4.0,0.39789034943558704,,,1.1956161634966314,,,
24.68,4.0,usv1|usv2|usv3|usv4,xy:held_margin,18.678365479861796,46.00322920229729,2.0,3.0,4.0,0.3973127607790162,,,1.1958633061506798,,,
24.69,4.0,usv1|usv2|usv3|usv4,xy:held_margin,18.678666574721646,46.00387663886865,2.0,3.0,4.0,0.3967616351444539,,,1.1961112177130593,,,
24.7,4.0,usv1|usv2|usv3|usv4,xy:held_margin,18.67878768810438,46.00377142426333,2.0,3.0,4.0,0.3872650368741085,,,1.1958082374274912,,,
24.71,4.0,usv1|usv2|usv3|usv4,xy:held_margin,18.67908764740777,46.004318787918585,2.0,3.0,4.0,0.3866656175806843,,,1.196054232412219,,,
24.72,4.0,usv1|usv2|usv3|usv4,xy:held_margin,18.67938779500696,46.00495233730971,2.0,3.0,4.0,0.3860955372229105,,,1.1963009910161477,,,
24.73,4.0,usv1|usv2|usv3|usv4,xy:held_margin,18.679688108446978,46.005658749943684,2.0,3.0,4.0,0.38553278428504095,,,1.1965485145857062,,,
24.740000000000002,4.0,usv1|usv2|usv3|usv4,xy:held_margin,18.679988583408353,46.0064343449106,2.0,3.0,4.0,0.3849926880445617,,,1.1967968044827488,,,
24.75,4.0,usv1|usv2|usv3|usv4,xy:held_margin,18.680673284504675,46.00871596984231,2.0,3.0,4.0,0.40980746943193574,,,1.1964916780908308,,,
24.76,4.0,usv1|usv2|usv3|usv4,xy:held_margin,18.68097521092589,46.00929525641048,2.0,3.0,4.0,0.40928352877179713,,,1.1967380399880676,,,
24.77,4.0,usv1|usv2|usv3|usv4,xy:held_margin,18.681277430432292,46.00999674680161,2.0,3.0,4.0,0.4087903915207888,,,1.1969851630487376,,,
24.78,4.0,usv1|usv2|usv3|usv4,xy:held_margin,18.68157951351373,46.01063857056074,2.0,3.0,4.0,0.408282923970347,,,1.1972330480411026,,,
24.79,4.0,usv1|usv2|usv3|usv4,xy:held_margin,18.681881776660738,46.01135439077982,2.0,3.0,4.0,0.40778303915383296,,,1.1974816967764546,,,
24.8,4.0,usv1|usv2|usv3|usv4,xy:held_margin,18.681703532114884,46.011114499512736,2.0,3.0,4.0,0.42933909002805926,,,1.1971758977206166,,,
24.810000000000002,4.0,usv1|usv2|usv3|usv4,xy:held_margin,18.68200282556719,46.01172099676113,2.0,3.0,4.0,0.4289164146672411,,,1.1974226083254427,,,
24.82,4.0,usv1|usv2|usv3|usv4,xy:held_margin,18.682302471755797,46.012471906814355,2.0,3.0,4.0,0.4285240494532314,,,1.19767007758452,,,
24.830000000000002,4.0,usv1|usv2|usv3|usv4,xy:held_margin,18.68260173193449,46.013067343021596,2.0,3.0,4.0,0.42808358898901633,,,1.1979183058296863,,,
24.84,4.0,usv1|usv2|usv3|usv4,xy:held_margin,18.682901083944195,46.0136996237866,2.0,3.0,4.0,0.42766578118591514,,,1.1981672950710256,,,
24.85,4.0,usv1|usv2|usv3|usv4,xy:held_margin,18.68295284495584,46.014548715448136,2.0,3.0,4.0,0.46913430330974015,,,1.1978597886750753,,,
24.86,4.0,usv1|usv2|usv3|usv4,xy:held_margin,18.683250567432882,46.015158167510855,2.0,3.0,4.0,0.468860662296673,,,1.1981068295931117,,,
24.87,4.0,usv1|usv2|usv3|usv4,xy:held_margin,18.683548310200784,46.015774745469116,2.0,3.0,4.0,0.46857700726876655,,,1.1983546261028204,,,
24.88,4.0,usv1|usv2|usv3|usv4,xy:held_margin,18.68384628796088,46.016481567635935,2.0,3.0,4.0,0.4683113853220127,,,1.1986031798447134,,,
24.89,4.0,usv1|usv2|usv3|usv4,xy:held_margin,18.684143940291193,46.017063165126444,2.0,3.0,4.0,0.46803803412257666,,,1.1988524913944607,,,
24.900000000000002,4.0,usv1|usv2|usv3|usv4,xy:held_margin,18.68383609628143,46.016256190365596,2.0,3.0,4.0,0.47254525355897814,,,1.1985457100839445,,,
24.91,4.0,usv1|usv2|usv3|usv4,xy:held_margin,18.684131020529748,46.01701204904308,2.0,3.0,4.0,0.47232135031579003,,,1.1987930686089168,,,
24.92,4.0,usv1|usv2|usv3|usv4,xy:held_margin,18.68442577921091,46.01770263620887,2.0,3.0,4.0,0.4721023269626623,,,1.1990411798494909,,,
24.93,4.0,usv1|usv2|usv3|usv4,xy:held_margin,18.68472051220164,46.01838214759896,2.0,3.0,4.0,0.4718819205473184,,,1.199290045337203,,,
24.94,4.0,usv1|usv2|usv3|usv4,xy:held_margin,18.68501498234556,46.01896363129461,2.0,3.0,4.0,0.47163149777225927,,,1.1995396660859379,,,
24.95,4.0,usv1|usv2|usv3|usv4,xy:held_margin,18.685179786217937,46.01921934057734,2.0,3.0,4.0,0.470989351634354,,,1.1992321794757668,,,
24.96,4.0,usv1|usv2|usv3|usv4,xy:held_margin,18.685473832693148,46.01988910097086,2.0,3.0,4.0,0.4707683530751956,,,1.1994798396645852,,,
24.97,4.0,usv1|usv2|usv3|usv4,xy:held_margin,18.685767780728185,46.020521685902736,2.0,3.0,4.0,0.47053792614426754,,,1.1997282500491533,,,
24.98,4.0,usv1|usv2|usv3|usv4,xy:held_margin,18.68606179317765,46.02117604507038,2.0,3.0,4.0,0.4703131580892491,,,1.1999774121759592,,,
24.990000000000002,4.0,usv1|usv2|usv3|usv4,xy:held_margin,18.68635583151622,46.021838898949206,2.0,3.0,4.0,0.47007837200704977,,,1.2002273273131492,,,
25.0,4.0,usv1|usv2|usv3|usv4,xy:held_margin,18.687228714399076,46.02439696116351,2.0,3.0,4.0,0.48832106462217123,,,1.199918151954722,,,
25.01,4.0,usv1|usv2|usv3|usv4,xy:held_margin,18.687525298038462,46.024945299071476,2.0,3.0,4.0,0.48811563931810764,,,1.2001660971063497,,,
25.02,4.0,usv1|usv2|usv3|usv4,xy:held_margin,18.68782236070828,46.02566361673652,2.0,3.0,4.0,0.4879354578138982,,,1.2004147906308582,,,
25.03,4.0,usv1|usv2|usv3|usv4,xy:held_margin,18.688119188423478,46.02629823397115,2.0,3.0,4.0,0.4877312222949372,,,1.2006642328913903,,,
25.04,4.0,usv1|usv2|usv3|usv4,xy:held_margin,18.688416255566572,46.02701476001519,2.0,3.0,4.0,0.48755428834055714,,,1.200914425827716,,,
25.05,4.0,usv1|usv2|usv3|usv4,xy:held_margin,18.688323712319058,46.02685655600857,2.0,3.0,4.0,0.49813709253952415,,,1.200604804392805,,,
25.060000000000002,4.0,usv1|usv2|usv3|usv4,xy:held_margin,18.68861872025892,46.02756779701942,2.0,3.0,4.0,0.49801221460099565,,,1.2008530189277913,,,
25.07,4.0,usv1|usv2|usv3|usv4,xy:held_margin,18.68891320725776,46.028098982528036,2.0,3.0,4.0,0.49782928884651084,,,1.2011019778920986,,,
25.080000000000002,4.0,usv1|usv2|usv3|usv4,xy:held_margin,18.68920795918046,46.02872113290319,2.0,3.0,4.0,0.49768286706565046,,,1.201351683641978,,,
25.09,4.0,usv1|usv2|usv3|usv4,xy:held_margin,18.689502956046685,46.02942511626393,2.0,3.0,4.0,0.4975513248373138,,,1.2016021374514099,,,
25.1,4.0,usv1|usv2|usv3|usv4,xy:held_margin,18.690151493707173,46.030895153673114,2.0,3.0,4.0,0.4908808152425337,,,1.201292309589149,,,
25.11,4.0,usv1|usv2|usv3|usv4,xy:held_margin,18.690448142855573,46.03153583301846,2.0,3.0,4.0,0.49069239325252206,,,1.201540779795452,,,
25.12,4.0,usv1|usv2|usv3|usv4,xy:held_margin,18.69074472297202,46.03215127137232,2.0,3.0,4.0,0.49051157483279423,,,1.2017899924290616,,,
25.13,4.0,usv1|usv2|usv3|usv4,xy:held_margin,18.69104130055541,46.032764826157646,2.0,3.0,4.0,0.49033198237298015,,,1.2020399488842022,,,
25.14,4.0,usv1|usv2|usv3|usv4,xy:held_margin,18.691337786588587,46.033347011730385,2.0,3.0,4.0,0.49013966521959745,,,1.2022906503353434,,,
25.150000000000002,4.0,usv1|usv2|usv3|usv4,xy:held_margin,18.69122207089569,46.033742530464274,2.0,3.0,4.0,0.5311163676844701,,,1.2019780858006672,,,
25.16,4.0,usv1|usv2|usv3|usv4,xy:held_margin,18.69151643444462,46.03438196626744,2.0,3.0,4.0,0.5310864089901927,,,1.2022267913872202,,,
25.17,4.0,usv1|usv2|usv3|usv4,xy:held_margin,18.691810754233803,46.03500510434198,2.0,3.0,4.0,0.531056382296762,,,1.2024762368627544,,,
25.18,4.0,usv1|usv2|usv3|usv4,xy:held_margin,18.6921049205029,46.03557668242278,2.0,3.0,4.0,0.5310173941761323,,,1.202726423381642,,,
25.19,4.0,usv1|usv2|usv3|usv4,xy:held_margin,18.692398939623843,46.03610073829936,2.0,3.0,4.0,0.5310045869995346,,,1.2029773522478984,,,
25.2,4.0,usv1|usv2|usv3|usv4,xy:held_margin,18.693605048813605,46.03966384959044,2.0,3.0,4.0,0.5513305521349582,,,1.2026646934572034,,,
25.21,4.0,usv1|usv2|usv3|usv4,xy:held_margin,18.69390402016143,46.04036011323591,2.0,3.0,4.0,0.5513411574011093,,,1.2029136237075586,,,
25.22,4.0,usv1|usv2|usv3|usv4,xy:held_margin,18.694203007363235,46.04105874297945,2.0,3.0,4.0,0.5513413243493339,,,1.2031632913764991,,,
25.23,4.0,usv1|usv2|usv3|usv4,xy:held_margin,18.69450177380393,46.04168131682804,2.0,3.0,4.0,0.5513594594256889,,,1.2034136974344352,,,
25.240000000000002,4.0,usv1|usv2|usv3|usv4,xy:held_margin,18.694800776794786,46.042381634382885,2.0,3.0,4.0,0.5513708073993032,,,1.2036648437875663,,,
25.25,4.0,usv1|usv2|usv3|usv4,xy:held_margin,18.694262157211462,46.04112091208759,2.0,3.0,4.0,0.559056080261182,,,1.203351982969357,,,
25.26,4.0,usv1|usv2|usv3|usv4,xy:held_margin,18.69455691797093,46.04179917442751,2.0,3.0,4.0,0.5591041633496697,,,1.2036011212078097,,,
25.27,4.0,usv1|usv2|usv3|usv4,xy:held_margin,18.69485145540097,46.04240080717313,2.0,3.0,4.0,0.559157077445274,,,1.2038509939794444,,,
25.28,4.0,usv1|usv2|usv3|usv4,xy:held_margin,18.69514614217005,46.04305135911013,2.0,3.0,4.0,0.5575732130864504,,,1.2041016030842175,,,
25.29,4.0,usv1|usv2|usv3|usv4,xy:held_margin,18.695144974798563,46.04276325747501,2.0,3.0,4.0,0.5576309901616893,,,1.1976055309834737,,,
25.3,4.0,usv1|usv2|usv3|usv4,xy:held_margin,18.6952236381347,46.04244788427254,2.0,3.0,4.0,0.5447085762859278,,,1.1973082821207506,,,
25.310000000000002,4.0,usv1|usv2|usv3|usv4,xy:held_margin,18.695517534342063,46.04328044290653,2.0,3.0,4.0,0.5447227663143315,,,1.197550831680573,,,
25.32,4.0,usv1|usv2|usv3|usv4,xy:held_margin,18.69581027855311,46.0438826712535,2.0,3.0,4.0,0.5447465612684058,,,1.1977941563150927,,,
25.330000000000002,4.0,usv1|usv2|usv3|usv4,xy:held_margin,18.6961028561077,46.044450769560605,2.0,3.0,4.0,0.5447744424981833,,,1.1980382600719834,,,
25.34,4.0,usv1|usv2|usv3|usv4,xy:held_margin,18.696395834028866,46.04510086486211,2.0,3.0,4.0,0.5447865730706867,,,1.1982831458778842,,,
25.35,4.0,usv1|usv2|usv3|usv4,xy:held_margin,18.696942038888942,46.046291055010656,2.0,3.0,4.0,0.5345666093867353,,,1.1979871111199791,,,
25.36,4.0,usv1|usv2|usv3|usv4,xy:held_margin,18.69723627760219,46.04688519401354,2.0,3.0,4.0,0.5345534182215737,,,1.1982301218950937,,,
25.37,4.0,usv1|usv2|usv3|usv4,xy:held_margin,18.697530706984676,46.047520224008785,2.0,3.0,4.0,0.5345395853133111,,,1.1984739088063314,,,
25.38,4.0,usv1|usv2|usv3|usv4,xy:held_margin,18.697825170769562,46.048164469978225,2.0,3.0,4.0,0.5345132630485665,,,1.1987184729362814,,,
25.39,4.0,usv1|usv2|usv3|usv4,xy:held_margin,18.69811992490684,46.04887150223053,2.0,3.0,4.0,0.5344961394948874,,,1.1989638163832863,,,
25.400000000000002,4.0,usv1|usv2|usv3|usv4,xy:held_margin,18.699309320464796,46.051815223399316,2.0,3.0,4.0,0.5290011863314733,,,1.1986700146718297,,,
25.41,4.0,usv1|usv2|usv3|usv4,xy:held_margin,18.69960880185215,46.05243487490528,2.0,3.0,4.0,0.528952825150738,,,1.1989134873011338,,,
25.42,4.0,usv1|usv2|usv3|usv4,xy:held_margin,18.69990840871864,46.053080963440436,2.0,3.0,4.0,0.5288928362522259,,,1.1991577335054258,,,
25.43,4.0,usv1|usv2|usv3|usv4,xy:held_margin,18.700208101433635,46.05374322700233,2.0,3.0,4.0,0.5288437339284144,,,1.199402754643773,,,
25.44,4.0,usv1|usv2|usv3|usv4,xy:held_margin,18.70050794315149,46.054437217194234,2.0,3.0,4.0,0.5287933490310072,,,1.1996485523059142,,,
25.45,4.0,usv1|usv2|usv3|usv4,xy:held_margin,18.700544835557057,46.05368767299283,2.0,3.0,4.0,0.5003883995954965,,,1.1993443963765122,,,
25.46,4.0,usv1|usv2|usv3|usv4,xy:held_margin,18.70084330881678,46.05436662069252,2.0,3.0,4.0,0.5002364075361989,,,1.1995882707782113,,,
25.47,4.0,usv1|usv2|usv3|usv4,xy:held_margin,18.701141448886105,46.05496835623453,2.0,3.0,4.0,0.5001087435289111,,,1.1998329152057148,,,
25.48,4.0,usv1|usv2|usv3|usv4,xy:held_margin,18.70143975561451,46.05560653086886,2.0,3.0,4.0,0.49997600279460724,,,1.2000783322774082,,,
25.490000000000002,4.0,usv1|usv2|usv3|usv4,xy:held_margin,18.70173786298883,46.05619468712542,2.0,3.0,4.0,0.49985637175892955,,,1.2003245224882568,,,
25.5,4.0,usv1|usv2|usv3|usv4,xy:held_margin,18.70204593381221,46.05682288849789,2.0,3.0,4.0,0.49656807443288853,,,1.2000265086501476,,,
25.51,4.0,usv1|usv2|usv3|usv4,xy:held_margin,18.702344461807836,46.05749055375204,2.0,3.0,4.0,0.4964182934423071,,,1.2002707988279995,,,
25.52,4.0,usv1|usv2|usv3|usv4,xy:held_margin,18.702642715957705,46.058091363490604,2.0,3.0,4.0,0.49628784885504884,,,1.20051585668163,,,
25.53,4.0,usv1|usv2|usv3|usv4,xy:held_margin,18.70294147248279,46.05881483417723,2.0,3.0,4.0,0.496121998933923,,,1.2007616854113312,,,
25.54,4.0,usv1|usv2|usv3|usv4,xy:held_margin,18.703239819020304,46.05943678252954,2.0,3.0,4.0,0.4959727109693436,,,1.2010082843282261,,,
25.55,4.0,usv1|usv2|usv3|usv4,xy:held_margin,18.703551383191698,46.060316204137955,2.0,3.0,4.0,0.5051072618916622,,,1.2007124957353066,,,
25.560000000000002,4.0,usv1|usv2|usv3|usv4,xy:held_margin,18.703849934562545,46.060986902012246,2.0,3.0,4.0,0.5049865708434966,,,1.200957198576395,,,
25.57,4.0,usv1|usv2|usv3|usv4,xy:held_margin,18.704148570113734,46.06167852414789,2.0,3.0,4.0,0.5048608571330251,,,1.2012026674073215,,,
25.580000000000002,4.0,usv1|usv2|usv3|usv4,xy:held_margin,18.704447000562,46.06231579195188,2.0,3.0,4.0,0.5047372024158492,,,1.2014489029885347,,,
25.59,4.0,usv1|usv2|usv3|usv4,xy:held_margin,18.70474542577542,46.06294883195766,2.0,3.0,4.0,0.5046269655047042,,,1.2016959071636888,,,
25.6,4.0,usv1|usv2|usv3|usv4,xy:held_margin,18.705327437387968,46.06422659407502,2.0,3.0,4.0,0.499201298958041,,,1.2013963017044185,,,
25.61,4.0,usv1|usv2|usv3|usv4,xy:held_margin,18.705627290377837,46.064816699190274,2.0,3.0,4.0,0.49908871597829363,,,1.201641387135153,,,
25.62,4.0,usv1|usv2|usv3|usv4,xy:held_margin,18.705927420515476,46.06547867434025,2.0,3.0,4.0,0.49893885821099937,,,1.2018872364645368,,,
25.63,4.0,usv1|usv2|usv3|usv4,xy:held_margin,18.706227410371525,46.06610173184686,2.0,3.0,4.0,0.4988167934905807,,,1.202133850151296,,,
25.64,4.0,usv1|usv2|usv3|usv4,xy:held_margin,18.706527682063026,46.06680008329703,2.0,3.0,4.0,0.49866355392670725,,,1.202381230508164,,,
25.650000000000002,4.0,usv1|usv2|usv3|usv4,xy:held_margin,18.707001135173787,46.068025385973954,2.0,3.0,4.0,0.5046259986404503,,,1.20208319904821,,,
25.66,4.0,usv1|usv2|usv3|usv4,xy:held_margin,18.70730264123634,46.06881321017455,2.0,3.0,4.0,0.5044512033646793,,,1.2023286633268866,,,
25.67,4.0,usv1|usv2|usv3|usv4,xy:held_margin,18.707603890000357,46.06953164417416,2.0,3.0,4.0,0.5043177429738767,,,1.2025748878501352,,,
25.68,4.0,usv1|usv2|usv3|usv4,xy:held_margin,18.707904830469992,46.070164253325586,2.0,3.0,4.0,0.5042063041198993,,,1.2028218738970675,,,
25.69,4.0,usv1|usv2|usv3|usv4,xy:held_margin,18.70820567682546,46.0707699186985,2.0,3.0,4.0,0.5041045013726926,,,1.2030696232974734,,,
25.7,4.0,usv1|usv2|usv3|usv4,xy:held_margin,18.708975197151897,46.0727540700835,2.0,3.0,4.0,0.5079833623975243,,,1.2027709427449893,,,
25.71,4.0,usv1|usv2|usv3|usv4,xy:held_margin,18.70927865756915,46.073390769611514,2.0,3.0,4.0,0.5078869266651821,,,1.203016768069543,,,
25.72,4.0,usv1|usv2|usv3|usv4,xy:held_margin,18.709582538213,46.074147801068975,2.0,3.0,4.0,0.5077515288746611,,,1.2032633524637166,,,
25.73,4.0,usv1|usv2|usv3|usv4,xy:held_margin,18.709886158676344,46.07482953602125,2.0,3.0,4.0,0.5076297897642482,,,1.203510695938028,,,
25.740000000000002,4.0,usv1|usv2|usv3|usv4,xy:held_margin,18.710189690682704,46.07548463176363,2.0,3.0,4.0,0.5075265461561899,,,1.2037588001680655,,,
25.75,4.0,usv1|usv2|usv3|usv4,xy:held_margin,18.710014210324104,46.07500157452753,2.0,3.0,4.0,0.5020018914878639,,,1.2034539158588924,,,
25.76,4.0,usv1|usv2|usv3|usv4,xy:held_margin,18.7103150294593,46.07560075501388,2.0,3.0,4.0,0.5018845963658387,,,1.203700063438974,,,
25.77,4.0,usv1|usv2|usv3|usv4,xy:held_margin,18.710616208777026,46.07630634594608,2.0,3.0,4.0,0.5017479272248291,,,1.2039469673910963,,,
25.78,4.0,usv1|usv2|usv3|usv4,xy:held_margin,18.710917186750507,46.076950209574925,2.0,3.0,4.0,0.5016279284663151,,,1.2041946280126123,,,
25.79,4.0,usv1|usv2|usv3|usv4,xy:held_margin,18.711218117473035,46.07757988884958,2.0,3.0,4.0,0.5015101588847545,,,1.2044430469365024,,,
25.8,4.0,usv1|usv2|usv3|usv4,xy:held_margin,18.711319105174788,46.07768909805263,2.0,3.0,4.0,0.496657124080379,,,1.2041381213753055,,,
25.810000000000002,4.0,usv1|usv2|usv3|usv4,xy:held_margin,18.71161907102536,46.078338986411765,2.0,3.0,4.0,0.4965116606496019,,,1.204384579778748,,,
25.82,4.0,usv1|usv2|usv3|usv4,xy:held_margin,18.711919227645396,46.079047741577504,2.0,3.0,4.0,0.4963763382673589,,,1.2046317916396017,,,
25.830000000000002,4.0,usv1|usv2|usv3|usv4,xy:held_margin,18.712219320442742,46.07973653861962,2.0,3.0,4.0,0.49624283874874825,,,1.2048797578560893,,,
25.84,4.0,usv1|usv2|usv3|usv4,xy:held_margin,18.712519320163736,46.08039528399334,2.0,3.0,4.0,0.49610889753276693,,,1.2051284796950783,,,
25.85,4.0,usv1|usv2|usv3|usv4,xy:held_margin,18.71328094138269,46.080965208878894,2.0,3.0,4.0,0.4319407622588205,,,1.2048087561338474,,,
25.86,4.0,usv1|usv2|usv3|usv4,xy:held_margin,18.71358371250719,46.08162681825496,2.0,3.0,4.0,0.43159389092821426,,,1.2050554509800637,,,
25.87,4.0,usv1|usv2|usv3|usv4,xy:held_margin,18.71388670987022,46.0823591756081,2.0,3.0,4.0,0.4312531883098112,,,1.205302896801522,,,
25.88,4.0,usv1|usv2|usv3|usv4,xy:held_margin,18.714189467305054,46.08301278921604,2.0,3.0,4.0,0.43090557363323356,,,1.205551094078242,,,
25.89,4.0,usv1|usv2|usv3|usv4,xy:held_margin,18.714492065105077,46.08361385075971,2.0,3.0,4.0,0.4305427017457829,,,1.205800044266045,,,
25.900000000000002,4.0,usv1|usv2|usv3|usv4,xy:held_margin,18.715209803276775,46.08516950219208,2.0,3.0,4.0,0.4215749406351678,,,1.2054940104106477,,,
25.91,4.0,usv1|usv2|usv3|usv4,xy:held_margin,18.715514781596422,46.08582699572971,2.0,3.0,4.0,0.4211981721787483,,,1.2057409878072842,,,
25.92,4.0,usv1|usv2|usv3|usv4,xy:held_margin,18.715819927953024,46.086537242425976,2.0,3.0,4.0,0.42082162170751447,,,1.2059887135446496,,,
25.93,4.0,usv1|usv2|usv3|usv4,xy:held_margin,18.716124991932574,46.08722116601452,2.0,3.0,4.0,0.4204343745758712,,,1.2062371884822924,,,
25.94,4.0,usv1|usv2|usv3|usv4,xy:held_margin,18.716429643113653,46.087769884334584,2.0,3.0,4.0,0.4200620232440766,,,1.206486413309959,,,
25.95,4.0,usv1|usv2|usv3|usv4,xy:held_margin,18.716287772754278,46.08733159278896,2.0,3.0,4.0,0.4278559656210183,,,1.2061810713533296,,,
25.96,4.0,usv1|usv2|usv3|usv4,xy:held_margin,18.716590453498508,46.08799742754802,2.0,3.0,4.0,0.4275086798413648,,,1.2064283221056307,,,
25.97,4.0,usv1|usv2|usv3|usv4,xy:held_margin,18.716893135560774,46.08866372614317,2.0,3.0,4.0,0.4271494484084663,,,1.2066763182251419,,,
25.98,4.0,usv1|usv2|usv3|usv4,xy:held_margin,18.717195762273416,46.089312620689505,2.0,3.0,4.0,0.4268058237831805,,,1.2069250610116524,,,
25.990000000000002,4.0,usv1|usv2|usv3|usv4,xy:held_margin,18.717498567660325,46.09002186377865,2.0,3.0,4.0,0.42645065008777894,,,1.2071745522188309,,,
26.0,4.0,usv1|usv2|usv3|usv4,xy:held_margin,18.717158474475614,46.08926507581572,2.0,3.0,4.0,0.4436646049379211,,,1.2068701154295856,,,
26.01,4.0,usv1|usv2|usv3|usv4,xy:held_margin,18.71745783935691,46.089945080106645,2.0,3.0,4.0,0.443365153922481,,,1.2071176318341663,,,
26.02,4.0,usv1|usv2|usv3|usv4,xy:held_margin,18.71775732232172,46.0906632275288,2.0,3.0,4.0,0.44307271571834234,,,1.207365891337903,,,
26.03,4.0,usv1|usv2|usv3|usv4,xy:held_margin,18.71805662282619,46.091317739735445,2.0,3.0,4.0,0.44279067945197265,,,1.2076148947169179,,,
26.04,4.0,usv1|usv2|usv3|usv4,xy:held_margin,18.718355918308784,46.091968899850784,2.0,3.0,4.0,0.4425090793993992,,,1.2078646435905085,,,
26.05,4.0,usv1|usv2|usv3|usv4,xy:held_margin,18.718319184412945,46.09203422952309,2.0,3.0,4.0,0.45229014344179275,,,1.207558250193049,,,
26.060000000000002,4.0,usv1|usv2|usv3|usv4,xy:held_margin,18.718616844958515,46.09272272518016,2.0,3.0,4.0,0.45204575749907083,,,1.20780601310558,,,
26.07,4.0,usv1|usv2|usv3|usv4,xy:held_margin,18.718914484113373,46.093404765669035,2.0,3.0,4.0,0.45180243457284447,,,1.2080545163088203,,,
26.080000000000002,4.0,usv1|usv2|usv3|usv4,xy:held_margin,18.719212089041868,46.09407426320242,2.0,3.0,4.0,0.45155887500625386,,,1.2083037610879708,,,
26.09,4.0,usv1|usv2|usv3|usv4,xy:held_margin,18.719509572928427,46.0946997843736,2.0,3.0,4.0,0.4512998712616281,,,1.208553748627577,,,
26.1,4.0,usv1|usv2|usv3|usv4,xy:held_margin,18.71919896371422,46.09308751693724,2.0,3.0,4.0,0.4258432285706948,,,1.2082349421691365,,,
26.11,4.0,usv1|usv2|usv3|usv4,xy:held_margin,18.719493496459044,46.0936997319325,2.0,3.0,4.0,0.42553381076842883,,,1.208482889220771,,,
26.12,4.0,usv1|usv2|usv3|usv4,xy:held_margin,18.719788252224138,46.09438875971858,2.0,3.0,4.0,0.425221664458797,,,1.2087315744521758,,,
26.13,4.0,usv1|usv2|usv3|usv4,xy:held_margin,18.72008315710998,46.09512927221942,2.0,3.0,4.0,0.4249042510272464,,,1.208980999107226,,,
26.14,4.0,usv1|usv2|usv3|usv4,xy:held_margin,18.72037768322575,46.095736447968356,2.0,3.0,4.0,0.4245902112794468,,,1.20923116362206,,,
26.150000000000002,4.0,usv1|usv2|usv3|usv4,xy:held_margin,18.72012651308997,46.09482233391294,2.0,3.0,4.0,0.41978959053406706,,,1.2089172819850602,,,
26.16,4.0,usv1|usv2|usv3|usv4,xy:held_margin,18.72041843498262,46.09545962198964,2.0,3.0,4.0,0.4194836348821931,,,1.2091654235391907,,,
26.17,4.0,usv1|usv2|usv3|usv4,xy:held_margin,18.720710302527767,46.09607961324365,2.0,3.0,4.0,0.4191623456075972,,,1.2094143003314555,,,
26.18,4.0,usv1|usv2|usv3|usv4,xy:held_margin,18.72100236166784,46.09676886095621,2.0,3.0,4.0,0.41886491543988486,,,1.2096639140981302,,,
26.19,4.0,usv1|usv2|usv3|usv4,xy:held_margin,18.721294152023642,46.09736318449555,2.0,3.0,4.0,0.4228126005568979,,,1.2099142653496888,,,
26.2,4.0,usv1|usv2|usv3|usv4,xy:held_margin,18.72112368776149,46.097568132439584,2.0,3.0,4.0,0.4550170440703475,,,1.2060591483265808,,,
26.21,4.0,usv1|usv2|usv3|usv4,xy:held_margin,18.7214140920227,46.098215307920476,2.0,3.0,4.0,0.45481370295965856,,,1.2063015304470999,,,
26.22,4.0,usv1|usv2|usv3|usv4,xy:held_margin,18.72170447113497,46.098832528021795,2.0,3.0,4.0,0.45461738785122696,,,1.206544691481622,,,
26.23,4.0,usv1|usv2|usv3|usv4,xy:held_margin,18.72199485300665,46.09945537853895,2.0,3.0,4.0,0.45442230251331955,,,1.2067886329827275,,,
26.240000000000002,4.0,usv1|usv2|usv3|usv4,xy:held_margin,18.72228526300514,46.10010826211513,2.0,3.0,4.0,0.45423269954718826,,,1.207033356526022,,,
26.25,4.0,usv1|usv2|usv3|usv4,xy:held_margin,18.722909678268593,46.10126696510454,2.0,3.0,4.0,0.4330079110241439,,,1.206731006993617,,,
26.26,4.0,usv1|usv2|usv3|usv4,xy:held_margin,18.723202179438978,46.10191846914779,2.0,3.0,4.0,0.43274187335909553,,,1.2069738362230928,,,
26.27,4.0,usv1|usv2|usv3|usv4,xy:held_margin,18.723494592821602,46.102481156736495,2.0,3.0,4.0,0.4324522537510103,,,1.2072174420169128,,,
26.28,4.0,usv1|usv2|usv3|usv4,xy:held_margin,18.723787162340667,46.10318915410218,2.0,3.0,4.0,0.43220024452753175,,,1.2074618261700132,,,
26.29,4.0,usv1|usv2|usv3|usv4,xy:held_margin,18.724079614958764,46.10378772544889,2.0,3.0,4.0,0.4319064735192341,,,1.2077069898067068,,,
26.3,4.0,usv1|usv2|usv3|usv4,xy:held_margin,18.724184554875766,46.1042302672332,2.0,3.0,4.0,0.4474620420238326,,,1.2074147818426406,,,
26.310000000000002,4.0,usv1|usv2|usv3|usv4,xy:held_margin,18.72447580031865,46.1048050824432,2.0,3.0,4.0,0.44723674130513114,,,1.2076580859748955,,,
26.32,4.0,usv1|usv2|usv3|usv4,xy:held_margin,18.724767134508742,46.10545545366751,2.0,3.0,4.0,0.4470238976451923,,,1.2079021644836958,,,
26.330000000000002,4.0,usv1|usv2|usv3|usv4,xy:held_margin,18.725058433196807,46.10607443981564,2.0,3.0,4.0,0.4467936537300464,,,1.2081470186816854,,,
26.34,4.0,usv1|usv2|usv3|usv4,xy:held_margin,18.725349806441574,46.106749668323786,2.0,3.0,4.0,0.44658482151808826,,,1.2083926501853441,,,
26.35,4.0,usv1|usv2|usv3|usv4,xy:held_margin,18.72615793701047,46.10875206796243,2.0,3.0,4.0,0.4445999644160013,,,1.2080968202411646,,,
26.36,4.0,usv1|usv2|usv3|usv4,xy:held_margin,18.726452197968765,46.10938958452794,2.0,3.0,4.0,0.444347734983346,,,1.2083405721566876,,,
26.37,4.0,usv1|usv2|usv3|usv4,xy:held_margin,18.726746354029274,46.109955656542475,2.0,3.0,4.0,0.4441010827518477,,,1.2085850957855035,,,
26.38,4.0,usv1|usv2|usv3|usv4,xy:held_margin,18.727040642705344,46.11061299355685,2.0,3.0,4.0,0.44386316435734896,,,1.208830392862724,,,
26.39,4.0,usv1|usv2|usv3|usv4,xy:held_margin,18.727335011316626,46.11131716628855,2.0,3.0,4.0,0.44363088736522616,,,1.209076464783082,,,
26.400000000000002,4.0,usv1|usv2|usv3|usv4,xy:held_margin,18.727719999192864,46.11194045823816,2.0,3.0,4.0,0.43227096528516645,,,1.2087737218436219,,,
26.41,4.0,usv1|usv2|usv3|usv4,xy:held_margin,18.728014967685066,46.11265097703597,2.0,3.0,4.0,0.4320052851423436,,,1.2090178789081145,,,
26.42,4.0,usv1|usv2|usv3|usv4,xy:held_margin,18.72830973246295,46.11323530336531,2.0,3.0,4.0,0.43171918171967816,,,1.2092628050873584,,,
26.43,4.0,usv1|usv2|usv3|usv4,xy:held_margin,18.728604725196295,46.1139567800613,2.0,3.0,4.0,0.4314564657717196,,,1.2095085024868726,,,
26.44,4.0,usv1|usv2|usv3|usv4,xy:held_margin,18.728899621784052,46.114618714210025,2.0,3.0,4.0,0.4311717216023861,,,1.2097549720373495,,,
26.45,4.0,usv1|usv2|usv3|usv4,xy:held_margin,18.729422633014686,46.11588542475441,2.0,3.0,4.0,0.43520680105772036,,,1.2094579221339161,,,
26.46,4.0,usv1|usv2|usv3|usv4,xy:held_margin,18.729718604030367,46.116459568678806,2.0,3.0,4.0,0.43493194937751506,,,1.209702494183724,,,
26.47,4.0,usv1|usv2|usv3|usv4,xy:held_margin,18.73001479011154,46.117150881175846,2.0,3.0,4.0,0.4346653702673698,,,1.2099478335656402,,,
26.48,4.0,usv1|usv2|usv3|usv4,xy:held_margin,18.73031074757662,46.11771457461279,2.0,3.0,4.0,0.4343808688733449,,,1.2101939409695663,,,
26.490000000000002,4.0,usv1|usv2|usv3|usv4,xy:held_margin,18.73060683389451,46.11834816830807,2.0,3.0,4.0,0.4341121447804178,,,1.2104408183812707,,,
26.5,4.0,usv1|usv2|usv3|usv4,xy:held_margin,18.730976624258595,46.11868540611089,2.0,3.0,4.0,0.4095737693550589,,,1.2101309820170618,,,
26.51,4.0,usv1|usv2|usv3|usv4,xy:held_margin,18.731273374477702,46.119373316994164,2.0,3.0,4.0,0.4092272791981649,,,1.2103759047163734,,,
26.52,4.0,usv1|usv2|usv3|usv4,xy:held_margin,18.7315698366554,46.11991675025205,2.0,3.0,4.0,0.40887059044982366,,,1.2106215914234733,,,
26.53,4.0,usv1|usv2|usv3|usv4,xy:held_margin,18.731866458486333,46.120541804432506,2.0,3.0,4.0,0.4085261117553214,,,1.2108680442470732,,,
26.54,4.0,usv1|usv2|usv3|usv4,xy:held_margin,18.732163067652177,46.121160023095115,2.0,3.0,4.0,0.40818342391298706,,,1.2111152643383634,,,
26.55,4.0,usv1|usv2|usv3|usv4,xy:held_margin,18.733195372991453,46.123992838276955,2.0,3.0,4.0,0.42167144998072437,,,1.2108226180241721,,,
26.560000000000002,4.0,usv1|usv2|usv3|usv4,xy:held_margin,18.73349597927178,46.12463889279848,2.0,3.0,4.0,0.42134418078654545,,,1.2110679480580175,,,
26.57,4.0,usv1|usv2|usv3|usv4,xy:held_margin,18.73379669999048,46.12533586894196,2.0,3.0,4.0,0.4210135363173603,,,1.211314040302832,,,
26.580000000000002,4.0,usv1|usv2|usv3|usv4,xy:held_margin,18.734097475721416,46.126055702644074,2.0,3.0,4.0,0.42068004698478106,,,1.2115608960794404,,,
26.59,4.0,usv1|usv2|usv3|usv4,xy:held_margin,18.73439816858023,46.12673806397868,2.0,3.0,4.0,0.42035723740307895,,,1.2118085165646058,,,
26.6,4.0,usv1|usv2|usv3|usv4,xy:held_margin,18.73554434481627,46.129423099013664,2.0,3.0,4.0,0.4094753075108312,,,1.2115057657963915,,,
26.61,4.0,usv1|usv2|usv3|usv4,xy:held_margin,18.735849696050728,46.13012257944179,2.0,3.0,4.0,0.409109696431348,,,1.2117514505797575,,,
26.62,4.0,usv1|usv2|usv3|usv4,xy:held_margin,18.736154968007465,46.13078605008189,2.0,3.0,4.0,0.4087512167598062,,,1.2119978947256858,,,
26.63,4.0,usv1|usv2|usv3|usv4,xy:held_margin,18.736460492283044,46.131556118424314,2.0,3.0,4.0,0.4083802299114093,,,1.2122451001385472,,,
26.64,4.0,usv1|usv2|usv3|usv4,xy:held_margin,18.73676578991831,46.132224536156386,2.0,3.0,4.0,0.40800937584084673,,,1.2124930673414556,,,
26.650000000000002,4.0,usv1|usv2|usv3|usv4,xy:held_margin,18.737102564125824,46.13327920562138,2.0,3.0,4.0,0.42385038328498487,,,1.2121954365384613,,,
26.66,4.0,usv1|usv2|usv3|usv4,xy:held_margin,18.73740812298458,46.13401828259078,2.0,3.0,4.0,0.4235417158999289,,,1.2124414818154121,,,
26.67,4.0,usv1|usv2|usv3|usv4,xy:held_margin,18.737713419692717,46.13464654126006,2.0,3.0,4.0,0.4232386082657952,,,1.2126882835895263,,,
26.68,4.0,usv1|usv2|usv3|usv4,xy:held_margin,18.73801873497949,46.135282377342385,2.0,3.0,4.0,0.4229258844204385,,,1.2129358437035767,,,
26.69,4.0,usv1|usv2|usv3|usv4,xy:held_margin,18.73832442945751,46.13607313514217,2.0,3.0,4.0,0.42261767006705553,,,1.2131841641351444,,,
26.7,4.0,usv1|usv2|usv3|usv4,xy:held_margin,18.738542389137866,46.13693437759683,2.0,3.0,4.0,0.4378552288812647,,,1.2128848184938494,,,
26.71,4.0,usv1|usv2|usv3|usv4,xy:held_margin,18.73884732762552,46.137637518846574,2.0,3.0,4.0,0.4376092111681148,,,1.2131312043386675,,,
26.72,4.0,usv1|usv2|usv3|usv4,xy:held_margin,18.739152284607854,46.13834758953867,2.0,3.0,4.0,0.43735527104249045,,,1.2133783446417783,,,
26.73,4.0,usv1|usv2|usv3|usv4,xy:held_margin,18.739457162808446,46.13902593868968,2.0,3.0,4.0,0.43710611861971527,,,1.213626240618339,,,
26.740000000000002,4.0,usv1|usv2|usv3|usv4,xy:held_margin,18.739761911315238,46.13965321407078,2.0,3.0,4.0,0.4368454209638953,,,1.2138748935655934,,,
26.75,4.0,usv1|usv2|usv3|usv4,xy:held_margin,18.74029966661232,46.1412169452518,2.0,3.0,4.0,0.44685593727986883,,,1.213573942189166,,,
26.76,4.0,usv1|usv2|usv3|usv4,xy:held_margin,18.740605802267424,46.14192274094679,2.0,3.0,4.0,0.44663917393036556,,,1.2138206506853764,,,
26.77,4.0,usv1|usv2|usv3|usv4,xy:held_margin,18.74091195001929,46.14263340495664,2.0,3.0,4.0,0.44643683022768726,,,1.2140681110728504,,,
26.78,4.0,usv1|usv2|usv3|usv4,xy:held_margin,18.741217937122208,46.14328386947166,2.0,3.0,4.0,0.4462143009520814,,,1.2143163244164354,,,
26.79,4.0,usv1|usv2|usv3|usv4,xy:held_margin,18.74152415234666,46.14401919131602,2.0,3.0,4.0,0.4460230807190908,,,1.214565292722098,,,
26.8,4.0,usv1|usv2|usv3|usv4,xy:held_margin,18.742142810652677,46.14495372485901,2.0,3.0,4.0,0.41807165254285883,,,1.2142498929245924,,,
26.810000000000002,4.0,usv1|usv2|usv3|usv4,xy:held_margin,18.742450753204487,46.14567444844325,2.0,3.0,4.0,0.4177886564562581,,,1.2144968563757188,,,
26.82,4.0,usv1|usv2|usv3|usv4,xy:held_margin,18.742758831236305,46.146443318040276,2.0,3.0,4.0,0.41753637643355596,,,1.214744569422681,,,
26.830000000000002,4.0,usv1|usv2|usv3|usv4,xy:held_margin,18.743066373300188,46.14701414872654,2.0,3.0,4.0,0.4171768412814945,,,1.2149930322136755,,,
26.84,4.0,usv1|usv2|usv3|usv4,xy:held_margin,18.74337399261688,46.147613543492646,2.0,3.0,4.0,0.416831421633651,,,1.2152422471593005,,,
26.85,4.0,usv1|usv2|usv3|usv4,xy:held_margin,18.743108937106754,46.147311056044295,2.0,3.0,4.0,0.4409745209683684,,,1.2149414580950753,,,
26.86,4.0,usv1|usv2|usv3|usv4,xy:held_margin,18.743413577866622,46.14794236302601,2.0,3.0,4.0,0.4407368451317048,,,1.2151887186854562,,,
26.87,4.0,usv1|usv2|usv3|usv4,xy:held_margin,18.74371845861952,46.14865927315653,2.0,3.0,4.0,0.4405312663432134,,,1.2154367264924761,,,
26.88,4.0,usv1|usv2|usv3|usv4,xy:held_margin,18.744023183260204,46.14931932714093,2.0,3.0,4.0,0.4402933635015733,,,1.2156854820986438,,,
26.89,4.0,usv1|usv2|usv3|usv4,xy:held_margin,18.744327999138015,46.1500090218534,2.0,3.0,4.0,0.4400786165935615,,,1.2159349872938128,,,
26.900000000000002,4.0,usv1|usv2|usv3|usv4,xy:held_margin,18.74491251900102,46.15149910453174,2.0,3.0,4.0,0.44562943612873274,,,1.2156297491891184,,,
26.91,4.0,usv1|usv2|usv3|usv4,xy:held_margin,18.74521844575047,46.152081932915955,2.0,3.0,4.0,0.4454002421302806,,,1.2158772793624837,,,
26.92,4.0,usv1|usv2|usv3|usv4,xy:held_margin,18.74552459501557,46.152741036870154,2.0,3.0,4.0,0.44518495062765584,,,1.2161255542106666,,,
26.93,4.0,usv1|usv2|usv3|usv4,xy:held_margin,18.74583065272539,46.15336774666563,2.0,3.0,4.0,0.4449748839163111,,,1.2163745744262386,,,
26.94,4.0,usv1|usv2|usv3|usv4,xy:held_margin,18.746136690999283,46.15398801485195,2.0,3.0,4.0,0.4447671545663364,,,1.2166243414381024,,,
26.95,4.0,usv1|usv2|usv3|usv4,xy:held_margin,18.746143228224412,46.153636305412334,2.0,3.0,4.0,0.43152516270912195,,,1.2163090623671184,,,
26.96,4.0,usv1|usv2|usv3|usv4,xy:held_margin,18.746447937913075,46.154301404179314,2.0,3.0,4.0,0.4312689916942486,,,1.216556812586953,,,
26.97,4.0,usv1|usv2|usv3|usv4,xy:held_margin,18.746752801188702,46.15501971122617,2.0,3.0,4.0,0.43103308618218844,,,1.2168053047631533,,,
26.98,4.0,usv1|usv2|usv3|usv4,xy:held_margin,18.747057517013342,46.15568610369735,2.0,3.0,4.0,0.4307883166154277,,,1.2170545396563188,,,
26.990000000000002,4.0,usv1|usv2|usv3|usv4,xy:held_margin,18.74736211220671,46.156310666744204,2.0,3.0,4.0,0.4305257367828137,,,1.2173045186339324,,,
27.0,4.0,usv1|usv2|usv3|usv4,xy:held_margin,18.7472575219905,46.15587389376507,2.0,3.0,4.0,0.43206819084122783,,,1.216993201182977,,,
27.01,4.0,usv1|usv2|usv3|usv4,xy:held_margin,18.747559984210653,46.1564741628274,2.0,3.0,4.0,0.43182829847022636,,,1.2172411740700257,,,
27.02,4.0,usv1|usv2|usv3|usv4,xy:held_margin,18.747862727762683,46.15717022285932,2.0,3.0,4.0,0.43159032241458717,,,1.2174898866868313,,,
27.03,4.0,usv1|usv2|usv3|usv4,xy:held_margin,18.748165443733733,46.157857819445574,2.0,3.0,4.0,0.43134196879835224,,,1.217739339788525,,,
27.04,4.0,usv1|usv2|usv3|usv4,xy:held_margin,18.748468170994883,46.15854976295288,2.0,3.0,4.0,0.43110623488930405,,,1.2179895347765477,,,
27.05,4.0,usv1|usv2|usv3|usv4,xy:held_margin,18.749426819549463,46.16062880188881,2.0,3.0,4.0,0.41684898197114095,,,1.2176757113103172,,,
27.060000000000002,4.0,usv1|usv2|usv3|usv4,xy:held_margin,18.74973293813206,46.161337861327894,2.0,3.0,4.0,0.41657072719388716,,,1.2179238892546593,,,
27.07,4.0,usv1|usv2|usv3|usv4,xy:held_margin,18.750038948711627,46.162009304243036,2.0,3.0,4.0,0.41627930924759915,,,1.2181728037145552,,,
27.080000000000002,4.0,usv1|usv2|usv3|usv4,xy:held_margin,18.750344851906075,46.16264368469238,2.0,3.0,4.0,0.4520272524506579,,,1.218422455999743,,,
27.09,4.0,usv1|usv2|usv3|usv4,xy:held_margin,18.749737772414054,46.161678031136596,2.0,3.0,4.0,0.4517615061542689,,,1.207764990072604,,,
27.1,4.0,usv1|usv2|usv3|usv4,xy:held_margin,18.75059169375048,46.16420357218435,2.0,3.0,4.0,0.47100549427389904,,,1.207466239492123,,,
27.11,4.0,usv1|usv2|usv3|usv4,xy:held_margin,18.75089895964081,46.16488159723777,2.0,3.0,4.0,0.47077598789346176,,,1.2077090057110327,,,
27.12,4.0,usv1|usv2|usv3|usv4,xy:held_margin,18.751206204111014,46.165539035053975,2.0,3.0,4.0,0.4705547055756427,,,1.2079525503733923,,,
27.13,4.0,usv1|usv2|usv3|usv4,xy:held_margin,18.75151349970623,46.16623798957395,2.0,3.0,4.0,0.4703398527140922,,,1.2081968749430365,,,
27.14,4.0,usv1|usv2|usv3|usv4,xy:held_margin,18.751820738599775,46.166883252703826,2.0,3.0,4.0,0.47011767472022037,,,1.2084419809154057,,,
27.150000000000002,4.0,usv1|usv2|usv3|usv4,xy:held_margin,18.752647869933856,46.16904294220302,2.0,3.0,4.0,0.4749502873590235,,,1.2081431568780996,,,
27.16,4.0,usv1|usv2|usv3|usv4,xy:held_margin,18.75295811236909,46.16971053936872,2.0,3.0,4.0,0.4747390606491064,,,1.2083864065563201,,,
27.17,4.0,usv1|usv2|usv3|usv4,xy:held_margin,18.753268369685312,46.170394057279964,2.0,3.0,4.0,0.47453038975874734,,,1.2086304322640957,,,
27.18,4.0,usv1|usv2|usv3|usv4,xy:held_margin,18.753578571746772,46.17103671251322,2.0,3.0,4.0,0.4743185759782664,,,1.2088752354528385,,,
27.19,4.0,usv1|usv2|usv3|usv4,xy:held_margin,18.75388893661247,46.171789895976254,2.0,3.0,4.0,0.47410790858536267,,,1.209120817601054,,,
27.2,4.0,usv1|usv2|usv3|usv4,xy:held_margin,18.754241081089084,46.17244767158116,2.0,3.0,4.0,0.46462119517570566,,,1.2088218569117035,,,
27.21,4.0,usv1|usv2|usv3|usv4,xy:held_margin,18.754551615935647,46.17309924999986,2.0,3.0,4.0,0.46437683084674336,,,1.2090655758557964,,,
27.22,4.0,usv1|usv2|usv3|usv4,xy:held_margin,18.75486226356666,46.17381899429813,2.0,3.0,4.0,0.46414506406254347,,,1.2093100684229694,,,
27.23,4.0,usv1|usv2|usv3|usv4,xy:held_margin,18.755172707630198,46.17440842440895,2.0,3.0,4.0,0.4638839538261701,,,1.2095553359218882,,,
27.240000000000002,4.0,usv1|usv2|usv3|usv4,xy:held_margin,18.755483507426764,46.175219438639594,2.0,3.0,4.0,0.463667031308387,,,1.209801380032858,,,
27.25,4.0,usv1|usv2|usv3|usv4,xy:held_margin,18.75620751867573,46.17691945378235,2.0,3.0,4.0,0.4625023454768055,,,1.209501266956252,,,
27.26,4.0,usv1|usv2|usv3|usv4,xy:held_margin,18.756520632749393,46.177710322014306,2.0,3.0,4.0,0.4622844523890982,,,1.2097454355836208,,,
27.27,4.0,usv1|usv2|usv3|usv4,xy:held_margin,18.75683368716895,46.17846675880217,2.0,3.0,4.0,0.4620552208955351,,,1.2099903752786347,,,
27.28,4.0,usv1|usv2|usv3|usv4,xy:held_margin,18.757146796151726,46.17925216211089,2.0,3.0,4.0,0.4618548654721828,,,1.2102360875338798,,,
27.29,4.0,usv1|usv2|usv3|usv4,xy:held_margin,18.75745975057455,46.17995050189158,2.0,3.0,4.0,0.4616188740810268,,,1.2104825736260598,,,
27.3,4.0,usv1|usv2|usv3|usv4,xy:held_margin,18.758133278256324,46.18172414173342,2.0,3.0,4.0,0.4671694400450761,,,1.2101813683159743,,,
27.310000000000002,4.0,usv1|usv2|usv3|usv4,xy:held_margin,18.758447927925708,46.18226381680783,2.0,3.0,4.0,0.46687308521712595,,,1.2104259668005963,,,
27.32,4.0,usv1|usv2|usv3|usv4,xy:held_margin,18.758762871279295,46.18295850557898,2.0,3.0,4.0,0.46665458831172185,,,1.2106713340556687,,,
27.330000000000002,4.0,usv1|usv2|usv3|usv4,xy:held_margin,18.759077838821575,46.18366753009859,2.0,3.0,4.0,0.4664419004675756,,,1.2109174713191198,,,
27.34,4.0,usv1|usv2|usv3|usv4,xy:held_margin,18.75939273158711,46.184338731110124,2.0,3.0,4.0,0.4662172099173841,,,1.211164379915754,,,
27.35,4.0,usv1|usv2|usv3|usv4,xy:held_margin,18.76007447972269,46.18644461085975,2.0,3.0,4.0,0.48932899408931807,,,1.2108615820301118,,,
27.36,4.0,usv1|usv2|usv3|usv4,xy:held_margin,18.760391283541974,46.18711540640639,2.0,3.0,4.0,0.48918354857610236,,,1.2111065889548334,,,
27.37,4.0,usv1|usv2|usv3|usv4,xy:held_margin,18.76070814918829,46.187814991081645,2.0,3.0,4.0,0.4890477122098621,,,1.2113523619605064,,,
27.38,4.0,usv1|usv2|usv3|usv4,xy:held_margin,18.761025059651974,46.18853495609537,2.0,3.0,4.0,0.48891874519882317,,,1.2115989024284444,,,
27.39,4.0,usv1|usv2|usv3|usv4,xy:held_margin,18.76134205652064,46.189293659883795,2.0,3.0,4.0,0.4887949828303557,,,1.2118462117855888,,,
27.400000000000002,4.0,usv1|usv2|usv3|usv4,xy:held_margin,18.761932154175383,46.19046765549361,2.0,3.0,4.0,0.48023748898766494,,,1.2115440385507663,,,
27.41,4.0,usv1|usv2|usv3|usv4,xy:held_margin,18.76225053624113,46.19114733721442,2.0,3.0,4.0,0.48007401779261805,,,1.2117894445054853,,,
27.42,4.0,usv1|usv2|usv3|usv4,xy:held_margin,18.76256897950062,46.19185277128998,2.0,3.0,4.0,0.4799190136524366,,,1.2120356139815918,,,
27.43,4.0,usv1|usv2|usv3|usv4,xy:held_margin,18.76288736247657,46.192528109488656,2.0,3.0,4.0,0.47974883885376773,,,1.2122825482502062,,,
27.44,4.0,usv1|usv2|usv3|usv4,xy:held_margin,18.763205827195176,46.19323623063799,2.0,3.0,4.0,0.47959683729502506,,,1.2125302488217256,,,
27.45,4.0,usv1|usv2|usv3|usv4,xy:held_margin,18.763573036372843,46.194422388843535,2.0,3.0,4.0,0.49846870547291516,,,1.212225953776319,,,
27.46,4.0,usv1|usv2|usv3|usv4,xy:held_margin,18.763891659670367,46.19513407461125,2.0,3.0,4.0,0.4983819471367038,,,1.212471734311994,,,
27.47,4.0,usv1|usv2|usv3|usv4,xy:held_margin,18.7642103034506,46.195853313584315,2.0,3.0,4.0,0.498289393265086,,,1.2127182757510273,,,
27.48,4.0,usv1|usv2|usv3|usv4,xy:held_margin,18.764528920794024,46.19655818925116,2.0,3.0,4.0,0.498203778813541,,,1.212965579415402,,,
27.490000000000002,4.0,usv1|usv2|usv3|usv4,xy:held_margin,18.764847467494864,46.19723133977771,2.0,3.0,4.0,0.49811311127781505,,,1.2132136466268102,,,
27.5,4.0,usv1|usv2|usv3|usv4,xy:held_margin,18.765553363855854,46.197903508292086,2.0,3.0,4.0,0.4479783329374404,,,1.212911579839238,,,
27.51,4.0,usv1|usv2|usv3|usv4,xy:held_margin,18.765874427787686,46.19863220256766,2.0,3.0,4.0,0.4477355525550389,,,1.213157734362787,,,
27.52,4.0,usv1|usv2|usv3|usv4,xy:held_margin,18.76619557416744,46.19939319271117,2.0,3.0,4.0,0.4475102186177089,,,1.2134046472909403,,,
27.53,4.0,usv1|usv2|usv3|usv4,xy:held_margin,18.76651650116679,46.20006627315344,2.0,3.0,4.0,0.4472677148725415,,,1.2136523196476374,,,
27.54,4.0,usv1|usv2|usv3|usv4,xy:held_margin,18.76683754006268,46.200782422769244,2.0,3.0,4.0,0.4470359732998981,,,1.2139007531443209,,,
27.55,4.0,usv1|usv2|usv3|usv4,xy:held_margin,18.767203291711148,46.201701310647955,2.0,3.0,4.0,0.45440446240051025,,,1.2135953040142544,,,
27.560000000000002,4.0,usv1|usv2|usv3|usv4,xy:held_margin,18.767524450570438,46.20239007654414,2.0,3.0,4.0,0.45419763785076117,,,1.2138418017681878,,,
27.57,4.0,usv1|usv2|usv3|usv4,xy:held_margin,18.767845653693684,46.2030971288302,2.0,3.0,4.0,0.4539947001248221,,,1.214089055280513,,,
27.580000000000002,4.0,usv1|usv2|usv3|usv4,xy:held_margin,18.768166811445646,46.203789108506996,2.0,3.0,4.0,0.45379200155389643,,,1.2143370658018475,,,
27.59,4.0,usv1|usv2|usv3|usv4,xy:held_margin,18.7684880374664,46.20450787216985,2.0,3.0,4.0,0.4535848137262202,,,1.214585834806298,,,
27.6,4.0,usv1|usv2|usv3|usv4,xy:held_margin,18.768763469022616,46.20544310809065,2.0,3.0,4.0,0.4639527748799128,,,1.2142794067271128,,,
27.61,4.0,usv1|usv2|usv3|usv4,xy:held_margin,18.769084261727688,46.20611247933245,2.0,3.0,4.0,0.46377983301582554,,,1.2145262304168754,,,
27.62,4.0,usv1|usv2|usv3|usv4,xy:held_margin,18.769404911226868,46.20673031417153,2.0,3.0,4.0,0.4635963470738302,,,1.2147738070392249,,,
27.63,4.0,usv1|usv2|usv3|usv4,xy:held_margin,18.769725811561884,46.20744140278826,2.0,3.0,4.0,0.4634353667996835,,,1.2150221384020485,,,
27.64,4.0,usv1|usv2|usv3|usv4,xy:held_margin,18.770046701592396,46.20814932406764,2.0,3.0,4.0,0.46327539607735485,,,1.215271225534787,,,
27.650000000000002,4.0,usv1|usv2|usv3|usv4,xy:held_margin,18.770881373671475,46.20968998219617,2.0,3.0,4.0,0.44121675421146384,,,1.214965342891005,,,
27.66,4.0,usv1|usv2|usv3|usv4,xy:held_margin,18.77120489304348,46.21032866480281,2.0,3.0,4.0,0.4409966920540419,,,1.2152124832484186,,,
27.67,4.0,usv1|usv2|usv3|usv4,xy:held_margin,18.77152853070234,46.21100937268073,2.0,3.0,4.0,0.44078891889972316,,,1.215460374244386,,,
27.68,4.0,usv1|usv2|usv3|usv4,xy:held_margin,18.771851852684765,46.21157671595947,2.0,3.0,4.0,0.44060735669633655,,,1.2157090166755817,,,
27.69,4.0,usv1|usv2|usv3|usv4,xy:held_margin,18.772175283611766,46.212185032192586,2.0,3.0,4.0,0.4404369558484502,,,1.2159584123988902,,,
27.7,4.0,usv1|usv2|usv3|usv4,xy:held_margin,18.772468365561608,46.21223994589794,2.0,3.0,4.0,0.409073853141475,,,1.2156516638218922,,,
27.71,4.0,usv1|usv2|usv3|usv4,xy:held_margin,18.772792155222245,46.21297703111971,2.0,3.0,4.0,0.4087637277843025,,,1.2158991041371847,,,
27.72,4.0,usv1|usv2|usv3|usv4,xy:held_margin,18.773115985611575,46.2137287463001,2.0,3.0,4.0,0.4084512445300696,,,1.2161472924056844,,,
27.73,4.0,usv1|usv2|usv3|usv4,xy:held_margin,18.773439620142398,46.214410372506514,2.0,3.0,4.0,0.4081651984521832,,,1.2163962296379704,,,
27.740000000000002,4.0,usv1|usv2|usv3|usv4,xy:held_margin,18.773763348667583,46.21512445230062,2.0,3.0,4.0,0.40786215518461916,,,1.216645917521189,,,
27.75,4.0,usv1|usv2|usv3|usv4,xy:held_margin,18.774068516105267,46.21638887530844,2.0,3.0,4.0,0.43294325262026434,,,1.216336519521155,,,
27.76,4.0,usv1|usv2|usv3|usv4,xy:held_margin,18.77439189471988,46.21705805690581,2.0,3.0,4.0,0.4327413274482069,,,1.2165842351959972,,,
27.77,4.0,usv1|usv2|usv3|usv4,xy:held_margin,18.774715537076517,46.217816708142735,2.0,3.0,4.0,0.4325184154026923,,,1.2168326965049778,,,
27.78,4.0,usv1|usv2|usv3|usv4,xy:held_margin,18.775039205996798,46.21858310698915,2.0,3.0,4.0,0.43229081188061774,,,1.2170819044552992,,,
27.79,4.0,usv1|usv2|usv3|usv4,xy:held_margin,18.775362739203796,46.21930137364303,2.0,3.0,4.0,0.4320821536221421,,,1.2173318601422616,,,
27.8,4.0,usv1|usv2|usv3|usv4,xy:held_margin,18.775366730405633,46.219283917876695,2.0,3.0,4.0,0.4317335116225609,,,1.2170222986584924,,,
27.810000000000002,4.0,usv1|usv2|usv3|usv4,xy:held_margin,18.77568864473452,46.2200097004004,2.0,3.0,4.0,0.43151658654810726,,,1.2172702772091055,,,
27.82,4.0,usv1|usv2|usv3|usv4,xy:held_margin,18.77601033044939,46.22065714297887,2.0,3.0,4.0,0.43130168147146086,,,1.2175189981623744,,,
27.830000000000002,4.0,usv1|usv2|usv3|usv4,xy:held_margin,18.77633230520627,46.221402654339705,2.0,3.0,4.0,0.43108469495982993,,,1.21776846351121,,,
27.84,4.0,usv1|usv2|usv3|usv4,xy:held_margin,18.7766543555918,46.22217328562641,2.0,3.0,4.0,0.4308693293609576,,,1.218018674274255,,,
27.85,4.0,usv1|usv2|usv3|usv4,xy:held_margin,18.777281009540864,46.22325471633295,2.0,3.0,4.0,0.4148785450458365,,,1.2177089371481546,,,
27.86,4.0,usv1|usv2|usv3|usv4,xy:held_margin,18.777604857536566,46.22407999575328,2.0,3.0,4.0,0.41461879331326346,,,1.2179571666057218,,,
27.87,4.0,usv1|usv2|usv3|usv4,xy:held_margin,18.77792821812016,46.224740902327255,2.0,3.0,4.0,0.41437702186763714,,,1.2182061355323428,,,
27.88,4.0,usv1|usv2|usv3|usv4,xy:held_margin,18.778251648561245,46.22542412068375,2.0,3.0,4.0,0.4141383816919725,,,1.2184558459656347,,,
27.89,4.0,usv1|usv2|usv3|usv4,xy:held_margin,18.778575124326192,46.22611920526637,2.0,3.0,4.0,0.41390144078639524,,,1.2187062991578101,,,
27.900000000000002,4.0,usv1|usv2|usv3|usv4,xy:held_margin,18.778435458628103,46.22566663984522,2.0,3.0,4.0,0.40520174870988457,,,1.2183951596428537,,,
27.91,4.0,usv1|usv2|usv3|usv4,xy:held_margin,18.778756718302546,46.226387235580354,2.0,3.0,4.0,0.4049238089120051,,,1.2186436209001728,,,
27.92,4.0,usv1|usv2|usv3|usv4,xy:held_margin,18.779077888485535,46.22707796863984,2.0,3.0,4.0,0.40464545968212223,,,1.218892819591269,,,
27.93,4.0,usv1|usv2|usv3|usv4,xy:held_margin,18.779399354361953,46.22786600156342,2.0,3.0,4.0,0.40437840955760607,,,1.2191427575277576,,,
27.94,4.0,usv1|usv2|usv3|usv4,xy:held_margin,18.779720481980686,46.22854074383581,2.0,3.0,4.0,0.4040925364147203,,,1.2193934351281717,,,
27.95,4.0,usv1|usv2|usv3|usv4,xy:held_margin,18.780192822441585,46.22913557649762,2.0,3.0,4.0,0.38308671194697225,,,1.2190819209940351,,,
27.96,4.0,usv1|usv2|usv3|usv4,xy:held_margin,18.780515003450407,46.229879231969385,2.0,3.0,4.0,0.3827598341613056,,,1.2193306018049739,,,
27.97,4.0,usv1|usv2|usv3|usv4,xy:held_margin,18.780837371015433,46.230685719716874,2.0,3.0,4.0,0.3824455615844663,,,1.219580017874812,,,
27.98,4.0,usv1|usv2|usv3|usv4,xy:held_margin,18.781159511136014,46.231417060982,2.0,3.0,4.0,0.3941863651216648,,,1.2198301699122371,,,
27.990000000000002,4.0,usv1|usv2|usv3|usv4,xy:held_margin,18.779357686782372,46.227049223999614,2.0,3.0,4.0,0.39376930408208083,,,1.2166589888519328,,,
28.0,4.0,usv1|usv2|usv3|usv4,xy:held_margin,18.779876520339336,46.22820073086195,2.0,3.0,4.0,0.38799084521315785,,,1.2163608944976037,,,
28.01,4.0,usv1|usv2|usv3|usv4,xy:held_margin,18.78019583634127,46.228973941208835,2.0,3.0,4.0,0.387584033916062,,,1.216604274034446,,,
28.02,4.0,usv1|usv2|usv3|usv4,xy:held_margin,18.780515092773904,46.22968305835488,2.0,3.0,4.0,0.3871466960320394,,,1.216848432040791,,,
28.03,4.0,usv1|usv2|usv3|usv4,xy:held_margin,18.780834358863938,46.23039932199618,2.0,3.0,4.0,0.38672273657245737,,,1.2170933701393742,,,
28.04,4.0,usv1|usv2|usv3|usv4,xy:held_margin,18.78115357891359,46.2310706418465,2.0,3.0,4.0,0.38628093195114943,,,1.2173390896826641,,,
28.05,4.0,usv1|usv2|usv3|usv4,xy:held_margin,18.781859745673284,46.233458478576736,2.0,3.0,4.0,0.4245247113221947,,,1.2170376597901567,,,
28.060000000000002,4.0,usv1|usv2|usv3|usv4,xy:held_margin,18.78218091020196,46.23409102586854,2.0,3.0,4.0,0.42420444530374907,,,1.217281507707218,,,
28.07,4.0,usv1|usv2|usv3|usv4,xy:held_margin,18.782502156395875,46.23479333430811,2.0,3.0,4.0,0.4239121918960311,,,1.2175261319438329,,,
28.080000000000002,4.0,usv1|usv2|usv3|usv4,xy:held_margin,18.782823368413197,46.23547002881299,2.0,3.0,4.0,0.4236172493459415,,,1.2177715337434885,,,
28.09,4.0,usv1|usv2|usv3|usv4,xy:held_margin,18.783144569818386,46.23614169184238,2.0,3.0,4.0,0.42332471623534357,,,1.2180177146020938,,,
28.1,4.0,usv1|usv2|usv3|usv4,xy:held_margin,18.7832584595585,46.2361766825146,2.0,3.0,4.0,0.41793994970363996,,,1.2177179957080413,,,
28.11,4.0,usv1|usv2|usv3|usv4,xy:held_margin,18.78357864706093,46.23694837660109,2.0,3.0,4.0,0.41763998493338417,,,1.217962302783405,,,
28.12,4.0,usv1|usv2|usv3|usv4,xy:held_margin,18.783898739722385,46.23765016424973,2.0,3.0,4.0,0.41733551604841473,,,1.218207383389549,,,
28.13,4.0,usv1|usv2|usv3|usv4,xy:held_margin,18.784218888750335,46.238388430363585,2.0,3.0,4.0,0.4170375275462885,,,1.2184532392226581,,,
28.14,4.0,usv1|usv2|usv3|usv4,xy:held_margin,18.78453899453381,46.239096384754184,2.0,3.0,4.0,0.41672872524490545,,,1.2186998715405355,,,
28.150000000000002,4.0,usv1|usv2|usv3|usv4,xy:held_margin,18.78495693551825,46.2403373157783,2.0,3.0,4.0,0.43076354544085926,,,1.218398249720294,,,
28.16,4.0,usv1|usv2|usv3|usv4,xy:held_margin,18.785277411997885,46.24098421988368,2.0,3.0,4.0,0.430506014429243,,,1.2186429943523909,,,
28.17,4.0,usv1|usv2|usv3|usv4,xy:held_margin,18.78559787917113,46.24162636613664,2.0,3.0,4.0,0.43025462810034226,,,1.218888510160272,,,
28.18,4.0,usv1|usv2|usv3|usv4,xy:held_margin,18.785918580154025,46.2424071857762,2.0,3.0,4.0,0.4300037915147327,,,1.2191347989595025,,,
28.19,4.0,usv1|usv2|usv3|usv4,xy:held_margin,18.7862392752711,46.243178390593705,2.0,3.0,4.0,0.42976729135850716,,,1.2193818617771062,,,
28.2,4.0,usv1|usv2|usv3|usv4,xy:held_margin,18.78637841466586,46.24297173579048,2.0,3.0,4.0,0.4082481759801829,,,1.2190814548613345,,,
28.21,4.0,usv1|usv2|usv3|usv4,xy:held_margin,18.786698311148104,46.24378214574354,2.0,3.0,4.0,0.4079467179661516,,,1.2193266265724125,,,
28.22,4.0,usv1|usv2|usv3|usv4,xy:held_margin,18.787017947323978,46.244446643429406,2.0,3.0,4.0,0.407624333647412,,,1.2195725665326274,,,
28.23,4.0,usv1|usv2|usv3|usv4,xy:held_margin,18.787337623518386,46.24513041619769,2.0,3.0,4.0,0.40730875679795364,,,1.2198192766191183,,,
28.240000000000002,4.0,usv1|usv2|usv3|usv4,xy:held_margin,18.78765729781101,46.24581197439205,2.0,3.0,4.0,0.40699485176924133,,,1.2200667581663318,,,
28.25,4.0,usv1|usv2|usv3|usv4,xy:held_margin,18.78793754063213,46.24724050587726,2.0,3.0,4.0,0.45029349590278467,,,1.2197617669166618,,,
28.26,4.0,usv1|usv2|usv3|usv4,xy:held_margin,18.788256804037385,46.247955417548745,2.0,3.0,4.0,0.45012457753899504,,,1.2200073352619585,,,
28.27,4.0,usv1|usv2|usv3|usv4,xy:held_margin,18.788575952822203,46.248616261434776,2.0,3.0,4.0,0.4499519678793316,,,1.2202536695573876,,,
28.28,4.0,usv1|usv2|usv3|usv4,xy:held_margin,18.788895092937157,46.24927673639049,2.0,3.0,4.0,0.44978308792392285,,,1.2205007713542635,,,
28.29,4.0,usv1|usv2|usv3|usv4,xy:held_margin,18.78921415627192,46.249902854501585,2.0,3.0,4.0,0.4496123801964924,,,1.220748641937199,,,
28.3,4.0,usv1|usv2|usv3|usv4,xy:held_margin,18.789907798701538,46.2512438288913,2.0,3.0,4.0,0.4391663966127821,,,1.2204461327605802,,,
28.310000000000002,4.0,usv1|usv2|usv3|usv4,xy:held_margin,18.79022897522335,46.25186904075156,2.0,3.0,4.0,0.4390025213732,,,1.2206920923216504,,,
28.32,4.0,usv1|usv2|usv3|usv4,xy:held_margin,18.7905503944626,46.252608001994346,2.0,3.0,4.0,0.43880932909919323,,,1.2209388157646361,,,
28.330000000000002,4.0,usv1|usv2|usv3|usv4,xy:held_margin,18.790871730123023,46.253308848630276,2.0,3.0,4.0,0.4386213618474941,,,1.2211863040014088,,,
28.34,4.0,usv1|usv2|usv3|usv4,xy:held_margin,18.791193211894672,46.254072496247204,2.0,3.0,4.0,0.43842602075747866,,,1.2214345587219202,,,
28.35,4.0,usv1|usv2|usv3|usv4,xy:held_margin,18.790786874085146,46.25330031136827,2.0,3.0,4.0,0.4615621262511252,,,1.2211288950647645,,,
28.36,4.0,usv1|usv2|usv3|usv4,xy:held_margin,18.791104192199754,46.25402940705075,2.0,3.0,4.0,0.46143047326322156,,,1.2213752194774177,,,
28.37,4.0,usv1|usv2|usv3|usv4,xy:held_margin,18.791421536247288,46.25476420653322,2.0,3.0,4.0,0.4612913032363384,,,1.2216223048428696,,,
28.38,4.0,usv1|usv2|usv3|usv4,xy:held_margin,18.79173887959204,46.25549781588852,2.0,3.0,4.0,0.4611629733481274,,,1.221870152508853,,,
28.39,4.0,usv1|usv2|usv3|usv4,xy:held_margin,18.79205610513482,46.25618160904213,2.0,3.0,4.0,0.4610493123829928,,,1.222118763679338,,,
28.400000000000002,4.0,usv1|usv2|usv3|usv4,xy:held_margin,18.793501173449595,46.26061805484992,2.0,3.0,4.0,0.5101552940623755,,,1.2218111491539434,,,
28.41,4.0,usv1|usv2|usv3|usv4,xy:held_margin,18.793824320945184,46.26134209411623,2.0,3.0,4.0,0.5102078288212749,,,1.2220578215212416,,,
28.42,4.0,usv1|usv2|usv3|usv4,xy:held_margin,18.794147312957787,46.262000302820766,2.0,3.0,4.0,0.5102888596320163,,,1.222305252035952,,,
28.43,4.0,usv1|usv2|usv3|usv4,xy:held_margin,18.79447067247136,46.26280814489076,2.0,3.0,4.0,0.5103268982861354,,,1.2225534427686318,,,
28.44,4.0,usv1|usv2|usv3|usv4,xy:held_margin,18.794793682980778,46.263474747891046,2.0,3.0,4.0,0.5104066323281004,,,1.2228023940918247,,,
28.45,4.0,usv1|usv2|usv3|usv4,xy:held_margin,18.795116038975873,46.264451910695584,2.0,3.0,4.0,0.52665875807869,,,1.2224956363064277,,,
28.46,4.0,usv1|usv2|usv3|usv4,xy:held_margin,18.795439106134747,46.26518005333726,2.0,3.0,4.0,0.526773174534547,,,1.2227426432045634,,,
28.47,4.0,usv1|usv2|usv3|usv4,xy:held_margin,18.795761873651387,46.26579125895654,2.0,3.0,4.0,0.5269348114136573,,,1.2229904054467253,,,
28.48,4.0,usv1|usv2|usv3|usv4,xy:held_margin,18.796084922870854,46.26651085150995,2.0,3.0,4.0,0.5270552484970447,,,1.2232389251569868,,,
28.490000000000002,4.0,usv1|usv2|usv3|usv4,xy:held_margin,18.79640832626048,46.26736529425772,2.0,3.0,4.0,0.5271188540430399,,,1.2234882037725425,,,
28.5,4.0,usv1|usv2|usv3|usv4,xy:held_margin,18.7964906393207,46.267176675964954,2.0,3.0,4.0,0.5097818919131882,,,1.223182707628438,,,
28.51,4.0,usv1|usv2|usv3|usv4,xy:held_margin,18.796812542445814,46.26791269248898,2.0,3.0,4.0,0.5098425040440852,,,1.223430038669693,,,
28.52,4.0,usv1|usv2|usv3|usv4,xy:held_margin,18.797134196522105,46.26855259582567,2.0,3.0,4.0,0.5099345655571988,,,1.2236781224908508,,,
28.53,4.0,usv1|usv2|usv3|usv4,xy:held_margin,18.79745648563821,46.26943073272809,2.0,3.0,4.0,0.5099529153609106,,,1.2239269616260562,,,
28.54,4.0,usv1|usv2|usv3|usv4,xy:held_margin,18.797778323604327,46.27014083725313,2.0,3.0,4.0,0.510024975903,,,1.2241765559518112,,,
28.55,4.0,usv1|usv2|usv3|usv4,xy:held_margin,18.79801286960598,46.270680887346366,2.0,3.0,4.0,0.516549680979472,,,1.2238687182833585,,,
28.560000000000002,4.0,usv1|usv2|usv3|usv4,xy:held_margin,18.798334302005866,46.27142192125247,2.0,3.0,4.0,0.516633772029976,,,1.2241163527049836,,,
28.57,4.0,usv1|usv2|usv3|usv4,xy:held_margin,18.798655625786374,46.27212262853338,2.0,3.0,4.0,0.516722944105589,,,1.224364737498465,,,
28.580000000000002,4.0,usv1|usv2|usv3|usv4,xy:held_margin,18.798976867096922,46.27279321285895,2.0,3.0,4.0,0.5168296438000817,,,1.2246138740270391,,,
28.59,4.0,usv1|usv2|usv3|usv4,xy:held_margin,18.79929835871382,46.2735528678162,2.0,3.0,4.0,0.5169118523926851,,,1.2248637640363396,,,
28.6,4.0,usv1|usv2|usv3|usv4,xy:held_margin,18.79928919292944,46.273510413247024,2.0,3.0,4.0,0.5191739213505703,,,1.2245552517761653,,,
28.61,4.0,usv1|usv2|usv3|usv4,xy:held_margin,18.799608856159615,46.27423318616628,2.0,3.0,4.0,0.5192602017311558,,,1.2248031734569644,,,
28.62,4.0,usv1|usv2|usv3|usv4,xy:held_margin,18.79992821503416,46.274847899708774,2.0,3.0,4.0,0.5193856212926026,,,1.2250518426444237,,,
28.63,4.0,usv1|usv2|usv3|usv4,xy:held_margin,18.80024799034863,46.27560981621285,2.0,3.0,4.0,0.5194684287808503,,,1.225301261589607,,,
28.64,4.0,usv1|usv2|usv3|usv4,xy:held_margin,18.80056736704469,46.27622717677059,2.0,3.0,4.0,0.5196000693359851,,,1.225551430521779,,,
28.650000000000002,4.0,usv1|usv2|usv3|usv4,xy:held_margin,18.800094101219177,46.27442691058692,2.0,3.0,4.0,0.49208841063587094,,,1.225243661554479,,,
28.66,4.0,usv1|usv2|usv3|usv4,xy:held_margin,18.80040980154892,46.27514338952496,2.0,3.0,4.0,0.49208370203115087,,,1.2254918580668028,,,
28.67,4.0,usv1|usv2|usv3|usv4,xy:held_margin,18.80072553553389,46.27587140973976,2.0,3.0,4.0,0.4920761496219998,,,1.225740799892115,,,
28.68,4.0,usv1|usv2|usv3|usv4,xy:held_margin,18.80104124218272,46.27658926923343,2.0,3.0,4.0,0.49207408474224595,,,1.2259904882615245,,,
28.69,4.0,usv1|usv2|usv3|usv4,xy:held_margin,18.801356678899154,46.27721147197763,2.0,3.0,4.0,0.49210237186497713,,,1.2262409241596801,,,
28.7,4.0,usv1|usv2|usv3|usv4,xy:held_margin,18.80151215328611,46.277394568796254,2.0,3.0,4.0,0.48591603701592745,,,1.2259312164853178,,,
28.71,4.0,usv1|usv2|usv3|usv4,xy:held_margin,18.801826798151755,46.27801146061988,2.0,3.0,4.0,0.4859401891773975,,,1.2261796698736775,,,
28.72,4.0,usv1|usv2|usv3|usv4,xy:held_margin,18.80214161948565,46.27868906453929,2.0,3.0,4.0,0.48593704563522516,,,1.2264288661799896,,,
28.73,4.0,usv1|usv2|usv3|usv4,xy:held_margin,18.802456594123107,46.27942115185492,2.0,3.0,4.0,0.48589807514675887,,,1.2266788066911538,,,
28.740000000000002,4.0,usv1|usv2|usv3|usv4,xy:held_margin,18.80277146404397,46.28011920135432,2.0,3.0,4.0,0.48588546405520494,,,1.226929492350055,,,
28.75,4.0,usv1|usv2|usv3|usv4,xy:held_margin,18.802640294308077,46.280103864708764,2.0,3.0,4.0,0.5034187834825533,,,1.226617539150136,,,
28.76,4.0,usv1|usv2|usv3|usv4,xy:held_margin,18.80295286330372,46.28081546046727,2.0,3.0,4.0,0.5034471815919047,,,1.2268662307868952,,,
28.77,4.0,usv1|usv2|usv3|usv4,xy:held_margin,18.803265611374304,46.2815884141916,2.0,3.0,4.0,0.5034464776694394,,,1.2271156627693118,,,
28.78,4.0,usv1|usv2|usv3|usv4,xy:held_margin,18.803578220256593,46.28231608431411,2.0,3.0,4.0,0.5034729101858971,,,1.227365835983304,,,
28.79,4.0,usv1|usv2|usv3|usv4,xy:held_margin,18.80389101176431,46.28310563832059,2.0,3.0,4.0,0.5034871835168307,,,1.2276167521393875,,,
28.8,4.0,usv1|usv2|usv3|usv4,xy:held_margin,18.804173691823074,46.28393471394392,2.0,3.0,4.0,0.521635280720115,,,1.2273040556128947,,,
28.810000000000002,4.0,usv1|usv2|usv3|usv4,xy:held_margin,18.804485726343817,46.28454657706617,2.0,3.0,4.0,0.5217526565455999,,,1.2275529708456325,,,
28.82,4.0,usv1|usv2|usv3|usv4,xy:held_margin,18.804798080911638,46.285266080821465,2.0,3.0,4.0,0.5218376628498622,,,1.2278026240254314,,,
28.830000000000002,4.0,usv1|usv2|usv3|usv4,xy:held_margin,18.80511055779296,46.286025901780825,2.0,3.0,4.0,0.521910457955263,,,1.228053016176448,,,
28.84,4.0,usv1|usv2|usv3|usv4,xy:held_margin,18.805422883593245,46.28673359579947,2.0,3.0,4.0,0.5219954915809185,,,1.2283041482139352,,,
28.85,4.0,usv1|usv2|usv3|usv4,xy:held_margin,18.806079093898532,46.28835406338555,2.0,3.0,4.0,0.5286306606017976,,,1.2279913830062448,,,
28.86,4.0,usv1|usv2|usv3|usv4,xy:held_margin,18.806393062959508,46.2890453026697,2.0,3.0,4.0,0.5287566737116569,,,1.228240510401991,,,
28.87,4.0,usv1|usv2|usv3|usv4,xy:held_margin,18.806706745628343,46.28964401387525,2.0,3.0,4.0,0.528922296180993,,,1.2284903723837548,,,
28.88,4.0,usv1|usv2|usv3|usv4,xy:held_margin,18.80702055212789,46.29028662219904,2.0,3.0,4.0,0.4956593552279303,,,1.2287409707839665,,,
28.89,4.0,usv1|usv2|usv3|usv4,xy:held_margin,18.805178559113294,46.28485488817969,2.0,3.0,4.0,0.4957656783962473,,,1.2220805961355696,,,
28.900000000000002,4.0,usv1|usv2|usv3|usv4,xy:held_margin,18.805033124643007,46.284335571205304,2.0,3.0,4.0,0.4925459863004393,,,1.2217859451839876,,,
28.91,4.0,usv1|usv2|usv3|usv4,xy:held_margin,18.805340842433214,46.28509414804261,2.0,3.0,4.0,0.49255469969709953,,,1.222028487900603,,,
28.92,4.0,usv1|usv2|usv3|usv4,xy:held_margin,18.80564841590588,46.285824439550325,2.0,3.0,4.0,0.49257345778257683,,,1.2222718083156114,,,
28.93,4.0,usv1|usv2|usv3|usv4,xy:held_margin,18.805956113306515,46.28658181109643,2.0,3.0,4.0,0.49259378048024743,,,1.2225159086263533,,,
28.94,4.0,usv1|usv2|usv3|usv4,xy:held_margin,18.80626327909067,46.28723066634945,2.0,3.0,4.0,0.4926588396640406,,,1.2227607886096736,,,
28.95,4.0,usv1|usv2|usv3|usv4,xy:held_margin,18.80654165060099,46.28748885143268,2.0,3.0,4.0,0.4745749185805918,,,1.2224624567075801,,,
28.96,4.0,usv1|usv2|usv3|usv4,xy:held_margin,18.80684929698019,46.288250559269315,2.0,3.0,4.0,0.47453055634181224,,,1.2227054527427497,,,
28.97,4.0,usv1|usv2|usv3|usv4,xy:held_margin,18.807157078392688,46.28904238425001,2.0,3.0,4.0,0.474496461218311,,,1.222949224806219,,,
28.98,4.0,usv1|usv2|usv3|usv4,xy:held_margin,18.807464589453893,46.28977714857493,2.0,3.0,4.0,0.4744829660014908,,,1.2231937733245908,,,
28.990000000000002,4.0,usv1|usv2|usv3|usv4,xy:held_margin,18.807771943461763,46.290477792705026,2.0,3.0,4.0,0.47447673912160776,,,1.2234391000652045,,,
29.0,4.0,usv1|usv2|usv3|usv4,xy:held_margin,18.80733852460439,46.28912063768828,2.0,3.0,4.0,0.4673467153044961,,,1.223141013804119,,,
29.01,4.0,usv1|usv2|usv3|usv4,xy:held_margin,18.80764166813268,46.28982129832436,2.0,3.0,4.0,0.46731269945859527,,,1.2233844500708482,,,
29.02,4.0,usv1|usv2|usv3|usv4,xy:held_margin,18.807944807022945,46.290519956150604,2.0,3.0,4.0,0.46728019509046625,,,1.2236286595910606,,,
29.03,4.0,usv1|usv2|usv3|usv4,xy:held_margin,18.808247601092628,46.29114085652851,2.0,3.0,4.0,0.46725443300969893,,,1.2238736429980503,,,
29.04,4.0,usv1|usv2|usv3|usv4,xy:held_margin,18.80855046921396,46.29177840172754,2.0,3.0,4.0,0.46721942734008365,,,1.2241194027814037,,,
29.05,4.0,usv1|usv2|usv3|usv4,xy:held_margin,18.8089555547106,46.293267668181414,2.0,3.0,4.0,0.49797580434557115,,,1.223830659607843,,,
29.060000000000002,4.0,usv1|usv2|usv3|usv4,xy:held_margin,18.809258832656177,46.2939046250637,2.0,3.0,4.0,0.49805269995615686,,,1.2240745659191195,,,
29.07,4.0,usv1|usv2|usv3|usv4,xy:held_margin,18.809562241849292,46.294570093814286,2.0,3.0,4.0,0.49812382434567076,,,1.224319243348554,,,
29.080000000000002,4.0,usv1|usv2|usv3|usv4,xy:held_margin,18.80986550534424,46.295198952190134,2.0,3.0,4.0,0.49819556842696416,,,1.224564692673904,,,
29.09,4.0,usv1|usv2|usv3|usv4,xy:held_margin,18.81016888528134,46.295852505739504,2.0,3.0,4.0,0.4982710123378654,,,1.2248109159450928,,,
29.1,4.0,usv1|usv2|usv3|usv4,xy:held_margin,18.81076631831208,46.297118285181156,2.0,3.0,4.0,0.4886672175855732,,,1.2245121587172614,,,
29.11,4.0,usv1|usv2|usv3|usv4,xy:held_margin,18.811071709734797,46.29784239902179,2.0,3.0,4.0,0.48869700610993966,,,1.2247564783594325,,,
29.12,4.0,usv1|usv2|usv3|usv4,xy:held_margin,18.81137717263008,46.29858382023,2.0,3.0,4.0,0.48871754892078373,,,1.2250015664843374,,,
29.13,4.0,usv1|usv2|usv3|usv4,xy:held_margin,18.811682348849544,46.29925544000898,2.0,3.0,4.0,0.48876064236906147,,,1.2252474237125677,,,
29.14,4.0,usv1|usv2|usv3|usv4,xy:held_margin,18.811987647177016,46.299957520099085,2.0,3.0,4.0,0.4887996168931853,,,1.2254940523950355,,,
29.150000000000002,4.0,usv1|usv2|usv3|usv4,xy:held_margin,18.81197322370316,46.2996945670012,2.0,3.0,4.0,0.48475530693276736,,,1.2251945486271427,,,
29.16,4.0,usv1|usv2|usv3|usv4,xy:held_margin,18.812276616839807,46.30035943759195,2.0,3.0,4.0,0.48477507045407375,,,1.2254392635698599,,,
29.17,4.0,usv1|usv2|usv3|usv4,xy:held_margin,18.812580183054,46.30106863325836,2.0,3.0,4.0,0.48479720436593043,,,1.225684744760878,,,
29.18,4.0,usv1|usv2|usv3|usv4,xy:held_margin,18.812883469884664,46.30170737425331,2.0,3.0,4.0,0.4848312547702262,,,1.2259309926200903,,,
29.19,4.0,usv1|usv2|usv3|usv4,xy:held_margin,18.813186744113704,46.30234277369317,2.0,3.0,4.0,0.4848676132743889,,,1.2261780091382535,,,
29.2,4.0,usv1|usv2|usv3|usv4,xy:held_margin,18.813659262506388,46.303353815546174,2.0,3.0,4.0,0.48110233686643294,,,1.225878437531067,,,
29.21,4.0,usv1|usv2|usv3|usv4,xy:held_margin,18.81396370557209,46.304044820352644,2.0,3.0,4.0,0.4811177344551412,,,1.2261235360108282,,,
29.22,4.0,usv1|usv2|usv3|usv4,xy:held_margin,18.81426792098603,46.30467411836113,2.0,3.0,4.0,0.4811483825801236,,,1.2263693973387455,,,
29.23,4.0,usv1|usv2|usv3|usv4,xy:held_margin,18.814572727943812,46.305461242047436,2.0,3.0,4.0,0.481145037426066,,,1.2266160246296662,,,
29.240000000000002,4.0,usv1|usv2|usv3|usv4,xy:held_margin,18.814877191348803,46.30615548834916,2.0,3.0,4.0,0.4811536030342401,,,1.2268634172974877,,,
29.25,4.0,usv1|usv2|usv3|usv4,xy:held_margin,18.815489179170484,46.30822601169927,2.0,3.0,4.0,0.5149730420483134,,,1.2265719404613504,,,
29.26,4.0,usv1|usv2|usv3|usv4,xy:held_margin,18.81579538109128,46.30898322101123,2.0,3.0,4.0,0.5150937511448532,,,1.2268174452674871,,,
29.27,4.0,usv1|usv2|usv3|usv4,xy:held_margin,18.81610137964686,46.3096838773471,2.0,3.0,4.0,0.5152231733391915,,,1.2270637104532969,,,
29.28,4.0,usv1|usv2|usv3|usv4,xy:held_margin,18.816407438003175,46.310401413747314,2.0,3.0,4.0,0.5153440432170713,,,1.227310737935544,,,
29.29,4.0,usv1|usv2|usv3|usv4,xy:held_margin,18.816713240225013,46.311047650257166,2.0,3.0,4.0,0.515477487415993,,,1.2275585284829593,,,
29.3,4.0,usv1|usv2|usv3|usv4,xy:held_margin,18.816569646991162,46.31152821777213,2.0,3.0,4.0,0.5654384767426325,,,1.2272684992123868,,,
29.310000000000002,4.0,usv1|usv2|usv3|usv4,xy:held_margin,18.81687306991956,46.31226276340193,2.0,3.0,4.0,0.5657191851835274,,,1.2275144023715945,,,
29.32,4.0,usv1|usv2|usv3|usv4,xy:held_margin,18.817176578391805,46.313022981767816,2.0,3.0,4.0,0.5659955202930637,,,1.2277610639984784,,,
29.330000000000002,4.0,usv1|usv2|usv3|usv4,xy:held_margin,18.817479834302297,46.313708530268656,2.0,3.0,4.0,0.5662813199203117,,,1.2280084847523511,,,
29.34,4.0,usv1|usv2|usv3|usv4,xy:held_margin,18.817783363958462,46.31447364560996,2.0,3.0,4.0,0.5665751604718656,,,1.2282566669785084,,,
29.35,4.0,usv1|usv2|usv3|usv4,xy:held_margin,18.81767405762265,46.31392951058189,2.0,3.0,4.0,0.5590507286229416,,,1.2279524033608487,,,
29.36,4.0,usv1|usv2|usv3|usv4,xy:held_margin,18.81797522963836,46.31463785027813,2.0,3.0,4.0,0.5593063925538215,,,1.2281986313531243,,,
29.37,4.0,usv1|usv2|usv3|usv4,xy:held_margin,18.818276243548098,46.315299168640266,2.0,3.0,4.0,0.559565025934302,,,1.2284456147964662,,,
29.38,4.0,usv1|usv2|usv3|usv4,xy:held_margin,18.818577176995944,46.31593774816038,2.0,3.0,4.0,0.5598212217069723,,,1.2286933551960726,,,
29.39,4.0,usv1|usv2|usv3|usv4,xy:held_margin,18.818878197210346,46.31660543857724,2.0,3.0,4.0,0.5600816261711251,,,1.228941854157688,,,
29.400000000000002,4.0,usv1|usv2|usv3|usv4,xy:held_margin,18.81922444690493,46.317089960942475,2.0,3.0,4.0,0.5456031839571157,,,1.2286356857835536,,,
29.41,4.0,usv1|usv2|usv3|usv4,xy:held_margin,18.819525737379905,46.31774663310201,2.0,3.0,4.0,0.5458173893422574,,,1.2288822186456514,,,
29.42,4.0,usv1|usv2|usv3|usv4,xy:held_margin,18.819827102153887,46.31842737935071,2.0,3.0,4.0,0.5460344787602524,,,1.2291295047857351,,,
29.43,4.0,usv1|usv2|usv3|usv4,xy:held_margin,18.82012827873238,46.31904955503065,2.0,3.0,4.0,0.5462463336875855,,,1.2293775450224342,,,
29.44,4.0,usv1|usv2|usv3|usv4,xy:held_margin,18.82042955771373,46.31970408570011,2.0,3.0,4.0,0.54645237983009,,,1.2296263412007367,,,
29.45,4.0,usv1|usv2|usv3|usv4,xy:held_margin,18.820457107456505,46.31975333978543,2.0,3.0,4.0,0.5477788680594879,,,1.2293223532379927,,,
29.46,4.0,usv1|usv2|usv3|usv4,xy:held_margin,18.82075709601668,46.320459212156955,2.0,3.0,4.0,0.5480027056690936,,,1.229569188345294,,,
29.47,4.0,usv1|usv2|usv3|usv4,xy:held_margin,18.821056966810556,46.321128389445185,2.0,3.0,4.0,0.5482129982750488,,,1.2298167737999735,,,
29.48,4.0,usv1|usv2|usv3|usv4,xy:held_margin,18.821356895813825,46.3218168382375,2.0,3.0,4.0,0.5484359413927381,,,1.2300651112693903,,,
29.490000000000002,4.0,usv1|usv2|usv3|usv4,xy:held_margin,18.8216568058502,46.32249856743259,2.0,3.0,4.0,0.5486583969518237,,,1.2303142019456008,,,
29.5,4.0,usv1|usv2|usv3|usv4,xy:held_margin,18.822196689101233,46.32326979853028,2.0,3.0,4.0,0.523301216319422,,,1.230003713924572,,,
29.51,4.0,usv1|usv2|usv3|usv4,xy:held_margin,18.822497969621047,46.32394965275574,2.0,3.0,4.0,0.5234354116113825,,,1.2302508123081395,,,
29.52,4.0,usv1|usv2|usv3|usv4,xy:held_margin,18.822799233618472,46.32462632893229,2.0,3.0,4.0,0.5235784173751632,,,1.2304986586298137,,,
29.53,4.0,usv1|usv2|usv3|usv4,xy:held_margin,18.82310061194279,46.325341310242706,2.0,3.0,4.0,0.5237309360240433,,,1.23074725444696,,,
29.54,4.0,usv1|usv2|usv3|usv4,xy:held_margin,18.823401653448744,46.32594537314014,2.0,3.0,4.0,0.5238578244628814,,,1.2309966003030175,,,
29.55,4.0,usv1|usv2|usv3|usv4,xy:held_margin,18.82321935755228,46.32542167150987,2.0,3.0,4.0,0.5274969593892871,,,1.2306908345791014,,,
29.560000000000002,4.0,usv1|usv2|usv3|usv4,xy:held_margin,18.823517904588105,46.32603614145452,2.0,3.0,4.0,0.5276416147920332,,,1.2309382036786936,,,
29.57,4.0,usv1|usv2|usv3|usv4,xy:held_margin,18.823816786087026,46.32676164149698,2.0,3.0,4.0,0.5278032365386222,,,1.2311863187747263,,,
29.580000000000002,4.0,usv1|usv2|usv3|usv4,xy:held_margin,18.824115602121424,46.327464426892064,2.0,3.0,4.0,0.5279635890730284,,,1.2314351804822081,,,
29.59,4.0,usv1|usv2|usv3|usv4,xy:held_margin,18.824414277153352,46.32811845639741,2.0,3.0,4.0,0.5281043373866507,,,1.2316847899869543,,,
29.6,4.0,usv1|usv2|usv3|usv4,xy:held_margin,18.82484995515449,46.32920895867442,2.0,3.0,4.0,0.5295781222679719,,,1.2313786356731529,,,
29.61,4.0,usv1|usv2|usv3|usv4,xy:held_margin,18.825149334296743,46.3298644208876,2.0,3.0,4.0,0.529732265311887,,,1.231626263370635,,,
29.62,4.0,usv1|usv2|usv3|usv4,xy:held_margin,18.825448842786972,46.33056125129153,2.0,3.0,4.0,0.5298980516412823,,,1.231874634134558,,,
29.63,4.0,usv1|usv2|usv3|usv4,xy:held_margin,18.825748132061864,46.33117947370455,2.0,3.0,4.0,0.5300326335487935,,,1.2321237486788705,,,
29.64,4.0,usv1|usv2|usv3|usv4,xy:held_margin,18.826047913833893,46.33196531228705,2.0,3.0,4.0,0.5302277155125753,,,1.232373609539796,,,
29.650000000000002,4.0,usv1|usv2|usv3|usv4,xy:held_margin,18.82604636064806,46.33164483013025,2.0,3.0,4.0,0.5205128993093664,,,1.2320629219579469,,,
29.66,4.0,usv1|usv2|usv3|usv4,xy:held_margin,18.82634420728186,46.332278229244345,2.0,3.0,4.0,0.5206298720976292,,,1.2323107779957927,,,
29.67,4.0,usv1|usv2|usv3|usv4,xy:held_margin,18.826642098314164,46.33292686755426,2.0,3.0,4.0,0.5207431007331584,,,1.2325593744518912,,,
29.68,4.0,usv1|usv2|usv3|usv4,xy:held_margin,18.826939971074253,46.33356935957838,2.0,3.0,4.0,0.5208640866139181,,,1.2328087125060891,,,
29.69,4.0,usv1|usv2|usv3|usv4,xy:held_margin,18.827237937423863,46.33424476870398,2.0,3.0,4.0,0.5209958446644749,,,1.2330587936814241,,,
29.7,4.0,usv1|usv2|usv3|usv4,xy:held_margin,18.82805880890895,46.335941991430936,2.0,3.0,4.0,0.5051206901703399,,,1.2327470957488726,,,
29.71,4.0,usv1|usv2|usv3|usv4,xy:held_margin,18.82835944263749,46.33660424081244,2.0,3.0,4.0,0.5051890062505138,,,1.232995165919838,,,
29.72,4.0,usv1|usv2|usv3|usv4,xy:held_margin,18.828660032698895,46.33724974297007,2.0,3.0,4.0,0.5052609887869005,,,1.2332439738285357,,,
29.73,4.0,usv1|usv2|usv3|usv4,xy:held_margin,18.828960712496954,46.3379247776414,2.0,3.0,4.0,0.5053433126299501,,,1.2334935210011584,,,
29.740000000000002,4.0,usv1|usv2|usv3|usv4,xy:held_margin,18.82926126383455,46.338553780463315,2.0,3.0,4.0,0.5054106098489759,,,1.2337438083465255,,,
29.75,4.0,usv1|usv2|usv3|usv4,xy:held_margin,18.82927908281968,46.338435921549966,2.0,3.0,4.0,0.5010270579777093,,,1.2334325358465061,,,
29.76,4.0,usv1|usv2|usv3|usv4,xy:held_margin,18.829578466886232,46.33914250978112,2.0,3.0,4.0,0.5011077861504821,,,1.233680810705732,,,
29.77,4.0,usv1|usv2|usv3|usv4,xy:held_margin,18.82987770179943,46.33979748964679,2.0,3.0,4.0,0.5011697940979539,,,1.2339298206295901,,,
29.78,4.0,usv1|usv2|usv3|usv4,xy:held_margin,18.83017702070184,46.340482721332094,2.0,3.0,4.0,0.5012438899470348,,,1.2341795672965183,,,
29.79,4.0,usv1|usv2|usv3|usv4,xy:held_margin,18.830476094460945,46.34107933708636,2.0,3.0,4.0,0.5012749482223486,,,1.234430051380677,,,
29.8,4.0,usv1|usv2|usv3|usv4,xy:held_margin,18.83086234768887,46.34163323138321,2.0,3.0,4.0,0.4912719457125292,,,1.2341158762870776,,,
29.810000000000002,4.0,usv1|usv2|usv3|usv4,xy:held_margin,18.82967231017202,46.338487947044854,2.0,3.0,4.0,0.49127458393310797,,,1.2307535635620572,,,
29.82,4.0,usv1|usv2|usv3|usv4,xy:held_margin,18.82996922787502,46.33908285195412,2.0,3.0,4.0,0.49128000829428975,,,1.2309967139479674,,,
29.830000000000002,4.0,usv1|usv2|usv3|usv4,xy:held_margin,18.83026624097494,46.33979570156362,2.0,3.0,4.0,0.4913012966726232,,,1.231240645052411,,,
29.84,4.0,usv1|usv2|usv3|usv4,xy:held_margin,18.830563155701558,46.3403898385731,2.0,3.0,4.0,0.4913066952414221,,,1.2314853581270864,,,
29.85,4.0,usv1|usv2|usv3|usv4,xy:held_margin,18.830993886039757,46.34132642588009,2.0,3.0,4.0,0.4880843462849245,,,1.2311887286475898,,,
29.86,4.0,usv1|usv2|usv3|usv4,xy:held_margin,18.831291644855355,46.341967469854225,2.0,3.0,4.0,0.4880891123991109,,,1.2314315716424014,,,
29.87,4.0,usv1|usv2|usv3|usv4,xy:held_margin,18.831589441800382,46.34264433403604,2.0,3.0,4.0,0.4880901923189251,,,1.2316751914658264,,,
29.88,4.0,usv1|usv2|usv3|usv4,xy:held_margin,18.83188724980469,46.34332346085321,2.0,3.0,4.0,0.4881024134078799,,,1.231919589564818,,,
29.89,4.0,usv1|usv2|usv3|usv4,xy:held_margin,18.83218505219634,46.343989250893856,2.0,3.0,4.0,0.4881120844590521,,,1.2321647673872633,,,
29.900000000000002,4.0,usv1|usv2|usv3|usv4,xy:held_margin,18.832619121660958,46.345229561731294,2.0,3.0,4.0,0.5004562210370622,,,1.2318724698646206,,,
29.91,4.0,usv1|usv2|usv3|usv4,xy:held_margin,18.83291766770939,46.34591010458176,2.0,3.0,4.0,0.5004964695396601,,,1.2321157890282768,,,
29.92,4.0,usv1|usv2|usv3|usv4,xy:held_margin,18.833216212849905,46.34658497532344,2.0,3.0,4.0,0.500545779256042,,,1.2323598825593014,,,
29.93,4.0,usv1|usv2|usv3|usv4,xy:held_margin,18.833514731648766,46.34723802355669,2.0,3.0,4.0,0.5005900973641758,,,1.232604751937048,,,
29.94,4.0,usv1|usv2|usv3|usv4,xy:held_margin,18.833813312754174,46.34794038078789,2.0,3.0,4.0,0.5006471792890218,,,1.232850398754048,,,
29.95,4.0,usv1|usv2|usv3|usv4,xy:held_margin,18.83385208125639,46.347424387869324,2.0,3.0,4.0,0.47615640558973693,,,1.2325435445531252,,,
29.96,4.0,usv1|usv2|usv3|usv4,xy:held_margin,18.834149234339712,46.348068270800916,2.0,3.0,4.0,0.4761241881738695,,,1.2327872654680903,,,
29.97,4.0,usv1|usv2|usv3|usv4,xy:held_margin,18.834446345260854,46.34868347690874,2.0,3.0,4.0,0.4760851583547102,,,1.2330317583522843,,,
29.98,4.0,usv1|usv2|usv3|usv4,xy:held_margin,18.83474345761121,46.3492978968288,2.0,3.0,4.0,0.47604757142900006,,,1.2332770246269231,,,
29.990000000000002,4.0,usv1|usv2|usv3|usv4,xy:held_margin,18.83504058488306,46.34991779386738,2.0,3.0,4.0,0.47600217671558,,,1.2335230657574279,,,
30.0,4.0,usv1|usv2|usv3|usv4,xy:held_margin,18.835210172495124,46.35032068039141,2.0,3.0,4.0,0.47572443962514416,,,1.2332238652151384,,,
